instance_id,verifier,scenario,y_timeout,p_size,p_profile_only,p_augmented,domain,benchmark,constructor,arch_type
000001,abcrown,B_established,0,0.3091885661325608,0.3803868806288676,0.06540254170539082,established,vnncomp_mnist_fc,MNIST_fc,MLP
000001,abcrown,C_combined,0,0.9752089971321698,0.4265061414929049,0.9183896821519602,established,vnncomp_mnist_fc,MNIST_fc,MLP
000001,marabou,B_established,0,0.5577594004642605,0.3992882572065152,0.5079777758691264,established,vnncomp_mnist_fc,MNIST_fc,MLP
000001,marabou,C_combined,0,0.9044694401313389,0.185093675847158,0.172224973610216,established,vnncomp_mnist_fc,MNIST_fc,MLP
000001,neuralsat,B_established,0,0.43905269903688693,0.4232588848884533,0.398778877091868,established,vnncomp_mnist_fc,MNIST_fc,MLP
000001,neuralsat,C_combined,0,0.556476704563704,0.4042905777940108,0.17051405427959254,established,vnncomp_mnist_fc,MNIST_fc,MLP
000001,nnenum,B_established,0,0.46992709607540695,0.19044131950082727,2.0656076450283434e-08,established,vnncomp_mnist_fc,MNIST_fc,MLP
000001,nnenum,C_combined,0,0.8891463413775929,0.3734755327728738,0.31363637602641414,established,vnncomp_mnist_fc,MNIST_fc,MLP
000001,pyrat,B_established,0,0.4757821551611149,0.12882580430101073,0.00013852808828581538,established,vnncomp_mnist_fc,MNIST_fc,MLP
000001,pyrat,C_combined,0,0.9330085544297347,0.5753014096236253,0.766826600566563,established,vnncomp_mnist_fc,MNIST_fc,MLP
000002,marabou,B_established,1,0.5577594004642605,0.5120807336555975,0.6110856840689262,established,vnncomp_mnist_fc,MNIST_fc,MLP
000002,marabou,C_combined,1,0.9044694401313389,0.1952021974369253,0.10853215510963143,established,vnncomp_mnist_fc,MNIST_fc,MLP
000002,neuralsat,B_established,1,0.43905269903688693,0.31448383581930683,0.28271834572843924,established,vnncomp_mnist_fc,MNIST_fc,MLP
000002,neuralsat,C_combined,1,0.556476704563704,0.07269322750952686,0.04199974499529193,established,vnncomp_mnist_fc,MNIST_fc,MLP
000002,nnenum,B_established,1,0.46992709607540695,0.9999671908923531,0.9999999999979741,established,vnncomp_mnist_fc,MNIST_fc,MLP
000002,nnenum,C_combined,1,0.8891463413775929,0.03960712420757353,0.20877699689398194,established,vnncomp_mnist_fc,MNIST_fc,MLP
000003,marabou,B_established,0,0.5577594004642605,0.40389706318731156,0.5111233427029407,established,vnncomp_mnist_fc,MNIST_fc,MLP
000003,marabou,C_combined,0,0.9044694401313389,0.18473378747141078,0.17376506260430463,established,vnncomp_mnist_fc,MNIST_fc,MLP
000003,neuralsat,B_established,1,0.43905269903688693,0.43068456778431363,0.4049384556553647,established,vnncomp_mnist_fc,MNIST_fc,MLP
000003,neuralsat,C_combined,1,0.556476704563704,0.4083009856951468,0.1818499305617406,established,vnncomp_mnist_fc,MNIST_fc,MLP
000003,nnenum,B_established,0,0.46992709607540695,0.21276803515068257,7.737489718194604e-08,established,vnncomp_mnist_fc,MNIST_fc,MLP
000003,nnenum,C_combined,0,0.8891463413775929,0.3718665512407362,0.32085414000636503,established,vnncomp_mnist_fc,MNIST_fc,MLP
000004,abcrown,B_established,0,0.3091885661325608,0.3329644625036456,0.055912636892059296,established,vnncomp_mnist_fc,MNIST_fc,MLP
000004,abcrown,C_combined,0,0.9752089971321698,0.37787065134542897,0.8912072920348331,established,vnncomp_mnist_fc,MNIST_fc,MLP
000004,marabou,B_established,0,0.5577594004642605,0.3621182651826883,0.48015665126193063,established,vnncomp_mnist_fc,MNIST_fc,MLP
000004,marabou,C_combined,0,0.9044694401313389,0.14461948420524623,0.11661422407952446,established,vnncomp_mnist_fc,MNIST_fc,MLP
000004,neuralsat,B_established,0,0.43905269903688693,0.37877361694791967,0.3643123479320276,established,vnncomp_mnist_fc,MNIST_fc,MLP
000004,neuralsat,C_combined,0,0.556476704563704,0.34190058236319565,0.09608407297003997,established,vnncomp_mnist_fc,MNIST_fc,MLP
000004,nnenum,B_established,0,0.46992709607540695,0.05107033034961027,8.666970678198287e-14,established,vnncomp_mnist_fc,MNIST_fc,MLP
000004,nnenum,C_combined,0,0.8891463413775929,0.24321872903874167,0.15444605579507284,established,vnncomp_mnist_fc,MNIST_fc,MLP
000004,pyrat,B_established,0,0.4757821551611149,0.04799369950386314,5.68065651521832e-06,established,vnncomp_mnist_fc,MNIST_fc,MLP
000004,pyrat,C_combined,0,0.9330085544297347,0.5908732229428596,0.731143116425409,established,vnncomp_mnist_fc,MNIST_fc,MLP
000005,abcrown,B_established,0,0.3091885661325608,0.3896589205084119,0.06709902400885513,established,vnncomp_mnist_fc,MNIST_fc,MLP
000005,abcrown,C_combined,0,0.9752089971321698,0.40462414119142587,0.9087892923229912,established,vnncomp_mnist_fc,MNIST_fc,MLP
000005,marabou,B_established,0,0.5577594004642605,0.4086247556860762,0.5151684065291315,established,vnncomp_mnist_fc,MNIST_fc,MLP
000005,marabou,C_combined,0,0.9044694401313389,0.17796381273196507,0.169066762018101,established,vnncomp_mnist_fc,MNIST_fc,MLP
000005,neuralsat,B_established,0,0.43905269903688693,0.4325025736035597,0.4058520483614981,established,vnncomp_mnist_fc,MNIST_fc,MLP
000005,neuralsat,C_combined,0,0.556476704563704,0.4023779330765597,0.17993205903401369,established,vnncomp_mnist_fc,MNIST_fc,MLP
000005,nnenum,B_established,0,0.46992709607540695,0.20157669171473452,4.762535279915751e-08,established,vnncomp_mnist_fc,MNIST_fc,MLP
000005,nnenum,C_combined,0,0.8891463413775929,0.336017588607572,0.3080920858762758,established,vnncomp_mnist_fc,MNIST_fc,MLP
000005,pyrat,B_established,0,0.4757821551611149,0.12035316438921825,0.00018963127951243468,established,vnncomp_mnist_fc,MNIST_fc,MLP
000005,pyrat,C_combined,0,0.9330085544297347,0.5436673500056669,0.7604298286673222,established,vnncomp_mnist_fc,MNIST_fc,MLP
000006,abcrown,B_established,0,0.3091885661325608,0.37251847507574076,0.06427170772032312,established,vnncomp_mnist_fc,MNIST_fc,MLP
000006,abcrown,C_combined,0,0.9752089971321698,0.3954033124878314,0.904177107521026,established,vnncomp_mnist_fc,MNIST_fc,MLP
000006,marabou,B_established,0,0.5577594004642605,0.39343123149167525,0.5051518112639141,established,vnncomp_mnist_fc,MNIST_fc,MLP
000006,marabou,C_combined,0,0.9044694401313389,0.16697481898805427,0.14981992602657673,established,vnncomp_mnist_fc,MNIST_fc,MLP
000006,neuralsat,B_established,0,0.43905269903688693,0.4038944095785239,0.38229725306516066,established,vnncomp_mnist_fc,MNIST_fc,MLP
000006,neuralsat,C_combined,0,0.556476704563704,0.38006188750954184,0.1502182498365611,established,vnncomp_mnist_fc,MNIST_fc,MLP
000006,nnenum,B_established,0,0.46992709607540695,0.25724438239353886,1.2782669698358448e-08,established,vnncomp_mnist_fc,MNIST_fc,MLP
000006,nnenum,C_combined,0,0.8891463413775929,0.33268553749131924,0.26823495529967195,established,vnncomp_mnist_fc,MNIST_fc,MLP
000006,pyrat,B_established,0,0.4757821551611149,0.1452916297953705,9.656617099780435e-05,established,vnncomp_mnist_fc,MNIST_fc,MLP
000006,pyrat,C_combined,0,0.9330085544297347,0.5532905047306396,0.7533067119124646,established,vnncomp_mnist_fc,MNIST_fc,MLP
000007,abcrown,B_established,0,0.3091885661325608,0.4407881326841513,0.07871111460538456,established,vnncomp_mnist_fc,MNIST_fc,MLP
000007,abcrown,C_combined,0,0.9752089971321698,0.3998828073757472,0.9166212219508427,established,vnncomp_mnist_fc,MNIST_fc,MLP
000007,marabou,B_established,1,0.5577594004642605,0.4354595617563077,0.5369942661258456,established,vnncomp_mnist_fc,MNIST_fc,MLP
000007,marabou,C_combined,1,0.9044694401313389,0.17603875999186028,0.1429794031508526,established,vnncomp_mnist_fc,MNIST_fc,MLP
000007,neuralsat,B_established,1,0.43905269903688693,0.4331645233866402,0.4018503163916298,established,vnncomp_mnist_fc,MNIST_fc,MLP
000007,neuralsat,C_combined,1,0.556476704563704,0.28221513440633583,0.13210068913253784,established,vnncomp_mnist_fc,MNIST_fc,MLP
000007,nnenum,B_established,1,0.46992709607540695,0.6221306445141371,0.0003599351333489056,established,vnncomp_mnist_fc,MNIST_fc,MLP
000007,nnenum,C_combined,1,0.8891463413775929,0.14895989265690526,0.24755341410132364,established,vnncomp_mnist_fc,MNIST_fc,MLP
000007,pyrat,B_established,0,0.4757821551611149,0.21488182461838073,0.0006074571907651712,established,vnncomp_mnist_fc,MNIST_fc,MLP
000007,pyrat,C_combined,0,0.9330085544297347,0.5724338304267446,0.7613661040722154,established,vnncomp_mnist_fc,MNIST_fc,MLP
000008,abcrown,B_established,0,0.3091885661325608,0.31462712763755285,0.05153919436425512,established,vnncomp_mnist_fc,MNIST_fc,MLP
000008,abcrown,C_combined,0,0.9752089971321698,0.3599899294452178,0.8757388835123923,established,vnncomp_mnist_fc,MNIST_fc,MLP
000008,marabou,B_established,0,0.5577594004642605,0.3503157064061283,0.4722801441537687,established,vnncomp_mnist_fc,MNIST_fc,MLP
000008,marabou,C_combined,0,0.9044694401313389,0.135209272248588,0.1050924137935059,established,vnncomp_mnist_fc,MNIST_fc,MLP
000008,neuralsat,B_established,0,0.43905269903688693,0.357306776484022,0.34645040461598003,established,vnncomp_mnist_fc,MNIST_fc,MLP
000008,neuralsat,C_combined,0,0.556476704563704,0.3166801531778035,0.07674101092136859,established,vnncomp_mnist_fc,MNIST_fc,MLP
000008,nnenum,B_established,0,0.46992709607540695,0.023193275827155503,1.1235495391154605e-16,established,vnncomp_mnist_fc,MNIST_fc,MLP
000008,nnenum,C_combined,0,0.8891463413775929,0.18526736935936045,0.11615387273939018,established,vnncomp_mnist_fc,MNIST_fc,MLP
000008,pyrat,B_established,0,0.4757821551611149,0.024632021772590832,1.3601283155291826e-06,established,vnncomp_mnist_fc,MNIST_fc,MLP
000008,pyrat,C_combined,0,0.9330085544297347,0.5871601322718866,0.7173267903608871,established,vnncomp_mnist_fc,MNIST_fc,MLP
000009,abcrown,B_established,0,0.3091885661325608,0.39575251342843454,0.06871164721431525,established,vnncomp_mnist_fc,MNIST_fc,MLP
000009,abcrown,C_combined,0,0.9752089971321698,0.4272423633166835,0.9198881884564172,established,vnncomp_mnist_fc,MNIST_fc,MLP
000009,marabou,B_established,0,0.5577594004642605,0.40857251124324384,0.5177937024120002,established,vnncomp_mnist_fc,MNIST_fc,MLP
000009,marabou,C_combined,0,0.9044694401313389,0.19607527556020346,0.18906118327319227,established,vnncomp_mnist_fc,MNIST_fc,MLP
000009,neuralsat,B_established,0,0.43905269903688693,0.40911243269090913,0.38454593138307724,established,vnncomp_mnist_fc,MNIST_fc,MLP
000009,neuralsat,C_combined,0,0.556476704563704,0.4070173083326859,0.19758158150847233,established,vnncomp_mnist_fc,MNIST_fc,MLP
000009,nnenum,B_established,0,0.46992709607540695,0.5465796498124106,1.5574190304908202e-05,established,vnncomp_mnist_fc,MNIST_fc,MLP
000009,nnenum,C_combined,0,0.8891463413775929,0.43866136696557734,0.3856081470021092,established,vnncomp_mnist_fc,MNIST_fc,MLP
000009,pyrat,B_established,0,0.4757821551611149,0.2822371949810642,0.0006512010461168984,established,vnncomp_mnist_fc,MNIST_fc,MLP
000009,pyrat,C_combined,0,0.9330085544297347,0.549512846348153,0.7778671518814319,established,vnncomp_mnist_fc,MNIST_fc,MLP
000010,abcrown,B_established,0,0.3091885661325608,0.3641017346137073,0.06295963833161648,established,vnncomp_mnist_fc,MNIST_fc,MLP
000010,abcrown,C_combined,0,0.9752089971321698,0.374980284879877,0.8953889692923168,established,vnncomp_mnist_fc,MNIST_fc,MLP
000010,marabou,B_established,0,0.5577594004642605,0.38460696648987375,0.4962076999593573,established,vnncomp_mnist_fc,MNIST_fc,MLP
000010,marabou,C_combined,0,0.9044694401313389,0.1523254553404641,0.1302153673248932,established,vnncomp_mnist_fc,MNIST_fc,MLP
000010,neuralsat,B_established,0,0.43905269903688693,0.41173872293098335,0.3911763857902837,established,vnncomp_mnist_fc,MNIST_fc,MLP
000010,neuralsat,C_combined,0,0.556476704563704,0.37044824910704144,0.1363971698695965,established,vnncomp_mnist_fc,MNIST_fc,MLP
000010,nnenum,B_established,0,0.46992709607540695,0.14569263803902624,6.992727364925096e-10,established,vnncomp_mnist_fc,MNIST_fc,MLP
000010,nnenum,C_combined,0,0.8891463413775929,0.2874615386753262,0.2084857145697765,established,vnncomp_mnist_fc,MNIST_fc,MLP
000010,pyrat,B_established,0,0.4757821551611149,0.10814924442570824,4.477643817974422e-05,established,vnncomp_mnist_fc,MNIST_fc,MLP
000010,pyrat,C_combined,0,0.9330085544297347,0.5616967129615619,0.7423405801407689,established,vnncomp_mnist_fc,MNIST_fc,MLP
000011,abcrown,B_established,0,0.3091885661325608,0.35050147683768856,0.05939109675191732,established,vnncomp_mnist_fc,MNIST_fc,MLP
000011,abcrown,C_combined,0,0.9752089971321698,0.4130285859882689,0.9095979857277398,established,vnncomp_mnist_fc,MNIST_fc,MLP
000011,marabou,B_established,0,0.5577594004642605,0.37688300524057583,0.4912785677856311,established,vnncomp_mnist_fc,MNIST_fc,MLP
000011,marabou,C_combined,0,0.9044694401313389,0.16483546168739055,0.14176079821625417,established,vnncomp_mnist_fc,MNIST_fc,MLP
000011,neuralsat,B_established,0,0.43905269903688693,0.39697634148098954,0.37829414887800594,established,vnncomp_mnist_fc,MNIST_fc,MLP
000011,neuralsat,C_combined,0,0.556476704563704,0.3721082232520679,0.12113634680382165,established,vnncomp_mnist_fc,MNIST_fc,MLP
000011,nnenum,B_established,0,0.46992709607540695,0.08044658154313496,9.8878509145667e-12,established,vnncomp_mnist_fc,MNIST_fc,MLP
000011,nnenum,C_combined,0,0.8891463413775929,0.31347817705300496,0.22109552759535397,established,vnncomp_mnist_fc,MNIST_fc,MLP
000011,pyrat,B_established,0,0.4757821551611149,0.06887950819766042,2.041976887495129e-05,established,vnncomp_mnist_fc,MNIST_fc,MLP
000011,pyrat,C_combined,0,0.9330085544297347,0.5966657701365455,0.7493454328901644,established,vnncomp_mnist_fc,MNIST_fc,MLP
000012,abcrown,B_established,0,0.3091885661325608,0.34228318774572514,0.057923646815520036,established,vnncomp_mnist_fc,MNIST_fc,MLP
000012,abcrown,C_combined,0,0.9752089971321698,0.3743237201607487,0.8899651197941717,established,vnncomp_mnist_fc,MNIST_fc,MLP
000012,marabou,B_established,0,0.5577594004642605,0.37063126492227816,0.48660266143380604,established,vnncomp_mnist_fc,MNIST_fc,MLP
000012,marabou,C_combined,0,0.9044694401313389,0.1462561201140131,0.12042515786325017,established,vnncomp_mnist_fc,MNIST_fc,MLP
000012,neuralsat,B_established,0,0.43905269903688693,0.3893083779876731,0.3725923053102777,established,vnncomp_mnist_fc,MNIST_fc,MLP
000012,neuralsat,C_combined,0,0.556476704563704,0.34959885791487144,0.10552698498285096,established,vnncomp_mnist_fc,MNIST_fc,MLP
000012,nnenum,B_established,0,0.46992709607540695,0.06375095759781003,7.407389981204989e-13,established,vnncomp_mnist_fc,MNIST_fc,MLP
000012,nnenum,C_combined,0,0.8891463413775929,0.2455117544788655,0.16722524340486136,established,vnncomp_mnist_fc,MNIST_fc,MLP
000012,pyrat,B_established,0,0.4757821551611149,0.053698677333478585,9.652453965337623e-06,established,vnncomp_mnist_fc,MNIST_fc,MLP
000012,pyrat,C_combined,0,0.9330085544297347,0.5757709474222555,0.7326327915152261,established,vnncomp_mnist_fc,MNIST_fc,MLP
000013,abcrown,B_established,1,0.3091885661325608,0.5430803778607112,0.7890962383604934,established,vnncomp_mnist_fc,MNIST_fc,MLP
000013,abcrown,C_combined,1,0.9752089971321698,0.3031051880289339,0.8779514179110628,established,vnncomp_mnist_fc,MNIST_fc,MLP
000013,marabou,B_established,0,0.5577594004642605,0.4754532354320779,0.5850482534883026,established,vnncomp_mnist_fc,MNIST_fc,MLP
000013,marabou,C_combined,1,0.9044694401313389,0.1529678774286382,0.08951647797192544,established,vnncomp_mnist_fc,MNIST_fc,MLP
000013,neuralsat,B_established,0,0.43905269903688693,0.292956573421271,0.2705075295121564,established,vnncomp_mnist_fc,MNIST_fc,MLP
000013,neuralsat,C_combined,0,0.556476704563704,0.09108222423507216,0.05155310880339241,established,vnncomp_mnist_fc,MNIST_fc,MLP
000013,nnenum,B_established,0,0.46992709607540695,0.9999812167927622,0.9999999999957391,established,vnncomp_mnist_fc,MNIST_fc,MLP
000013,nnenum,C_combined,0,0.8891463413775929,0.06532339250213684,0.1793286539297044,established,vnncomp_mnist_fc,MNIST_fc,MLP
000013,pyrat,B_established,0,0.4757821551611149,0.9684888591713339,0.6961645707221373,established,vnncomp_mnist_fc,MNIST_fc,MLP
000013,pyrat,C_combined,0,0.9330085544297347,0.5363307662828991,0.7376064188903113,established,vnncomp_mnist_fc,MNIST_fc,MLP
000014,abcrown,B_established,0,0.3091885661325608,0.37609552588396206,0.06557923269514668,established,vnncomp_mnist_fc,MNIST_fc,MLP
000014,abcrown,C_combined,0,0.9752089971321698,0.3481904266787643,0.8810860529204207,established,vnncomp_mnist_fc,MNIST_fc,MLP
000014,marabou,B_established,0,0.5577594004642605,0.3940770171383585,0.5031548084700221,established,vnncomp_mnist_fc,MNIST_fc,MLP
000014,marabou,C_combined,0,0.9044694401313389,0.14512165527990764,0.12491970128555566,established,vnncomp_mnist_fc,MNIST_fc,MLP
000014,neuralsat,B_established,0,0.43905269903688693,0.42384429629353215,0.4010471222728992,established,vnncomp_mnist_fc,MNIST_fc,MLP
000014,neuralsat,C_combined,0,0.556476704563704,0.36848113552854905,0.14881715307088034,established,vnncomp_mnist_fc,MNIST_fc,MLP
000014,nnenum,B_established,0,0.46992709607540695,0.1918164321473429,7.43131065135005e-09,established,vnncomp_mnist_fc,MNIST_fc,MLP
000014,nnenum,C_combined,0,0.8891463413775929,0.2539625603869591,0.20208212902222936,established,vnncomp_mnist_fc,MNIST_fc,MLP
000014,pyrat,B_established,0,0.4757821551611149,0.12410719010152589,8.067015739068853e-05,established,vnncomp_mnist_fc,MNIST_fc,MLP
000014,pyrat,C_combined,0,0.9330085544297347,0.5274590240813757,0.7359704363566715,established,vnncomp_mnist_fc,MNIST_fc,MLP
000015,abcrown,B_established,0,0.3091885661325608,0.3541594165938915,0.059333141931708556,established,vnncomp_mnist_fc,MNIST_fc,MLP
000015,abcrown,C_combined,0,0.9752089971321698,0.3651046169506183,0.8890227930821558,established,vnncomp_mnist_fc,MNIST_fc,MLP
000015,marabou,B_established,0,0.5577594004642605,0.3764685868610368,0.4923601367715527,established,vnncomp_mnist_fc,MNIST_fc,MLP
000015,marabou,C_combined,0,0.9044694401313389,0.14276658619714813,0.11117058316267803,established,vnncomp_mnist_fc,MNIST_fc,MLP
000015,neuralsat,B_established,0,0.43905269903688693,0.3819601741129235,0.364834724979317,established,vnncomp_mnist_fc,MNIST_fc,MLP
000015,neuralsat,C_combined,0,0.556476704563704,0.30082566977107794,0.09005901586586414,established,vnncomp_mnist_fc,MNIST_fc,MLP
000015,nnenum,B_established,0,0.46992709607540695,0.11298908190181178,5.898813692917175e-12,established,vnncomp_mnist_fc,MNIST_fc,MLP
000015,nnenum,C_combined,0,0.8891463413775929,0.16831344758475103,0.13974839898494393,established,vnncomp_mnist_fc,MNIST_fc,MLP
000015,pyrat,B_established,0,0.4757821551611149,0.06402042812244865,1.0024550282087274e-05,established,vnncomp_mnist_fc,MNIST_fc,MLP
000015,pyrat,C_combined,0,0.9330085544297347,0.5821603543290172,0.7284965906387145,established,vnncomp_mnist_fc,MNIST_fc,MLP
000016,abcrown,B_established,1,0.3091885661325608,0.4427152367824824,0.10629096197824009,established,vnncomp_mnist_fc,MNIST_fc,MLP
000016,abcrown,C_combined,1,0.9752089971321698,0.45859723438724503,0.9355339296242164,established,vnncomp_mnist_fc,MNIST_fc,MLP
000016,marabou,B_established,0,0.5577594004642605,0.4360778508851113,0.5337533432628114,established,vnncomp_mnist_fc,MNIST_fc,MLP
000016,marabou,C_combined,0,0.9044694401313389,0.24174350346104517,0.2579759271954532,established,vnncomp_mnist_fc,MNIST_fc,MLP
000016,neuralsat,B_established,0,0.43905269903688693,0.47397654725434074,0.4395204351621563,established,vnncomp_mnist_fc,MNIST_fc,MLP
000016,neuralsat,C_combined,0,0.556476704563704,0.4677841001315321,0.31537534733929334,established,vnncomp_mnist_fc,MNIST_fc,MLP
000016,nnenum,B_established,0,0.46992709607540695,0.5019941893197309,0.005713476136472761,established,vnncomp_mnist_fc,MNIST_fc,MLP
000016,nnenum,C_combined,0,0.8891463413775929,0.48953479163976077,0.4900014075350067,established,vnncomp_mnist_fc,MNIST_fc,MLP
000016,pyrat,B_established,1,0.4757821551611149,0.28756053352639255,0.005531990142307617,established,vnncomp_mnist_fc,MNIST_fc,MLP
000016,pyrat,C_combined,1,0.9330085544297347,0.5530433414785442,0.8087001078574165,established,vnncomp_mnist_fc,MNIST_fc,MLP
000017,abcrown,B_established,1,0.3091885661325608,0.5470519434679146,0.7886068692306678,established,vnncomp_mnist_fc,MNIST_fc,MLP
000017,abcrown,C_combined,1,0.9752089971321698,0.40559648311958896,0.9269766135497614,established,vnncomp_mnist_fc,MNIST_fc,MLP
000017,marabou,B_established,0,0.5577594004642605,0.47281349264134287,0.579908799194907,established,vnncomp_mnist_fc,MNIST_fc,MLP
000017,marabou,C_combined,0,0.9044694401313389,0.20546017330696986,0.14426622294624333,established,vnncomp_mnist_fc,MNIST_fc,MLP
000017,neuralsat,B_established,0,0.43905269903688693,0.32410851299985405,0.29831747150970683,established,vnncomp_mnist_fc,MNIST_fc,MLP
000017,neuralsat,C_combined,0,0.556476704563704,0.16537699342099027,0.11302709293069191,established,vnncomp_mnist_fc,MNIST_fc,MLP
000017,nnenum,B_established,0,0.46992709607540695,0.9999496333528631,0.9999999999979708,established,vnncomp_mnist_fc,MNIST_fc,MLP
000017,nnenum,C_combined,0,0.8891463413775929,0.20394298098849725,0.36620599427860534,established,vnncomp_mnist_fc,MNIST_fc,MLP
000017,pyrat,B_established,1,0.4757821551611149,0.9752839975245248,0.7485305870068367,established,vnncomp_mnist_fc,MNIST_fc,MLP
000017,pyrat,C_combined,1,0.9330085544297347,0.5541148446294346,0.8064651658992712,established,vnncomp_mnist_fc,MNIST_fc,MLP
000018,abcrown,B_established,1,0.3091885661325608,0.5783625498472789,0.7922253283470608,established,vnncomp_mnist_fc,MNIST_fc,MLP
000018,abcrown,C_combined,1,0.9752089971321698,0.39372010875971253,0.9214349792263498,established,vnncomp_mnist_fc,MNIST_fc,MLP
000018,marabou,B_established,0,0.5577594004642605,0.491680222173345,0.5951024170484585,established,vnncomp_mnist_fc,MNIST_fc,MLP
000018,marabou,C_combined,0,0.9044694401313389,0.19720301366818843,0.12265801474040212,established,vnncomp_mnist_fc,MNIST_fc,MLP
000018,neuralsat,B_established,0,0.43905269903688693,0.31794856275895234,0.28983391700017685,established,vnncomp_mnist_fc,MNIST_fc,MLP
000018,neuralsat,C_combined,0,0.556476704563704,0.11303159838982546,0.0734239699878845,established,vnncomp_mnist_fc,MNIST_fc,MLP
000018,nnenum,B_established,0,0.46992709607540695,0.9999822056212528,0.9999999999999595,established,vnncomp_mnist_fc,MNIST_fc,MLP
000018,nnenum,C_combined,0,0.8891463413775929,0.10768900565988045,0.29069750076597545,established,vnncomp_mnist_fc,MNIST_fc,MLP
000018,pyrat,B_established,1,0.4757821551611149,0.9783384950095353,0.743389548940826,established,vnncomp_mnist_fc,MNIST_fc,MLP
000018,pyrat,C_combined,1,0.9330085544297347,0.585755306649737,0.7926613949841919,established,vnncomp_mnist_fc,MNIST_fc,MLP
000019,abcrown,B_established,0,0.3091885661325608,0.39264170755280287,0.0682296785006825,established,vnncomp_mnist_fc,MNIST_fc,MLP
000019,abcrown,C_combined,0,0.9752089971321698,0.409791740611786,0.9146546417930471,established,vnncomp_mnist_fc,MNIST_fc,MLP
000019,marabou,B_established,0,0.5577594004642605,0.40554274698582954,0.511397683392013,established,vnncomp_mnist_fc,MNIST_fc,MLP
000019,marabou,C_combined,0,0.9044694401313389,0.1801085552916968,0.16805490772760961,established,vnncomp_mnist_fc,MNIST_fc,MLP
000019,neuralsat,B_established,0,0.43905269903688693,0.4393356881720797,0.4128862867963149,established,vnncomp_mnist_fc,MNIST_fc,MLP
000019,neuralsat,C_combined,0,0.556476704563704,0.41027713984522246,0.19363429368803148,established,vnncomp_mnist_fc,MNIST_fc,MLP
000019,nnenum,B_established,0,0.46992709607540695,0.24903859381968002,4.493422291359606e-07,established,vnncomp_mnist_fc,MNIST_fc,MLP
000019,nnenum,C_combined,0,0.8891463413775929,0.37100074394798416,0.3143978980334726,established,vnncomp_mnist_fc,MNIST_fc,MLP
000019,pyrat,B_established,0,0.4757821551611149,0.16552105121740043,0.0002852371715859917,established,vnncomp_mnist_fc,MNIST_fc,MLP
000019,pyrat,C_combined,0,0.9330085544297347,0.5602978799491496,0.7666580340378788,established,vnncomp_mnist_fc,MNIST_fc,MLP
000020,abcrown,B_established,1,0.3091885661325608,0.44208376530747184,0.18202045534325684,established,vnncomp_mnist_fc,MNIST_fc,MLP
000020,abcrown,C_combined,1,0.9752089971321698,0.5398392744386337,0.9515401473095502,established,vnncomp_mnist_fc,MNIST_fc,MLP
000020,marabou,B_established,1,0.5577594004642605,0.4325624801636961,0.5385372513844644,established,vnncomp_mnist_fc,MNIST_fc,MLP
000020,marabou,C_combined,1,0.9044694401313389,0.321498024521159,0.38904692753244197,established,vnncomp_mnist_fc,MNIST_fc,MLP
000020,neuralsat,B_established,1,0.43905269903688693,0.4101318362678935,0.3807595648471267,established,vnncomp_mnist_fc,MNIST_fc,MLP
000020,neuralsat,C_combined,1,0.556476704563704,0.47328200338698895,0.3042711377306054,established,vnncomp_mnist_fc,MNIST_fc,MLP
000020,nnenum,B_established,1,0.46992709607540695,0.863213442321285,0.21369220046745568,established,vnncomp_mnist_fc,MNIST_fc,MLP
000020,nnenum,C_combined,1,0.8891463413775929,0.7503290642817487,0.6309827520738377,established,vnncomp_mnist_fc,MNIST_fc,MLP
000020,pyrat,B_established,1,0.4757821551611149,0.5922939568871464,0.015745081706312145,established,vnncomp_mnist_fc,MNIST_fc,MLP
000020,pyrat,C_combined,1,0.9330085544297347,0.5832885393276762,0.8460783431324215,established,vnncomp_mnist_fc,MNIST_fc,MLP
000021,abcrown,B_established,1,0.3091885661325608,0.46192906443602666,0.7702885985820321,established,vnncomp_mnist_fc,MNIST_fc,MLP
000021,abcrown,C_combined,1,0.9752089971321698,0.4075574197520327,0.922650335252202,established,vnncomp_mnist_fc,MNIST_fc,MLP
000021,marabou,B_established,1,0.5577594004642605,0.4334430992129118,0.5474279106504849,established,vnncomp_mnist_fc,MNIST_fc,MLP
000021,marabou,C_combined,1,0.9044694401313389,0.19473935365478695,0.15265023746149867,established,vnncomp_mnist_fc,MNIST_fc,MLP
000021,neuralsat,B_established,0,0.43905269903688693,0.3307614937413229,0.30999518596850095,established,vnncomp_mnist_fc,MNIST_fc,MLP
000021,neuralsat,C_combined,0,0.556476704563704,0.24210054052935304,0.13346274228061597,established,vnncomp_mnist_fc,MNIST_fc,MLP
000021,nnenum,B_established,1,0.46992709607540695,0.9984345816010043,0.9999847235572791,established,vnncomp_mnist_fc,MNIST_fc,MLP
000021,nnenum,C_combined,1,0.8891463413775929,0.3067643722031381,0.373831658631566,established,vnncomp_mnist_fc,MNIST_fc,MLP
000021,pyrat,B_established,1,0.4757821551611149,0.927162034320524,0.30051643642605536,established,vnncomp_mnist_fc,MNIST_fc,MLP
000021,pyrat,C_combined,1,0.9330085544297347,0.5443638463216823,0.7906464741132861,established,vnncomp_mnist_fc,MNIST_fc,MLP
000022,abcrown,B_established,1,0.3091885661325608,0.4530210723795497,0.7737346847079027,established,vnncomp_mnist_fc,MNIST_fc,MLP
000022,abcrown,C_combined,1,0.9752089971321698,0.4082918696060512,0.9216289478861441,established,vnncomp_mnist_fc,MNIST_fc,MLP
000022,marabou,B_established,1,0.5577594004642605,0.4263595824356424,0.5406900547334216,established,vnncomp_mnist_fc,MNIST_fc,MLP
000022,marabou,C_combined,1,0.9044694401313389,0.21075032320487908,0.19820126044038963,established,vnncomp_mnist_fc,MNIST_fc,MLP
000022,neuralsat,B_established,0,0.43905269903688693,0.3428229332135015,0.32261691283519084,established,vnncomp_mnist_fc,MNIST_fc,MLP
000022,neuralsat,C_combined,0,0.556476704563704,0.3554478196411662,0.25221060728284156,established,vnncomp_mnist_fc,MNIST_fc,MLP
000022,nnenum,B_established,1,0.46992709607540695,0.9984385001029542,0.9999971581730038,established,vnncomp_mnist_fc,MNIST_fc,MLP
000022,nnenum,C_combined,1,0.8891463413775929,0.6689264947660699,0.5192491298919275,established,vnncomp_mnist_fc,MNIST_fc,MLP
000022,pyrat,B_established,1,0.4757821551611149,0.9430441914222142,0.7078289527929276,established,vnncomp_mnist_fc,MNIST_fc,MLP
000022,pyrat,C_combined,1,0.9330085544297347,0.48971225046212663,0.8099431266571614,established,vnncomp_mnist_fc,MNIST_fc,MLP
000023,abcrown,B_established,0,0.3091885661325608,0.35229123211500857,0.05997930963163186,established,vnncomp_mnist_fc,MNIST_fc,MLP
000023,abcrown,C_combined,0,0.9752089971321698,0.39221999718637107,0.9006530114190217,established,vnncomp_mnist_fc,MNIST_fc,MLP
000023,marabou,B_established,0,0.5577594004642605,0.3782091072503099,0.49210651545888007,established,vnncomp_mnist_fc,MNIST_fc,MLP
000023,marabou,C_combined,0,0.9044694401313389,0.156330630983311,0.13309143020961542,established,vnncomp_mnist_fc,MNIST_fc,MLP
000023,neuralsat,B_established,0,0.43905269903688693,0.39978960812230224,0.3808642638271688,established,vnncomp_mnist_fc,MNIST_fc,MLP
000023,neuralsat,C_combined,0,0.556476704563704,0.36609677770555227,0.12061538837506122,established,vnncomp_mnist_fc,MNIST_fc,MLP
000023,nnenum,B_established,0,0.46992709607540695,0.0854449885562077,1.3326190842717864e-11,established,vnncomp_mnist_fc,MNIST_fc,MLP
000023,nnenum,C_combined,0,0.8891463413775929,0.28538289016591367,0.20265750223252826,established,vnncomp_mnist_fc,MNIST_fc,MLP
000023,pyrat,B_established,0,0.4757821551611149,0.0694535235262849,2.0310763158026337e-05,established,vnncomp_mnist_fc,MNIST_fc,MLP
000023,pyrat,C_combined,0,0.9330085544297347,0.5799770521752895,0.7426856577650204,established,vnncomp_mnist_fc,MNIST_fc,MLP
000024,abcrown,B_established,1,0.3091885661325608,0.40962250566409286,0.7115263072869166,established,vnncomp_mnist_fc,MNIST_fc,MLP
000024,abcrown,C_combined,1,0.9752089971321698,0.38257855328848933,0.9073377883999478,established,vnncomp_mnist_fc,MNIST_fc,MLP
000024,marabou,B_established,0,0.5577594004642605,0.3998071100438674,0.522003076740544,established,vnncomp_mnist_fc,MNIST_fc,MLP
000024,marabou,C_combined,0,0.9044694401313389,0.1857638973114633,0.16960803804454366,established,vnncomp_mnist_fc,MNIST_fc,MLP
000024,neuralsat,B_established,0,0.43905269903688693,0.3119490000538079,0.2990149653328146,established,vnncomp_mnist_fc,MNIST_fc,MLP
000024,neuralsat,C_combined,0,0.556476704563704,0.35954190794397267,0.217517022052719,established,vnncomp_mnist_fc,MNIST_fc,MLP
000024,nnenum,B_established,0,0.46992709607540695,0.9983619484258307,0.9998674545157498,established,vnncomp_mnist_fc,MNIST_fc,MLP
000024,nnenum,C_combined,0,0.8891463413775929,0.709701561681603,0.47511966916705123,established,vnncomp_mnist_fc,MNIST_fc,MLP
000024,pyrat,B_established,1,0.4757821551611149,0.9486990309853466,0.5315649675988784,established,vnncomp_mnist_fc,MNIST_fc,MLP
000024,pyrat,C_combined,1,0.9330085544297347,0.48220719413317187,0.791393597329193,established,vnncomp_mnist_fc,MNIST_fc,MLP
000025,abcrown,B_established,0,0.3091885661325608,0.3857850432050353,0.06694757678363182,established,vnncomp_mnist_fc,MNIST_fc,MLP
000025,abcrown,C_combined,0,0.9752089971321698,0.39751330792444606,0.9079653262291426,established,vnncomp_mnist_fc,MNIST_fc,MLP
000025,marabou,B_established,0,0.5577594004642605,0.401775862661753,0.5090358505056556,established,vnncomp_mnist_fc,MNIST_fc,MLP
000025,marabou,C_combined,1,0.9044694401313389,0.17109853189862215,0.15695621006539584,established,vnncomp_mnist_fc,MNIST_fc,MLP
000025,neuralsat,B_established,1,0.43905269903688693,0.43186741121333994,0.4066761942171927,established,vnncomp_mnist_fc,MNIST_fc,MLP
000025,neuralsat,C_combined,1,0.556476704563704,0.39882632596044554,0.17672786243700517,established,vnncomp_mnist_fc,MNIST_fc,MLP
000025,nnenum,B_established,1,0.46992709607540695,0.22011647856369643,7.987850508330568e-08,established,vnncomp_mnist_fc,MNIST_fc,MLP
000025,nnenum,C_combined,1,0.8891463413775929,0.34203212568648944,0.2845310818256441,established,vnncomp_mnist_fc,MNIST_fc,MLP
000025,pyrat,B_established,0,0.4757821551611149,0.14457411727123287,0.000178382388162395,established,vnncomp_mnist_fc,MNIST_fc,MLP
000025,pyrat,C_combined,0,0.9330085544297347,0.5539375012847099,0.7586008871782297,established,vnncomp_mnist_fc,MNIST_fc,MLP
000026,abcrown,B_established,0,0.3091885661325608,0.39154472680897145,0.06734999098547242,established,vnncomp_mnist_fc,MNIST_fc,MLP
000026,abcrown,C_combined,0,0.9752089971321698,0.4452510791455399,0.926577318549028,established,vnncomp_mnist_fc,MNIST_fc,MLP
000026,marabou,B_established,1,0.5577594004642605,0.4062927763036643,0.5124564460110868,established,vnncomp_mnist_fc,MNIST_fc,MLP
000026,marabou,C_combined,1,0.9044694401313389,0.20144082836509888,0.19312394904978708,established,vnncomp_mnist_fc,MNIST_fc,MLP
000026,neuralsat,B_established,1,0.43905269903688693,0.4368716598954931,0.4100299167895076,established,vnncomp_mnist_fc,MNIST_fc,MLP
000026,neuralsat,C_combined,1,0.556476704563704,0.42294373815269015,0.196233347718562,established,vnncomp_mnist_fc,MNIST_fc,MLP
000026,nnenum,B_established,1,0.46992709607540695,0.2120499414693618,2.019065894421916e-07,established,vnncomp_mnist_fc,MNIST_fc,MLP
000026,nnenum,C_combined,1,0.8891463413775929,0.41019843828112795,0.3602724714555418,established,vnncomp_mnist_fc,MNIST_fc,MLP
000027,abcrown,B_established,0,0.3091885661325608,0.38264561022378907,0.0656177252307952,established,vnncomp_mnist_fc,MNIST_fc,MLP
000027,abcrown,C_combined,0,0.9752089971321698,0.4162850196448232,0.9138930002416575,established,vnncomp_mnist_fc,MNIST_fc,MLP
000027,marabou,B_established,1,0.5577594004642605,0.400927795684389,0.5124338841983389,established,vnncomp_mnist_fc,MNIST_fc,MLP
000027,marabou,C_combined,1,0.9044694401313389,0.18106275246183767,0.16512813269184207,established,vnncomp_mnist_fc,MNIST_fc,MLP
000027,neuralsat,B_established,1,0.43905269903688693,0.39794608444971974,0.37538876991786235,established,vnncomp_mnist_fc,MNIST_fc,MLP
000027,neuralsat,C_combined,1,0.556476704563704,0.3740182480248301,0.15429462216936957,established,vnncomp_mnist_fc,MNIST_fc,MLP
000027,nnenum,B_established,0,0.46992709607540695,0.3944522451366383,1.9617078645931831e-07,established,vnncomp_mnist_fc,MNIST_fc,MLP
000027,nnenum,C_combined,1,0.8891463413775929,0.3484746160959117,0.3126915439303233,established,vnncomp_mnist_fc,MNIST_fc,MLP
000027,pyrat,B_established,0,0.4757821551611149,0.18911597779519793,0.00017704003865936572,established,vnncomp_mnist_fc,MNIST_fc,MLP
000027,pyrat,C_combined,0,0.9330085544297347,0.5592035817143352,0.7636961126045512,established,vnncomp_mnist_fc,MNIST_fc,MLP
000028,abcrown,B_established,1,0.3091885661325608,0.5942434806658915,0.7408881476209774,established,vnncomp_mnist_fc,MNIST_fc,MLP
000028,abcrown,C_combined,1,0.9752089971321698,0.18316879758231375,0.5760332688992663,established,vnncomp_mnist_fc,MNIST_fc,MLP
000028,marabou,B_established,0,0.5577594004642605,0.6247275339484692,0.7080302246173342,established,vnncomp_mnist_fc,MNIST_fc,MLP
000028,marabou,C_combined,0,0.9044694401313389,0.13295846752887425,0.08952787556631552,established,vnncomp_mnist_fc,MNIST_fc,MLP
000028,neuralsat,B_established,0,0.43905269903688693,0.27072829261771697,0.22886136867643092,established,vnncomp_mnist_fc,MNIST_fc,MLP
000028,neuralsat,C_combined,0,0.556476704563704,0.0435509637907838,0.03021104656820192,established,vnncomp_mnist_fc,MNIST_fc,MLP
000028,nnenum,B_established,0,0.46992709607540695,0.9997300537643623,0.9761120354345396,established,vnncomp_mnist_fc,MNIST_fc,MLP
000028,nnenum,C_combined,0,0.8891463413775929,0.0031563512799410295,0.13860652460903827,established,vnncomp_mnist_fc,MNIST_fc,MLP
000028,pyrat,B_established,0,0.4757821551611149,0.16581559025837472,0.06539729321082027,established,vnncomp_mnist_fc,MNIST_fc,MLP
000028,pyrat,C_combined,0,0.9330085544297347,0.1814519702798374,0.6158578522976141,established,vnncomp_mnist_fc,MNIST_fc,MLP
000029,abcrown,B_established,0,0.3091885661325608,0.40748028288696947,0.07142503366892168,established,vnncomp_mnist_fc,MNIST_fc,MLP
000029,abcrown,C_combined,0,0.9752089971321698,0.3726515437026011,0.9001036969229841,established,vnncomp_mnist_fc,MNIST_fc,MLP
000029,marabou,B_established,0,0.5577594004642605,0.41459380128737716,0.5180381803909309,established,vnncomp_mnist_fc,MNIST_fc,MLP
000029,marabou,C_combined,0,0.9044694401313389,0.1639028728109926,0.1485280425792968,established,vnncomp_mnist_fc,MNIST_fc,MLP
000029,neuralsat,B_established,0,0.43905269903688693,0.44819106541857767,0.4199571509909493,established,vnncomp_mnist_fc,MNIST_fc,MLP
000029,neuralsat,C_combined,0,0.556476704563704,0.38483267934903764,0.19479419927158234,established,vnncomp_mnist_fc,MNIST_fc,MLP
000029,nnenum,B_established,0,0.46992709607540695,0.3584237311642457,7.561151352682231e-06,established,vnncomp_mnist_fc,MNIST_fc,MLP
000029,nnenum,C_combined,0,0.8891463413775929,0.29203457421568324,0.27580808675778884,established,vnncomp_mnist_fc,MNIST_fc,MLP
000029,pyrat,B_established,0,0.4757821551611149,0.1919468672818733,0.0005096527578149818,established,vnncomp_mnist_fc,MNIST_fc,MLP
000029,pyrat,C_combined,0,0.9330085544297347,0.5292932439672626,0.7557254217891745,established,vnncomp_mnist_fc,MNIST_fc,MLP
000030,abcrown,B_established,0,0.3091885661325608,0.39490541750373587,0.06718091838074237,established,vnncomp_mnist_fc,MNIST_fc,MLP
000030,abcrown,C_combined,0,0.9752089971321698,0.39950456318127325,0.9111962389762589,established,vnncomp_mnist_fc,MNIST_fc,MLP
000030,marabou,B_established,0,0.5577594004642605,0.4062036186934453,0.5143164725760604,established,vnncomp_mnist_fc,MNIST_fc,MLP
000030,marabou,C_combined,1,0.9044694401313389,0.16801532217798615,0.1412314279708913,established,vnncomp_mnist_fc,MNIST_fc,MLP
000030,neuralsat,B_established,0,0.43905269903688693,0.41639914732617334,0.3913941678306278,established,vnncomp_mnist_fc,MNIST_fc,MLP
000030,neuralsat,C_combined,0,0.556476704563704,0.3296293712656483,0.13151167359119348,established,vnncomp_mnist_fc,MNIST_fc,MLP
000030,nnenum,B_established,0,0.46992709607540695,0.3068034389005429,1.3704247121590047e-07,established,vnncomp_mnist_fc,MNIST_fc,MLP
000030,nnenum,C_combined,0,0.8891463413775929,0.22131874144970012,0.2342477517080026,established,vnncomp_mnist_fc,MNIST_fc,MLP
000030,pyrat,B_established,0,0.4757821551611149,0.14194661601779368,0.00012362140025862076,established,vnncomp_mnist_fc,MNIST_fc,MLP
000030,pyrat,C_combined,0,0.9330085544297347,0.5762281029463154,0.7540927398605899,established,vnncomp_mnist_fc,MNIST_fc,MLP
000031,abcrown,B_established,0,0.487500648678019,0.6300843031491146,0.5951454919958001,established,vnncomp_mnist_fc,MNIST_fc,MLP
000031,abcrown,C_combined,0,0.8663716110595105,0.6451947432897016,0.912251139184372,established,vnncomp_mnist_fc,MNIST_fc,MLP
000031,marabou,B_established,0,0.4349293374549146,0.40367985729857453,0.43636225122480204,established,vnncomp_mnist_fc,MNIST_fc,MLP
000031,marabou,C_combined,0,0.529712384856109,0.6257393979799515,0.6113825910180091,established,vnncomp_mnist_fc,MNIST_fc,MLP
000031,neuralsat,B_established,0,0.4489588748274862,0.7557436984813438,0.6414353103905549,established,vnncomp_mnist_fc,MNIST_fc,MLP
000031,neuralsat,C_combined,0,0.4422315019959785,0.6253361571586568,0.6504422853740502,established,vnncomp_mnist_fc,MNIST_fc,MLP
000031,nnenum,B_established,0,0.5393378853867048,0.6086183232417992,0.5519975505749456,established,vnncomp_mnist_fc,MNIST_fc,MLP
000031,nnenum,C_combined,0,0.5484018947465884,0.7946880244585223,0.6956203904240059,established,vnncomp_mnist_fc,MNIST_fc,MLP
000031,pyrat,B_established,0,0.4657814147462706,0.7891826076627775,0.5181985937326836,established,vnncomp_mnist_fc,MNIST_fc,MLP
000031,pyrat,C_combined,0,0.6751810682137259,0.6401901705618079,0.6780832559349764,established,vnncomp_mnist_fc,MNIST_fc,MLP
000032,abcrown,B_established,1,0.487500648678019,0.7100013958350567,0.8883762498772345,established,vnncomp_mnist_fc,MNIST_fc,MLP
000032,abcrown,C_combined,1,0.8663716110595105,0.8615520832875255,0.966887073158345,established,vnncomp_mnist_fc,MNIST_fc,MLP
000032,marabou,B_established,1,0.4349293374549146,0.46981871122961205,0.49175602858758366,established,vnncomp_mnist_fc,MNIST_fc,MLP
000032,marabou,C_combined,1,0.529712384856109,0.8726808861931218,0.9716799935731248,established,vnncomp_mnist_fc,MNIST_fc,MLP
000032,neuralsat,B_established,1,0.4489588748274862,0.5125109879130938,0.509258641468729,established,vnncomp_mnist_fc,MNIST_fc,MLP
000032,neuralsat,C_combined,1,0.4422315019959785,0.5666512906509666,0.6575599926277642,established,vnncomp_mnist_fc,MNIST_fc,MLP
000032,nnenum,B_established,1,0.5393378853867048,0.679119596855583,0.6005938155778419,established,vnncomp_mnist_fc,MNIST_fc,MLP
000032,nnenum,C_combined,1,0.5484018947465884,0.9027349291382556,0.9623373083103341,established,vnncomp_mnist_fc,MNIST_fc,MLP
000032,pyrat,B_established,1,0.4657814147462706,0.4575895430350266,0.9745092726482106,established,vnncomp_mnist_fc,MNIST_fc,MLP
000032,pyrat,C_combined,1,0.6751810682137259,0.7926600013378409,0.8978835689494907,established,vnncomp_mnist_fc,MNIST_fc,MLP
000033,abcrown,B_established,0,0.487500648678019,0.6435212445493439,0.6401048458907634,established,vnncomp_mnist_fc,MNIST_fc,MLP
000033,abcrown,C_combined,0,0.8663716110595105,0.6545634713932047,0.9148679091679766,established,vnncomp_mnist_fc,MNIST_fc,MLP
000033,marabou,B_established,0,0.4349293374549146,0.4082310588816561,0.43963384012093787,established,vnncomp_mnist_fc,MNIST_fc,MLP
000033,marabou,C_combined,1,0.529712384856109,0.6404304239046759,0.647522672926434,established,vnncomp_mnist_fc,MNIST_fc,MLP
000033,neuralsat,B_established,1,0.4489588748274862,0.7587278668561568,0.6509835860186438,established,vnncomp_mnist_fc,MNIST_fc,MLP
000033,neuralsat,C_combined,1,0.4422315019959785,0.6344632829322137,0.663576310787567,established,vnncomp_mnist_fc,MNIST_fc,MLP
000033,nnenum,B_established,0,0.5393378853867048,0.6121847186650694,0.5545097039782284,established,vnncomp_mnist_fc,MNIST_fc,MLP
000033,nnenum,C_combined,1,0.5484018947465884,0.8002017336747125,0.7371788314646357,established,vnncomp_mnist_fc,MNIST_fc,MLP
000033,pyrat,B_established,0,0.4657814147462706,0.7940172371712731,0.601697429166853,established,vnncomp_mnist_fc,MNIST_fc,MLP
000033,pyrat,C_combined,0,0.6751810682137259,0.6375255482907385,0.6904080280998679,established,vnncomp_mnist_fc,MNIST_fc,MLP
000034,abcrown,B_established,0,0.487500648678019,0.5282702272190977,0.36196802213043194,established,vnncomp_mnist_fc,MNIST_fc,MLP
000034,abcrown,C_combined,0,0.8663716110595105,0.5852037297855144,0.8932144372136696,established,vnncomp_mnist_fc,MNIST_fc,MLP
000034,marabou,B_established,0,0.4349293374549146,0.3823394031812486,0.4207413420762459,established,vnncomp_mnist_fc,MNIST_fc,MLP
000034,marabou,C_combined,0,0.529712384856109,0.5161357147897951,0.4466608658719287,established,vnncomp_mnist_fc,MNIST_fc,MLP
000034,neuralsat,B_established,0,0.4489588748274862,0.6733886958460906,0.4968916772846801,established,vnncomp_mnist_fc,MNIST_fc,MLP
000034,neuralsat,C_combined,0,0.4422315019959785,0.5669063719182673,0.5491343325632124,established,vnncomp_mnist_fc,MNIST_fc,MLP
000034,nnenum,B_established,0,0.5393378853867048,0.5807281675766349,0.534236536450209,established,vnncomp_mnist_fc,MNIST_fc,MLP
000034,nnenum,C_combined,0,0.5484018947465884,0.7281591727459539,0.5115002108460198,established,vnncomp_mnist_fc,MNIST_fc,MLP
000034,pyrat,B_established,0,0.4657814147462706,0.6297373458113968,0.10580029776161437,established,vnncomp_mnist_fc,MNIST_fc,MLP
000034,pyrat,C_combined,0,0.6751810682137259,0.6209549322957156,0.6077395860012735,established,vnncomp_mnist_fc,MNIST_fc,MLP
000035,abcrown,B_established,0,0.487500648678019,0.6258702153791804,0.5823299988864944,established,vnncomp_mnist_fc,MNIST_fc,MLP
000035,abcrown,C_combined,0,0.8663716110595105,0.6453866495040863,0.9122635420235767,established,vnncomp_mnist_fc,MNIST_fc,MLP
000035,marabou,B_established,0,0.4349293374549146,0.40286123925577694,0.43578745898387516,established,vnncomp_mnist_fc,MNIST_fc,MLP
000035,marabou,C_combined,0,0.529712384856109,0.6247396491123074,0.6078406881117362,established,vnncomp_mnist_fc,MNIST_fc,MLP
000035,neuralsat,B_established,0,0.4489588748274862,0.753850081189549,0.6383660877729064,established,vnncomp_mnist_fc,MNIST_fc,MLP
000035,neuralsat,C_combined,0,0.4422315019959785,0.6242748711128772,0.6480412204163233,established,vnncomp_mnist_fc,MNIST_fc,MLP
000035,nnenum,B_established,0,0.5393378853867048,0.6082537573411646,0.5516619954771974,established,vnncomp_mnist_fc,MNIST_fc,MLP
000035,nnenum,C_combined,0,0.5484018947465884,0.7951054809232235,0.6905708741459484,established,vnncomp_mnist_fc,MNIST_fc,MLP
000035,pyrat,B_established,0,0.4657814147462706,0.7861239940018707,0.5030402561045857,established,vnncomp_mnist_fc,MNIST_fc,MLP
000035,pyrat,C_combined,0,0.6751810682137259,0.6425156626488275,0.6770726416594275,established,vnncomp_mnist_fc,MNIST_fc,MLP
000036,abcrown,B_established,0,0.487500648678019,0.6448081153681212,0.6294533767511691,established,vnncomp_mnist_fc,MNIST_fc,MLP
000036,abcrown,C_combined,0,0.8663716110595105,0.6515243121036078,0.9144102017666127,established,vnncomp_mnist_fc,MNIST_fc,MLP
000036,marabou,B_established,0,0.4349293374549146,0.4060104319632717,0.43825702059302196,established,vnncomp_mnist_fc,MNIST_fc,MLP
000036,marabou,C_combined,0,0.529712384856109,0.6352941163322139,0.6278117998873007,established,vnncomp_mnist_fc,MNIST_fc,MLP
000036,neuralsat,B_established,0,0.4489588748274862,0.7688634295976885,0.6628560529035734,established,vnncomp_mnist_fc,MNIST_fc,MLP
000036,neuralsat,C_combined,0,0.4422315019959785,0.6316976781561345,0.6659220533717002,established,vnncomp_mnist_fc,MNIST_fc,MLP
000036,nnenum,B_established,0,0.5393378853867048,0.6136285049947079,0.5550268744068817,established,vnncomp_mnist_fc,MNIST_fc,MLP
000036,nnenum,C_combined,0,0.5484018947465884,0.8055432413792346,0.7143130292843094,established,vnncomp_mnist_fc,MNIST_fc,MLP
000036,pyrat,B_established,0,0.4657814147462706,0.8308598310619933,0.6386421728994919,established,vnncomp_mnist_fc,MNIST_fc,MLP
000036,pyrat,C_combined,0,0.6751810682137259,0.6461159233070175,0.6890299883319966,established,vnncomp_mnist_fc,MNIST_fc,MLP
000037,abcrown,B_established,1,0.487500648678019,0.6772022536039664,0.7265002752169603,established,vnncomp_mnist_fc,MNIST_fc,MLP
000037,abcrown,C_combined,1,0.8663716110595105,0.6792909486523263,0.9221700926330249,established,vnncomp_mnist_fc,MNIST_fc,MLP
000037,marabou,B_established,1,0.4349293374549146,0.41801444963268564,0.44675256517652473,established,vnncomp_mnist_fc,MNIST_fc,MLP
000037,marabou,C_combined,1,0.529712384856109,0.6736035482218614,0.7238235672635043,established,vnncomp_mnist_fc,MNIST_fc,MLP
000037,neuralsat,B_established,1,0.4489588748274862,0.7893174638536898,0.7073508481214535,established,vnncomp_mnist_fc,MNIST_fc,MLP
000037,neuralsat,C_combined,1,0.4422315019959785,0.6592235020563211,0.7058670222017291,established,vnncomp_mnist_fc,MNIST_fc,MLP
000037,nnenum,B_established,1,0.5393378853867048,0.6246411895651369,0.5625228879841236,established,vnncomp_mnist_fc,MNIST_fc,MLP
000037,nnenum,C_combined,1,0.5484018947465884,0.8231668847473905,0.818175545486042,established,vnncomp_mnist_fc,MNIST_fc,MLP
000037,pyrat,B_established,1,0.4657814147462706,0.8464399215854634,0.8001397701089166,established,vnncomp_mnist_fc,MNIST_fc,MLP
000037,pyrat,C_combined,1,0.6751810682137259,0.6466096891248456,0.7258792724811938,established,vnncomp_mnist_fc,MNIST_fc,MLP
000038,abcrown,B_established,0,0.487500648678019,0.5699237356972209,0.4595890376396265,established,vnncomp_mnist_fc,MNIST_fc,MLP
000038,abcrown,C_combined,0,0.8663716110595105,0.5927657109692774,0.8957930807934463,established,vnncomp_mnist_fc,MNIST_fc,MLP
000038,marabou,B_established,0,0.4349293374549146,0.39007018340099897,0.4261822905185605,established,vnncomp_mnist_fc,MNIST_fc,MLP
000038,marabou,C_combined,0,0.529712384856109,0.5435147225027543,0.48698158055234436,established,vnncomp_mnist_fc,MNIST_fc,MLP
000038,neuralsat,B_established,0,0.4489588748274862,0.6998486519796677,0.5393910531582162,established,vnncomp_mnist_fc,MNIST_fc,MLP
000038,neuralsat,C_combined,0,0.4422315019959785,0.5825827498602748,0.5771409528394309,established,vnncomp_mnist_fc,MNIST_fc,MLP
000038,nnenum,B_established,0,0.5393378853867048,0.5862532596541931,0.538401301526833,established,vnncomp_mnist_fc,MNIST_fc,MLP
000038,nnenum,C_combined,0,0.5484018947465884,0.7345179115097914,0.5608781010453144,established,vnncomp_mnist_fc,MNIST_fc,MLP
000038,pyrat,B_established,0,0.4657814147462706,0.664735769604953,0.1502005996409488,established,vnncomp_mnist_fc,MNIST_fc,MLP
000038,pyrat,C_combined,0,0.6751810682137259,0.6086290006304219,0.6206650601686755,established,vnncomp_mnist_fc,MNIST_fc,MLP
000039,abcrown,B_established,1,0.487500648678019,0.6130944979005262,0.5570541274875566,established,vnncomp_mnist_fc,MNIST_fc,MLP
000039,abcrown,C_combined,1,0.8663716110595105,0.6419815228192374,0.9109754037123062,established,vnncomp_mnist_fc,MNIST_fc,MLP
000039,marabou,B_established,1,0.4349293374549146,0.40137717106649407,0.4346208793796677,established,vnncomp_mnist_fc,MNIST_fc,MLP
000039,marabou,C_combined,1,0.529712384856109,0.618922534372182,0.5988321388553419,established,vnncomp_mnist_fc,MNIST_fc,MLP
000039,neuralsat,B_established,1,0.4489588748274862,0.7406402712174804,0.6178952344915838,established,vnncomp_mnist_fc,MNIST_fc,MLP
000039,neuralsat,C_combined,1,0.4422315019959785,0.6199589165217764,0.6365667541361468,established,vnncomp_mnist_fc,MNIST_fc,MLP
000039,nnenum,B_established,1,0.5393378853867048,0.6049571474320681,0.549652752498066,established,vnncomp_mnist_fc,MNIST_fc,MLP
000039,nnenum,C_combined,1,0.5484018947465884,0.7881554749024231,0.6801384710534432,established,vnncomp_mnist_fc,MNIST_fc,MLP
000039,pyrat,B_established,0,0.4657814147462706,0.7532196933461633,0.4137391002061343,established,vnncomp_mnist_fc,MNIST_fc,MLP
000039,pyrat,C_combined,0,0.6751810682137259,0.6386830763476032,0.6702908509342123,established,vnncomp_mnist_fc,MNIST_fc,MLP
000040,abcrown,B_established,0,0.487500648678019,0.6278343198290366,0.5966463979373879,established,vnncomp_mnist_fc,MNIST_fc,MLP
000040,abcrown,C_combined,0,0.8663716110595105,0.6416201302221329,0.9110601622481493,established,vnncomp_mnist_fc,MNIST_fc,MLP
000040,marabou,B_established,0,0.4349293374549146,0.40364357713507504,0.4363291275966345,established,vnncomp_mnist_fc,MNIST_fc,MLP
000040,marabou,C_combined,0,0.529712384856109,0.6220506589719131,0.6080142744131418,established,vnncomp_mnist_fc,MNIST_fc,MLP
000040,neuralsat,B_established,0,0.4489588748274862,0.7451585399727032,0.6248560367693107,established,vnncomp_mnist_fc,MNIST_fc,MLP
000040,neuralsat,C_combined,0,0.4422315019959785,0.6227151702578774,0.6444275743211871,established,vnncomp_mnist_fc,MNIST_fc,MLP
000040,nnenum,B_established,0,0.5393378853867048,0.6067226706473358,0.5509828619350717,established,vnncomp_mnist_fc,MNIST_fc,MLP
000040,nnenum,C_combined,0,0.5484018947465884,0.7891901822818383,0.6935349126466626,established,vnncomp_mnist_fc,MNIST_fc,MLP
000040,pyrat,B_established,0,0.4657814147462706,0.7757999468861903,0.4735192511120762,established,vnncomp_mnist_fc,MNIST_fc,MLP
000040,pyrat,C_combined,0,0.6751810682137259,0.6333831931290714,0.6740010576205504,established,vnncomp_mnist_fc,MNIST_fc,MLP
000041,abcrown,B_established,0,0.487500648678019,0.5898022294654442,0.4966999227084867,established,vnncomp_mnist_fc,MNIST_fc,MLP
000041,abcrown,C_combined,0,0.8663716110595105,0.6131475157599975,0.902373503607714,established,vnncomp_mnist_fc,MNIST_fc,MLP
000041,marabou,B_established,0,0.4349293374549146,0.3941834341367759,0.429368745319232,established,vnncomp_mnist_fc,MNIST_fc,MLP
000041,marabou,C_combined,0,0.529712384856109,0.5756091363607811,0.5280169307882081,established,vnncomp_mnist_fc,MNIST_fc,MLP
000041,neuralsat,B_established,0,0.4489588748274862,0.7176016438702109,0.5720615964569495,established,vnncomp_mnist_fc,MNIST_fc,MLP
000041,neuralsat,C_combined,0,0.4422315019959785,0.5972259277100886,0.6022410122934517,established,vnncomp_mnist_fc,MNIST_fc,MLP
000041,nnenum,B_established,0,0.5393378853867048,0.5944644834838859,0.5432235716281624,established,vnncomp_mnist_fc,MNIST_fc,MLP
000041,nnenum,C_combined,0,0.5484018947465884,0.7605085906287102,0.6035568389273636,established,vnncomp_mnist_fc,MNIST_fc,MLP
000041,pyrat,B_established,0,0.4657814147462706,0.7175198205525313,0.2284708760464492,established,vnncomp_mnist_fc,MNIST_fc,MLP
000041,pyrat,C_combined,0,0.6751810682137259,0.6235062880294184,0.6403455902514003,established,vnncomp_mnist_fc,MNIST_fc,MLP
000042,abcrown,B_established,0,0.487500648678019,0.5438477242546429,0.39845157959868677,established,vnncomp_mnist_fc,MNIST_fc,MLP
000042,abcrown,C_combined,0,0.8663716110595105,0.5911014447463624,0.8950909825626268,established,vnncomp_mnist_fc,MNIST_fc,MLP
000042,marabou,B_established,0,0.4349293374549146,0.38586782487049964,0.42318412653645304,established,vnncomp_mnist_fc,MNIST_fc,MLP
000042,marabou,C_combined,0,0.529712384856109,0.5311255836941855,0.46804924842930873,established,vnncomp_mnist_fc,MNIST_fc,MLP
000042,neuralsat,B_established,0,0.4489588748274862,0.6858620291523438,0.5176435007778604,established,vnncomp_mnist_fc,MNIST_fc,MLP
000042,neuralsat,C_combined,0,0.4422315019959785,0.5753828435791017,0.5621702940708185,established,vnncomp_mnist_fc,MNIST_fc,MLP
000042,nnenum,B_established,0,0.5393378853867048,0.5833980464088853,0.5361810715992483,established,vnncomp_mnist_fc,MNIST_fc,MLP
000042,nnenum,C_combined,0,0.5484018947465884,0.7327449629860254,0.5360872770755145,established,vnncomp_mnist_fc,MNIST_fc,MLP
000042,pyrat,B_established,0,0.4657814147462706,0.637628723418157,0.12186620752916051,established,vnncomp_mnist_fc,MNIST_fc,MLP
000042,pyrat,C_combined,0,0.6751810682137259,0.6173751666711795,0.6145457673898675,established,vnncomp_mnist_fc,MNIST_fc,MLP
000043,abcrown,B_established,0,0.487500648678019,0.6300707604837992,0.6138968584881442,established,vnncomp_mnist_fc,MNIST_fc,MLP
000043,abcrown,C_combined,0,0.8663716110595105,0.5876786562674907,0.8941570652626979,established,vnncomp_mnist_fc,MNIST_fc,MLP
000043,marabou,B_established,0,0.4349293374549146,0.3930066419484045,0.43037664553720933,established,vnncomp_mnist_fc,MNIST_fc,MLP
000043,marabou,C_combined,0,0.529712384856109,0.5337472495272001,0.4831117902169025,established,vnncomp_mnist_fc,MNIST_fc,MLP
000043,neuralsat,B_established,0,0.4489588748274862,0.6801273533983984,0.5160669839616896,established,vnncomp_mnist_fc,MNIST_fc,MLP
000043,neuralsat,C_combined,0,0.4422315019959785,0.5204517317794954,0.5528826778887573,established,vnncomp_mnist_fc,MNIST_fc,MLP
000043,nnenum,B_established,0,0.5393378853867048,0.5895661014027742,0.5416774084192871,established,vnncomp_mnist_fc,MNIST_fc,MLP
000043,nnenum,C_combined,0,0.5484018947465884,0.7017409747646252,0.5284522068392985,established,vnncomp_mnist_fc,MNIST_fc,MLP
000043,pyrat,B_established,0,0.4657814147462706,0.7321154181838468,0.19606564379502794,established,vnncomp_mnist_fc,MNIST_fc,MLP
000043,pyrat,C_combined,0,0.6751810682137259,0.611808639286868,0.6262916716141298,established,vnncomp_mnist_fc,MNIST_fc,MLP
000044,abcrown,B_established,0,0.487500648678019,0.6298404040235892,0.586134932127435,established,vnncomp_mnist_fc,MNIST_fc,MLP
000044,abcrown,C_combined,0,0.8663716110595105,0.6177396465754293,0.9046464101127727,established,vnncomp_mnist_fc,MNIST_fc,MLP
000044,marabou,B_established,0,0.4349293374549146,0.39898810261546,0.43308937812757875,established,vnncomp_mnist_fc,MNIST_fc,MLP
000044,marabou,C_combined,0,0.529712384856109,0.5908289282264079,0.5495429341225837,established,vnncomp_mnist_fc,MNIST_fc,MLP
000044,neuralsat,B_established,0,0.4489588748274862,0.7491159409134717,0.6198273900403497,established,vnncomp_mnist_fc,MNIST_fc,MLP
000044,neuralsat,C_combined,0,0.4422315019959785,0.6074755886463018,0.6317919683457829,established,vnncomp_mnist_fc,MNIST_fc,MLP
000044,nnenum,B_established,0,0.5393378853867048,0.602151616990436,0.5481603832885039,established,vnncomp_mnist_fc,MNIST_fc,MLP
000044,nnenum,C_combined,0,0.5484018947465884,0.7751163548435025,0.6316453510076966,established,vnncomp_mnist_fc,MNIST_fc,MLP
000044,pyrat,B_established,0,0.4657814147462706,0.8050559939425694,0.4078576521088171,established,vnncomp_mnist_fc,MNIST_fc,MLP
000044,pyrat,C_combined,0,0.6751810682137259,0.6244731873315417,0.6547022282471165,established,vnncomp_mnist_fc,MNIST_fc,MLP
000045,abcrown,B_established,0,0.487500648678019,0.6189151812877463,0.554893837788357,established,vnncomp_mnist_fc,MNIST_fc,MLP
000045,abcrown,C_combined,0,0.8663716110595105,0.6301339494086796,0.9080238181561098,established,vnncomp_mnist_fc,MNIST_fc,MLP
000045,marabou,B_established,0,0.4349293374549146,0.3987364625955691,0.4329263866070504,established,vnncomp_mnist_fc,MNIST_fc,MLP
000045,marabou,C_combined,0,0.529712384856109,0.6029341258839273,0.5658943351146278,established,vnncomp_mnist_fc,MNIST_fc,MLP
000045,neuralsat,B_established,0,0.4489588748274862,0.7461312846108359,0.619599222777867,established,vnncomp_mnist_fc,MNIST_fc,MLP
000045,neuralsat,C_combined,0,0.4422315019959785,0.6120490850992176,0.633192711834888,established,vnncomp_mnist_fc,MNIST_fc,MLP
000045,nnenum,B_established,0,0.5393378853867048,0.6040050136034835,0.5489244488520137,established,vnncomp_mnist_fc,MNIST_fc,MLP
000045,nnenum,C_combined,0,0.5484018947465884,0.7852170334040446,0.6447289927884328,established,vnncomp_mnist_fc,MNIST_fc,MLP
000045,pyrat,B_established,0,0.4657814147462706,0.7923991729764612,0.4153631775224723,established,vnncomp_mnist_fc,MNIST_fc,MLP
000045,pyrat,C_combined,0,0.6751810682137259,0.6377407485490426,0.6619471189053933,established,vnncomp_mnist_fc,MNIST_fc,MLP
000046,abcrown,B_established,1,0.487500648678019,0.6761231995690762,0.7233839467077516,established,vnncomp_mnist_fc,MNIST_fc,MLP
000046,abcrown,C_combined,1,0.8663716110595105,0.6954903612541418,0.9264187965450523,established,vnncomp_mnist_fc,MNIST_fc,MLP
000046,marabou,B_established,1,0.4349293374549146,0.42012653753205864,0.4483672716347947,established,vnncomp_mnist_fc,MNIST_fc,MLP
000046,marabou,C_combined,1,0.529712384856109,0.6899878086858826,0.7547602469981782,established,vnncomp_mnist_fc,MNIST_fc,MLP
000046,neuralsat,B_established,1,0.4489588748274862,0.7921511806351267,0.7175636665339312,established,vnncomp_mnist_fc,MNIST_fc,MLP
000046,neuralsat,C_combined,1,0.4422315019959785,0.6688738015870273,0.7165431859603528,established,vnncomp_mnist_fc,MNIST_fc,MLP
000046,nnenum,B_established,1,0.5393378853867048,0.6296368423083352,0.5653221314514937,established,vnncomp_mnist_fc,MNIST_fc,MLP
000046,nnenum,C_combined,1,0.5484018947465884,0.8362110431089576,0.8448803216340826,established,vnncomp_mnist_fc,MNIST_fc,MLP
000046,pyrat,B_established,0,0.4657814147462706,0.8504363010753091,0.8258695445491092,established,vnncomp_mnist_fc,MNIST_fc,MLP
000046,pyrat,C_combined,0,0.6751810682137259,0.6617179492479238,0.7420162032396067,established,vnncomp_mnist_fc,MNIST_fc,MLP
000047,abcrown,B_established,1,0.487500648678019,0.7447052432402417,0.9277822703505512,established,vnncomp_mnist_fc,MNIST_fc,MLP
000047,abcrown,C_combined,1,0.8663716110595105,0.6707227944172696,0.9193223547957882,established,vnncomp_mnist_fc,MNIST_fc,MLP
000047,marabou,B_established,0,0.4349293374549146,0.4365655147341207,0.47532629828759976,established,vnncomp_mnist_fc,MNIST_fc,MLP
000047,marabou,C_combined,0,0.529712384856109,0.6804990322725696,0.7601009322829595,established,vnncomp_mnist_fc,MNIST_fc,MLP
000047,neuralsat,B_established,0,0.4489588748274862,0.3013624588577838,0.15249728718824174,established,vnncomp_mnist_fc,MNIST_fc,MLP
000047,neuralsat,C_combined,0,0.4422315019959785,0.41541929189722226,0.5859471017715541,established,vnncomp_mnist_fc,MNIST_fc,MLP
000047,nnenum,B_established,1,0.5393378853867048,0.6555870668166194,0.584930939619008,established,vnncomp_mnist_fc,MNIST_fc,MLP
000047,nnenum,C_combined,1,0.5484018947465884,0.7986137192248668,0.7858977531470569,established,vnncomp_mnist_fc,MNIST_fc,MLP
000047,pyrat,B_established,1,0.4657814147462706,0.9969691779970915,0.9428652067113281,established,vnncomp_mnist_fc,MNIST_fc,MLP
000047,pyrat,C_combined,1,0.6751810682137259,0.6272544425947457,0.7725687231279834,established,vnncomp_mnist_fc,MNIST_fc,MLP
000048,abcrown,B_established,1,0.487500648678019,0.7004456444872236,0.7902900381317608,established,vnncomp_mnist_fc,MNIST_fc,MLP
000048,abcrown,C_combined,1,0.8663716110595105,0.7035791871748975,0.9288675077166954,established,vnncomp_mnist_fc,MNIST_fc,MLP
000048,marabou,B_established,1,0.4349293374549146,0.4267639929333861,0.45425117166083684,established,vnncomp_mnist_fc,MNIST_fc,MLP
000048,marabou,C_combined,1,0.529712384856109,0.7037351437058836,0.7880506398525849,established,vnncomp_mnist_fc,MNIST_fc,MLP
000048,neuralsat,B_established,1,0.4489588748274862,0.7686700665810792,0.6851421354311265,established,vnncomp_mnist_fc,MNIST_fc,MLP
000048,neuralsat,C_combined,1,0.4422315019959785,0.6751864048891716,0.7334168012759548,established,vnncomp_mnist_fc,MNIST_fc,MLP
000048,nnenum,B_established,1,0.5393378853867048,0.6383627639590623,0.5709295658596384,established,vnncomp_mnist_fc,MNIST_fc,MLP
000048,nnenum,C_combined,1,0.5484018947465884,0.8507057694705139,0.8772189151764387,established,vnncomp_mnist_fc,MNIST_fc,MLP
000048,pyrat,B_established,1,0.4657814147462706,0.9149032246159778,0.8680996385445312,established,vnncomp_mnist_fc,MNIST_fc,MLP
000048,pyrat,C_combined,1,0.6751810682137259,0.6570524819248161,0.7604567915596034,established,vnncomp_mnist_fc,MNIST_fc,MLP
000049,abcrown,B_established,1,0.487500648678019,0.6375843978125986,0.6308463516874186,established,vnncomp_mnist_fc,MNIST_fc,MLP
000049,abcrown,C_combined,1,0.8663716110595105,0.684172685154963,0.9226794651848401,established,vnncomp_mnist_fc,MNIST_fc,MLP
000049,marabou,B_established,1,0.4349293374549146,0.4120505158521862,0.4425863847157892,established,vnncomp_mnist_fc,MNIST_fc,MLP
000049,marabou,C_combined,1,0.529712384856109,0.6717292858623585,0.7105789164514886,established,vnncomp_mnist_fc,MNIST_fc,MLP
000049,neuralsat,B_established,1,0.4489588748274862,0.7520521462622377,0.6530240274190231,established,vnncomp_mnist_fc,MNIST_fc,MLP
000049,neuralsat,C_combined,1,0.4422315019959785,0.6511620762671656,0.679090751902872,established,vnncomp_mnist_fc,MNIST_fc,MLP
000049,nnenum,B_established,1,0.5393378853867048,0.6199243253505814,0.5587901406742898,established,vnncomp_mnist_fc,MNIST_fc,MLP
000049,nnenum,C_combined,1,0.5484018947465884,0.8236534063168242,0.7976738083973892,established,vnncomp_mnist_fc,MNIST_fc,MLP
000049,pyrat,B_established,0,0.4657814147462706,0.7909389125025477,0.6963215906303286,established,vnncomp_mnist_fc,MNIST_fc,MLP
000049,pyrat,C_combined,0,0.6751810682137259,0.6603955831596061,0.7175331701724449,established,vnncomp_mnist_fc,MNIST_fc,MLP
000050,abcrown,B_established,1,0.487500648678019,0.6643876916129647,0.6918680152034444,established,vnncomp_mnist_fc,MNIST_fc,MLP
000050,abcrown,C_combined,1,0.8663716110595105,0.6830597688170547,0.9229918572221585,established,vnncomp_mnist_fc,MNIST_fc,MLP
000050,marabou,B_established,1,0.4349293374549146,0.4156588452652913,0.44510159883566586,established,vnncomp_mnist_fc,MNIST_fc,MLP
000050,marabou,C_combined,1,0.529712384856109,0.6746674695328172,0.7196427284406515,established,vnncomp_mnist_fc,MNIST_fc,MLP
000050,neuralsat,B_established,1,0.4489588748274862,0.78391641474225,0.6999118004870538,established,vnncomp_mnist_fc,MNIST_fc,MLP
000050,neuralsat,C_combined,1,0.4422315019959785,0.65781411473224,0.6999154764649141,established,vnncomp_mnist_fc,MNIST_fc,MLP
000050,nnenum,B_established,1,0.5393378853867048,0.6241651430164736,0.561811389315072,established,vnncomp_mnist_fc,MNIST_fc,MLP
000050,nnenum,C_combined,1,0.5484018947465884,0.8264867725026873,0.8107562428887721,established,vnncomp_mnist_fc,MNIST_fc,MLP
000050,pyrat,B_established,1,0.4657814147462706,0.8355083828449364,0.7823917521682937,established,vnncomp_mnist_fc,MNIST_fc,MLP
000050,pyrat,C_combined,1,0.6751810682137259,0.6568043781967366,0.7253974851605947,established,vnncomp_mnist_fc,MNIST_fc,MLP
000051,abcrown,B_established,1,0.487500648678019,0.6936733139806883,0.7649555663413092,established,vnncomp_mnist_fc,MNIST_fc,MLP
000051,abcrown,C_combined,1,0.8663716110595105,0.6971998698661924,0.9274210087716537,established,vnncomp_mnist_fc,MNIST_fc,MLP
000051,marabou,B_established,1,0.4349293374549146,0.4231430325492897,0.4507327465759813,established,vnncomp_mnist_fc,MNIST_fc,MLP
000051,marabou,C_combined,1,0.529712384856109,0.6946282948700714,0.7632031671944156,established,vnncomp_mnist_fc,MNIST_fc,MLP
000051,neuralsat,B_established,1,0.4489588748274862,0.8139572982948721,0.749882092305785,established,vnncomp_mnist_fc,MNIST_fc,MLP
000051,neuralsat,C_combined,1,0.4422315019959785,0.6748399504133147,0.735190349527664,established,vnncomp_mnist_fc,MNIST_fc,MLP
000051,nnenum,B_established,1,0.5393378853867048,0.6352502534777976,0.5689510391735118,established,vnncomp_mnist_fc,MNIST_fc,MLP
000051,nnenum,C_combined,1,0.5484018947465884,0.8436792184767749,0.8551168190413426,established,vnncomp_mnist_fc,MNIST_fc,MLP
000052,abcrown,B_established,1,0.487500648678019,0.7182165574609672,0.8292700323720803,established,vnncomp_mnist_fc,MNIST_fc,MLP
000052,abcrown,C_combined,1,0.8663716110595105,0.708523151863939,0.9302998949308036,established,vnncomp_mnist_fc,MNIST_fc,MLP
000052,marabou,B_established,1,0.4349293374549146,0.4314428105542524,0.4566489542692328,established,vnncomp_mnist_fc,MNIST_fc,MLP
000052,marabou,C_combined,1,0.529712384856109,0.712611125718895,0.8069114334915921,established,vnncomp_mnist_fc,MNIST_fc,MLP
000052,neuralsat,B_established,0,0.4489588748274862,0.8363134473327168,0.7931103608429206,established,vnncomp_mnist_fc,MNIST_fc,MLP
000052,neuralsat,C_combined,0,0.4422315019959785,0.6623586008657536,0.7409062290853407,established,vnncomp_mnist_fc,MNIST_fc,MLP
000052,nnenum,B_established,1,0.5393378853867048,0.6380164677755371,0.5722594001444021,established,vnncomp_mnist_fc,MNIST_fc,MLP
000052,nnenum,C_combined,1,0.5484018947465884,0.8356869139061814,0.8861729063438745,established,vnncomp_mnist_fc,MNIST_fc,MLP
000052,pyrat,B_established,1,0.4657814147462706,0.8590307178176644,0.875789360012261,established,vnncomp_mnist_fc,MNIST_fc,MLP
000052,pyrat,C_combined,1,0.6751810682137259,0.6610655632817061,0.7692536406668016,established,vnncomp_mnist_fc,MNIST_fc,MLP
000053,abcrown,B_established,1,0.487500648678019,0.6279972953702104,0.6200493270975279,established,vnncomp_mnist_fc,MNIST_fc,MLP
000053,abcrown,C_combined,1,0.8663716110595105,0.6608850918480504,0.916079247120846,established,vnncomp_mnist_fc,MNIST_fc,MLP
000053,marabou,B_established,1,0.4349293374549146,0.4089687807678003,0.4399219756187679,established,vnncomp_mnist_fc,MNIST_fc,MLP
000053,marabou,C_combined,1,0.529712384856109,0.646482598277604,0.6660416107736179,established,vnncomp_mnist_fc,MNIST_fc,MLP
000053,neuralsat,B_established,1,0.4489588748274862,0.7433251650971484,0.6324063979493161,established,vnncomp_mnist_fc,MNIST_fc,MLP
000053,neuralsat,C_combined,1,0.4422315019959785,0.6372178364389384,0.6568626106831525,established,vnncomp_mnist_fc,MNIST_fc,MLP
000053,nnenum,B_established,1,0.5393378853867048,0.610249507862477,0.5534121884959224,established,vnncomp_mnist_fc,MNIST_fc,MLP
000053,nnenum,C_combined,1,0.5484018947465884,0.7971145628442594,0.7553814433408753,established,vnncomp_mnist_fc,MNIST_fc,MLP
000053,pyrat,B_established,1,0.4657814147462706,0.7353101704182322,0.5291381106035161,established,vnncomp_mnist_fc,MNIST_fc,MLP
000053,pyrat,C_combined,1,0.6751810682137259,0.6355395230742301,0.6915081715215728,established,vnncomp_mnist_fc,MNIST_fc,MLP
000054,abcrown,B_established,1,0.487500648678019,0.6636511255579507,0.6986903815215839,established,vnncomp_mnist_fc,MNIST_fc,MLP
000054,abcrown,C_combined,1,0.8663716110595105,0.6876932723228057,0.9239767419455409,established,vnncomp_mnist_fc,MNIST_fc,MLP
000054,marabou,B_established,1,0.4349293374549146,0.4162367405230313,0.44653544287893154,established,vnncomp_mnist_fc,MNIST_fc,MLP
000054,marabou,C_combined,1,0.529712384856109,0.679763588723388,0.7299037823618187,established,vnncomp_mnist_fc,MNIST_fc,MLP
000054,neuralsat,B_established,1,0.4489588748274862,0.733482462877213,0.625973256934466,established,vnncomp_mnist_fc,MNIST_fc,MLP
000054,neuralsat,C_combined,1,0.4422315019959785,0.6540892401471143,0.6921388584999291,established,vnncomp_mnist_fc,MNIST_fc,MLP
000054,nnenum,B_established,1,0.5393378853867048,0.6265509619745522,0.5629330285808971,established,vnncomp_mnist_fc,MNIST_fc,MLP
000054,nnenum,C_combined,1,0.5484018947465884,0.8357414731365095,0.8215351378748699,established,vnncomp_mnist_fc,MNIST_fc,MLP
000054,pyrat,B_established,1,0.4657814147462706,0.8690799964593532,0.7899965790600827,established,vnncomp_mnist_fc,MNIST_fc,MLP
000054,pyrat,C_combined,1,0.6751810682137259,0.657128100534007,0.7302191842342135,established,vnncomp_mnist_fc,MNIST_fc,MLP
000055,abcrown,B_established,1,0.487500648678019,0.6739664030753587,0.7230902581219099,established,vnncomp_mnist_fc,MNIST_fc,MLP
000055,abcrown,C_combined,1,0.8663716110595105,0.6817693862038123,0.9226254983864763,established,vnncomp_mnist_fc,MNIST_fc,MLP
000055,marabou,B_established,1,0.4349293374549146,0.4179735913732352,0.4471554847078531,established,vnncomp_mnist_fc,MNIST_fc,MLP
000055,marabou,C_combined,1,0.529712384856109,0.6758588884273125,0.7285864757570661,established,vnncomp_mnist_fc,MNIST_fc,MLP
000055,neuralsat,B_established,1,0.4489588748274862,0.7642136540877125,0.6703454140293419,established,vnncomp_mnist_fc,MNIST_fc,MLP
000055,neuralsat,C_combined,1,0.4422315019959785,0.6570730062423279,0.6999599291391185,established,vnncomp_mnist_fc,MNIST_fc,MLP
000055,nnenum,B_established,1,0.5393378853867048,0.6250723425548356,0.5626081062178617,established,vnncomp_mnist_fc,MNIST_fc,MLP
000055,nnenum,C_combined,1,0.5484018947465884,0.8267184922092564,0.8226018564097103,established,vnncomp_mnist_fc,MNIST_fc,MLP
000055,pyrat,B_established,1,0.4657814147462706,0.8541966818783383,0.794917311539774,established,vnncomp_mnist_fc,MNIST_fc,MLP
000055,pyrat,C_combined,1,0.6751810682137259,0.6467431074162832,0.7271901282339516,established,vnncomp_mnist_fc,MNIST_fc,MLP
000056,abcrown,B_established,1,0.487500648678019,0.6550805408805132,0.6751015078480169,established,vnncomp_mnist_fc,MNIST_fc,MLP
000056,abcrown,C_combined,1,0.8663716110595105,0.680613755758025,0.9219918270421905,established,vnncomp_mnist_fc,MNIST_fc,MLP
000056,marabou,B_established,1,0.4349293374549146,0.41438916066881903,0.44437473255075843,established,vnncomp_mnist_fc,MNIST_fc,MLP
000056,marabou,C_combined,1,0.529712384856109,0.6710343053728692,0.713872779748049,established,vnncomp_mnist_fc,MNIST_fc,MLP
000056,neuralsat,B_established,1,0.4489588748274862,0.7575442094142495,0.6598949781814307,established,vnncomp_mnist_fc,MNIST_fc,MLP
000056,neuralsat,C_combined,1,0.4422315019959785,0.6524114134730483,0.6868353226558022,established,vnncomp_mnist_fc,MNIST_fc,MLP
000056,nnenum,B_established,1,0.5393378853867048,0.6214046457594792,0.5600421585042783,established,vnncomp_mnist_fc,MNIST_fc,MLP
000056,nnenum,C_combined,1,0.5484018947465884,0.8227788658366674,0.8047731961645775,established,vnncomp_mnist_fc,MNIST_fc,MLP
000056,pyrat,B_established,0,0.4657814147462706,0.8194018090091975,0.7391804688037934,established,vnncomp_mnist_fc,MNIST_fc,MLP
000056,pyrat,C_combined,0,0.6751810682137259,0.6519604753908722,0.7193647701676457,established,vnncomp_mnist_fc,MNIST_fc,MLP
000057,abcrown,B_established,1,0.487500648678019,0.6317240384239765,0.6203984176616513,established,vnncomp_mnist_fc,MNIST_fc,MLP
000057,abcrown,C_combined,1,0.8663716110595105,0.6763290360027727,0.920458863548798,established,vnncomp_mnist_fc,MNIST_fc,MLP
000057,marabou,B_established,1,0.4349293374549146,0.4106447392039816,0.44133511784115936,established,vnncomp_mnist_fc,MNIST_fc,MLP
000057,marabou,C_combined,1,0.529712384856109,0.6628646996084078,0.6943418673954199,established,vnncomp_mnist_fc,MNIST_fc,MLP
000057,neuralsat,B_established,1,0.4489588748274862,0.7512628993745958,0.6493206034355781,established,vnncomp_mnist_fc,MNIST_fc,MLP
000057,neuralsat,C_combined,1,0.4422315019959785,0.6463668061858809,0.6707384966364878,established,vnncomp_mnist_fc,MNIST_fc,MLP
000057,nnenum,B_established,1,0.5393378853867048,0.616126415701104,0.5566350375818947,established,vnncomp_mnist_fc,MNIST_fc,MLP
000057,nnenum,C_combined,1,0.5484018947465884,0.8140797530303235,0.7817112163906997,established,vnncomp_mnist_fc,MNIST_fc,MLP
000057,pyrat,B_established,0,0.4657814147462706,0.7643334702834281,0.635255356180781,established,vnncomp_mnist_fc,MNIST_fc,MLP
000057,pyrat,C_combined,0,0.6751810682137259,0.6526630192959451,0.7077643189644602,established,vnncomp_mnist_fc,MNIST_fc,MLP
000058,abcrown,B_established,1,0.487500648678019,0.6659450290278695,0.7314552890699948,established,vnncomp_mnist_fc,MNIST_fc,MLP
000058,abcrown,C_combined,1,0.8663716110595105,0.6551691567614641,0.9142664156586875,established,vnncomp_mnist_fc,MNIST_fc,MLP
000058,marabou,B_established,1,0.4349293374549146,0.4101399917463226,0.4430998417963095,established,vnncomp_mnist_fc,MNIST_fc,MLP
000058,marabou,C_combined,1,0.529712384856109,0.6419468962992794,0.6519322324049698,established,vnncomp_mnist_fc,MNIST_fc,MLP
000058,neuralsat,B_established,1,0.4489588748274862,0.7087394640234719,0.5861071912505059,established,vnncomp_mnist_fc,MNIST_fc,MLP
000058,neuralsat,C_combined,1,0.4422315019959785,0.5682967925512751,0.6200998681491985,established,vnncomp_mnist_fc,MNIST_fc,MLP
000058,nnenum,B_established,1,0.5393378853867048,0.6117985079332421,0.555524303549359,established,vnncomp_mnist_fc,MNIST_fc,MLP
000058,nnenum,C_combined,1,0.5484018947465884,0.7774667215921204,0.7119503137691541,established,vnncomp_mnist_fc,MNIST_fc,MLP
000058,pyrat,B_established,1,0.4657814147462706,0.7845652792164393,0.5840845119485855,established,vnncomp_mnist_fc,MNIST_fc,MLP
000058,pyrat,C_combined,1,0.6751810682137259,0.6405815861272541,0.6949210440371555,established,vnncomp_mnist_fc,MNIST_fc,MLP
000059,abcrown,B_established,1,0.487500648678019,0.6642068194695477,0.6889392105295682,established,vnncomp_mnist_fc,MNIST_fc,MLP
000059,abcrown,C_combined,1,0.8663716110595105,0.6662041148383294,0.9185972015323515,established,vnncomp_mnist_fc,MNIST_fc,MLP
000059,marabou,B_established,1,0.4349293374549146,0.41247021589898647,0.44294401602706757,established,vnncomp_mnist_fc,MNIST_fc,MLP
000059,marabou,C_combined,1,0.529712384856109,0.6564531291588267,0.6792439569628942,established,vnncomp_mnist_fc,MNIST_fc,MLP
000059,neuralsat,B_established,1,0.4489588748274862,0.7788488227384197,0.6848927708184938,established,vnncomp_mnist_fc,MNIST_fc,MLP
000059,neuralsat,C_combined,1,0.4422315019959785,0.6461882127005619,0.6883366833307779,established,vnncomp_mnist_fc,MNIST_fc,MLP
000059,nnenum,B_established,1,0.5393378853867048,0.6201001648695249,0.5593570110405098,established,vnncomp_mnist_fc,MNIST_fc,MLP
000059,nnenum,C_combined,1,0.5484018947465884,0.8165492704229808,0.7720610958516833,established,vnncomp_mnist_fc,MNIST_fc,MLP
000059,pyrat,B_established,1,0.4657814147462706,0.8488217975355056,0.7497522725903011,established,vnncomp_mnist_fc,MNIST_fc,MLP
000059,pyrat,C_combined,1,0.6751810682137259,0.6465849337372589,0.7092551396053443,established,vnncomp_mnist_fc,MNIST_fc,MLP
000060,abcrown,B_established,1,0.487500648678019,0.6705301001576277,0.7060310779199954,established,vnncomp_mnist_fc,MNIST_fc,MLP
000060,abcrown,C_combined,1,0.8663716110595105,0.6886547744420501,0.9246529924743676,established,vnncomp_mnist_fc,MNIST_fc,MLP
000060,marabou,B_established,1,0.4349293374549146,0.4171440544584984,0.4463338292264254,established,vnncomp_mnist_fc,MNIST_fc,MLP
000060,marabou,C_combined,1,0.529712384856109,0.6813212864028498,0.7317494977768315,established,vnncomp_mnist_fc,MNIST_fc,MLP
000060,neuralsat,B_established,1,0.4489588748274862,0.7901930511049287,0.7109092805649928,established,vnncomp_mnist_fc,MNIST_fc,MLP
000060,neuralsat,C_combined,1,0.4422315019959785,0.6623309164621742,0.7091375543053189,established,vnncomp_mnist_fc,MNIST_fc,MLP
000060,nnenum,B_established,1,0.5393378853867048,0.6277119410898345,0.5639152397295382,established,vnncomp_mnist_fc,MNIST_fc,MLP
000060,nnenum,C_combined,1,0.5484018947465884,0.8338171932180524,0.8227190658377734,established,vnncomp_mnist_fc,MNIST_fc,MLP
000061,abcrown,B_established,0,0.7670935442587278,0.709313760012527,0.5590967490179652,established,vnncomp_mnist_fc,MNIST_fc,MLP
000061,abcrown,C_combined,0,0.6456483716117052,0.8268063793562386,0.9671490981488932,established,vnncomp_mnist_fc,MNIST_fc,MLP
000061,marabou,B_established,0,0.4872164363343957,0.4679846474259219,0.5426382472664852,established,vnncomp_mnist_fc,MNIST_fc,MLP
000061,marabou,C_combined,0,0.26607556840773317,0.8793086637274928,0.9624789235319989,established,vnncomp_mnist_fc,MNIST_fc,MLP
000061,neuralsat,B_established,0,0.7784079669184715,0.7735477489058635,0.7662490580950501,established,vnncomp_mnist_fc,MNIST_fc,MLP
000061,neuralsat,C_combined,0,0.5093886333772578,0.7814991197251403,0.82866990629667,established,vnncomp_mnist_fc,MNIST_fc,MLP
000061,nnenum,B_established,0,0.6340089422876863,0.6987801755704564,0.689065066883294,established,vnncomp_mnist_fc,MNIST_fc,MLP
000061,nnenum,C_combined,0,0.36637031015605054,0.9483805375531373,0.9621904906995681,established,vnncomp_mnist_fc,MNIST_fc,MLP
000061,pyrat,B_established,0,0.4410195191255319,0.7306362318755749,0.3963497966044516,established,vnncomp_mnist_fc,MNIST_fc,MLP
000061,pyrat,C_combined,0,0.32579929990941725,0.7503378291296914,0.6103630234534649,established,vnncomp_mnist_fc,MNIST_fc,MLP
000062,abcrown,B_established,1,0.7670935442587278,0.7394680437911778,0.7335393667703268,established,vnncomp_mnist_fc,MNIST_fc,MLP
000062,abcrown,C_combined,1,0.6456483716117052,0.8321499504486587,0.9705048033374585,established,vnncomp_mnist_fc,MNIST_fc,MLP
000062,marabou,B_established,1,0.4872164363343957,0.4778867816362669,0.551192703426995,established,vnncomp_mnist_fc,MNIST_fc,MLP
000062,marabou,C_combined,1,0.26607556840773317,0.8857501636809662,0.966099598714029,established,vnncomp_mnist_fc,MNIST_fc,MLP
000062,neuralsat,B_established,1,0.7784079669184715,0.7838165631141248,0.7819161288292558,established,vnncomp_mnist_fc,MNIST_fc,MLP
000062,neuralsat,C_combined,1,0.5093886333772578,0.7114267643407516,0.8168282126920795,established,vnncomp_mnist_fc,MNIST_fc,MLP
000062,nnenum,B_established,1,0.6340089422876863,0.7016594718009783,0.6952247435010592,established,vnncomp_mnist_fc,MNIST_fc,MLP
000062,nnenum,C_combined,1,0.36637031015605054,0.9365874694544474,0.9534120916732618,established,vnncomp_mnist_fc,MNIST_fc,MLP
000062,pyrat,B_established,1,0.4410195191255319,0.7157809385564525,0.494204668665036,established,vnncomp_mnist_fc,MNIST_fc,MLP
000062,pyrat,C_combined,1,0.32579929990941725,0.7559353431393562,0.6360745143613649,established,vnncomp_mnist_fc,MNIST_fc,MLP
000063,abcrown,B_established,0,0.7670935442587278,0.721682098411579,0.6135624223772345,established,vnncomp_mnist_fc,MNIST_fc,MLP
000063,abcrown,C_combined,0,0.6456483716117052,0.8295098550821194,0.9682087092153605,established,vnncomp_mnist_fc,MNIST_fc,MLP
000063,marabou,B_established,0,0.4872164363343957,0.4726840637072912,0.5468069490648729,established,vnncomp_mnist_fc,MNIST_fc,MLP
000063,marabou,C_combined,1,0.26607556840773317,0.8823936183248421,0.9656296996352489,established,vnncomp_mnist_fc,MNIST_fc,MLP
000063,neuralsat,B_established,1,0.7784079669184715,0.7800450929862294,0.7741520833013237,established,vnncomp_mnist_fc,MNIST_fc,MLP
000063,neuralsat,C_combined,1,0.5093886333772578,0.7845628870479381,0.8323326570272174,established,vnncomp_mnist_fc,MNIST_fc,MLP
000063,nnenum,B_established,0,0.6340089422876863,0.701662356310068,0.6917402333227349,established,vnncomp_mnist_fc,MNIST_fc,MLP
000063,nnenum,C_combined,1,0.36637031015605054,0.949053829685942,0.9649397740735945,established,vnncomp_mnist_fc,MNIST_fc,MLP
000063,pyrat,B_established,0,0.4410195191255319,0.7221140154129556,0.4358975174576972,established,vnncomp_mnist_fc,MNIST_fc,MLP
000063,pyrat,C_combined,0,0.32579929990941725,0.7450149696958104,0.6200639480210858,established,vnncomp_mnist_fc,MNIST_fc,MLP
000064,abcrown,B_established,0,0.7670935442587278,0.7116436299787775,0.5681839602405951,established,vnncomp_mnist_fc,MNIST_fc,MLP
000064,abcrown,C_combined,0,0.6456483716117052,0.8302176651702304,0.9683584671075061,established,vnncomp_mnist_fc,MNIST_fc,MLP
000064,marabou,B_established,0,0.4872164363343957,0.47071667139022627,0.5451031518586407,established,vnncomp_mnist_fc,MNIST_fc,MLP
000064,marabou,C_combined,0,0.26607556840773317,0.882196568187178,0.965369418100931,established,vnncomp_mnist_fc,MNIST_fc,MLP
000064,neuralsat,B_established,0,0.7784079669184715,0.7764977421336525,0.7700305292646574,established,vnncomp_mnist_fc,MNIST_fc,MLP
000064,neuralsat,C_combined,0,0.5093886333772578,0.785056600901418,0.8291188523653741,established,vnncomp_mnist_fc,MNIST_fc,MLP
000064,nnenum,B_established,0,0.6340089422876863,0.7003894548135632,0.6902386461659268,established,vnncomp_mnist_fc,MNIST_fc,MLP
000064,nnenum,C_combined,0,0.36637031015605054,0.9490746572654818,0.9644649322641762,established,vnncomp_mnist_fc,MNIST_fc,MLP
000064,pyrat,B_established,0,0.4410195191255319,0.7076115524933859,0.4026437180655578,established,vnncomp_mnist_fc,MNIST_fc,MLP
000064,pyrat,C_combined,0,0.32579929990941725,0.747716666598604,0.615489284400812,established,vnncomp_mnist_fc,MNIST_fc,MLP
000065,abcrown,B_established,0,0.7670935442587278,0.7087104469995278,0.5568950718207768,established,vnncomp_mnist_fc,MNIST_fc,MLP
000065,abcrown,C_combined,0,0.6456483716117052,0.8241536265149358,0.9661769619635325,established,vnncomp_mnist_fc,MNIST_fc,MLP
000065,marabou,B_established,0,0.4872164363343957,0.46623648143257157,0.5410300441024438,established,vnncomp_mnist_fc,MNIST_fc,MLP
000065,marabou,C_combined,0,0.26607556840773317,0.8771155592493513,0.9600860396204067,established,vnncomp_mnist_fc,MNIST_fc,MLP
000065,neuralsat,B_established,0,0.7784079669184715,0.7723363713421211,0.7645526622172839,established,vnncomp_mnist_fc,MNIST_fc,MLP
000065,neuralsat,C_combined,0,0.5093886333772578,0.7793539472692359,0.8288677123595087,established,vnncomp_mnist_fc,MNIST_fc,MLP
000065,nnenum,B_established,0,0.6340089422876863,0.69769199355487,0.6883286579944315,established,vnncomp_mnist_fc,MNIST_fc,MLP
000065,nnenum,C_combined,0,0.36637031015605054,0.9478633486228561,0.9604171713311974,established,vnncomp_mnist_fc,MNIST_fc,MLP
000065,pyrat,B_established,0,0.4410195191255319,0.7466389598756262,0.3948170901272139,established,vnncomp_mnist_fc,MNIST_fc,MLP
000065,pyrat,C_combined,0,0.32579929990941725,0.7517446730286628,0.6069764022338833,established,vnncomp_mnist_fc,MNIST_fc,MLP
000066,abcrown,B_established,0,0.7670935442587278,0.7247195333680051,0.6238421534246876,established,vnncomp_mnist_fc,MNIST_fc,MLP
000066,abcrown,C_combined,0,0.6456483716117052,0.8297101064384579,0.9682531490278817,established,vnncomp_mnist_fc,MNIST_fc,MLP
000066,marabou,B_established,0,0.4872164363343957,0.47304981506814325,0.5470711812687907,established,vnncomp_mnist_fc,MNIST_fc,MLP
000066,marabou,C_combined,1,0.26607556840773317,0.8821762226113812,0.9652817270707814,established,vnncomp_mnist_fc,MNIST_fc,MLP
000066,neuralsat,B_established,0,0.7784079669184715,0.7864979401386046,0.781452617720288,established,vnncomp_mnist_fc,MNIST_fc,MLP
000066,neuralsat,C_combined,0,0.5093886333772578,0.7886306408940287,0.8390487128109083,established,vnncomp_mnist_fc,MNIST_fc,MLP
000066,nnenum,B_established,1,0.6340089422876863,0.703188707827166,0.693126208994727,established,vnncomp_mnist_fc,MNIST_fc,MLP
000066,nnenum,C_combined,1,0.36637031015605054,0.950070962029768,0.9650779747470681,established,vnncomp_mnist_fc,MNIST_fc,MLP
000066,pyrat,B_established,0,0.4410195191255319,0.7466041007613653,0.4563204123478212,established,vnncomp_mnist_fc,MNIST_fc,MLP
000066,pyrat,C_combined,0,0.32579929990941725,0.7503688441089074,0.6257786331688197,established,vnncomp_mnist_fc,MNIST_fc,MLP
000067,abcrown,B_established,1,0.7670935442587278,0.8146948635638938,0.9587246326498853,established,vnncomp_mnist_fc,MNIST_fc,MLP
000067,abcrown,C_combined,1,0.6456483716117052,0.8677118469084009,0.9801146812256203,established,vnncomp_mnist_fc,MNIST_fc,MLP
000067,marabou,B_established,1,0.4872164363343957,0.5103624709797782,0.5847395893034146,established,vnncomp_mnist_fc,MNIST_fc,MLP
000067,marabou,C_combined,1,0.26607556840773317,0.9122447748350062,0.9769454710032427,established,vnncomp_mnist_fc,MNIST_fc,MLP
000067,neuralsat,B_established,0,0.7784079669184715,0.7253822411015458,0.7242201928145378,established,vnncomp_mnist_fc,MNIST_fc,MLP
000067,neuralsat,C_combined,0,0.5093886333772578,0.5900045160226637,0.8088337726186644,established,vnncomp_mnist_fc,MNIST_fc,MLP
000067,nnenum,B_established,1,0.6340089422876863,0.7441050926119418,0.732273449227348,established,vnncomp_mnist_fc,MNIST_fc,MLP
000067,nnenum,C_combined,1,0.36637031015605054,0.9384124204582024,0.9475251158496437,established,vnncomp_mnist_fc,MNIST_fc,MLP
000067,pyrat,B_established,1,0.4410195191255319,0.955993510169362,0.9115082198259599,established,vnncomp_mnist_fc,MNIST_fc,MLP
000067,pyrat,C_combined,1,0.32579929990941725,0.7933956058578635,0.7429235092659531,established,vnncomp_mnist_fc,MNIST_fc,MLP
000068,abcrown,B_established,1,0.7670935442587278,0.7017094572928254,0.5941436983967746,established,vnncomp_mnist_fc,MNIST_fc,MLP
000068,abcrown,C_combined,1,0.6456483716117052,0.8121950261437011,0.9643532129326747,established,vnncomp_mnist_fc,MNIST_fc,MLP
000068,marabou,B_established,1,0.4872164363343957,0.46082209304699306,0.5352390524645985,established,vnncomp_mnist_fc,MNIST_fc,MLP
000068,marabou,C_combined,1,0.26607556840773317,0.8689345520807346,0.9471373680879627,established,vnncomp_mnist_fc,MNIST_fc,MLP
000068,neuralsat,B_established,1,0.7784079669184715,0.7559753257555911,0.7493266813735084,established,vnncomp_mnist_fc,MNIST_fc,MLP
000068,neuralsat,C_combined,1,0.5093886333772578,0.665438336719162,0.7759875106163167,established,vnncomp_mnist_fc,MNIST_fc,MLP
000068,nnenum,B_established,1,0.6340089422876863,0.6816497340558109,0.6794073513373731,established,vnncomp_mnist_fc,MNIST_fc,MLP
000068,nnenum,C_combined,1,0.36637031015605054,0.9099811141770132,0.9212471397125078,established,vnncomp_mnist_fc,MNIST_fc,MLP
000068,pyrat,B_established,0,0.4410195191255319,0.6229658063180913,0.3263636712403808,established,vnncomp_mnist_fc,MNIST_fc,MLP
000068,pyrat,C_combined,0,0.32579929990941725,0.7472858987049186,0.575560316127311,established,vnncomp_mnist_fc,MNIST_fc,MLP
000069,abcrown,B_established,0,0.7670935442587278,0.6860074972827904,0.4777756497525282,established,vnncomp_mnist_fc,MNIST_fc,MLP
000069,abcrown,C_combined,0,0.6456483716117052,0.8076266915968773,0.9588140478869693,established,vnncomp_mnist_fc,MNIST_fc,MLP
000069,marabou,B_established,0,0.4872164363343957,0.45521902041957507,0.530638304610626,established,vnncomp_mnist_fc,MNIST_fc,MLP
000069,marabou,C_combined,0,0.26607556840773317,0.8645669913667682,0.9453848190374317,established,vnncomp_mnist_fc,MNIST_fc,MLP
000069,neuralsat,B_established,0,0.7784079669184715,0.7499390211954361,0.7370383146265486,established,vnncomp_mnist_fc,MNIST_fc,MLP
000069,neuralsat,C_combined,0,0.5093886333772578,0.7592986027810548,0.8022700876902953,established,vnncomp_mnist_fc,MNIST_fc,MLP
000069,nnenum,B_established,0,0.6340089422876863,0.6833149922345282,0.6767877259220911,established,vnncomp_mnist_fc,MNIST_fc,MLP
000069,nnenum,C_combined,0,0.36637031015605054,0.9393656631609698,0.9479670035221798,established,vnncomp_mnist_fc,MNIST_fc,MLP
000069,pyrat,B_established,0,0.4410195191255319,0.6794463615089242,0.29571756597812565,established,vnncomp_mnist_fc,MNIST_fc,MLP
000069,pyrat,C_combined,0,0.32579929990941725,0.7351299206255735,0.5595270525128482,established,vnncomp_mnist_fc,MNIST_fc,MLP
000070,abcrown,B_established,1,0.7670935442587278,0.7106129051301876,0.5691003015122716,established,vnncomp_mnist_fc,MNIST_fc,MLP
000070,abcrown,C_combined,1,0.6456483716117052,0.8144698082030176,0.9622930424166656,established,vnncomp_mnist_fc,MNIST_fc,MLP
000070,marabou,B_established,1,0.4872164363343957,0.46260790897887816,0.537464148943292,established,vnncomp_mnist_fc,MNIST_fc,MLP
000070,marabou,C_combined,1,0.26607556840773317,0.8706613888926512,0.9531388656196189,established,vnncomp_mnist_fc,MNIST_fc,MLP
000070,neuralsat,B_established,1,0.7784079669184715,0.7668171611115157,0.7572685468861283,established,vnncomp_mnist_fc,MNIST_fc,MLP
000070,neuralsat,C_combined,1,0.5093886333772578,0.7707218044613421,0.8225935318760182,established,vnncomp_mnist_fc,MNIST_fc,MLP
000070,nnenum,B_established,1,0.6340089422876863,0.6923432039513777,0.6846093225287107,established,vnncomp_mnist_fc,MNIST_fc,MLP
000070,nnenum,C_combined,1,0.36637031015605054,0.9442832683666126,0.9554202737659485,established,vnncomp_mnist_fc,MNIST_fc,MLP
000070,pyrat,B_established,1,0.4410195191255319,0.7448191583240877,0.3819418302182741,established,vnncomp_mnist_fc,MNIST_fc,MLP
000070,pyrat,C_combined,1,0.32579929990941725,0.7420425162851765,0.5896447234021684,established,vnncomp_mnist_fc,MNIST_fc,MLP
000071,abcrown,B_established,0,0.7670935442587278,0.7025002320865339,0.5358552795859935,established,vnncomp_mnist_fc,MNIST_fc,MLP
000071,abcrown,C_combined,0,0.6456483716117052,0.8175773949437477,0.9635686737846051,established,vnncomp_mnist_fc,MNIST_fc,MLP
000071,marabou,B_established,0,0.4872164363343957,0.46225044593534753,0.5372943315532324,established,vnncomp_mnist_fc,MNIST_fc,MLP
000071,marabou,C_combined,1,0.26607556840773317,0.8724645160075326,0.9551960531275843,established,vnncomp_mnist_fc,MNIST_fc,MLP
000071,neuralsat,B_established,0,0.7784079669184715,0.7627888130686777,0.7529270691321364,established,vnncomp_mnist_fc,MNIST_fc,MLP
000071,neuralsat,C_combined,0,0.5093886333772578,0.7702251031090568,0.8186677507338158,established,vnncomp_mnist_fc,MNIST_fc,MLP
000071,nnenum,B_established,0,0.6340089422876863,0.6923180074546238,0.6841155791626903,established,vnncomp_mnist_fc,MNIST_fc,MLP
000071,nnenum,C_combined,0,0.36637031015605054,0.9446293018458363,0.9562030425002479,established,vnncomp_mnist_fc,MNIST_fc,MLP
000071,pyrat,B_established,0,0.4410195191255319,0.7265675656565282,0.3595481715939447,established,vnncomp_mnist_fc,MNIST_fc,MLP
000071,pyrat,C_combined,0,0.32579929990941725,0.7443075818417925,0.5891089728861517,established,vnncomp_mnist_fc,MNIST_fc,MLP
000072,abcrown,B_established,0,0.7670935442587278,0.7063950297578415,0.5475708223991688,established,vnncomp_mnist_fc,MNIST_fc,MLP
000072,abcrown,C_combined,0,0.6456483716117052,0.8273852342785524,0.9673179674919019,established,vnncomp_mnist_fc,MNIST_fc,MLP
000072,marabou,B_established,0,0.4872164363343957,0.4679378746475539,0.5426438940195768,established,vnncomp_mnist_fc,MNIST_fc,MLP
000072,marabou,C_combined,0,0.26607556840773317,0.8798639303524665,0.9631854032396878,established,vnncomp_mnist_fc,MNIST_fc,MLP
000072,neuralsat,B_established,0,0.7784079669184715,0.7700866681559915,0.7623094057104571,established,vnncomp_mnist_fc,MNIST_fc,MLP
000072,neuralsat,C_combined,0,0.5093886333772578,0.7809656023079964,0.8248333729085541,established,vnncomp_mnist_fc,MNIST_fc,MLP
000072,nnenum,B_established,0,0.6340089422876863,0.6981077605940053,0.6883058909274794,established,vnncomp_mnist_fc,MNIST_fc,MLP
000072,nnenum,C_combined,0,0.36637031015605054,0.9480771083038126,0.9625805841453827,established,vnncomp_mnist_fc,MNIST_fc,MLP
000072,pyrat,B_established,0,0.4410195191255319,0.71176916527858,0.3829529115599202,established,vnncomp_mnist_fc,MNIST_fc,MLP
000072,pyrat,C_combined,0,0.32579929990941725,0.7473938916245243,0.6074639666370423,established,vnncomp_mnist_fc,MNIST_fc,MLP
000073,abcrown,B_established,1,0.7670935442587278,0.7132502578418849,0.5953196387459947,established,vnncomp_mnist_fc,MNIST_fc,MLP
000073,abcrown,C_combined,1,0.6456483716117052,0.8154242789630539,0.9633127031048018,established,vnncomp_mnist_fc,MNIST_fc,MLP
000073,marabou,B_established,1,0.4872164363343957,0.4641207427082671,0.5390531162273122,established,vnncomp_mnist_fc,MNIST_fc,MLP
000073,marabou,C_combined,1,0.26607556840773317,0.8726218677834675,0.9554479982433003,established,vnncomp_mnist_fc,MNIST_fc,MLP
000073,neuralsat,B_established,1,0.7784079669184715,0.754256948370912,0.7436586575317228,established,vnncomp_mnist_fc,MNIST_fc,MLP
000073,neuralsat,C_combined,1,0.5093886333772578,0.7522681129557907,0.8088555134400972,established,vnncomp_mnist_fc,MNIST_fc,MLP
000073,nnenum,B_established,1,0.6340089422876863,0.6914748143065309,0.6842560721547787,established,vnncomp_mnist_fc,MNIST_fc,MLP
000073,nnenum,C_combined,1,0.36637031015605054,0.9413488742196193,0.9550134682503473,established,vnncomp_mnist_fc,MNIST_fc,MLP
000073,pyrat,B_established,0,0.4410195191255319,0.7199144320905607,0.3793558051991487,established,vnncomp_mnist_fc,MNIST_fc,MLP
000073,pyrat,C_combined,0,0.32579929990941725,0.7342421513291858,0.5873805243112526,established,vnncomp_mnist_fc,MNIST_fc,MLP
000074,abcrown,B_established,0,0.7670935442587278,0.7059762218419743,0.5507888007623091,established,vnncomp_mnist_fc,MNIST_fc,MLP
000074,abcrown,C_combined,0,0.6456483716117052,0.8108925796926669,0.9606753766845555,established,vnncomp_mnist_fc,MNIST_fc,MLP
000074,marabou,B_established,0,0.4872164363343957,0.46020586577282296,0.5351464664884797,established,vnncomp_mnist_fc,MNIST_fc,MLP
000074,marabou,C_combined,0,0.26607556840773317,0.8677717021761691,0.9494480579817356,established,vnncomp_mnist_fc,MNIST_fc,MLP
000074,neuralsat,B_established,0,0.7784079669184715,0.7646159166498446,0.7543887811626101,established,vnncomp_mnist_fc,MNIST_fc,MLP
000074,neuralsat,C_combined,0,0.5093886333772578,0.7672115487562629,0.8188877128737865,established,vnncomp_mnist_fc,MNIST_fc,MLP
000074,nnenum,B_established,0,0.6340089422876863,0.6894297257652914,0.6823361023806993,established,vnncomp_mnist_fc,MNIST_fc,MLP
000074,nnenum,C_combined,1,0.36637031015605054,0.9426061185981951,0.9524001125804287,established,vnncomp_mnist_fc,MNIST_fc,MLP
000074,pyrat,B_established,0,0.4410195191255319,0.7343914003473205,0.36096713110807127,established,vnncomp_mnist_fc,MNIST_fc,MLP
000074,pyrat,C_combined,0,0.32579929990941725,0.7402958402854026,0.5805670201707442,established,vnncomp_mnist_fc,MNIST_fc,MLP
000075,abcrown,B_established,0,0.7670935442587278,0.71158901681952,0.5704462848917691,established,vnncomp_mnist_fc,MNIST_fc,MLP
000075,abcrown,C_combined,0,0.6456483716117052,0.8203913900658021,0.9646836574076092,established,vnncomp_mnist_fc,MNIST_fc,MLP
000075,marabou,B_established,0,0.4872164363343957,0.46598812880883456,0.5404977714733016,established,vnncomp_mnist_fc,MNIST_fc,MLP
000075,marabou,C_combined,0,0.26607556840773317,0.8752294909303643,0.958826042863301,established,vnncomp_mnist_fc,MNIST_fc,MLP
000075,neuralsat,B_established,0,0.7784079669184715,0.7739353525024724,0.7661355070850387,established,vnncomp_mnist_fc,MNIST_fc,MLP
000075,neuralsat,C_combined,0,0.5093886333772578,0.7772097180955417,0.8259041330673771,established,vnncomp_mnist_fc,MNIST_fc,MLP
000075,nnenum,B_established,0,0.6340089422876863,0.6950122776343302,0.6865414929766622,established,vnncomp_mnist_fc,MNIST_fc,MLP
000075,nnenum,C_combined,0,0.36637031015605054,0.9458204935083504,0.9594084272690571,established,vnncomp_mnist_fc,MNIST_fc,MLP
000075,pyrat,B_established,0,0.4410195191255319,0.7200612072414869,0.38862574471731653,established,vnncomp_mnist_fc,MNIST_fc,MLP
000075,pyrat,C_combined,0,0.32579929990941725,0.7432173666166257,0.59908287434868,established,vnncomp_mnist_fc,MNIST_fc,MLP
000076,abcrown,B_established,1,0.7670935442587278,0.7502597447117417,0.7351724101827793,established,vnncomp_mnist_fc,MNIST_fc,MLP
000076,abcrown,C_combined,1,0.6456483716117052,0.846614560493963,0.9737305479129958,established,vnncomp_mnist_fc,MNIST_fc,MLP
000076,marabou,B_established,1,0.4872164363343957,0.48745908903869895,0.5604962901363164,established,vnncomp_mnist_fc,MNIST_fc,MLP
000076,marabou,C_combined,1,0.26607556840773317,0.8942532943388889,0.9732055817231504,established,vnncomp_mnist_fc,MNIST_fc,MLP
000076,neuralsat,B_established,1,0.7784079669184715,0.8077047870851907,0.8067455553301658,established,vnncomp_mnist_fc,MNIST_fc,MLP
000076,neuralsat,C_combined,1,0.5093886333772578,0.8086595653442114,0.8611076461041473,established,vnncomp_mnist_fc,MNIST_fc,MLP
000076,nnenum,B_established,1,0.6340089422876863,0.7195153423930762,0.7063381411476917,established,vnncomp_mnist_fc,MNIST_fc,MLP
000076,nnenum,C_combined,1,0.36637031015605054,0.9573204391377361,0.9726493436497738,established,vnncomp_mnist_fc,MNIST_fc,MLP
000076,pyrat,B_established,1,0.4410195191255319,0.7982985667790579,0.613218672975439,established,vnncomp_mnist_fc,MNIST_fc,MLP
000076,pyrat,C_combined,1,0.32579929990941725,0.7633597591127138,0.6759286585692269,established,vnncomp_mnist_fc,MNIST_fc,MLP
000077,abcrown,B_established,1,0.7670935442587278,0.7755363005636805,0.8582137276704683,established,vnncomp_mnist_fc,MNIST_fc,MLP
000077,abcrown,C_combined,1,0.6456483716117052,0.8494128018500874,0.9751832942985553,established,vnncomp_mnist_fc,MNIST_fc,MLP
000077,marabou,B_established,1,0.4872164363343957,0.49568292060792957,0.5674851804998846,established,vnncomp_mnist_fc,MNIST_fc,MLP
000077,marabou,C_combined,1,0.26607556840773317,0.8982634796068745,0.9743126039678419,established,vnncomp_mnist_fc,MNIST_fc,MLP
000077,neuralsat,B_established,1,0.7784079669184715,0.8154950757795708,0.817231215921832,established,vnncomp_mnist_fc,MNIST_fc,MLP
000077,neuralsat,C_combined,1,0.5093886333772578,0.7529376961984283,0.853358838762848,established,vnncomp_mnist_fc,MNIST_fc,MLP
000077,nnenum,B_established,1,0.6340089422876863,0.7216025149509926,0.7114626042386174,established,vnncomp_mnist_fc,MNIST_fc,MLP
000077,nnenum,C_combined,1,0.36637031015605054,0.9510809133007923,0.9680763677391286,established,vnncomp_mnist_fc,MNIST_fc,MLP
000077,pyrat,B_established,1,0.4410195191255319,0.7984023211041643,0.710836747607798,established,vnncomp_mnist_fc,MNIST_fc,MLP
000077,pyrat,C_combined,1,0.32579929990941725,0.7676335964279277,0.6935294445167106,established,vnncomp_mnist_fc,MNIST_fc,MLP
000078,abcrown,B_established,1,0.7670935442587278,0.7743809591208287,0.833505631688473,established,vnncomp_mnist_fc,MNIST_fc,MLP
000078,abcrown,C_combined,1,0.6456483716117052,0.8504856001191999,0.9749673472462191,established,vnncomp_mnist_fc,MNIST_fc,MLP
000078,marabou,B_established,1,0.4872164363343957,0.4960059187756126,0.5682125906211304,established,vnncomp_mnist_fc,MNIST_fc,MLP
000078,marabou,C_combined,1,0.26607556840773317,0.8981377896373276,0.9751886220021879,established,vnncomp_mnist_fc,MNIST_fc,MLP
000078,neuralsat,B_established,1,0.7784079669184715,0.8167346058537215,0.8170236266160578,established,vnncomp_mnist_fc,MNIST_fc,MLP
000078,neuralsat,C_combined,1,0.5093886333772578,0.8150745105589079,0.8698341777709737,established,vnncomp_mnist_fc,MNIST_fc,MLP
000078,nnenum,B_established,1,0.6340089422876863,0.7265613136257114,0.7127217295744539,established,vnncomp_mnist_fc,MNIST_fc,MLP
000078,nnenum,C_combined,1,0.36637031015605054,0.9592171847807105,0.9749206174829601,established,vnncomp_mnist_fc,MNIST_fc,MLP
000078,pyrat,B_established,1,0.4410195191255319,0.8229966233068321,0.7259568055968431,established,vnncomp_mnist_fc,MNIST_fc,MLP
000078,pyrat,C_combined,1,0.32579929990941725,0.7581051515156207,0.6952146312615828,established,vnncomp_mnist_fc,MNIST_fc,MLP
000079,abcrown,B_established,1,0.7670935442587278,0.7446735750780726,0.7099243977040038,established,vnncomp_mnist_fc,MNIST_fc,MLP
000079,abcrown,C_combined,1,0.6456483716117052,0.8471104648562605,0.9738830352790803,established,vnncomp_mnist_fc,MNIST_fc,MLP
000079,marabou,B_established,1,0.4872164363343957,0.48693761652296147,0.5599955704947555,established,vnncomp_mnist_fc,MNIST_fc,MLP
000079,marabou,C_combined,1,0.26607556840773317,0.894639449595555,0.9735178531758452,established,vnncomp_mnist_fc,MNIST_fc,MLP
000079,neuralsat,B_established,1,0.7784079669184715,0.8049671994680114,0.8037785159860846,established,vnncomp_mnist_fc,MNIST_fc,MLP
000079,neuralsat,C_combined,1,0.5093886333772578,0.8083589113735755,0.8568206388862942,established,vnncomp_mnist_fc,MNIST_fc,MLP
000079,nnenum,B_established,1,0.6340089422876863,0.7178815928346698,0.7047089982559458,established,vnncomp_mnist_fc,MNIST_fc,MLP
000079,nnenum,C_combined,1,0.36637031015605054,0.9568194305076047,0.972668658191038,established,vnncomp_mnist_fc,MNIST_fc,MLP
000079,pyrat,B_established,1,0.4410195191255319,0.7672360716535904,0.578831328957421,established,vnncomp_mnist_fc,MNIST_fc,MLP
000079,pyrat,C_combined,1,0.32579929990941725,0.7596252677442705,0.6706812377651359,established,vnncomp_mnist_fc,MNIST_fc,MLP
000080,abcrown,B_established,1,0.7670935442587278,0.7476085836185066,0.7230268346778879,established,vnncomp_mnist_fc,MNIST_fc,MLP
000080,abcrown,C_combined,1,0.6456483716117052,0.8433160322991021,0.9726966090020512,established,vnncomp_mnist_fc,MNIST_fc,MLP
000080,marabou,B_established,1,0.4872164363343957,0.4844388192239202,0.5577503288304555,established,vnncomp_mnist_fc,MNIST_fc,MLP
000080,marabou,C_combined,1,0.26607556840773317,0.8916001471760844,0.9716025102901042,established,vnncomp_mnist_fc,MNIST_fc,MLP
000080,neuralsat,B_established,1,0.7784079669184715,0.8061155945809938,0.804652274931007,established,vnncomp_mnist_fc,MNIST_fc,MLP
000080,neuralsat,C_combined,1,0.5093886333772578,0.806247600183724,0.861129289579074,established,vnncomp_mnist_fc,MNIST_fc,MLP
000080,nnenum,B_established,1,0.6340089422876863,0.7177488291357932,0.7050239544321297,established,vnncomp_mnist_fc,MNIST_fc,MLP
000080,nnenum,C_combined,1,0.36637031015605054,0.9566861794120245,0.9713788639386207,established,vnncomp_mnist_fc,MNIST_fc,MLP
000080,pyrat,B_established,1,0.4410195191255319,0.8159782086930996,0.6035509009224008,established,vnncomp_mnist_fc,MNIST_fc,MLP
000080,pyrat,C_combined,1,0.32579929990941725,0.7662948167086066,0.671074151762242,established,vnncomp_mnist_fc,MNIST_fc,MLP
000081,abcrown,B_established,1,0.7670935442587278,0.7587388244677193,0.7706389885967515,established,vnncomp_mnist_fc,MNIST_fc,MLP
000081,abcrown,C_combined,1,0.6456483716117052,0.8438478900121094,0.9729356910225576,established,vnncomp_mnist_fc,MNIST_fc,MLP
000081,marabou,B_established,1,0.4872164363343957,0.48848384269671075,0.5610606755405919,established,vnncomp_mnist_fc,MNIST_fc,MLP
000081,marabou,C_combined,1,0.26607556840773317,0.8929773622645081,0.9727443420118258,established,vnncomp_mnist_fc,MNIST_fc,MLP
000081,neuralsat,B_established,1,0.7784079669184715,0.8147179436104517,0.8143176068882656,established,vnncomp_mnist_fc,MNIST_fc,MLP
000081,neuralsat,C_combined,1,0.5093886333772578,0.8097520840173633,0.8641668695498804,established,vnncomp_mnist_fc,MNIST_fc,MLP
000081,nnenum,B_established,1,0.6340089422876863,0.7189060961457169,0.706457992326009,established,vnncomp_mnist_fc,MNIST_fc,MLP
000081,nnenum,C_combined,1,0.36637031015605054,0.9565369478314558,0.9724264679086874,established,vnncomp_mnist_fc,MNIST_fc,MLP
000081,pyrat,B_established,1,0.4410195191255319,0.7974746812477396,0.6401651305166693,established,vnncomp_mnist_fc,MNIST_fc,MLP
000081,pyrat,C_combined,1,0.32579929990941725,0.7585778776443777,0.6754247829224009,established,vnncomp_mnist_fc,MNIST_fc,MLP
000082,abcrown,B_established,1,0.7670935442587278,0.8372778350209211,0.9692965252227136,established,vnncomp_mnist_fc,MNIST_fc,MLP
000082,abcrown,C_combined,1,0.6456483716117052,0.8787198891708672,0.9825869881010417,established,vnncomp_mnist_fc,MNIST_fc,MLP
000082,marabou,B_established,0,0.4872164363343957,0.5257737584355745,0.5989778479134934,established,vnncomp_mnist_fc,MNIST_fc,MLP
000082,marabou,C_combined,1,0.26607556840773317,0.9191379357740539,0.9800908947465871,established,vnncomp_mnist_fc,MNIST_fc,MLP
000082,neuralsat,B_established,0,0.7784079669184715,0.7567728345509483,0.7570524664107251,established,vnncomp_mnist_fc,MNIST_fc,MLP
000082,neuralsat,C_combined,0,0.5093886333772578,0.7173956135153485,0.8611191135158531,established,vnncomp_mnist_fc,MNIST_fc,MLP
000082,nnenum,B_established,1,0.6340089422876863,0.7631866085376539,0.7454796223475133,established,vnncomp_mnist_fc,MNIST_fc,MLP
000082,nnenum,C_combined,1,0.36637031015605054,0.9651378603927606,0.975594351320632,established,vnncomp_mnist_fc,MNIST_fc,MLP
000082,pyrat,B_established,1,0.4410195191255319,0.9698173926985485,0.9636211768978805,established,vnncomp_mnist_fc,MNIST_fc,MLP
000082,pyrat,C_combined,1,0.32579929990941725,0.7909148091575697,0.7770610171914302,established,vnncomp_mnist_fc,MNIST_fc,MLP
000083,abcrown,B_established,1,0.7670935442587278,0.7350523495027066,0.7316035744952616,established,vnncomp_mnist_fc,MNIST_fc,MLP
000083,abcrown,C_combined,1,0.6456483716117052,0.8351608324266436,0.9715805810082887,established,vnncomp_mnist_fc,MNIST_fc,MLP
000083,marabou,B_established,1,0.4872164363343957,0.4773850738724623,0.5511989142037252,established,vnncomp_mnist_fc,MNIST_fc,MLP
000083,marabou,C_combined,1,0.26607556840773317,0.8873565735209384,0.9659125153279442,established,vnncomp_mnist_fc,MNIST_fc,MLP
000083,neuralsat,B_established,1,0.7784079669184715,0.7696723964072062,0.7673584916299973,established,vnncomp_mnist_fc,MNIST_fc,MLP
000083,neuralsat,C_combined,1,0.5093886333772578,0.6751841143404779,0.8017463733694081,established,vnncomp_mnist_fc,MNIST_fc,MLP
000083,nnenum,B_established,1,0.6340089422876863,0.701823671042017,0.6958140351653255,established,vnncomp_mnist_fc,MNIST_fc,MLP
000083,nnenum,C_combined,1,0.36637031015605054,0.9295083114252378,0.9441854713139184,established,vnncomp_mnist_fc,MNIST_fc,MLP
000083,pyrat,B_established,1,0.4410195191255319,0.7289122542548743,0.4845371549705389,established,vnncomp_mnist_fc,MNIST_fc,MLP
000083,pyrat,C_combined,1,0.32579929990941725,0.7640964070804676,0.6390266680054213,established,vnncomp_mnist_fc,MNIST_fc,MLP
000084,abcrown,B_established,1,0.7670935442587278,0.7226785406130273,0.6150363126193799,established,vnncomp_mnist_fc,MNIST_fc,MLP
000084,abcrown,C_combined,1,0.6456483716117052,0.8311885138442788,0.9687647540301867,established,vnncomp_mnist_fc,MNIST_fc,MLP
000084,marabou,B_established,1,0.4872164363343957,0.4730851727647959,0.5472745869172887,established,vnncomp_mnist_fc,MNIST_fc,MLP
000084,marabou,C_combined,1,0.26607556840773317,0.8830252959177807,0.9658394160565733,established,vnncomp_mnist_fc,MNIST_fc,MLP
000084,neuralsat,B_established,1,0.7784079669184715,0.7833898753263947,0.7779961160913084,established,vnncomp_mnist_fc,MNIST_fc,MLP
000084,neuralsat,C_combined,1,0.5093886333772578,0.7887084596147983,0.8381526291918574,established,vnncomp_mnist_fc,MNIST_fc,MLP
000084,nnenum,B_established,1,0.6340089422876863,0.7039317449748939,0.6934856766237139,established,vnncomp_mnist_fc,MNIST_fc,MLP
000084,nnenum,C_combined,1,0.36637031015605054,0.950652833883388,0.9655085215845596,established,vnncomp_mnist_fc,MNIST_fc,MLP
000084,pyrat,B_established,1,0.4410195191255319,0.7507908293278406,0.45334124098190165,established,vnncomp_mnist_fc,MNIST_fc,MLP
000084,pyrat,C_combined,1,0.32579929990941725,0.7519691975823022,0.6272732472475926,established,vnncomp_mnist_fc,MNIST_fc,MLP
000085,abcrown,B_established,1,0.7670935442587278,0.7558334445782251,0.7657950379763284,established,vnncomp_mnist_fc,MNIST_fc,MLP
000085,abcrown,C_combined,1,0.6456483716117052,0.8394408926881616,0.9716317389275508,established,vnncomp_mnist_fc,MNIST_fc,MLP
000085,marabou,B_established,1,0.4872164363343957,0.4835509434984787,0.5574483565946242,established,vnncomp_mnist_fc,MNIST_fc,MLP
000085,marabou,C_combined,1,0.26607556840773317,0.8898627691947519,0.9704049546841309,established,vnncomp_mnist_fc,MNIST_fc,MLP
000085,neuralsat,B_established,1,0.7784079669184715,0.7887197482908802,0.7847105878905202,established,vnncomp_mnist_fc,MNIST_fc,MLP
000085,neuralsat,C_combined,1,0.5093886333772578,0.7986129493521721,0.8556112026046024,established,vnncomp_mnist_fc,MNIST_fc,MLP
000085,nnenum,B_established,1,0.6340089422876863,0.7175549936336723,0.7049526200035658,established,vnncomp_mnist_fc,MNIST_fc,MLP
000085,nnenum,C_combined,1,0.36637031015605054,0.9560919673772814,0.9708717111826026,established,vnncomp_mnist_fc,MNIST_fc,MLP
000085,pyrat,B_established,1,0.4410195191255319,0.8473981006818689,0.6355619324923093,established,vnncomp_mnist_fc,MNIST_fc,MLP
000085,pyrat,C_combined,1,0.32579929990941725,0.7575407098965969,0.6658942866875892,established,vnncomp_mnist_fc,MNIST_fc,MLP
000086,abcrown,B_established,1,0.7670935442587278,0.739733571397854,0.6899893682939403,established,vnncomp_mnist_fc,MNIST_fc,MLP
000086,abcrown,C_combined,1,0.6456483716117052,0.839212295410652,0.9714642417267191,established,vnncomp_mnist_fc,MNIST_fc,MLP
000086,marabou,B_established,1,0.4872164363343957,0.4806393032514785,0.554319383377263,established,vnncomp_mnist_fc,MNIST_fc,MLP
000086,marabou,C_combined,1,0.26607556840773317,0.8889407402584013,0.9700345171203539,established,vnncomp_mnist_fc,MNIST_fc,MLP
000086,neuralsat,B_established,1,0.7784079669184715,0.7956558622385396,0.7926373085871595,established,vnncomp_mnist_fc,MNIST_fc,MLP
000086,neuralsat,C_combined,1,0.5093886333772578,0.7993678801070991,0.852064399291691,established,vnncomp_mnist_fc,MNIST_fc,MLP
000086,nnenum,B_established,1,0.6340089422876863,0.7129069959894647,0.7009237394359827,established,vnncomp_mnist_fc,MNIST_fc,MLP
000086,nnenum,C_combined,1,0.36637031015605054,0.9546315428376684,0.9697089094504123,established,vnncomp_mnist_fc,MNIST_fc,MLP
000086,pyrat,B_established,1,0.4410195191255319,0.7931429151586289,0.5499606818505833,established,vnncomp_mnist_fc,MNIST_fc,MLP
000086,pyrat,C_combined,1,0.32579929990941725,0.7592399025905864,0.6553182625496916,established,vnncomp_mnist_fc,MNIST_fc,MLP
000087,abcrown,B_established,1,0.7670935442587278,0.7371480968949173,0.6787368554035392,established,vnncomp_mnist_fc,MNIST_fc,MLP
000087,abcrown,C_combined,1,0.6456483716117052,0.8431568623677308,0.97270177694096,established,vnncomp_mnist_fc,MNIST_fc,MLP
000087,marabou,B_established,1,0.4872164363343957,0.4825959086682506,0.5562696826551472,established,vnncomp_mnist_fc,MNIST_fc,MLP
000087,marabou,C_combined,1,0.26607556840773317,0.8918427529069209,0.9719262303299873,established,vnncomp_mnist_fc,MNIST_fc,MLP
000087,neuralsat,B_established,1,0.7784079669184715,0.7920508808778696,0.7889372199316751,established,vnncomp_mnist_fc,MNIST_fc,MLP
000087,neuralsat,C_combined,1,0.5093886333772578,0.8012773617446637,0.8487730264055002,established,vnncomp_mnist_fc,MNIST_fc,MLP
000087,nnenum,B_established,1,0.6340089422876863,0.7141087577505159,0.7014123277435733,established,vnncomp_mnist_fc,MNIST_fc,MLP
000087,nnenum,C_combined,1,0.36637031015605054,0.9553488158777803,0.9711222809465676,established,vnncomp_mnist_fc,MNIST_fc,MLP
000087,pyrat,B_established,1,0.4410195191255319,0.7680730730625249,0.5376884421294018,established,vnncomp_mnist_fc,MNIST_fc,MLP
000087,pyrat,C_combined,1,0.32579929990941725,0.7563060987358062,0.6574873245932106,established,vnncomp_mnist_fc,MNIST_fc,MLP
000088,abcrown,B_established,1,0.7670935442587278,0.7496405319920509,0.7453177741547019,established,vnncomp_mnist_fc,MNIST_fc,MLP
000088,abcrown,C_combined,1,0.6456483716117052,0.8369025041844905,0.9710628098760369,established,vnncomp_mnist_fc,MNIST_fc,MLP
000088,marabou,B_established,1,0.4872164363343957,0.4822065128617245,0.5557591182550564,established,vnncomp_mnist_fc,MNIST_fc,MLP
000088,marabou,C_combined,1,0.26607556840773317,0.8888389905802843,0.9699900603205039,established,vnncomp_mnist_fc,MNIST_fc,MLP
000088,neuralsat,B_established,1,0.7784079669184715,0.7879503755091971,0.784296022804834,established,vnncomp_mnist_fc,MNIST_fc,MLP
000088,neuralsat,C_combined,1,0.5093886333772578,0.7846968871065862,0.8444127068913831,established,vnncomp_mnist_fc,MNIST_fc,MLP
000088,nnenum,B_established,1,0.6340089422876863,0.7117084507117626,0.7007072080445944,established,vnncomp_mnist_fc,MNIST_fc,MLP
000088,nnenum,C_combined,1,0.36637031015605054,0.9523303048686003,0.9688635855871379,established,vnncomp_mnist_fc,MNIST_fc,MLP
000088,pyrat,B_established,1,0.4410195191255319,0.7859803619634493,0.5735270998500775,established,vnncomp_mnist_fc,MNIST_fc,MLP
000088,pyrat,C_combined,1,0.32579929990941725,0.7485001853215518,0.6517777255057557,established,vnncomp_mnist_fc,MNIST_fc,MLP
000089,abcrown,B_established,1,0.7670935442587278,0.7428123822989084,0.7041045545602547,established,vnncomp_mnist_fc,MNIST_fc,MLP
000089,abcrown,C_combined,1,0.6456483716117052,0.8331701796348033,0.9695205123102475,established,vnncomp_mnist_fc,MNIST_fc,MLP
000089,marabou,B_established,1,0.4872164363343957,0.4783543216277377,0.5519244620080902,established,vnncomp_mnist_fc,MNIST_fc,MLP
000089,marabou,C_combined,1,0.26607556840773317,0.8849987744898101,0.9673730655475804,established,vnncomp_mnist_fc,MNIST_fc,MLP
000089,neuralsat,B_established,1,0.7784079669184715,0.7980674879616315,0.7948803195315344,established,vnncomp_mnist_fc,MNIST_fc,MLP
000089,neuralsat,C_combined,1,0.5093886333772578,0.7957851952411203,0.8521521392622861,established,vnncomp_mnist_fc,MNIST_fc,MLP
000089,nnenum,B_established,1,0.6340089422876863,0.709767053105246,0.698983988074142,established,vnncomp_mnist_fc,MNIST_fc,MLP
000089,nnenum,C_combined,1,0.36637031015605054,0.9527723821000096,0.967655861551773,established,vnncomp_mnist_fc,MNIST_fc,MLP
000089,pyrat,B_established,1,0.4410195191255319,0.7983342735058204,0.5505392739439765,established,vnncomp_mnist_fc,MNIST_fc,MLP
000089,pyrat,C_combined,1,0.3257992999094173,0.7558331019755644,0.6470785120457585,established,vnncomp_mnist_fc,MNIST_fc,MLP
000090,abcrown,B_established,1,0.7670935442587278,0.7452516503219143,0.7132667023753326,established,vnncomp_mnist_fc,MNIST_fc,MLP
000090,abcrown,C_combined,1,0.6456483716117052,0.839265329892014,0.9714977636565323,established,vnncomp_mnist_fc,MNIST_fc,MLP
000090,marabou,B_established,1,0.4872164363343957,0.48270446168971404,0.5558615686075551,established,vnncomp_mnist_fc,MNIST_fc,MLP
000090,marabou,C_combined,1,0.26607556840773317,0.8894662884564477,0.9706604338484478,established,vnncomp_mnist_fc,MNIST_fc,MLP
000090,neuralsat,B_established,1,0.7784079669184715,0.8040454049416758,0.8021388379958859,established,vnncomp_mnist_fc,MNIST_fc,MLP
000090,neuralsat,C_combined,1,0.5093886333772578,0.8022725262606529,0.8549710743339303,established,vnncomp_mnist_fc,MNIST_fc,MLP
000090,nnenum,B_established,1,0.6340089422876863,0.713136229351764,0.7014666997161545,established,vnncomp_mnist_fc,MNIST_fc,MLP
000090,nnenum,C_combined,1,0.36637031015605054,0.9543708223048141,0.9702337582462344,established,vnncomp_mnist_fc,MNIST_fc,MLP
000090,pyrat,B_established,1,0.4410195191255319,0.776621053735408,0.5656341966172083,established,vnncomp_mnist_fc,MNIST_fc,MLP
000090,pyrat,C_combined,1,0.32579929990941725,0.7558682168625899,0.6575954235450753,established,vnncomp_mnist_fc,MNIST_fc,MLP
dc_cnn1,abcrown,A_synthetic,0,0.46603480385161317,0.21312511587361138,0.15553837624309866,synthetic,sweep_all,Deep Contractive,CNN
dc_cnn1,abcrown,C_combined,0,0.23841991475480082,0.24408952225102065,0.1328332996536991,synthetic,sweep_all,Deep Contractive,CNN
dc_cnn1,marabou,A_synthetic,0,0.5802658134669559,0.047239323058743676,0.05846861574884715,synthetic,sweep_all,Deep Contractive,CNN
dc_cnn1,marabou,C_combined,0,0.4947627806101291,0.1322441351555725,0.07795661513339973,synthetic,sweep_all,Deep Contractive,CNN
dc_cnn1,neuralsat,A_synthetic,0,0.5587891078121285,0.09441789131019356,0.33004751383891523,synthetic,sweep_all,Deep Contractive,CNN
dc_cnn1,neuralsat,C_combined,0,0.540682290989978,0.32678337987440476,0.3239718845493573,synthetic,sweep_all,Deep Contractive,CNN
dc_cnn1,nnenum,A_synthetic,0,0.4332931515094641,0.04171335008821791,0.08599819794029727,synthetic,sweep_all,Deep Contractive,CNN
dc_cnn1,nnenum,C_combined,0,0.253417752075846,0.1195386674907628,0.09316239699425975,synthetic,sweep_all,Deep Contractive,CNN
dc_cnn1,pyrat,A_synthetic,0,0.46236302617117353,0.11899496289697317,0.36089258698495263,synthetic,sweep_all,Deep Contractive,CNN
dc_cnn1,pyrat,C_combined,0,0.3408017186535105,0.31014143386743154,0.19451962702868503,synthetic,sweep_all,Deep Contractive,CNN
dc_cnn10,abcrown,A_synthetic,0,0.0014532774053876932,0.1983592005903219,0.010617007044782953,synthetic,sweep_all,Deep Contractive,CNN
dc_cnn10,abcrown,C_combined,0,0.04675031161199485,0.3283429286795257,0.0506890262960316,synthetic,sweep_all,Deep Contractive,CNN
dc_cnn10,marabou,A_synthetic,0,0.003338634031791071,0.6662327942282189,0.045311718070585545,synthetic,sweep_all,Deep Contractive,CNN
dc_cnn10,marabou,C_combined,0,0.05312016089005711,0.2799884469784807,0.08528441981891935,synthetic,sweep_all,Deep Contractive,CNN
dc_cnn10,neuralsat,A_synthetic,0,0.0055969129526377455,0.04122558801767062,0.012995105833907172,synthetic,sweep_all,Deep Contractive,CNN
dc_cnn10,neuralsat,C_combined,1,0.7331529593295946,0.6417866034054551,0.8561801577193536,synthetic,sweep_all,Deep Contractive,CNN
dc_cnn10,nnenum,A_synthetic,0,0.0026164823111384187,0.0010934357078835855,0.00019641770204812973,synthetic,sweep_all,Deep Contractive,CNN
dc_cnn10,nnenum,C_combined,0,0.061386952064494814,0.0152688633821508,0.004755810057279592,synthetic,sweep_all,Deep Contractive,CNN
dc_cnn10,pyrat,A_synthetic,0,0.0009705265574400651,0.19795384596900542,0.0008501512000835462,synthetic,sweep_all,Deep Contractive,CNN
dc_cnn10,pyrat,C_combined,0,0.0622148182195589,0.344787657514101,0.02295379882376797,synthetic,sweep_all,Deep Contractive,CNN
dc_cnn11,abcrown,A_synthetic,0,0.01523368885882512,0.23934373259448835,0.04516392803471138,synthetic,sweep_all,Deep Contractive,CNN
dc_cnn11,abcrown,C_combined,0,0.10837349116928682,0.30401049128452695,0.07498325746654667,synthetic,sweep_all,Deep Contractive,CNN
dc_cnn11,marabou,A_synthetic,0,0.03084468136436345,0.07690564285142062,0.025999611943301477,synthetic,sweep_all,Deep Contractive,CNN
dc_cnn11,marabou,C_combined,0,0.07937178615461153,0.19206399865589127,0.050013394516453834,synthetic,sweep_all,Deep Contractive,CNN
dc_cnn11,neuralsat,A_synthetic,0,0.0362570517905533,0.09831612543196258,0.041211424369750685,synthetic,sweep_all,Deep Contractive,CNN
dc_cnn11,neuralsat,C_combined,0,0.6938553577347458,0.41715538537219554,0.6554751148635966,synthetic,sweep_all,Deep Contractive,CNN
dc_cnn11,nnenum,A_synthetic,0,0.037017006790817084,0.04979096278802053,0.022147885702207666,synthetic,sweep_all,Deep Contractive,CNN
dc_cnn11,nnenum,C_combined,0,0.08883415413115785,0.06606972150051235,0.04084003450440808,synthetic,sweep_all,Deep Contractive,CNN
dc_cnn11,pyrat,A_synthetic,0,0.00993720064739769,0.10481998583783791,0.022497294404682233,synthetic,sweep_all,Deep Contractive,CNN
dc_cnn11,pyrat,C_combined,0,0.06626125887032984,0.2219987595694554,0.04917704898365449,synthetic,sweep_all,Deep Contractive,CNN
dc_cnn12,abcrown,A_synthetic,0,0.010587719538329201,0.13492914605099085,0.020524622706448496,synthetic,sweep_all,Deep Contractive,CNN
dc_cnn12,abcrown,C_combined,0,0.08953590677138396,0.24732725867190003,0.10906371664126216,synthetic,sweep_all,Deep Contractive,CNN
dc_cnn12,marabou,A_synthetic,0,0.047291847755644593,0.0830503193917129,0.024245891148936702,synthetic,sweep_all,Deep Contractive,CNN
dc_cnn12,marabou,C_combined,0,0.09006954795953817,0.15274643560632017,0.034126677246607694,synthetic,sweep_all,Deep Contractive,CNN
dc_cnn12,neuralsat,A_synthetic,0,0.04455661395179107,0.08322362563203627,0.05610176557421722,synthetic,sweep_all,Deep Contractive,CNN
dc_cnn12,neuralsat,C_combined,1,0.6746467235717604,0.45905486826874886,0.6925889631429144,synthetic,sweep_all,Deep Contractive,CNN
dc_cnn12,nnenum,A_synthetic,0,0.0372122668543348,0.02464081959702021,0.0076851923676988345,synthetic,sweep_all,Deep Contractive,CNN
dc_cnn12,nnenum,C_combined,0,0.09641677357502418,0.07338465493008328,0.03291349916582698,synthetic,sweep_all,Deep Contractive,CNN
dc_cnn12,pyrat,A_synthetic,0,0.011154756344744336,0.17063188569609536,0.01910978327333212,synthetic,sweep_all,Deep Contractive,CNN
dc_cnn12,pyrat,C_combined,0,0.06634232696146614,0.28357653687842255,0.051814842804425346,synthetic,sweep_all,Deep Contractive,CNN
dc_cnn13,abcrown,A_synthetic,0,0.019491946341667975,0.18901219254069518,0.031814097162989254,synthetic,sweep_all,Deep Contractive,CNN
dc_cnn13,abcrown,C_combined,0,0.12443776902460904,0.25408380716389267,0.08829317891599542,synthetic,sweep_all,Deep Contractive,CNN
dc_cnn13,marabou,A_synthetic,0,0.048650638219424384,0.11309811073887546,0.029571259707509883,synthetic,sweep_all,Deep Contractive,CNN
dc_cnn13,marabou,C_combined,0,0.10145768722376369,0.21779461605699751,0.07207711239747909,synthetic,sweep_all,Deep Contractive,CNN
dc_cnn13,neuralsat,A_synthetic,0,0.03419538056539304,0.13355593259480805,0.024698953731669304,synthetic,sweep_all,Deep Contractive,CNN
dc_cnn13,neuralsat,C_combined,1,0.6355248348690685,0.46795063319116237,0.6941328400574517,synthetic,sweep_all,Deep Contractive,CNN
dc_cnn13,nnenum,A_synthetic,0,0.07074773295702133,0.010337710931752925,0.007544715785362812,synthetic,sweep_all,Deep Contractive,CNN
dc_cnn13,nnenum,C_combined,0,0.07573450864566603,0.04469217268451419,0.013498537223887223,synthetic,sweep_all,Deep Contractive,CNN
dc_cnn13,pyrat,A_synthetic,0,0.009279631121511646,0.11931209482947609,0.026210538827157775,synthetic,sweep_all,Deep Contractive,CNN
dc_cnn13,pyrat,C_combined,0,0.07722945977593601,0.33183155607637566,0.041963659773509174,synthetic,sweep_all,Deep Contractive,CNN
dc_cnn14,abcrown,A_synthetic,0,0.00834258943301284,0.21145582179846728,0.027435767082556305,synthetic,sweep_all,Deep Contractive,CNN
dc_cnn14,abcrown,C_combined,0,0.07451858346856949,0.29631357487253074,0.06577252509619046,synthetic,sweep_all,Deep Contractive,CNN
dc_cnn14,marabou,A_synthetic,0,0.033990234410208466,0.13259054652802976,0.03844552777647799,synthetic,sweep_all,Deep Contractive,CNN
dc_cnn14,marabou,C_combined,0,0.10385245557543632,0.21366347518068968,0.0590627290673653,synthetic,sweep_all,Deep Contractive,CNN
dc_cnn14,neuralsat,A_synthetic,0,0.035890377593522774,0.06809235051627503,0.030684333635696524,synthetic,sweep_all,Deep Contractive,CNN
dc_cnn14,neuralsat,C_combined,1,0.6551716698567167,0.48599862690406886,0.7107974620251927,synthetic,sweep_all,Deep Contractive,CNN
dc_cnn14,nnenum,A_synthetic,0,0.02972319598387097,0.019977908958603734,0.01085547277751266,synthetic,sweep_all,Deep Contractive,CNN
dc_cnn14,nnenum,C_combined,0,0.10817407656513955,0.051708391841075875,0.02984113199625023,synthetic,sweep_all,Deep Contractive,CNN
dc_cnn14,pyrat,A_synthetic,0,0.008562575580378092,0.13415735160207537,0.013928908037670894,synthetic,sweep_all,Deep Contractive,CNN
dc_cnn14,pyrat,C_combined,0,0.06281623083637336,0.303755171516645,0.06190435266449189,synthetic,sweep_all,Deep Contractive,CNN
dc_cnn15,abcrown,A_synthetic,0,0.012967657282255202,0.18536923082310872,0.03283503332693823,synthetic,sweep_all,Deep Contractive,CNN
dc_cnn15,abcrown,C_combined,0,0.1033678881111845,0.27022918658509903,0.08922111914283821,synthetic,sweep_all,Deep Contractive,CNN
dc_cnn15,marabou,A_synthetic,0,0.035195910107746385,0.13784699117319324,0.035246810028886695,synthetic,sweep_all,Deep Contractive,CNN
dc_cnn15,marabou,C_combined,0,0.12659696150550487,0.22234664393261375,0.07407381895509461,synthetic,sweep_all,Deep Contractive,CNN
dc_cnn15,neuralsat,A_synthetic,0,0.0433561518013615,0.10764421102908125,0.04460055799759333,synthetic,sweep_all,Deep Contractive,CNN
dc_cnn15,neuralsat,C_combined,1,0.6770560884818579,0.5439627615957977,0.7061605448079591,synthetic,sweep_all,Deep Contractive,CNN
dc_cnn15,nnenum,A_synthetic,0,0.031595119573534024,0.031088478184546374,0.01110812312846559,synthetic,sweep_all,Deep Contractive,CNN
dc_cnn15,nnenum,C_combined,0,0.07029915354100498,0.048516996694452065,0.019316428920801147,synthetic,sweep_all,Deep Contractive,CNN
dc_cnn15,pyrat,A_synthetic,0,0.012858753354621116,0.14458188084851203,0.015173482310377209,synthetic,sweep_all,Deep Contractive,CNN
dc_cnn15,pyrat,C_combined,0,0.06736435420087039,0.29552273677858776,0.04480123862234457,synthetic,sweep_all,Deep Contractive,CNN
dc_cnn16,abcrown,A_synthetic,0,0.01730420465623539,0.2495872493016167,0.04670600402563812,synthetic,sweep_all,Deep Contractive,CNN
dc_cnn16,abcrown,C_combined,0,0.095520912507599,0.2939699072528185,0.08716416387734255,synthetic,sweep_all,Deep Contractive,CNN
dc_cnn16,marabou,A_synthetic,0,0.03530153531447886,0.07746926499936872,0.02593924994451103,synthetic,sweep_all,Deep Contractive,CNN
dc_cnn16,marabou,C_combined,0,0.12188269222727044,0.19925284738186744,0.04985135346809799,synthetic,sweep_all,Deep Contractive,CNN
dc_cnn16,neuralsat,A_synthetic,0,0.04427427079216363,0.09704111135035678,0.05242535151633141,synthetic,sweep_all,Deep Contractive,CNN
dc_cnn16,neuralsat,C_combined,1,0.6455887613677741,0.39734050030213985,0.6543693048591874,synthetic,sweep_all,Deep Contractive,CNN
dc_cnn16,nnenum,A_synthetic,0,0.03459659010904175,0.035660264623544505,0.02088484412829166,synthetic,sweep_all,Deep Contractive,CNN
dc_cnn16,nnenum,C_combined,0,0.10398390093224238,0.08082518707002226,0.032598501408139906,synthetic,sweep_all,Deep Contractive,CNN
dc_cnn16,pyrat,A_synthetic,0,0.00968668745089511,0.09558493225305104,0.02062877886413094,synthetic,sweep_all,Deep Contractive,CNN
dc_cnn16,pyrat,C_combined,0,0.06838228192532049,0.25307938102169947,0.034592001607322086,synthetic,sweep_all,Deep Contractive,CNN
dc_cnn17,abcrown,A_synthetic,0,0.008117488738737393,0.17397987592096503,0.020712675199936012,synthetic,sweep_all,Deep Contractive,CNN
dc_cnn17,abcrown,C_combined,0,0.1267023637669739,0.2586655920265288,0.0728140736997103,synthetic,sweep_all,Deep Contractive,CNN
dc_cnn17,marabou,A_synthetic,0,0.037822016535249386,0.09612707645612956,0.024192988370397583,synthetic,sweep_all,Deep Contractive,CNN
dc_cnn17,marabou,C_combined,0,0.12977241905420442,0.18477005692320622,0.050660122353255455,synthetic,sweep_all,Deep Contractive,CNN
dc_cnn17,neuralsat,A_synthetic,0,0.04448784288911469,0.06641607268285309,0.05156807928164875,synthetic,sweep_all,Deep Contractive,CNN
dc_cnn17,neuralsat,C_combined,1,0.646542848144189,0.41882704864180065,0.6459583738955851,synthetic,sweep_all,Deep Contractive,CNN
dc_cnn17,nnenum,A_synthetic,0,0.02694154673925142,0.02334181816945962,0.01466057580829028,synthetic,sweep_all,Deep Contractive,CNN
dc_cnn17,nnenum,C_combined,0,0.09287434922915341,0.05243037162931535,0.026337855139769533,synthetic,sweep_all,Deep Contractive,CNN
dc_cnn17,pyrat,A_synthetic,0,0.010122580550827685,0.1442914753379844,0.023517650192901633,synthetic,sweep_all,Deep Contractive,CNN
dc_cnn17,pyrat,C_combined,0,0.10368122631466488,0.28518300585425205,0.059108080014109145,synthetic,sweep_all,Deep Contractive,CNN
dc_cnn18,abcrown,A_synthetic,0,0.021301165207640062,0.1358178232139128,0.0278813871112328,synthetic,sweep_all,Deep Contractive,CNN
dc_cnn18,abcrown,C_combined,0,0.0988106699549263,0.2877679604966624,0.08887433042857648,synthetic,sweep_all,Deep Contractive,CNN
dc_cnn18,marabou,A_synthetic,0,0.045682125333176594,0.09797101132049682,0.02381369885243481,synthetic,sweep_all,Deep Contractive,CNN
dc_cnn18,marabou,C_combined,0,0.12183885320795265,0.1991521521173739,0.04797429366071574,synthetic,sweep_all,Deep Contractive,CNN
dc_cnn18,neuralsat,A_synthetic,0,0.03157663433755047,0.10033970875614769,0.024919729418998185,synthetic,sweep_all,Deep Contractive,CNN
dc_cnn18,neuralsat,C_combined,0,0.6880766649364594,0.4500698862958833,0.6898447999393007,synthetic,sweep_all,Deep Contractive,CNN
dc_cnn18,nnenum,A_synthetic,0,0.06570643883880584,0.00938147907028256,0.007856858556945543,synthetic,sweep_all,Deep Contractive,CNN
dc_cnn18,nnenum,C_combined,0,0.08759686240859282,0.058849706254932174,0.03601957632865248,synthetic,sweep_all,Deep Contractive,CNN
dc_cnn18,pyrat,A_synthetic,0,0.009371652587617085,0.11113062905290697,0.010790236664421573,synthetic,sweep_all,Deep Contractive,CNN
dc_cnn18,pyrat,C_combined,0,0.0727658438156566,0.2826385453022427,0.04949435393327603,synthetic,sweep_all,Deep Contractive,CNN
dc_cnn19,abcrown,A_synthetic,0,0.00986991681909417,0.2044302454774518,0.03490104194645262,synthetic,sweep_all,Deep Contractive,CNN
dc_cnn19,abcrown,C_combined,0,0.08518571281214762,0.22152156477960583,0.07682710101738484,synthetic,sweep_all,Deep Contractive,CNN
dc_cnn19,marabou,A_synthetic,0,0.02792860108722569,0.14681716585472354,0.03654740286771422,synthetic,sweep_all,Deep Contractive,CNN
dc_cnn19,marabou,C_combined,0,0.13590872347522964,0.1854194794068075,0.06246280166083963,synthetic,sweep_all,Deep Contractive,CNN
dc_cnn19,neuralsat,A_synthetic,0,0.03830895106380887,0.07155075455472741,0.029856405210195235,synthetic,sweep_all,Deep Contractive,CNN
dc_cnn19,neuralsat,C_combined,1,0.674558702766082,0.47947721253171266,0.7282096319980884,synthetic,sweep_all,Deep Contractive,CNN
dc_cnn19,nnenum,A_synthetic,0,0.029385586779613365,0.010924740602356861,0.0152764233199402,synthetic,sweep_all,Deep Contractive,CNN
dc_cnn19,nnenum,C_combined,0,0.07055790658181743,0.035731729073103055,0.01478852262662272,synthetic,sweep_all,Deep Contractive,CNN
dc_cnn19,pyrat,A_synthetic,0,0.011979491610464696,0.1376609554359294,0.01818373984489697,synthetic,sweep_all,Deep Contractive,CNN
dc_cnn19,pyrat,C_combined,0,0.07092595292716444,0.27872173918240517,0.05186900373301199,synthetic,sweep_all,Deep Contractive,CNN
dc_cnn2,abcrown,A_synthetic,0,0.07110871577614218,0.1900073220052137,0.07911586937070601,synthetic,sweep_all,Deep Contractive,CNN
dc_cnn2,abcrown,C_combined,0,0.10142263005202454,0.31868886016391357,0.10888116312010991,synthetic,sweep_all,Deep Contractive,CNN
dc_cnn2,marabou,A_synthetic,0,0.15973935289740127,0.04004195747961532,0.03163190262997677,synthetic,sweep_all,Deep Contractive,CNN
dc_cnn2,marabou,C_combined,0,0.18724242222649043,0.18952448694196308,0.03971506599027487,synthetic,sweep_all,Deep Contractive,CNN
dc_cnn2,neuralsat,A_synthetic,0,0.18171195945419916,0.11102956063697059,0.13198427676211305,synthetic,sweep_all,Deep Contractive,CNN
dc_cnn2,neuralsat,C_combined,0,0.6302045258184631,0.3586372733094042,0.484628963167044,synthetic,sweep_all,Deep Contractive,CNN
dc_cnn2,nnenum,A_synthetic,0,0.10676298546438086,0.09836891747851241,0.03349073577934877,synthetic,sweep_all,Deep Contractive,CNN
dc_cnn2,nnenum,C_combined,0,0.14013337538436363,0.16191199808297993,0.057627222383569446,synthetic,sweep_all,Deep Contractive,CNN
dc_cnn2,pyrat,A_synthetic,0,0.07288057245238291,0.12437509068280406,0.09065826700572303,synthetic,sweep_all,Deep Contractive,CNN
dc_cnn2,pyrat,C_combined,0,0.1256828316114197,0.2727430631510146,0.07284137057528109,synthetic,sweep_all,Deep Contractive,CNN
dc_cnn20,abcrown,A_synthetic,0,0.015484008361977988,0.2570582196067809,0.040369048962944507,synthetic,sweep_all,Deep Contractive,CNN
dc_cnn20,abcrown,C_combined,0,0.12342206761900454,0.2607664941995135,0.09265828067573043,synthetic,sweep_all,Deep Contractive,CNN
dc_cnn20,marabou,A_synthetic,0,0.0359479719812845,0.13823956574982968,0.03647624135452758,synthetic,sweep_all,Deep Contractive,CNN
dc_cnn20,marabou,C_combined,0,0.16237918684777194,0.19803963816454856,0.04011435582041303,synthetic,sweep_all,Deep Contractive,CNN
dc_cnn20,neuralsat,A_synthetic,0,0.034148850643630414,0.10547051737053163,0.04797264297984925,synthetic,sweep_all,Deep Contractive,CNN
dc_cnn20,neuralsat,C_combined,1,0.6708731632912148,0.47630640614012104,0.7459689921916609,synthetic,sweep_all,Deep Contractive,CNN
dc_cnn20,nnenum,A_synthetic,0,0.03208069948049451,0.014515565425358118,0.007971310976104215,synthetic,sweep_all,Deep Contractive,CNN
dc_cnn20,nnenum,C_combined,0,0.07894996945284506,0.08176999597881665,0.02739867670631932,synthetic,sweep_all,Deep Contractive,CNN
dc_cnn20,pyrat,A_synthetic,0,0.009024408574168518,0.15708749682877374,0.020852605605195442,synthetic,sweep_all,Deep Contractive,CNN
dc_cnn20,pyrat,C_combined,0,0.07439434391216934,0.31217962332266314,0.053617754783572655,synthetic,sweep_all,Deep Contractive,CNN
dc_cnn21,abcrown,A_synthetic,0,0.006617937849833865,0.16902761272428707,0.029600340805402865,synthetic,sweep_all,Deep Contractive,CNN
dc_cnn21,abcrown,C_combined,0,0.12503438796217203,0.28788225048278937,0.08130263028296553,synthetic,sweep_all,Deep Contractive,CNN
dc_cnn21,marabou,A_synthetic,0,0.040302550149514255,0.12807478692746005,0.0333208301474378,synthetic,sweep_all,Deep Contractive,CNN
dc_cnn21,marabou,C_combined,0,0.1286921945571566,0.18899695011722448,0.045137930580237746,synthetic,sweep_all,Deep Contractive,CNN
dc_cnn21,neuralsat,A_synthetic,0,0.04561912820507463,0.09511313867366658,0.05678517781150401,synthetic,sweep_all,Deep Contractive,CNN
dc_cnn21,neuralsat,C_combined,1,0.6615049312880175,0.49744748466800504,0.6561118237588384,synthetic,sweep_all,Deep Contractive,CNN
dc_cnn21,nnenum,A_synthetic,0,0.029054407555392032,0.03048125210923216,0.00791532862750247,synthetic,sweep_all,Deep Contractive,CNN
dc_cnn21,nnenum,C_combined,0,0.08708549025319517,0.02709923646635818,0.021111398492096967,synthetic,sweep_all,Deep Contractive,CNN
dc_cnn21,pyrat,A_synthetic,0,0.010860227477634075,0.19630227486395752,0.025384981388896787,synthetic,sweep_all,Deep Contractive,CNN
dc_cnn21,pyrat,C_combined,0,0.09316679327564689,0.281831882289242,0.047496497848190516,synthetic,sweep_all,Deep Contractive,CNN
dc_cnn22,abcrown,A_synthetic,0,0.021606801818964533,0.15249348421780337,0.028644768650074447,synthetic,sweep_all,Deep Contractive,CNN
dc_cnn22,abcrown,C_combined,0,0.10702544586495122,0.23633276269114306,0.07647099105484717,synthetic,sweep_all,Deep Contractive,CNN
dc_cnn22,marabou,A_synthetic,0,0.0450555347029105,0.11468023381234263,0.028128133088031915,synthetic,sweep_all,Deep Contractive,CNN
dc_cnn22,marabou,C_combined,0,0.12123762600630039,0.20841265220191746,0.05685153927518695,synthetic,sweep_all,Deep Contractive,CNN
dc_cnn22,neuralsat,A_synthetic,0,0.03238283981358854,0.10610058629805312,0.03819872144949413,synthetic,sweep_all,Deep Contractive,CNN
dc_cnn22,neuralsat,C_combined,1,0.6702337529685758,0.45157877800823343,0.6952192540353026,synthetic,sweep_all,Deep Contractive,CNN
dc_cnn22,nnenum,A_synthetic,0,0.06261305117833169,0.012673299297869414,0.008260737890907002,synthetic,sweep_all,Deep Contractive,CNN
dc_cnn22,nnenum,C_combined,0,0.07481912877489094,0.04315424999624872,0.021129355737343418,synthetic,sweep_all,Deep Contractive,CNN
dc_cnn22,pyrat,A_synthetic,0,0.009491626591382963,0.13181502773471607,0.01208082626850601,synthetic,sweep_all,Deep Contractive,CNN
dc_cnn22,pyrat,C_combined,0,0.09299450018240189,0.25124640459167535,0.028275573720000398,synthetic,sweep_all,Deep Contractive,CNN
dc_cnn23,abcrown,A_synthetic,0,0.0102145078572466,0.1851733273579706,0.03314932155817095,synthetic,sweep_all,Deep Contractive,CNN
dc_cnn23,abcrown,C_combined,0,0.09165582457113215,0.27101591729804453,0.08046896188350773,synthetic,sweep_all,Deep Contractive,CNN
dc_cnn23,marabou,A_synthetic,0,0.02765986098537491,0.13377490050127328,0.03153812404773772,synthetic,sweep_all,Deep Contractive,CNN
dc_cnn23,marabou,C_combined,0,0.14183752498796998,0.20740603063473703,0.044877630390529596,synthetic,sweep_all,Deep Contractive,CNN
dc_cnn23,neuralsat,A_synthetic,0,0.0440678331666676,0.11754638512205848,0.026767601093471566,synthetic,sweep_all,Deep Contractive,CNN
dc_cnn23,neuralsat,C_combined,1,0.6538181991994292,0.47896949504337477,0.7090434473336719,synthetic,sweep_all,Deep Contractive,CNN
dc_cnn23,nnenum,A_synthetic,0,0.030904115076473747,0.011178345761068985,0.013333098149608444,synthetic,sweep_all,Deep Contractive,CNN
dc_cnn23,nnenum,C_combined,0,0.09189166099057841,0.07256555286075575,0.03183668627310495,synthetic,sweep_all,Deep Contractive,CNN
dc_cnn23,pyrat,A_synthetic,0,0.010681247488052697,0.10466666681483305,0.014298049281183483,synthetic,sweep_all,Deep Contractive,CNN
dc_cnn23,pyrat,C_combined,0,0.11865505775197709,0.29424361675997507,0.040501468529676864,synthetic,sweep_all,Deep Contractive,CNN
dc_cnn24,abcrown,A_synthetic,0,0.011135209700832068,0.24268064025482952,0.030206899756710027,synthetic,sweep_all,Deep Contractive,CNN
dc_cnn24,abcrown,C_combined,0,0.09206129870119939,0.29994863216546575,0.09768105398063609,synthetic,sweep_all,Deep Contractive,CNN
dc_cnn24,marabou,A_synthetic,0,0.02989955146402231,0.11236078393301922,0.024946149262784413,synthetic,sweep_all,Deep Contractive,CNN
dc_cnn24,marabou,C_combined,0,0.13732960289272275,0.1910364267271246,0.04363214865069214,synthetic,sweep_all,Deep Contractive,CNN
dc_cnn24,neuralsat,A_synthetic,0,0.03630179695749888,0.07598229065188006,0.047855601463002564,synthetic,sweep_all,Deep Contractive,CNN
dc_cnn24,neuralsat,C_combined,1,0.6687333524163604,0.4758114324985727,0.6936652978290672,synthetic,sweep_all,Deep Contractive,CNN
dc_cnn24,nnenum,A_synthetic,0,0.028133204405223995,0.02614202335741206,0.008434858304036794,synthetic,sweep_all,Deep Contractive,CNN
dc_cnn24,nnenum,C_combined,0,0.07354458186065192,0.046167827769718214,0.02079162794986451,synthetic,sweep_all,Deep Contractive,CNN
dc_cnn24,pyrat,A_synthetic,0,0.011479688167686571,0.12358955980555239,0.021576694226998826,synthetic,sweep_all,Deep Contractive,CNN
dc_cnn24,pyrat,C_combined,0,0.08470030580422953,0.2770369135008778,0.05210825503337283,synthetic,sweep_all,Deep Contractive,CNN
dc_cnn25,abcrown,A_synthetic,0,0.019119660024623543,0.2325980316038542,0.03878154382936046,synthetic,sweep_all,Deep Contractive,CNN
dc_cnn25,abcrown,C_combined,0,0.12322983451820382,0.25345983022426216,0.07831131666677411,synthetic,sweep_all,Deep Contractive,CNN
dc_cnn25,marabou,A_synthetic,0,0.0384101013790693,0.12066898578513614,0.0351419319749961,synthetic,sweep_all,Deep Contractive,CNN
dc_cnn25,marabou,C_combined,0,0.10352818373374076,0.2152265985874977,0.03207872825950655,synthetic,sweep_all,Deep Contractive,CNN
dc_cnn25,neuralsat,A_synthetic,0,0.04285602824954006,0.08445519942610598,0.04117509662730513,synthetic,sweep_all,Deep Contractive,CNN
dc_cnn25,neuralsat,C_combined,1,0.6775662568036271,0.4628066922538768,0.6853936030376804,synthetic,sweep_all,Deep Contractive,CNN
dc_cnn25,nnenum,A_synthetic,0,0.03843362674748636,0.029796442414696606,0.012799012861047912,synthetic,sweep_all,Deep Contractive,CNN
dc_cnn25,nnenum,C_combined,0,0.0697428712338612,0.06505538384405789,0.015721396368716622,synthetic,sweep_all,Deep Contractive,CNN
dc_cnn25,pyrat,A_synthetic,0,0.009240141401737453,0.12731112437648667,0.02223467982057654,synthetic,sweep_all,Deep Contractive,CNN
dc_cnn25,pyrat,C_combined,0,0.0800721876669368,0.2863501602170839,0.04053561068850356,synthetic,sweep_all,Deep Contractive,CNN
dc_cnn26,abcrown,A_synthetic,0,0.008856607174848754,0.16382923669009528,0.020604803488471858,synthetic,sweep_all,Deep Contractive,CNN
dc_cnn26,abcrown,C_combined,0,0.0796709623413687,0.32938092888965487,0.07494080999700496,synthetic,sweep_all,Deep Contractive,CNN
dc_cnn26,marabou,A_synthetic,0,0.045147981383621624,0.10754818813011476,0.03318896786900721,synthetic,sweep_all,Deep Contractive,CNN
dc_cnn26,marabou,C_combined,0,0.13030712497134633,0.22363983997691522,0.07738978557559208,synthetic,sweep_all,Deep Contractive,CNN
dc_cnn26,neuralsat,A_synthetic,0,0.04659552545426055,0.08989767672105028,0.054750823782938704,synthetic,sweep_all,Deep Contractive,CNN
dc_cnn26,neuralsat,C_combined,0,0.6586038875418356,0.4768985144633633,0.7252154719712613,synthetic,sweep_all,Deep Contractive,CNN
dc_cnn26,nnenum,A_synthetic,0,0.033663883877352564,0.026841259545859725,0.007382182958235754,synthetic,sweep_all,Deep Contractive,CNN
dc_cnn26,nnenum,C_combined,0,0.10219658248583885,0.033479628336980996,0.03455938273442112,synthetic,sweep_all,Deep Contractive,CNN
dc_cnn26,pyrat,A_synthetic,0,0.011203645968070082,0.18308428321194334,0.02760943371042495,synthetic,sweep_all,Deep Contractive,CNN
dc_cnn26,pyrat,C_combined,0,0.11441744880272349,0.2895047863255857,0.0447881939373281,synthetic,sweep_all,Deep Contractive,CNN
dc_cnn27,abcrown,A_synthetic,0,0.02152447028409162,0.15296116756064554,0.03146748407819704,synthetic,sweep_all,Deep Contractive,CNN
dc_cnn27,abcrown,C_combined,0,0.10025927709556595,0.2533635591913637,0.10091160561083075,synthetic,sweep_all,Deep Contractive,CNN
dc_cnn27,marabou,A_synthetic,0,0.04687432648877154,0.10323002810225242,0.02941241928491777,synthetic,sweep_all,Deep Contractive,CNN
dc_cnn27,marabou,C_combined,0,0.1458098943217911,0.22338721257915414,0.052908562453337804,synthetic,sweep_all,Deep Contractive,CNN
dc_cnn27,neuralsat,A_synthetic,0,0.03119099321274176,0.07631286432753093,0.034884200760882736,synthetic,sweep_all,Deep Contractive,CNN
dc_cnn27,neuralsat,C_combined,0,0.7036424419817446,0.44694296339855655,0.6927056512211773,synthetic,sweep_all,Deep Contractive,CNN
dc_cnn27,nnenum,A_synthetic,0,0.05742806113796735,0.011532128554418873,0.010003816914032595,synthetic,sweep_all,Deep Contractive,CNN
dc_cnn27,nnenum,C_combined,0,0.08429308741219103,0.051757546530532515,0.019858065421903125,synthetic,sweep_all,Deep Contractive,CNN
dc_cnn27,pyrat,A_synthetic,0,0.009652801654885032,0.10454882681138233,0.013295669208657861,synthetic,sweep_all,Deep Contractive,CNN
dc_cnn27,pyrat,C_combined,0,0.06251845764763882,0.23644311364513904,0.044749300808012205,synthetic,sweep_all,Deep Contractive,CNN
dc_cnn28,abcrown,A_synthetic,0,0.013835174249076104,0.18866901831942087,0.026924695193035513,synthetic,sweep_all,Deep Contractive,CNN
dc_cnn28,abcrown,C_combined,0,0.13017303437673902,0.24413157022056256,0.05470881799137857,synthetic,sweep_all,Deep Contractive,CNN
dc_cnn28,marabou,A_synthetic,0,0.027402422981183772,0.10793975353076324,0.038029505649081675,synthetic,sweep_all,Deep Contractive,CNN
dc_cnn28,marabou,C_combined,0,0.1375797343882785,0.18549149681872404,0.032810347092977026,synthetic,sweep_all,Deep Contractive,CNN
dc_cnn28,neuralsat,A_synthetic,0,0.04223497141180605,0.11495775863326826,0.03675120715190374,synthetic,sweep_all,Deep Contractive,CNN
dc_cnn28,neuralsat,C_combined,1,0.6791359598683949,0.4921005543439593,0.6874836331813204,synthetic,sweep_all,Deep Contractive,CNN
dc_cnn28,nnenum,A_synthetic,0,0.03906513188167014,0.01147670062340119,0.01338472773911525,synthetic,sweep_all,Deep Contractive,CNN
dc_cnn28,nnenum,C_combined,0,0.08007552677211713,0.05491931546215838,0.016302710880123764,synthetic,sweep_all,Deep Contractive,CNN
dc_cnn28,pyrat,A_synthetic,0,0.011343648571921584,0.10030902086470575,0.012139279249727682,synthetic,sweep_all,Deep Contractive,CNN
dc_cnn28,pyrat,C_combined,0,0.10270368879910066,0.2742290342327153,0.059446492105107794,synthetic,sweep_all,Deep Contractive,CNN
dc_cnn29,abcrown,A_synthetic,0,0.011382306516253661,0.21460312832299003,0.0356347464100226,synthetic,sweep_all,Deep Contractive,CNN
dc_cnn29,abcrown,C_combined,0,0.11221151122652713,0.28094995951833157,0.08495970130303003,synthetic,sweep_all,Deep Contractive,CNN
dc_cnn29,marabou,A_synthetic,0,0.03495997090223088,0.12155631935131925,0.030322960607543907,synthetic,sweep_all,Deep Contractive,CNN
dc_cnn29,marabou,C_combined,0,0.09916894501084414,0.18570493902833626,0.05144658329865315,synthetic,sweep_all,Deep Contractive,CNN
dc_cnn29,neuralsat,A_synthetic,0,0.04861635244800616,0.06824673229736823,0.043651853103560886,synthetic,sweep_all,Deep Contractive,CNN
dc_cnn29,neuralsat,C_combined,1,0.6369321328312065,0.4649294167416789,0.6492754727863796,synthetic,sweep_all,Deep Contractive,CNN
dc_cnn29,nnenum,A_synthetic,0,0.02581319435264352,0.025252385857471287,0.007041530554975484,synthetic,sweep_all,Deep Contractive,CNN
dc_cnn29,nnenum,C_combined,0,0.09561467917546447,0.04231799908284369,0.025107781770330823,synthetic,sweep_all,Deep Contractive,CNN
dc_cnn29,pyrat,A_synthetic,0,0.01230560181527222,0.11321048711607654,0.014554263952723042,synthetic,sweep_all,Deep Contractive,CNN
dc_cnn29,pyrat,C_combined,0,0.10831980367637051,0.28029967083986795,0.04596695746364246,synthetic,sweep_all,Deep Contractive,CNN
dc_cnn3,abcrown,A_synthetic,0,0.013095559027230466,0.2280032037586186,0.03353978087296493,synthetic,sweep_all,Deep Contractive,CNN
dc_cnn3,abcrown,C_combined,0,0.08907697501190198,0.2313110526544016,0.06287010294195884,synthetic,sweep_all,Deep Contractive,CNN
dc_cnn3,marabou,A_synthetic,0,0.04003516942491521,0.11345839564910118,0.022708841597987313,synthetic,sweep_all,Deep Contractive,CNN
dc_cnn3,marabou,C_combined,0,0.10992449302100812,0.20731152268143832,0.05535709705464131,synthetic,sweep_all,Deep Contractive,CNN
dc_cnn3,neuralsat,A_synthetic,0,0.032849303047715044,0.0843758621447189,0.03408492678977549,synthetic,sweep_all,Deep Contractive,CNN
dc_cnn3,neuralsat,C_combined,0,0.6567990768707139,0.4635166937292198,0.6948010195688362,synthetic,sweep_all,Deep Contractive,CNN
dc_cnn3,nnenum,A_synthetic,0,0.035884508561148054,0.02921796334468597,0.013013774437868632,synthetic,sweep_all,Deep Contractive,CNN
dc_cnn3,nnenum,C_combined,0,0.09930612814658062,0.04647512496076157,0.02379159087650437,synthetic,sweep_all,Deep Contractive,CNN
dc_cnn3,pyrat,A_synthetic,0,0.009037720371474944,0.14319131349738792,0.022123477039580917,synthetic,sweep_all,Deep Contractive,CNN
dc_cnn3,pyrat,C_combined,0,0.10513606878732415,0.3051754341735919,0.037461088849012406,synthetic,sweep_all,Deep Contractive,CNN
dc_cnn30,abcrown,A_synthetic,0,0.008079139737432026,0.13948439493166412,0.018335615340190337,synthetic,sweep_all,Deep Contractive,CNN
dc_cnn30,abcrown,C_combined,0,0.1217278021222098,0.2771941376892607,0.08608847363241531,synthetic,sweep_all,Deep Contractive,CNN
dc_cnn30,marabou,A_synthetic,0,0.03912284419221926,0.09623658632137107,0.02954229286525183,synthetic,sweep_all,Deep Contractive,CNN
dc_cnn30,marabou,C_combined,0,0.11424453156052268,0.14232950361402122,0.03778065337282783,synthetic,sweep_all,Deep Contractive,CNN
dc_cnn30,neuralsat,A_synthetic,0,0.04731240352128663,0.09618775700222928,0.05406413944860901,synthetic,sweep_all,Deep Contractive,CNN
dc_cnn30,neuralsat,C_combined,1,0.6840833944799305,0.4675695909519428,0.6999438387729322,synthetic,sweep_all,Deep Contractive,CNN
dc_cnn30,nnenum,A_synthetic,0,0.03195029776283922,0.030760165190305888,0.01059521673799378,synthetic,sweep_all,Deep Contractive,CNN
dc_cnn30,nnenum,C_combined,0,0.07891801202300096,0.0796372502677136,0.030990192925703798,synthetic,sweep_all,Deep Contractive,CNN
dc_cnn30,pyrat,A_synthetic,0,0.01131815192698569,0.1809102059480964,0.022703904260772775,synthetic,sweep_all,Deep Contractive,CNN
dc_cnn30,pyrat,C_combined,0,0.057142276378183435,0.23715955971212876,0.060121486724863116,synthetic,sweep_all,Deep Contractive,CNN
dc_cnn31,abcrown,A_synthetic,0,0.02255794104355827,0.16572113783490955,0.022974420379383426,synthetic,sweep_all,Deep Contractive,CNN
dc_cnn31,abcrown,C_combined,0,0.10320906259250565,0.2682963789761511,0.10699573108351823,synthetic,sweep_all,Deep Contractive,CNN
dc_cnn31,marabou,A_synthetic,0,0.046471414200310576,0.13689704240449568,0.03294716629677286,synthetic,sweep_all,Deep Contractive,CNN
dc_cnn31,marabou,C_combined,0,0.11820087071356503,0.19588200350505397,0.034970906948660486,synthetic,sweep_all,Deep Contractive,CNN
dc_cnn31,neuralsat,A_synthetic,0,0.030108374837846386,0.09429460959841722,0.027482493885706553,synthetic,sweep_all,Deep Contractive,CNN
dc_cnn31,neuralsat,C_combined,0,0.6862030046901093,0.5131916136113643,0.5879847572383444,synthetic,sweep_all,Deep Contractive,CNN
dc_cnn31,nnenum,A_synthetic,0,0.05584975868620308,5.525476824631838e-05,0.0005155541460028703,synthetic,sweep_all,Deep Contractive,CNN
dc_cnn31,nnenum,C_combined,0,0.09089748526731853,0.004226973363376665,0.007263545619729636,synthetic,sweep_all,Deep Contractive,CNN
dc_cnn31,pyrat,A_synthetic,0,0.00807020198861538,0.16261356398784702,0.01093454104562939,synthetic,sweep_all,Deep Contractive,CNN
dc_cnn31,pyrat,C_combined,0,0.09806370563672662,0.3070550672302736,0.03712642557272242,synthetic,sweep_all,Deep Contractive,CNN
dc_cnn32,abcrown,A_synthetic,0,0.014461892631603917,0.2052322692740017,0.024290738596088567,synthetic,sweep_all,Deep Contractive,CNN
dc_cnn32,abcrown,C_combined,0,0.09128537459693004,0.24840230768165653,0.05268803256794617,synthetic,sweep_all,Deep Contractive,CNN
dc_cnn32,marabou,A_synthetic,0,0.029628356333947788,0.15059859082443233,0.03330726619507038,synthetic,sweep_all,Deep Contractive,CNN
dc_cnn32,marabou,C_combined,0,0.14337252357672553,0.19843913727494825,0.054824622255101096,synthetic,sweep_all,Deep Contractive,CNN
dc_cnn32,neuralsat,A_synthetic,0,0.04664911161139502,0.08028102202441825,0.03299072465913884,synthetic,sweep_all,Deep Contractive,CNN
dc_cnn32,neuralsat,C_combined,0,0.6617280973132307,0.5512649577817762,0.6716208216763527,synthetic,sweep_all,Deep Contractive,CNN
dc_cnn32,nnenum,A_synthetic,0,0.03864833602899352,0.0010308485567575194,0.005452778660192548,synthetic,sweep_all,Deep Contractive,CNN
dc_cnn32,nnenum,C_combined,0,0.07178543148281133,0.004390569132574514,0.009145321615801547,synthetic,sweep_all,Deep Contractive,CNN
dc_cnn32,pyrat,A_synthetic,0,0.011715044355731796,0.11165429749313911,0.010697005707508575,synthetic,sweep_all,Deep Contractive,CNN
dc_cnn32,pyrat,C_combined,0,0.09225934758896862,0.2683867024911995,0.0512938193586695,synthetic,sweep_all,Deep Contractive,CNN
dc_cnn33,abcrown,A_synthetic,0,0.013300477970320504,0.23553248692350603,0.03983997603828853,synthetic,sweep_all,Deep Contractive,CNN
dc_cnn33,abcrown,C_combined,0,0.11506902785818196,0.28146426460021046,0.09166711424412408,synthetic,sweep_all,Deep Contractive,CNN
dc_cnn33,marabou,A_synthetic,0,0.03239484551334677,0.12132747166142377,0.030802692541409975,synthetic,sweep_all,Deep Contractive,CNN
dc_cnn33,marabou,C_combined,0,0.12392905832675612,0.2180109738480387,0.07187556589489538,synthetic,sweep_all,Deep Contractive,CNN
dc_cnn33,neuralsat,A_synthetic,0,0.04412251602440431,0.07757549828314576,0.046106121912986686,synthetic,sweep_all,Deep Contractive,CNN
dc_cnn33,neuralsat,C_combined,1,0.6481987537250986,0.45137926230096415,0.692947286273881,synthetic,sweep_all,Deep Contractive,CNN
dc_cnn33,nnenum,A_synthetic,0,0.03485524921792526,0.026058859121096224,0.009191069833100977,synthetic,sweep_all,Deep Contractive,CNN
dc_cnn33,nnenum,C_combined,0,0.1004154370424076,0.08670130641521583,0.033531230280005625,synthetic,sweep_all,Deep Contractive,CNN
dc_cnn33,pyrat,A_synthetic,0,0.01102230426343091,0.13512062705883804,0.01608853525512562,synthetic,sweep_all,Deep Contractive,CNN
dc_cnn33,pyrat,C_combined,0,0.09220334636326162,0.290590676218199,0.04196931839193947,synthetic,sweep_all,Deep Contractive,CNN
dc_cnn34,abcrown,A_synthetic,0,0.010294665868585889,0.13572708384919102,0.012953883391913171,synthetic,sweep_all,Deep Contractive,CNN
dc_cnn34,abcrown,C_combined,0,0.11386680021362969,0.2104827679131211,0.06318029734916777,synthetic,sweep_all,Deep Contractive,CNN
dc_cnn34,marabou,A_synthetic,0,0.03806100904901898,0.025640530312021004,0.0081244245679915,synthetic,sweep_all,Deep Contractive,CNN
dc_cnn34,marabou,C_combined,0,0.10669735797566467,0.160970446907019,0.0311622944802449,synthetic,sweep_all,Deep Contractive,CNN
dc_cnn34,neuralsat,A_synthetic,0,0.031088158940230037,0.03646144626418915,0.02580451224892718,synthetic,sweep_all,Deep Contractive,CNN
dc_cnn34,neuralsat,C_combined,0,0.6831189352881353,0.22941742337738846,0.43580517419309306,synthetic,sweep_all,Deep Contractive,CNN
dc_cnn34,nnenum,A_synthetic,0,0.0231317999340065,0.0036684392924534936,0.014917987794078708,synthetic,sweep_all,Deep Contractive,CNN
dc_cnn34,nnenum,C_combined,0,0.06539952961182023,0.02961335006929705,0.030014292275702924,synthetic,sweep_all,Deep Contractive,CNN
dc_cnn34,pyrat,A_synthetic,0,0.01054523809035395,0.026660491406547082,0.013611587966747557,synthetic,sweep_all,Deep Contractive,CNN
dc_cnn34,pyrat,C_combined,0,0.06793998806813537,0.20248634321686,0.04151359013869947,synthetic,sweep_all,Deep Contractive,CNN
dc_cnn35,abcrown,A_synthetic,0,0.008843106613669351,0.04590053707869901,0.0017777938529802556,synthetic,sweep_all,Deep Contractive,CNN
dc_cnn35,abcrown,C_combined,0,0.11285840569020648,0.2641187396523623,0.07914182286454509,synthetic,sweep_all,Deep Contractive,CNN
dc_cnn35,marabou,A_synthetic,0,0.03940776960463671,0.019735386382990966,0.0009189755900318765,synthetic,sweep_all,Deep Contractive,CNN
dc_cnn35,marabou,C_combined,0,0.1098435805936212,0.15703390248214671,0.00802095553893174,synthetic,sweep_all,Deep Contractive,CNN
dc_cnn35,neuralsat,A_synthetic,0,0.05023586222767988,0.03449683366827708,0.005792791051524892,synthetic,sweep_all,Deep Contractive,CNN
dc_cnn35,neuralsat,C_combined,0,0.6793629048913913,0.05485230198517431,0.10267095160601483,synthetic,sweep_all,Deep Contractive,CNN
dc_cnn35,nnenum,A_synthetic,0,0.031622703008289677,0.00011179973539362916,9.558043415274014e-05,synthetic,sweep_all,Deep Contractive,CNN
dc_cnn35,nnenum,C_combined,0,0.07421294106285849,0.02923236773024096,0.007010401132379433,synthetic,sweep_all,Deep Contractive,CNN
dc_cnn35,pyrat,A_synthetic,0,0.010679446435325318,0.1201716581931536,0.00947839223927767,synthetic,sweep_all,Deep Contractive,CNN
dc_cnn35,pyrat,C_combined,0,0.052351419629985296,0.16553177090715426,0.0307665518964717,synthetic,sweep_all,Deep Contractive,CNN
dc_cnn36,abcrown,A_synthetic,0,0.009885745478233317,0.1700646895981967,0.016787951676075222,synthetic,sweep_all,Deep Contractive,CNN
dc_cnn36,abcrown,C_combined,0,0.09228531515968247,0.26625023921095875,0.10502991225968927,synthetic,sweep_all,Deep Contractive,CNN
dc_cnn36,marabou,A_synthetic,0,0.048499841199909424,0.11184493567288803,0.026112387171872208,synthetic,sweep_all,Deep Contractive,CNN
dc_cnn36,marabou,C_combined,0,0.12081025802855946,0.16060942196401057,0.034027754804091384,synthetic,sweep_all,Deep Contractive,CNN
dc_cnn36,neuralsat,A_synthetic,0,0.04707461686123098,0.08504880771987886,0.03233573671714186,synthetic,sweep_all,Deep Contractive,CNN
dc_cnn36,neuralsat,C_combined,0,0.6690306902387589,0.518876299117988,0.5509384598297155,synthetic,sweep_all,Deep Contractive,CNN
dc_cnn36,nnenum,A_synthetic,0,0.06030480305528905,0.0017059919304136203,0.0004123542387549678,synthetic,sweep_all,Deep Contractive,CNN
dc_cnn36,nnenum,C_combined,0,0.06600869909117912,0.0026370018817525303,0.009874054931998045,synthetic,sweep_all,Deep Contractive,CNN
dc_cnn36,pyrat,A_synthetic,0,0.00838951414689475,0.20172388689418627,0.006574216094437682,synthetic,sweep_all,Deep Contractive,CNN
dc_cnn36,pyrat,C_combined,0,0.1296519796006376,0.2779197942139643,0.030754944694242975,synthetic,sweep_all,Deep Contractive,CNN
dc_cnn37,abcrown,A_synthetic,0,0.01984121690326013,0.16660732571119913,0.028469667588169757,synthetic,sweep_all,Deep Contractive,CNN
dc_cnn37,abcrown,C_combined,0,0.08894422819763695,0.23133592036139192,0.04830666521057093,synthetic,sweep_all,Deep Contractive,CNN
dc_cnn37,marabou,A_synthetic,0,0.036979784852592165,0.17139962459561492,0.03574696847440305,synthetic,sweep_all,Deep Contractive,CNN
dc_cnn37,marabou,C_combined,0,0.17943374016583524,0.21226331500915502,0.08737323468576232,synthetic,sweep_all,Deep Contractive,CNN
dc_cnn37,neuralsat,A_synthetic,0,0.032881302682171855,0.11445872929169307,0.02921491493177522,synthetic,sweep_all,Deep Contractive,CNN
dc_cnn37,neuralsat,C_combined,0,0.6563271364387988,0.5342466166884156,0.6882769232984651,synthetic,sweep_all,Deep Contractive,CNN
dc_cnn37,nnenum,A_synthetic,0,0.03591804257554662,0.0019064234689587384,0.004411639083439222,synthetic,sweep_all,Deep Contractive,CNN
dc_cnn37,nnenum,C_combined,0,0.1262779317129067,0.03686795753468784,0.013235806857326424,synthetic,sweep_all,Deep Contractive,CNN
dc_cnn37,pyrat,A_synthetic,0,0.01089187148628757,0.10971572395275084,0.012563123636429868,synthetic,sweep_all,Deep Contractive,CNN
dc_cnn37,pyrat,C_combined,0,0.12110812890493088,0.2900573520590969,0.04102058181505849,synthetic,sweep_all,Deep Contractive,CNN
dc_cnn38,abcrown,A_synthetic,0,0.015918127190149633,0.2643157219036968,0.03594587742136669,synthetic,sweep_all,Deep Contractive,CNN
dc_cnn38,abcrown,C_combined,0,0.097225261961764,0.2534749707197878,0.0939871370931744,synthetic,sweep_all,Deep Contractive,CNN
dc_cnn38,marabou,A_synthetic,0,0.03615401726530288,0.11376387893263999,0.028686956301690582,synthetic,sweep_all,Deep Contractive,CNN
dc_cnn38,marabou,C_combined,0,0.08270139652640243,0.18278413915465005,0.05462459158211667,synthetic,sweep_all,Deep Contractive,CNN
dc_cnn38,neuralsat,A_synthetic,0,0.042794427404877815,0.07588115879581595,0.04098364087528121,synthetic,sweep_all,Deep Contractive,CNN
dc_cnn38,neuralsat,C_combined,1,0.6605202575383686,0.45521325487758346,0.6775532323870013,synthetic,sweep_all,Deep Contractive,CNN
dc_cnn38,nnenum,A_synthetic,0,0.0218985586563137,0.024126575325338566,0.012757251781319076,synthetic,sweep_all,Deep Contractive,CNN
dc_cnn38,nnenum,C_combined,0,0.08346804387942822,0.05319618232169267,0.03134435609470137,synthetic,sweep_all,Deep Contractive,CNN
dc_cnn38,pyrat,A_synthetic,0,0.012815681556507332,0.1134603614116074,0.018566836038218494,synthetic,sweep_all,Deep Contractive,CNN
dc_cnn38,pyrat,C_combined,0,0.11021394119073544,0.2638512924540118,0.05618668747968743,synthetic,sweep_all,Deep Contractive,CNN
dc_cnn39,abcrown,A_synthetic,0,0.014205921066188171,0.15640737580294803,0.02196978847313662,synthetic,sweep_all,Deep Contractive,CNN
dc_cnn39,abcrown,C_combined,0,0.11971093834621804,0.22705695500682058,0.06253954768319968,synthetic,sweep_all,Deep Contractive,CNN
dc_cnn39,marabou,A_synthetic,0,0.033470670695710476,0.02130784036802473,0.01262401931528132,synthetic,sweep_all,Deep Contractive,CNN
dc_cnn39,marabou,C_combined,0,0.10253449928221565,0.18125373966302133,0.020895027672683735,synthetic,sweep_all,Deep Contractive,CNN
dc_cnn39,neuralsat,A_synthetic,0,0.03556514961159144,0.03997918996038059,0.029850421835792784,synthetic,sweep_all,Deep Contractive,CNN
dc_cnn39,neuralsat,C_combined,0,0.6833643095362906,0.2781163125189682,0.5258389672686724,synthetic,sweep_all,Deep Contractive,CNN
dc_cnn39,nnenum,A_synthetic,0,0.04459034843169914,0.02791140101238674,0.03034709966494259,synthetic,sweep_all,Deep Contractive,CNN
dc_cnn39,nnenum,C_combined,0,0.09436377069382879,0.07886913783136211,0.03717778422168804,synthetic,sweep_all,Deep Contractive,CNN
dc_cnn39,pyrat,A_synthetic,0,0.009417589147159396,0.04253881153641036,0.019432545201850313,synthetic,sweep_all,Deep Contractive,CNN
dc_cnn39,pyrat,C_combined,0,0.06296406356491664,0.22110230067430928,0.05101264383354677,synthetic,sweep_all,Deep Contractive,CNN
dc_cnn4,abcrown,A_synthetic,0,0.0022589521783258214,0.11827707875228795,0.0075219436925363205,synthetic,sweep_all,Deep Contractive,CNN
dc_cnn4,abcrown,C_combined,0,0.09330978637701226,0.26286372304431727,0.06050731755872398,synthetic,sweep_all,Deep Contractive,CNN
dc_cnn4,marabou,A_synthetic,0,0.013740203494300374,0.21325348382536866,0.022381203048737627,synthetic,sweep_all,Deep Contractive,CNN
dc_cnn4,marabou,C_combined,0,0.08963421786033163,0.2009523802877884,0.03224856128367445,synthetic,sweep_all,Deep Contractive,CNN
dc_cnn4,neuralsat,A_synthetic,0,0.015298347983354624,0.06499124947893292,0.023421142208318833,synthetic,sweep_all,Deep Contractive,CNN
dc_cnn4,neuralsat,C_combined,1,0.6697591227434837,0.5271317102709834,0.7347932228891778,synthetic,sweep_all,Deep Contractive,CNN
dc_cnn4,nnenum,A_synthetic,0,0.016933213490666545,0.001168710855248005,0.0015725548607251672,synthetic,sweep_all,Deep Contractive,CNN
dc_cnn4,nnenum,C_combined,0,0.058003826866561504,0.03486110443191839,0.01280464724531043,synthetic,sweep_all,Deep Contractive,CNN
dc_cnn4,pyrat,A_synthetic,0,0.002247390329998337,0.16535632240440293,0.012329807480170782,synthetic,sweep_all,Deep Contractive,CNN
dc_cnn4,pyrat,C_combined,0,0.04245689263614258,0.24752503486524194,0.01938098751177133,synthetic,sweep_all,Deep Contractive,CNN
dc_cnn40,abcrown,A_synthetic,0,0.013873628514751652,0.1612463449144528,0.004924580469055017,synthetic,sweep_all,Deep Contractive,CNN
dc_cnn40,abcrown,C_combined,0,0.11794970528312924,0.28961052999585984,0.09012294845098336,synthetic,sweep_all,Deep Contractive,CNN
dc_cnn40,marabou,A_synthetic,0,0.039964926007686565,0.01968485476438587,0.0011156233749378731,synthetic,sweep_all,Deep Contractive,CNN
dc_cnn40,marabou,C_combined,0,0.12877831750415633,0.15865050233091257,0.03661490737779276,synthetic,sweep_all,Deep Contractive,CNN
dc_cnn40,neuralsat,A_synthetic,0,0.03600740964241879,0.01341421371844442,0.0031895974207391655,synthetic,sweep_all,Deep Contractive,CNN
dc_cnn40,neuralsat,C_combined,0,0.6882992306358771,0.042380761408429994,0.13825561821310672,synthetic,sweep_all,Deep Contractive,CNN
dc_cnn40,nnenum,A_synthetic,0,0.05195889286921436,0.0001056689913802484,7.13169071445221e-05,synthetic,sweep_all,Deep Contractive,CNN
dc_cnn40,nnenum,C_combined,0,0.0748906618192022,0.017875084658238952,0.015088722824243455,synthetic,sweep_all,Deep Contractive,CNN
dc_cnn40,pyrat,A_synthetic,0,0.008207673453619703,0.08367804055672884,0.0034093765747505098,synthetic,sweep_all,Deep Contractive,CNN
dc_cnn40,pyrat,C_combined,0,0.13660674294563419,0.16523627154723997,0.03273744791493063,synthetic,sweep_all,Deep Contractive,CNN
dc_cnn41,abcrown,A_synthetic,0,0.004137458276856214,0.13669378570536392,0.012079493105945064,synthetic,sweep_all,Deep Contractive,CNN
dc_cnn41,abcrown,C_combined,0,0.06452713103767876,0.23837217016761944,0.06552156972435053,synthetic,sweep_all,Deep Contractive,CNN
dc_cnn41,marabou,A_synthetic,0,0.002705722761452292,0.057956137236830595,0.0012832607542876803,synthetic,sweep_all,Deep Contractive,CNN
dc_cnn41,marabou,C_combined,0,0.12269309214748322,0.22616031431149733,0.023639814247261012,synthetic,sweep_all,Deep Contractive,CNN
dc_cnn41,neuralsat,A_synthetic,0,0.0054963373108210395,0.10199737147853805,0.008069345187714662,synthetic,sweep_all,Deep Contractive,CNN
dc_cnn41,neuralsat,C_combined,0,0.3705497042327948,0.3432870717767491,0.20260695707791396,synthetic,sweep_all,Deep Contractive,CNN
dc_cnn41,nnenum,A_synthetic,0,0.010869837555644416,0.05962200600603048,0.004444830902790898,synthetic,sweep_all,Deep Contractive,CNN
dc_cnn41,nnenum,C_combined,0,0.0822802348207207,0.15027354198188544,0.020347977540019394,synthetic,sweep_all,Deep Contractive,CNN
dc_cnn41,pyrat,A_synthetic,0,0.0015085985731003151,0.09249936862617211,0.0009917304435416764,synthetic,sweep_all,Deep Contractive,CNN
dc_cnn41,pyrat,C_combined,0,0.049514921748460075,0.2669005344939974,0.020910554401996684,synthetic,sweep_all,Deep Contractive,CNN
dc_cnn42,abcrown,A_synthetic,0,0.0038823546646006833,0.21160013144422596,0.014575700711193124,synthetic,sweep_all,Deep Contractive,CNN
dc_cnn42,abcrown,C_combined,0,0.09292787205704714,0.25466926967831943,0.059578633676609795,synthetic,sweep_all,Deep Contractive,CNN
dc_cnn42,marabou,A_synthetic,0,0.009470567960107869,0.084499351506676,0.005162919048683898,synthetic,sweep_all,Deep Contractive,CNN
dc_cnn42,marabou,C_combined,0,0.12164017843825674,0.19044359174425282,0.016035877210928196,synthetic,sweep_all,Deep Contractive,CNN
dc_cnn42,neuralsat,A_synthetic,0,0.011267701213753688,0.10141983495000803,0.016563283920353646,synthetic,sweep_all,Deep Contractive,CNN
dc_cnn42,neuralsat,C_combined,0,0.5572499361017103,0.3961816189417796,0.42145490972181143,synthetic,sweep_all,Deep Contractive,CNN
dc_cnn42,nnenum,A_synthetic,0,0.024121027437483906,0.07481648530058506,0.010580321026639063,synthetic,sweep_all,Deep Contractive,CNN
dc_cnn42,nnenum,C_combined,0,0.07900372824854555,0.09099485457808269,0.03188521429274932,synthetic,sweep_all,Deep Contractive,CNN
dc_cnn42,pyrat,A_synthetic,0,0.0030026518498819823,0.1522144515759639,0.007928842054245405,synthetic,sweep_all,Deep Contractive,CNN
dc_cnn42,pyrat,C_combined,0,0.04277468429271921,0.24949282159133163,0.04262437087612008,synthetic,sweep_all,Deep Contractive,CNN
dc_cnn43,abcrown,A_synthetic,0,0.013087112653645025,0.22535219246665888,0.031250207473780885,synthetic,sweep_all,Deep Contractive,CNN
dc_cnn43,abcrown,C_combined,0,0.08723149249387183,0.26558477193317664,0.07064337129048895,synthetic,sweep_all,Deep Contractive,CNN
dc_cnn43,marabou,A_synthetic,0,0.03273195894751153,0.12405164301178098,0.03283308544989496,synthetic,sweep_all,Deep Contractive,CNN
dc_cnn43,marabou,C_combined,0,0.14127263374694346,0.17393315566160333,0.05489269896306568,synthetic,sweep_all,Deep Contractive,CNN
dc_cnn43,neuralsat,A_synthetic,0,0.03800761478204801,0.0637654009670404,0.04296037396752857,synthetic,sweep_all,Deep Contractive,CNN
dc_cnn43,neuralsat,C_combined,1,0.621876602346427,0.4769106988715269,0.6791221992701891,synthetic,sweep_all,Deep Contractive,CNN
dc_cnn43,nnenum,A_synthetic,0,0.028775898161731612,0.03395109585916358,0.012942781208845667,synthetic,sweep_all,Deep Contractive,CNN
dc_cnn43,nnenum,C_combined,0,0.060426940512409676,0.06007753893944261,0.029438796599541857,synthetic,sweep_all,Deep Contractive,CNN
dc_cnn43,pyrat,A_synthetic,0,0.011409978571447602,0.10665835607723184,0.019562848718937844,synthetic,sweep_all,Deep Contractive,CNN
dc_cnn43,pyrat,C_combined,0,0.0982160948126666,0.3057180017949824,0.04287462102955541,synthetic,sweep_all,Deep Contractive,CNN
dc_cnn44,abcrown,A_synthetic,0,0.039384923952330855,0.14957017904306397,0.03895943741859951,synthetic,sweep_all,Deep Contractive,CNN
dc_cnn44,abcrown,C_combined,0,0.13177594881111773,0.2364319408406737,0.10337182775081977,synthetic,sweep_all,Deep Contractive,CNN
dc_cnn44,marabou,A_synthetic,0,0.1797579769981821,0.23342511618456635,0.2503232217665442,synthetic,sweep_all,Deep Contractive,CNN
dc_cnn44,marabou,C_combined,0,0.1973184657044925,0.23011858724343465,0.20904211258330124,synthetic,sweep_all,Deep Contractive,CNN
dc_cnn44,neuralsat,A_synthetic,0,0.14458491018515757,0.0906675168450568,0.10315811945741157,synthetic,sweep_all,Deep Contractive,CNN
dc_cnn44,neuralsat,C_combined,1,0.7949970034301274,0.5399934108258919,0.8699170642296788,synthetic,sweep_all,Deep Contractive,CNN
dc_cnn44,nnenum,A_synthetic,0,0.05741511931026294,0.005469610550754073,0.006264024024776703,synthetic,sweep_all,Deep Contractive,CNN
dc_cnn44,nnenum,C_combined,0,0.075501359307518,0.01887757836686483,0.03387164039587126,synthetic,sweep_all,Deep Contractive,CNN
dc_cnn44,pyrat,A_synthetic,0,0.05350618747180321,0.18888972533348575,0.06156638251350954,synthetic,sweep_all,Deep Contractive,CNN
dc_cnn44,pyrat,C_combined,0,0.14110347039618815,0.24370796560838054,0.06922790859069253,synthetic,sweep_all,Deep Contractive,CNN
dc_cnn45,abcrown,A_synthetic,0,0.30370643981272766,0.20596113721233028,0.16494740036909977,synthetic,sweep_all,Deep Contractive,CNN
dc_cnn45,abcrown,C_combined,0,0.21081472740206192,0.33129014078725466,0.1996762762968114,synthetic,sweep_all,Deep Contractive,CNN
dc_cnn45,marabou,A_synthetic,1,0.33852657389683904,0.1909021479992833,0.6013844664762251,synthetic,sweep_all,Deep Contractive,CNN
dc_cnn45,marabou,C_combined,1,0.25093129205518333,0.1465964291899478,0.35879577886053654,synthetic,sweep_all,Deep Contractive,CNN
dc_cnn45,neuralsat,A_synthetic,0,0.3278953778918321,0.09818204958090553,0.256827623157753,synthetic,sweep_all,Deep Contractive,CNN
dc_cnn45,neuralsat,C_combined,1,0.88057903695406,0.5683705997000533,0.9595504804995028,synthetic,sweep_all,Deep Contractive,CNN
dc_cnn45,nnenum,A_synthetic,0,0.11351361540053524,0.0019959916511907757,0.004603907721045628,synthetic,sweep_all,Deep Contractive,CNN
dc_cnn45,nnenum,C_combined,0,0.11558340064018138,0.02483890849864837,0.06892226009616804,synthetic,sweep_all,Deep Contractive,CNN
dc_cnn45,pyrat,A_synthetic,0,0.326593018735838,0.14157139164881263,0.24055774255927154,synthetic,sweep_all,Deep Contractive,CNN
dc_cnn45,pyrat,C_combined,0,0.2816880878658675,0.28289449258361865,0.13209419304047446,synthetic,sweep_all,Deep Contractive,CNN
dc_cnn46,abcrown,A_synthetic,0,0.0042046886045419484,0.15779694284556522,0.011285522540065911,synthetic,sweep_all,Deep Contractive,CNN
dc_cnn46,abcrown,C_combined,0,0.0682386610148155,0.23910544691780503,0.04037009249450714,synthetic,sweep_all,Deep Contractive,CNN
dc_cnn46,marabou,A_synthetic,0,0.0016957306930976985,0.03128850865758058,0.0016859517971110915,synthetic,sweep_all,Deep Contractive,CNN
dc_cnn46,marabou,C_combined,0,0.0915654804399729,0.23295932980158054,0.04073383360287445,synthetic,sweep_all,Deep Contractive,CNN
dc_cnn46,neuralsat,A_synthetic,0,0.006227635710001636,0.08939534665871803,0.004873332559758465,synthetic,sweep_all,Deep Contractive,CNN
dc_cnn46,neuralsat,C_combined,0,0.3867209252104082,0.35046115423906665,0.201726430012166,synthetic,sweep_all,Deep Contractive,CNN
dc_cnn46,nnenum,A_synthetic,0,0.01208298496676747,0.07719352328202639,0.009051629504416299,synthetic,sweep_all,Deep Contractive,CNN
dc_cnn46,nnenum,C_combined,0,0.08810177402220197,0.17491195644646856,0.02075369639922121,synthetic,sweep_all,Deep Contractive,CNN
dc_cnn46,pyrat,A_synthetic,0,0.0015992844631839728,0.10929913663937252,0.0008784190395152589,synthetic,sweep_all,Deep Contractive,CNN
dc_cnn46,pyrat,C_combined,0,0.03796816002151693,0.2746449741703671,0.01567814815848992,synthetic,sweep_all,Deep Contractive,CNN
dc_cnn47,abcrown,A_synthetic,0,0.004074955840612642,0.18809480881005983,0.02190584170083866,synthetic,sweep_all,Deep Contractive,CNN
dc_cnn47,abcrown,C_combined,0,0.08053216194245695,0.2591438178305699,0.0577405529439863,synthetic,sweep_all,Deep Contractive,CNN
dc_cnn47,marabou,A_synthetic,0,0.008663984944615677,0.08504219655591225,0.004753602818816762,synthetic,sweep_all,Deep Contractive,CNN
dc_cnn47,marabou,C_combined,0,0.17090010892699256,0.18458983592511718,0.029187828224625356,synthetic,sweep_all,Deep Contractive,CNN
dc_cnn47,neuralsat,A_synthetic,0,0.01215404762431722,0.10890478330541147,0.02434142198935546,synthetic,sweep_all,Deep Contractive,CNN
dc_cnn47,neuralsat,C_combined,0,0.5133725937339153,0.3810456460178657,0.43494277679669613,synthetic,sweep_all,Deep Contractive,CNN
dc_cnn47,nnenum,A_synthetic,0,0.02454382586279211,0.05656697112613224,0.007201717352692126,synthetic,sweep_all,Deep Contractive,CNN
dc_cnn47,nnenum,C_combined,0,0.062485016231514166,0.09498122750307046,0.03772232235753626,synthetic,sweep_all,Deep Contractive,CNN
dc_cnn47,pyrat,A_synthetic,0,0.0028534306776409717,0.1488001045816614,0.006370236664209057,synthetic,sweep_all,Deep Contractive,CNN
dc_cnn47,pyrat,C_combined,0,0.06159934702715716,0.2616319410273073,0.04054509261547419,synthetic,sweep_all,Deep Contractive,CNN
dc_cnn48,abcrown,A_synthetic,0,0.018137840917966618,0.2410059978462224,0.02913504457586209,synthetic,sweep_all,Deep Contractive,CNN
dc_cnn48,abcrown,C_combined,0,0.11165087982414301,0.31619830699946483,0.08198724322155379,synthetic,sweep_all,Deep Contractive,CNN
dc_cnn48,marabou,A_synthetic,0,0.03513390820080998,0.11879041529513623,0.022635906877547303,synthetic,sweep_all,Deep Contractive,CNN
dc_cnn48,marabou,C_combined,0,0.11604503824333227,0.20302069049166316,0.028389793287349873,synthetic,sweep_all,Deep Contractive,CNN
dc_cnn48,neuralsat,A_synthetic,0,0.03893105350648728,0.07905208734083521,0.04977434143064617,synthetic,sweep_all,Deep Contractive,CNN
dc_cnn48,neuralsat,C_combined,1,0.6438660984893081,0.46619995302036576,0.6707005785656326,synthetic,sweep_all,Deep Contractive,CNN
dc_cnn48,nnenum,A_synthetic,0,0.03738569802049742,0.03317080325997236,0.00862446452483633,synthetic,sweep_all,Deep Contractive,CNN
dc_cnn48,nnenum,C_combined,0,0.08308195818050827,0.09390397980734666,0.028846504900282212,synthetic,sweep_all,Deep Contractive,CNN
dc_cnn48,pyrat,A_synthetic,0,0.010069969017418346,0.0913878761498984,0.019586243307394852,synthetic,sweep_all,Deep Contractive,CNN
dc_cnn48,pyrat,C_combined,0,0.09179260107345018,0.2835882012420764,0.052391373048871995,synthetic,sweep_all,Deep Contractive,CNN
dc_cnn49,abcrown,A_synthetic,0,0.038270282477416165,0.1282734567394927,0.04007482884714599,synthetic,sweep_all,Deep Contractive,CNN
dc_cnn49,abcrown,C_combined,0,0.14790654980364873,0.23791402676115467,0.10805820724502294,synthetic,sweep_all,Deep Contractive,CNN
dc_cnn49,marabou,A_synthetic,0,0.1692633561149204,0.18937613399657577,0.22977468291261643,synthetic,sweep_all,Deep Contractive,CNN
dc_cnn49,marabou,C_combined,0,0.18930417072324457,0.2064754309618722,0.19773986863565793,synthetic,sweep_all,Deep Contractive,CNN
dc_cnn49,neuralsat,A_synthetic,0,0.12619787459621157,0.07002774152871401,0.0811259867636023,synthetic,sweep_all,Deep Contractive,CNN
dc_cnn49,neuralsat,C_combined,1,0.7992260338354114,0.5194112790760274,0.8841459277664752,synthetic,sweep_all,Deep Contractive,CNN
dc_cnn49,nnenum,A_synthetic,0,0.061488930852193535,0.005344604538634439,0.0058372358537994015,synthetic,sweep_all,Deep Contractive,CNN
dc_cnn49,nnenum,C_combined,0,0.13281851298900313,0.02220181430233015,0.022546557853612297,synthetic,sweep_all,Deep Contractive,CNN
dc_cnn49,pyrat,A_synthetic,0,0.04882336360645166,0.17563005357040296,0.052461250641506176,synthetic,sweep_all,Deep Contractive,CNN
dc_cnn49,pyrat,C_combined,0,0.16503450601095698,0.29700659559936404,0.0600701243131582,synthetic,sweep_all,Deep Contractive,CNN
dc_cnn5,abcrown,A_synthetic,0,0.0007923212001884992,0.24840036430707824,0.009044256443255554,synthetic,sweep_all,Deep Contractive,CNN
dc_cnn5,abcrown,C_combined,0,0.06980619250717919,0.3180330633800671,0.07436909600977268,synthetic,sweep_all,Deep Contractive,CNN
dc_cnn5,marabou,A_synthetic,0,0.008077611273383271,0.44460117806688054,0.030614868669229422,synthetic,sweep_all,Deep Contractive,CNN
dc_cnn5,marabou,C_combined,0,0.11850575136051167,0.2172790015571951,0.032809494101719724,synthetic,sweep_all,Deep Contractive,CNN
dc_cnn5,neuralsat,A_synthetic,0,0.005294849011245957,0.06977036242842133,0.005758294746299837,synthetic,sweep_all,Deep Contractive,CNN
dc_cnn5,neuralsat,C_combined,1,0.7176369030710403,0.6318519387267977,0.8092212534275569,synthetic,sweep_all,Deep Contractive,CNN
dc_cnn5,nnenum,A_synthetic,0,0.0153456923005539,1.0108748543757673e-05,0.00013425587496141466,synthetic,sweep_all,Deep Contractive,CNN
dc_cnn5,nnenum,C_combined,0,0.05461916682951808,0.006201119741851145,0.00474657029952001,synthetic,sweep_all,Deep Contractive,CNN
dc_cnn5,pyrat,A_synthetic,0,0.0007373923894190762,0.16338878853902236,0.007313847988917943,synthetic,sweep_all,Deep Contractive,CNN
dc_cnn5,pyrat,C_combined,0,0.07119591044281633,0.25364426631242887,0.009689277570366969,synthetic,sweep_all,Deep Contractive,CNN
dc_cnn50,abcrown,A_synthetic,0,0.3714842997989122,0.18076997196945832,0.19422309574675456,synthetic,sweep_all,Deep Contractive,CNN
dc_cnn50,abcrown,C_combined,0,0.18658399891343364,0.19955790991209407,0.2270898285770115,synthetic,sweep_all,Deep Contractive,CNN
dc_cnn50,marabou,A_synthetic,1,0.39950566894860395,0.21126932306407128,0.656452121363088,synthetic,sweep_all,Deep Contractive,CNN
dc_cnn50,marabou,C_combined,1,0.19973821861703922,0.19037965346205116,0.27259316754980695,synthetic,sweep_all,Deep Contractive,CNN
dc_cnn50,neuralsat,A_synthetic,0,0.3024186883296398,0.1113539834806834,0.26743056648338004,synthetic,sweep_all,Deep Contractive,CNN
dc_cnn50,neuralsat,C_combined,1,0.8690719389703082,0.5728209603386325,0.9396647660541131,synthetic,sweep_all,Deep Contractive,CNN
dc_cnn50,nnenum,A_synthetic,0,0.1588156221212153,0.0009207936927561314,0.01418071961845806,synthetic,sweep_all,Deep Contractive,CNN
dc_cnn50,nnenum,C_combined,0,0.1262828953545319,0.002382537804467292,0.07144318450887582,synthetic,sweep_all,Deep Contractive,CNN
dc_cnn50,pyrat,A_synthetic,0,0.3733122449745111,0.13729507129008653,0.23465151801037515,synthetic,sweep_all,Deep Contractive,CNN
dc_cnn50,pyrat,C_combined,0,0.23713135169271143,0.28432961241879584,0.13286865865019395,synthetic,sweep_all,Deep Contractive,CNN
dc_cnn6,abcrown,A_synthetic,0,0.5168045660351471,0.16445074558972056,0.23284661369521106,synthetic,sweep_all,Deep Contractive,CNN
dc_cnn6,abcrown,C_combined,0,0.21805413347486297,0.2426823421898491,0.1701697770934109,synthetic,sweep_all,Deep Contractive,CNN
dc_cnn6,marabou,A_synthetic,0,0.6856849274296923,0.0272598191812094,0.07505237965551377,synthetic,sweep_all,Deep Contractive,CNN
dc_cnn6,marabou,C_combined,0,0.46875989508198723,0.1816189894427309,0.1003393621679817,synthetic,sweep_all,Deep Contractive,CNN
dc_cnn6,neuralsat,A_synthetic,0,0.5135461841854385,0.0768583075128245,0.37777234553375333,synthetic,sweep_all,Deep Contractive,CNN
dc_cnn6,neuralsat,C_combined,0,0.5119653097653398,0.2929666180104045,0.2430862664656411,synthetic,sweep_all,Deep Contractive,CNN
dc_cnn6,nnenum,A_synthetic,0,0.41002970673862693,0.03296525979653554,0.05101882902044439,synthetic,sweep_all,Deep Contractive,CNN
dc_cnn6,nnenum,C_combined,0,0.24183317782869218,0.13095435551556395,0.06858524979485743,synthetic,sweep_all,Deep Contractive,CNN
dc_cnn6,pyrat,A_synthetic,0,0.5127606361023423,0.15699380343910585,0.4238061118327763,synthetic,sweep_all,Deep Contractive,CNN
dc_cnn6,pyrat,C_combined,0,0.27510338245335275,0.29069558677367735,0.15957173957254048,synthetic,sweep_all,Deep Contractive,CNN
dc_cnn7,abcrown,A_synthetic,0,0.08000764986401823,0.2116626358272813,0.09042852604233685,synthetic,sweep_all,Deep Contractive,CNN
dc_cnn7,abcrown,C_combined,0,0.1384579848846867,0.2706159108247702,0.12756942062687776,synthetic,sweep_all,Deep Contractive,CNN
dc_cnn7,marabou,A_synthetic,0,0.17289282974821463,0.06661423422036693,0.04090302694541452,synthetic,sweep_all,Deep Contractive,CNN
dc_cnn7,marabou,C_combined,0,0.19543446088661023,0.20365927205929607,0.04019621443824141,synthetic,sweep_all,Deep Contractive,CNN
dc_cnn7,neuralsat,A_synthetic,0,0.11924610643258995,0.09666344993196968,0.12059558508251633,synthetic,sweep_all,Deep Contractive,CNN
dc_cnn7,neuralsat,C_combined,0,0.6231885453889447,0.37499358008198225,0.5342134076415358,synthetic,sweep_all,Deep Contractive,CNN
dc_cnn7,nnenum,A_synthetic,0,0.09584539881711514,0.09518856427048564,0.030431771595164747,synthetic,sweep_all,Deep Contractive,CNN
dc_cnn7,nnenum,C_combined,0,0.10691306695524745,0.1257668591619388,0.0620620092966049,synthetic,sweep_all,Deep Contractive,CNN
dc_cnn7,pyrat,A_synthetic,0,0.07081434703759458,0.1070064251594586,0.0741209823211223,synthetic,sweep_all,Deep Contractive,CNN
dc_cnn7,pyrat,C_combined,0,0.10541721203745096,0.2776726289691422,0.12466297573153803,synthetic,sweep_all,Deep Contractive,CNN
dc_cnn8,abcrown,A_synthetic,0,0.020588589628029185,0.1291532467039202,0.016382578757962018,synthetic,sweep_all,Deep Contractive,CNN
dc_cnn8,abcrown,C_combined,0,0.10218241533748348,0.2920443489507688,0.06802300426070945,synthetic,sweep_all,Deep Contractive,CNN
dc_cnn8,marabou,A_synthetic,0,0.04506060376012373,0.09960737887653873,0.026085383503864412,synthetic,sweep_all,Deep Contractive,CNN
dc_cnn8,marabou,C_combined,0,0.16772544864991107,0.1845947536354221,0.05421403718333988,synthetic,sweep_all,Deep Contractive,CNN
dc_cnn8,neuralsat,A_synthetic,0,0.051172019545718796,0.10843871567794286,0.05012151760275403,synthetic,sweep_all,Deep Contractive,CNN
dc_cnn8,neuralsat,C_combined,0,0.6803575139121284,0.44108684898551276,0.7148467914102471,synthetic,sweep_all,Deep Contractive,CNN
dc_cnn8,nnenum,A_synthetic,0,0.055779793576500224,0.022477773896830706,0.011447580816877297,synthetic,sweep_all,Deep Contractive,CNN
dc_cnn8,nnenum,C_combined,0,0.07692132250128073,0.07005391008012776,0.027723030264531646,synthetic,sweep_all,Deep Contractive,CNN
dc_cnn8,pyrat,A_synthetic,0,0.010145135091201591,0.15159897650708823,0.015265759119141898,synthetic,sweep_all,Deep Contractive,CNN
dc_cnn8,pyrat,C_combined,0,0.11078006113970962,0.2760853179615218,0.049525826365087754,synthetic,sweep_all,Deep Contractive,CNN
dc_cnn9,abcrown,A_synthetic,0,0.0026505111275494115,0.2163176698072407,0.01175237654157176,synthetic,sweep_all,Deep Contractive,CNN
dc_cnn9,abcrown,C_combined,0,0.08335820750273326,0.31318316478974534,0.06371158774708878,synthetic,sweep_all,Deep Contractive,CNN
dc_cnn9,marabou,A_synthetic,0,0.01916632431634042,0.1648046321714842,0.021725587970793096,synthetic,sweep_all,Deep Contractive,CNN
dc_cnn9,marabou,C_combined,0,0.122467299410799,0.20073725302360068,0.05793874261021102,synthetic,sweep_all,Deep Contractive,CNN
dc_cnn9,neuralsat,A_synthetic,0,0.009048524064876417,0.06500227526784491,0.011797528707193505,synthetic,sweep_all,Deep Contractive,CNN
dc_cnn9,neuralsat,C_combined,1,0.6588406330691818,0.4991495172679537,0.7309944206168795,synthetic,sweep_all,Deep Contractive,CNN
dc_cnn9,nnenum,A_synthetic,0,0.023467804994919274,0.00234016542641262,0.001504265287960431,synthetic,sweep_all,Deep Contractive,CNN
dc_cnn9,nnenum,C_combined,0,0.0807710340752447,0.022012781475040547,0.01968579265946396,synthetic,sweep_all,Deep Contractive,CNN
dc_cnn9,pyrat,A_synthetic,0,0.004126429212860297,0.12129128069189829,0.01033434113142555,synthetic,sweep_all,Deep Contractive,CNN
dc_cnn9,pyrat,C_combined,0,0.07617669513147506,0.22875399019274084,0.017201220397117033,synthetic,sweep_all,Deep Contractive,CNN
ep1,abcrown,A_synthetic,0,0.14205304552617043,0.11587685988422432,0.10614932967676964,synthetic,sweep_all,Constant-on-Box,MLP
ep1,abcrown,C_combined,0,0.21207645703104222,0.22722326068519938,0.04810879627561178,synthetic,sweep_all,Constant-on-Box,MLP
ep1,marabou,A_synthetic,0,0.07288312563247759,0.01107918838556127,0.0014723963895350823,synthetic,sweep_all,Constant-on-Box,MLP
ep1,marabou,C_combined,0,0.3320300739087575,0.14175399802363914,0.0253871227929925,synthetic,sweep_all,Constant-on-Box,MLP
ep1,neuralsat,A_synthetic,0,0.08167432940258325,0.027010926631599357,0.022265160989466636,synthetic,sweep_all,Constant-on-Box,MLP
ep1,neuralsat,C_combined,0,0.38353084210445126,0.034986202649055935,0.03541526653834416,synthetic,sweep_all,Constant-on-Box,MLP
ep1,pyrat,A_synthetic,0,0.05678616688759408,0.2282931526374999,0.0484324664464746,synthetic,sweep_all,Constant-on-Box,MLP
ep1,pyrat,C_combined,0,0.15332579663274942,0.4099414695634168,0.011281223094556205,synthetic,sweep_all,Constant-on-Box,MLP
ep2,abcrown,A_synthetic,0,0.14069390823115574,0.1461755481508063,0.08083392360274888,synthetic,sweep_all,Constant-on-Box,MLP
ep2,abcrown,C_combined,0,0.25727879666855913,0.20521870862088662,0.0916303205312485,synthetic,sweep_all,Constant-on-Box,MLP
ep2,marabou,A_synthetic,0,0.10227571600919394,0.0034890460126599738,0.0019305857700112512,synthetic,sweep_all,Constant-on-Box,MLP
ep2,marabou,C_combined,0,0.33999433981882216,0.10849817861869489,0.01692904873590255,synthetic,sweep_all,Constant-on-Box,MLP
ep2,neuralsat,A_synthetic,0,0.05426170936526137,0.02045801749133822,0.021792540202975462,synthetic,sweep_all,Constant-on-Box,MLP
ep2,neuralsat,C_combined,0,0.3996464798599359,0.05643502309779953,0.038415956546052524,synthetic,sweep_all,Constant-on-Box,MLP
ep2,pyrat,A_synthetic,0,0.03542702050702451,0.268676713493095,0.03441351912561323,synthetic,sweep_all,Constant-on-Box,MLP
ep2,pyrat,C_combined,0,0.18143092056087531,0.396936464340829,0.013408719382928924,synthetic,sweep_all,Constant-on-Box,MLP
ep3,abcrown,A_synthetic,0,0.15230483241500817,0.15525019791156136,0.10974383759606657,synthetic,sweep_all,Constant-on-Box,MLP
ep3,abcrown,C_combined,0,0.18076833973928585,0.18109725027275744,0.04654774220585953,synthetic,sweep_all,Constant-on-Box,MLP
ep3,marabou,A_synthetic,0,0.09511944455671968,0.02913929985005767,0.0013718160790763517,synthetic,sweep_all,Constant-on-Box,MLP
ep3,marabou,C_combined,0,0.27924972160076866,0.09988062801799255,0.0009390980219453561,synthetic,sweep_all,Constant-on-Box,MLP
ep3,neuralsat,A_synthetic,0,0.051321441107298804,0.046515646585235895,0.013867232691818132,synthetic,sweep_all,Constant-on-Box,MLP
ep3,neuralsat,C_combined,0,0.3394871384485317,0.10517337793872598,0.014385193036022143,synthetic,sweep_all,Constant-on-Box,MLP
ep3,pyrat,A_synthetic,0,0.05817476317908292,0.29617471651741056,0.036339498844924774,synthetic,sweep_all,Constant-on-Box,MLP
ep3,pyrat,C_combined,0,0.1684838792117318,0.4299375508344772,0.023941087282793323,synthetic,sweep_all,Constant-on-Box,MLP
ep4,abcrown,A_synthetic,0,0.07881623290220299,0.1082341355267008,0.06551531402561735,synthetic,sweep_all,Constant-on-Box,MLP
ep4,abcrown,C_combined,0,0.23801219395782397,0.2648447471444572,0.07891300548987665,synthetic,sweep_all,Constant-on-Box,MLP
ep4,marabou,A_synthetic,0,0.11174434922357668,4.742911255238771e-05,0.001664459267390532,synthetic,sweep_all,Constant-on-Box,MLP
ep4,marabou,C_combined,0,0.3531965417663895,0.13233415061900658,0.013553856385808943,synthetic,sweep_all,Constant-on-Box,MLP
ep4,neuralsat,A_synthetic,0,0.06706825398724502,0.07518927434564032,0.02481667029230769,synthetic,sweep_all,Constant-on-Box,MLP
ep4,neuralsat,C_combined,0,0.3709227438961833,0.04352559360346095,0.021083661929909722,synthetic,sweep_all,Constant-on-Box,MLP
ep4,pyrat,A_synthetic,0,0.04427804711261763,0.36546454187175936,0.03200887100078161,synthetic,sweep_all,Constant-on-Box,MLP
ep4,pyrat,C_combined,0,0.1519129388419446,0.3946402142936266,0.039256994648288426,synthetic,sweep_all,Constant-on-Box,MLP
ep5,abcrown,A_synthetic,0,0.17707812778078375,0.12589858250981062,0.09528990859610864,synthetic,sweep_all,Constant-on-Box,MLP
ep5,abcrown,C_combined,0,0.2515950879042012,0.25373114787822326,0.05971552440676851,synthetic,sweep_all,Constant-on-Box,MLP
ep5,marabou,A_synthetic,0,0.13328809092928523,0.04416273210172436,0.0010025641557067796,synthetic,sweep_all,Constant-on-Box,MLP
ep5,marabou,C_combined,0,0.3818129087667985,0.08664232156931935,0.004993947017719781,synthetic,sweep_all,Constant-on-Box,MLP
ep5,neuralsat,A_synthetic,0,0.07779531253957686,0.02339938979207149,0.01848281626887218,synthetic,sweep_all,Constant-on-Box,MLP
ep5,neuralsat,C_combined,0,0.3747329229439784,0.035247488718358824,0.06140243304245872,synthetic,sweep_all,Constant-on-Box,MLP
ep5,pyrat,A_synthetic,0,0.04668933632879437,0.26667198075714504,0.04987481367141521,synthetic,sweep_all,Constant-on-Box,MLP
ep5,pyrat,C_combined,0,0.16000872653931503,0.3820264767280012,0.010208574639652248,synthetic,sweep_all,Constant-on-Box,MLP
fp1,abcrown,A_synthetic,0,0.00021451947325220455,0.1743893471159187,0.006909526045492234,synthetic,sweep_all,Fixed Order Attn,ATTENTION
fp1,abcrown,C_combined,0,0.010835280852614487,0.32559759148123246,0.027796566243050613,synthetic,sweep_all,Fixed Order Attn,ATTENTION
fp1,neuralsat,A_synthetic,0,0.008967116319380098,0.128883751700737,0.005999958331411792,synthetic,sweep_all,Fixed Order Attn,ATTENTION
fp1,neuralsat,C_combined,0,0.03076476955721394,0.12068184814515329,0.006903039920885192,synthetic,sweep_all,Fixed Order Attn,ATTENTION
fp1,pyrat,A_synthetic,0,0.001057046716872497,0.12265763034461137,0.004563959817386699,synthetic,sweep_all,Fixed Order Attn,ATTENTION
fp1,pyrat,C_combined,0,0.011105393694825164,0.2343892803615127,0.014921435575914615,synthetic,sweep_all,Fixed Order Attn,ATTENTION
fp10,abcrown,A_synthetic,0,0.0004070800846499753,0.18768787119801433,0.006532379265182288,synthetic,sweep_all,Fixed Order Attn,ATTENTION
fp10,abcrown,C_combined,0,0.018340582453600346,0.2842476600043745,0.047224061696141136,synthetic,sweep_all,Fixed Order Attn,ATTENTION
fp10,neuralsat,A_synthetic,0,0.012206191049503804,0.11515637963903325,0.010513245764300677,synthetic,sweep_all,Fixed Order Attn,ATTENTION
fp10,neuralsat,C_combined,0,0.03598649467742711,0.2057031573122138,0.006376709218806594,synthetic,sweep_all,Fixed Order Attn,ATTENTION
fp10,pyrat,A_synthetic,0,0.0014595363536202325,0.06969797823047823,0.004277831391583057,synthetic,sweep_all,Fixed Order Attn,ATTENTION
fp10,pyrat,C_combined,0,0.022277069123517707,0.20430381183675714,0.008614886938136506,synthetic,sweep_all,Fixed Order Attn,ATTENTION
fp11,abcrown,A_synthetic,0,0.0011028963447485129,0.23147201029962505,0.01630631561854492,synthetic,sweep_all,Fixed Order Attn,ATTENTION
fp11,abcrown,C_combined,0,0.01145335290065837,0.30763160521907257,0.03508649324278859,synthetic,sweep_all,Fixed Order Attn,ATTENTION
fp11,neuralsat,A_synthetic,0,0.019221880538923604,0.14502255821728866,0.013187857281056698,synthetic,sweep_all,Fixed Order Attn,ATTENTION
fp11,neuralsat,C_combined,0,0.02379009825565382,0.13314003994497903,0.018169995497141614,synthetic,sweep_all,Fixed Order Attn,ATTENTION
fp11,pyrat,A_synthetic,0,0.001860625707373422,0.1514761003931545,0.0068475822123981785,synthetic,sweep_all,Fixed Order Attn,ATTENTION
fp11,pyrat,C_combined,0,0.01126506708996467,0.25737089957207093,0.01539903756663819,synthetic,sweep_all,Fixed Order Attn,ATTENTION
fp12,abcrown,A_synthetic,0,0.0009299660553152187,0.19443174541067815,0.026650958462243978,synthetic,sweep_all,Fixed Order Attn,ATTENTION
fp12,abcrown,C_combined,0,0.005254674385671036,0.3251834555953309,0.04768631674710277,synthetic,sweep_all,Fixed Order Attn,ATTENTION
fp12,neuralsat,A_synthetic,0,0.04227318112430985,0.21663825788138316,0.04865421051657899,synthetic,sweep_all,Fixed Order Attn,ATTENTION
fp12,neuralsat,C_combined,0,0.03478472455343911,0.1730622087726286,0.006860061831215876,synthetic,sweep_all,Fixed Order Attn,ATTENTION
fp12,pyrat,A_synthetic,0,0.005119483254574944,0.30444381931680053,0.020126114619851997,synthetic,sweep_all,Fixed Order Attn,ATTENTION
fp12,pyrat,C_combined,0,0.03546459554304061,0.2866736741990844,0.02402559436209801,synthetic,sweep_all,Fixed Order Attn,ATTENTION
fp13,abcrown,A_synthetic,0,0.0004066521339204099,0.21475959259956984,0.010879333030938566,synthetic,sweep_all,Fixed Order Attn,ATTENTION
fp13,abcrown,C_combined,0,0.020106272050371844,0.2905185653286168,0.042312674167604904,synthetic,sweep_all,Fixed Order Attn,ATTENTION
fp13,neuralsat,A_synthetic,0,0.011068590561575404,0.1588771813661973,0.024759798572056204,synthetic,sweep_all,Fixed Order Attn,ATTENTION
fp13,neuralsat,C_combined,0,0.031483762800755405,0.6064018067461083,0.013237231684530453,synthetic,sweep_all,Fixed Order Attn,ATTENTION
fp13,pyrat,A_synthetic,0,0.0009265707328198796,0.12300791154887458,0.00637898002331828,synthetic,sweep_all,Fixed Order Attn,ATTENTION
fp13,pyrat,C_combined,0,0.03229421340509885,0.22939965156488779,0.006675705953685597,synthetic,sweep_all,Fixed Order Attn,ATTENTION
fp14,abcrown,A_synthetic,0,0.001942140751964919,0.18573751747672512,0.011025628373054788,synthetic,sweep_all,Fixed Order Attn,ATTENTION
fp14,abcrown,C_combined,0,0.012572750823689749,0.3008987225148175,0.034471536813583475,synthetic,sweep_all,Fixed Order Attn,ATTENTION
fp14,neuralsat,A_synthetic,0,0.0077212411467670605,0.16822102203311506,0.008930157109257486,synthetic,sweep_all,Fixed Order Attn,ATTENTION
fp14,neuralsat,C_combined,0,0.027881632243727063,0.37715180008541305,0.01061071187362011,synthetic,sweep_all,Fixed Order Attn,ATTENTION
fp14,pyrat,A_synthetic,0,0.0015372680624694429,0.1663164512385334,0.00671601014385192,synthetic,sweep_all,Fixed Order Attn,ATTENTION
fp14,pyrat,C_combined,0,0.02604748593100519,0.2240984280073405,0.011293124082189968,synthetic,sweep_all,Fixed Order Attn,ATTENTION
fp15,abcrown,A_synthetic,0,0.0005874234358364724,0.19019193054685854,0.008611896272710503,synthetic,sweep_all,Fixed Order Attn,ATTENTION
fp15,abcrown,C_combined,0,0.013534409103902193,0.29408471014357224,0.03188981036981601,synthetic,sweep_all,Fixed Order Attn,ATTENTION
fp15,neuralsat,A_synthetic,0,0.014066268891193792,0.1282823727124936,0.015545822938441155,synthetic,sweep_all,Fixed Order Attn,ATTENTION
fp15,neuralsat,C_combined,0,0.027370794322705283,0.29468037191455027,0.017282656103119458,synthetic,sweep_all,Fixed Order Attn,ATTENTION
fp15,pyrat,A_synthetic,0,0.0012188095667303794,0.07936568253349652,0.0035047376239185878,synthetic,sweep_all,Fixed Order Attn,ATTENTION
fp15,pyrat,C_combined,0,0.01694203004422925,0.21047653607787828,0.01226232106614139,synthetic,sweep_all,Fixed Order Attn,ATTENTION
fp16,abcrown,A_synthetic,0,0.0004152390843495623,0.23434274112396297,0.011748246536434229,synthetic,sweep_all,Fixed Order Attn,ATTENTION
fp16,abcrown,C_combined,0,0.01737018126983022,0.3066019954864122,0.029482065668010586,synthetic,sweep_all,Fixed Order Attn,ATTENTION
fp16,neuralsat,A_synthetic,0,0.006901960410994078,0.14660879484488004,0.009661351924471689,synthetic,sweep_all,Fixed Order Attn,ATTENTION
fp16,neuralsat,C_combined,0,0.030922730063985486,0.2802143629579277,0.023981719739630515,synthetic,sweep_all,Fixed Order Attn,ATTENTION
fp16,pyrat,A_synthetic,0,0.001435314439109253,0.07905309168982985,0.006116774624174034,synthetic,sweep_all,Fixed Order Attn,ATTENTION
fp16,pyrat,C_combined,0,0.003135940182414254,0.21051159822106852,0.011882012657454177,synthetic,sweep_all,Fixed Order Attn,ATTENTION
fp17,abcrown,A_synthetic,0,0.0017482030446079964,0.12566548313056208,0.005203988116102609,synthetic,sweep_all,Fixed Order Attn,ATTENTION
fp17,abcrown,C_combined,0,0.017442058641584022,0.29386356950055503,0.03400955789401009,synthetic,sweep_all,Fixed Order Attn,ATTENTION
fp17,neuralsat,A_synthetic,0,0.014861324004683915,0.12116557186348957,0.01460408890717788,synthetic,sweep_all,Fixed Order Attn,ATTENTION
fp17,neuralsat,C_combined,0,0.03354818074313316,0.2273329917313856,0.011797442522611305,synthetic,sweep_all,Fixed Order Attn,ATTENTION
fp17,pyrat,A_synthetic,0,0.0015954283499237452,0.1824284875398853,0.006997504009974476,synthetic,sweep_all,Fixed Order Attn,ATTENTION
fp17,pyrat,C_combined,0,0.015040881339562065,0.24221370954733595,0.008202720583269296,synthetic,sweep_all,Fixed Order Attn,ATTENTION
fp2,abcrown,A_synthetic,0,0.000274204424725802,0.14731628861423357,0.0058940345511244675,synthetic,sweep_all,Fixed Order Attn,ATTENTION
fp2,abcrown,C_combined,0,0.010436739409885735,0.2636757128200754,0.04332288070822036,synthetic,sweep_all,Fixed Order Attn,ATTENTION
fp2,neuralsat,A_synthetic,0,0.008053181354930617,0.15572720414059854,0.0037622882329815125,synthetic,sweep_all,Fixed Order Attn,ATTENTION
fp2,neuralsat,C_combined,0,0.019824585169621285,0.1410960374898144,0.004685316984623151,synthetic,sweep_all,Fixed Order Attn,ATTENTION
fp2,pyrat,A_synthetic,0,0.0013969438701154344,0.14188963074345948,0.0031995294881031755,synthetic,sweep_all,Fixed Order Attn,ATTENTION
fp2,pyrat,C_combined,0,0.03658306308437314,0.2342883498509694,0.009607930101308098,synthetic,sweep_all,Fixed Order Attn,ATTENTION
fp3,abcrown,A_synthetic,0,0.00029729514005240044,0.16539525882043887,0.008752031230196251,synthetic,sweep_all,Fixed Order Attn,ATTENTION
fp3,abcrown,C_combined,0,0.009268743024404502,0.3003149765829542,0.033229759831530904,synthetic,sweep_all,Fixed Order Attn,ATTENTION
fp3,neuralsat,A_synthetic,0,0.010783166477481614,0.12624657000725512,0.009016628818465102,synthetic,sweep_all,Fixed Order Attn,ATTENTION
fp3,neuralsat,C_combined,0,0.024120560387932335,0.27446824296728717,0.020566921120547164,synthetic,sweep_all,Fixed Order Attn,ATTENTION
fp3,pyrat,A_synthetic,0,0.0008704822598153304,0.15476273635796373,0.0054327106273823365,synthetic,sweep_all,Fixed Order Attn,ATTENTION
fp3,pyrat,C_combined,0,0.018500220872174306,0.24590793009204384,0.010733488567577013,synthetic,sweep_all,Fixed Order Attn,ATTENTION
fp4,abcrown,A_synthetic,0,0.0007294213700020202,0.22948443702781646,0.010714814182836955,synthetic,sweep_all,Fixed Order Attn,ATTENTION
fp4,abcrown,C_combined,0,0.013425779334501703,0.2763046723827868,0.02840971045889351,synthetic,sweep_all,Fixed Order Attn,ATTENTION
fp4,neuralsat,A_synthetic,0,0.012844256755588248,0.11009328193173726,0.01639438502754835,synthetic,sweep_all,Fixed Order Attn,ATTENTION
fp4,neuralsat,C_combined,0,0.04656733737428898,0.2642359873486266,0.011983002310411075,synthetic,sweep_all,Fixed Order Attn,ATTENTION
fp4,pyrat,A_synthetic,0,0.0013387515878546471,0.07673048306331401,0.004065006709323042,synthetic,sweep_all,Fixed Order Attn,ATTENTION
fp4,pyrat,C_combined,0,0.018939005421699483,0.20158952136076733,0.00819043806873326,synthetic,sweep_all,Fixed Order Attn,ATTENTION
fp5,abcrown,A_synthetic,0,0.0005463558903930808,0.26208734690235386,0.011893162708034498,synthetic,sweep_all,Fixed Order Attn,ATTENTION
fp5,abcrown,C_combined,0,0.01991536784489866,0.2761908827508476,0.031015560396588433,synthetic,sweep_all,Fixed Order Attn,ATTENTION
fp5,neuralsat,A_synthetic,0,0.007961100777123486,0.11233162595943472,0.012587098853306583,synthetic,sweep_all,Fixed Order Attn,ATTENTION
fp5,neuralsat,C_combined,0,0.017530522699643787,0.3641057475906155,0.008996525844791747,synthetic,sweep_all,Fixed Order Attn,ATTENTION
fp5,pyrat,A_synthetic,0,0.0011646235871616425,0.07523200414449724,0.006766937438215122,synthetic,sweep_all,Fixed Order Attn,ATTENTION
fp5,pyrat,C_combined,0,0.02885462978053279,0.20736795537588165,0.020087049321818453,synthetic,sweep_all,Fixed Order Attn,ATTENTION
fp6,abcrown,A_synthetic,0,0.001693194855083479,0.14031547149065574,0.008867861618119479,synthetic,sweep_all,Fixed Order Attn,ATTENTION
fp6,abcrown,C_combined,0,0.010127755882263344,0.282479957569839,0.039950460069377046,synthetic,sweep_all,Fixed Order Attn,ATTENTION
fp6,neuralsat,A_synthetic,0,0.01497767965009029,0.13302463181474194,0.025111368646271358,synthetic,sweep_all,Fixed Order Attn,ATTENTION
fp6,neuralsat,C_combined,0,0.039661741814477416,0.48499392520600093,0.020110071588670918,synthetic,sweep_all,Fixed Order Attn,ATTENTION
fp6,pyrat,A_synthetic,0,0.0014123308704926674,0.1462363909319449,0.00365003798345511,synthetic,sweep_all,Fixed Order Attn,ATTENTION
fp6,pyrat,C_combined,0,0.009568446545329458,0.21059120378349777,0.006706663541442365,synthetic,sweep_all,Fixed Order Attn,ATTENTION
fp7,abcrown,A_synthetic,0,1.204965720772212e-05,0.14087964107612355,0.00029626131770115366,synthetic,sweep_all,Fixed Order Attn,ATTENTION
fp7,abcrown,C_combined,0,0.010279258939042057,0.24640956864210603,0.02401049000706693,synthetic,sweep_all,Fixed Order Attn,ATTENTION
fp7,neuralsat,A_synthetic,0,0.0004953435465411195,0.06266020223332884,0.00035655605754722144,synthetic,sweep_all,Fixed Order Attn,ATTENTION
fp7,neuralsat,C_combined,0,0.011865817785432779,0.08205943346096407,0.002163091779840797,synthetic,sweep_all,Fixed Order Attn,ATTENTION
fp7,pyrat,A_synthetic,0,6.707125436650264e-05,0.05420584792380763,0.0010779909926843716,synthetic,sweep_all,Fixed Order Attn,ATTENTION
fp7,pyrat,C_combined,0,0.006400946358340748,0.1763690014468769,0.0013181077545424643,synthetic,sweep_all,Fixed Order Attn,ATTENTION
fp8,abcrown,A_synthetic,0,7.133537585190604e-05,0.14495243340752562,0.002517819809561938,synthetic,sweep_all,Fixed Order Attn,ATTENTION
fp8,abcrown,C_combined,0,0.0008871133959505265,0.3014147862959138,0.02914242292673555,synthetic,sweep_all,Fixed Order Attn,ATTENTION
fp8,neuralsat,A_synthetic,0,0.0026129798584163134,0.1028231454828135,0.0007935995205453558,synthetic,sweep_all,Fixed Order Attn,ATTENTION
fp8,neuralsat,C_combined,0,0.014366264077657214,0.13894163337843377,0.01308012787459779,synthetic,sweep_all,Fixed Order Attn,ATTENTION
fp8,pyrat,A_synthetic,0,0.000190904380790018,0.08645263887291774,0.0008901175903168032,synthetic,sweep_all,Fixed Order Attn,ATTENTION
fp8,pyrat,C_combined,0,0.020560575745042532,0.20545432494806434,0.007104877352351216,synthetic,sweep_all,Fixed Order Attn,ATTENTION
fp9,abcrown,A_synthetic,0,0.0018250488449725523,0.2242895500100584,0.03600386308287096,synthetic,sweep_all,Fixed Order Attn,ATTENTION
fp9,abcrown,C_combined,0,0.023237130452073047,0.2621861859033213,0.041398480089879605,synthetic,sweep_all,Fixed Order Attn,ATTENTION
fp9,neuralsat,A_synthetic,0,0.05772163688629459,0.14107954188638555,0.07458562140635645,synthetic,sweep_all,Fixed Order Attn,ATTENTION
fp9,neuralsat,C_combined,0,0.05328881777438884,0.24472996453165918,0.023713260972450086,synthetic,sweep_all,Fixed Order Attn,ATTENTION
fp9,pyrat,A_synthetic,0,0.005783815313725106,0.11907619278748256,0.025410586979456945,synthetic,sweep_all,Fixed Order Attn,ATTENTION
fp9,pyrat,C_combined,0,0.02159879748919561,0.21124474321817552,0.018277792147403625,synthetic,sweep_all,Fixed Order Attn,ATTENTION
ld1,abcrown,A_synthetic,0,0.0006115011005699213,0.158722107335116,0.00404661905310013,synthetic,sweep_all,Dominant Key Attn,MLP
ld1,abcrown,C_combined,0,0.030356837706732698,0.22776595765984453,0.03637777798868362,synthetic,sweep_all,Dominant Key Attn,MLP
ld1,neuralsat,A_synthetic,0,0.0008763913032588206,0.03041164099560596,0.00022617916506650508,synthetic,sweep_all,Dominant Key Attn,MLP
ld1,neuralsat,C_combined,0,0.02895877421609309,0.08997221099024254,0.0005682581075782909,synthetic,sweep_all,Dominant Key Attn,MLP
ld10,abcrown,A_synthetic,0,0.004551738912645719,0.07253645139136916,0.0030962861585672454,synthetic,sweep_all,Dominant Key Attn,MLP
ld10,abcrown,C_combined,0,0.06496506780473468,0.2075167883571456,0.03787640641580393,synthetic,sweep_all,Dominant Key Attn,MLP
ld10,neuralsat,A_synthetic,0,0.0011690772182485491,0.058530633421739975,0.0009758564568618686,synthetic,sweep_all,Dominant Key Attn,MLP
ld10,neuralsat,C_combined,0,0.03976315500481672,0.06972317095577313,0.0035244452011581307,synthetic,sweep_all,Dominant Key Attn,MLP
ld11,abcrown,A_synthetic,0,0.0016020137074883628,0.19046846216688296,0.009109079736239948,synthetic,sweep_all,Dominant Key Attn,MLP
ld11,abcrown,C_combined,0,0.037770233526113986,0.24984679901245221,0.04285392300964998,synthetic,sweep_all,Dominant Key Attn,MLP
ld11,neuralsat,A_synthetic,0,0.0014742518868909697,0.025964786306259213,0.000954863781569805,synthetic,sweep_all,Dominant Key Attn,MLP
ld11,neuralsat,C_combined,0,0.028123225576408024,0.07791098222408405,0.0035260811904379652,synthetic,sweep_all,Dominant Key Attn,MLP
ld12,abcrown,A_synthetic,0,0.0027383816479182796,0.1605085697973222,0.015076085015131838,synthetic,sweep_all,Dominant Key Attn,MLP
ld12,abcrown,C_combined,0,0.10750950609936098,0.2099868883561915,0.028217245382070953,synthetic,sweep_all,Dominant Key Attn,MLP
ld12,neuralsat,A_synthetic,0,0.0017793233492553538,0.039431152299513064,0.0017011194498333377,synthetic,sweep_all,Dominant Key Attn,MLP
ld12,neuralsat,C_combined,0,0.024219037135788685,0.1311721549155917,0.009840676979211361,synthetic,sweep_all,Dominant Key Attn,MLP
ld13,abcrown,A_synthetic,0,0.00040667798648783845,0.08987642910355423,0.0024899029130643854,synthetic,sweep_all,Dominant Key Attn,MLP
ld13,abcrown,C_combined,0,0.031957333699876425,0.2561110616296089,0.025573262882849356,synthetic,sweep_all,Dominant Key Attn,MLP
ld13,neuralsat,A_synthetic,0,0.0010971490786340341,0.02108116896839051,0.001283766595199538,synthetic,sweep_all,Dominant Key Attn,MLP
ld13,neuralsat,C_combined,0,0.04933287974262961,0.07887898450081358,0.0022100170174584283,synthetic,sweep_all,Dominant Key Attn,MLP
ld14,abcrown,A_synthetic,0,0.0005422152607916181,0.12769303785730307,0.0045141611138175075,synthetic,sweep_all,Dominant Key Attn,MLP
ld14,abcrown,C_combined,0,0.0369398315917458,0.21590160412629164,0.03680413805416289,synthetic,sweep_all,Dominant Key Attn,MLP
ld14,neuralsat,A_synthetic,0,0.0010114102305830257,0.041410853578023286,0.0003025998990935255,synthetic,sweep_all,Dominant Key Attn,MLP
ld14,neuralsat,C_combined,0,0.036753278376411395,0.06488068433359702,0.0007892947367915076,synthetic,sweep_all,Dominant Key Attn,MLP
ld15,abcrown,A_synthetic,0,0.0056044799813612265,0.04748144742894624,0.003922103542390672,synthetic,sweep_all,Dominant Key Attn,MLP
ld15,abcrown,C_combined,0,0.03935789205674842,0.2093401586999632,0.03460567415842342,synthetic,sweep_all,Dominant Key Attn,MLP
ld15,neuralsat,A_synthetic,0,0.002456061844407903,0.047801109017151164,0.0027504777813053137,synthetic,sweep_all,Dominant Key Attn,MLP
ld15,neuralsat,C_combined,0,0.07107182059348863,0.07324041825087302,0.0034900281628796265,synthetic,sweep_all,Dominant Key Attn,MLP
ld16,abcrown,A_synthetic,0,0.0004889521937989399,0.1683622882922892,0.004408611852633916,synthetic,sweep_all,Dominant Key Attn,MLP
ld16,abcrown,C_combined,0,0.033255164414282036,0.19816465692982582,0.020393196116678995,synthetic,sweep_all,Dominant Key Attn,MLP
ld16,neuralsat,A_synthetic,0,0.00045781520963810156,0.015479982903068299,0.0003522207896359662,synthetic,sweep_all,Dominant Key Attn,MLP
ld16,neuralsat,C_combined,0,0.04260739832689692,0.08844511539492197,0.0020355913425972754,synthetic,sweep_all,Dominant Key Attn,MLP
ld17,abcrown,A_synthetic,0,0.0004713162230371275,0.1550820503916693,0.002245452695959758,synthetic,sweep_all,Dominant Key Attn,MLP
ld17,abcrown,C_combined,0,0.04972084233547438,0.22211777690706547,0.05291829273777685,synthetic,sweep_all,Dominant Key Attn,MLP
ld17,neuralsat,A_synthetic,0,0.000972303663717568,0.021005172974636104,0.0003397019372746898,synthetic,sweep_all,Dominant Key Attn,MLP
ld17,neuralsat,C_combined,0,0.02611753601444299,0.08724012209774698,0.012741772090639456,synthetic,sweep_all,Dominant Key Attn,MLP
ld18,abcrown,A_synthetic,0,0.0007197602095181834,0.09021403269883972,0.0026470017647341883,synthetic,sweep_all,Dominant Key Attn,MLP
ld18,abcrown,C_combined,0,0.0481228206147005,0.24531350862710913,0.03542480428485369,synthetic,sweep_all,Dominant Key Attn,MLP
ld18,neuralsat,A_synthetic,0,0.0010495024635920973,0.02818235327972641,0.0006124523922770687,synthetic,sweep_all,Dominant Key Attn,MLP
ld18,neuralsat,C_combined,0,0.06466574124640755,0.07584828020752216,0.001876158356060249,synthetic,sweep_all,Dominant Key Attn,MLP
ld2,abcrown,A_synthetic,0,0.0005789520983726615,0.14340882965386148,0.006203261434918254,synthetic,sweep_all,Dominant Key Attn,MLP
ld2,abcrown,C_combined,0,0.06144798508183704,0.2454140738271023,0.027888043354196264,synthetic,sweep_all,Dominant Key Attn,MLP
ld2,neuralsat,A_synthetic,0,0.0010635637673738632,0.024123970095755502,0.0009691541025582909,synthetic,sweep_all,Dominant Key Attn,MLP
ld2,neuralsat,C_combined,0,0.030101322910515566,0.058907212114629445,0.0019424934127069558,synthetic,sweep_all,Dominant Key Attn,MLP
ld3,abcrown,A_synthetic,0,0.0007655889106008343,0.06340010467955103,0.002016451167178838,synthetic,sweep_all,Dominant Key Attn,MLP
ld3,abcrown,C_combined,0,0.03256609271501475,0.22109126856418873,0.021093329234107394,synthetic,sweep_all,Dominant Key Attn,MLP
ld3,neuralsat,A_synthetic,0,0.0012567134413813239,0.06170281533967244,0.0019139469272339165,synthetic,sweep_all,Dominant Key Attn,MLP
ld3,neuralsat,C_combined,0,0.017210374532157173,0.091785410871699,0.001373184811042405,synthetic,sweep_all,Dominant Key Attn,MLP
ld4,abcrown,A_synthetic,0,0.004254315697685791,0.11122117206810755,0.006001916210606503,synthetic,sweep_all,Dominant Key Attn,MLP
ld4,abcrown,C_combined,0,0.03582231079221525,0.19530672715024378,0.029221564447292726,synthetic,sweep_all,Dominant Key Attn,MLP
ld4,neuralsat,A_synthetic,0,0.0006198276867006187,0.021101233363306243,0.0003566769837577778,synthetic,sweep_all,Dominant Key Attn,MLP
ld4,neuralsat,C_combined,0,0.05073806439152453,0.10608397074755763,0.0022039290865386047,synthetic,sweep_all,Dominant Key Attn,MLP
ld5,abcrown,A_synthetic,0,0.0004485220937278187,0.16251061435170439,0.0028680782732982218,synthetic,sweep_all,Dominant Key Attn,MLP
ld5,abcrown,C_combined,0,0.07081830577651117,0.18959459233898532,0.040804658999914804,synthetic,sweep_all,Dominant Key Attn,MLP
ld5,neuralsat,A_synthetic,0,0.0006131468477434913,0.02146943474352666,0.0004386608387066929,synthetic,sweep_all,Dominant Key Attn,MLP
ld5,neuralsat,C_combined,0,0.027300088004572082,0.0818552857219786,0.01064334121661804,synthetic,sweep_all,Dominant Key Attn,MLP
ld6,abcrown,A_synthetic,0,0.0007160838340493096,0.16020932445312583,0.003749079309776124,synthetic,sweep_all,Dominant Key Attn,MLP
ld6,abcrown,C_combined,0,0.023151303965639282,0.22744910966799875,0.04942928384475252,synthetic,sweep_all,Dominant Key Attn,MLP
ld6,neuralsat,A_synthetic,0,0.0013724385992231203,0.0267959377290821,0.0005902464259074234,synthetic,sweep_all,Dominant Key Attn,MLP
ld6,neuralsat,C_combined,0,0.04779779790022641,0.07562260935101132,0.0032696390474124073,synthetic,sweep_all,Dominant Key Attn,MLP
ld7,abcrown,A_synthetic,0,5.374237201718337e-05,0.10443150770412021,0.000842991608235384,synthetic,sweep_all,Dominant Key Attn,MLP
ld7,abcrown,C_combined,0,0.03325089003034762,0.23585633645346063,0.01979954747281281,synthetic,sweep_all,Dominant Key Attn,MLP
ld7,neuralsat,A_synthetic,0,6.587403784610209e-05,0.01841521260549734,0.00011742487389785308,synthetic,sweep_all,Dominant Key Attn,MLP
ld7,neuralsat,C_combined,0,0.044594464917177064,0.08167555077515873,0.0014321840809816725,synthetic,sweep_all,Dominant Key Attn,MLP
ld8,abcrown,A_synthetic,0,0.00039104443892683266,0.05289649653575087,0.0023098508034715757,synthetic,sweep_all,Dominant Key Attn,MLP
ld8,abcrown,C_combined,0,0.02720955323793594,0.21686113340534913,0.02230034587490166,synthetic,sweep_all,Dominant Key Attn,MLP
ld8,neuralsat,A_synthetic,0,0.0015432796829805118,0.06071704830499626,0.001690729176648424,synthetic,sweep_all,Dominant Key Attn,MLP
ld8,neuralsat,C_combined,0,0.019507548008973134,0.07754996149112628,0.0009668207480625186,synthetic,sweep_all,Dominant Key Attn,MLP
ld9,abcrown,A_synthetic,0,0.014225673302418243,0.11542465090839049,0.022696578540007433,synthetic,sweep_all,Dominant Key Attn,MLP
ld9,abcrown,C_combined,0,0.045806389607246825,0.2834282768382933,0.039451898450538585,synthetic,sweep_all,Dominant Key Attn,MLP
ld9,neuralsat,A_synthetic,0,0.004595089197466628,0.030742606379449942,0.0031954011937667254,synthetic,sweep_all,Dominant Key Attn,MLP
ld9,neuralsat,C_combined,0,0.06285966000444596,0.10939989033870594,0.0066411004579027795,synthetic,sweep_all,Dominant Key Attn,MLP
meap1,abcrown,A_synthetic,0,0.13806945228134312,0.3296026529592663,0.022185998505185555,synthetic,sweep_all,MEAP,MLP
meap1,abcrown,C_combined,0,0.09193654273332139,0.41462803288110195,0.08130112178897578,synthetic,sweep_all,MEAP,MLP
meap1,marabou,A_synthetic,0,0.40526646473315064,0.11829686707646589,0.009250905047618965,synthetic,sweep_all,MEAP,MLP
meap1,marabou,C_combined,0,0.5078412203109581,0.34710326154710025,0.29539892813434887,synthetic,sweep_all,MEAP,MLP
meap1,neuralsat,A_synthetic,0,0.527133747415767,0.22723451978250514,0.1663912906540965,synthetic,sweep_all,MEAP,MLP
meap1,neuralsat,C_combined,0,0.36859226183366367,0.08122598747091817,0.13262969214187365,synthetic,sweep_all,MEAP,MLP
meap1,pyrat,A_synthetic,0,5.042663549921518e-05,0.43259893027614504,0.004288204372855068,synthetic,sweep_all,MEAP,MLP
meap1,pyrat,C_combined,0,0.014066459673084166,0.49606216556169447,0.02323177241624404,synthetic,sweep_all,MEAP,MLP
meap10,abcrown,A_synthetic,0,0.09574234511616521,0.5475186446161929,0.050002055362332286,synthetic,sweep_all,MEAP,MLP
meap10,abcrown,C_combined,0,0.1317608736598806,0.5363734590494592,0.14431636104944623,synthetic,sweep_all,MEAP,MLP
meap10,marabou,A_synthetic,1,0.843800943517218,0.8543292514167234,0.8830487986898168,synthetic,sweep_all,MEAP,MLP
meap10,marabou,C_combined,1,0.795800116744424,0.5936702053053103,0.755568344959157,synthetic,sweep_all,MEAP,MLP
meap10,neuralsat,A_synthetic,0,0.8081336481090503,0.4374074930771166,0.7036315847106359,synthetic,sweep_all,MEAP,MLP
meap10,neuralsat,C_combined,1,0.9191406215661047,0.2807650015487536,0.940978653538567,synthetic,sweep_all,MEAP,MLP
meap10,pyrat,A_synthetic,0,2.238680247216384e-06,0.3904598486187746,5.404609904436841e-05,synthetic,sweep_all,MEAP,MLP
meap10,pyrat,C_combined,0,0.0387045625355003,0.4312748518425735,0.006869531592742483,synthetic,sweep_all,MEAP,MLP
meap11,abcrown,A_synthetic,0,0.09055101258245556,0.5204052335784625,0.06545648072757652,synthetic,sweep_all,MEAP,MLP
meap11,abcrown,C_combined,0,0.10482294780809376,0.5186083672067042,0.07508639818440457,synthetic,sweep_all,MEAP,MLP
meap11,marabou,A_synthetic,0,0.945987978824939,0.8701320005255522,0.9809773539430804,synthetic,sweep_all,MEAP,MLP
meap11,marabou,C_combined,0,0.8426642897375372,0.5378036402304084,0.919511447351948,synthetic,sweep_all,MEAP,MLP
meap11,neuralsat,A_synthetic,1,0.7919845660768029,0.4163449194680453,0.8059800352657522,synthetic,sweep_all,MEAP,MLP
meap11,neuralsat,C_combined,1,0.9027324525303282,0.3264678913805824,0.9610912558727852,synthetic,sweep_all,MEAP,MLP
meap11,pyrat,A_synthetic,0,2.1585080510913693e-06,0.4041528312115175,0.0009824310845652387,synthetic,sweep_all,MEAP,MLP
meap11,pyrat,C_combined,0,0.029156820308841,0.4379252816687066,0.007675755499326109,synthetic,sweep_all,MEAP,MLP
meap12,abcrown,A_synthetic,0,0.018865690568118536,0.45253929281936056,0.016784057160091785,synthetic,sweep_all,MEAP,MLP
meap12,abcrown,C_combined,0,0.07724834844086706,0.52699980397609,0.08330188077340644,synthetic,sweep_all,MEAP,MLP
meap12,marabou,A_synthetic,1,0.8741780247505673,0.8931300213693308,0.9076876662177099,synthetic,sweep_all,MEAP,MLP
meap12,marabou,C_combined,1,0.8082598482053204,0.621720093157853,0.8120084483546307,synthetic,sweep_all,MEAP,MLP
meap12,neuralsat,A_synthetic,0,0.903808633628711,0.45601594760177794,0.7935912403214241,synthetic,sweep_all,MEAP,MLP
meap12,neuralsat,C_combined,1,0.9041942291444064,0.3167657439073489,0.9559302486672052,synthetic,sweep_all,MEAP,MLP
meap12,pyrat,A_synthetic,0,0.00022681469844819486,0.40027065473660917,9.563279886579212e-05,synthetic,sweep_all,MEAP,MLP
meap12,pyrat,C_combined,0,0.05735099032379093,0.4838524944405808,0.005643355207309246,synthetic,sweep_all,MEAP,MLP
meap13,abcrown,A_synthetic,0,0.11986337427866237,0.2828071331874366,0.029644545473976776,synthetic,sweep_all,MEAP,MLP
meap13,abcrown,C_combined,0,0.0744848779351486,0.4431958683262649,0.0653730196171131,synthetic,sweep_all,MEAP,MLP
meap13,marabou,A_synthetic,0,0.6240191982450434,0.1362136341021224,0.015160213705521893,synthetic,sweep_all,MEAP,MLP
meap13,marabou,C_combined,0,0.4869790053704409,0.3175563187744169,0.260239636416796,synthetic,sweep_all,MEAP,MLP
meap13,neuralsat,A_synthetic,0,0.576249747817183,0.23982855807999157,0.19769607213429438,synthetic,sweep_all,MEAP,MLP
meap13,neuralsat,C_combined,0,0.3760590225510065,0.07970855881742583,0.13328712472631402,synthetic,sweep_all,MEAP,MLP
meap13,pyrat,A_synthetic,0,6.818424650183202e-05,0.5630727752016946,0.008875569309999866,synthetic,sweep_all,MEAP,MLP
meap13,pyrat,C_combined,0,0.006620838366644276,0.47386064124896726,0.006372237334219699,synthetic,sweep_all,MEAP,MLP
meap14,abcrown,A_synthetic,0,0.11000441658879909,0.6371783436695605,0.07188153227825715,synthetic,sweep_all,MEAP,MLP
meap14,abcrown,C_combined,0,0.10779422461442578,0.5634785880735985,0.1130182652401854,synthetic,sweep_all,MEAP,MLP
meap14,marabou,A_synthetic,1,0.8583421998776855,0.90731181322278,0.9476180085702677,synthetic,sweep_all,MEAP,MLP
meap14,marabou,C_combined,1,0.8111213949676707,0.5312267058470327,0.8153893091570763,synthetic,sweep_all,MEAP,MLP
meap14,neuralsat,A_synthetic,1,0.7841955062982819,0.581830634822842,0.7460034016882762,synthetic,sweep_all,MEAP,MLP
meap14,neuralsat,C_combined,1,0.9204588891081709,0.5460332825495072,0.96657495467738,synthetic,sweep_all,MEAP,MLP
meap14,pyrat,A_synthetic,0,2.3668485539369656e-06,0.5977972875646106,0.002160793968691929,synthetic,sweep_all,MEAP,MLP
meap14,pyrat,C_combined,0,0.015309986655608458,0.5124809429978111,0.018695318802669402,synthetic,sweep_all,MEAP,MLP
meap2,abcrown,A_synthetic,0,0.10090754349698985,0.5869260211341735,0.06833161020720277,synthetic,sweep_all,MEAP,MLP
meap2,abcrown,C_combined,0,0.14519015660807172,0.5638099942765604,0.1334167944997425,synthetic,sweep_all,MEAP,MLP
meap2,marabou,A_synthetic,1,0.8516329230394486,0.873399194552308,0.881967268889803,synthetic,sweep_all,MEAP,MLP
meap2,marabou,C_combined,1,0.7900198053162801,0.5795133716517229,0.8016054798242168,synthetic,sweep_all,MEAP,MLP
meap2,neuralsat,A_synthetic,1,0.7321318796937786,0.4219079858357759,0.6287833854707721,synthetic,sweep_all,MEAP,MLP
meap2,neuralsat,C_combined,1,0.9038534982589572,0.30839920226649553,0.9436407587328718,synthetic,sweep_all,MEAP,MLP
meap2,pyrat,A_synthetic,0,4.390222067137965e-06,0.475687962360821,0.007145460577319573,synthetic,sweep_all,MEAP,MLP
meap2,pyrat,C_combined,0,0.026728711704737423,0.41678828697449716,0.01984401988672092,synthetic,sweep_all,MEAP,MLP
meap3,abcrown,A_synthetic,0,0.18580126962233817,0.5879145084648644,0.10502892038954473,synthetic,sweep_all,MEAP,MLP
meap3,abcrown,C_combined,0,0.205359817436023,0.5134050895501323,0.14130353410293817,synthetic,sweep_all,MEAP,MLP
meap3,marabou,A_synthetic,1,0.96387145289843,0.9199813881436008,0.9909762573019743,synthetic,sweep_all,MEAP,MLP
meap3,marabou,C_combined,1,0.8483180999035669,0.6275337195003947,0.9395517978942504,synthetic,sweep_all,MEAP,MLP
meap3,neuralsat,A_synthetic,1,0.919105833336285,0.455320201574504,0.9051277511128777,synthetic,sweep_all,MEAP,MLP
meap3,neuralsat,C_combined,1,0.9543636120893245,0.4239196510295131,0.9953541179621244,synthetic,sweep_all,MEAP,MLP
meap3,pyrat,A_synthetic,0,2.6763258637403365e-06,0.38199223554901784,0.0006148255230954917,synthetic,sweep_all,MEAP,MLP
meap3,pyrat,C_combined,0,0.021715243746919695,0.47596563542371834,0.006897993489370868,synthetic,sweep_all,MEAP,MLP
meap4,abcrown,A_synthetic,1,1.2173686857371413e-05,0.7117129966492918,0.0151599463135571,synthetic,sweep_all,MEAP,MLP
meap4,abcrown,C_combined,1,0.04888503322818357,0.6129742238686697,0.0960749875687459,synthetic,sweep_all,MEAP,MLP
meap4,marabou,A_synthetic,1,0.9963459895254028,0.9076755913652608,0.9999388641831987,synthetic,sweep_all,MEAP,MLP
meap4,marabou,C_combined,1,0.9068822446512741,0.7246643066572307,0.977276315933023,synthetic,sweep_all,MEAP,MLP
meap4,neuralsat,A_synthetic,1,0.9925906276597306,0.5628230715544548,0.9859343791427102,synthetic,sweep_all,MEAP,MLP
meap4,neuralsat,C_combined,1,0.9900743887726952,0.6792620901784037,0.9955702063187643,synthetic,sweep_all,MEAP,MLP
meap4,pyrat,A_synthetic,0,0.00033065386197028875,0.3283343660368245,0.0012734549183928022,synthetic,sweep_all,MEAP,MLP
meap4,pyrat,C_combined,0,0.05605509225338874,0.4242556816635271,0.03263520458760023,synthetic,sweep_all,MEAP,MLP
meap5,abcrown,A_synthetic,0,0.09513590294978994,0.5137003639607617,0.06623530333420166,synthetic,sweep_all,MEAP,MLP
meap5,abcrown,C_combined,0,0.13964124416386509,0.5340052374688516,0.12895759360657716,synthetic,sweep_all,MEAP,MLP
meap5,marabou,A_synthetic,1,0.8846785496110277,0.8687700042858293,0.9103870662151605,synthetic,sweep_all,MEAP,MLP
meap5,marabou,C_combined,1,0.8062379936095713,0.5919286172969305,0.8348808849602095,synthetic,sweep_all,MEAP,MLP
meap5,neuralsat,A_synthetic,1,0.774368336387161,0.4503202081997221,0.629804957932065,synthetic,sweep_all,MEAP,MLP
meap5,neuralsat,C_combined,1,0.9169018707095435,0.3171939750062543,0.9441523712776598,synthetic,sweep_all,MEAP,MLP
meap5,pyrat,A_synthetic,0,2.964083282420933e-06,0.3929790799041067,0.000585506889896727,synthetic,sweep_all,MEAP,MLP
meap5,pyrat,C_combined,0,0.024898599885579888,0.4363189326814834,0.006352352395675859,synthetic,sweep_all,MEAP,MLP
meap6,abcrown,A_synthetic,0,0.09987333292926827,0.5746277372552935,0.04670417418822617,synthetic,sweep_all,MEAP,MLP
meap6,abcrown,C_combined,0,0.11845280721934455,0.5543948899852607,0.09479046941016422,synthetic,sweep_all,MEAP,MLP
meap6,marabou,A_synthetic,1,0.8716060733455594,0.8472791848661826,0.8726230217508759,synthetic,sweep_all,MEAP,MLP
meap6,marabou,C_combined,1,0.847551060193758,0.5862025555096635,0.789813939842029,synthetic,sweep_all,MEAP,MLP
meap6,neuralsat,A_synthetic,1,0.7239924425353591,0.36939064390332266,0.6599231151917923,synthetic,sweep_all,MEAP,MLP
meap6,neuralsat,C_combined,1,0.9163625367853138,0.3023800942616115,0.9484331479265942,synthetic,sweep_all,MEAP,MLP
meap6,pyrat,A_synthetic,0,3.0619555822758897e-06,0.34477091522210646,0.0011819393389380054,synthetic,sweep_all,MEAP,MLP
meap6,pyrat,C_combined,0,0.03767043396273693,0.4133413781058895,0.004359824317053456,synthetic,sweep_all,MEAP,MLP
meap7,abcrown,A_synthetic,0,0.09324250410871444,0.5593293736239335,0.09000586780117381,synthetic,sweep_all,MEAP,MLP
meap7,abcrown,C_combined,0,0.13462256809260828,0.5374555186555099,0.15866300428255226,synthetic,sweep_all,MEAP,MLP
meap7,marabou,A_synthetic,1,0.8680326041997354,0.9010852004805979,0.9937266554663813,synthetic,sweep_all,MEAP,MLP
meap7,marabou,C_combined,1,0.7591512356265999,0.6622033098882729,0.9699973841250026,synthetic,sweep_all,MEAP,MLP
meap7,neuralsat,A_synthetic,1,0.7557476192800955,0.49199041402354143,0.6699761983946972,synthetic,sweep_all,MEAP,MLP
meap7,neuralsat,C_combined,1,0.8830196288823566,0.477419587382199,0.9850753628592702,synthetic,sweep_all,MEAP,MLP
meap7,pyrat,A_synthetic,0,5.0486234673251945e-06,0.30605997934443424,0.0033573987741238156,synthetic,sweep_all,MEAP,MLP
meap7,pyrat,C_combined,0,0.03321161885801457,0.3519778092511689,0.012070988400503165,synthetic,sweep_all,MEAP,MLP
meap8,abcrown,A_synthetic,0,0.12488278675654656,0.5151522040346191,0.09603379277003213,synthetic,sweep_all,MEAP,MLP
meap8,abcrown,C_combined,0,0.12117466933636548,0.5130558878343768,0.1722222194538801,synthetic,sweep_all,MEAP,MLP
meap8,marabou,A_synthetic,1,0.8749848611102017,0.9529317176126015,0.9957101865677405,synthetic,sweep_all,MEAP,MLP
meap8,marabou,C_combined,1,0.7882146923388071,0.6970367274921464,0.9428146609490391,synthetic,sweep_all,MEAP,MLP
meap8,neuralsat,A_synthetic,0,0.832098864300221,0.4652860254750947,0.8456741266299641,synthetic,sweep_all,MEAP,MLP
meap8,neuralsat,C_combined,1,0.9144032200100651,0.5027180776209476,0.979504093134014,synthetic,sweep_all,MEAP,MLP
meap8,pyrat,A_synthetic,0,0.00022581549556467462,0.2494026449820521,0.0005222254144555936,synthetic,sweep_all,MEAP,MLP
meap8,pyrat,C_combined,0,0.0280713141161055,0.30284361644596475,0.014763024579236205,synthetic,sweep_all,MEAP,MLP
meap9,abcrown,A_synthetic,0,0.036554841835599254,0.486117329149889,0.04248073507577474,synthetic,sweep_all,MEAP,MLP
meap9,abcrown,C_combined,0,0.07852812681814265,0.5304826007083496,0.10091033006342735,synthetic,sweep_all,MEAP,MLP
meap9,marabou,A_synthetic,1,0.8859726879260142,0.8798158785818726,0.8987602858503534,synthetic,sweep_all,MEAP,MLP
meap9,marabou,C_combined,1,0.7981874846558177,0.5673954652988081,0.8419975306002045,synthetic,sweep_all,MEAP,MLP
meap9,neuralsat,A_synthetic,0,0.9012992734661577,0.44558249428674274,0.7884175406326246,synthetic,sweep_all,MEAP,MLP
meap9,neuralsat,C_combined,1,0.9242191534522199,0.2806508870766017,0.9304472745742757,synthetic,sweep_all,MEAP,MLP
meap9,pyrat,A_synthetic,0,1.463392465791827e-06,0.3775454481070863,0.0043367789359225134,synthetic,sweep_all,MEAP,MLP
meap9,pyrat,C_combined,0,0.023802760742621814,0.444739746843913,0.009153733380127748,synthetic,sweep_all,MEAP,MLP
milp1,abcrown,A_synthetic,0,0.5663047575141082,0.20877800952555364,0.2051922467212656,synthetic,sweep_all,MILP,MLP
milp1,abcrown,C_combined,0,0.5204880825661563,0.337587580806462,0.23283405507098603,synthetic,sweep_all,MILP,MLP
milp1,marabou,A_synthetic,0,0.5748280721149275,0.10640806201159683,0.009227904443375314,synthetic,sweep_all,MILP,MLP
milp1,marabou,C_combined,0,0.5399957329876393,0.31965205340913444,0.0989613962810725,synthetic,sweep_all,MILP,MLP
milp1,neuralsat,A_synthetic,0,0.07323186448153579,0.13351558756610998,0.03316175286174279,synthetic,sweep_all,MILP,MLP
milp1,neuralsat,C_combined,0,0.07364101563247563,0.17491513627870361,0.011521743675613576,synthetic,sweep_all,MILP,MLP
milp1,nnenum,A_synthetic,0,0.46708283092664765,0.0022653378932924145,0.012587149074410395,synthetic,sweep_all,MILP,MLP
milp1,nnenum,C_combined,0,0.37450600165928294,0.11819131362340655,0.020075969632160184,synthetic,sweep_all,MILP,MLP
milp1,pyrat,A_synthetic,0,0.1312383889619892,0.21491846152217797,0.06317379691345057,synthetic,sweep_all,MILP,MLP
milp1,pyrat,C_combined,0,0.1533674285233127,0.33101455505494554,0.06386486392727447,synthetic,sweep_all,MILP,MLP
milp10,abcrown,A_synthetic,0,0.5959917424110693,0.5040819560442964,0.5321441013501191,synthetic,sweep_all,MILP,MLP
milp10,abcrown,C_combined,0,0.4915135170574961,0.4963663994975736,0.5727329008381796,synthetic,sweep_all,MILP,MLP
milp10,marabou,A_synthetic,1,0.5367077249911475,0.9272910402959168,0.8933853627941051,synthetic,sweep_all,MILP,MLP
milp10,marabou,C_combined,1,0.4871534921798516,0.5995318341418207,0.821240485193008,synthetic,sweep_all,MILP,MLP
milp10,neuralsat,A_synthetic,0,0.06055180427614541,0.2893213826674085,0.07493617864755425,synthetic,sweep_all,MILP,MLP
milp10,neuralsat,C_combined,0,0.10353175578990696,0.6178311579344304,0.31918272362033684,synthetic,sweep_all,MILP,MLP
milp10,nnenum,A_synthetic,1,0.40710113431614137,0.8507691814767465,0.8071682388144239,synthetic,sweep_all,MILP,MLP
milp10,nnenum,C_combined,1,0.30968164072972837,0.6954536796405362,0.7525808675824341,synthetic,sweep_all,MILP,MLP
milp10,pyrat,A_synthetic,0,0.14359479399093372,0.07155093303452878,0.1936216154374856,synthetic,sweep_all,MILP,MLP
milp10,pyrat,C_combined,0,0.14479322741960016,0.2849504252561708,0.3292254179005666,synthetic,sweep_all,MILP,MLP
milp11,abcrown,A_synthetic,0,0.6578900420606607,0.46759564999228054,0.44249795613190274,synthetic,sweep_all,MILP,MLP
milp11,abcrown,C_combined,0,0.48548241529012276,0.45311633294450493,0.522370064341114,synthetic,sweep_all,MILP,MLP
milp11,marabou,A_synthetic,1,0.5136370189755117,0.9542759130983436,0.9344884812019887,synthetic,sweep_all,MILP,MLP
milp11,marabou,C_combined,1,0.5393067439189366,0.6340601667789332,0.8639530006419607,synthetic,sweep_all,MILP,MLP
milp11,neuralsat,A_synthetic,0,0.08397448750389475,0.34108191190673204,0.07467323223160131,synthetic,sweep_all,MILP,MLP
milp11,neuralsat,C_combined,0,0.0847247177114161,0.5983361483032696,0.3467236145568437,synthetic,sweep_all,MILP,MLP
milp11,nnenum,A_synthetic,1,0.4266711361770975,0.8604241511683013,0.8570760314698861,synthetic,sweep_all,MILP,MLP
milp11,nnenum,C_combined,1,0.35883306626449774,0.7176706126919046,0.8114170335636324,synthetic,sweep_all,MILP,MLP
milp12,abcrown,A_synthetic,1,0.6099673514836083,0.40030903863193323,0.4276787660790706,synthetic,sweep_all,MILP,MLP
milp12,abcrown,C_combined,1,0.4226868574832001,0.44560409843823273,0.4364316213487334,synthetic,sweep_all,MILP,MLP
milp12,marabou,A_synthetic,1,0.5268333433031047,0.9215298832610982,0.9250874428135669,synthetic,sweep_all,MILP,MLP
milp12,marabou,C_combined,1,0.49837245161661425,0.6418770478319991,0.859841408186283,synthetic,sweep_all,MILP,MLP
milp12,neuralsat,A_synthetic,0,0.10098575016276971,0.338288987866742,0.10104048250148043,synthetic,sweep_all,MILP,MLP
milp12,neuralsat,C_combined,0,0.07209981313037075,0.5710747826155502,0.3293778288496974,synthetic,sweep_all,MILP,MLP
milp12,nnenum,A_synthetic,1,0.49257579406445107,0.7755406960326849,0.8810518642124074,synthetic,sweep_all,MILP,MLP
milp12,nnenum,C_combined,1,0.36178364424682763,0.6584668149843547,0.8114519687518384,synthetic,sweep_all,MILP,MLP
milp13,abcrown,A_synthetic,1,0.5714534859105938,0.38788766521160734,0.4385101397608434,synthetic,sweep_all,MILP,MLP
milp13,abcrown,C_combined,1,0.4653516629264883,0.46293463410023444,0.5157449854057974,synthetic,sweep_all,MILP,MLP
milp13,marabou,A_synthetic,1,0.5628759362710548,0.9344911583703037,0.9433745492502025,synthetic,sweep_all,MILP,MLP
milp13,marabou,C_combined,1,0.4702840392383136,0.6973147939493334,0.8760017403914524,synthetic,sweep_all,MILP,MLP
milp13,neuralsat,A_synthetic,0,0.13075869701812573,0.28350651050280745,0.09632082434452188,synthetic,sweep_all,MILP,MLP
milp13,neuralsat,C_combined,1,0.04205229114597464,0.574943723109332,0.1576627092322987,synthetic,sweep_all,MILP,MLP
milp13,nnenum,A_synthetic,1,0.42899718600901016,0.7996335752171602,0.8569155046317677,synthetic,sweep_all,MILP,MLP
milp13,nnenum,C_combined,1,0.33750460707288943,0.6777865064523116,0.7876356298072411,synthetic,sweep_all,MILP,MLP
milp14,abcrown,A_synthetic,1,0.5706744747747091,0.4605438026388538,0.4835559462233533,synthetic,sweep_all,MILP,MLP
milp14,abcrown,C_combined,1,0.47948497311201377,0.4766361935735384,0.47558192775214553,synthetic,sweep_all,MILP,MLP
milp14,marabou,A_synthetic,1,0.5631757383340739,0.9076065416916099,0.9463258205425268,synthetic,sweep_all,MILP,MLP
milp14,marabou,C_combined,1,0.5159593203660912,0.6043401299153592,0.8525158309132242,synthetic,sweep_all,MILP,MLP
milp14,nnenum,A_synthetic,1,0.43778765471235914,0.9023118971068783,0.8825072176380155,synthetic,sweep_all,MILP,MLP
milp14,nnenum,C_combined,1,0.3261478804892771,0.6777921515901376,0.7910050930593218,synthetic,sweep_all,MILP,MLP
milp15,abcrown,A_synthetic,0,0.6170311644490838,0.2196340299041752,0.19604505422125504,synthetic,sweep_all,MILP,MLP
milp15,abcrown,C_combined,0,0.5059383347820844,0.3045461110817557,0.13392462314247938,synthetic,sweep_all,MILP,MLP
milp15,marabou,A_synthetic,0,0.525534544458371,0.06278652058622738,0.003213707500205304,synthetic,sweep_all,MILP,MLP
milp15,marabou,C_combined,0,0.5302558542403795,0.23044348374462403,0.07997506720884667,synthetic,sweep_all,MILP,MLP
milp15,neuralsat,A_synthetic,0,0.06583399254501612,0.10066384162610342,0.017824576368206748,synthetic,sweep_all,MILP,MLP
milp15,neuralsat,C_combined,0,0.07769336721487967,0.15345973688576645,0.009303101940060374,synthetic,sweep_all,MILP,MLP
milp15,nnenum,A_synthetic,0,0.42976470401206307,0.011742917366653853,0.007812061276741054,synthetic,sweep_all,MILP,MLP
milp15,nnenum,C_combined,0,0.3401777980481069,0.0695641192497011,0.020987650187797503,synthetic,sweep_all,MILP,MLP
milp15,pyrat,A_synthetic,0,0.09547260740407468,0.263358783428297,0.04958274329660879,synthetic,sweep_all,MILP,MLP
milp15,pyrat,C_combined,0,0.09802882528756231,0.3739417793397001,0.04816457886476814,synthetic,sweep_all,MILP,MLP
milp16,abcrown,A_synthetic,0,0.5837748135221786,0.4091759981704385,0.26382425588920744,synthetic,sweep_all,MILP,MLP
milp16,abcrown,C_combined,0,0.5204154186121676,0.43364283141594717,0.2273051714694571,synthetic,sweep_all,MILP,MLP
milp16,marabou,A_synthetic,0,0.5374417679513546,0.24966586530504092,0.039830026149596146,synthetic,sweep_all,MILP,MLP
milp16,marabou,C_combined,0,0.510320376598004,0.3669048844287601,0.13642198302791034,synthetic,sweep_all,MILP,MLP
milp16,neuralsat,A_synthetic,0,0.07149298513935563,0.22037970086383166,0.05854832603521722,synthetic,sweep_all,MILP,MLP
milp16,neuralsat,C_combined,0,0.07341722334903464,0.2477383622972348,0.014213550999790579,synthetic,sweep_all,MILP,MLP
milp16,nnenum,A_synthetic,0,0.429446200906352,0.05553465182287498,0.004529465173190651,synthetic,sweep_all,MILP,MLP
milp16,nnenum,C_combined,0,0.3666998234965847,0.19586655936225203,0.02329188670631987,synthetic,sweep_all,MILP,MLP
milp16,pyrat,A_synthetic,0,0.10686965925022349,0.284702349242557,0.06365600329316509,synthetic,sweep_all,MILP,MLP
milp16,pyrat,C_combined,0,0.14759889748111146,0.3653105779737448,0.06811711938577378,synthetic,sweep_all,MILP,MLP
milp17,abcrown,A_synthetic,0,0.6308634788405751,0.35891002362543184,0.2658985386110354,synthetic,sweep_all,MILP,MLP
milp17,abcrown,C_combined,0,0.44768022692968856,0.39197829989334454,0.2802509394116122,synthetic,sweep_all,MILP,MLP
milp17,marabou,A_synthetic,0,0.49675822583205465,0.34058176137023743,0.10283972820870116,synthetic,sweep_all,MILP,MLP
milp17,marabou,C_combined,0,0.49960327026831186,0.38026105061246135,0.13293761308712088,synthetic,sweep_all,MILP,MLP
milp17,neuralsat,A_synthetic,0,0.09969819883170558,0.2647274776568539,0.046845074251915544,synthetic,sweep_all,MILP,MLP
milp17,neuralsat,C_combined,0,0.06617497966997973,0.26949070994652696,0.007708404027591662,synthetic,sweep_all,MILP,MLP
milp17,nnenum,A_synthetic,0,0.4115593530941089,0.05727624238060629,0.01226574172406959,synthetic,sweep_all,MILP,MLP
milp17,nnenum,C_combined,0,0.3503601016106078,0.2289806892360713,0.03759187260306755,synthetic,sweep_all,MILP,MLP
milp17,pyrat,A_synthetic,0,0.11120003686343513,0.27548576616245307,0.084146449406858,synthetic,sweep_all,MILP,MLP
milp17,pyrat,C_combined,0,0.13809116547286196,0.3826237233627724,0.05967770323731737,synthetic,sweep_all,MILP,MLP
milp18,abcrown,A_synthetic,0,0.6292684226434027,0.3330113202177119,0.30208105077919095,synthetic,sweep_all,MILP,MLP
milp18,abcrown,C_combined,0,0.4648724262486376,0.46372696247748213,0.3969265745099479,synthetic,sweep_all,MILP,MLP
milp18,marabou,A_synthetic,0,0.5610135806611576,0.2862415661083309,0.07277526185951086,synthetic,sweep_all,MILP,MLP
milp18,marabou,C_combined,0,0.5104827205030429,0.3947633401082643,0.1433068212953103,synthetic,sweep_all,MILP,MLP
milp18,neuralsat,A_synthetic,0,0.10273975436560452,0.21043898245878925,0.0546245401905411,synthetic,sweep_all,MILP,MLP
milp18,neuralsat,C_combined,0,0.0856771972232713,0.2811745254539158,0.010495284390011855,synthetic,sweep_all,MILP,MLP
milp18,nnenum,A_synthetic,0,0.5138701687684646,0.0646411527099425,0.005881346420853095,synthetic,sweep_all,MILP,MLP
milp18,nnenum,C_combined,0,0.35170139328487127,0.20611628136120044,0.03881831676571547,synthetic,sweep_all,MILP,MLP
milp18,pyrat,A_synthetic,0,0.11807124310486468,0.23982043723135765,0.08275986362467477,synthetic,sweep_all,MILP,MLP
milp18,pyrat,C_combined,0,0.12515474356634831,0.36004678272359514,0.06319539391560577,synthetic,sweep_all,MILP,MLP
milp19,abcrown,A_synthetic,0,0.5493270245150603,0.33668284435613577,0.334559437601395,synthetic,sweep_all,MILP,MLP
milp19,abcrown,C_combined,0,0.47411824364709004,0.4121243515671324,0.3135357593066587,synthetic,sweep_all,MILP,MLP
milp19,marabou,A_synthetic,0,0.5785465338978711,0.341398460692254,0.07564932626918255,synthetic,sweep_all,MILP,MLP
milp19,marabou,C_combined,0,0.5076754449056988,0.3810607201526382,0.13006837215986541,synthetic,sweep_all,MILP,MLP
milp19,neuralsat,A_synthetic,0,0.10973767256078952,0.19735134510983812,0.07613881065527214,synthetic,sweep_all,MILP,MLP
milp19,neuralsat,C_combined,0,0.07061318151904336,0.268402537130089,0.011884719131679199,synthetic,sweep_all,MILP,MLP
milp19,nnenum,A_synthetic,0,0.46216761277261237,0.061429385555732685,0.037148541734879637,synthetic,sweep_all,MILP,MLP
milp19,nnenum,C_combined,0,0.3439555861437057,0.2582491840910234,0.05991270330173433,synthetic,sweep_all,MILP,MLP
milp19,pyrat,A_synthetic,0,0.13642517161009954,0.228750052263254,0.11836982449910816,synthetic,sweep_all,MILP,MLP
milp19,pyrat,C_combined,0,0.13984266511086585,0.37325027978999914,0.05631348189137577,synthetic,sweep_all,MILP,MLP
milp2,abcrown,A_synthetic,0,0.5669511409194978,0.3906845578239245,0.34656164760246455,synthetic,sweep_all,MILP,MLP
milp2,abcrown,C_combined,0,0.502392572746378,0.41804983812738755,0.3293983273904999,synthetic,sweep_all,MILP,MLP
milp2,marabou,A_synthetic,0,0.5132405709289699,0.6868459974355267,0.24432639484264182,synthetic,sweep_all,MILP,MLP
milp2,marabou,C_combined,0,0.5306797559919404,0.47580098046161645,0.3469299224607057,synthetic,sweep_all,MILP,MLP
milp2,neuralsat,A_synthetic,0,0.06399736131774933,0.29258152703494295,0.03412510759346428,synthetic,sweep_all,MILP,MLP
milp2,neuralsat,C_combined,0,0.0766189890546269,0.3132119299483668,0.020416790502767495,synthetic,sweep_all,MILP,MLP
milp2,nnenum,A_synthetic,0,0.42744797878080887,0.11922094653311913,0.051469589256736704,synthetic,sweep_all,MILP,MLP
milp2,nnenum,C_combined,0,0.3258387946754787,0.28674808738137636,0.08879512804666444,synthetic,sweep_all,MILP,MLP
milp2,pyrat,A_synthetic,0,0.08624456648355337,0.2101897237881043,0.06983303192617729,synthetic,sweep_all,MILP,MLP
milp2,pyrat,C_combined,0,0.12204992364312454,0.3213573365616389,0.11388864915770602,synthetic,sweep_all,MILP,MLP
milp20,abcrown,A_synthetic,1,0.6062872802417125,0.37600521919876706,0.24954554851587174,synthetic,sweep_all,MILP,MLP
milp20,abcrown,C_combined,1,0.4887612398224503,0.4208491393854762,0.2286441763770907,synthetic,sweep_all,MILP,MLP
milp20,marabou,A_synthetic,0,0.5480988171810133,0.3934440466091341,0.09216258450970778,synthetic,sweep_all,MILP,MLP
milp20,marabou,C_combined,0,0.5121727295047143,0.4368438373799591,0.18560129262002772,synthetic,sweep_all,MILP,MLP
milp20,neuralsat,A_synthetic,0,0.05325544175007735,0.19450027918236434,0.03652287355970246,synthetic,sweep_all,MILP,MLP
milp20,neuralsat,C_combined,0,0.04939696761653381,0.2722965870375243,0.019644219208943707,synthetic,sweep_all,MILP,MLP
milp20,nnenum,A_synthetic,0,0.412774961940148,0.10387045738820277,0.010202887615601085,synthetic,sweep_all,MILP,MLP
milp20,nnenum,C_combined,0,0.3420695398997252,0.18003791482878082,0.0375085172934369,synthetic,sweep_all,MILP,MLP
milp20,pyrat,A_synthetic,0,0.09879220720817641,0.35966334800335936,0.08151410457454177,synthetic,sweep_all,MILP,MLP
milp20,pyrat,C_combined,0,0.13684619230428444,0.3690997012050811,0.0514632792359435,synthetic,sweep_all,MILP,MLP
milp21,abcrown,A_synthetic,1,0.6138846478324216,0.3867508250464574,0.3338327535114033,synthetic,sweep_all,MILP,MLP
milp21,abcrown,C_combined,1,0.4379633793949088,0.4105200820592813,0.2945176750288921,synthetic,sweep_all,MILP,MLP
milp21,marabou,A_synthetic,0,0.5573343491655275,0.40415012067747574,0.07354940423632036,synthetic,sweep_all,MILP,MLP
milp21,marabou,C_combined,0,0.5005804473709365,0.36119592045168797,0.14160078957493522,synthetic,sweep_all,MILP,MLP
milp21,neuralsat,A_synthetic,0,0.11550989274569863,0.25660438863249146,0.08270553991177912,synthetic,sweep_all,MILP,MLP
milp21,neuralsat,C_combined,0,0.07026587101782215,0.25509429323730426,0.023599555199015153,synthetic,sweep_all,MILP,MLP
milp21,nnenum,A_synthetic,0,0.4578618460348635,0.09918431250928808,0.007976866327578404,synthetic,sweep_all,MILP,MLP
milp21,nnenum,C_combined,0,0.34702956053461764,0.2629426213597269,0.04937927799071278,synthetic,sweep_all,MILP,MLP
milp22,abcrown,A_synthetic,0,0.21886802587007764,0.20057296139369743,0.08590426540385873,synthetic,sweep_all,MILP,MLP
milp22,abcrown,C_combined,0,0.2658442658518024,0.4285136711302557,0.2467581229974237,synthetic,sweep_all,MILP,MLP
milp22,marabou,A_synthetic,0,0.1399470636237569,0.868950679278929,0.040151142029463974,synthetic,sweep_all,MILP,MLP
milp22,marabou,C_combined,0,0.34712453609660077,0.4651944132198752,0.2396814983141568,synthetic,sweep_all,MILP,MLP
milp22,neuralsat,A_synthetic,0,0.023590404453315304,0.17065720811851393,0.0075235029692491216,synthetic,sweep_all,MILP,MLP
milp22,neuralsat,C_combined,0,0.04171489121777005,0.33726560554727175,0.027638512995107535,synthetic,sweep_all,MILP,MLP
milp22,nnenum,A_synthetic,0,0.3280146139020008,0.03869158213270111,0.015538854094455323,synthetic,sweep_all,MILP,MLP
milp22,nnenum,C_combined,0,0.2506543212857643,0.3007343305070246,0.23965679888277172,synthetic,sweep_all,MILP,MLP
milp22,pyrat,A_synthetic,0,0.012855450631001106,0.11847703615307112,0.012552945550877926,synthetic,sweep_all,MILP,MLP
milp22,pyrat,C_combined,0,0.052896375150136864,0.28161138732729896,0.05351348791215005,synthetic,sweep_all,MILP,MLP
milp23,abcrown,A_synthetic,0,0.3729512123180521,0.3325474598032117,0.23608393925094098,synthetic,sweep_all,MILP,MLP
milp23,abcrown,C_combined,0,0.3714564223179497,0.4347914702217879,0.3235066611718654,synthetic,sweep_all,MILP,MLP
milp23,marabou,A_synthetic,0,0.30936995242096493,0.9680189131076482,0.5523263043726203,synthetic,sweep_all,MILP,MLP
milp23,marabou,C_combined,0,0.4169735953047766,0.6491914218725735,0.6584638019840224,synthetic,sweep_all,MILP,MLP
milp23,neuralsat,A_synthetic,0,0.0631847509946773,0.23427432183465086,0.033961129011076036,synthetic,sweep_all,MILP,MLP
milp23,neuralsat,C_combined,0,0.05493147506923558,0.4231223217742725,0.12301582920430806,synthetic,sweep_all,MILP,MLP
milp23,nnenum,A_synthetic,0,0.3194466879813048,0.1649744256360907,0.3891240842382005,synthetic,sweep_all,MILP,MLP
milp23,nnenum,C_combined,0,0.3073125132274373,0.5210724317259497,0.6399504288473199,synthetic,sweep_all,MILP,MLP
milp23,pyrat,A_synthetic,0,0.04992457632217327,0.11588697678829918,0.0343100961549979,synthetic,sweep_all,MILP,MLP
milp23,pyrat,C_combined,0,0.07598416413037487,0.2333700716052698,0.10879360769431028,synthetic,sweep_all,MILP,MLP
milp24,abcrown,A_synthetic,0,0.6583511920111789,0.6845846364003727,0.7035175720695348,synthetic,sweep_all,MILP,MLP
milp24,abcrown,C_combined,0,0.515239387198973,0.4587544461795101,0.6083042816772966,synthetic,sweep_all,MILP,MLP
milp24,marabou,A_synthetic,1,0.5435709684931985,0.9589058071105061,0.991045834310395,synthetic,sweep_all,MILP,MLP
milp24,marabou,C_combined,1,0.474090141115724,0.69901133635831,0.9447347675257458,synthetic,sweep_all,MILP,MLP
milp24,neuralsat,A_synthetic,0,0.10730479205073296,0.4640591951403623,0.16012989829844088,synthetic,sweep_all,MILP,MLP
milp24,neuralsat,C_combined,0,0.07666098954349274,0.7469711536536623,0.4175074799524604,synthetic,sweep_all,MILP,MLP
milp24,nnenum,A_synthetic,1,0.46297873039239823,0.9917642384747578,0.9835990118069077,synthetic,sweep_all,MILP,MLP
milp24,nnenum,C_combined,1,0.3043866219106941,0.8191948525084894,0.8788463204628488,synthetic,sweep_all,MILP,MLP
milp24,pyrat,A_synthetic,0,0.16090401323896736,0.09826285106545891,0.3412305863103349,synthetic,sweep_all,MILP,MLP
milp24,pyrat,C_combined,0,0.12981461190636662,0.287322160156275,0.4952612207431101,synthetic,sweep_all,MILP,MLP
milp25,abcrown,A_synthetic,1,0.9089147040892858,0.5769127462233753,0.8020350525982336,synthetic,sweep_all,MILP,MLP
milp25,abcrown,C_combined,1,0.6114764967555038,0.6118406280761608,0.6830746070304669,synthetic,sweep_all,MILP,MLP
milp25,marabou,A_synthetic,1,0.8798787414851393,0.9744326115356721,0.9980766177189571,synthetic,sweep_all,MILP,MLP
milp25,marabou,C_combined,1,0.6637857872907071,0.656967712774549,0.9356968476176771,synthetic,sweep_all,MILP,MLP
milp25,neuralsat,A_synthetic,1,0.03939721377081631,0.41842538189907474,0.11045233835808332,synthetic,sweep_all,MILP,MLP
milp25,neuralsat,C_combined,1,0.10230512882413909,0.5151761459703252,0.02635511558085702,synthetic,sweep_all,MILP,MLP
milp25,nnenum,A_synthetic,1,0.6663293115528217,0.9622889764808644,0.9224037850069482,synthetic,sweep_all,MILP,MLP
milp25,nnenum,C_combined,1,0.41873016305535876,0.6703185379166557,0.5951455018207626,synthetic,sweep_all,MILP,MLP
milp25,pyrat,A_synthetic,1,0.29730366542139536,0.40358400877587214,0.3807162060679078,synthetic,sweep_all,MILP,MLP
milp25,pyrat,C_combined,1,0.24611465199215105,0.4399831364811021,0.25581794955308335,synthetic,sweep_all,MILP,MLP
milp26,abcrown,A_synthetic,1,0.9579836784231892,0.5451990448251229,0.8994096006633476,synthetic,sweep_all,MILP,MLP
milp26,abcrown,C_combined,1,0.6148671321362542,0.5447627299865283,0.7237724726540714,synthetic,sweep_all,MILP,MLP
milp26,marabou,A_synthetic,1,0.9811833626169764,0.9070437399714777,0.9992841138745712,synthetic,sweep_all,MILP,MLP
milp26,marabou,C_combined,1,0.7343468917242839,0.6351369626328363,0.9193132114009396,synthetic,sweep_all,MILP,MLP
milp26,neuralsat,A_synthetic,0,0.5860556701441114,0.49424189630333004,0.6925023459713663,synthetic,sweep_all,MILP,MLP
milp26,neuralsat,C_combined,0,0.2520118161727826,0.6526382028542989,0.3678522482055397,synthetic,sweep_all,MILP,MLP
milp26,nnenum,A_synthetic,1,0.7216474301780115,0.9573419056435888,0.9770632019695965,synthetic,sweep_all,MILP,MLP
milp26,nnenum,C_combined,1,0.5216517974245349,0.729842437478606,0.7576781417319958,synthetic,sweep_all,MILP,MLP
milp26,pyrat,A_synthetic,1,0.8677438461538415,0.28965360115738487,0.8026673463501813,synthetic,sweep_all,MILP,MLP
milp26,pyrat,C_combined,1,0.4410360683648471,0.3784515470616615,0.5703772243529623,synthetic,sweep_all,MILP,MLP
milp27,abcrown,A_synthetic,0,0.22894143765385538,0.276543946730108,0.11605198764679872,synthetic,sweep_all,MILP,MLP
milp27,abcrown,C_combined,0,0.2580333575437943,0.4319199714718849,0.2047399584377879,synthetic,sweep_all,MILP,MLP
milp27,marabou,A_synthetic,0,0.15418864343851738,0.45560674206927027,0.025882449680339408,synthetic,sweep_all,MILP,MLP
milp27,marabou,C_combined,0,0.2896077880685716,0.41872852174107916,0.0843100552071411,synthetic,sweep_all,MILP,MLP
milp27,neuralsat,A_synthetic,0,0.026389913801500103,0.19289251804111046,0.020674894674659054,synthetic,sweep_all,MILP,MLP
milp27,neuralsat,C_combined,0,0.03457336504938695,0.27917156948022276,0.008018553246603551,synthetic,sweep_all,MILP,MLP
milp27,nnenum,A_synthetic,0,0.37359100350085345,0.03699565005053353,0.0036293551660093034,synthetic,sweep_all,MILP,MLP
milp27,nnenum,C_combined,0,0.271867079838708,0.2749073887758365,0.04234827886850113,synthetic,sweep_all,MILP,MLP
milp27,pyrat,A_synthetic,0,0.012752058620644727,0.25057253416899783,0.010253765867581335,synthetic,sweep_all,MILP,MLP
milp27,pyrat,C_combined,0,0.0664991000633592,0.3753835121409037,0.05378008983632382,synthetic,sweep_all,MILP,MLP
milp28,abcrown,A_synthetic,0,0.3780731508411991,0.24565001716403295,0.20224461867659466,synthetic,sweep_all,MILP,MLP
milp28,abcrown,C_combined,0,0.3591947152378778,0.3584700326954794,0.2699904447964007,synthetic,sweep_all,MILP,MLP
milp28,marabou,A_synthetic,0,0.3384972090817492,0.9536201915687647,0.20627002544952147,synthetic,sweep_all,MILP,MLP
milp28,marabou,C_combined,0,0.4042231831186397,0.5325771908902255,0.46270216298475864,synthetic,sweep_all,MILP,MLP
milp28,neuralsat,A_synthetic,0,0.0673467776472927,0.21493874139437524,0.04737485467655168,synthetic,sweep_all,MILP,MLP
milp28,neuralsat,C_combined,0,0.03651330294507706,0.6043302021395092,0.1479522151638799,synthetic,sweep_all,MILP,MLP
milp28,nnenum,A_synthetic,0,0.2974141580015596,0.7692368420189543,0.3461052466415864,synthetic,sweep_all,MILP,MLP
milp28,nnenum,C_combined,0,0.256064735837506,0.6080977958245675,0.43070405676614876,synthetic,sweep_all,MILP,MLP
milp29,abcrown,A_synthetic,0,0.6298606892247123,0.4466776887472717,0.34934563979221334,synthetic,sweep_all,MILP,MLP
milp29,abcrown,C_combined,0,0.4596309613348536,0.42151838895860133,0.3306748176745718,synthetic,sweep_all,MILP,MLP
milp29,marabou,A_synthetic,0,0.5520208517451135,0.3736527524359928,0.14507220371437163,synthetic,sweep_all,MILP,MLP
milp29,marabou,C_combined,0,0.5184489797707076,0.39476737309410803,0.24002820389641172,synthetic,sweep_all,MILP,MLP
milp29,neuralsat,A_synthetic,0,0.08405512132665774,0.21142354465740895,0.03242441851702696,synthetic,sweep_all,MILP,MLP
milp29,neuralsat,C_combined,0,0.08382967912211467,0.190049844880654,0.021327375149086843,synthetic,sweep_all,MILP,MLP
milp29,nnenum,A_synthetic,0,0.4882096676047037,0.017711181883009425,0.024683387614885633,synthetic,sweep_all,MILP,MLP
milp29,nnenum,C_combined,0,0.36595709154410017,0.17192497136897725,0.05168913049484296,synthetic,sweep_all,MILP,MLP
milp29,pyrat,A_synthetic,0,0.16866166789958928,0.22529268968587401,0.1115032535667851,synthetic,sweep_all,MILP,MLP
milp29,pyrat,C_combined,0,0.13229348697536675,0.3670350900373682,0.11587169979415199,synthetic,sweep_all,MILP,MLP
milp3,abcrown,A_synthetic,0,0.6636136661045097,0.5066682741331606,0.45941063224389983,synthetic,sweep_all,MILP,MLP
milp3,abcrown,C_combined,0,0.49852634028613424,0.5127846323357746,0.49312655046051895,synthetic,sweep_all,MILP,MLP
milp3,marabou,A_synthetic,1,0.5092518627400949,0.8750089531671662,0.7632911365637585,synthetic,sweep_all,MILP,MLP
milp3,marabou,C_combined,1,0.4898012446774257,0.6164247648160661,0.6073776366262033,synthetic,sweep_all,MILP,MLP
milp3,neuralsat,A_synthetic,0,0.059762918575258575,0.4064351865426306,0.04590826121457296,synthetic,sweep_all,MILP,MLP
milp3,neuralsat,C_combined,0,0.06905201616399329,0.39643650990404583,0.01824719577837115,synthetic,sweep_all,MILP,MLP
milp3,nnenum,A_synthetic,0,0.4228088448489826,0.5755289262956086,0.274547047928499,synthetic,sweep_all,MILP,MLP
milp3,nnenum,C_combined,0,0.35975589333656627,0.47160123823395217,0.24720436343971328,synthetic,sweep_all,MILP,MLP
milp3,pyrat,A_synthetic,0,0.14364456977233442,0.25111343343374776,0.1425044325384201,synthetic,sweep_all,MILP,MLP
milp3,pyrat,C_combined,0,0.1313080662926789,0.3793783901607821,0.13581196864469786,synthetic,sweep_all,MILP,MLP
milp30,abcrown,A_synthetic,1,0.8683641467843479,0.46635745206391876,0.6828679654447835,synthetic,sweep_all,MILP,MLP
milp30,abcrown,C_combined,1,0.5989146000924623,0.4881618901324007,0.5751344564286981,synthetic,sweep_all,MILP,MLP
milp30,marabou,A_synthetic,1,0.8871198798992855,0.763196639461254,0.9035627818562052,synthetic,sweep_all,MILP,MLP
milp30,marabou,C_combined,1,0.6567111891811331,0.5211907379094678,0.7260039078292974,synthetic,sweep_all,MILP,MLP
milp30,neuralsat,A_synthetic,0,0.24697755058386056,0.24901776150198707,0.19886890234234422,synthetic,sweep_all,MILP,MLP
milp30,neuralsat,C_combined,0,0.1507390961262952,0.34759637811418564,0.055533105167178395,synthetic,sweep_all,MILP,MLP
milp30,nnenum,A_synthetic,1,0.6748293564310199,0.17858419259292832,0.027139280903260878,synthetic,sweep_all,MILP,MLP
milp30,nnenum,C_combined,1,0.38667229905288575,0.29217220903289587,0.09496571612959558,synthetic,sweep_all,MILP,MLP
milp30,pyrat,A_synthetic,1,0.3286151071795017,0.4005562421828948,0.23185055488197054,synthetic,sweep_all,MILP,MLP
milp30,pyrat,C_combined,1,0.21435368606497188,0.42693350393865026,0.11723882229649589,synthetic,sweep_all,MILP,MLP
milp31,abcrown,A_synthetic,1,0.9641049314696989,0.7811266854759726,0.9608517052343665,synthetic,sweep_all,MILP,MLP
milp31,abcrown,C_combined,1,0.6424637263891803,0.7088692920587564,0.8657821874078845,synthetic,sweep_all,MILP,MLP
milp31,marabou,A_synthetic,1,0.9777621623864297,0.9853273621942866,0.9998300178727003,synthetic,sweep_all,MILP,MLP
milp31,marabou,C_combined,1,0.7883659656966613,0.7122875509724267,0.9863259832092215,synthetic,sweep_all,MILP,MLP
milp31,neuralsat,A_synthetic,0,0.5293254451194997,0.6489344478111134,0.6034919622430227,synthetic,sweep_all,MILP,MLP
milp31,neuralsat,C_combined,0,0.24006204447468224,0.3370012885663573,0.1367914035161816,synthetic,sweep_all,MILP,MLP
milp31,nnenum,A_synthetic,1,0.6271009110672096,0.309624341957257,0.9386721172384467,synthetic,sweep_all,MILP,MLP
milp31,nnenum,C_combined,1,0.47471268357777935,0.37532513021982816,0.6632368592910358,synthetic,sweep_all,MILP,MLP
milp31,pyrat,A_synthetic,0,0.8829610043631388,0.6091294027216332,0.8993818431526133,synthetic,sweep_all,MILP,MLP
milp31,pyrat,C_combined,0,0.4302193221282624,0.540420796809273,0.7053899061206492,synthetic,sweep_all,MILP,MLP
milp4,abcrown,A_synthetic,0,0.586108133629352,0.5079956695620877,0.5574570161198354,synthetic,sweep_all,MILP,MLP
milp4,abcrown,C_combined,0,0.5394541121312095,0.5061587757971817,0.5023239570167943,synthetic,sweep_all,MILP,MLP
milp4,marabou,A_synthetic,1,0.5376523922249576,0.912351931864008,0.8758051528096455,synthetic,sweep_all,MILP,MLP
milp4,marabou,C_combined,1,0.508712693033736,0.6688331643566989,0.7092467202114436,synthetic,sweep_all,MILP,MLP
milp4,neuralsat,A_synthetic,0,0.1299700836344914,0.40814325868384305,0.14737444601521554,synthetic,sweep_all,MILP,MLP
milp4,neuralsat,C_combined,0,0.08069478904238789,0.4011483576050381,0.037088776680272106,synthetic,sweep_all,MILP,MLP
milp4,nnenum,A_synthetic,0,0.3963587176045599,0.7276499549442348,0.4311398942492343,synthetic,sweep_all,MILP,MLP
milp4,nnenum,C_combined,0,0.3600465177366571,0.5034219118117955,0.3050826958130515,synthetic,sweep_all,MILP,MLP
milp4,pyrat,A_synthetic,0,0.13746736259754447,0.2294760457065689,0.14279922397828707,synthetic,sweep_all,MILP,MLP
milp4,pyrat,C_combined,0,0.13239026539839643,0.38967077143122253,0.11293719039592812,synthetic,sweep_all,MILP,MLP
milp5,abcrown,A_synthetic,1,0.5900867153403435,0.5222346419952167,0.5040401831522284,synthetic,sweep_all,MILP,MLP
milp5,abcrown,C_combined,1,0.4956825161252197,0.5536390626193453,0.5698881933892209,synthetic,sweep_all,MILP,MLP
milp5,marabou,A_synthetic,1,0.5012879963194465,0.9211458054561878,0.8637158170714156,synthetic,sweep_all,MILP,MLP
milp5,marabou,C_combined,1,0.5063110751844858,0.5580731098007334,0.6351775589119779,synthetic,sweep_all,MILP,MLP
milp5,neuralsat,A_synthetic,0,0.09211048122042714,0.4296722262952385,0.09522853354483882,synthetic,sweep_all,MILP,MLP
milp5,neuralsat,C_combined,0,0.08121771372110494,0.4032779610247449,0.032213332454962024,synthetic,sweep_all,MILP,MLP
milp5,nnenum,A_synthetic,0,0.43800601258502414,0.7952311937843084,0.4180187675619699,synthetic,sweep_all,MILP,MLP
milp5,nnenum,C_combined,0,0.3569433930663053,0.4988903649097448,0.29046368054578836,synthetic,sweep_all,MILP,MLP
milp6,abcrown,A_synthetic,1,0.6078297894973183,0.5454917662809868,0.45566626205813704,synthetic,sweep_all,MILP,MLP
milp6,abcrown,C_combined,1,0.43163182073527767,0.4956426947478402,0.5148001494446379,synthetic,sweep_all,MILP,MLP
milp6,marabou,A_synthetic,1,0.5082857872931793,0.847894826231629,0.8389912669619735,synthetic,sweep_all,MILP,MLP
milp6,marabou,C_combined,1,0.5105286982476234,0.591587696313134,0.6363466238995722,synthetic,sweep_all,MILP,MLP
milp6,neuralsat,A_synthetic,0,0.07359006254116443,0.4149206756914333,0.04736047800572825,synthetic,sweep_all,MILP,MLP
milp6,neuralsat,C_combined,0,0.07174060557518412,0.3813856159040253,0.026104413904282864,synthetic,sweep_all,MILP,MLP
milp6,nnenum,A_synthetic,0,0.4733991285264828,0.5346334326420951,0.35672874257069165,synthetic,sweep_all,MILP,MLP
milp6,nnenum,C_combined,0,0.34258002472932897,0.4640352800130926,0.2694729188927954,synthetic,sweep_all,MILP,MLP
milp7,abcrown,A_synthetic,1,0.6175741037873831,0.5020911165126973,0.47111564647948556,synthetic,sweep_all,MILP,MLP
milp7,abcrown,C_combined,1,0.45982288200795063,0.5473120307274335,0.4765006712733969,synthetic,sweep_all,MILP,MLP
milp7,marabou,A_synthetic,0,0.5686225351685077,0.9387048656982845,0.9250096017506909,synthetic,sweep_all,MILP,MLP
milp7,marabou,C_combined,0,0.5485344435288722,0.6247733082147832,0.7181517168737448,synthetic,sweep_all,MILP,MLP
milp7,neuralsat,A_synthetic,0,0.08049573238627465,0.3215400141186923,0.09943984685528703,synthetic,sweep_all,MILP,MLP
milp7,neuralsat,C_combined,0,0.0808885592328283,0.42832265326016367,0.030738677888704307,synthetic,sweep_all,MILP,MLP
milp7,nnenum,A_synthetic,0,0.4937130292919664,0.4468641101334823,0.31178571380775255,synthetic,sweep_all,MILP,MLP
milp7,nnenum,C_combined,0,0.346403525839696,0.4510820924892102,0.28789723305574333,synthetic,sweep_all,MILP,MLP
milp8,abcrown,A_synthetic,0,0.5535539121460935,0.21587494322833053,0.17654079716075144,synthetic,sweep_all,MILP,MLP
milp8,abcrown,C_combined,0,0.4808778535613224,0.3616882355816801,0.21400279997994093,synthetic,sweep_all,MILP,MLP
milp8,marabou,A_synthetic,0,0.5813629327016464,0.08052854543498417,0.005818686019254264,synthetic,sweep_all,MILP,MLP
milp8,marabou,C_combined,0,0.5352669307515991,0.3217402255739266,0.07231860258808091,synthetic,sweep_all,MILP,MLP
milp8,neuralsat,A_synthetic,0,0.09444841944700869,0.12518794349094722,0.02329695241183847,synthetic,sweep_all,MILP,MLP
milp8,neuralsat,C_combined,0,0.06006472430054122,0.12922378041206095,0.00651607409531149,synthetic,sweep_all,MILP,MLP
milp8,nnenum,A_synthetic,0,0.4209511934853144,0.030199403399471046,0.0005612497452732394,synthetic,sweep_all,MILP,MLP
milp8,nnenum,C_combined,0,0.3618233438390119,0.11251105887300561,0.03214526502619789,synthetic,sweep_all,MILP,MLP
milp8,pyrat,A_synthetic,0,0.1290043009636099,0.17000569717237085,0.07770998358983439,synthetic,sweep_all,MILP,MLP
milp8,pyrat,C_combined,0,0.12601980485384537,0.34311907711370315,0.05836310025873522,synthetic,sweep_all,MILP,MLP
milp9,abcrown,A_synthetic,0,0.652482309430962,0.3853394220303398,0.4103834423497229,synthetic,sweep_all,MILP,MLP
milp9,abcrown,C_combined,0,0.5221348540040991,0.3979608798527077,0.45636111937981544,synthetic,sweep_all,MILP,MLP
milp9,marabou,A_synthetic,1,0.54261421550691,0.8895564177342354,0.6489217353823509,synthetic,sweep_all,MILP,MLP
milp9,marabou,C_combined,1,0.4570957052329997,0.6128082350310833,0.7045003728054089,synthetic,sweep_all,MILP,MLP
milp9,neuralsat,A_synthetic,0,0.11309662082712976,0.2470047543415308,0.08997110284065428,synthetic,sweep_all,MILP,MLP
milp9,neuralsat,C_combined,0,0.08891966527075924,0.5756110451111008,0.25343978733442313,synthetic,sweep_all,MILP,MLP
milp9,nnenum,A_synthetic,0,0.4358849408117271,0.7218474476851695,0.7238921647905375,synthetic,sweep_all,MILP,MLP
milp9,nnenum,C_combined,0,0.3326613726058179,0.6086277007800595,0.7217802695845978,synthetic,sweep_all,MILP,MLP
milp9,pyrat,A_synthetic,0,0.13588825623678996,0.08745445197524944,0.18568187646632,synthetic,sweep_all,MILP,MLP
milp9,pyrat,C_combined,0,0.13635448783852652,0.26412469042549586,0.26013664521541136,synthetic,sweep_all,MILP,MLP
pb_cnn_1,abcrown,A_synthetic,0,0.05004337988622663,0.19325664941775528,0.043754517959305475,synthetic,sweep_all,Paired-Biases,CNN
pb_cnn_1,abcrown,C_combined,0,0.09148444831762811,0.3002969752208563,0.102423619065462,synthetic,sweep_all,Paired-Biases,CNN
pb_cnn_1,marabou,A_synthetic,0,0.023960711957375074,0.15634431406142418,0.010778321356488041,synthetic,sweep_all,Paired-Biases,CNN
pb_cnn_1,marabou,C_combined,0,0.16441494007488264,0.2941204947327262,0.07182279131519478,synthetic,sweep_all,Paired-Biases,CNN
pb_cnn_1,neuralsat,A_synthetic,0,0.06719361005931536,0.11388547184231046,0.04319160384596476,synthetic,sweep_all,Paired-Biases,CNN
pb_cnn_1,neuralsat,C_combined,0,0.07795500147087314,0.361205536566048,0.054672181426165145,synthetic,sweep_all,Paired-Biases,CNN
pb_cnn_1,nnenum,A_synthetic,0,0.13951716443193118,0.23687943307437798,0.06638184397506783,synthetic,sweep_all,Paired-Biases,CNN
pb_cnn_1,nnenum,C_combined,0,0.13600095814945162,0.2174378399773993,0.10275907782827005,synthetic,sweep_all,Paired-Biases,CNN
pb_cnn_1,pyrat,A_synthetic,0,0.015335687570730927,0.18386569406015904,0.019302778834571953,synthetic,sweep_all,Paired-Biases,CNN
pb_cnn_1,pyrat,C_combined,0,0.0899444437331591,0.2575729162494144,0.043642972211778104,synthetic,sweep_all,Paired-Biases,CNN
pb_cnn_10,abcrown,A_synthetic,0,0.7134735951545143,0.2768635829792957,0.3688172680141699,synthetic,sweep_all,Paired-Biases,CNN
pb_cnn_10,abcrown,C_combined,0,0.3956250740983228,0.31694694932179956,0.3264266368668844,synthetic,sweep_all,Paired-Biases,CNN
pb_cnn_10,marabou,A_synthetic,0,0.7806533649467146,0.2941763351475753,0.8479794287269595,synthetic,sweep_all,Paired-Biases,CNN
pb_cnn_10,marabou,C_combined,0,0.5640233764399017,0.2940537122604026,0.7171219506508921,synthetic,sweep_all,Paired-Biases,CNN
pb_cnn_10,neuralsat,A_synthetic,0,0.673897165861392,0.18172922903918218,0.4927277920445288,synthetic,sweep_all,Paired-Biases,CNN
pb_cnn_10,neuralsat,C_combined,0,0.5370776322924524,0.4584661552450312,0.7185329409239609,synthetic,sweep_all,Paired-Biases,CNN
pb_cnn_10,nnenum,A_synthetic,0,0.6616427351425618,0.45145935952696686,0.8294729852200495,synthetic,sweep_all,Paired-Biases,CNN
pb_cnn_10,nnenum,C_combined,0,0.47988948026826045,0.3256751703797431,0.6839197378777803,synthetic,sweep_all,Paired-Biases,CNN
pb_cnn_10,pyrat,A_synthetic,0,0.7078069404964005,0.12997617874629458,0.6652124939564416,synthetic,sweep_all,Paired-Biases,CNN
pb_cnn_10,pyrat,C_combined,0,0.3942663306883437,0.26829367871745635,0.40153691255967894,synthetic,sweep_all,Paired-Biases,CNN
pb_cnn_11,abcrown,A_synthetic,0,0.313249624426411,0.21044888013165503,0.09084039333800584,synthetic,sweep_all,Paired-Biases,CNN
pb_cnn_11,abcrown,C_combined,0,0.22138529080519215,0.3023136160519822,0.15227925246770901,synthetic,sweep_all,Paired-Biases,CNN
pb_cnn_11,marabou,A_synthetic,0,0.17144002008596065,0.11674585517822915,0.036073152929429635,synthetic,sweep_all,Paired-Biases,CNN
pb_cnn_11,marabou,C_combined,0,0.2093639026765614,0.20600786606694405,0.09675790229574757,synthetic,sweep_all,Paired-Biases,CNN
pb_cnn_11,neuralsat,A_synthetic,0,0.3229389158573186,0.06877185046508409,0.2320284400031495,synthetic,sweep_all,Paired-Biases,CNN
pb_cnn_11,neuralsat,C_combined,0,0.2195777528186445,0.4154690937951601,0.19245949086443379,synthetic,sweep_all,Paired-Biases,CNN
pb_cnn_11,nnenum,A_synthetic,0,0.41979815142333027,0.07947636820691975,0.05947536196571611,synthetic,sweep_all,Paired-Biases,CNN
pb_cnn_11,nnenum,C_combined,0,0.2667249560451722,0.14776139343642497,0.1292743982091133,synthetic,sweep_all,Paired-Biases,CNN
pb_cnn_11,pyrat,A_synthetic,0,0.16047049668226906,0.0776709707997651,0.09130745211405161,synthetic,sweep_all,Paired-Biases,CNN
pb_cnn_11,pyrat,C_combined,0,0.1386503720291777,0.21296751348128592,0.07972911584629447,synthetic,sweep_all,Paired-Biases,CNN
pb_cnn_12,abcrown,A_synthetic,0,0.2651496862715529,0.14247605723307527,0.11386997030744887,synthetic,sweep_all,Paired-Biases,CNN
pb_cnn_12,abcrown,C_combined,0,0.20858247560629675,0.24932098534777308,0.1170198888923513,synthetic,sweep_all,Paired-Biases,CNN
pb_cnn_12,marabou,A_synthetic,0,0.19032427338059094,0.11834412687946605,0.052003599233418296,synthetic,sweep_all,Paired-Biases,CNN
pb_cnn_12,marabou,C_combined,0,0.2584130680726641,0.2580135984925729,0.12332669753730767,synthetic,sweep_all,Paired-Biases,CNN
pb_cnn_12,neuralsat,A_synthetic,0,0.3471775415142497,0.08017130412809358,0.1862295711687327,synthetic,sweep_all,Paired-Biases,CNN
pb_cnn_12,neuralsat,C_combined,0,0.23683426446929526,0.4089707976311881,0.2073376465620961,synthetic,sweep_all,Paired-Biases,CNN
pb_cnn_12,nnenum,A_synthetic,0,0.3815155627579097,0.09848922217802702,0.06998426670725076,synthetic,sweep_all,Paired-Biases,CNN
pb_cnn_12,nnenum,C_combined,0,0.25237567485028445,0.15270431805512535,0.1367993694858067,synthetic,sweep_all,Paired-Biases,CNN
pb_cnn_12,pyrat,A_synthetic,0,0.20454573431296494,0.08668052916967757,0.11408274101874841,synthetic,sweep_all,Paired-Biases,CNN
pb_cnn_12,pyrat,C_combined,0,0.13247763081435235,0.2299917818356612,0.10299591354539714,synthetic,sweep_all,Paired-Biases,CNN
pb_cnn_13,abcrown,A_synthetic,0,0.3144243413822397,0.2944764021934675,0.1124645116744788,synthetic,sweep_all,Paired-Biases,CNN
pb_cnn_13,abcrown,C_combined,0,0.17474670323881708,0.3426745530039983,0.18844604712738347,synthetic,sweep_all,Paired-Biases,CNN
pb_cnn_13,marabou,A_synthetic,0,0.23165877739064725,0.2713469848251931,0.21437891713455426,synthetic,sweep_all,Paired-Biases,CNN
pb_cnn_13,marabou,C_combined,0,0.2111166019022015,0.3048705324381631,0.2157243816495173,synthetic,sweep_all,Paired-Biases,CNN
pb_cnn_13,neuralsat,A_synthetic,0,0.3953435315350467,0.15782858346570391,0.2457777187238924,synthetic,sweep_all,Paired-Biases,CNN
pb_cnn_13,neuralsat,C_combined,0,0.24396200911235333,0.425513833423378,0.23757920680706368,synthetic,sweep_all,Paired-Biases,CNN
pb_cnn_13,nnenum,A_synthetic,0,0.4450770631602284,0.35457367461367295,0.33785870338745433,synthetic,sweep_all,Paired-Biases,CNN
pb_cnn_13,nnenum,C_combined,0,0.29789708613873955,0.29082142284230694,0.3509672018531938,synthetic,sweep_all,Paired-Biases,CNN
pb_cnn_13,pyrat,A_synthetic,0,0.20861873568034972,0.08525306678193431,0.16908364030712042,synthetic,sweep_all,Paired-Biases,CNN
pb_cnn_13,pyrat,C_combined,0,0.14823775999671746,0.269868335791008,0.14372767609301623,synthetic,sweep_all,Paired-Biases,CNN
pb_cnn_14,abcrown,A_synthetic,1,0.17666806041812672,0.2221159944473407,0.10589230205876513,synthetic,sweep_all,Paired-Biases,CNN
pb_cnn_14,abcrown,C_combined,1,0.17729944841928652,0.3102547193629393,0.16965614369734444,synthetic,sweep_all,Paired-Biases,CNN
pb_cnn_14,marabou,A_synthetic,1,0.14073441825610575,0.28370983685284107,0.2608720235634555,synthetic,sweep_all,Paired-Biases,CNN
pb_cnn_14,marabou,C_combined,1,0.20302792961926003,0.3232618526979687,0.25680029542942084,synthetic,sweep_all,Paired-Biases,CNN
pb_cnn_14,neuralsat,A_synthetic,1,0.28398543297659934,0.133611106601358,0.23043461909075633,synthetic,sweep_all,Paired-Biases,CNN
pb_cnn_14,neuralsat,C_combined,1,0.17385230300337723,0.42868739487592905,0.19618192347320237,synthetic,sweep_all,Paired-Biases,CNN
pb_cnn_14,nnenum,A_synthetic,1,0.293287147804905,0.5230145897240008,0.47672509979579303,synthetic,sweep_all,Paired-Biases,CNN
pb_cnn_14,nnenum,C_combined,1,0.25091950539022523,0.3211344205360481,0.37293653477838484,synthetic,sweep_all,Paired-Biases,CNN
pb_cnn_14,pyrat,A_synthetic,0,0.2109140642138526,0.18565020031813212,0.14934855809024047,synthetic,sweep_all,Paired-Biases,CNN
pb_cnn_14,pyrat,C_combined,0,0.15942411975823384,0.2977892540571641,0.15056849973971795,synthetic,sweep_all,Paired-Biases,CNN
pb_cnn_15,abcrown,A_synthetic,1,0.25206474558158465,0.3635709652250095,0.1678716406422106,synthetic,sweep_all,Paired-Biases,CNN
pb_cnn_15,abcrown,C_combined,1,0.1440857344842769,0.3549411392823646,0.23729099550411153,synthetic,sweep_all,Paired-Biases,CNN
pb_cnn_15,marabou,A_synthetic,1,0.11813113340689807,0.5881216494504797,0.6834143255242423,synthetic,sweep_all,Paired-Biases,CNN
pb_cnn_15,marabou,C_combined,1,0.20167896900601617,0.4175236458201909,0.4813132193658277,synthetic,sweep_all,Paired-Biases,CNN
pb_cnn_15,neuralsat,A_synthetic,1,0.2542553229068433,0.21418203057918528,0.20929022388605936,synthetic,sweep_all,Paired-Biases,CNN
pb_cnn_15,neuralsat,C_combined,1,0.20345976128572082,0.4934021920409311,0.22917061621852947,synthetic,sweep_all,Paired-Biases,CNN
pb_cnn_15,nnenum,A_synthetic,1,0.3126405127670443,0.7465884818089024,0.8007865997471619,synthetic,sweep_all,Paired-Biases,CNN
pb_cnn_15,nnenum,C_combined,1,0.2270697076107564,0.41396469594983804,0.6183520550494076,synthetic,sweep_all,Paired-Biases,CNN
pb_cnn_15,pyrat,A_synthetic,1,0.08915550889189108,0.1487550238451861,0.09257239642865328,synthetic,sweep_all,Paired-Biases,CNN
pb_cnn_15,pyrat,C_combined,1,0.11608680256429682,0.30216742438021355,0.17294791728338113,synthetic,sweep_all,Paired-Biases,CNN
pb_cnn_16,abcrown,A_synthetic,0,0.286892803794438,0.21467996740566728,0.10486057233657928,synthetic,sweep_all,Paired-Biases,CNN
pb_cnn_16,abcrown,C_combined,0,0.22642431940100893,0.26762587733972654,0.14148770344892292,synthetic,sweep_all,Paired-Biases,CNN
pb_cnn_16,marabou,A_synthetic,0,0.18541867148047067,0.08796456450340157,0.03328103632881213,synthetic,sweep_all,Paired-Biases,CNN
pb_cnn_16,marabou,C_combined,0,0.2148847386249025,0.2255690040091877,0.09141074640063032,synthetic,sweep_all,Paired-Biases,CNN
pb_cnn_16,neuralsat,A_synthetic,0,0.34765380342030716,0.09156577668215962,0.2347806778513048,synthetic,sweep_all,Paired-Biases,CNN
pb_cnn_16,neuralsat,C_combined,0,0.22443428334272947,0.436125950009259,0.15254247198263332,synthetic,sweep_all,Paired-Biases,CNN
pb_cnn_16,nnenum,A_synthetic,0,0.38218862876978404,0.09447659987163681,0.04673753441118227,synthetic,sweep_all,Paired-Biases,CNN
pb_cnn_16,nnenum,C_combined,0,0.2801704961331142,0.11783144162940244,0.09488873952482543,synthetic,sweep_all,Paired-Biases,CNN
pb_cnn_16,pyrat,A_synthetic,0,0.16427182388634057,0.09483553983773846,0.09975718207174983,synthetic,sweep_all,Paired-Biases,CNN
pb_cnn_16,pyrat,C_combined,0,0.13242358131359644,0.21057261693537424,0.09793860046708165,synthetic,sweep_all,Paired-Biases,CNN
pb_cnn_17,abcrown,A_synthetic,0,0.24150761696629747,0.15523769608189278,0.11314885329428948,synthetic,sweep_all,Paired-Biases,CNN
pb_cnn_17,abcrown,C_combined,0,0.22123227507494664,0.32417973636754793,0.15293123561199812,synthetic,sweep_all,Paired-Biases,CNN
pb_cnn_17,marabou,A_synthetic,0,0.20528598931801204,0.1277358664323492,0.051954331316932924,synthetic,sweep_all,Paired-Biases,CNN
pb_cnn_17,marabou,C_combined,0,0.2590011052372376,0.24025344750205613,0.1025683416789576,synthetic,sweep_all,Paired-Biases,CNN
pb_cnn_17,neuralsat,A_synthetic,0,0.35297404635530527,0.09096306684818181,0.19059330374643182,synthetic,sweep_all,Paired-Biases,CNN
pb_cnn_17,neuralsat,C_combined,0,0.25399648489411136,0.37816644473963706,0.1638228012922857,synthetic,sweep_all,Paired-Biases,CNN
pb_cnn_17,nnenum,A_synthetic,0,0.3879383973160582,0.0969873153532656,0.06647575420682225,synthetic,sweep_all,Paired-Biases,CNN
pb_cnn_17,nnenum,C_combined,0,0.2672358509549505,0.17697474080261308,0.128291116897235,synthetic,sweep_all,Paired-Biases,CNN
pb_cnn_17,pyrat,A_synthetic,0,0.22352470029073007,0.1009649108828045,0.11699323116883305,synthetic,sweep_all,Paired-Biases,CNN
pb_cnn_17,pyrat,C_combined,0,0.12812622368246981,0.26669058064452644,0.10072794515370594,synthetic,sweep_all,Paired-Biases,CNN
pb_cnn_18,abcrown,A_synthetic,0,0.30736762244777355,0.29505197949578454,0.1336697848854858,synthetic,sweep_all,Paired-Biases,CNN
pb_cnn_18,abcrown,C_combined,0,0.19611020228444997,0.30699574635497806,0.1825330875507948,synthetic,sweep_all,Paired-Biases,CNN
pb_cnn_18,marabou,A_synthetic,0,0.24490944482676266,0.23127172738987883,0.20164536834653984,synthetic,sweep_all,Paired-Biases,CNN
pb_cnn_18,marabou,C_combined,0,0.2189455181216943,0.29251180690866707,0.20104107722803732,synthetic,sweep_all,Paired-Biases,CNN
pb_cnn_18,neuralsat,A_synthetic,0,0.3935347673513986,0.16388163615563942,0.23215316385418233,synthetic,sweep_all,Paired-Biases,CNN
pb_cnn_18,neuralsat,C_combined,0,0.22098736180411366,0.3958496768492218,0.20305694304409155,synthetic,sweep_all,Paired-Biases,CNN
pb_cnn_18,nnenum,A_synthetic,0,0.3867981677313874,0.4131071404080669,0.2689950963578348,synthetic,sweep_all,Paired-Biases,CNN
pb_cnn_18,nnenum,C_combined,0,0.26858505875538724,0.29431544493638445,0.27116750394716743,synthetic,sweep_all,Paired-Biases,CNN
pb_cnn_18,pyrat,A_synthetic,0,0.206400317580182,0.10639784143198569,0.17818026860964142,synthetic,sweep_all,Paired-Biases,CNN
pb_cnn_18,pyrat,C_combined,0,0.159811595704821,0.2842761040987586,0.12256089501911246,synthetic,sweep_all,Paired-Biases,CNN
pb_cnn_19,abcrown,A_synthetic,0,0.2594889785979727,0.20844618763539152,0.14334639961335935,synthetic,sweep_all,Paired-Biases,CNN
pb_cnn_19,abcrown,C_combined,1,0.16865537248609358,0.3495404873882806,0.15448773302603352,synthetic,sweep_all,Paired-Biases,CNN
pb_cnn_19,marabou,A_synthetic,1,0.15279625642484826,0.2792117314641288,0.2457334189876872,synthetic,sweep_all,Paired-Biases,CNN
pb_cnn_19,marabou,C_combined,1,0.1990176197800228,0.2980617203630465,0.22413725024846776,synthetic,sweep_all,Paired-Biases,CNN
pb_cnn_19,neuralsat,A_synthetic,1,0.2897667212075886,0.15429476124019748,0.18813430990533148,synthetic,sweep_all,Paired-Biases,CNN
pb_cnn_19,neuralsat,C_combined,1,0.18863728455312637,0.4287196780867245,0.1613008062781399,synthetic,sweep_all,Paired-Biases,CNN
pb_cnn_19,nnenum,A_synthetic,1,0.35899576077762424,0.4377972599618906,0.4066314144775487,synthetic,sweep_all,Paired-Biases,CNN
pb_cnn_19,nnenum,C_combined,1,0.2519073971704899,0.32273965231019164,0.3336726086064007,synthetic,sweep_all,Paired-Biases,CNN
pb_cnn_19,pyrat,A_synthetic,0,0.19589785936476461,0.1562440154915479,0.13909539420352993,synthetic,sweep_all,Paired-Biases,CNN
pb_cnn_19,pyrat,C_combined,0,0.1627107365757425,0.316193274015556,0.13880003561290338,synthetic,sweep_all,Paired-Biases,CNN
pb_cnn_2,abcrown,A_synthetic,0,0.0911262784499887,0.2861574264829573,0.05885901654272584,synthetic,sweep_all,Paired-Biases,CNN
pb_cnn_2,abcrown,C_combined,0,0.1036819538620252,0.31775541725579004,0.14617913303658903,synthetic,sweep_all,Paired-Biases,CNN
pb_cnn_2,marabou,A_synthetic,1,0.031730699260704834,0.15283950969871649,0.03409695825801533,synthetic,sweep_all,Paired-Biases,CNN
pb_cnn_2,marabou,C_combined,1,0.18861117620431928,0.2847717420331268,0.09366436028735942,synthetic,sweep_all,Paired-Biases,CNN
pb_cnn_2,neuralsat,A_synthetic,0,0.17535017374447573,0.150039297062136,0.10851936568397055,synthetic,sweep_all,Paired-Biases,CNN
pb_cnn_2,neuralsat,C_combined,1,0.12825393553476386,0.38802042260041525,0.08044202651675667,synthetic,sweep_all,Paired-Biases,CNN
pb_cnn_2,nnenum,A_synthetic,1,0.22444256583822267,0.24759558253898298,0.07676943064740843,synthetic,sweep_all,Paired-Biases,CNN
pb_cnn_2,nnenum,C_combined,1,0.16984528944567318,0.2470627741115151,0.11676699023280715,synthetic,sweep_all,Paired-Biases,CNN
pb_cnn_2,pyrat,A_synthetic,0,0.06175097420200827,0.17043266056344536,0.047376044686355354,synthetic,sweep_all,Paired-Biases,CNN
pb_cnn_2,pyrat,C_combined,0,0.11161231672856571,0.2976179590953544,0.07436212835573022,synthetic,sweep_all,Paired-Biases,CNN
pb_cnn_20,abcrown,A_synthetic,1,0.2665089282846224,0.33730011790923325,0.1470422657725828,synthetic,sweep_all,Paired-Biases,CNN
pb_cnn_20,abcrown,C_combined,1,0.1571874735531656,0.35219947109748606,0.25519569040920054,synthetic,sweep_all,Paired-Biases,CNN
pb_cnn_20,marabou,A_synthetic,1,0.16245591084059371,0.45314564252101885,0.6900983672688611,synthetic,sweep_all,Paired-Biases,CNN
pb_cnn_20,marabou,C_combined,1,0.21490804529202795,0.3849588163772836,0.3671846805708897,synthetic,sweep_all,Paired-Biases,CNN
pb_cnn_20,neuralsat,A_synthetic,1,0.29866288553783643,0.1637362093681009,0.24596648269913196,synthetic,sweep_all,Paired-Biases,CNN
pb_cnn_20,neuralsat,C_combined,1,0.2021121777431371,0.46477577817430105,0.19167781388371302,synthetic,sweep_all,Paired-Biases,CNN
pb_cnn_20,nnenum,A_synthetic,1,0.33672767130911263,0.7083457016735406,0.8001474536967506,synthetic,sweep_all,Paired-Biases,CNN
pb_cnn_20,nnenum,C_combined,1,0.27251846253546563,0.3939081570058456,0.5540231829636506,synthetic,sweep_all,Paired-Biases,CNN
pb_cnn_20,pyrat,A_synthetic,1,0.09746732765724123,0.12424838995755043,0.08363411692064772,synthetic,sweep_all,Paired-Biases,CNN
pb_cnn_20,pyrat,C_combined,1,0.10797941072006098,0.2598825738858527,0.1721078708258792,synthetic,sweep_all,Paired-Biases,CNN
pb_cnn_21,abcrown,A_synthetic,0,0.23530606999089865,0.202175435531127,0.14935986961731068,synthetic,sweep_all,Paired-Biases,CNN
pb_cnn_21,abcrown,C_combined,0,0.2300624275133314,0.38118069010407796,0.22575877276982842,synthetic,sweep_all,Paired-Biases,CNN
pb_cnn_21,marabou,A_synthetic,0,0.21073597066346633,0.2585100188581536,0.23303657430048635,synthetic,sweep_all,Paired-Biases,CNN
pb_cnn_21,marabou,C_combined,0,0.2304337239203055,0.31537235114760315,0.2153682822385176,synthetic,sweep_all,Paired-Biases,CNN
pb_cnn_21,neuralsat,A_synthetic,0,0.37786368998910724,0.10816032948004592,0.2718566924284951,synthetic,sweep_all,Paired-Biases,CNN
pb_cnn_21,neuralsat,C_combined,0,0.2476097952189023,0.4082891652890515,0.20718601531114947,synthetic,sweep_all,Paired-Biases,CNN
pb_cnn_21,nnenum,A_synthetic,1,0.38351991419861686,0.2861634208199626,0.41012300915068334,synthetic,sweep_all,Paired-Biases,CNN
pb_cnn_21,nnenum,C_combined,1,0.2643166669367642,0.28010083954433634,0.3222672845008575,synthetic,sweep_all,Paired-Biases,CNN
pb_cnn_21,pyrat,A_synthetic,0,0.18268154407339174,0.09099972249952157,0.14760673686731504,synthetic,sweep_all,Paired-Biases,CNN
pb_cnn_21,pyrat,C_combined,0,0.1134569639158665,0.2490865780113511,0.14861644225667944,synthetic,sweep_all,Paired-Biases,CNN
pb_cnn_22,abcrown,A_synthetic,0,0.23158043137576917,0.28534815512238787,0.1368675889135002,synthetic,sweep_all,Paired-Biases,CNN
pb_cnn_22,abcrown,C_combined,0,0.19290389952671982,0.33239468261549876,0.16728071167845743,synthetic,sweep_all,Paired-Biases,CNN
pb_cnn_22,marabou,A_synthetic,0,0.24241102370287798,0.2724121795153649,0.21792858360752562,synthetic,sweep_all,Paired-Biases,CNN
pb_cnn_22,marabou,C_combined,0,0.23532499877351937,0.28222317379674833,0.2269417517263006,synthetic,sweep_all,Paired-Biases,CNN
pb_cnn_22,neuralsat,A_synthetic,0,0.34412039552028373,0.14897871972657123,0.25006761434016644,synthetic,sweep_all,Paired-Biases,CNN
pb_cnn_22,neuralsat,C_combined,0,0.22176163420586364,0.43784254344446094,0.21964792895098614,synthetic,sweep_all,Paired-Biases,CNN
pb_cnn_22,nnenum,A_synthetic,1,0.43130229729829594,0.3692025428856156,0.3318015334583526,synthetic,sweep_all,Paired-Biases,CNN
pb_cnn_22,nnenum,C_combined,1,0.25278958496050274,0.2959187708197438,0.2914677989949566,synthetic,sweep_all,Paired-Biases,CNN
pb_cnn_22,pyrat,A_synthetic,0,0.22991373508079063,0.11484145593375288,0.16164406677679766,synthetic,sweep_all,Paired-Biases,CNN
pb_cnn_22,pyrat,C_combined,0,0.15338629098559747,0.27584819101687064,0.13930577740130864,synthetic,sweep_all,Paired-Biases,CNN
pb_cnn_23,abcrown,A_synthetic,0,0.2938617082434427,0.24530812626046555,0.10381813190903952,synthetic,sweep_all,Paired-Biases,CNN
pb_cnn_23,abcrown,C_combined,0,0.2120653094192233,0.3347736351935233,0.19930168395916553,synthetic,sweep_all,Paired-Biases,CNN
pb_cnn_23,marabou,A_synthetic,0,0.16594874737538096,0.2609038204142008,0.16791535529682078,synthetic,sweep_all,Paired-Biases,CNN
pb_cnn_23,marabou,C_combined,0,0.19370423676802467,0.26952692203004686,0.2021671568007782,synthetic,sweep_all,Paired-Biases,CNN
pb_cnn_23,neuralsat,A_synthetic,0,0.2685447892507431,0.1284907616763362,0.19793999046576677,synthetic,sweep_all,Paired-Biases,CNN
pb_cnn_23,neuralsat,C_combined,0,0.21805230254187236,0.4056843727357423,0.2298769837010314,synthetic,sweep_all,Paired-Biases,CNN
pb_cnn_23,nnenum,A_synthetic,0,0.38090131296985097,0.3694973250815159,0.36969883760430255,synthetic,sweep_all,Paired-Biases,CNN
pb_cnn_23,nnenum,C_combined,0,0.24672240258348627,0.28560273775935036,0.3208663763736788,synthetic,sweep_all,Paired-Biases,CNN
pb_cnn_23,pyrat,A_synthetic,0,0.1919883306069838,0.1579261119297183,0.14361321846343927,synthetic,sweep_all,Paired-Biases,CNN
pb_cnn_23,pyrat,C_combined,0,0.1455625090008581,0.259759903718529,0.1236223974813824,synthetic,sweep_all,Paired-Biases,CNN
pb_cnn_24,abcrown,A_synthetic,0,0.24370559225200256,0.22946650982425468,0.10602395461440799,synthetic,sweep_all,Paired-Biases,CNN
pb_cnn_24,abcrown,C_combined,0,0.1765656628104893,0.26229729004814073,0.159089167397392,synthetic,sweep_all,Paired-Biases,CNN
pb_cnn_24,marabou,A_synthetic,0,0.1630643338063607,0.2115864456716853,0.15294469878251998,synthetic,sweep_all,Paired-Biases,CNN
pb_cnn_24,marabou,C_combined,0,0.21803064465881627,0.2880838361410025,0.17993349986405,synthetic,sweep_all,Paired-Biases,CNN
pb_cnn_24,neuralsat,A_synthetic,0,0.3102730663161043,0.1658172317701156,0.171028634143233,synthetic,sweep_all,Paired-Biases,CNN
pb_cnn_24,neuralsat,C_combined,0,0.2247869561394067,0.4663556529711165,0.21055142847674607,synthetic,sweep_all,Paired-Biases,CNN
pb_cnn_24,nnenum,A_synthetic,0,0.34062145076822214,0.32279282125922487,0.27087158882422346,synthetic,sweep_all,Paired-Biases,CNN
pb_cnn_24,nnenum,C_combined,0,0.26169177399916177,0.2689493411421854,0.2681146065172556,synthetic,sweep_all,Paired-Biases,CNN
pb_cnn_24,pyrat,A_synthetic,0,0.13823812219248233,0.1377502101859977,0.08878104504253401,synthetic,sweep_all,Paired-Biases,CNN
pb_cnn_24,pyrat,C_combined,0,0.14402465146974117,0.27543115406844854,0.11169163385421237,synthetic,sweep_all,Paired-Biases,CNN
pb_cnn_25,abcrown,A_synthetic,0,0.28461210748313076,0.23040635484926644,0.09787316296377777,synthetic,sweep_all,Paired-Biases,CNN
pb_cnn_25,abcrown,C_combined,0,0.17238290266616108,0.2702211545950057,0.14124913992841787,synthetic,sweep_all,Paired-Biases,CNN
pb_cnn_25,marabou,A_synthetic,0,0.16629865853994913,0.1638678698148847,0.1215577291990236,synthetic,sweep_all,Paired-Biases,CNN
pb_cnn_25,marabou,C_combined,0,0.23121056558173447,0.28476152703000945,0.14269140745209646,synthetic,sweep_all,Paired-Biases,CNN
pb_cnn_25,neuralsat,A_synthetic,0,0.285142657980788,0.10664626277474136,0.18621253927659015,synthetic,sweep_all,Paired-Biases,CNN
pb_cnn_25,neuralsat,C_combined,0,0.20741205855930497,0.375042803847912,0.17767807568297944,synthetic,sweep_all,Paired-Biases,CNN
pb_cnn_25,nnenum,A_synthetic,0,0.3534160313350393,0.21737084026509126,0.20210345417204775,synthetic,sweep_all,Paired-Biases,CNN
pb_cnn_25,nnenum,C_combined,0,0.2587783947576338,0.24268427167653256,0.2163896218291855,synthetic,sweep_all,Paired-Biases,CNN
pb_cnn_25,pyrat,A_synthetic,0,0.1540068349493093,0.06945835750986273,0.13136561523268697,synthetic,sweep_all,Paired-Biases,CNN
pb_cnn_25,pyrat,C_combined,0,0.1445068889835071,0.25169156488184347,0.10954421803642504,synthetic,sweep_all,Paired-Biases,CNN
pb_cnn_26,abcrown,A_synthetic,0,0.22479127817356687,0.21774493197331402,0.12102996949734723,synthetic,sweep_all,Paired-Biases,CNN
pb_cnn_26,abcrown,C_combined,0,0.22396633430978632,0.3222169337269182,0.19176890989849932,synthetic,sweep_all,Paired-Biases,CNN
pb_cnn_26,marabou,A_synthetic,0,0.19415392682199348,0.24127093258376525,0.22938392866141405,synthetic,sweep_all,Paired-Biases,CNN
pb_cnn_26,marabou,C_combined,0,0.24038008474128886,0.3265960931353712,0.21124990920450704,synthetic,sweep_all,Paired-Biases,CNN
pb_cnn_26,neuralsat,A_synthetic,0,0.3630259176321197,0.1236858287473532,0.2903828077332261,synthetic,sweep_all,Paired-Biases,CNN
pb_cnn_26,neuralsat,C_combined,0,0.24188523802515033,0.39692738905818903,0.1703342715422478,synthetic,sweep_all,Paired-Biases,CNN
pb_cnn_26,nnenum,A_synthetic,0,0.3148906574466116,0.3434014294976354,0.3714245946837957,synthetic,sweep_all,Paired-Biases,CNN
pb_cnn_26,nnenum,C_combined,0,0.28372736261402964,0.2802795608706595,0.271088199144953,synthetic,sweep_all,Paired-Biases,CNN
pb_cnn_26,pyrat,A_synthetic,0,0.17063001244661113,0.13091579414228932,0.12058471777924833,synthetic,sweep_all,Paired-Biases,CNN
pb_cnn_26,pyrat,C_combined,0,0.12874328520263476,0.28324306969994517,0.14464078327216495,synthetic,sweep_all,Paired-Biases,CNN
pb_cnn_27,abcrown,A_synthetic,0,0.24214075018316863,0.22083880888776936,0.1505940645106129,synthetic,sweep_all,Paired-Biases,CNN
pb_cnn_27,abcrown,C_combined,0,0.1777765764469121,0.3494784728424137,0.18722538877074654,synthetic,sweep_all,Paired-Biases,CNN
pb_cnn_27,marabou,A_synthetic,0,0.20927351126880037,0.21303479246408585,0.19210269435816824,synthetic,sweep_all,Paired-Biases,CNN
pb_cnn_27,marabou,C_combined,0,0.20444010720296846,0.2773692003195442,0.2341578678806115,synthetic,sweep_all,Paired-Biases,CNN
pb_cnn_27,neuralsat,A_synthetic,0,0.4123563680865079,0.12907878930567637,0.2868871811093897,synthetic,sweep_all,Paired-Biases,CNN
pb_cnn_27,neuralsat,C_combined,0,0.2472618209854449,0.4405671135756612,0.2012229575118208,synthetic,sweep_all,Paired-Biases,CNN
pb_cnn_27,nnenum,A_synthetic,0,0.41440693586171307,0.39467220493516963,0.3381752396758236,synthetic,sweep_all,Paired-Biases,CNN
pb_cnn_27,nnenum,C_combined,0,0.261105639783403,0.2823397109543567,0.2645289443979922,synthetic,sweep_all,Paired-Biases,CNN
pb_cnn_27,pyrat,A_synthetic,0,0.23840916585573546,0.11033568700298135,0.1686768237987199,synthetic,sweep_all,Paired-Biases,CNN
pb_cnn_27,pyrat,C_combined,0,0.1497954912506475,0.2637790181106622,0.1436600342252595,synthetic,sweep_all,Paired-Biases,CNN
pb_cnn_28,abcrown,A_synthetic,0,0.3032759782482394,0.28687127530863876,0.12702951787786798,synthetic,sweep_all,Paired-Biases,CNN
pb_cnn_28,abcrown,C_combined,0,0.18789341889201355,0.3460478145277203,0.22896609756406158,synthetic,sweep_all,Paired-Biases,CNN
pb_cnn_28,marabou,A_synthetic,0,0.1692245237573144,0.22730340315708952,0.16130859547671578,synthetic,sweep_all,Paired-Biases,CNN
pb_cnn_28,marabou,C_combined,0,0.20879831759863868,0.28045109790417533,0.1657203490703975,synthetic,sweep_all,Paired-Biases,CNN
pb_cnn_28,neuralsat,A_synthetic,0,0.3029804882910118,0.1420737541458251,0.1992908868866382,synthetic,sweep_all,Paired-Biases,CNN
pb_cnn_28,neuralsat,C_combined,0,0.22508857659568368,0.4253051760353593,0.1908910343063115,synthetic,sweep_all,Paired-Biases,CNN
pb_cnn_28,nnenum,A_synthetic,0,0.36580690168660607,0.3869748868843167,0.29948496552417003,synthetic,sweep_all,Paired-Biases,CNN
pb_cnn_28,nnenum,C_combined,0,0.2549903826331074,0.29722089280740904,0.2451526631018111,synthetic,sweep_all,Paired-Biases,CNN
pb_cnn_28,pyrat,A_synthetic,0,0.20338696689039834,0.17420382815190938,0.13093219159058428,synthetic,sweep_all,Paired-Biases,CNN
pb_cnn_28,pyrat,C_combined,0,0.14204738646956716,0.2747427228086609,0.12485966661563905,synthetic,sweep_all,Paired-Biases,CNN
pb_cnn_29,abcrown,A_synthetic,0,0.2547388802668043,0.26009969608958455,0.09846627207260186,synthetic,sweep_all,Paired-Biases,CNN
pb_cnn_29,abcrown,C_combined,0,0.21616220736217553,0.29668711510940443,0.20961271461924863,synthetic,sweep_all,Paired-Biases,CNN
pb_cnn_29,marabou,A_synthetic,0,0.16626342464969857,0.18961580152139804,0.15047953396549887,synthetic,sweep_all,Paired-Biases,CNN
pb_cnn_29,marabou,C_combined,0,0.21743042110683075,0.26472327097809834,0.14335552157321177,synthetic,sweep_all,Paired-Biases,CNN
pb_cnn_29,neuralsat,A_synthetic,0,0.24288098141849995,0.14336205414985662,0.16044413120372522,synthetic,sweep_all,Paired-Biases,CNN
pb_cnn_29,neuralsat,C_combined,0,0.1824552543542589,0.4309353148788365,0.16778382620472393,synthetic,sweep_all,Paired-Biases,CNN
pb_cnn_29,nnenum,A_synthetic,0,0.3618238910607793,0.3033912326457078,0.25542074942624343,synthetic,sweep_all,Paired-Biases,CNN
pb_cnn_29,nnenum,C_combined,0,0.26264781433904144,0.2587113800021461,0.2538124432510721,synthetic,sweep_all,Paired-Biases,CNN
pb_cnn_29,pyrat,A_synthetic,0,0.1579682097742959,0.11307517792086408,0.09657531380486353,synthetic,sweep_all,Paired-Biases,CNN
pb_cnn_29,pyrat,C_combined,0,0.1635716281408715,0.30938691557749953,0.09648904217546161,synthetic,sweep_all,Paired-Biases,CNN
pb_cnn_3,abcrown,A_synthetic,0,0.2702527505761628,0.26228763553012613,0.13109179095613718,synthetic,sweep_all,Paired-Biases,CNN
pb_cnn_3,abcrown,C_combined,0,0.15912801460120876,0.30532474595672776,0.1344783391101764,synthetic,sweep_all,Paired-Biases,CNN
pb_cnn_3,marabou,A_synthetic,0,0.15556580775898826,0.25475419283639733,0.16209148819488306,synthetic,sweep_all,Paired-Biases,CNN
pb_cnn_3,marabou,C_combined,0,0.23819346320471105,0.2778423256853696,0.19453684365262106,synthetic,sweep_all,Paired-Biases,CNN
pb_cnn_3,neuralsat,A_synthetic,0,0.3141549346917202,0.1505716950279632,0.23101120529247948,synthetic,sweep_all,Paired-Biases,CNN
pb_cnn_3,neuralsat,C_combined,0,0.2243008290373508,0.4426823846068978,0.19307778692718397,synthetic,sweep_all,Paired-Biases,CNN
pb_cnn_3,nnenum,A_synthetic,0,0.3755440750980944,0.37472995097734535,0.3789767330709609,synthetic,sweep_all,Paired-Biases,CNN
pb_cnn_3,nnenum,C_combined,0,0.2632613716609363,0.2802789916891308,0.30648796632644354,synthetic,sweep_all,Paired-Biases,CNN
pb_cnn_3,pyrat,A_synthetic,0,0.13866155119030024,0.11812755766114658,0.12765489899045418,synthetic,sweep_all,Paired-Biases,CNN
pb_cnn_3,pyrat,C_combined,0,0.11682679980099382,0.2511790476795656,0.12347580751258647,synthetic,sweep_all,Paired-Biases,CNN
pb_cnn_30,abcrown,A_synthetic,0,0.22289774211205482,0.20046404053280065,0.11016687922565054,synthetic,sweep_all,Paired-Biases,CNN
pb_cnn_30,abcrown,C_combined,0,0.17994386121021938,0.27995607387491134,0.1560221080557561,synthetic,sweep_all,Paired-Biases,CNN
pb_cnn_30,marabou,A_synthetic,0,0.19631865826573622,0.1740954672738641,0.11205386279695231,synthetic,sweep_all,Paired-Biases,CNN
pb_cnn_30,marabou,C_combined,0,0.21770296798176858,0.2720799217194818,0.1650404657911156,synthetic,sweep_all,Paired-Biases,CNN
pb_cnn_30,neuralsat,A_synthetic,0,0.3891597142480492,0.13990596524235616,0.22195211069463056,synthetic,sweep_all,Paired-Biases,CNN
pb_cnn_30,neuralsat,C_combined,0,0.24423669937178052,0.3861248143659358,0.16062006861108394,synthetic,sweep_all,Paired-Biases,CNN
pb_cnn_30,nnenum,A_synthetic,0,0.30354994611082714,0.20023251790464128,0.14195267737804693,synthetic,sweep_all,Paired-Biases,CNN
pb_cnn_30,nnenum,C_combined,0,0.26055459314691504,0.2449300154476227,0.19459099606257063,synthetic,sweep_all,Paired-Biases,CNN
pb_cnn_30,pyrat,A_synthetic,0,0.17193620451638922,0.12374007286743924,0.13055470649873147,synthetic,sweep_all,Paired-Biases,CNN
pb_cnn_30,pyrat,C_combined,0,0.12908958500620926,0.26814947836448066,0.1350383224994502,synthetic,sweep_all,Paired-Biases,CNN
pb_cnn_31,abcrown,A_synthetic,0,0.6838743933772412,0.21975174084761773,0.28920602740018986,synthetic,sweep_all,Paired-Biases,CNN
pb_cnn_31,abcrown,C_combined,0,0.21552697680675653,0.3311243785488149,0.18683256566861467,synthetic,sweep_all,Paired-Biases,CNN
pb_cnn_31,marabou,A_synthetic,0,0.5984837796576984,0.10483497336303668,0.28818581847716535,synthetic,sweep_all,Paired-Biases,CNN
pb_cnn_31,marabou,C_combined,0,0.3497766055678708,0.2697479004321154,0.33028934064166116,synthetic,sweep_all,Paired-Biases,CNN
pb_cnn_31,neuralsat,A_synthetic,0,0.7752877795379978,0.08316297888692084,0.540240848430904,synthetic,sweep_all,Paired-Biases,CNN
pb_cnn_31,neuralsat,C_combined,0,0.15649680498019328,0.3698347451918532,0.11965014282865738,synthetic,sweep_all,Paired-Biases,CNN
pb_cnn_31,nnenum,A_synthetic,0,0.707439739429271,0.22183065464916857,0.3716170283580166,synthetic,sweep_all,Paired-Biases,CNN
pb_cnn_31,nnenum,C_combined,0,0.4524409147843483,0.23242788986369717,0.3951701464635685,synthetic,sweep_all,Paired-Biases,CNN
pb_cnn_31,pyrat,A_synthetic,0,0.7225975906890035,0.08570597746851598,0.4427402063668591,synthetic,sweep_all,Paired-Biases,CNN
pb_cnn_31,pyrat,C_combined,0,0.28788131296113384,0.26278469057328013,0.24673310738428644,synthetic,sweep_all,Paired-Biases,CNN
pb_cnn_32,abcrown,A_synthetic,0,0.27607604823374154,0.21353851402273225,0.12493657448923015,synthetic,sweep_all,Paired-Biases,CNN
pb_cnn_32,abcrown,C_combined,0,0.20079834762934407,0.32172027855832697,0.18929808614369398,synthetic,sweep_all,Paired-Biases,CNN
pb_cnn_32,marabou,A_synthetic,0,0.15226459027179745,0.2379967381631068,0.17772278186034718,synthetic,sweep_all,Paired-Biases,CNN
pb_cnn_32,marabou,C_combined,0,0.21067918718377682,0.31444461456803297,0.1872217080960687,synthetic,sweep_all,Paired-Biases,CNN
pb_cnn_32,neuralsat,A_synthetic,0,0.3322946479330385,0.13866241338701402,0.23712941388549713,synthetic,sweep_all,Paired-Biases,CNN
pb_cnn_32,neuralsat,C_combined,0,0.2243178268558068,0.4318742799656802,0.24232698633164831,synthetic,sweep_all,Paired-Biases,CNN
pb_cnn_32,nnenum,A_synthetic,0,0.381955303922793,0.43598519757513604,0.3592613468478267,synthetic,sweep_all,Paired-Biases,CNN
pb_cnn_32,nnenum,C_combined,0,0.257358033947919,0.2934571061658139,0.3396282404377019,synthetic,sweep_all,Paired-Biases,CNN
pb_cnn_32,pyrat,A_synthetic,0,0.16377460906464064,0.1348277979435076,0.1296839943843347,synthetic,sweep_all,Paired-Biases,CNN
pb_cnn_32,pyrat,C_combined,0,0.14798092661970344,0.258794036942163,0.139477606303175,synthetic,sweep_all,Paired-Biases,CNN
pb_cnn_33,abcrown,A_synthetic,0,0.05600299507857396,0.2969437735342991,0.058410736448655784,synthetic,sweep_all,Paired-Biases,CNN
pb_cnn_33,abcrown,C_combined,0,0.14900802137958596,0.3107119215651009,0.16055026851279774,synthetic,sweep_all,Paired-Biases,CNN
pb_cnn_33,marabou,A_synthetic,0,0.03521985716909068,0.3385719924227472,0.10202885366624755,synthetic,sweep_all,Paired-Biases,CNN
pb_cnn_33,marabou,C_combined,0,0.13795820899168107,0.3128660263126699,0.12188102869297537,synthetic,sweep_all,Paired-Biases,CNN
pb_cnn_33,neuralsat,A_synthetic,0,0.11193128830246213,0.14716982861419312,0.05925816639477373,synthetic,sweep_all,Paired-Biases,CNN
pb_cnn_33,neuralsat,C_combined,1,0.262845568685669,0.4519696000512391,0.303553154096324,synthetic,sweep_all,Paired-Biases,CNN
pb_cnn_33,nnenum,A_synthetic,1,0.09106685471304596,0.34958644964802355,0.2104530934754541,synthetic,sweep_all,Paired-Biases,CNN
pb_cnn_33,nnenum,C_combined,1,0.13668636085357866,0.3126136404987147,0.19529103964319397,synthetic,sweep_all,Paired-Biases,CNN
pb_cnn_33,pyrat,A_synthetic,0,0.0332250234882945,0.12410311355430499,0.031184730855358205,synthetic,sweep_all,Paired-Biases,CNN
pb_cnn_33,pyrat,C_combined,0,0.10138145148739781,0.2747342668157372,0.07972117959415978,synthetic,sweep_all,Paired-Biases,CNN
pb_cnn_34,abcrown,A_synthetic,0,0.0177551034476448,0.31421029189149224,0.0534641391014465,synthetic,sweep_all,Paired-Biases,CNN
pb_cnn_34,abcrown,C_combined,0,0.11876104845206455,0.3908391110120689,0.1528152687698729,synthetic,sweep_all,Paired-Biases,CNN
pb_cnn_34,marabou,A_synthetic,0,0.023799178740056857,0.5280011317592153,0.22206207000586997,synthetic,sweep_all,Paired-Biases,CNN
pb_cnn_34,marabou,C_combined,0,0.15869180622822518,0.3733001584038266,0.16514316891639408,synthetic,sweep_all,Paired-Biases,CNN
pb_cnn_34,neuralsat,A_synthetic,0,0.04033198115205954,0.19882301133282593,0.055596237788926195,synthetic,sweep_all,Paired-Biases,CNN
pb_cnn_34,neuralsat,C_combined,0,0.29853543521731807,0.456061203745634,0.37950781591045607,synthetic,sweep_all,Paired-Biases,CNN
pb_cnn_34,nnenum,A_synthetic,0,0.10035953884703155,0.7362507659562586,0.6802659184625699,synthetic,sweep_all,Paired-Biases,CNN
pb_cnn_34,nnenum,C_combined,0,0.14981025899903422,0.40476358840632526,0.35011733923146626,synthetic,sweep_all,Paired-Biases,CNN
pb_cnn_34,pyrat,A_synthetic,0,0.008942061850039412,0.158091327176055,0.019688779892012766,synthetic,sweep_all,Paired-Biases,CNN
pb_cnn_34,pyrat,C_combined,0,0.08721198652538537,0.2908098805508498,0.07895859369197793,synthetic,sweep_all,Paired-Biases,CNN
pb_cnn_35,abcrown,A_synthetic,0,0.6775254171603656,0.17258640456739796,0.2424014719077173,synthetic,sweep_all,Paired-Biases,CNN
pb_cnn_35,abcrown,C_combined,0,0.28549439522412434,0.23097897137122167,0.21472334991458952,synthetic,sweep_all,Paired-Biases,CNN
pb_cnn_35,marabou,A_synthetic,0,0.623341165763857,0.10748350217162184,0.3400687214545561,synthetic,sweep_all,Paired-Biases,CNN
pb_cnn_35,marabou,C_combined,0,0.3385618453660112,0.24599800930095891,0.2801045954504605,synthetic,sweep_all,Paired-Biases,CNN
pb_cnn_35,neuralsat,A_synthetic,0,0.7082316419477144,0.08383015474510633,0.5486027885869083,synthetic,sweep_all,Paired-Biases,CNN
pb_cnn_35,neuralsat,C_combined,0,0.19233030044832417,0.3700160383800208,0.08118477597588362,synthetic,sweep_all,Paired-Biases,CNN
pb_cnn_35,nnenum,A_synthetic,0,0.6395175307245268,0.1578669683505477,0.22756275261197717,synthetic,sweep_all,Paired-Biases,CNN
pb_cnn_35,nnenum,C_combined,0,0.35119282493134263,0.20627267856155554,0.32595943858695264,synthetic,sweep_all,Paired-Biases,CNN
pb_cnn_35,pyrat,A_synthetic,0,0.6827263374235208,0.11368402341447756,0.4078275582035923,synthetic,sweep_all,Paired-Biases,CNN
pb_cnn_35,pyrat,C_combined,0,0.30412606832072625,0.2760748066990132,0.24257370594392827,synthetic,sweep_all,Paired-Biases,CNN
pb_cnn_36,abcrown,A_synthetic,0,0.2732305538954144,0.3086840803150468,0.14350506152842307,synthetic,sweep_all,Paired-Biases,CNN
pb_cnn_36,abcrown,C_combined,0,0.18576574399122892,0.3256360607119965,0.13314876270769344,synthetic,sweep_all,Paired-Biases,CNN
pb_cnn_36,marabou,A_synthetic,0,0.2512177099698699,0.21808896618078716,0.18552757284421736,synthetic,sweep_all,Paired-Biases,CNN
pb_cnn_36,marabou,C_combined,0,0.22161934334288724,0.30705167261468913,0.20468806917357124,synthetic,sweep_all,Paired-Biases,CNN
pb_cnn_36,neuralsat,A_synthetic,0,0.3731116673463411,0.1274403308273055,0.2619151105690372,synthetic,sweep_all,Paired-Biases,CNN
pb_cnn_36,neuralsat,C_combined,0,0.21919132371680572,0.3847601644489266,0.16266437796557948,synthetic,sweep_all,Paired-Biases,CNN
pb_cnn_36,nnenum,A_synthetic,0,0.41479116140044797,0.3965454074402408,0.2986549723560022,synthetic,sweep_all,Paired-Biases,CNN
pb_cnn_36,nnenum,C_combined,0,0.2587783584363814,0.27001621778102053,0.2473237538668009,synthetic,sweep_all,Paired-Biases,CNN
pb_cnn_36,pyrat,A_synthetic,0,0.2163481693677695,0.10756268235119223,0.1720664243334199,synthetic,sweep_all,Paired-Biases,CNN
pb_cnn_36,pyrat,C_combined,0,0.11727547270937937,0.28023851841832703,0.13813026628727007,synthetic,sweep_all,Paired-Biases,CNN
pb_cnn_37,abcrown,A_synthetic,0,0.047274477803140126,0.28958686749831597,0.04886256922992689,synthetic,sweep_all,Paired-Biases,CNN
pb_cnn_37,abcrown,C_combined,0,0.1297330421675858,0.34871621215043763,0.17210743127816266,synthetic,sweep_all,Paired-Biases,CNN
pb_cnn_37,marabou,A_synthetic,0,0.04068458028721102,0.2921380302863891,0.11504420386397698,synthetic,sweep_all,Paired-Biases,CNN
pb_cnn_37,marabou,C_combined,0,0.12493059148893101,0.325733839881845,0.12286506536665734,synthetic,sweep_all,Paired-Biases,CNN
pb_cnn_37,neuralsat,A_synthetic,0,0.12235938030095764,0.19515846355487415,0.06706162076112313,synthetic,sweep_all,Paired-Biases,CNN
pb_cnn_37,neuralsat,C_combined,0,0.23192377987857413,0.43922911129739395,0.25470131798675594,synthetic,sweep_all,Paired-Biases,CNN
pb_cnn_37,nnenum,A_synthetic,0,0.14640656247981285,0.4908568865900572,0.30111756927933603,synthetic,sweep_all,Paired-Biases,CNN
pb_cnn_37,nnenum,C_combined,0,0.18820481910782721,0.3255632607485228,0.22810327579518064,synthetic,sweep_all,Paired-Biases,CNN
pb_cnn_37,pyrat,A_synthetic,0,0.03142358779484616,0.18982423075934657,0.04130937634493848,synthetic,sweep_all,Paired-Biases,CNN
pb_cnn_37,pyrat,C_combined,0,0.09649958687750548,0.3225621266723022,0.0800990964344684,synthetic,sweep_all,Paired-Biases,CNN
pb_cnn_38,abcrown,A_synthetic,0,0.014093360610607963,0.2865557189688877,0.04868161977526055,synthetic,sweep_all,Paired-Biases,CNN
pb_cnn_38,abcrown,C_combined,0,0.12350434467461305,0.3682328703319507,0.1598937873736364,synthetic,sweep_all,Paired-Biases,CNN
pb_cnn_38,marabou,A_synthetic,0,0.014592942189268482,0.4145781288481851,0.15125676584247713,synthetic,sweep_all,Paired-Biases,CNN
pb_cnn_38,marabou,C_combined,0,0.1149242710340723,0.37483709346528343,0.14960973437671335,synthetic,sweep_all,Paired-Biases,CNN
pb_cnn_38,neuralsat,A_synthetic,0,0.028478058889720076,0.166562440455083,0.05207141632291899,synthetic,sweep_all,Paired-Biases,CNN
pb_cnn_38,neuralsat,C_combined,0,0.3077190755323301,0.463339218701796,0.3257586252073644,synthetic,sweep_all,Paired-Biases,CNN
pb_cnn_38,nnenum,A_synthetic,0,0.05283452469649793,0.5982884107247862,0.42452200352636,synthetic,sweep_all,Paired-Biases,CNN
pb_cnn_38,nnenum,C_combined,0,0.11723197675889567,0.3639350863276063,0.22164550283843454,synthetic,sweep_all,Paired-Biases,CNN
pb_cnn_38,pyrat,A_synthetic,0,0.004403852455503389,0.1418222567950994,0.008818630986590135,synthetic,sweep_all,Paired-Biases,CNN
pb_cnn_38,pyrat,C_combined,0,0.0756821368958843,0.28598804478277706,0.05886725700455784,synthetic,sweep_all,Paired-Biases,CNN
pb_cnn_39,abcrown,A_synthetic,0,0.24546701736487547,0.238795142686515,0.11702516575830055,synthetic,sweep_all,Paired-Biases,CNN
pb_cnn_39,abcrown,C_combined,0,0.19338620580804583,0.36670624130951895,0.20800078642902511,synthetic,sweep_all,Paired-Biases,CNN
pb_cnn_39,marabou,A_synthetic,0,0.16415283779249837,0.2634006991686824,0.18673870525416986,synthetic,sweep_all,Paired-Biases,CNN
pb_cnn_39,marabou,C_combined,0,0.24592620091907014,0.3033376590278134,0.19839534796955866,synthetic,sweep_all,Paired-Biases,CNN
pb_cnn_39,neuralsat,A_synthetic,0,0.3217307281546165,0.10837184534972386,0.19613967617160968,synthetic,sweep_all,Paired-Biases,CNN
pb_cnn_39,neuralsat,C_combined,0,0.23281854507424535,0.4346988613699401,0.19469522217745622,synthetic,sweep_all,Paired-Biases,CNN
pb_cnn_39,nnenum,A_synthetic,0,0.33927541781848636,0.36526382769121485,0.3706878992138026,synthetic,sweep_all,Paired-Biases,CNN
pb_cnn_39,nnenum,C_combined,0,0.26530706785309527,0.3035320344241505,0.3025264686768547,synthetic,sweep_all,Paired-Biases,CNN
pb_cnn_39,pyrat,A_synthetic,0,0.19107518322592762,0.11316987163858772,0.1081583691622114,synthetic,sweep_all,Paired-Biases,CNN
pb_cnn_39,pyrat,C_combined,0,0.14880408296514558,0.2837147219702182,0.13825285020479552,synthetic,sweep_all,Paired-Biases,CNN
pb_cnn_4,abcrown,A_synthetic,1,0.33831814484886313,0.20772389719406884,0.182364528149256,synthetic,sweep_all,Paired-Biases,CNN
pb_cnn_4,abcrown,C_combined,1,0.2460429708127813,0.2665681889660088,0.1941997644460837,synthetic,sweep_all,Paired-Biases,CNN
pb_cnn_4,marabou,A_synthetic,1,0.3697270084708758,0.29998726291641015,0.47447629957543763,synthetic,sweep_all,Paired-Biases,CNN
pb_cnn_4,marabou,C_combined,1,0.31740355136782955,0.3046451583478588,0.402127641824932,synthetic,sweep_all,Paired-Biases,CNN
pb_cnn_4,neuralsat,A_synthetic,1,0.4771162131079875,0.12970989898445134,0.4155165879712575,synthetic,sweep_all,Paired-Biases,CNN
pb_cnn_4,neuralsat,C_combined,1,0.3000337543379009,0.4409495783048113,0.3935763403921752,synthetic,sweep_all,Paired-Biases,CNN
pb_cnn_4,nnenum,A_synthetic,1,0.44235529232753806,0.35428168967822676,0.5330835624581601,synthetic,sweep_all,Paired-Biases,CNN
pb_cnn_4,nnenum,C_combined,1,0.3118393054370783,0.29972458196919727,0.5275453246510238,synthetic,sweep_all,Paired-Biases,CNN
pb_cnn_4,pyrat,A_synthetic,1,0.34468414777560363,0.09035182320364155,0.29158988200167646,synthetic,sweep_all,Paired-Biases,CNN
pb_cnn_4,pyrat,C_combined,1,0.22111247781502036,0.25284169647188126,0.22165606633118323,synthetic,sweep_all,Paired-Biases,CNN
pb_cnn_40,abcrown,A_synthetic,1,0.8099362961549572,0.360675168266712,0.5885554584164953,synthetic,sweep_all,Paired-Biases,CNN
pb_cnn_40,abcrown,C_combined,1,0.49225057774260506,0.34466183107998577,0.419853295097695,synthetic,sweep_all,Paired-Biases,CNN
pb_cnn_40,marabou,A_synthetic,1,0.8418309145467171,0.5497975543958884,0.9322907997066159,synthetic,sweep_all,Paired-Biases,CNN
pb_cnn_40,marabou,C_combined,1,0.46378929299935373,0.3519200070927758,0.5879107467763799,synthetic,sweep_all,Paired-Biases,CNN
pb_cnn_40,neuralsat,A_synthetic,1,0.8756374275413066,0.28454540974807774,0.8106519225924845,synthetic,sweep_all,Paired-Biases,CNN
pb_cnn_40,neuralsat,C_combined,1,0.5126918470405063,0.49812332115693214,0.6788483374436247,synthetic,sweep_all,Paired-Biases,CNN
pb_cnn_40,nnenum,A_synthetic,1,0.8619775711563962,0.8674075119771805,0.9358588266840204,synthetic,sweep_all,Paired-Biases,CNN
pb_cnn_40,nnenum,C_combined,1,0.5297974727923314,0.5396222884815238,0.7731047295318433,synthetic,sweep_all,Paired-Biases,CNN
pb_cnn_40,pyrat,A_synthetic,1,0.8287805637286045,0.2051577120329537,0.7693223329022548,synthetic,sweep_all,Paired-Biases,CNN
pb_cnn_40,pyrat,C_combined,1,0.5016419245321442,0.31039608026638127,0.6772169327873282,synthetic,sweep_all,Paired-Biases,CNN
pb_cnn_41,abcrown,A_synthetic,1,0.9730987317896818,0.4163608727556469,0.9329295299048177,synthetic,sweep_all,Paired-Biases,CNN
pb_cnn_41,abcrown,C_combined,1,0.7117376300072112,0.42506384220607785,0.6264034424267445,synthetic,sweep_all,Paired-Biases,CNN
pb_cnn_41,marabou,A_synthetic,1,0.9860192965561039,0.5418020851514521,0.9912410166256882,synthetic,sweep_all,Paired-Biases,CNN
pb_cnn_41,marabou,C_combined,1,0.539073034928744,0.3665557655881516,0.7484910875501531,synthetic,sweep_all,Paired-Biases,CNN
pb_cnn_41,neuralsat,A_synthetic,1,0.9783743556234686,0.44938620461640955,0.9827039662804806,synthetic,sweep_all,Paired-Biases,CNN
pb_cnn_41,neuralsat,C_combined,1,0.6643089260046796,0.5274175180510575,0.8487846280279413,synthetic,sweep_all,Paired-Biases,CNN
pb_cnn_41,nnenum,A_synthetic,1,0.9567928676034428,0.9597351863916899,0.9920912772704753,synthetic,sweep_all,Paired-Biases,CNN
pb_cnn_41,nnenum,C_combined,1,0.6688207034351175,0.7219731118779754,0.9057274899811827,synthetic,sweep_all,Paired-Biases,CNN
pb_cnn_41,pyrat,A_synthetic,1,0.983024471842648,0.3664165386152202,0.9511616850690775,synthetic,sweep_all,Paired-Biases,CNN
pb_cnn_41,pyrat,C_combined,1,0.6686855901606988,0.3984065873476654,0.7807863660135008,synthetic,sweep_all,Paired-Biases,CNN
pb_cnn_42,abcrown,A_synthetic,1,0.9915741202917274,0.4509386407694806,0.9680264340822197,synthetic,sweep_all,Paired-Biases,CNN
pb_cnn_42,abcrown,C_combined,1,0.7352223178001374,0.48295485088808465,0.6124230499387284,synthetic,sweep_all,Paired-Biases,CNN
pb_cnn_42,marabou,A_synthetic,1,0.9937953188632734,0.6977024321211709,0.9989607070699623,synthetic,sweep_all,Paired-Biases,CNN
pb_cnn_42,marabou,C_combined,1,0.6550146820838482,0.4336525814176988,0.7966847092556402,synthetic,sweep_all,Paired-Biases,CNN
pb_cnn_42,neuralsat,A_synthetic,1,0.9960654743396701,0.5455577145683732,0.9964801368173022,synthetic,sweep_all,Paired-Biases,CNN
pb_cnn_42,neuralsat,C_combined,1,0.7945196722139235,0.5317713811261126,0.9444463709425837,synthetic,sweep_all,Paired-Biases,CNN
pb_cnn_42,nnenum,A_synthetic,1,0.963185076489677,0.9768386959081786,0.9986388737046278,synthetic,sweep_all,Paired-Biases,CNN
pb_cnn_42,nnenum,C_combined,1,0.8456881288384828,0.7423343421163,0.9683338098627641,synthetic,sweep_all,Paired-Biases,CNN
pb_cnn_42,pyrat,A_synthetic,1,0.9980539143143581,0.4222456632747068,0.9985115631059036,synthetic,sweep_all,Paired-Biases,CNN
pb_cnn_42,pyrat,C_combined,1,0.7951982291919752,0.4377603914503549,0.8715442842760412,synthetic,sweep_all,Paired-Biases,CNN
pb_cnn_43,abcrown,A_synthetic,0,0.2398794825350566,0.2626091565695553,0.12184244703126212,synthetic,sweep_all,Paired-Biases,CNN
pb_cnn_43,abcrown,C_combined,0,0.19936812582688992,0.3283552399714994,0.21143647236125887,synthetic,sweep_all,Paired-Biases,CNN
pb_cnn_43,marabou,A_synthetic,0,0.16961542748359038,0.21594359152499445,0.18660568196248745,synthetic,sweep_all,Paired-Biases,CNN
pb_cnn_43,marabou,C_combined,0,0.19751263637099803,0.28879404424388333,0.18472765431309554,synthetic,sweep_all,Paired-Biases,CNN
pb_cnn_43,neuralsat,A_synthetic,0,0.30394895394575594,0.1084136651069461,0.22324390016049506,synthetic,sweep_all,Paired-Biases,CNN
pb_cnn_43,neuralsat,C_combined,0,0.21873980671466003,0.42685750966090863,0.17047613586691987,synthetic,sweep_all,Paired-Biases,CNN
pb_cnn_43,nnenum,A_synthetic,0,0.3434336904251655,0.32534728370179056,0.2921175717770875,synthetic,sweep_all,Paired-Biases,CNN
pb_cnn_43,nnenum,C_combined,0,0.2645165279743736,0.29713371026796614,0.25565700371098515,synthetic,sweep_all,Paired-Biases,CNN
pb_cnn_43,pyrat,A_synthetic,0,0.19940932161591304,0.1194815625415923,0.1124538908954688,synthetic,sweep_all,Paired-Biases,CNN
pb_cnn_43,pyrat,C_combined,0,0.1200347739305978,0.24355087247106338,0.145817014001453,synthetic,sweep_all,Paired-Biases,CNN
pb_cnn_44,abcrown,A_synthetic,1,0.8119047383857219,0.3058217147981077,0.6253874648351971,synthetic,sweep_all,Paired-Biases,CNN
pb_cnn_44,abcrown,C_combined,1,0.5002213544413094,0.34649184954663864,0.3724095528460377,synthetic,sweep_all,Paired-Biases,CNN
pb_cnn_44,marabou,A_synthetic,1,0.8407058419116911,0.4810614720309214,0.9025158389919484,synthetic,sweep_all,Paired-Biases,CNN
pb_cnn_44,marabou,C_combined,1,0.5034620267609993,0.3601322016863539,0.4995645483181005,synthetic,sweep_all,Paired-Biases,CNN
pb_cnn_44,neuralsat,A_synthetic,1,0.8889239369151285,0.25465895966727603,0.8464870366875372,synthetic,sweep_all,Paired-Biases,CNN
pb_cnn_44,neuralsat,C_combined,1,0.45283751198017497,0.4502064033013675,0.6113427186217594,synthetic,sweep_all,Paired-Biases,CNN
pb_cnn_44,nnenum,A_synthetic,1,0.7860074620287201,0.8112966178325308,0.9147101700645113,synthetic,sweep_all,Paired-Biases,CNN
pb_cnn_44,nnenum,C_combined,1,0.5349604620598243,0.5237652172598225,0.8148647798068896,synthetic,sweep_all,Paired-Biases,CNN
pb_cnn_44,pyrat,A_synthetic,1,0.7822643114991086,0.22350050688170736,0.7756981660530542,synthetic,sweep_all,Paired-Biases,CNN
pb_cnn_44,pyrat,C_combined,1,0.4857275719460742,0.3605150217997871,0.4984051255813358,synthetic,sweep_all,Paired-Biases,CNN
pb_cnn_45,abcrown,A_synthetic,1,0.9477528814787846,0.4381706326349912,0.8773999154597373,synthetic,sweep_all,Paired-Biases,CNN
pb_cnn_45,abcrown,C_combined,1,0.7186679617680364,0.3733936192950831,0.5731106493211425,synthetic,sweep_all,Paired-Biases,CNN
pb_cnn_45,marabou,A_synthetic,1,0.9723651891463279,0.5608511283276436,0.9870623807655102,synthetic,sweep_all,Paired-Biases,CNN
pb_cnn_45,marabou,C_combined,1,0.548565365861181,0.34166698562656495,0.6678706162370716,synthetic,sweep_all,Paired-Biases,CNN
pb_cnn_45,neuralsat,A_synthetic,1,0.9782857309729037,0.45007899172960364,0.9747754701749536,synthetic,sweep_all,Paired-Biases,CNN
pb_cnn_45,neuralsat,C_combined,1,0.704446121579121,0.5097433736295868,0.8099242817904644,synthetic,sweep_all,Paired-Biases,CNN
pb_cnn_45,nnenum,A_synthetic,1,0.9721554367153479,0.9405651236675523,0.9784373386268201,synthetic,sweep_all,Paired-Biases,CNN
pb_cnn_45,nnenum,C_combined,1,0.6994943154665402,0.702906862450086,0.8998015621674774,synthetic,sweep_all,Paired-Biases,CNN
pb_cnn_45,pyrat,A_synthetic,1,0.9585362517565936,0.3314655527775545,0.9318987853128886,synthetic,sweep_all,Paired-Biases,CNN
pb_cnn_45,pyrat,C_combined,1,0.6963956581917852,0.4085414977299653,0.7832941578120007,synthetic,sweep_all,Paired-Biases,CNN
pb_cnn_46,abcrown,A_synthetic,1,0.9888532384476264,0.4601828462401073,0.9607220636481986,synthetic,sweep_all,Paired-Biases,CNN
pb_cnn_46,abcrown,C_combined,1,0.7539289046412104,0.43929154656609565,0.526433664454096,synthetic,sweep_all,Paired-Biases,CNN
pb_cnn_46,marabou,A_synthetic,1,0.9955590981452934,0.5606744855749971,0.9974484367023155,synthetic,sweep_all,Paired-Biases,CNN
pb_cnn_46,marabou,C_combined,1,0.5828500871108696,0.37751574959850254,0.7214830452797206,synthetic,sweep_all,Paired-Biases,CNN
pb_cnn_46,neuralsat,A_synthetic,1,0.9955904403088287,0.5479609837703479,0.9979162513390433,synthetic,sweep_all,Paired-Biases,CNN
pb_cnn_46,neuralsat,C_combined,1,0.7100376210293279,0.5033060513524846,0.8785332325222706,synthetic,sweep_all,Paired-Biases,CNN
pb_cnn_46,nnenum,A_synthetic,1,0.9935192646869121,0.9803502516335906,0.9970096459557286,synthetic,sweep_all,Paired-Biases,CNN
pb_cnn_46,nnenum,C_combined,1,0.7779265665991886,0.7925325212332229,0.9455722483995522,synthetic,sweep_all,Paired-Biases,CNN
pb_cnn_46,pyrat,A_synthetic,1,0.9889516329598397,0.43276500778103105,0.9979963432634749,synthetic,sweep_all,Paired-Biases,CNN
pb_cnn_46,pyrat,C_combined,1,0.8368875169229948,0.4321765753371697,0.8747632148781868,synthetic,sweep_all,Paired-Biases,CNN
pb_cnn_5,abcrown,A_synthetic,0,0.7421032510773496,0.27020509404206494,0.39029437827291374,synthetic,sweep_all,Paired-Biases,CNN
pb_cnn_5,abcrown,C_combined,0,0.47845844108985647,0.3174221097859263,0.43898405411190966,synthetic,sweep_all,Paired-Biases,CNN
pb_cnn_5,marabou,A_synthetic,1,0.6156981428876296,0.3034255708959041,0.7626447360062133,synthetic,sweep_all,Paired-Biases,CNN
pb_cnn_5,marabou,C_combined,1,0.4401971949542237,0.31194215737107794,0.6817874322830585,synthetic,sweep_all,Paired-Biases,CNN
pb_cnn_5,neuralsat,A_synthetic,0,0.6361173855221097,0.11752346965700382,0.4579600563109428,synthetic,sweep_all,Paired-Biases,CNN
pb_cnn_5,neuralsat,C_combined,1,0.48729418835115706,0.47265655608201945,0.7279820655425666,synthetic,sweep_all,Paired-Biases,CNN
pb_cnn_5,nnenum,A_synthetic,1,0.5279394730718662,0.3748674954157648,0.7597422398119128,synthetic,sweep_all,Paired-Biases,CNN
pb_cnn_5,nnenum,C_combined,1,0.3871297717840392,0.32098257239261346,0.581054001084025,synthetic,sweep_all,Paired-Biases,CNN
pb_cnn_5,pyrat,A_synthetic,1,0.6735469358851945,0.09386073749740981,0.6167428346774966,synthetic,sweep_all,Paired-Biases,CNN
pb_cnn_5,pyrat,C_combined,1,0.35448600008519604,0.26760284054405614,0.4147553065089674,synthetic,sweep_all,Paired-Biases,CNN
pb_cnn_6,abcrown,A_synthetic,0,0.05657447575214861,0.2923138354493746,0.04005372529786036,synthetic,sweep_all,Paired-Biases,CNN
pb_cnn_6,abcrown,C_combined,0,0.08545758371269545,0.32489817664522724,0.10502613495939377,synthetic,sweep_all,Paired-Biases,CNN
pb_cnn_6,marabou,A_synthetic,0,0.016971879843816512,0.09321419176037435,0.012152701386474854,synthetic,sweep_all,Paired-Biases,CNN
pb_cnn_6,marabou,C_combined,0,0.11654671021742122,0.26550201768481096,0.07137938499480093,synthetic,sweep_all,Paired-Biases,CNN
pb_cnn_6,neuralsat,A_synthetic,0,0.08986211789114994,0.1028126052325955,0.04673997049548031,synthetic,sweep_all,Paired-Biases,CNN
pb_cnn_6,neuralsat,C_combined,0,0.08994940305199893,0.312423977682989,0.03820813317421452,synthetic,sweep_all,Paired-Biases,CNN
pb_cnn_6,nnenum,A_synthetic,0,0.2582152429020299,0.0673965588743285,0.040849651711167535,synthetic,sweep_all,Paired-Biases,CNN
pb_cnn_6,nnenum,C_combined,0,0.19479455070763188,0.195581242501838,0.10343660733038589,synthetic,sweep_all,Paired-Biases,CNN
pb_cnn_6,pyrat,A_synthetic,0,0.0203369957917984,0.15452491143770633,0.015976546254135436,synthetic,sweep_all,Paired-Biases,CNN
pb_cnn_6,pyrat,C_combined,0,0.04150985353875314,0.2661043594306742,0.04461902736360653,synthetic,sweep_all,Paired-Biases,CNN
pb_cnn_7,abcrown,A_synthetic,0,0.11389505184928321,0.21575129332340826,0.06652984324897145,synthetic,sweep_all,Paired-Biases,CNN
pb_cnn_7,abcrown,C_combined,0,0.11104664858170528,0.3135420244474679,0.13997845265494008,synthetic,sweep_all,Paired-Biases,CNN
pb_cnn_7,marabou,A_synthetic,0,0.08289755075907694,0.17768624770228053,0.07072932226211673,synthetic,sweep_all,Paired-Biases,CNN
pb_cnn_7,marabou,C_combined,0,0.16607835211087751,0.27105596624355,0.07935184461512021,synthetic,sweep_all,Paired-Biases,CNN
pb_cnn_7,neuralsat,A_synthetic,0,0.17930875447196282,0.11471124833225751,0.1401770729058858,synthetic,sweep_all,Paired-Biases,CNN
pb_cnn_7,neuralsat,C_combined,0,0.12124548527220376,0.36650161256771974,0.06602586130380958,synthetic,sweep_all,Paired-Biases,CNN
pb_cnn_7,nnenum,A_synthetic,0,0.2711810080236049,0.21152904691713398,0.16173974406263852,synthetic,sweep_all,Paired-Biases,CNN
pb_cnn_7,nnenum,C_combined,0,0.1908950179161613,0.25484931246005127,0.11841874707539916,synthetic,sweep_all,Paired-Biases,CNN
pb_cnn_7,pyrat,A_synthetic,0,0.06560229168560644,0.1118669609090015,0.044763824669226,synthetic,sweep_all,Paired-Biases,CNN
pb_cnn_7,pyrat,C_combined,0,0.07540245695450662,0.282604247492986,0.07191555389483509,synthetic,sweep_all,Paired-Biases,CNN
pb_cnn_8,abcrown,A_synthetic,0,0.25208169746262393,0.21624831155885738,0.10463348907313039,synthetic,sweep_all,Paired-Biases,CNN
pb_cnn_8,abcrown,C_combined,0,0.19587612284018124,0.3266677002353447,0.147903968829651,synthetic,sweep_all,Paired-Biases,CNN
pb_cnn_8,marabou,A_synthetic,0,0.22451052671091737,0.2184196487376116,0.19980898895805327,synthetic,sweep_all,Paired-Biases,CNN
pb_cnn_8,marabou,C_combined,0,0.2340295906779722,0.32740223172149807,0.21173342142126236,synthetic,sweep_all,Paired-Biases,CNN
pb_cnn_8,neuralsat,A_synthetic,0,0.38932281684549264,0.1302043330998026,0.23176181466615525,synthetic,sweep_all,Paired-Biases,CNN
pb_cnn_8,neuralsat,C_combined,0,0.25320379099755136,0.43690770164095527,0.20639637070733435,synthetic,sweep_all,Paired-Biases,CNN
pb_cnn_8,nnenum,A_synthetic,0,0.33845067143634805,0.3695116265589126,0.3141905388837448,synthetic,sweep_all,Paired-Biases,CNN
pb_cnn_8,nnenum,C_combined,0,0.25269578956344996,0.2691314271645891,0.261782059156646,synthetic,sweep_all,Paired-Biases,CNN
pb_cnn_8,pyrat,A_synthetic,0,0.20354679562132555,0.10848596862940119,0.16710909720984649,synthetic,sweep_all,Paired-Biases,CNN
pb_cnn_8,pyrat,C_combined,0,0.15493885676871894,0.2690644749308527,0.12854514175217904,synthetic,sweep_all,Paired-Biases,CNN
pb_cnn_9,abcrown,A_synthetic,0,0.44257563882590845,0.23961804929227265,0.22364579892061362,synthetic,sweep_all,Paired-Biases,CNN
pb_cnn_9,abcrown,C_combined,0,0.3295538111220105,0.30249992660978164,0.23041484426670072,synthetic,sweep_all,Paired-Biases,CNN
pb_cnn_9,marabou,A_synthetic,0,0.3987518359719912,0.22887150651755966,0.4018376362601469,synthetic,sweep_all,Paired-Biases,CNN
pb_cnn_9,marabou,C_combined,0,0.2883739305678712,0.28799429055544873,0.35451602167356355,synthetic,sweep_all,Paired-Biases,CNN
pb_cnn_9,neuralsat,A_synthetic,0,0.5954552322142735,0.13686997585877836,0.40392116821467133,synthetic,sweep_all,Paired-Biases,CNN
pb_cnn_9,neuralsat,C_combined,0,0.3578942173543981,0.419358399048915,0.39402111121612327,synthetic,sweep_all,Paired-Biases,CNN
pb_cnn_9,nnenum,A_synthetic,0,0.53763409172993,0.37416762776124585,0.4317140315394862,synthetic,sweep_all,Paired-Biases,CNN
pb_cnn_9,nnenum,C_combined,0,0.38070874980542013,0.295734384140266,0.44972329305743547,synthetic,sweep_all,Paired-Biases,CNN
pb_cnn_9,pyrat,A_synthetic,0,0.49334136337601775,0.1531735651448701,0.34021629531190595,synthetic,sweep_all,Paired-Biases,CNN
pb_cnn_9,pyrat,C_combined,0,0.2838077295142161,0.2553957712739647,0.26144673875824676,synthetic,sweep_all,Paired-Biases,CNN
poly01_easy_N50_d10,abcrown,A_synthetic,0,0.3279133513195096,0.1951802866935729,0.14045992010007183,synthetic,polynomial_stress_22,Polynomial Net,POLYNOMIAL
poly01_easy_N50_d10,abcrown,C_combined,0,0.4450303649924444,0.32161229851358814,0.36924458172648067,synthetic,polynomial_stress_22,Polynomial Net,POLYNOMIAL
poly01_easy_N50_d10,neuralsat,A_synthetic,0,0.5086365866576508,0.11647491289431011,0.09896092721890051,synthetic,polynomial_stress_22,Polynomial Net,POLYNOMIAL
poly01_easy_N50_d10,neuralsat,C_combined,0,0.45453960151611883,0.1625705527758718,0.16744676715591778,synthetic,polynomial_stress_22,Polynomial Net,POLYNOMIAL
poly01_easy_N50_d10,pyrat,A_synthetic,1,0.9926706911231689,0.8915228051227888,0.9671507818361464,synthetic,polynomial_stress_22,Polynomial Net,POLYNOMIAL
poly01_easy_N50_d10,pyrat,C_combined,1,0.9751077160697885,0.7057168414590802,0.9685023514774354,synthetic,polynomial_stress_22,Polynomial Net,POLYNOMIAL
poly02_easy_d2,abcrown,A_synthetic,0,0.5226924330720266,0.18406410485742672,0.2590343836395511,synthetic,polynomial_stress_22,Polynomial Net,POLYNOMIAL
poly02_easy_d2,abcrown,C_combined,0,0.5741021738419974,0.3377448983578811,0.5121816365935064,synthetic,polynomial_stress_22,Polynomial Net,POLYNOMIAL
poly02_easy_d2,pyrat,A_synthetic,1,0.9944810718426564,0.6240472790339154,0.9924389214381831,synthetic,polynomial_stress_22,Polynomial Net,POLYNOMIAL
poly02_easy_d2,pyrat,C_combined,1,0.9611317912916671,0.5711426902010964,0.9835390792295156,synthetic,polynomial_stress_22,Polynomial Net,POLYNOMIAL
poly03_easy_d6,abcrown,A_synthetic,0,0.6622139852525486,0.19108824363675403,0.17809869474448872,synthetic,polynomial_stress_22,Polynomial Net,POLYNOMIAL
poly03_easy_d6,abcrown,C_combined,0,0.5132599496830207,0.269866556385874,0.39680156167655395,synthetic,polynomial_stress_22,Polynomial Net,POLYNOMIAL
poly03_easy_d6,neuralsat,A_synthetic,0,0.6023389016825652,0.13080905561372355,0.18741251878752901,synthetic,polynomial_stress_22,Polynomial Net,POLYNOMIAL
poly03_easy_d6,neuralsat,C_combined,0,0.3489333779342175,0.0573523664016002,0.05267240584513252,synthetic,polynomial_stress_22,Polynomial Net,POLYNOMIAL
poly03_easy_d6,pyrat,A_synthetic,1,0.9972099499109902,0.7667100642966623,0.9788513735165537,synthetic,polynomial_stress_22,Polynomial Net,POLYNOMIAL
poly03_easy_d6,pyrat,C_combined,1,0.9611597359754601,0.5907741653224231,0.9799231547867464,synthetic,polynomial_stress_22,Polynomial Net,POLYNOMIAL
poly04_easy_d10_h50,abcrown,A_synthetic,0,0.49772067468712644,0.2821787231456895,0.2001771268367664,synthetic,polynomial_stress_22,Polynomial Net,POLYNOMIAL
poly04_easy_d10_h50,abcrown,C_combined,0,0.381796165037158,0.3500072445381561,0.28426044233441883,synthetic,polynomial_stress_22,Polynomial Net,POLYNOMIAL
poly04_easy_d10_h50,neuralsat,A_synthetic,0,0.49761792223236573,0.1337975116143649,0.3054270490435392,synthetic,polynomial_stress_22,Polynomial Net,POLYNOMIAL
poly04_easy_d10_h50,neuralsat,C_combined,0,0.24600406572354072,0.20517038118816894,0.08329463729302036,synthetic,polynomial_stress_22,Polynomial Net,POLYNOMIAL
poly04_easy_d10_h50,pyrat,A_synthetic,1,0.9841767611696168,0.8361119092861375,0.9859439676798478,synthetic,polynomial_stress_22,Polynomial Net,POLYNOMIAL
poly04_easy_d10_h50,pyrat,C_combined,1,0.9615239792666624,0.6564952064258733,0.9554545728462758,synthetic,polynomial_stress_22,Polynomial Net,POLYNOMIAL
poly05_easy_d10_h500,abcrown,A_synthetic,0,0.8960643882628077,0.3467888016113011,0.6624558667531569,synthetic,polynomial_stress_22,Polynomial Net,POLYNOMIAL
poly05_easy_d10_h500,abcrown,C_combined,0,0.8048083915539299,0.3393399569853013,0.6202862023483501,synthetic,polynomial_stress_22,Polynomial Net,POLYNOMIAL
poly05_easy_d10_h500,neuralsat,A_synthetic,0,0.9280132074185369,0.22409231125429505,0.8491457806604776,synthetic,polynomial_stress_22,Polynomial Net,POLYNOMIAL
poly05_easy_d10_h500,neuralsat,C_combined,0,0.7520036369177359,0.27819948186953536,0.6219731899252232,synthetic,polynomial_stress_22,Polynomial Net,POLYNOMIAL
poly05_easy_d10_h500,pyrat,A_synthetic,1,0.9996784265452956,0.9061491156026543,0.9970840318022669,synthetic,polynomial_stress_22,Polynomial Net,POLYNOMIAL
poly05_easy_d10_h500,pyrat,C_combined,1,0.9855758542623532,0.692862820057512,0.9918596479936188,synthetic,polynomial_stress_22,Polynomial Net,POLYNOMIAL
poly06_deg12,abcrown,A_synthetic,0,0.5754115226720139,0.26235249008248374,0.280684429415531,synthetic,polynomial_stress_22,Polynomial Net,POLYNOMIAL
poly06_deg12,abcrown,C_combined,0,0.5646101801723111,0.41792158582789574,0.49483043264227494,synthetic,polynomial_stress_22,Polynomial Net,POLYNOMIAL
poly06_deg12,neuralsat,A_synthetic,0,0.7434145835612985,0.2815930864446273,0.44005019698513054,synthetic,polynomial_stress_22,Polynomial Net,POLYNOMIAL
poly06_deg12,neuralsat,C_combined,0,0.36907772410049106,0.19642866456337246,0.17965585911976456,synthetic,polynomial_stress_22,Polynomial Net,POLYNOMIAL
poly06_deg12,pyrat,A_synthetic,1,0.9964915712560171,0.9493936612833449,0.9815460066004447,synthetic,polynomial_stress_22,Polynomial Net,POLYNOMIAL
poly06_deg12,pyrat,C_combined,1,0.9629887984870384,0.7234493339263699,0.9690309218947288,synthetic,polynomial_stress_22,Polynomial Net,POLYNOMIAL
poly07_deg14,abcrown,A_synthetic,0,0.4457997698285638,0.2892764344628683,0.2872906373191865,synthetic,polynomial_stress_22,Polynomial Net,POLYNOMIAL
poly07_deg14,abcrown,C_combined,0,0.5072270398265593,0.34632584359031504,0.3715476169426613,synthetic,polynomial_stress_22,Polynomial Net,POLYNOMIAL
poly07_deg14,neuralsat,A_synthetic,0,0.622756754889273,0.22726883030699918,0.2069587346848166,synthetic,polynomial_stress_22,Polynomial Net,POLYNOMIAL
poly07_deg14,neuralsat,C_combined,0,0.39659841987393885,0.3594372037361956,0.25120336648603914,synthetic,polynomial_stress_22,Polynomial Net,POLYNOMIAL
poly07_deg14,pyrat,A_synthetic,1,0.9953132931757416,0.9556345868589844,0.9920591933474194,synthetic,polynomial_stress_22,Polynomial Net,POLYNOMIAL
poly07_deg14,pyrat,C_combined,1,0.9517327994417066,0.7474124208161556,0.9822641674749816,synthetic,polynomial_stress_22,Polynomial Net,POLYNOMIAL
poly08_deg16,abcrown,A_synthetic,0,0.6155115446657451,0.5478097458155851,0.459773864437839,synthetic,polynomial_stress_22,Polynomial Net,POLYNOMIAL
poly08_deg16,abcrown,C_combined,0,0.4342750962360398,0.4197413639800051,0.42790368822436725,synthetic,polynomial_stress_22,Polynomial Net,POLYNOMIAL
poly08_deg16,neuralsat,A_synthetic,0,0.6628154575705766,0.4710127912174468,0.688646915160972,synthetic,polynomial_stress_22,Polynomial Net,POLYNOMIAL
poly08_deg16,neuralsat,C_combined,0,0.41249604064328976,0.6876870515254799,0.5231645887537346,synthetic,polynomial_stress_22,Polynomial Net,POLYNOMIAL
poly08_deg16,pyrat,A_synthetic,1,0.996834394164644,0.9857717225966333,0.992706461754784,synthetic,polynomial_stress_22,Polynomial Net,POLYNOMIAL
poly08_deg16,pyrat,C_combined,1,0.9637189738701837,0.8200366824510233,0.9702104344098904,synthetic,polynomial_stress_22,Polynomial Net,POLYNOMIAL
poly09_deg17,abcrown,A_synthetic,1,0.6386978755655384,0.4089601684645959,0.39857476335388436,synthetic,polynomial_stress_22,Polynomial Net,POLYNOMIAL
poly09_deg17,abcrown,C_combined,1,0.35502892861180724,0.38173501008242927,0.3232074606038465,synthetic,polynomial_stress_22,Polynomial Net,POLYNOMIAL
poly09_deg17,neuralsat,A_synthetic,1,0.583609248887938,0.3177059544910764,0.5027765941790541,synthetic,polynomial_stress_22,Polynomial Net,POLYNOMIAL
poly09_deg17,neuralsat,C_combined,1,0.2997570987078833,0.5294801879731383,0.35517369775428176,synthetic,polynomial_stress_22,Polynomial Net,POLYNOMIAL
poly09_deg17,pyrat,A_synthetic,1,0.9959688510414038,0.9856294176811969,0.9789114170374653,synthetic,polynomial_stress_22,Polynomial Net,POLYNOMIAL
poly09_deg17,pyrat,C_combined,1,0.9769513319163172,0.7973491711494068,0.9790142372856044,synthetic,polynomial_stress_22,Polynomial Net,POLYNOMIAL
poly10_deg18_a,abcrown,A_synthetic,0,0.5845156549185172,0.4711113277731897,0.46378573741853313,synthetic,polynomial_stress_22,Polynomial Net,POLYNOMIAL
poly10_deg18_a,abcrown,C_combined,0,0.5254822194176096,0.45990752866249346,0.49053913943134136,synthetic,polynomial_stress_22,Polynomial Net,POLYNOMIAL
poly10_deg18_a,neuralsat,A_synthetic,0,0.5782452099781404,0.4103984563225732,0.6046266613148117,synthetic,polynomial_stress_22,Polynomial Net,POLYNOMIAL
poly10_deg18_a,neuralsat,C_combined,0,0.41994864983969943,0.7005435415307375,0.5172907091029313,synthetic,polynomial_stress_22,Polynomial Net,POLYNOMIAL
poly10_deg18_a,pyrat,A_synthetic,1,0.9966903304197283,0.9901809384317168,0.992298733802599,synthetic,polynomial_stress_22,Polynomial Net,POLYNOMIAL
poly10_deg18_a,pyrat,C_combined,1,0.9535692279487634,0.8014045254691835,0.9692305257100232,synthetic,polynomial_stress_22,Polynomial Net,POLYNOMIAL
poly11_deg18_b,abcrown,A_synthetic,0,0.5695950250567365,0.36791990559965404,0.31915469372425165,synthetic,polynomial_stress_22,Polynomial Net,POLYNOMIAL
poly11_deg18_b,abcrown,C_combined,0,0.4267504942296779,0.38560845559137114,0.3389871250123146,synthetic,polynomial_stress_22,Polynomial Net,POLYNOMIAL
poly11_deg18_b,neuralsat,A_synthetic,0,0.7767606254491504,0.3354420714841388,0.545647479409478,synthetic,polynomial_stress_22,Polynomial Net,POLYNOMIAL
poly11_deg18_b,neuralsat,C_combined,0,0.4552232395011496,0.43389218043553085,0.33706959285693927,synthetic,polynomial_stress_22,Polynomial Net,POLYNOMIAL
poly11_deg18_b,pyrat,A_synthetic,1,0.9957742818898723,0.9665493471992267,0.982611192956772,synthetic,polynomial_stress_22,Polynomial Net,POLYNOMIAL
poly11_deg18_b,pyrat,C_combined,1,0.9694607678796385,0.7619752619818669,0.9802892881631091,synthetic,polynomial_stress_22,Polynomial Net,POLYNOMIAL
poly12_deg19_a,abcrown,A_synthetic,1,0.5090354724075152,0.421462541585828,0.4286385860369609,synthetic,polynomial_stress_22,Polynomial Net,POLYNOMIAL
poly12_deg19_a,abcrown,C_combined,1,0.47320107545553436,0.4189573412480671,0.4123060779198903,synthetic,polynomial_stress_22,Polynomial Net,POLYNOMIAL
poly12_deg19_a,neuralsat,A_synthetic,1,0.5495833708338332,0.4548804452953701,0.5214066752156402,synthetic,polynomial_stress_22,Polynomial Net,POLYNOMIAL
poly12_deg19_a,neuralsat,C_combined,1,0.3476369445349009,0.6379433584324853,0.47323907161399753,synthetic,polynomial_stress_22,Polynomial Net,POLYNOMIAL
poly12_deg19_a,pyrat,A_synthetic,1,0.9950053106322067,0.9946334529394469,0.991749737593123,synthetic,polynomial_stress_22,Polynomial Net,POLYNOMIAL
poly12_deg19_a,pyrat,C_combined,1,0.9540601236331812,0.8352694933081724,0.9707687719117842,synthetic,polynomial_stress_22,Polynomial Net,POLYNOMIAL
poly13_deg19_b,abcrown,A_synthetic,1,0.5362739625751207,0.4463786074513833,0.4332880556884319,synthetic,polynomial_stress_22,Polynomial Net,POLYNOMIAL
poly13_deg19_b,abcrown,C_combined,1,0.3777156396481193,0.3997334350800613,0.34938838308513714,synthetic,polynomial_stress_22,Polynomial Net,POLYNOMIAL
poly13_deg19_b,neuralsat,A_synthetic,1,0.6961697382576458,0.4129090323254102,0.5123598832101763,synthetic,polynomial_stress_22,Polynomial Net,POLYNOMIAL
poly13_deg19_b,neuralsat,C_combined,1,0.349778157667391,0.6693064865768018,0.5430530699073355,synthetic,polynomial_stress_22,Polynomial Net,POLYNOMIAL
poly13_deg19_b,pyrat,A_synthetic,1,0.9977611939337357,0.9917798772687874,0.9917614969698858,synthetic,polynomial_stress_22,Polynomial Net,POLYNOMIAL
poly13_deg19_b,pyrat,C_combined,1,0.9688378940592186,0.8136483294878903,0.9682237920059494,synthetic,polynomial_stress_22,Polynomial Net,POLYNOMIAL
poly14_deg20,abcrown,A_synthetic,0,0.6487291076036602,0.6151300722663906,0.5995975722011654,synthetic,polynomial_stress_22,Polynomial Net,POLYNOMIAL
poly14_deg20,abcrown,C_combined,0,0.47192699404950844,0.47612273704546676,0.49794523897791015,synthetic,polynomial_stress_22,Polynomial Net,POLYNOMIAL
poly14_deg20,neuralsat,A_synthetic,0,0.6721819650512901,0.5423000050046975,0.7038664444349745,synthetic,polynomial_stress_22,Polynomial Net,POLYNOMIAL
poly14_deg20,neuralsat,C_combined,0,0.3723341474834624,0.7947091242437334,0.6896243404292361,synthetic,polynomial_stress_22,Polynomial Net,POLYNOMIAL
poly14_deg20,pyrat,A_synthetic,1,0.9963359485847938,0.9944473336354847,0.9910072185301534,synthetic,polynomial_stress_22,Polynomial Net,POLYNOMIAL
poly14_deg20,pyrat,C_combined,1,0.9598780828548288,0.8459478968726089,0.957188432022517,synthetic,polynomial_stress_22,Polynomial Net,POLYNOMIAL
poly15_deg21,abcrown,A_synthetic,1,0.5963028000073458,0.5330169105774318,0.5093320448597685,synthetic,polynomial_stress_22,Polynomial Net,POLYNOMIAL
poly15_deg21,abcrown,C_combined,1,0.4086219590172642,0.399269683507394,0.3427970872904055,synthetic,polynomial_stress_22,Polynomial Net,POLYNOMIAL
poly15_deg21,neuralsat,A_synthetic,1,0.5505763162865474,0.44220491083361735,0.6671928418710918,synthetic,polynomial_stress_22,Polynomial Net,POLYNOMIAL
poly15_deg21,neuralsat,C_combined,1,0.2829239442330896,0.8254468766115091,0.5032225411056566,synthetic,polynomial_stress_22,Polynomial Net,POLYNOMIAL
poly15_deg21,pyrat,A_synthetic,1,0.9962614052207363,0.9945139880710014,0.9793638026551903,synthetic,polynomial_stress_22,Polynomial Net,POLYNOMIAL
poly15_deg21,pyrat,C_combined,1,0.9485843284675509,0.860163625640255,0.9611756862181435,synthetic,polynomial_stress_22,Polynomial Net,POLYNOMIAL
poly16_deg22,abcrown,A_synthetic,0,0.5182612896543848,0.6104951017049097,0.5778668678369313,synthetic,polynomial_stress_22,Polynomial Net,POLYNOMIAL
poly16_deg22,abcrown,C_combined,0,0.5246577672593279,0.4536415979827176,0.44193336033702435,synthetic,polynomial_stress_22,Polynomial Net,POLYNOMIAL
poly16_deg22,neuralsat,A_synthetic,0,0.7844997768037971,0.5481765224326425,0.7782654512260214,synthetic,polynomial_stress_22,Polynomial Net,POLYNOMIAL
poly16_deg22,neuralsat,C_combined,0,0.4231135505843981,0.8065612568634835,0.663342787486275,synthetic,polynomial_stress_22,Polynomial Net,POLYNOMIAL
poly16_deg22,pyrat,A_synthetic,1,0.9968441064929767,0.9910895261480125,0.9930418299926818,synthetic,polynomial_stress_22,Polynomial Net,POLYNOMIAL
poly16_deg22,pyrat,C_combined,1,0.9636674276872634,0.8083898071721709,0.9709623021544045,synthetic,polynomial_stress_22,Polynomial Net,POLYNOMIAL
poly17_delta2e3,abcrown,A_synthetic,0,0.5459179262982781,0.27069693493479674,0.2371319488077778,synthetic,polynomial_stress_22,Polynomial Net,POLYNOMIAL
poly17_delta2e3,abcrown,C_combined,0,0.4150615199551491,0.3069805248512626,0.25204499061092556,synthetic,polynomial_stress_22,Polynomial Net,POLYNOMIAL
poly17_delta2e3,pyrat,A_synthetic,1,0.99651383807036,0.836596400352484,0.9659881806379372,synthetic,polynomial_stress_22,Polynomial Net,POLYNOMIAL
poly17_delta2e3,pyrat,C_combined,1,0.954047994518338,0.6388615001672023,0.9648100660777261,synthetic,polynomial_stress_22,Polynomial Net,POLYNOMIAL
poly18_delta1e3,abcrown,A_synthetic,0,0.5922385273588755,0.2460813253550076,0.26755828779689883,synthetic,polynomial_stress_22,Polynomial Net,POLYNOMIAL
poly18_delta1e3,abcrown,C_combined,0,0.4208566232759347,0.3061199335262884,0.3156113983193521,synthetic,polynomial_stress_22,Polynomial Net,POLYNOMIAL
poly18_delta1e3,pyrat,A_synthetic,1,0.9937631013181158,0.7252374230422673,0.9946990875312629,synthetic,polynomial_stress_22,Polynomial Net,POLYNOMIAL
poly18_delta1e3,pyrat,C_combined,1,0.9776768073768067,0.5983140492671054,0.9837840502654738,synthetic,polynomial_stress_22,Polynomial Net,POLYNOMIAL
poly19_delta5e4,abcrown,A_synthetic,0,0.6086590530274136,0.2808666746231327,0.3033237015749325,synthetic,polynomial_stress_22,Polynomial Net,POLYNOMIAL
poly19_delta5e4,abcrown,C_combined,0,0.4446903795457299,0.33333472983071377,0.30254995237239113,synthetic,polynomial_stress_22,Polynomial Net,POLYNOMIAL
poly19_delta5e4,neuralsat,A_synthetic,1,0.5474375547379812,0.09615776314111188,0.05963803276017347,synthetic,polynomial_stress_22,Polynomial Net,POLYNOMIAL
poly19_delta5e4,neuralsat,C_combined,1,0.34590427075724023,0.12507042796700843,0.02982084986611947,synthetic,polynomial_stress_22,Polynomial Net,POLYNOMIAL
poly19_delta5e4,pyrat,A_synthetic,1,0.9978226116764948,0.7986243582622482,0.9955993876874418,synthetic,polynomial_stress_22,Polynomial Net,POLYNOMIAL
poly19_delta5e4,pyrat,C_combined,1,0.9513936907753487,0.6288925127280954,0.9683030379651804,synthetic,polynomial_stress_22,Polynomial Net,POLYNOMIAL
poly20_delta2e4,abcrown,A_synthetic,0,0.5948595713114263,0.28190327076627564,0.26508033077841536,synthetic,polynomial_stress_22,Polynomial Net,POLYNOMIAL
poly20_delta2e4,abcrown,C_combined,0,0.4392702216997367,0.3651278266499559,0.3095475893490465,synthetic,polynomial_stress_22,Polynomial Net,POLYNOMIAL
poly20_delta2e4,pyrat,A_synthetic,1,0.9965150822957775,0.8249621334609873,0.9894053202548585,synthetic,polynomial_stress_22,Polynomial Net,POLYNOMIAL
poly20_delta2e4,pyrat,C_combined,1,0.9727487611112812,0.6577239759234055,0.9846090521301596,synthetic,polynomial_stress_22,Polynomial Net,POLYNOMIAL
poly21_delta1e4,abcrown,A_synthetic,1,0.5092963968642427,0.04528877445436956,0.0863864788862249,synthetic,polynomial_stress_22,Polynomial Net,POLYNOMIAL
poly21_delta1e4,abcrown,C_combined,1,0.38542065809612963,0.2721149772568562,0.18987238481049334,synthetic,polynomial_stress_22,Polynomial Net,POLYNOMIAL
poly21_delta1e4,pyrat,A_synthetic,1,0.9971384686691878,0.7930660771862906,0.964964239235598,synthetic,polynomial_stress_22,Polynomial Net,POLYNOMIAL
poly21_delta1e4,pyrat,C_combined,1,0.9682566873485529,0.5919313435482414,0.9712032973734128,synthetic,polynomial_stress_22,Polynomial Net,POLYNOMIAL
poly22_combo_deg18_delta1e3,abcrown,A_synthetic,1,0.5385319330234963,0.354078163703851,0.3298995321046096,synthetic,polynomial_stress_22,Polynomial Net,POLYNOMIAL
poly22_combo_deg18_delta1e3,abcrown,C_combined,1,0.43272984799624814,0.3439825902832884,0.3661924493355525,synthetic,polynomial_stress_22,Polynomial Net,POLYNOMIAL
poly22_combo_deg18_delta1e3,pyrat,A_synthetic,1,0.9945693637554838,0.9733843490375497,0.9953303804249389,synthetic,polynomial_stress_22,Polynomial Net,POLYNOMIAL
poly22_combo_deg18_delta1e3,pyrat,C_combined,1,0.9814888243255272,0.7602842186813416,0.9824098380424147,synthetic,polynomial_stress_22,Polynomial Net,POLYNOMIAL
rc1,abcrown,A_synthetic,0,0.18014341032067765,0.14716378189275164,0.03844830948482607,synthetic,sweep_all,Input-Corner Stress,MLP
rc1,abcrown,C_combined,0,0.30119676434201315,0.18755174574745526,0.09818312182530856,synthetic,sweep_all,Input-Corner Stress,MLP
rc1,marabou,A_synthetic,0,0.45014876188704533,0.11062168913253659,0.017799298121002633,synthetic,sweep_all,Input-Corner Stress,MLP
rc1,marabou,C_combined,0,0.4478095762733771,0.2636951261192107,0.12887076806715927,synthetic,sweep_all,Input-Corner Stress,MLP
rc1,neuralsat,A_synthetic,0,0.18220301736688482,0.05310567342273411,0.07686090101168043,synthetic,sweep_all,Input-Corner Stress,MLP
rc1,neuralsat,C_combined,0,0.09153897652665692,0.11356262332365816,0.0418319682038354,synthetic,sweep_all,Input-Corner Stress,MLP
rc1,pyrat,A_synthetic,0,0.11865561987413846,0.04798482551628707,0.05061066174285447,synthetic,sweep_all,Input-Corner Stress,MLP
rc1,pyrat,C_combined,0,0.1440466277656012,0.15013052958555279,0.03287972814513584,synthetic,sweep_all,Input-Corner Stress,MLP
rc10,abcrown,A_synthetic,0,0.19427358593891159,0.24256252079233936,0.08389570227038318,synthetic,sweep_all,Input-Corner Stress,MLP
rc10,abcrown,C_combined,0,0.30502939411865093,0.30796076322702476,0.211696262231648,synthetic,sweep_all,Input-Corner Stress,MLP
rc10,marabou,A_synthetic,0,0.5037900117649718,0.6298805426597995,0.7523215714388871,synthetic,sweep_all,Input-Corner Stress,MLP
rc10,marabou,C_combined,0,0.4872463311632754,0.4945811635176957,0.6302688707570283,synthetic,sweep_all,Input-Corner Stress,MLP
rc10,neuralsat,A_synthetic,0,0.16661947910591263,0.061159059541448,0.10086378717474712,synthetic,sweep_all,Input-Corner Stress,MLP
rc10,neuralsat,C_combined,0,0.07578543249632913,0.1417311329028189,0.0589266725313214,synthetic,sweep_all,Input-Corner Stress,MLP
rc10,pyrat,A_synthetic,0,0.10888702313877408,0.031570852737249355,0.07421583600848664,synthetic,sweep_all,Input-Corner Stress,MLP
rc10,pyrat,C_combined,0,0.14012303856274164,0.1336957179672122,0.057361386181277486,synthetic,sweep_all,Input-Corner Stress,MLP
rc11,abcrown,A_synthetic,0,0.14344713172098558,0.12641470599603086,0.04724169273511159,synthetic,sweep_all,Input-Corner Stress,MLP
rc11,abcrown,C_combined,0,0.29430378427442205,0.30083110720497847,0.21051339061055835,synthetic,sweep_all,Input-Corner Stress,MLP
rc11,marabou,A_synthetic,0,0.46654804244871784,0.6422375499598225,0.6996600861754518,synthetic,sweep_all,Input-Corner Stress,MLP
rc11,marabou,C_combined,0,0.4700805290252824,0.46944016536897964,0.6266155317248638,synthetic,sweep_all,Input-Corner Stress,MLP
rc11,neuralsat,A_synthetic,0,0.12612206161332593,0.021171793515955765,0.09877441058089799,synthetic,sweep_all,Input-Corner Stress,MLP
rc11,neuralsat,C_combined,0,0.08163551152329437,0.13275103088685,0.0659208908276869,synthetic,sweep_all,Input-Corner Stress,MLP
rc11,pyrat,A_synthetic,0,0.10964122822163791,0.019196805013350676,0.06842971194287051,synthetic,sweep_all,Input-Corner Stress,MLP
rc11,pyrat,C_combined,0,0.11752615108255256,0.14481666326653256,0.09753783769116557,synthetic,sweep_all,Input-Corner Stress,MLP
rc12,abcrown,A_synthetic,0,0.1494089075634936,0.13430952145030978,0.06057978443645643,synthetic,sweep_all,Input-Corner Stress,MLP
rc12,abcrown,C_combined,0,0.29870978307445967,0.3512235295189365,0.24062881485784754,synthetic,sweep_all,Input-Corner Stress,MLP
rc12,marabou,A_synthetic,1,0.4165421908889256,0.422783889931841,0.36839828795437585,synthetic,sweep_all,Input-Corner Stress,MLP
rc12,marabou,C_combined,1,0.43545166434255733,0.42479483049327094,0.43127515261034566,synthetic,sweep_all,Input-Corner Stress,MLP
rc12,neuralsat,A_synthetic,0,0.2095071180898294,0.049534239522553675,0.11859002882223421,synthetic,sweep_all,Input-Corner Stress,MLP
rc12,neuralsat,C_combined,0,0.09399798195567022,0.1304963123692581,0.05410827474151307,synthetic,sweep_all,Input-Corner Stress,MLP
rc12,pyrat,A_synthetic,0,0.12104746354274254,0.05746820747925948,0.08744404136847878,synthetic,sweep_all,Input-Corner Stress,MLP
rc12,pyrat,C_combined,0,0.14404465492096763,0.14478124857812358,0.09007865146630287,synthetic,sweep_all,Input-Corner Stress,MLP
rc13,abcrown,A_synthetic,0,0.15942184191070502,0.42825286018122705,0.2545584634992063,synthetic,sweep_all,Input-Corner Stress,MLP
rc13,abcrown,C_combined,0,0.3232245607638275,0.4890756475049451,0.5094448220272297,synthetic,sweep_all,Input-Corner Stress,MLP
rc13,marabou,A_synthetic,1,0.4513242223828847,0.9356215263140701,0.9965290962553922,synthetic,sweep_all,Input-Corner Stress,MLP
rc13,marabou,C_combined,1,0.437744342428516,0.6544732236862505,0.9016857075952757,synthetic,sweep_all,Input-Corner Stress,MLP
rc13,neuralsat,A_synthetic,0,0.19360270295148688,0.07632078659538002,0.2541713885399427,synthetic,sweep_all,Input-Corner Stress,MLP
rc13,neuralsat,C_combined,0,0.0811821666014825,0.22725848134961443,0.14491736346491643,synthetic,sweep_all,Input-Corner Stress,MLP
rc13,pyrat,A_synthetic,0,0.11204365401468966,0.20726996723807192,0.16336085763814628,synthetic,sweep_all,Input-Corner Stress,MLP
rc13,pyrat,C_combined,0,0.11643424398545554,0.24967245837286361,0.24333267337744485,synthetic,sweep_all,Input-Corner Stress,MLP
rc14,abcrown,A_synthetic,0,0.1603718286102988,0.30205301420640696,0.18125029223864403,synthetic,sweep_all,Input-Corner Stress,MLP
rc14,abcrown,C_combined,0,0.3216170095402459,0.4218236822444069,0.4521652340827821,synthetic,sweep_all,Input-Corner Stress,MLP
rc14,marabou,A_synthetic,1,0.430255617702089,0.9317124895359902,0.9961668135734836,synthetic,sweep_all,Input-Corner Stress,MLP
rc14,marabou,C_combined,1,0.4998442251158098,0.647236421912846,0.9043931991234132,synthetic,sweep_all,Input-Corner Stress,MLP
rc14,neuralsat,A_synthetic,0,0.2135554083786026,0.3341012274678298,0.2000052252246057,synthetic,sweep_all,Input-Corner Stress,MLP
rc14,neuralsat,C_combined,0,0.09001206347977239,0.22468604016923582,0.12108142018748673,synthetic,sweep_all,Input-Corner Stress,MLP
rc14,pyrat,A_synthetic,0,0.11600235941421697,0.1936173386642412,0.13984758186126667,synthetic,sweep_all,Input-Corner Stress,MLP
rc14,pyrat,C_combined,0,0.1274040959701585,0.22915506601680574,0.17859341536200718,synthetic,sweep_all,Input-Corner Stress,MLP
rc15,abcrown,A_synthetic,0,0.18039685085714824,0.42332984486529046,0.21423157085727568,synthetic,sweep_all,Input-Corner Stress,MLP
rc15,abcrown,C_combined,0,0.2983607369320541,0.4557954745226092,0.5181910022663402,synthetic,sweep_all,Input-Corner Stress,MLP
rc15,marabou,A_synthetic,1,0.45866870910503066,0.93220294859731,0.9974923844234012,synthetic,sweep_all,Input-Corner Stress,MLP
rc15,marabou,C_combined,1,0.45750220788222434,0.744059099007091,0.9002510156883723,synthetic,sweep_all,Input-Corner Stress,MLP
rc15,neuralsat,A_synthetic,0,0.17326030293678085,0.06574426327784104,0.1917954906743514,synthetic,sweep_all,Input-Corner Stress,MLP
rc15,neuralsat,C_combined,0,0.07878335266192493,0.22161086404068775,0.10302793536405146,synthetic,sweep_all,Input-Corner Stress,MLP
rc15,pyrat,A_synthetic,0,0.12086056312398022,0.06298018441517589,0.11804590079029191,synthetic,sweep_all,Input-Corner Stress,MLP
rc15,pyrat,C_combined,0,0.13951110963565588,0.22047642328647443,0.207960977743661,synthetic,sweep_all,Input-Corner Stress,MLP
rc16,abcrown,A_synthetic,0,0.13253299018424786,0.44366707567753066,0.4376811860628571,synthetic,sweep_all,Input-Corner Stress,MLP
rc16,abcrown,C_combined,1,0.2803565133257752,0.636052847235223,0.7568892444301589,synthetic,sweep_all,Input-Corner Stress,MLP
rc16,marabou,A_synthetic,1,0.4690919430509893,0.9686596712321363,0.9999691975099145,synthetic,sweep_all,Input-Corner Stress,MLP
rc16,marabou,C_combined,1,0.4857566877264115,0.7846713992851412,0.9884212153178099,synthetic,sweep_all,Input-Corner Stress,MLP
rc16,neuralsat,A_synthetic,0,0.17845679634186856,0.26052173436284076,0.49938740887414906,synthetic,sweep_all,Input-Corner Stress,MLP
rc16,neuralsat,C_combined,0,0.09108963099615314,0.3339941369454783,0.24322964127708363,synthetic,sweep_all,Input-Corner Stress,MLP
rc16,pyrat,A_synthetic,0,0.09613519827925174,0.09129132735789722,0.20998304845644525,synthetic,sweep_all,Input-Corner Stress,MLP
rc16,pyrat,C_combined,0,0.1185804704629085,0.2758631225277087,0.4500776060736603,synthetic,sweep_all,Input-Corner Stress,MLP
rc17,abcrown,A_synthetic,0,0.1958408568064392,0.5926972551383062,0.4034774255270318,synthetic,sweep_all,Input-Corner Stress,MLP
rc17,abcrown,C_combined,0,0.3301010830123817,0.6513380131502233,0.8208972660331517,synthetic,sweep_all,Input-Corner Stress,MLP
rc17,marabou,A_synthetic,1,0.4410387051092831,0.9994791687186279,0.9999544744716473,synthetic,sweep_all,Input-Corner Stress,MLP
rc17,marabou,C_combined,1,0.40702225143360815,0.772276046371641,0.9969921921096538,synthetic,sweep_all,Input-Corner Stress,MLP
rc17,neuralsat,A_synthetic,0,0.13430804071634506,0.1892852925702079,0.4454350394372886,synthetic,sweep_all,Input-Corner Stress,MLP
rc17,neuralsat,C_combined,0,0.0733027470746112,0.3040496864511607,0.24751856400212482,synthetic,sweep_all,Input-Corner Stress,MLP
rc17,pyrat,A_synthetic,0,0.12536387582912506,0.12117856431532312,0.27050526671772857,synthetic,sweep_all,Input-Corner Stress,MLP
rc17,pyrat,C_combined,0,0.1700347733387198,0.34321937818267767,0.4901711482821822,synthetic,sweep_all,Input-Corner Stress,MLP
rc18,abcrown,A_synthetic,0,0.13840165909330815,0.5761518991300478,0.49117005469910024,synthetic,sweep_all,Input-Corner Stress,MLP
rc18,abcrown,C_combined,1,0.27467126349306636,0.7003169195738688,0.76387003214753,synthetic,sweep_all,Input-Corner Stress,MLP
rc18,marabou,A_synthetic,1,0.38329620378524754,0.9967922456756908,0.9999671228767367,synthetic,sweep_all,Input-Corner Stress,MLP
rc18,marabou,C_combined,1,0.42851109380681107,0.8521058177348875,0.986421017487293,synthetic,sweep_all,Input-Corner Stress,MLP
rc18,neuralsat,A_synthetic,0,0.1781653404759062,0.20772823611699875,0.5347124812005403,synthetic,sweep_all,Input-Corner Stress,MLP
rc18,neuralsat,C_combined,0,0.09028952187907618,0.32999590962938957,0.23556548310804537,synthetic,sweep_all,Input-Corner Stress,MLP
rc18,pyrat,A_synthetic,0,0.11136594900885191,0.38131063405171506,0.299462200260222,synthetic,sweep_all,Input-Corner Stress,MLP
rc18,pyrat,C_combined,0,0.14412006255883236,0.37275285428331256,0.5088499806692837,synthetic,sweep_all,Input-Corner Stress,MLP
rc19,abcrown,A_synthetic,0,0.14963602783231067,0.1006644025134863,0.04733707055910511,synthetic,sweep_all,Input-Corner Stress,MLP
rc19,abcrown,C_combined,0,0.3233454578515339,0.23779418242803177,0.11941162958769588,synthetic,sweep_all,Input-Corner Stress,MLP
rc19,marabou,A_synthetic,0,0.4480334381541894,0.10358313555887881,0.03250740514163751,synthetic,sweep_all,Input-Corner Stress,MLP
rc19,marabou,C_combined,0,0.48842496759550535,0.3126073233511515,0.17993412081630875,synthetic,sweep_all,Input-Corner Stress,MLP
rc19,neuralsat,A_synthetic,0,0.19878997797497372,0.08841886270165822,0.07875164663258624,synthetic,sweep_all,Input-Corner Stress,MLP
rc19,neuralsat,C_combined,0,0.08619736314771836,0.09461747177032308,0.0645633714919804,synthetic,sweep_all,Input-Corner Stress,MLP
rc19,pyrat,A_synthetic,0,0.11310189539750752,0.04676092230453191,0.06453704277628525,synthetic,sweep_all,Input-Corner Stress,MLP
rc19,pyrat,C_combined,0,0.12916073653426466,0.12287349892051325,0.05137728433689861,synthetic,sweep_all,Input-Corner Stress,MLP
rc2,abcrown,A_synthetic,0,0.18773693572237504,0.14958002533646422,0.04109205166612294,synthetic,sweep_all,Input-Corner Stress,MLP
rc2,abcrown,C_combined,0,0.31595029088783266,0.21290565129829403,0.15560420617267925,synthetic,sweep_all,Input-Corner Stress,MLP
rc2,marabou,A_synthetic,0,0.462629641198797,0.09239619018374783,0.028764077064063597,synthetic,sweep_all,Input-Corner Stress,MLP
rc2,marabou,C_combined,0,0.5019073015489008,0.2447898749521331,0.16465820667022468,synthetic,sweep_all,Input-Corner Stress,MLP
rc2,neuralsat,A_synthetic,0,0.20272759330875964,0.035582088841173296,0.08132130288595252,synthetic,sweep_all,Input-Corner Stress,MLP
rc2,neuralsat,C_combined,0,0.08546678137058826,0.10689045897647025,0.06628232294492037,synthetic,sweep_all,Input-Corner Stress,MLP
rc2,pyrat,A_synthetic,0,0.13768602960000675,0.033521482398126426,0.06567729038531249,synthetic,sweep_all,Input-Corner Stress,MLP
rc2,pyrat,C_combined,0,0.1384827052223751,0.1513166072541799,0.04589312141749197,synthetic,sweep_all,Input-Corner Stress,MLP
rc20,abcrown,A_synthetic,1,0.34027776969747614,0.07173836751089543,0.05432102345529556,synthetic,sweep_all,Input-Corner Stress,MLP
rc20,abcrown,C_combined,1,0.48293649472873607,0.22746324460056275,0.1621854973920853,synthetic,sweep_all,Input-Corner Stress,MLP
rc20,marabou,A_synthetic,1,0.8547019436881591,0.19350649435826422,0.3800930795431149,synthetic,sweep_all,Input-Corner Stress,MLP
rc20,marabou,C_combined,1,0.624903226626869,0.336152580042511,0.5559757040279018,synthetic,sweep_all,Input-Corner Stress,MLP
rc20,neuralsat,A_synthetic,1,0.32268144145643307,0.006026392467892267,0.08947089711021035,synthetic,sweep_all,Input-Corner Stress,MLP
rc20,neuralsat,C_combined,1,0.1448048383309605,0.09781822303470891,0.10924030676442964,synthetic,sweep_all,Input-Corner Stress,MLP
rc20,pyrat,A_synthetic,1,0.40945224514054496,0.010824281413036265,0.1126053597543188,synthetic,sweep_all,Input-Corner Stress,MLP
rc20,pyrat,C_combined,1,0.16220085185244487,0.1286666776718673,0.08577574187500522,synthetic,sweep_all,Input-Corner Stress,MLP
rc21,abcrown,A_synthetic,1,0.849071240466791,0.07731443469688513,0.249543507087514,synthetic,sweep_all,Input-Corner Stress,MLP
rc21,abcrown,C_combined,1,0.6476084183419181,0.29803920175871773,0.3799132707505576,synthetic,sweep_all,Input-Corner Stress,MLP
rc21,marabou,A_synthetic,1,0.9730482674502442,0.4726904756178875,0.9784677956986254,synthetic,sweep_all,Input-Corner Stress,MLP
rc21,marabou,C_combined,1,0.812223354648285,0.4101841063768158,0.9154960167106555,synthetic,sweep_all,Input-Corner Stress,MLP
rc21,neuralsat,A_synthetic,1,0.7763477715925726,0.017547124591211542,0.46651802378705887,synthetic,sweep_all,Input-Corner Stress,MLP
rc21,neuralsat,C_combined,1,0.3741421003756826,0.129790951452821,0.5409210154095584,synthetic,sweep_all,Input-Corner Stress,MLP
rc21,pyrat,A_synthetic,1,0.911088784869855,0.010238830508042439,0.6538578956713363,synthetic,sweep_all,Input-Corner Stress,MLP
rc21,pyrat,C_combined,1,0.5247602742177091,0.11194023585615134,0.323792360713368,synthetic,sweep_all,Input-Corner Stress,MLP
rc22,abcrown,A_synthetic,1,0.9914552683858867,0.1043221954637001,0.8153513185436502,synthetic,sweep_all,Input-Corner Stress,MLP
rc22,abcrown,C_combined,1,0.7996404047833934,0.34683553704501985,0.7358712315873127,synthetic,sweep_all,Input-Corner Stress,MLP
rc22,marabou,A_synthetic,1,0.9974432483633985,0.7140120995600343,0.9995666389595075,synthetic,sweep_all,Input-Corner Stress,MLP
rc22,marabou,C_combined,1,0.763723999435142,0.508884220921156,0.9212918906282297,synthetic,sweep_all,Input-Corner Stress,MLP
rc22,neuralsat,A_synthetic,1,0.9498149599798854,0.01212051490411295,0.8046379381140902,synthetic,sweep_all,Input-Corner Stress,MLP
rc22,neuralsat,C_combined,1,0.7330709212747599,0.1507802319561648,0.9205887581322344,synthetic,sweep_all,Input-Corner Stress,MLP
rc22,pyrat,A_synthetic,1,0.9720059113572536,0.02420912113829908,0.9858307369600317,synthetic,sweep_all,Input-Corner Stress,MLP
rc22,pyrat,C_combined,1,0.6912417011118986,0.11986481877852302,0.7865051754634325,synthetic,sweep_all,Input-Corner Stress,MLP
rc3,abcrown,A_synthetic,0,0.17913982838646453,0.17191183009721786,0.06878211720192424,synthetic,sweep_all,Input-Corner Stress,MLP
rc3,abcrown,C_combined,0,0.32490050965168055,0.2186966109842711,0.11224548099416369,synthetic,sweep_all,Input-Corner Stress,MLP
rc3,marabou,A_synthetic,0,0.47815884087799965,0.1132397882155386,0.02717708734412417,synthetic,sweep_all,Input-Corner Stress,MLP
rc3,marabou,C_combined,0,0.48668769652020705,0.28115490336093674,0.13662205198735772,synthetic,sweep_all,Input-Corner Stress,MLP
rc3,neuralsat,A_synthetic,0,0.17530161632927305,0.03585380246210013,0.07125059074193889,synthetic,sweep_all,Input-Corner Stress,MLP
rc3,neuralsat,C_combined,0,0.0966158344999756,0.09582154311676082,0.06269298080484317,synthetic,sweep_all,Input-Corner Stress,MLP
rc3,pyrat,A_synthetic,0,0.11638510865656457,0.07708537947669411,0.06595698445468688,synthetic,sweep_all,Input-Corner Stress,MLP
rc3,pyrat,C_combined,0,0.12147913466700158,0.1327432126223908,0.050976913787286304,synthetic,sweep_all,Input-Corner Stress,MLP
rc4,abcrown,A_synthetic,0,0.15911500842645193,0.19444954715364593,0.03348574833238575,synthetic,sweep_all,Input-Corner Stress,MLP
rc4,abcrown,C_combined,0,0.322152910806895,0.1940046708152567,0.14770212464503857,synthetic,sweep_all,Input-Corner Stress,MLP
rc4,marabou,A_synthetic,0,0.44084913113709606,0.07023842811786614,0.028622249501402835,synthetic,sweep_all,Input-Corner Stress,MLP
rc4,marabou,C_combined,0,0.47973356708056797,0.26125043333654163,0.1757440209216463,synthetic,sweep_all,Input-Corner Stress,MLP
rc4,neuralsat,A_synthetic,0,0.20389833750863873,0.06853065064295304,0.07105826414364003,synthetic,sweep_all,Input-Corner Stress,MLP
rc4,neuralsat,C_combined,0,0.09264849179385284,0.09687024157298565,0.05031806591692369,synthetic,sweep_all,Input-Corner Stress,MLP
rc4,pyrat,A_synthetic,0,0.11066179755555264,0.031479814625995486,0.06565246787983609,synthetic,sweep_all,Input-Corner Stress,MLP
rc4,pyrat,C_combined,0,0.13213966160305998,0.13056818959806876,0.038812128677444324,synthetic,sweep_all,Input-Corner Stress,MLP
rc5,abcrown,A_synthetic,0,0.11829578729152879,0.07924800224307196,0.030598308312414585,synthetic,sweep_all,Input-Corner Stress,MLP
rc5,abcrown,C_combined,0,0.26884826121574434,0.25533837800755915,0.09413807483312428,synthetic,sweep_all,Input-Corner Stress,MLP
rc5,marabou,A_synthetic,0,0.45807925931239896,0.07340624857968356,0.02065696687470955,synthetic,sweep_all,Input-Corner Stress,MLP
rc5,marabou,C_combined,0,0.4479407366536048,0.3021364295025198,0.1452454402640038,synthetic,sweep_all,Input-Corner Stress,MLP
rc5,neuralsat,A_synthetic,0,0.21739933556053975,0.040108122495914486,0.06629371154805296,synthetic,sweep_all,Input-Corner Stress,MLP
rc5,neuralsat,C_combined,0,0.08442049691001632,0.08122736135594143,0.0467857267102766,synthetic,sweep_all,Input-Corner Stress,MLP
rc5,pyrat,A_synthetic,0,0.10939003338810935,0.023874136176644228,0.033372043307653976,synthetic,sweep_all,Input-Corner Stress,MLP
rc5,pyrat,C_combined,0,0.15534501608259374,0.1312821803611097,0.04347645031721122,synthetic,sweep_all,Input-Corner Stress,MLP
rc6,abcrown,A_synthetic,0,0.16485191109926106,0.11013838004060002,0.023436259475251305,synthetic,sweep_all,Input-Corner Stress,MLP
rc6,abcrown,C_combined,0,0.30629911382142483,0.19790105213535963,0.07758135775573777,synthetic,sweep_all,Input-Corner Stress,MLP
rc6,marabou,A_synthetic,0,0.4501937875703604,0.08587329490313694,0.01821373869240006,synthetic,sweep_all,Input-Corner Stress,MLP
rc6,marabou,C_combined,0,0.446719860193695,0.2988077688550194,0.12788346475910267,synthetic,sweep_all,Input-Corner Stress,MLP
rc6,neuralsat,A_synthetic,0,0.1590572532830873,0.03533495637182578,0.060118453750778324,synthetic,sweep_all,Input-Corner Stress,MLP
rc6,neuralsat,C_combined,0,0.09150035362302249,0.09972046594801588,0.03892282859377559,synthetic,sweep_all,Input-Corner Stress,MLP
rc6,pyrat,A_synthetic,0,0.12061985370705348,0.012728952668493717,0.0440947056717122,synthetic,sweep_all,Input-Corner Stress,MLP
rc6,pyrat,C_combined,0,0.14814371324694214,0.12283379102013492,0.05012795467081678,synthetic,sweep_all,Input-Corner Stress,MLP
rc7,abcrown,A_synthetic,0,0.1667376750091974,0.03574704039191017,0.028827576053031663,synthetic,sweep_all,Input-Corner Stress,MLP
rc7,abcrown,C_combined,0,0.29642287011945645,0.24239585062509095,0.10950322526447107,synthetic,sweep_all,Input-Corner Stress,MLP
rc7,marabou,A_synthetic,0,0.4419458851279092,0.12150081409617668,0.02366321251465875,synthetic,sweep_all,Input-Corner Stress,MLP
rc7,marabou,C_combined,0,0.4701161811083914,0.2536039815538894,0.13989509138753034,synthetic,sweep_all,Input-Corner Stress,MLP
rc7,neuralsat,A_synthetic,0,0.16734831638514955,0.019858443859416427,0.07687704510653726,synthetic,sweep_all,Input-Corner Stress,MLP
rc7,neuralsat,C_combined,0,0.08435145789672732,0.09506389220477784,0.052492187314762295,synthetic,sweep_all,Input-Corner Stress,MLP
rc7,pyrat,A_synthetic,0,0.10620732185487496,0.06539493221765269,0.06678985514804611,synthetic,sweep_all,Input-Corner Stress,MLP
rc7,pyrat,C_combined,0,0.12456236482783009,0.12432724694564179,0.03178130946397346,synthetic,sweep_all,Input-Corner Stress,MLP
rc8,abcrown,A_synthetic,0,0.17450821954690482,0.1630812042408884,0.05487971127303071,synthetic,sweep_all,Input-Corner Stress,MLP
rc8,abcrown,C_combined,0,0.32565481312809036,0.1880525825729003,0.10281784307024508,synthetic,sweep_all,Input-Corner Stress,MLP
rc8,marabou,A_synthetic,0,0.4607131932122119,0.10878220029151744,0.03070209114727297,synthetic,sweep_all,Input-Corner Stress,MLP
rc8,marabou,C_combined,0,0.479993210776707,0.2830446763597676,0.11272377567329757,synthetic,sweep_all,Input-Corner Stress,MLP
rc8,neuralsat,A_synthetic,0,0.15292327057415586,0.0164976411468996,0.0772737323288055,synthetic,sweep_all,Input-Corner Stress,MLP
rc8,neuralsat,C_combined,0,0.09267836375790899,0.12685236419746265,0.05361835311532496,synthetic,sweep_all,Input-Corner Stress,MLP
rc8,pyrat,A_synthetic,0,0.12132375556564427,0.01886365505908114,0.04632693473721389,synthetic,sweep_all,Input-Corner Stress,MLP
rc8,pyrat,C_combined,0,0.12960684909898962,0.11644327877708989,0.046372107481618643,synthetic,sweep_all,Input-Corner Stress,MLP
rc9,abcrown,A_synthetic,0,0.16865296771573912,0.15948141764275656,0.04262760031071759,synthetic,sweep_all,Input-Corner Stress,MLP
rc9,abcrown,C_combined,0,0.30517381416177364,0.20350319912921017,0.14935488796071894,synthetic,sweep_all,Input-Corner Stress,MLP
rc9,marabou,A_synthetic,0,0.4149625315026328,0.11077377291660365,0.03996150468203585,synthetic,sweep_all,Input-Corner Stress,MLP
rc9,marabou,C_combined,0,0.47304058748587324,0.24767653443748236,0.196990141334106,synthetic,sweep_all,Input-Corner Stress,MLP
rc9,neuralsat,A_synthetic,0,0.20444586449452262,0.0363440667402873,0.0640648985570899,synthetic,sweep_all,Input-Corner Stress,MLP
rc9,neuralsat,C_combined,0,0.0786201838601077,0.10729951228709178,0.0639333405079491,synthetic,sweep_all,Input-Corner Stress,MLP
rc9,pyrat,A_synthetic,0,0.12211389020266372,0.02065069044932888,0.05417473247107675,synthetic,sweep_all,Input-Corner Stress,MLP
rc9,pyrat,C_combined,0,0.15288635759619806,0.14038372166475743,0.04882014182094283,synthetic,sweep_all,Input-Corner Stress,MLP
vb_oval21_0000,abcrown,B_established,0,0.5389423654500642,0.5136698378897051,0.8826275788484972,established,oval21,oval21,CNN
vb_oval21_0000,abcrown,C_combined,0,0.9470501574223572,0.6035887851586439,0.9457585424534735,established,oval21,oval21,CNN
vb_oval21_0000,marabou,B_established,1,0.12695008137046224,0.385406014201604,0.1332096728812245,established,oval21,oval21,CNN
vb_oval21_0000,marabou,C_combined,1,0.3657015435115184,0.3321068432402783,0.26962251032839035,established,oval21,oval21,CNN
vb_oval21_0000,neuralsat,B_established,0,0.36682276550900916,0.3530075311455672,0.6419996272648534,established,oval21,oval21,CNN
vb_oval21_0000,neuralsat,C_combined,0,0.6133356590739953,0.5215466012907901,0.5182696732760755,established,oval21,oval21,CNN
vb_oval21_0000,nnenum,B_established,1,0.5398246469066923,0.5104907064140416,0.6511404874411879,established,oval21,oval21,CNN
vb_oval21_0000,nnenum,C_combined,1,0.8308645968446801,0.6624855468368094,0.904000898302834,established,oval21,oval21,CNN
vb_oval21_0000,pyrat,B_established,1,0.6773050110941827,0.5095026847754437,0.9465578898696577,established,oval21,oval21,CNN
vb_oval21_0000,pyrat,C_combined,1,0.8445243268756141,0.6078366450315849,0.8661783308632824,established,oval21,oval21,CNN
vb_oval21_0001,abcrown,B_established,0,0.5389423654500642,0.5027628775215975,0.8611957027513896,established,oval21,oval21,CNN
vb_oval21_0001,abcrown,C_combined,0,0.9470501574223572,0.6000450227325983,0.9457533662776809,established,oval21,oval21,CNN
vb_oval21_0001,marabou,B_established,1,0.12695008137046224,0.3783028679257664,0.1320936155904524,established,oval21,oval21,CNN
vb_oval21_0001,marabou,C_combined,1,0.3657015435115184,0.31962264672891283,0.25394133330294527,established,oval21,oval21,CNN
vb_oval21_0001,neuralsat,B_established,0,0.36682276550900916,0.3718822590668188,0.7085218753684387,established,oval21,oval21,CNN
vb_oval21_0001,neuralsat,C_combined,0,0.6133356590739953,0.5285317677543799,0.5297840645358177,established,oval21,oval21,CNN
vb_oval21_0001,nnenum,B_established,1,0.5398246469066923,0.49110675827154593,0.6602821149139577,established,oval21,oval21,CNN
vb_oval21_0001,nnenum,C_combined,1,0.8308645968446801,0.6789553181345702,0.8758084178685207,established,oval21,oval21,CNN
vb_oval21_0001,pyrat,B_established,1,0.6773050110941827,0.5571361511832069,0.9460451169285783,established,oval21,oval21,CNN
vb_oval21_0001,pyrat,C_combined,1,0.8445243268756141,0.6300185886917118,0.8692533525888635,established,oval21,oval21,CNN
vb_oval21_0002,abcrown,B_established,0,0.5389423654500642,0.5321151716670566,0.919617572686309,established,oval21,oval21,CNN
vb_oval21_0002,abcrown,C_combined,0,0.9470501574223572,0.642628477399339,0.9561836815602618,established,oval21,oval21,CNN
vb_oval21_0002,neuralsat,B_established,0,0.36682276550900916,0.36502846546487044,0.7301508405144876,established,oval21,oval21,CNN
vb_oval21_0002,neuralsat,C_combined,0,0.6133356590739953,0.5464151128078474,0.5533895292211644,established,oval21,oval21,CNN
vb_oval21_0002,nnenum,B_established,1,0.5398246469066923,0.5612338799190848,0.6840188103560033,established,oval21,oval21,CNN
vb_oval21_0002,nnenum,C_combined,1,0.8308645968446801,0.7300024462211906,0.9383458692366412,established,oval21,oval21,CNN
vb_oval21_0002,pyrat,B_established,0,0.6773050110941827,0.5936347481915758,0.9721526818366428,established,oval21,oval21,CNN
vb_oval21_0002,pyrat,C_combined,0,0.8445243268756141,0.637997278885893,0.8912845253351229,established,oval21,oval21,CNN
vb_oval21_0003,abcrown,B_established,1,0.5389423654500642,0.6010978786376235,0.9842590717146891,established,oval21,oval21,CNN
vb_oval21_0003,abcrown,C_combined,1,0.9470501574223572,0.6426993094047357,0.9595906375895196,established,oval21,oval21,CNN
vb_oval21_0003,nnenum,B_established,1,0.5398246469066923,0.582239023625478,0.7330274454102265,established,oval21,oval21,CNN
vb_oval21_0003,nnenum,C_combined,1,0.8308645968446801,0.7754291532823387,0.9551929838084451,established,oval21,oval21,CNN
vb_oval21_0003,pyrat,B_established,1,0.6773050110941827,0.679023345059289,0.99353432152722,established,oval21,oval21,CNN
vb_oval21_0003,pyrat,C_combined,1,0.8445243268756141,0.6443000102675658,0.9113671739489204,established,oval21,oval21,CNN
vb_oval21_0004,abcrown,B_established,0,0.5389423654500642,0.47644372875639884,0.7432550871838222,established,oval21,oval21,CNN
vb_oval21_0004,abcrown,C_combined,0,0.9470501574223572,0.6047906049278654,0.9446915317895076,established,oval21,oval21,CNN
vb_oval21_0004,marabou,B_established,1,0.12695008137046224,0.36753493609940224,0.12906549966076225,established,oval21,oval21,CNN
vb_oval21_0004,marabou,C_combined,1,0.3657015435115184,0.30826570593652397,0.24700097225374296,established,oval21,oval21,CNN
vb_oval21_0004,neuralsat,B_established,0,0.36682276550900916,0.31876707664703685,0.4661881323183409,established,oval21,oval21,CNN
vb_oval21_0004,neuralsat,C_combined,0,0.6133356590739953,0.5065229527780047,0.4661041405995635,established,oval21,oval21,CNN
vb_oval21_0004,nnenum,B_established,1,0.5398246469066923,0.5067397822787375,0.6415682575783757,established,oval21,oval21,CNN
vb_oval21_0004,nnenum,C_combined,1,0.8308645968446801,0.6801116138967738,0.8559002000457632,established,oval21,oval21,CNN
vb_oval21_0004,pyrat,B_established,0,0.6773050110941827,0.5593090387988308,0.9052047520004758,established,oval21,oval21,CNN
vb_oval21_0004,pyrat,C_combined,0,0.8445243268756141,0.6329508813292736,0.8585540300724575,established,oval21,oval21,CNN
vb_oval21_0005,abcrown,B_established,0,0.5389423654500642,0.4911389057129222,0.8042444079308663,established,oval21,oval21,CNN
vb_oval21_0005,abcrown,C_combined,0,0.9470501574223572,0.640648670442275,0.9543436048563662,established,oval21,oval21,CNN
vb_oval21_0005,marabou,B_established,1,0.12695008137046224,0.3721305403266925,0.13098671432164533,established,oval21,oval21,CNN
vb_oval21_0005,marabou,C_combined,1,0.3657015435115184,0.34967115531143345,0.2938128268803329,established,oval21,oval21,CNN
vb_oval21_0005,neuralsat,B_established,0,0.36682276550900916,0.3309060597032477,0.58090752743387,established,oval21,oval21,CNN
vb_oval21_0005,neuralsat,C_combined,0,0.6133356590739953,0.5340445233104362,0.5021714055482692,established,oval21,oval21,CNN
vb_oval21_0005,nnenum,B_established,1,0.5398246469066923,0.5511117765070168,0.6696481096509651,established,oval21,oval21,CNN
vb_oval21_0005,nnenum,C_combined,1,0.8308645968446801,0.739352438909105,0.9081948512309757,established,oval21,oval21,CNN
vb_oval21_0005,pyrat,B_established,1,0.6773050110941827,0.6216250551941364,0.9466028597751464,established,oval21,oval21,CNN
vb_oval21_0005,pyrat,C_combined,1,0.8445243268756141,0.6567451611419932,0.8823067628792272,established,oval21,oval21,CNN
vb_oval21_0006,abcrown,B_established,0,0.5389423654500642,0.5359568084435414,0.920639843515695,established,oval21,oval21,CNN
vb_oval21_0006,abcrown,C_combined,0,0.9470501574223572,0.6090261938343923,0.9481581163989068,established,oval21,oval21,CNN
vb_oval21_0006,marabou,B_established,1,0.12695008137046224,0.3880614986819556,0.13442019190422422,established,oval21,oval21,CNN
vb_oval21_0006,marabou,C_combined,1,0.3657015435115184,0.34393380783066735,0.27985080831578657,established,oval21,oval21,CNN
vb_oval21_0006,neuralsat,B_established,0,0.36682276550900916,0.36554939955048565,0.6942499711340101,established,oval21,oval21,CNN
vb_oval21_0006,neuralsat,C_combined,0,0.6133356590739953,0.5312515444506042,0.5438635928457922,established,oval21,oval21,CNN
vb_oval21_0006,nnenum,B_established,1,0.5398246469066923,0.527006081948661,0.6683142384282803,established,oval21,oval21,CNN
vb_oval21_0006,nnenum,C_combined,1,0.8308645968446801,0.6884353725859734,0.9148022376166896,established,oval21,oval21,CNN
vb_oval21_0006,pyrat,B_established,1,0.6773050110941827,0.5542801851986596,0.9645524454062715,established,oval21,oval21,CNN
vb_oval21_0006,pyrat,C_combined,1,0.8445243268756141,0.6138939222225412,0.8757479049280731,established,oval21,oval21,CNN
vb_oval21_0007,abcrown,B_established,0,0.5389423654500642,0.47884213760236227,0.7859530112193932,established,oval21,oval21,CNN
vb_oval21_0007,abcrown,C_combined,0,0.9470501574223572,0.6239084827983898,0.9499747157317927,established,oval21,oval21,CNN
vb_oval21_0007,marabou,B_established,1,0.12695008137046224,0.37537637125198847,0.13100728509076925,established,oval21,oval21,CNN
vb_oval21_0007,marabou,C_combined,1,0.3657015435115184,0.3354605990917722,0.27759424756754125,established,oval21,oval21,CNN
vb_oval21_0007,neuralsat,B_established,0,0.36682276550900916,0.3345445373958265,0.5841916911248745,established,oval21,oval21,CNN
vb_oval21_0007,neuralsat,C_combined,0,0.6133356590739953,0.5236674806971953,0.49193501835391606,established,oval21,oval21,CNN
vb_oval21_0007,nnenum,B_established,1,0.5398246469066923,0.5196540150946681,0.6503258514459448,established,oval21,oval21,CNN
vb_oval21_0007,nnenum,C_combined,1,0.8308645968446801,0.693480924420343,0.8977318267715664,established,oval21,oval21,CNN
vb_oval21_0007,pyrat,B_established,0,0.6773050110941827,0.5456316448951367,0.9272761128003545,established,oval21,oval21,CNN
vb_oval21_0007,pyrat,C_combined,0,0.8445243268756141,0.6365247305754942,0.8699802366988093,established,oval21,oval21,CNN
vb_oval21_0008,abcrown,B_established,0,0.5389423654500642,0.5751705191390685,0.9624795653606165,established,oval21,oval21,CNN
vb_oval21_0008,abcrown,C_combined,0,0.9470501574223572,0.6138360834344916,0.9510491284246061,established,oval21,oval21,CNN
vb_oval21_0008,marabou,B_established,1,0.12695008137046224,0.3911793944974885,0.13626121705764377,established,oval21,oval21,CNN
vb_oval21_0008,marabou,C_combined,1,0.3657015435115184,0.35967703661407924,0.29110488667752865,established,oval21,oval21,CNN
vb_oval21_0008,neuralsat,B_established,0,0.36682276550900916,0.38561524231939537,0.7546774469690395,established,oval21,oval21,CNN
vb_oval21_0008,neuralsat,C_combined,0,0.6133356590739953,0.5467973392045441,0.5874384690763559,established,oval21,oval21,CNN
vb_oval21_0008,nnenum,B_established,1,0.5398246469066923,0.5567668337910152,0.6981204420432137,established,oval21,oval21,CNN
vb_oval21_0008,nnenum,C_combined,1,0.8308645968446801,0.7326583747489598,0.9265889960567003,established,oval21,oval21,CNN
vb_oval21_0008,pyrat,B_established,1,0.6773050110941827,0.6375480956117353,0.9832987794222922,established,oval21,oval21,CNN
vb_oval21_0008,pyrat,C_combined,1,0.8445243268756141,0.6234808048011493,0.8896824390461064,established,oval21,oval21,CNN
vb_oval21_0009,abcrown,B_established,0,0.5389423654500642,0.5145889035721963,0.9196726065645388,established,oval21,oval21,CNN
vb_oval21_0009,abcrown,C_combined,0,0.9470501574223572,0.5618687616338376,0.9366447719527009,established,oval21,oval21,CNN
vb_oval21_0009,marabou,B_established,1,0.12695008137046224,0.3945385409362574,0.1351312179719077,established,oval21,oval21,CNN
vb_oval21_0009,marabou,C_combined,1,0.3657015435115184,0.3078348480545501,0.23521839589966023,established,oval21,oval21,CNN
vb_oval21_0009,neuralsat,B_established,0,0.36682276550900916,0.4299764138014148,0.8368296689761854,established,oval21,oval21,CNN
vb_oval21_0009,neuralsat,C_combined,0,0.6133356590739953,0.5318660832089207,0.573959197473249,established,oval21,oval21,CNN
vb_oval21_0009,nnenum,B_established,1,0.5398246469066923,0.4269842821371171,0.6452881918200208,established,oval21,oval21,CNN
vb_oval21_0009,nnenum,C_combined,1,0.8308645968446801,0.5756489035070247,0.8704164936568752,established,oval21,oval21,CNN
vb_oval21_0009,pyrat,B_established,1,0.6773050110941827,0.42115023773403193,0.9491716685372766,established,oval21,oval21,CNN
vb_oval21_0009,pyrat,C_combined,1,0.8445243268756141,0.5867788213519393,0.8560621474844972,established,oval21,oval21,CNN
vb_oval21_0010,abcrown,B_established,1,0.1356887624511788,0.4396293996120291,0.2864937363908239,established,oval21,oval21,CNN
vb_oval21_0010,abcrown,C_combined,1,0.9423897187426684,0.6238662703936122,0.9384159329640542,established,oval21,oval21,CNN
vb_oval21_0010,marabou,B_established,0,0.7118024112990401,0.5008645479981476,0.7442952546524462,established,oval21,oval21,CNN
vb_oval21_0010,marabou,C_combined,0,0.8999990638514355,0.5642394200955116,0.9260530521987376,established,oval21,oval21,CNN
vb_oval21_0010,neuralsat,B_established,1,0.25995575832448103,0.42012665899425733,0.6442426141974685,established,oval21,oval21,CNN
vb_oval21_0010,neuralsat,C_combined,1,0.5879894228012977,0.537920805807518,0.6454000250969338,established,oval21,oval21,CNN
vb_oval21_0010,nnenum,B_established,1,0.5302245814708668,0.5413517438911672,0.6890717955129018,established,oval21,oval21,CNN
vb_oval21_0010,nnenum,C_combined,1,0.8905640131432803,0.8533842980127344,0.9582544558156136,established,oval21,oval21,CNN
vb_oval21_0010,pyrat,B_established,1,0.6766045174229953,0.45420713352390935,0.7187828763425064,established,oval21,oval21,CNN
vb_oval21_0010,pyrat,C_combined,1,0.9105952058855001,0.6829610811583866,0.9342371254529324,established,oval21,oval21,CNN
vb_oval21_0011,abcrown,B_established,1,0.1356887624511788,0.47162913663774253,0.31082511847544686,established,oval21,oval21,CNN
vb_oval21_0011,abcrown,C_combined,1,0.9423897187426684,0.6159249892734266,0.9366188929321047,established,oval21,oval21,CNN
vb_oval21_0011,marabou,B_established,0,0.7118024112990401,0.49973017428260647,0.7432057097358682,established,oval21,oval21,CNN
vb_oval21_0011,marabou,C_combined,0,0.8999990638514355,0.5674895460611714,0.9291843976825979,established,oval21,oval21,CNN
vb_oval21_0011,neuralsat,B_established,1,0.25995575832448103,0.4437688491086173,0.6625269052936523,established,oval21,oval21,CNN
vb_oval21_0011,neuralsat,C_combined,1,0.5879894228012977,0.5434452432475539,0.653912432694129,established,oval21,oval21,CNN
vb_oval21_0011,nnenum,B_established,1,0.5302245814708668,0.5371566136772461,0.6894307187862099,established,oval21,oval21,CNN
vb_oval21_0011,nnenum,C_combined,1,0.8905640131432803,0.8356812033009561,0.9583200182826097,established,oval21,oval21,CNN
vb_oval21_0011,pyrat,B_established,1,0.6766045174229953,0.46296076046499335,0.7838508562602018,established,oval21,oval21,CNN
vb_oval21_0011,pyrat,C_combined,1,0.9105952058855001,0.6622120192376485,0.9328566053643019,established,oval21,oval21,CNN
vb_oval21_0012,abcrown,B_established,1,0.1356887624511788,0.3025676669545542,0.1314781991393831,established,oval21,oval21,CNN
vb_oval21_0012,abcrown,C_combined,1,0.9423897187426684,0.6572123167336631,0.9423144548538293,established,oval21,oval21,CNN
vb_oval21_0012,marabou,B_established,0,0.7118024112990401,0.46199657719421916,0.7216285017278974,established,oval21,oval21,CNN
vb_oval21_0012,marabou,C_combined,0,0.8999990638514355,0.5406784744704153,0.919985844084151,established,oval21,oval21,CNN
vb_oval21_0012,neuralsat,B_established,0,0.25995575832448103,0.2728316162056238,0.1700345305592587,established,oval21,oval21,CNN
vb_oval21_0012,neuralsat,C_combined,0,0.5879894228012977,0.491304315826547,0.4929730420011257,established,oval21,oval21,CNN
vb_oval21_0012,nnenum,B_established,1,0.5302245814708668,0.5829460088127167,0.6314679297019393,established,oval21,oval21,CNN
vb_oval21_0012,nnenum,C_combined,1,0.8905640131432803,0.8860108636525421,0.9555042083729426,established,oval21,oval21,CNN
vb_oval21_0012,pyrat,B_established,1,0.6766045174229953,0.4675179000273511,0.18148836491893627,established,oval21,oval21,CNN
vb_oval21_0012,pyrat,C_combined,1,0.9105952058855001,0.7223408711495967,0.9341360957667166,established,oval21,oval21,CNN
vb_oval21_0013,abcrown,B_established,1,0.1356887624511788,0.28425164044554624,0.14918753441256585,established,oval21,oval21,CNN
vb_oval21_0013,abcrown,C_combined,1,0.9423897187426684,0.5643335142829718,0.9257527965156095,established,oval21,oval21,CNN
vb_oval21_0013,marabou,B_established,0,0.7118024112990401,0.4963991589708369,0.7364675097677219,established,oval21,oval21,CNN
vb_oval21_0013,marabou,C_combined,0,0.8999990638514355,0.481292316393689,0.8681481599746157,established,oval21,oval21,CNN
vb_oval21_0013,neuralsat,B_established,1,0.25995575832448103,0.6111474349465249,0.6997178325619539,established,oval21,oval21,CNN
vb_oval21_0013,neuralsat,C_combined,1,0.5879894228012977,0.5571541733417862,0.6751809344666388,established,oval21,oval21,CNN
vb_oval21_0013,nnenum,B_established,1,0.5302245814708668,0.2710939717197437,0.5834291340977134,established,oval21,oval21,CNN
vb_oval21_0013,nnenum,C_combined,1,0.8905640131432803,0.5043166618529555,0.9276453335220394,established,oval21,oval21,CNN
vb_oval21_0013,pyrat,B_established,1,0.6766045174229953,0.2194796648179286,0.20605886677599577,established,oval21,oval21,CNN
vb_oval21_0013,pyrat,C_combined,1,0.9105952058855001,0.6606280705973098,0.9187027072928389,established,oval21,oval21,CNN
vb_oval21_0014,abcrown,B_established,0,0.1356887624511788,0.27063583102882,0.10373402490833206,established,oval21,oval21,CNN
vb_oval21_0014,abcrown,C_combined,0,0.9423897187426684,0.7724658830398604,0.9629962698322551,established,oval21,oval21,CNN
vb_oval21_0014,marabou,B_established,0,0.7118024112990401,0.4854197043567562,0.7367690635812376,established,oval21,oval21,CNN
vb_oval21_0014,marabou,C_combined,0,0.8999990638514355,0.7348347568658148,0.9928112993298603,established,oval21,oval21,CNN
vb_oval21_0014,neuralsat,B_established,0,0.25995575832448103,0.28679890329114616,0.45528870617796535,established,oval21,oval21,CNN
vb_oval21_0014,neuralsat,C_combined,0,0.5879894228012977,0.572369004984118,0.5735771200511102,established,oval21,oval21,CNN
vb_oval21_0014,nnenum,B_established,0,0.5302245814708668,0.6983538978371956,0.6865076120022302,established,oval21,oval21,CNN
vb_oval21_0014,nnenum,C_combined,0,0.8905640131432803,0.9334851591692968,0.9737111586371257,established,oval21,oval21,CNN
vb_oval21_0014,pyrat,B_established,1,0.6766045174229953,0.48974090800236947,0.27140761019697723,established,oval21,oval21,CNN
vb_oval21_0014,pyrat,C_combined,1,0.9105952058855001,0.8034366341625967,0.9565817544262387,established,oval21,oval21,CNN
vb_oval21_0015,abcrown,B_established,1,0.1356887624511788,0.4211376768478686,0.26519827830070597,established,oval21,oval21,CNN
vb_oval21_0015,abcrown,C_combined,1,0.9423897187426684,0.6251373463741552,0.9381001296793213,established,oval21,oval21,CNN
vb_oval21_0015,marabou,B_established,0,0.7118024112990401,0.49077628143031216,0.7387241818916692,established,oval21,oval21,CNN
vb_oval21_0015,marabou,C_combined,0,0.8999990638514355,0.5500807083795001,0.9198511502656943,established,oval21,oval21,CNN
vb_oval21_0015,neuralsat,B_established,1,0.25995575832448103,0.3746879781649409,0.5528678707878154,established,oval21,oval21,CNN
vb_oval21_0015,neuralsat,C_combined,1,0.5879894228012977,0.5219224620574492,0.6039690890062994,established,oval21,oval21,CNN
vb_oval21_0015,nnenum,B_established,1,0.5302245814708668,0.5606294889176979,0.6789809776717156,established,oval21,oval21,CNN
vb_oval21_0015,nnenum,C_combined,1,0.8905640131432803,0.8683785190488263,0.9572370264461952,established,oval21,oval21,CNN
vb_oval21_0015,pyrat,B_established,1,0.6766045174229953,0.4767090413354335,0.6320023825336372,established,oval21,oval21,CNN
vb_oval21_0015,pyrat,C_combined,1,0.9105952058855001,0.6853615223129836,0.9332465375173431,established,oval21,oval21,CNN
vb_oval21_0016,abcrown,B_established,1,0.1356887624511788,0.32305268426302824,0.17461100957114145,established,oval21,oval21,CNN
vb_oval21_0016,abcrown,C_combined,1,0.9423897187426684,0.5705754793186668,0.9262716404889766,established,oval21,oval21,CNN
vb_oval21_0016,marabou,B_established,0,0.7118024112990401,0.4804722514774647,0.7297615361602616,established,oval21,oval21,CNN
vb_oval21_0016,marabou,C_combined,0,0.8999990638514355,0.4634162243914669,0.8614200953891917,established,oval21,oval21,CNN
vb_oval21_0016,neuralsat,B_established,1,0.25995575832448103,0.44821169340229733,0.6594856969658334,established,oval21,oval21,CNN
vb_oval21_0016,neuralsat,C_combined,1,0.5879894228012977,0.5117649247627992,0.5889120114631383,established,oval21,oval21,CNN
vb_oval21_0016,nnenum,B_established,1,0.5302245814708668,0.38307503056555736,0.6072214961645432,established,oval21,oval21,CNN
vb_oval21_0016,nnenum,C_combined,1,0.8905640131432803,0.642477432259866,0.9340799482015493,established,oval21,oval21,CNN
vb_oval21_0016,pyrat,B_established,1,0.6766045174229953,0.3198849754844683,0.25200951346358985,established,oval21,oval21,CNN
vb_oval21_0016,pyrat,C_combined,1,0.9105952058855001,0.6624424028068873,0.9194891436157822,established,oval21,oval21,CNN
vb_oval21_0017,abcrown,B_established,0,0.1356887624511788,0.285706440664547,0.11882610944328101,established,oval21,oval21,CNN
vb_oval21_0017,abcrown,C_combined,0,0.9423897187426684,0.6938898152738876,0.949331203008256,established,oval21,oval21,CNN
vb_oval21_0017,marabou,B_established,0,0.7118024112990401,0.47350313845175523,0.7293932157264729,established,oval21,oval21,CNN
vb_oval21_0017,marabou,C_combined,0,0.8999990638514355,0.5937702845411396,0.9483702939904278,established,oval21,oval21,CNN
vb_oval21_0017,neuralsat,B_established,0,0.25995575832448103,0.26932510743683313,0.2148899492879745,established,oval21,oval21,CNN
vb_oval21_0017,neuralsat,C_combined,0,0.5879894228012977,0.5105555329309077,0.521396905944089,established,oval21,oval21,CNN
vb_oval21_0017,nnenum,B_established,1,0.5302245814708668,0.6182450808932256,0.6538155180807974,established,oval21,oval21,CNN
vb_oval21_0017,nnenum,C_combined,1,0.8905640131432803,0.9074194176699575,0.9619104807611464,established,oval21,oval21,CNN
vb_oval21_0017,pyrat,B_established,1,0.6766045174229953,0.4696855497868059,0.20040927158784677,established,oval21,oval21,CNN
vb_oval21_0017,pyrat,C_combined,1,0.9105952058855001,0.7577821642633,0.9421161497348285,established,oval21,oval21,CNN
vb_oval21_0018,abcrown,B_established,0,0.1356887624511788,0.15408147283746373,0.047166653890879984,established,oval21,oval21,CNN
vb_oval21_0018,abcrown,C_combined,0,0.9423897187426684,0.6669901959527124,0.9413497644750699,established,oval21,oval21,CNN
vb_oval21_0018,marabou,B_established,0,0.7118024112990401,0.41967957828782276,0.6932369433357792,established,oval21,oval21,CNN
vb_oval21_0018,marabou,C_combined,0,0.8999990638514355,0.4846308093889379,0.8865642565861311,established,oval21,oval21,CNN
vb_oval21_0018,neuralsat,B_established,0,0.25995575832448103,0.19509676813298144,0.019562819500223837,established,oval21,oval21,CNN
vb_oval21_0018,neuralsat,C_combined,0,0.5879894228012977,0.4466892403730716,0.36929100473122733,established,oval21,oval21,CNN
vb_oval21_0018,nnenum,B_established,0,0.5302245814708668,0.5140150625682801,0.5273300353327939,established,oval21,oval21,CNN
vb_oval21_0018,nnenum,C_combined,0,0.8905640131432803,0.8660023621175913,0.9399756068852986,established,oval21,oval21,CNN
vb_oval21_0018,pyrat,B_established,0,0.6766045174229953,0.3751467105391828,0.004288762662567284,established,oval21,oval21,CNN
vb_oval21_0018,pyrat,C_combined,0,0.9105952058855001,0.7513674005639535,0.9259526492403877,established,oval21,oval21,CNN
vb_oval21_0019,abcrown,B_established,1,0.1356887624511788,0.4620581617324263,0.29786270239425006,established,oval21,oval21,CNN
vb_oval21_0019,abcrown,C_combined,1,0.9423897187426684,0.6700888331185775,0.9468837933532364,established,oval21,oval21,CNN
vb_oval21_0019,marabou,B_established,0,0.7118024112990401,0.5071551024345661,0.7497402767196688,established,oval21,oval21,CNN
vb_oval21_0019,marabou,C_combined,0,0.8999990638514355,0.625795369580749,0.9581641979188479,established,oval21,oval21,CNN
vb_oval21_0019,nnenum,B_established,1,0.5302245814708668,0.6495434303512809,0.7250006241885691,established,oval21,oval21,CNN
vb_oval21_0019,nnenum,C_combined,1,0.8905640131432803,0.9073801433262935,0.9660374052891397,established,oval21,oval21,CNN
vb_oval21_0019,pyrat,B_established,1,0.6766045174229953,0.5517038493674706,0.8173057899933612,established,oval21,oval21,CNN
vb_oval21_0019,pyrat,C_combined,1,0.9105952058855001,0.7182966794023348,0.943018524814083,established,oval21,oval21,CNN
vb_oval21_0020,abcrown,B_established,1,0.11068293836904197,0.3869067798043934,0.450965420285755,established,oval21,oval21,CNN
vb_oval21_0020,abcrown,C_combined,1,0.6492050800870947,0.5682055970968172,0.7066433449480513,established,oval21,oval21,CNN
vb_oval21_0020,marabou,B_established,0,0.13207048260128468,0.4142141998968155,0.1409263710988959,established,oval21,oval21,CNN
vb_oval21_0020,marabou,C_combined,0,0.46892636476450045,0.4716979723157392,0.497673841527466,established,oval21,oval21,CNN
vb_oval21_0020,neuralsat,B_established,1,0.09565547097814044,0.46937761161325015,0.12742640419952161,established,oval21,oval21,CNN
vb_oval21_0020,neuralsat,C_combined,1,0.2750423311279701,0.5356549252969114,0.1152395794798559,established,oval21,oval21,CNN
vb_oval21_0020,nnenum,B_established,1,0.8264029001420159,0.5222244929378326,0.7972666262890248,established,oval21,oval21,CNN
vb_oval21_0020,nnenum,C_combined,1,0.6130596383314838,0.4909847779155461,0.6036705314513668,established,oval21,oval21,CNN
vb_oval21_0020,pyrat,B_established,1,0.6468201321745585,0.030231666832513958,0.06697167920434363,established,oval21,oval21,CNN
vb_oval21_0020,pyrat,C_combined,1,0.3665688453118114,0.563435103704039,0.35097691673260195,established,oval21,oval21,CNN
vb_oval21_0021,abcrown,B_established,0,0.11068293836904197,0.28989858819837167,0.3439640287142961,established,oval21,oval21,CNN
vb_oval21_0021,abcrown,C_combined,0,0.6492050800870947,0.7206592948687571,0.8074261688044114,established,oval21,oval21,CNN
vb_oval21_0021,marabou,B_established,0,0.13207048260128468,0.39328721826242585,0.1382161448035643,established,oval21,oval21,CNN
vb_oval21_0021,marabou,C_combined,0,0.46892636476450045,0.6770954248193892,0.6843841188904806,established,oval21,oval21,CNN
vb_oval21_0021,neuralsat,B_established,0,0.09565547097814044,0.191862625851644,0.06540899648646689,established,oval21,oval21,CNN
vb_oval21_0021,neuralsat,C_combined,0,0.2750423311279701,0.5503864240644688,0.09122156294021545,established,oval21,oval21,CNN
vb_oval21_0021,nnenum,B_established,1,0.8264029001420159,0.5464392373906788,0.7998312624328917,established,oval21,oval21,CNN
vb_oval21_0021,nnenum,C_combined,1,0.6130596383314838,0.8621772286240924,0.8065475531937386,established,oval21,oval21,CNN
vb_oval21_0021,pyrat,B_established,1,0.6468201321745585,0.19575017771294673,0.08464293543622345,established,oval21,oval21,CNN
vb_oval21_0021,pyrat,C_combined,1,0.3665688453118114,0.6810836496003316,0.42296084619267493,established,oval21,oval21,CNN
vb_oval21_0022,abcrown,B_established,1,0.11068293836904197,0.347208417520365,0.403046830658656,established,oval21,oval21,CNN
vb_oval21_0022,abcrown,C_combined,1,0.6492050800870947,0.632676706491265,0.7473322656999454,established,oval21,oval21,CNN
vb_oval21_0022,marabou,B_established,0,0.13207048260128468,0.39782517175977333,0.13873393362901248,established,oval21,oval21,CNN
vb_oval21_0022,marabou,C_combined,0,0.46892636476450045,0.5571851086462194,0.5908753544748329,established,oval21,oval21,CNN
vb_oval21_0022,neuralsat,B_established,1,0.09565547097814044,0.20264194987568102,0.06561347197808745,established,oval21,oval21,CNN
vb_oval21_0022,neuralsat,C_combined,1,0.2750423311279701,0.5135130007470716,0.08945088031513196,established,oval21,oval21,CNN
vb_oval21_0022,nnenum,B_established,1,0.8264029001420159,0.5330675627161732,0.7986623581073251,established,oval21,oval21,CNN
vb_oval21_0022,nnenum,C_combined,1,0.6130596383314838,0.8004513040518125,0.7084360844765932,established,oval21,oval21,CNN
vb_oval21_0022,pyrat,B_established,1,0.6468201321745585,0.15085221536354249,0.08768956731663727,established,oval21,oval21,CNN
vb_oval21_0022,pyrat,C_combined,1,0.3665688453118114,0.5921746595624384,0.3749160563973099,established,oval21,oval21,CNN
vb_oval21_0023,abcrown,B_established,1,0.11068293836904197,0.3281927253451418,0.383820359062595,established,oval21,oval21,CNN
vb_oval21_0023,abcrown,C_combined,1,0.6492050800870947,0.6541334226968506,0.763219068900302,established,oval21,oval21,CNN
vb_oval21_0023,marabou,B_established,0,0.13207048260128468,0.3948963576652852,0.13808761765818123,established,oval21,oval21,CNN
vb_oval21_0023,marabou,C_combined,0,0.46892636476450045,0.5815621570852642,0.6094915454105039,established,oval21,oval21,CNN
vb_oval21_0023,neuralsat,B_established,0,0.09565547097814044,0.20361221958434822,0.06635551044711682,established,oval21,oval21,CNN
vb_oval21_0023,neuralsat,C_combined,0,0.2750423311279701,0.5197676476598674,0.08897853233376389,established,oval21,oval21,CNN
vb_oval21_0023,nnenum,B_established,1,0.8264029001420159,0.5352112112975906,0.7978838908403476,established,oval21,oval21,CNN
vb_oval21_0023,nnenum,C_combined,1,0.6130596383314838,0.813391922524062,0.72302547640222,established,oval21,oval21,CNN
vb_oval21_0023,pyrat,B_established,0,0.6468201321745585,0.15763505065325153,0.08250859930516088,established,oval21,oval21,CNN
vb_oval21_0023,pyrat,C_combined,0,0.3665688453118114,0.6177932098858603,0.3842835749802715,established,oval21,oval21,CNN
vb_oval21_0024,abcrown,B_established,1,0.11068293836904197,0.38114708135450454,0.4423094868463527,established,oval21,oval21,CNN
vb_oval21_0024,abcrown,C_combined,1,0.6492050800870947,0.5785575534719013,0.7077905955663969,established,oval21,oval21,CNN
vb_oval21_0024,marabou,B_established,0,0.13207048260128468,0.4125532383486063,0.14081657309967646,established,oval21,oval21,CNN
vb_oval21_0024,marabou,C_combined,0,0.46892636476450045,0.49276401795683744,0.5360552960166972,established,oval21,oval21,CNN
vb_oval21_0024,neuralsat,B_established,1,0.09565547097814044,0.3220985265833834,0.09526597024253115,established,oval21,oval21,CNN
vb_oval21_0024,neuralsat,C_combined,1,0.2750423311279701,0.5186920270805122,0.09819333791472495,established,oval21,oval21,CNN
vb_oval21_0024,nnenum,B_established,1,0.8264029001420159,0.5178440562491841,0.796362197911279,established,oval21,oval21,CNN
vb_oval21_0024,nnenum,C_combined,1,0.6130596383314838,0.5932180402055007,0.643142287874016,established,oval21,oval21,CNN
vb_oval21_0024,pyrat,B_established,1,0.6468201321745585,0.0335729918461779,0.0725785920243863,established,oval21,oval21,CNN
vb_oval21_0024,pyrat,C_combined,1,0.3665688453118114,0.5424745564781366,0.3507749953251622,established,oval21,oval21,CNN
vb_oval21_0025,abcrown,B_established,0,0.11068293836904197,0.2726950850925211,0.32710740853661563,established,oval21,oval21,CNN
vb_oval21_0025,abcrown,C_combined,0,0.6492050800870947,0.6629316643889627,0.7662834426390841,established,oval21,oval21,CNN
vb_oval21_0025,marabou,B_established,0,0.13207048260128468,0.37910347468190786,0.13359205728632884,established,oval21,oval21,CNN
vb_oval21_0025,marabou,C_combined,0,0.46892636476450045,0.5684533143282732,0.5938906333060368,established,oval21,oval21,CNN
vb_oval21_0025,neuralsat,B_established,0,0.09565547097814044,0.16564652708680225,0.05001833505300982,established,oval21,oval21,CNN
vb_oval21_0025,neuralsat,C_combined,0,0.2750423311279701,0.4668859452306382,0.07006652065373693,established,oval21,oval21,CNN
vb_oval21_0025,nnenum,B_established,1,0.8264029001420159,0.5147510246454793,0.7841663947975919,established,oval21,oval21,CNN
vb_oval21_0025,nnenum,C_combined,1,0.6130596383314838,0.7681809498243853,0.6598865141973075,established,oval21,oval21,CNN
vb_oval21_0025,pyrat,B_established,0,0.6468201321745585,0.07343900563326466,0.05969396769588523,established,oval21,oval21,CNN
vb_oval21_0025,pyrat,C_combined,0,0.3665688453118114,0.6439737359598083,0.37617246604592336,established,oval21,oval21,CNN
vb_oval21_0026,abcrown,B_established,1,0.11068293836904197,0.4031679587936918,0.4564810719126342,established,oval21,oval21,CNN
vb_oval21_0026,abcrown,C_combined,1,0.6492050800870947,0.6286100258436826,0.7493775673458938,established,oval21,oval21,CNN
vb_oval21_0026,marabou,B_established,0,0.13207048260128468,0.4099109356126077,0.14255282082920281,established,oval21,oval21,CNN
vb_oval21_0026,marabou,C_combined,0,0.46892636476450045,0.5690977413121546,0.5990015459953448,established,oval21,oval21,CNN
vb_oval21_0026,neuralsat,B_established,1,0.09565547097814044,0.2610694916238353,0.08234892173565037,established,oval21,oval21,CNN
vb_oval21_0026,neuralsat,C_combined,1,0.2750423311279701,0.530783819144595,0.10737649963909528,established,oval21,oval21,CNN
vb_oval21_0026,nnenum,B_established,1,0.8264029001420159,0.5488419366758798,0.808738756027731,established,oval21,oval21,CNN
vb_oval21_0026,nnenum,C_combined,1,0.6130596383314838,0.8049397349396452,0.7414909814430857,established,oval21,oval21,CNN
vb_oval21_0026,pyrat,B_established,1,0.6468201321745585,0.24458466771685722,0.1302041561457235,established,oval21,oval21,CNN
vb_oval21_0026,pyrat,C_combined,1,0.3665688453118114,0.5869986704778851,0.38294591297858943,established,oval21,oval21,CNN
vb_oval21_0027,abcrown,B_established,0,0.11068293836904197,0.40869002338527116,0.47348212281599844,established,oval21,oval21,CNN
vb_oval21_0027,abcrown,C_combined,0,0.6492050800870947,0.5630388126329586,0.6968813032608216,established,oval21,oval21,CNN
vb_oval21_0027,marabou,B_established,0,0.13207048260128468,0.4259441253573747,0.14347095905452076,established,oval21,oval21,CNN
vb_oval21_0027,marabou,C_combined,0,0.46892636476450045,0.48451935354617054,0.5303025349760606,established,oval21,oval21,CNN
vb_oval21_0027,neuralsat,B_established,0,0.09565547097814044,0.43278330769434425,0.11957240971772827,established,oval21,oval21,CNN
vb_oval21_0027,neuralsat,C_combined,0,0.2750423311279701,0.5359570142977512,0.11102911059441323,established,oval21,oval21,CNN
vb_oval21_0027,nnenum,B_established,0,0.8264029001420159,0.5152155191398805,0.7983643780802228,established,oval21,oval21,CNN
vb_oval21_0027,nnenum,C_combined,1,0.6130596383314838,0.4780193203695625,0.6363056623198025,established,oval21,oval21,CNN
vb_oval21_0027,pyrat,B_established,0,0.6468201321745585,0.014462624099834962,0.07145563884686874,established,oval21,oval21,CNN
vb_oval21_0027,pyrat,C_combined,0,0.3665688453118114,0.5251917076820645,0.3457223934398976,established,oval21,oval21,CNN
vb_oval21_0028,abcrown,B_established,0,0.11068293836904197,0.2929002388970181,0.3487381544951657,established,oval21,oval21,CNN
vb_oval21_0028,abcrown,C_combined,0,0.6492050800870947,0.6121361373124197,0.7300729189108246,established,oval21,oval21,CNN
vb_oval21_0028,marabou,B_established,0,0.13207048260128468,0.38068989058651365,0.13341245883794106,established,oval21,oval21,CNN
vb_oval21_0028,marabou,C_combined,0,0.46892636476450045,0.503174048582572,0.5335862142244434,established,oval21,oval21,CNN
vb_oval21_0028,neuralsat,B_established,0,0.09565547097814044,0.17203524208963217,0.052285048986895254,established,oval21,oval21,CNN
vb_oval21_0028,neuralsat,C_combined,0,0.2750423311279701,0.43754327967850004,0.06684721002749482,established,oval21,oval21,CNN
vb_oval21_0028,nnenum,B_established,0,0.8264029001420159,0.5020308248621251,0.78065965498909,established,oval21,oval21,CNN
vb_oval21_0028,nnenum,C_combined,0,0.6130596383314838,0.6731599764872883,0.5939285923385971,established,oval21,oval21,CNN
vb_oval21_0028,pyrat,B_established,0,0.6468201321745585,0.04224285903385684,0.05746811958067081,established,oval21,oval21,CNN
vb_oval21_0028,pyrat,C_combined,0,0.3665688453118114,0.5985937660398191,0.35275678114575576,established,oval21,oval21,CNN
vb_oval21_0029,abcrown,B_established,1,0.11068293836904197,0.37484694978654537,0.43191014079371126,established,oval21,oval21,CNN
vb_oval21_0029,abcrown,C_combined,1,0.6492050800870947,0.6349454419422966,0.7476435709629775,established,oval21,oval21,CNN
vb_oval21_0029,marabou,B_established,0,0.13207048260128468,0.4096815181594605,0.14170172463755634,established,oval21,oval21,CNN
vb_oval21_0029,marabou,C_combined,0,0.46892636476450045,0.5774932277777037,0.6140370627719807,established,oval21,oval21,CNN
vb_oval21_0029,neuralsat,B_established,0,0.09565547097814044,0.22339290223494937,0.0750829391226344,established,oval21,oval21,CNN
vb_oval21_0029,neuralsat,C_combined,0,0.2750423311279701,0.5252890806750401,0.09563624678726006,established,oval21,oval21,CNN
vb_oval21_0029,nnenum,B_established,1,0.8264029001420159,0.5355148593830675,0.8031287448999921,established,oval21,oval21,CNN
vb_oval21_0029,nnenum,C_combined,1,0.6130596383314838,0.7922178679069611,0.7424690073417473,established,oval21,oval21,CNN
vb_oval21_0029,pyrat,B_established,1,0.6468201321745585,0.11522529649513755,0.10265352715857948,established,oval21,oval21,CNN
vb_oval21_0029,pyrat,C_combined,1,0.3665688453118114,0.5775046857466072,0.3775118910091645,established,oval21,oval21,CNN
