instance_id,benchmark,family,arch,domain,axis,n_samples,dist_preset,atau_width,proj_dim,eta,u_mode,u_tau,seed,component,value,na_reason,wall_time_s
ep3,sweep_all,Constant-on-Box,MLP,synthetic,atau,200,current_mixture,0.05,5,1e-12,width,0.0,0,a_tau,3.5263605246161616,,9.213
ep3,sweep_all,Constant-on-Box,MLP,synthetic,atau,200,current_mixture,0.05,5,1e-12,width,0.0,1,a_tau,3.784189633918261,,9.459
ep3,sweep_all,Constant-on-Box,MLP,synthetic,atau,200,current_mixture,0.05,5,1e-12,width,0.0,2,a_tau,3.5263605246161616,,8.995
ep3,sweep_all,Constant-on-Box,MLP,synthetic,atau,200,current_mixture,0.05,5,1e-12,width,0.0,3,a_tau,3.58351893845611,,9.714
ep3,sweep_all,Constant-on-Box,MLP,synthetic,atau,200,current_mixture,0.05,5,1e-12,width,0.0,4,a_tau,3.6888794541139363,,7.016
ep3,sweep_all,Constant-on-Box,MLP,synthetic,atau,200,current_mixture,0.05,5,1e-12,width,0.0,5,a_tau,3.6375861597263857,,9.016
ep3,sweep_all,Constant-on-Box,MLP,synthetic,atau,200,current_mixture,0.05,5,1e-12,width,0.0,6,a_tau,3.4339872044851463,,8.996
ep3,sweep_all,Constant-on-Box,MLP,synthetic,atau,200,current_mixture,0.05,5,1e-12,width,0.0,7,a_tau,3.4965075614664802,,9.293
ep3,sweep_all,Constant-on-Box,MLP,synthetic,atau,200,current_mixture,0.05,10,1e-12,width,0.0,0,a_tau,3.5263605246161616,,8.77
ep3,sweep_all,Constant-on-Box,MLP,synthetic,atau,200,current_mixture,0.05,10,1e-12,width,0.0,1,a_tau,3.784189633918261,,9.502
ep3,sweep_all,Constant-on-Box,MLP,synthetic,atau,200,current_mixture,0.05,10,1e-12,width,0.0,2,a_tau,3.5263605246161616,,8.794
ep3,sweep_all,Constant-on-Box,MLP,synthetic,atau,200,current_mixture,0.05,10,1e-12,width,0.0,3,a_tau,3.58351893845611,,5.537
ep3,sweep_all,Constant-on-Box,MLP,synthetic,atau,200,current_mixture,0.05,10,1e-12,width,0.0,4,a_tau,3.6888794541139363,,4.568
ep3,sweep_all,Constant-on-Box,MLP,synthetic,atau,200,current_mixture,0.05,10,1e-12,width,0.0,5,a_tau,3.6375861597263857,,4.618
ep3,sweep_all,Constant-on-Box,MLP,synthetic,atau,200,current_mixture,0.05,10,1e-12,width,0.0,6,a_tau,3.4339872044851463,,8.983
ep3,sweep_all,Constant-on-Box,MLP,synthetic,atau,200,current_mixture,0.05,10,1e-12,width,0.0,7,a_tau,3.4965075614664802,,6.03
ep3,sweep_all,Constant-on-Box,MLP,synthetic,atau,200,current_mixture,0.05,20,1e-12,width,0.0,0,a_tau,3.5263605246161616,,6.66
ep3,sweep_all,Constant-on-Box,MLP,synthetic,atau,200,current_mixture,0.05,20,1e-12,width,0.0,1,a_tau,3.784189633918261,,6.163
ep3,sweep_all,Constant-on-Box,MLP,synthetic,atau,200,current_mixture,0.05,20,1e-12,width,0.0,2,a_tau,3.5263605246161616,,6.715
ep3,sweep_all,Constant-on-Box,MLP,synthetic,atau,200,current_mixture,0.05,20,1e-12,width,0.0,3,a_tau,3.58351893845611,,7.128
ep3,sweep_all,Constant-on-Box,MLP,synthetic,atau,200,current_mixture,0.05,20,1e-12,width,0.0,4,a_tau,3.6888794541139363,,6.549
ep3,sweep_all,Constant-on-Box,MLP,synthetic,atau,200,current_mixture,0.05,20,1e-12,width,0.0,5,a_tau,3.6375861597263857,,6.155
ep3,sweep_all,Constant-on-Box,MLP,synthetic,atau,200,current_mixture,0.05,20,1e-12,width,0.0,6,a_tau,3.4339872044851463,,8.557
ep3,sweep_all,Constant-on-Box,MLP,synthetic,atau,200,current_mixture,0.05,20,1e-12,width,0.0,7,a_tau,3.4965075614664802,,9.28
ep3,sweep_all,Constant-on-Box,MLP,synthetic,atau,200,current_mixture,0.1,5,1e-12,width,0.0,0,a_tau,3.5263605246161616,,4.004
ep3,sweep_all,Constant-on-Box,MLP,synthetic,atau,200,current_mixture,0.1,5,1e-12,width,0.0,1,a_tau,3.784189633918261,,4.684
ep3,sweep_all,Constant-on-Box,MLP,synthetic,atau,200,current_mixture,0.1,5,1e-12,width,0.0,2,a_tau,3.5263605246161616,,5.388
ep3,sweep_all,Constant-on-Box,MLP,synthetic,atau,200,current_mixture,0.1,5,1e-12,width,0.0,3,a_tau,3.58351893845611,,5.769
ep3,sweep_all,Constant-on-Box,MLP,synthetic,atau,200,current_mixture,0.1,5,1e-12,width,0.0,4,a_tau,3.6888794541139363,,5.893
ep3,sweep_all,Constant-on-Box,MLP,synthetic,atau,200,current_mixture,0.1,5,1e-12,width,0.0,5,a_tau,3.6375861597263857,,5.563
ep3,sweep_all,Constant-on-Box,MLP,synthetic,atau,200,current_mixture,0.1,5,1e-12,width,0.0,6,a_tau,3.4339872044851463,,6.262
ep3,sweep_all,Constant-on-Box,MLP,synthetic,atau,200,current_mixture,0.1,5,1e-12,width,0.0,7,a_tau,3.4965075614664802,,6.844
ep3,sweep_all,Constant-on-Box,MLP,synthetic,atau,200,current_mixture,0.1,10,1e-12,width,0.0,0,a_tau,3.5263605246161616,,6.229
ep3,sweep_all,Constant-on-Box,MLP,synthetic,atau,200,current_mixture,0.1,10,1e-12,width,0.0,1,a_tau,3.784189633918261,,6.574
ep3,sweep_all,Constant-on-Box,MLP,synthetic,atau,200,current_mixture,0.1,10,1e-12,width,0.0,2,a_tau,3.5263605246161616,,6.442
ep3,sweep_all,Constant-on-Box,MLP,synthetic,atau,200,current_mixture,0.1,10,1e-12,width,0.0,3,a_tau,3.58351893845611,,4.065
ep3,sweep_all,Constant-on-Box,MLP,synthetic,atau,200,current_mixture,0.1,10,1e-12,width,0.0,4,a_tau,3.6888794541139363,,8.949
ep3,sweep_all,Constant-on-Box,MLP,synthetic,atau,200,current_mixture,0.1,10,1e-12,width,0.0,5,a_tau,3.6375861597263857,,9.178
ep3,sweep_all,Constant-on-Box,MLP,synthetic,atau,200,current_mixture,0.1,10,1e-12,width,0.0,6,a_tau,3.4339872044851463,,8.831
ep3,sweep_all,Constant-on-Box,MLP,synthetic,atau,200,current_mixture,0.1,10,1e-12,width,0.0,7,a_tau,3.4965075614664802,,8.664
ep3,sweep_all,Constant-on-Box,MLP,synthetic,atau,200,current_mixture,0.1,20,1e-12,width,0.0,0,a_tau,3.5263605246161616,,8.619
ep3,sweep_all,Constant-on-Box,MLP,synthetic,atau,200,current_mixture,0.1,20,1e-12,width,0.0,1,a_tau,3.784189633918261,,8.945
ep3,sweep_all,Constant-on-Box,MLP,synthetic,atau,200,current_mixture,0.1,20,1e-12,width,0.0,2,a_tau,3.5263605246161616,,8.644
ep3,sweep_all,Constant-on-Box,MLP,synthetic,atau,200,current_mixture,0.1,20,1e-12,width,0.0,3,a_tau,3.58351893845611,,8.202
ep3,sweep_all,Constant-on-Box,MLP,synthetic,atau,200,current_mixture,0.1,20,1e-12,width,0.0,4,a_tau,3.6888794541139363,,8.335
ep3,sweep_all,Constant-on-Box,MLP,synthetic,atau,200,current_mixture,0.1,20,1e-12,width,0.0,5,a_tau,3.6375861597263857,,4.045
ep3,sweep_all,Constant-on-Box,MLP,synthetic,atau,200,current_mixture,0.1,20,1e-12,width,0.0,6,a_tau,3.4339872044851463,,8.159
ep3,sweep_all,Constant-on-Box,MLP,synthetic,atau,200,current_mixture,0.1,20,1e-12,width,0.0,7,a_tau,3.4965075614664802,,8.651
ep3,sweep_all,Constant-on-Box,MLP,synthetic,atau,200,current_mixture,0.2,5,1e-12,width,0.0,0,a_tau,3.5263605246161616,,4.987
ep3,sweep_all,Constant-on-Box,MLP,synthetic,atau,200,current_mixture,0.2,5,1e-12,width,0.0,1,a_tau,3.784189633918261,,9.422
ep3,sweep_all,Constant-on-Box,MLP,synthetic,atau,200,current_mixture,0.2,5,1e-12,width,0.0,2,a_tau,3.5263605246161616,,5.243
ep3,sweep_all,Constant-on-Box,MLP,synthetic,atau,200,current_mixture,0.2,5,1e-12,width,0.0,3,a_tau,3.58351893845611,,5.662
ep3,sweep_all,Constant-on-Box,MLP,synthetic,atau,200,current_mixture,0.2,5,1e-12,width,0.0,4,a_tau,3.6888794541139363,,8.579
ep3,sweep_all,Constant-on-Box,MLP,synthetic,atau,200,current_mixture,0.2,5,1e-12,width,0.0,5,a_tau,3.6375861597263857,,5.533
ep3,sweep_all,Constant-on-Box,MLP,synthetic,atau,200,current_mixture,0.2,5,1e-12,width,0.0,6,a_tau,3.4339872044851463,,6.474
ep3,sweep_all,Constant-on-Box,MLP,synthetic,atau,200,current_mixture,0.2,5,1e-12,width,0.0,7,a_tau,3.4965075614664802,,4.291
ep3,sweep_all,Constant-on-Box,MLP,synthetic,atau,200,current_mixture,0.2,10,1e-12,width,0.0,0,a_tau,3.5263605246161616,,6.269
ep3,sweep_all,Constant-on-Box,MLP,synthetic,atau,200,current_mixture,0.2,10,1e-12,width,0.0,1,a_tau,3.784189633918261,,6.487
ep3,sweep_all,Constant-on-Box,MLP,synthetic,atau,200,current_mixture,0.2,10,1e-12,width,0.0,2,a_tau,3.5263605246161616,,3.776
ep3,sweep_all,Constant-on-Box,MLP,synthetic,atau,200,current_mixture,0.2,10,1e-12,width,0.0,3,a_tau,3.58351893845611,,6.87
ep3,sweep_all,Constant-on-Box,MLP,synthetic,atau,200,current_mixture,0.2,10,1e-12,width,0.0,4,a_tau,3.6888794541139363,,6.415
ep3,sweep_all,Constant-on-Box,MLP,synthetic,atau,200,current_mixture,0.2,10,1e-12,width,0.0,5,a_tau,3.6375861597263857,,5.269
ep3,sweep_all,Constant-on-Box,MLP,synthetic,atau,200,current_mixture,0.2,10,1e-12,width,0.0,6,a_tau,3.4339872044851463,,5.586
ep3,sweep_all,Constant-on-Box,MLP,synthetic,atau,200,current_mixture,0.2,10,1e-12,width,0.0,7,a_tau,3.4965075614664802,,4.933
ep3,sweep_all,Constant-on-Box,MLP,synthetic,atau,200,current_mixture,0.2,20,1e-12,width,0.0,0,a_tau,3.5263605246161616,,4.042
ep3,sweep_all,Constant-on-Box,MLP,synthetic,atau,200,current_mixture,0.2,20,1e-12,width,0.0,1,a_tau,3.784189633918261,,8.969
ep3,sweep_all,Constant-on-Box,MLP,synthetic,atau,200,current_mixture,0.2,20,1e-12,width,0.0,2,a_tau,3.5263605246161616,,5.613
ep3,sweep_all,Constant-on-Box,MLP,synthetic,atau,200,current_mixture,0.2,20,1e-12,width,0.0,3,a_tau,3.58351893845611,,8.911
ep3,sweep_all,Constant-on-Box,MLP,synthetic,atau,200,current_mixture,0.2,20,1e-12,width,0.0,4,a_tau,3.6888794541139363,,8.23
ep3,sweep_all,Constant-on-Box,MLP,synthetic,atau,200,current_mixture,0.2,20,1e-12,width,0.0,5,a_tau,3.6375861597263857,,8.596
ep3,sweep_all,Constant-on-Box,MLP,synthetic,atau,200,current_mixture,0.2,20,1e-12,width,0.0,6,a_tau,3.4339872044851463,,5.744
ep3,sweep_all,Constant-on-Box,MLP,synthetic,atau,200,current_mixture,0.2,20,1e-12,width,0.0,7,a_tau,3.4965075614664802,,8.439
ep3,sweep_all,Constant-on-Box,MLP,synthetic,atau,200,current_mixture,0.5,5,1e-12,width,0.0,0,a_tau,3.4965075614664802,,8.01
ep3,sweep_all,Constant-on-Box,MLP,synthetic,atau,200,current_mixture,0.5,5,1e-12,width,0.0,1,a_tau,3.784189633918261,,8.945
ep3,sweep_all,Constant-on-Box,MLP,synthetic,atau,200,current_mixture,0.5,5,1e-12,width,0.0,2,a_tau,3.5263605246161616,,9.301
ep3,sweep_all,Constant-on-Box,MLP,synthetic,atau,200,current_mixture,0.5,5,1e-12,width,0.0,3,a_tau,3.58351893845611,,8.42
ep3,sweep_all,Constant-on-Box,MLP,synthetic,atau,200,current_mixture,0.5,5,1e-12,width,0.0,4,a_tau,3.6635616461296463,,8.978
ep3,sweep_all,Constant-on-Box,MLP,synthetic,atau,200,current_mixture,0.5,5,1e-12,width,0.0,5,a_tau,3.6375861597263857,,8.861
ep3,sweep_all,Constant-on-Box,MLP,synthetic,atau,200,current_mixture,0.5,5,1e-12,width,0.0,6,a_tau,3.4339872044851463,,6.089
ep3,sweep_all,Constant-on-Box,MLP,synthetic,atau,200,current_mixture,0.5,5,1e-12,width,0.0,7,a_tau,3.4965075614664802,,6.293
ep3,sweep_all,Constant-on-Box,MLP,synthetic,atau,200,current_mixture,0.5,10,1e-12,width,0.0,0,a_tau,3.5263605246161616,,5.983
ep3,sweep_all,Constant-on-Box,MLP,synthetic,atau,200,current_mixture,0.5,10,1e-12,width,0.0,1,a_tau,3.784189633918261,,6.134
ep3,sweep_all,Constant-on-Box,MLP,synthetic,atau,200,current_mixture,0.5,10,1e-12,width,0.0,2,a_tau,3.5263605246161616,,6.819
ep3,sweep_all,Constant-on-Box,MLP,synthetic,atau,200,current_mixture,0.5,10,1e-12,width,0.0,3,a_tau,3.58351893845611,,8.611
ep3,sweep_all,Constant-on-Box,MLP,synthetic,atau,200,current_mixture,0.5,10,1e-12,width,0.0,4,a_tau,3.6888794541139363,,8.392
ep3,sweep_all,Constant-on-Box,MLP,synthetic,atau,200,current_mixture,0.5,10,1e-12,width,0.0,5,a_tau,3.6375861597263857,,4.97
ep3,sweep_all,Constant-on-Box,MLP,synthetic,atau,200,current_mixture,0.5,10,1e-12,width,0.0,6,a_tau,3.4339872044851463,,3.85
ep3,sweep_all,Constant-on-Box,MLP,synthetic,atau,200,current_mixture,0.5,10,1e-12,width,0.0,7,a_tau,3.4965075614664802,,3.917
ep3,sweep_all,Constant-on-Box,MLP,synthetic,atau,200,current_mixture,0.5,20,1e-12,width,0.0,0,a_tau,3.5263605246161616,,5.474
ep3,sweep_all,Constant-on-Box,MLP,synthetic,atau,200,current_mixture,0.5,20,1e-12,width,0.0,1,a_tau,3.784189633918261,,5.645
ep3,sweep_all,Constant-on-Box,MLP,synthetic,atau,200,current_mixture,0.5,20,1e-12,width,0.0,2,a_tau,3.5263605246161616,,5.603
ep3,sweep_all,Constant-on-Box,MLP,synthetic,atau,200,current_mixture,0.5,20,1e-12,width,0.0,3,a_tau,3.58351893845611,,4.127
ep3,sweep_all,Constant-on-Box,MLP,synthetic,atau,200,current_mixture,0.5,20,1e-12,width,0.0,4,a_tau,3.6888794541139363,,6.548
ep3,sweep_all,Constant-on-Box,MLP,synthetic,atau,200,current_mixture,0.5,20,1e-12,width,0.0,5,a_tau,3.6375861597263857,,6.625
ep3,sweep_all,Constant-on-Box,MLP,synthetic,atau,200,current_mixture,0.5,20,1e-12,width,0.0,6,a_tau,3.4339872044851463,,8.376
ep3,sweep_all,Constant-on-Box,MLP,synthetic,atau,200,current_mixture,0.5,20,1e-12,width,0.0,7,a_tau,3.4965075614664802,,9.499
ep4,sweep_all,Constant-on-Box,MLP,synthetic,atau,200,current_mixture,0.05,5,1e-12,width,0.0,0,a_tau,3.5263605246161616,,6.208
ep4,sweep_all,Constant-on-Box,MLP,synthetic,atau,200,current_mixture,0.05,5,1e-12,width,0.0,1,a_tau,3.784189633918261,,4.085
ep4,sweep_all,Constant-on-Box,MLP,synthetic,atau,200,current_mixture,0.05,5,1e-12,width,0.0,2,a_tau,3.5263605246161616,,8.139
ep4,sweep_all,Constant-on-Box,MLP,synthetic,atau,200,current_mixture,0.05,5,1e-12,width,0.0,3,a_tau,3.58351893845611,,8.788
ep4,sweep_all,Constant-on-Box,MLP,synthetic,atau,200,current_mixture,0.05,5,1e-12,width,0.0,4,a_tau,3.6888794541139363,,6.382
ep4,sweep_all,Constant-on-Box,MLP,synthetic,atau,200,current_mixture,0.05,5,1e-12,width,0.0,5,a_tau,3.6375861597263857,,5.355
ep4,sweep_all,Constant-on-Box,MLP,synthetic,atau,200,current_mixture,0.05,5,1e-12,width,0.0,6,a_tau,3.4339872044851463,,8.195
ep4,sweep_all,Constant-on-Box,MLP,synthetic,atau,200,current_mixture,0.05,5,1e-12,width,0.0,7,a_tau,3.4965075614664802,,9.531
ep4,sweep_all,Constant-on-Box,MLP,synthetic,atau,200,current_mixture,0.05,10,1e-12,width,0.0,0,a_tau,3.5263605246161616,,8.6
ep4,sweep_all,Constant-on-Box,MLP,synthetic,atau,200,current_mixture,0.05,10,1e-12,width,0.0,1,a_tau,3.784189633918261,,8.387
ep4,sweep_all,Constant-on-Box,MLP,synthetic,atau,200,current_mixture,0.05,10,1e-12,width,0.0,2,a_tau,3.5263605246161616,,8.385
ep4,sweep_all,Constant-on-Box,MLP,synthetic,atau,200,current_mixture,0.05,10,1e-12,width,0.0,3,a_tau,3.58351893845611,,8.773
ep4,sweep_all,Constant-on-Box,MLP,synthetic,atau,200,current_mixture,0.05,10,1e-12,width,0.0,4,a_tau,3.6888794541139363,,8.792
ep4,sweep_all,Constant-on-Box,MLP,synthetic,atau,200,current_mixture,0.05,10,1e-12,width,0.0,5,a_tau,3.6375861597263857,,6.717
ep4,sweep_all,Constant-on-Box,MLP,synthetic,atau,200,current_mixture,0.05,10,1e-12,width,0.0,6,a_tau,3.4339872044851463,,5.209
ep4,sweep_all,Constant-on-Box,MLP,synthetic,atau,200,current_mixture,0.05,10,1e-12,width,0.0,7,a_tau,3.4965075614664802,,5.511
ep4,sweep_all,Constant-on-Box,MLP,synthetic,atau,200,current_mixture,0.05,20,1e-12,width,0.0,0,a_tau,3.5263605246161616,,5.656
ep4,sweep_all,Constant-on-Box,MLP,synthetic,atau,200,current_mixture,0.05,20,1e-12,width,0.0,1,a_tau,3.784189633918261,,8.171
ep4,sweep_all,Constant-on-Box,MLP,synthetic,atau,200,current_mixture,0.05,20,1e-12,width,0.0,2,a_tau,3.5263605246161616,,8.789
ep4,sweep_all,Constant-on-Box,MLP,synthetic,atau,200,current_mixture,0.05,20,1e-12,width,0.0,3,a_tau,3.58351893845611,,3.748
ep4,sweep_all,Constant-on-Box,MLP,synthetic,atau,200,current_mixture,0.05,20,1e-12,width,0.0,4,a_tau,3.6888794541139363,,3.795
ep4,sweep_all,Constant-on-Box,MLP,synthetic,atau,200,current_mixture,0.05,20,1e-12,width,0.0,5,a_tau,3.6375861597263857,,5.465
ep4,sweep_all,Constant-on-Box,MLP,synthetic,atau,200,current_mixture,0.05,20,1e-12,width,0.0,6,a_tau,3.4339872044851463,,6.317
ep4,sweep_all,Constant-on-Box,MLP,synthetic,atau,200,current_mixture,0.05,20,1e-12,width,0.0,7,a_tau,3.4965075614664802,,6.096
ep4,sweep_all,Constant-on-Box,MLP,synthetic,atau,200,current_mixture,0.1,5,1e-12,width,0.0,0,a_tau,3.5263605246161616,,6.403
ep4,sweep_all,Constant-on-Box,MLP,synthetic,atau,200,current_mixture,0.1,5,1e-12,width,0.0,1,a_tau,3.784189633918261,,6.709
ep4,sweep_all,Constant-on-Box,MLP,synthetic,atau,200,current_mixture,0.1,5,1e-12,width,0.0,2,a_tau,3.5263605246161616,,3.888
ep4,sweep_all,Constant-on-Box,MLP,synthetic,atau,200,current_mixture,0.1,5,1e-12,width,0.0,3,a_tau,3.58351893845611,,5.621
ep4,sweep_all,Constant-on-Box,MLP,synthetic,atau,200,current_mixture,0.1,5,1e-12,width,0.0,4,a_tau,3.6888794541139363,,4.19
ep4,sweep_all,Constant-on-Box,MLP,synthetic,atau,200,current_mixture,0.1,5,1e-12,width,0.0,5,a_tau,3.6375861597263857,,6.935
ep4,sweep_all,Constant-on-Box,MLP,synthetic,atau,200,current_mixture,0.1,5,1e-12,width,0.0,6,a_tau,3.4339872044851463,,8.261
ep4,sweep_all,Constant-on-Box,MLP,synthetic,atau,200,current_mixture,0.1,5,1e-12,width,0.0,7,a_tau,3.4965075614664802,,8.523
ep4,sweep_all,Constant-on-Box,MLP,synthetic,atau,200,current_mixture,0.1,10,1e-12,width,0.0,0,a_tau,3.5263605246161616,,6.162
ep4,sweep_all,Constant-on-Box,MLP,synthetic,atau,200,current_mixture,0.1,10,1e-12,width,0.0,1,a_tau,3.784189633918261,,8.639
ep4,sweep_all,Constant-on-Box,MLP,synthetic,atau,200,current_mixture,0.1,10,1e-12,width,0.0,2,a_tau,3.5263605246161616,,5.684
ep4,sweep_all,Constant-on-Box,MLP,synthetic,atau,200,current_mixture,0.1,10,1e-12,width,0.0,3,a_tau,3.58351893845611,,8.442
ep4,sweep_all,Constant-on-Box,MLP,synthetic,atau,200,current_mixture,0.1,10,1e-12,width,0.0,4,a_tau,3.6888794541139363,,8.825
ep4,sweep_all,Constant-on-Box,MLP,synthetic,atau,200,current_mixture,0.1,10,1e-12,width,0.0,5,a_tau,3.6375861597263857,,9.046
ep4,sweep_all,Constant-on-Box,MLP,synthetic,atau,200,current_mixture,0.1,10,1e-12,width,0.0,6,a_tau,3.4339872044851463,,8.884
ep4,sweep_all,Constant-on-Box,MLP,synthetic,atau,200,current_mixture,0.1,10,1e-12,width,0.0,7,a_tau,3.4965075614664802,,8.28
ep4,sweep_all,Constant-on-Box,MLP,synthetic,atau,200,current_mixture,0.1,20,1e-12,width,0.0,0,a_tau,3.5263605246161616,,9.212
ep4,sweep_all,Constant-on-Box,MLP,synthetic,atau,200,current_mixture,0.1,20,1e-12,width,0.0,1,a_tau,3.784189633918261,,8.824
ep4,sweep_all,Constant-on-Box,MLP,synthetic,atau,200,current_mixture,0.1,20,1e-12,width,0.0,2,a_tau,3.5263605246161616,,8.3
ep4,sweep_all,Constant-on-Box,MLP,synthetic,atau,200,current_mixture,0.1,20,1e-12,width,0.0,3,a_tau,3.58351893845611,,4.133
ep4,sweep_all,Constant-on-Box,MLP,synthetic,atau,200,current_mixture,0.1,20,1e-12,width,0.0,4,a_tau,3.6888794541139363,,8.9
ep4,sweep_all,Constant-on-Box,MLP,synthetic,atau,200,current_mixture,0.1,20,1e-12,width,0.0,5,a_tau,3.6375861597263857,,5.046
ep4,sweep_all,Constant-on-Box,MLP,synthetic,atau,200,current_mixture,0.1,20,1e-12,width,0.0,6,a_tau,3.4339872044851463,,8.619
ep4,sweep_all,Constant-on-Box,MLP,synthetic,atau,200,current_mixture,0.1,20,1e-12,width,0.0,7,a_tau,3.4965075614664802,,4.035
ep4,sweep_all,Constant-on-Box,MLP,synthetic,atau,200,current_mixture,0.2,5,1e-12,width,0.0,0,a_tau,3.5263605246161616,,6.4
ep4,sweep_all,Constant-on-Box,MLP,synthetic,atau,200,current_mixture,0.2,5,1e-12,width,0.0,1,a_tau,3.784189633918261,,5.965
ep4,sweep_all,Constant-on-Box,MLP,synthetic,atau,200,current_mixture,0.2,5,1e-12,width,0.0,2,a_tau,3.5263605246161616,,6.324
ep4,sweep_all,Constant-on-Box,MLP,synthetic,atau,200,current_mixture,0.2,5,1e-12,width,0.0,3,a_tau,3.58351893845611,,5.431
ep4,sweep_all,Constant-on-Box,MLP,synthetic,atau,200,current_mixture,0.2,5,1e-12,width,0.0,4,a_tau,3.6888794541139363,,6.625
ep4,sweep_all,Constant-on-Box,MLP,synthetic,atau,200,current_mixture,0.2,5,1e-12,width,0.0,5,a_tau,3.6375861597263857,,5.591
ep4,sweep_all,Constant-on-Box,MLP,synthetic,atau,200,current_mixture,0.2,5,1e-12,width,0.0,6,a_tau,3.4339872044851463,,5.764
ep4,sweep_all,Constant-on-Box,MLP,synthetic,atau,200,current_mixture,0.2,5,1e-12,width,0.0,7,a_tau,3.4965075614664802,,6.908
ep4,sweep_all,Constant-on-Box,MLP,synthetic,atau,200,current_mixture,0.2,10,1e-12,width,0.0,0,a_tau,3.5263605246161616,,3.913
ep4,sweep_all,Constant-on-Box,MLP,synthetic,atau,200,current_mixture,0.2,10,1e-12,width,0.0,1,a_tau,3.784189633918261,,4.161
ep4,sweep_all,Constant-on-Box,MLP,synthetic,atau,200,current_mixture,0.2,10,1e-12,width,0.0,2,a_tau,3.5263605246161616,,5.116
ep4,sweep_all,Constant-on-Box,MLP,synthetic,atau,200,current_mixture,0.2,10,1e-12,width,0.0,3,a_tau,3.58351893845611,,8.363
ep4,sweep_all,Constant-on-Box,MLP,synthetic,atau,200,current_mixture,0.2,10,1e-12,width,0.0,4,a_tau,3.6888794541139363,,9.117
ep4,sweep_all,Constant-on-Box,MLP,synthetic,atau,200,current_mixture,0.2,10,1e-12,width,0.0,5,a_tau,3.6375861597263857,,8.145
ep4,sweep_all,Constant-on-Box,MLP,synthetic,atau,200,current_mixture,0.2,10,1e-12,width,0.0,6,a_tau,3.4339872044851463,,8.321
ep4,sweep_all,Constant-on-Box,MLP,synthetic,atau,200,current_mixture,0.2,10,1e-12,width,0.0,7,a_tau,3.4965075614664802,,8.957
ep4,sweep_all,Constant-on-Box,MLP,synthetic,atau,200,current_mixture,0.2,20,1e-12,width,0.0,0,a_tau,3.5263605246161616,,8.697
ep4,sweep_all,Constant-on-Box,MLP,synthetic,atau,200,current_mixture,0.2,20,1e-12,width,0.0,1,a_tau,3.784189633918261,,6.79
ep4,sweep_all,Constant-on-Box,MLP,synthetic,atau,200,current_mixture,0.2,20,1e-12,width,0.0,2,a_tau,3.5263605246161616,,8.409
ep4,sweep_all,Constant-on-Box,MLP,synthetic,atau,200,current_mixture,0.2,20,1e-12,width,0.0,3,a_tau,3.58351893845611,,8.604
ep4,sweep_all,Constant-on-Box,MLP,synthetic,atau,200,current_mixture,0.2,20,1e-12,width,0.0,4,a_tau,3.6888794541139363,,8.646
ep4,sweep_all,Constant-on-Box,MLP,synthetic,atau,200,current_mixture,0.2,20,1e-12,width,0.0,5,a_tau,3.6375861597263857,,5.292
ep4,sweep_all,Constant-on-Box,MLP,synthetic,atau,200,current_mixture,0.2,20,1e-12,width,0.0,6,a_tau,3.4339872044851463,,6.514
ep4,sweep_all,Constant-on-Box,MLP,synthetic,atau,200,current_mixture,0.2,20,1e-12,width,0.0,7,a_tau,3.4965075614664802,,11.961
ep4,sweep_all,Constant-on-Box,MLP,synthetic,atau,200,current_mixture,0.5,5,1e-12,width,0.0,0,a_tau,3.4965075614664802,,6.019
ep4,sweep_all,Constant-on-Box,MLP,synthetic,atau,200,current_mixture,0.5,5,1e-12,width,0.0,1,a_tau,3.784189633918261,,11.691
ep4,sweep_all,Constant-on-Box,MLP,synthetic,atau,200,current_mixture,0.5,5,1e-12,width,0.0,2,a_tau,3.5263605246161616,,3.723
ep4,sweep_all,Constant-on-Box,MLP,synthetic,atau,200,current_mixture,0.5,5,1e-12,width,0.0,3,a_tau,3.58351893845611,,6.472
ep4,sweep_all,Constant-on-Box,MLP,synthetic,atau,200,current_mixture,0.5,5,1e-12,width,0.0,4,a_tau,3.6635616461296463,,5.917
ep4,sweep_all,Constant-on-Box,MLP,synthetic,atau,200,current_mixture,0.5,5,1e-12,width,0.0,5,a_tau,3.6375861597263857,,13.311
ep4,sweep_all,Constant-on-Box,MLP,synthetic,atau,200,current_mixture,0.5,5,1e-12,width,0.0,6,a_tau,3.4339872044851463,,5.449
ep4,sweep_all,Constant-on-Box,MLP,synthetic,atau,200,current_mixture,0.5,5,1e-12,width,0.0,7,a_tau,3.4965075614664802,,3.905
ep4,sweep_all,Constant-on-Box,MLP,synthetic,atau,200,current_mixture,0.5,10,1e-12,width,0.0,0,a_tau,3.5263605246161616,,16.116
ep4,sweep_all,Constant-on-Box,MLP,synthetic,atau,200,current_mixture,0.5,10,1e-12,width,0.0,1,a_tau,3.784189633918261,,4.945
ep4,sweep_all,Constant-on-Box,MLP,synthetic,atau,200,current_mixture,0.5,10,1e-12,width,0.0,2,a_tau,3.5263605246161616,,12.514
ep4,sweep_all,Constant-on-Box,MLP,synthetic,atau,200,current_mixture,0.5,10,1e-12,width,0.0,3,a_tau,3.58351893845611,,3.876
ep4,sweep_all,Constant-on-Box,MLP,synthetic,atau,200,current_mixture,0.5,10,1e-12,width,0.0,4,a_tau,3.6888794541139363,,20.534
ep4,sweep_all,Constant-on-Box,MLP,synthetic,atau,200,current_mixture,0.5,10,1e-12,width,0.0,5,a_tau,3.6375861597263857,,14.328
ep4,sweep_all,Constant-on-Box,MLP,synthetic,atau,200,current_mixture,0.5,10,1e-12,width,0.0,6,a_tau,3.4339872044851463,,22.935
ep4,sweep_all,Constant-on-Box,MLP,synthetic,atau,200,current_mixture,0.5,10,1e-12,width,0.0,7,a_tau,3.4965075614664802,,33.55
ep4,sweep_all,Constant-on-Box,MLP,synthetic,atau,200,current_mixture,0.5,20,1e-12,width,0.0,0,a_tau,3.5263605246161616,,26.233
ep4,sweep_all,Constant-on-Box,MLP,synthetic,atau,200,current_mixture,0.5,20,1e-12,width,0.0,1,a_tau,3.784189633918261,,23.717
ep4,sweep_all,Constant-on-Box,MLP,synthetic,atau,200,current_mixture,0.5,20,1e-12,width,0.0,2,a_tau,3.5263605246161616,,40.639
ep4,sweep_all,Constant-on-Box,MLP,synthetic,atau,200,current_mixture,0.5,20,1e-12,width,0.0,3,a_tau,3.58351893845611,,41.687
ep4,sweep_all,Constant-on-Box,MLP,synthetic,atau,200,current_mixture,0.5,20,1e-12,width,0.0,4,a_tau,3.6888794541139363,,25.672
ep4,sweep_all,Constant-on-Box,MLP,synthetic,atau,200,current_mixture,0.5,20,1e-12,width,0.0,5,a_tau,3.6375861597263857,,36.806
ep4,sweep_all,Constant-on-Box,MLP,synthetic,atau,200,current_mixture,0.5,20,1e-12,width,0.0,6,a_tau,3.4339872044851463,,44.01
ep4,sweep_all,Constant-on-Box,MLP,synthetic,atau,200,current_mixture,0.5,20,1e-12,width,0.0,7,a_tau,3.4965075614664802,,45.763
dc_cnn26,sweep_all,Deep Contractive,CNN,synthetic,atau,200,current_mixture,0.05,5,1e-12,width,0.0,0,a_tau,5.981414211254481,,0.387
dc_cnn26,sweep_all,Deep Contractive,CNN,synthetic,atau,200,current_mixture,0.05,5,1e-12,width,0.0,1,a_tau,5.963579343618446,,4.433
dc_cnn26,sweep_all,Deep Contractive,CNN,synthetic,atau,200,current_mixture,0.05,5,1e-12,width,0.0,2,a_tau,5.966146739123692,,4.534
dc_cnn26,sweep_all,Deep Contractive,CNN,synthetic,atau,200,current_mixture,0.05,5,1e-12,width,0.0,3,a_tau,5.986452005284438,,4.191
dc_cnn26,sweep_all,Deep Contractive,CNN,synthetic,atau,200,current_mixture,0.05,5,1e-12,width,0.0,4,a_tau,5.983936280687191,,3.853
dc_cnn26,sweep_all,Deep Contractive,CNN,synthetic,atau,200,current_mixture,0.05,5,1e-12,width,0.0,5,a_tau,5.976350909297934,,4.168
dc_cnn26,sweep_all,Deep Contractive,CNN,synthetic,atau,200,current_mixture,0.05,5,1e-12,width,0.0,6,a_tau,5.973809611869261,,4.338
dc_cnn26,sweep_all,Deep Contractive,CNN,synthetic,atau,200,current_mixture,0.05,5,1e-12,width,0.0,7,a_tau,5.971261839790462,,5.066
dc_cnn26,sweep_all,Deep Contractive,CNN,synthetic,atau,200,current_mixture,0.05,10,1e-12,width,0.0,0,a_tau,5.981414211254481,,5.832
dc_cnn26,sweep_all,Deep Contractive,CNN,synthetic,atau,200,current_mixture,0.05,10,1e-12,width,0.0,1,a_tau,5.963579343618446,,6.522
dc_cnn26,sweep_all,Deep Contractive,CNN,synthetic,atau,200,current_mixture,0.05,10,1e-12,width,0.0,2,a_tau,5.966146739123692,,4.247
dc_cnn26,sweep_all,Deep Contractive,CNN,synthetic,atau,200,current_mixture,0.05,10,1e-12,width,0.0,3,a_tau,5.986452005284438,,6.7
dc_cnn26,sweep_all,Deep Contractive,CNN,synthetic,atau,200,current_mixture,0.05,10,1e-12,width,0.0,4,a_tau,5.983936280687191,,4.361
dc_cnn26,sweep_all,Deep Contractive,CNN,synthetic,atau,200,current_mixture,0.05,10,1e-12,width,0.0,5,a_tau,5.976350909297934,,6.733
dc_cnn26,sweep_all,Deep Contractive,CNN,synthetic,atau,200,current_mixture,0.05,10,1e-12,width,0.0,6,a_tau,5.973809611869261,,6.643
dc_cnn26,sweep_all,Deep Contractive,CNN,synthetic,atau,200,current_mixture,0.05,10,1e-12,width,0.0,7,a_tau,5.971261839790462,,6.775
dc_cnn26,sweep_all,Deep Contractive,CNN,synthetic,atau,200,current_mixture,0.05,20,1e-12,width,0.0,0,a_tau,5.981414211254481,,5.046
dc_cnn26,sweep_all,Deep Contractive,CNN,synthetic,atau,200,current_mixture,0.05,20,1e-12,width,0.0,1,a_tau,5.963579343618446,,7.994
dc_cnn26,sweep_all,Deep Contractive,CNN,synthetic,atau,200,current_mixture,0.05,20,1e-12,width,0.0,2,a_tau,5.966146739123692,,7.531
dc_cnn26,sweep_all,Deep Contractive,CNN,synthetic,atau,200,current_mixture,0.05,20,1e-12,width,0.0,3,a_tau,5.986452005284438,,8.28
dc_cnn26,sweep_all,Deep Contractive,CNN,synthetic,atau,200,current_mixture,0.05,20,1e-12,width,0.0,4,a_tau,5.983936280687191,,6.196
dc_cnn26,sweep_all,Deep Contractive,CNN,synthetic,atau,200,current_mixture,0.05,20,1e-12,width,0.0,5,a_tau,5.976350909297934,,8.356
dc_cnn26,sweep_all,Deep Contractive,CNN,synthetic,atau,200,current_mixture,0.05,20,1e-12,width,0.0,6,a_tau,5.973809611869261,,6.451
dc_cnn26,sweep_all,Deep Contractive,CNN,synthetic,atau,200,current_mixture,0.05,20,1e-12,width,0.0,7,a_tau,5.971261839790462,,8.326
dc_cnn26,sweep_all,Deep Contractive,CNN,synthetic,atau,200,current_mixture,0.1,5,1e-12,width,0.0,0,a_tau,5.981414211254481,,6.441
dc_cnn26,sweep_all,Deep Contractive,CNN,synthetic,atau,200,current_mixture,0.1,5,1e-12,width,0.0,1,a_tau,5.963579343618446,,8.916
dc_cnn26,sweep_all,Deep Contractive,CNN,synthetic,atau,200,current_mixture,0.1,5,1e-12,width,0.0,2,a_tau,5.966146739123692,,9.159
dc_cnn26,sweep_all,Deep Contractive,CNN,synthetic,atau,200,current_mixture,0.1,5,1e-12,width,0.0,3,a_tau,5.986452005284438,,9.33
dc_cnn26,sweep_all,Deep Contractive,CNN,synthetic,atau,200,current_mixture,0.1,5,1e-12,width,0.0,4,a_tau,5.983936280687191,,9.861
dc_cnn26,sweep_all,Deep Contractive,CNN,synthetic,atau,200,current_mixture,0.1,5,1e-12,width,0.0,5,a_tau,5.976350909297934,,8.509
dc_cnn26,sweep_all,Deep Contractive,CNN,synthetic,atau,200,current_mixture,0.1,5,1e-12,width,0.0,6,a_tau,5.973809611869261,,9.43
dc_cnn26,sweep_all,Deep Contractive,CNN,synthetic,atau,200,current_mixture,0.1,5,1e-12,width,0.0,7,a_tau,5.971261839790462,,10.834
dc_cnn26,sweep_all,Deep Contractive,CNN,synthetic,atau,200,current_mixture,0.1,10,1e-12,width,0.0,0,a_tau,5.981414211254481,,10.941
dc_cnn26,sweep_all,Deep Contractive,CNN,synthetic,atau,200,current_mixture,0.1,10,1e-12,width,0.0,1,a_tau,5.963579343618446,,11.332
dc_cnn26,sweep_all,Deep Contractive,CNN,synthetic,atau,200,current_mixture,0.1,10,1e-12,width,0.0,2,a_tau,5.966146739123692,,7.179
dc_cnn26,sweep_all,Deep Contractive,CNN,synthetic,atau,200,current_mixture,0.1,10,1e-12,width,0.0,3,a_tau,5.986452005284438,,9.751
dc_cnn26,sweep_all,Deep Contractive,CNN,synthetic,atau,200,current_mixture,0.1,10,1e-12,width,0.0,4,a_tau,5.983936280687191,,9.757
dc_cnn26,sweep_all,Deep Contractive,CNN,synthetic,atau,200,current_mixture,0.1,10,1e-12,width,0.0,5,a_tau,5.976350909297934,,10.308
dc_cnn26,sweep_all,Deep Contractive,CNN,synthetic,atau,200,current_mixture,0.1,10,1e-12,width,0.0,6,a_tau,5.973809611869261,,12.191
dc_cnn26,sweep_all,Deep Contractive,CNN,synthetic,atau,200,current_mixture,0.1,10,1e-12,width,0.0,7,a_tau,5.971261839790462,,8.458
dc_cnn26,sweep_all,Deep Contractive,CNN,synthetic,atau,200,current_mixture,0.1,20,1e-12,width,0.0,0,a_tau,5.981414211254481,,12.198
dc_cnn26,sweep_all,Deep Contractive,CNN,synthetic,atau,200,current_mixture,0.1,20,1e-12,width,0.0,1,a_tau,5.963579343618446,,10.535
dc_cnn26,sweep_all,Deep Contractive,CNN,synthetic,atau,200,current_mixture,0.1,20,1e-12,width,0.0,2,a_tau,5.966146739123692,,7.793
dc_cnn26,sweep_all,Deep Contractive,CNN,synthetic,atau,200,current_mixture,0.1,20,1e-12,width,0.0,3,a_tau,5.986452005284438,,8.901
dc_cnn26,sweep_all,Deep Contractive,CNN,synthetic,atau,200,current_mixture,0.1,20,1e-12,width,0.0,4,a_tau,5.983936280687191,,11.913
dc_cnn26,sweep_all,Deep Contractive,CNN,synthetic,atau,200,current_mixture,0.1,20,1e-12,width,0.0,5,a_tau,5.976350909297934,,11.552
dc_cnn26,sweep_all,Deep Contractive,CNN,synthetic,atau,200,current_mixture,0.1,20,1e-12,width,0.0,6,a_tau,5.973809611869261,,4.389
dc_cnn26,sweep_all,Deep Contractive,CNN,synthetic,atau,200,current_mixture,0.1,20,1e-12,width,0.0,7,a_tau,5.971261839790462,,5.437
dc_cnn26,sweep_all,Deep Contractive,CNN,synthetic,atau,200,current_mixture,0.2,5,1e-12,width,0.0,0,a_tau,5.981414211254481,,4.536
dc_cnn26,sweep_all,Deep Contractive,CNN,synthetic,atau,200,current_mixture,0.2,5,1e-12,width,0.0,1,a_tau,5.963579343618446,,13.438
dc_cnn26,sweep_all,Deep Contractive,CNN,synthetic,atau,200,current_mixture,0.2,5,1e-12,width,0.0,2,a_tau,5.963579343618446,,14.089
dc_cnn26,sweep_all,Deep Contractive,CNN,synthetic,atau,200,current_mixture,0.2,5,1e-12,width,0.0,3,a_tau,5.986452005284438,,13.459
dc_cnn26,sweep_all,Deep Contractive,CNN,synthetic,atau,200,current_mixture,0.2,5,1e-12,width,0.0,4,a_tau,5.983936280687191,,4.61
dc_cnn26,sweep_all,Deep Contractive,CNN,synthetic,atau,200,current_mixture,0.2,5,1e-12,width,0.0,5,a_tau,5.968707559985366,,12.331
dc_cnn26,sweep_all,Deep Contractive,CNN,synthetic,atau,200,current_mixture,0.2,5,1e-12,width,0.0,6,a_tau,5.968707559985366,,3.611
dc_cnn26,sweep_all,Deep Contractive,CNN,synthetic,atau,200,current_mixture,0.2,5,1e-12,width,0.0,7,a_tau,5.958424693029782,,3.766
dc_cnn26,sweep_all,Deep Contractive,CNN,synthetic,atau,200,current_mixture,0.2,10,1e-12,width,0.0,0,a_tau,5.981414211254481,,13.156
dc_cnn26,sweep_all,Deep Contractive,CNN,synthetic,atau,200,current_mixture,0.2,10,1e-12,width,0.0,1,a_tau,5.963579343618446,,13.115
dc_cnn26,sweep_all,Deep Contractive,CNN,synthetic,atau,200,current_mixture,0.2,10,1e-12,width,0.0,2,a_tau,5.966146739123692,,12.899
dc_cnn26,sweep_all,Deep Contractive,CNN,synthetic,atau,200,current_mixture,0.2,10,1e-12,width,0.0,3,a_tau,5.986452005284438,,4.336
dc_cnn26,sweep_all,Deep Contractive,CNN,synthetic,atau,200,current_mixture,0.2,10,1e-12,width,0.0,4,a_tau,5.983936280687191,,15.355
dc_cnn26,sweep_all,Deep Contractive,CNN,synthetic,atau,200,current_mixture,0.2,10,1e-12,width,0.0,5,a_tau,5.976350909297934,,12.533
dc_cnn26,sweep_all,Deep Contractive,CNN,synthetic,atau,200,current_mixture,0.2,10,1e-12,width,0.0,6,a_tau,5.973809611869261,,13.415
dc_cnn26,sweep_all,Deep Contractive,CNN,synthetic,atau,200,current_mixture,0.2,10,1e-12,width,0.0,7,a_tau,5.971261839790462,,4.04
dc_cnn26,sweep_all,Deep Contractive,CNN,synthetic,atau,200,current_mixture,0.2,20,1e-12,width,0.0,0,a_tau,5.981414211254481,,13.538
dc_cnn26,sweep_all,Deep Contractive,CNN,synthetic,atau,200,current_mixture,0.2,20,1e-12,width,0.0,1,a_tau,5.963579343618446,,14.733
dc_cnn26,sweep_all,Deep Contractive,CNN,synthetic,atau,200,current_mixture,0.2,20,1e-12,width,0.0,2,a_tau,5.966146739123692,,3.966
dc_cnn26,sweep_all,Deep Contractive,CNN,synthetic,atau,200,current_mixture,0.2,20,1e-12,width,0.0,3,a_tau,5.986452005284438,,14.459
dc_cnn26,sweep_all,Deep Contractive,CNN,synthetic,atau,200,current_mixture,0.2,20,1e-12,width,0.0,4,a_tau,5.983936280687191,,7.756
dc_cnn26,sweep_all,Deep Contractive,CNN,synthetic,atau,200,current_mixture,0.2,20,1e-12,width,0.0,5,a_tau,5.976350909297934,,15.149
dc_cnn26,sweep_all,Deep Contractive,CNN,synthetic,atau,200,current_mixture,0.2,20,1e-12,width,0.0,6,a_tau,5.973809611869261,,4.03
dc_cnn26,sweep_all,Deep Contractive,CNN,synthetic,atau,200,current_mixture,0.2,20,1e-12,width,0.0,7,a_tau,5.971261839790462,,15.092
dc_cnn26,sweep_all,Deep Contractive,CNN,synthetic,atau,200,current_mixture,0.5,5,1e-12,width,0.0,0,a_tau,5.916202062607435,,12.534
dc_cnn26,sweep_all,Deep Contractive,CNN,synthetic,atau,200,current_mixture,0.5,5,1e-12,width,0.0,1,a_tau,5.82600010738045,,4.562
dc_cnn26,sweep_all,Deep Contractive,CNN,synthetic,atau,200,current_mixture,0.5,5,1e-12,width,0.0,2,a_tau,5.8664680569332965,,11.238
dc_cnn26,sweep_all,Deep Contractive,CNN,synthetic,atau,200,current_mixture,0.5,5,1e-12,width,0.0,3,a_tau,5.902633333401366,,4.966
dc_cnn26,sweep_all,Deep Contractive,CNN,synthetic,atau,200,current_mixture,0.5,5,1e-12,width,0.0,4,a_tau,5.905361848054571,,17.021
dc_cnn26,sweep_all,Deep Contractive,CNN,synthetic,atau,200,current_mixture,0.5,5,1e-12,width,0.0,5,a_tau,5.91350300563827,,4.516
dc_cnn26,sweep_all,Deep Contractive,CNN,synthetic,atau,200,current_mixture,0.5,5,1e-12,width,0.0,6,a_tau,5.902633333401366,,13.283
dc_cnn26,sweep_all,Deep Contractive,CNN,synthetic,atau,200,current_mixture,0.5,5,1e-12,width,0.0,7,a_tau,5.8805329864007,,4.743
dc_cnn26,sweep_all,Deep Contractive,CNN,synthetic,atau,200,current_mixture,0.5,10,1e-12,width,0.0,0,a_tau,5.981414211254481,,13.87
dc_cnn26,sweep_all,Deep Contractive,CNN,synthetic,atau,200,current_mixture,0.5,10,1e-12,width,0.0,1,a_tau,5.963579343618446,,15.929
dc_cnn26,sweep_all,Deep Contractive,CNN,synthetic,atau,200,current_mixture,0.5,10,1e-12,width,0.0,2,a_tau,5.966146739123692,,4.421
dc_cnn26,sweep_all,Deep Contractive,CNN,synthetic,atau,200,current_mixture,0.5,10,1e-12,width,0.0,3,a_tau,5.986452005284438,,15.423
dc_cnn26,sweep_all,Deep Contractive,CNN,synthetic,atau,200,current_mixture,0.5,10,1e-12,width,0.0,4,a_tau,5.983936280687191,,15.261
dc_cnn26,sweep_all,Deep Contractive,CNN,synthetic,atau,200,current_mixture,0.5,10,1e-12,width,0.0,5,a_tau,5.976350909297934,,16.162
dc_cnn26,sweep_all,Deep Contractive,CNN,synthetic,atau,200,current_mixture,0.5,10,1e-12,width,0.0,6,a_tau,5.973809611869261,,11.55
dc_cnn26,sweep_all,Deep Contractive,CNN,synthetic,atau,200,current_mixture,0.5,10,1e-12,width,0.0,7,a_tau,5.968707559985366,,5.631
dc_cnn26,sweep_all,Deep Contractive,CNN,synthetic,atau,200,current_mixture,0.5,20,1e-12,width,0.0,0,a_tau,5.981414211254481,,17.036
dc_cnn26,sweep_all,Deep Contractive,CNN,synthetic,atau,200,current_mixture,0.5,20,1e-12,width,0.0,1,a_tau,5.963579343618446,,4.773
dc_cnn26,sweep_all,Deep Contractive,CNN,synthetic,atau,200,current_mixture,0.5,20,1e-12,width,0.0,2,a_tau,5.966146739123692,,9.839
dc_cnn26,sweep_all,Deep Contractive,CNN,synthetic,atau,200,current_mixture,0.5,20,1e-12,width,0.0,3,a_tau,5.986452005284438,,11.849
dc_cnn26,sweep_all,Deep Contractive,CNN,synthetic,atau,200,current_mixture,0.5,20,1e-12,width,0.0,4,a_tau,5.983936280687191,,11.752
dc_cnn26,sweep_all,Deep Contractive,CNN,synthetic,atau,200,current_mixture,0.5,20,1e-12,width,0.0,5,a_tau,5.976350909297934,,6.341
dc_cnn26,sweep_all,Deep Contractive,CNN,synthetic,atau,200,current_mixture,0.5,20,1e-12,width,0.0,6,a_tau,5.973809611869261,,15.159
dc_cnn26,sweep_all,Deep Contractive,CNN,synthetic,atau,200,current_mixture,0.5,20,1e-12,width,0.0,7,a_tau,5.971261839790462,,17.401
dc_cnn25,sweep_all,Deep Contractive,CNN,synthetic,atau,200,current_mixture,0.05,5,1e-12,width,0.0,0,a_tau,5.988961416889864,,17.326
dc_cnn25,sweep_all,Deep Contractive,CNN,synthetic,atau,200,current_mixture,0.05,5,1e-12,width,0.0,1,a_tau,5.988961416889864,,16.551
dc_cnn25,sweep_all,Deep Contractive,CNN,synthetic,atau,200,current_mixture,0.05,5,1e-12,width,0.0,2,a_tau,5.991464547107982,,16.519
dc_cnn25,sweep_all,Deep Contractive,CNN,synthetic,atau,200,current_mixture,0.05,5,1e-12,width,0.0,3,a_tau,5.991464547107982,,8.716
dc_cnn25,sweep_all,Deep Contractive,CNN,synthetic,atau,200,current_mixture,0.05,5,1e-12,width,0.0,4,a_tau,5.991464547107982,,4.068
dc_cnn25,sweep_all,Deep Contractive,CNN,synthetic,atau,200,current_mixture,0.05,5,1e-12,width,0.0,5,a_tau,5.991464547107982,,9.376
dc_cnn25,sweep_all,Deep Contractive,CNN,synthetic,atau,200,current_mixture,0.05,5,1e-12,width,0.0,6,a_tau,5.988961416889864,,9.65
dc_cnn25,sweep_all,Deep Contractive,CNN,synthetic,atau,200,current_mixture,0.05,5,1e-12,width,0.0,7,a_tau,5.983936280687191,,15.328
dc_cnn25,sweep_all,Deep Contractive,CNN,synthetic,atau,200,current_mixture,0.05,10,1e-12,width,0.0,0,a_tau,5.988961416889864,,11.122
dc_cnn25,sweep_all,Deep Contractive,CNN,synthetic,atau,200,current_mixture,0.05,10,1e-12,width,0.0,1,a_tau,5.988961416889864,,3.863
dc_cnn25,sweep_all,Deep Contractive,CNN,synthetic,atau,200,current_mixture,0.05,10,1e-12,width,0.0,2,a_tau,5.991464547107982,,17.105
dc_cnn25,sweep_all,Deep Contractive,CNN,synthetic,atau,200,current_mixture,0.05,10,1e-12,width,0.0,3,a_tau,5.991464547107982,,5.076
dc_cnn25,sweep_all,Deep Contractive,CNN,synthetic,atau,200,current_mixture,0.05,10,1e-12,width,0.0,4,a_tau,5.991464547107982,,17.081
dc_cnn25,sweep_all,Deep Contractive,CNN,synthetic,atau,200,current_mixture,0.05,10,1e-12,width,0.0,5,a_tau,5.991464547107982,,17.043
dc_cnn25,sweep_all,Deep Contractive,CNN,synthetic,atau,200,current_mixture,0.05,10,1e-12,width,0.0,6,a_tau,5.988961416889864,,8.702
dc_cnn25,sweep_all,Deep Contractive,CNN,synthetic,atau,200,current_mixture,0.05,10,1e-12,width,0.0,7,a_tau,5.983936280687191,,15.181
dc_cnn25,sweep_all,Deep Contractive,CNN,synthetic,atau,200,current_mixture,0.05,20,1e-12,width,0.0,0,a_tau,5.988961416889864,,5.141
dc_cnn25,sweep_all,Deep Contractive,CNN,synthetic,atau,200,current_mixture,0.05,20,1e-12,width,0.0,1,a_tau,5.988961416889864,,10.529
dc_cnn25,sweep_all,Deep Contractive,CNN,synthetic,atau,200,current_mixture,0.05,20,1e-12,width,0.0,2,a_tau,5.991464547107982,,9.873
dc_cnn25,sweep_all,Deep Contractive,CNN,synthetic,atau,200,current_mixture,0.05,20,1e-12,width,0.0,3,a_tau,5.991464547107982,,18.354
dc_cnn25,sweep_all,Deep Contractive,CNN,synthetic,atau,200,current_mixture,0.05,20,1e-12,width,0.0,4,a_tau,5.991464547107982,,16.137
dc_cnn25,sweep_all,Deep Contractive,CNN,synthetic,atau,200,current_mixture,0.05,20,1e-12,width,0.0,5,a_tau,5.991464547107982,,15.579
dc_cnn25,sweep_all,Deep Contractive,CNN,synthetic,atau,200,current_mixture,0.05,20,1e-12,width,0.0,6,a_tau,5.988961416889864,,15.152
dc_cnn25,sweep_all,Deep Contractive,CNN,synthetic,atau,200,current_mixture,0.05,20,1e-12,width,0.0,7,a_tau,5.983936280687191,,15.716
dc_cnn25,sweep_all,Deep Contractive,CNN,synthetic,atau,200,current_mixture,0.1,5,1e-12,width,0.0,0,a_tau,5.988961416889864,,5.332
dc_cnn25,sweep_all,Deep Contractive,CNN,synthetic,atau,200,current_mixture,0.1,5,1e-12,width,0.0,1,a_tau,5.988961416889864,,13.899
dc_cnn25,sweep_all,Deep Contractive,CNN,synthetic,atau,200,current_mixture,0.1,5,1e-12,width,0.0,2,a_tau,5.991464547107982,,16.12
dc_cnn25,sweep_all,Deep Contractive,CNN,synthetic,atau,200,current_mixture,0.1,5,1e-12,width,0.0,3,a_tau,5.991464547107982,,5.379
dc_cnn25,sweep_all,Deep Contractive,CNN,synthetic,atau,200,current_mixture,0.1,5,1e-12,width,0.0,4,a_tau,5.991464547107982,,12.113
dc_cnn25,sweep_all,Deep Contractive,CNN,synthetic,atau,200,current_mixture,0.1,5,1e-12,width,0.0,5,a_tau,5.991464547107982,,15.422
dc_cnn25,sweep_all,Deep Contractive,CNN,synthetic,atau,200,current_mixture,0.1,5,1e-12,width,0.0,6,a_tau,5.988961416889864,,4.629
dc_cnn25,sweep_all,Deep Contractive,CNN,synthetic,atau,200,current_mixture,0.1,5,1e-12,width,0.0,7,a_tau,5.983936280687191,,9.33
dc_cnn25,sweep_all,Deep Contractive,CNN,synthetic,atau,200,current_mixture,0.1,10,1e-12,width,0.0,0,a_tau,5.988961416889864,,15.799
dc_cnn25,sweep_all,Deep Contractive,CNN,synthetic,atau,200,current_mixture,0.1,10,1e-12,width,0.0,1,a_tau,5.988961416889864,,16.785
dc_cnn25,sweep_all,Deep Contractive,CNN,synthetic,atau,200,current_mixture,0.1,10,1e-12,width,0.0,2,a_tau,5.991464547107982,,15.774
dc_cnn25,sweep_all,Deep Contractive,CNN,synthetic,atau,200,current_mixture,0.1,10,1e-12,width,0.0,3,a_tau,5.991464547107982,,14.881
dc_cnn25,sweep_all,Deep Contractive,CNN,synthetic,atau,200,current_mixture,0.1,10,1e-12,width,0.0,4,a_tau,5.991464547107982,,17.043
dc_cnn25,sweep_all,Deep Contractive,CNN,synthetic,atau,200,current_mixture,0.1,10,1e-12,width,0.0,5,a_tau,5.991464547107982,,15.201
dc_cnn25,sweep_all,Deep Contractive,CNN,synthetic,atau,200,current_mixture,0.1,10,1e-12,width,0.0,6,a_tau,5.988961416889864,,13.884
dc_cnn25,sweep_all,Deep Contractive,CNN,synthetic,atau,200,current_mixture,0.1,10,1e-12,width,0.0,7,a_tau,5.983936280687191,,4.702
dc_cnn25,sweep_all,Deep Contractive,CNN,synthetic,atau,200,current_mixture,0.1,20,1e-12,width,0.0,0,a_tau,5.988961416889864,,4.509
dc_cnn25,sweep_all,Deep Contractive,CNN,synthetic,atau,200,current_mixture,0.1,20,1e-12,width,0.0,1,a_tau,5.988961416889864,,3.517
dc_cnn25,sweep_all,Deep Contractive,CNN,synthetic,atau,200,current_mixture,0.1,20,1e-12,width,0.0,2,a_tau,5.991464547107982,,6.576
dc_cnn25,sweep_all,Deep Contractive,CNN,synthetic,atau,200,current_mixture,0.1,20,1e-12,width,0.0,3,a_tau,5.991464547107982,,5.572
dc_cnn25,sweep_all,Deep Contractive,CNN,synthetic,atau,200,current_mixture,0.1,20,1e-12,width,0.0,4,a_tau,5.991464547107982,,6.331
dc_cnn25,sweep_all,Deep Contractive,CNN,synthetic,atau,200,current_mixture,0.1,20,1e-12,width,0.0,5,a_tau,5.991464547107982,,6.398
dc_cnn25,sweep_all,Deep Contractive,CNN,synthetic,atau,200,current_mixture,0.1,20,1e-12,width,0.0,6,a_tau,5.988961416889864,,13.905
dc_cnn25,sweep_all,Deep Contractive,CNN,synthetic,atau,200,current_mixture,0.1,20,1e-12,width,0.0,7,a_tau,5.983936280687191,,15.815
dc_cnn25,sweep_all,Deep Contractive,CNN,synthetic,atau,200,current_mixture,0.2,5,1e-12,width,0.0,0,a_tau,5.986452005284438,,16.885
dc_cnn25,sweep_all,Deep Contractive,CNN,synthetic,atau,200,current_mixture,0.2,5,1e-12,width,0.0,1,a_tau,5.978885764901122,,8.174
dc_cnn25,sweep_all,Deep Contractive,CNN,synthetic,atau,200,current_mixture,0.2,5,1e-12,width,0.0,2,a_tau,5.991464547107982,,7.907
dc_cnn25,sweep_all,Deep Contractive,CNN,synthetic,atau,200,current_mixture,0.2,5,1e-12,width,0.0,3,a_tau,5.986452005284438,,10.096
dc_cnn25,sweep_all,Deep Contractive,CNN,synthetic,atau,200,current_mixture,0.2,5,1e-12,width,0.0,4,a_tau,5.986452005284438,,17.328
dc_cnn25,sweep_all,Deep Contractive,CNN,synthetic,atau,200,current_mixture,0.2,5,1e-12,width,0.0,5,a_tau,5.983936280687191,,15.941
dc_cnn25,sweep_all,Deep Contractive,CNN,synthetic,atau,200,current_mixture,0.2,5,1e-12,width,0.0,6,a_tau,5.986452005284438,,16.502
dc_cnn25,sweep_all,Deep Contractive,CNN,synthetic,atau,200,current_mixture,0.2,5,1e-12,width,0.0,7,a_tau,5.983936280687191,,15.006
dc_cnn25,sweep_all,Deep Contractive,CNN,synthetic,atau,200,current_mixture,0.2,10,1e-12,width,0.0,0,a_tau,5.988961416889864,,16.852
dc_cnn25,sweep_all,Deep Contractive,CNN,synthetic,atau,200,current_mixture,0.2,10,1e-12,width,0.0,1,a_tau,5.988961416889864,,9.261
dc_cnn25,sweep_all,Deep Contractive,CNN,synthetic,atau,200,current_mixture,0.2,10,1e-12,width,0.0,2,a_tau,5.991464547107982,,9.284
dc_cnn25,sweep_all,Deep Contractive,CNN,synthetic,atau,200,current_mixture,0.2,10,1e-12,width,0.0,3,a_tau,5.991464547107982,,11.608
dc_cnn25,sweep_all,Deep Contractive,CNN,synthetic,atau,200,current_mixture,0.2,10,1e-12,width,0.0,4,a_tau,5.991464547107982,,9.907
dc_cnn25,sweep_all,Deep Contractive,CNN,synthetic,atau,200,current_mixture,0.2,10,1e-12,width,0.0,5,a_tau,5.991464547107982,,9.273
dc_cnn25,sweep_all,Deep Contractive,CNN,synthetic,atau,200,current_mixture,0.2,10,1e-12,width,0.0,6,a_tau,5.988961416889864,,12.365
dc_cnn25,sweep_all,Deep Contractive,CNN,synthetic,atau,200,current_mixture,0.2,10,1e-12,width,0.0,7,a_tau,5.983936280687191,,9.23
dc_cnn25,sweep_all,Deep Contractive,CNN,synthetic,atau,200,current_mixture,0.2,20,1e-12,width,0.0,0,a_tau,5.988961416889864,,16.871
dc_cnn25,sweep_all,Deep Contractive,CNN,synthetic,atau,200,current_mixture,0.2,20,1e-12,width,0.0,1,a_tau,5.988961416889864,,14.228
dc_cnn25,sweep_all,Deep Contractive,CNN,synthetic,atau,200,current_mixture,0.2,20,1e-12,width,0.0,2,a_tau,5.991464547107982,,12.721
dc_cnn25,sweep_all,Deep Contractive,CNN,synthetic,atau,200,current_mixture,0.2,20,1e-12,width,0.0,3,a_tau,5.991464547107982,,17.551
dc_cnn25,sweep_all,Deep Contractive,CNN,synthetic,atau,200,current_mixture,0.2,20,1e-12,width,0.0,4,a_tau,5.991464547107982,,9.116
dc_cnn25,sweep_all,Deep Contractive,CNN,synthetic,atau,200,current_mixture,0.2,20,1e-12,width,0.0,5,a_tau,5.991464547107982,,15.394
dc_cnn25,sweep_all,Deep Contractive,CNN,synthetic,atau,200,current_mixture,0.2,20,1e-12,width,0.0,6,a_tau,5.988961416889864,,10.406
dc_cnn25,sweep_all,Deep Contractive,CNN,synthetic,atau,200,current_mixture,0.2,20,1e-12,width,0.0,7,a_tau,5.983936280687191,,12.733
dc_cnn25,sweep_all,Deep Contractive,CNN,synthetic,atau,200,current_mixture,0.5,5,1e-12,width,0.0,0,a_tau,5.908082938168931,,9.594
dc_cnn25,sweep_all,Deep Contractive,CNN,synthetic,atau,200,current_mixture,0.5,5,1e-12,width,0.0,1,a_tau,5.84354441703136,,10.223
dc_cnn25,sweep_all,Deep Contractive,CNN,synthetic,atau,200,current_mixture,0.5,5,1e-12,width,0.0,2,a_tau,5.926926025970411,,10.185
dc_cnn25,sweep_all,Deep Contractive,CNN,synthetic,atau,200,current_mixture,0.5,5,1e-12,width,0.0,3,a_tau,5.8971538676367405,,9.386
dc_cnn25,sweep_all,Deep Contractive,CNN,synthetic,atau,200,current_mixture,0.5,5,1e-12,width,0.0,4,a_tau,5.91350300563827,,10.954
dc_cnn25,sweep_all,Deep Contractive,CNN,synthetic,atau,200,current_mixture,0.5,5,1e-12,width,0.0,5,a_tau,5.883322388488279,,12.616
dc_cnn25,sweep_all,Deep Contractive,CNN,synthetic,atau,200,current_mixture,0.5,5,1e-12,width,0.0,6,a_tau,5.905361848054571,,10.057
dc_cnn25,sweep_all,Deep Contractive,CNN,synthetic,atau,200,current_mixture,0.5,5,1e-12,width,0.0,7,a_tau,5.883322388488279,,18.981
dc_cnn25,sweep_all,Deep Contractive,CNN,synthetic,atau,200,current_mixture,0.5,10,1e-12,width,0.0,0,a_tau,5.988961416889864,,17.891
dc_cnn25,sweep_all,Deep Contractive,CNN,synthetic,atau,200,current_mixture,0.5,10,1e-12,width,0.0,1,a_tau,5.988961416889864,,16.118
dc_cnn25,sweep_all,Deep Contractive,CNN,synthetic,atau,200,current_mixture,0.5,10,1e-12,width,0.0,2,a_tau,5.991464547107982,,17.872
dc_cnn25,sweep_all,Deep Contractive,CNN,synthetic,atau,200,current_mixture,0.5,10,1e-12,width,0.0,3,a_tau,5.991464547107982,,19.168
dc_cnn25,sweep_all,Deep Contractive,CNN,synthetic,atau,200,current_mixture,0.5,10,1e-12,width,0.0,4,a_tau,5.991464547107982,,13.538
dc_cnn25,sweep_all,Deep Contractive,CNN,synthetic,atau,200,current_mixture,0.5,10,1e-12,width,0.0,5,a_tau,5.991464547107982,,17.93
dc_cnn25,sweep_all,Deep Contractive,CNN,synthetic,atau,200,current_mixture,0.5,10,1e-12,width,0.0,6,a_tau,5.988961416889864,,17.966
dc_cnn25,sweep_all,Deep Contractive,CNN,synthetic,atau,200,current_mixture,0.5,10,1e-12,width,0.0,7,a_tau,5.981414211254481,,16.604
dc_cnn25,sweep_all,Deep Contractive,CNN,synthetic,atau,200,current_mixture,0.5,20,1e-12,width,0.0,0,a_tau,5.988961416889864,,16.125
dc_cnn25,sweep_all,Deep Contractive,CNN,synthetic,atau,200,current_mixture,0.5,20,1e-12,width,0.0,1,a_tau,5.988961416889864,,6.16
dc_cnn25,sweep_all,Deep Contractive,CNN,synthetic,atau,200,current_mixture,0.5,20,1e-12,width,0.0,2,a_tau,5.991464547107982,,11.65
dc_cnn25,sweep_all,Deep Contractive,CNN,synthetic,atau,200,current_mixture,0.5,20,1e-12,width,0.0,3,a_tau,5.991464547107982,,16.612
dc_cnn25,sweep_all,Deep Contractive,CNN,synthetic,atau,200,current_mixture,0.5,20,1e-12,width,0.0,4,a_tau,5.991464547107982,,15.952
dc_cnn25,sweep_all,Deep Contractive,CNN,synthetic,atau,200,current_mixture,0.5,20,1e-12,width,0.0,5,a_tau,5.991464547107982,,5.55
dc_cnn25,sweep_all,Deep Contractive,CNN,synthetic,atau,200,current_mixture,0.5,20,1e-12,width,0.0,6,a_tau,5.988961416889864,,13.968
dc_cnn25,sweep_all,Deep Contractive,CNN,synthetic,atau,200,current_mixture,0.5,20,1e-12,width,0.0,7,a_tau,5.983936280687191,,6.918
dc_cnn27,sweep_all,Deep Contractive,CNN,synthetic,atau,200,current_mixture,0.05,5,1e-12,width,0.0,0,a_tau,5.981414211254481,,8.023
dc_cnn27,sweep_all,Deep Contractive,CNN,synthetic,atau,200,current_mixture,0.05,5,1e-12,width,0.0,1,a_tau,5.953243334287785,,16.436
dc_cnn27,sweep_all,Deep Contractive,CNN,synthetic,atau,200,current_mixture,0.05,5,1e-12,width,0.0,2,a_tau,5.968707559985366,,15.867
dc_cnn27,sweep_all,Deep Contractive,CNN,synthetic,atau,200,current_mixture,0.05,5,1e-12,width,0.0,3,a_tau,5.966146739123692,,18.17
dc_cnn27,sweep_all,Deep Contractive,CNN,synthetic,atau,200,current_mixture,0.05,5,1e-12,width,0.0,4,a_tau,5.986452005284438,,15.687
dc_cnn27,sweep_all,Deep Contractive,CNN,synthetic,atau,200,current_mixture,0.05,5,1e-12,width,0.0,5,a_tau,5.978885764901122,,15.863
dc_cnn27,sweep_all,Deep Contractive,CNN,synthetic,atau,200,current_mixture,0.05,5,1e-12,width,0.0,6,a_tau,5.976350909297934,,16.453
dc_cnn27,sweep_all,Deep Contractive,CNN,synthetic,atau,200,current_mixture,0.05,5,1e-12,width,0.0,7,a_tau,5.973809611869261,,16.337
dc_cnn27,sweep_all,Deep Contractive,CNN,synthetic,atau,200,current_mixture,0.05,10,1e-12,width,0.0,0,a_tau,5.981414211254481,,17.35
dc_cnn27,sweep_all,Deep Contractive,CNN,synthetic,atau,200,current_mixture,0.05,10,1e-12,width,0.0,1,a_tau,5.953243334287785,,4.109
dc_cnn27,sweep_all,Deep Contractive,CNN,synthetic,atau,200,current_mixture,0.05,10,1e-12,width,0.0,2,a_tau,5.968707559985366,,5.904
dc_cnn27,sweep_all,Deep Contractive,CNN,synthetic,atau,200,current_mixture,0.05,10,1e-12,width,0.0,3,a_tau,5.966146739123692,,16.04
dc_cnn27,sweep_all,Deep Contractive,CNN,synthetic,atau,200,current_mixture,0.05,10,1e-12,width,0.0,4,a_tau,5.986452005284438,,4.628
dc_cnn27,sweep_all,Deep Contractive,CNN,synthetic,atau,200,current_mixture,0.05,10,1e-12,width,0.0,5,a_tau,5.978885764901122,,16.509
dc_cnn27,sweep_all,Deep Contractive,CNN,synthetic,atau,200,current_mixture,0.05,10,1e-12,width,0.0,6,a_tau,5.976350909297934,,3.765
dc_cnn27,sweep_all,Deep Contractive,CNN,synthetic,atau,200,current_mixture,0.05,10,1e-12,width,0.0,7,a_tau,5.973809611869261,,16.709
dc_cnn27,sweep_all,Deep Contractive,CNN,synthetic,atau,200,current_mixture,0.05,20,1e-12,width,0.0,0,a_tau,5.981414211254481,,16.567
dc_cnn27,sweep_all,Deep Contractive,CNN,synthetic,atau,200,current_mixture,0.05,20,1e-12,width,0.0,1,a_tau,5.953243334287785,,15.041
dc_cnn27,sweep_all,Deep Contractive,CNN,synthetic,atau,200,current_mixture,0.05,20,1e-12,width,0.0,2,a_tau,5.968707559985366,,14.897
dc_cnn27,sweep_all,Deep Contractive,CNN,synthetic,atau,200,current_mixture,0.05,20,1e-12,width,0.0,3,a_tau,5.966146739123692,,13.789
dc_cnn27,sweep_all,Deep Contractive,CNN,synthetic,atau,200,current_mixture,0.05,20,1e-12,width,0.0,4,a_tau,5.986452005284438,,6.818
dc_cnn27,sweep_all,Deep Contractive,CNN,synthetic,atau,200,current_mixture,0.05,20,1e-12,width,0.0,5,a_tau,5.978885764901122,,10.514
dc_cnn27,sweep_all,Deep Contractive,CNN,synthetic,atau,200,current_mixture,0.05,20,1e-12,width,0.0,6,a_tau,5.976350909297934,,11.737
dc_cnn27,sweep_all,Deep Contractive,CNN,synthetic,atau,200,current_mixture,0.05,20,1e-12,width,0.0,7,a_tau,5.973809611869261,,15.414
dc_cnn27,sweep_all,Deep Contractive,CNN,synthetic,atau,200,current_mixture,0.1,5,1e-12,width,0.0,0,a_tau,5.981414211254481,,16.89
dc_cnn27,sweep_all,Deep Contractive,CNN,synthetic,atau,200,current_mixture,0.1,5,1e-12,width,0.0,1,a_tau,5.953243334287785,,11.242
dc_cnn27,sweep_all,Deep Contractive,CNN,synthetic,atau,200,current_mixture,0.1,5,1e-12,width,0.0,2,a_tau,5.968707559985366,,12.397
dc_cnn27,sweep_all,Deep Contractive,CNN,synthetic,atau,200,current_mixture,0.1,5,1e-12,width,0.0,3,a_tau,5.966146739123692,,12.282
dc_cnn27,sweep_all,Deep Contractive,CNN,synthetic,atau,200,current_mixture,0.1,5,1e-12,width,0.0,4,a_tau,5.986452005284438,,11.077
dc_cnn27,sweep_all,Deep Contractive,CNN,synthetic,atau,200,current_mixture,0.1,5,1e-12,width,0.0,5,a_tau,5.978885764901122,,17.122
dc_cnn27,sweep_all,Deep Contractive,CNN,synthetic,atau,200,current_mixture,0.1,5,1e-12,width,0.0,6,a_tau,5.976350909297934,,15.336
dc_cnn27,sweep_all,Deep Contractive,CNN,synthetic,atau,200,current_mixture,0.1,5,1e-12,width,0.0,7,a_tau,5.973809611869261,,11.348
dc_cnn27,sweep_all,Deep Contractive,CNN,synthetic,atau,200,current_mixture,0.1,10,1e-12,width,0.0,0,a_tau,5.981414211254481,,11.283
dc_cnn27,sweep_all,Deep Contractive,CNN,synthetic,atau,200,current_mixture,0.1,10,1e-12,width,0.0,1,a_tau,5.953243334287785,,15.425
dc_cnn27,sweep_all,Deep Contractive,CNN,synthetic,atau,200,current_mixture,0.1,10,1e-12,width,0.0,2,a_tau,5.968707559985366,,15.802
dc_cnn27,sweep_all,Deep Contractive,CNN,synthetic,atau,200,current_mixture,0.1,10,1e-12,width,0.0,3,a_tau,5.966146739123692,,16.101
dc_cnn27,sweep_all,Deep Contractive,CNN,synthetic,atau,200,current_mixture,0.1,10,1e-12,width,0.0,4,a_tau,5.986452005284438,,6.984
dc_cnn27,sweep_all,Deep Contractive,CNN,synthetic,atau,200,current_mixture,0.1,10,1e-12,width,0.0,5,a_tau,5.978885764901122,,17.769
dc_cnn27,sweep_all,Deep Contractive,CNN,synthetic,atau,200,current_mixture,0.1,10,1e-12,width,0.0,6,a_tau,5.976350909297934,,15.652
dc_cnn27,sweep_all,Deep Contractive,CNN,synthetic,atau,200,current_mixture,0.1,10,1e-12,width,0.0,7,a_tau,5.973809611869261,,6.666
dc_cnn27,sweep_all,Deep Contractive,CNN,synthetic,atau,200,current_mixture,0.1,20,1e-12,width,0.0,0,a_tau,5.981414211254481,,11.113
dc_cnn27,sweep_all,Deep Contractive,CNN,synthetic,atau,200,current_mixture,0.1,20,1e-12,width,0.0,1,a_tau,5.953243334287785,,14.544
dc_cnn27,sweep_all,Deep Contractive,CNN,synthetic,atau,200,current_mixture,0.1,20,1e-12,width,0.0,2,a_tau,5.968707559985366,,5.837
dc_cnn27,sweep_all,Deep Contractive,CNN,synthetic,atau,200,current_mixture,0.1,20,1e-12,width,0.0,3,a_tau,5.966146739123692,,17.045
dc_cnn27,sweep_all,Deep Contractive,CNN,synthetic,atau,200,current_mixture,0.1,20,1e-12,width,0.0,4,a_tau,5.986452005284438,,12.221
dc_cnn27,sweep_all,Deep Contractive,CNN,synthetic,atau,200,current_mixture,0.1,20,1e-12,width,0.0,5,a_tau,5.978885764901122,,15.799
dc_cnn27,sweep_all,Deep Contractive,CNN,synthetic,atau,200,current_mixture,0.1,20,1e-12,width,0.0,6,a_tau,5.976350909297934,,9.17
dc_cnn27,sweep_all,Deep Contractive,CNN,synthetic,atau,200,current_mixture,0.1,20,1e-12,width,0.0,7,a_tau,5.973809611869261,,14.448
dc_cnn27,sweep_all,Deep Contractive,CNN,synthetic,atau,200,current_mixture,0.2,5,1e-12,width,0.0,0,a_tau,5.978885764901122,,16.79
dc_cnn27,sweep_all,Deep Contractive,CNN,synthetic,atau,200,current_mixture,0.2,5,1e-12,width,0.0,1,a_tau,5.950642552587727,,9.766
dc_cnn27,sweep_all,Deep Contractive,CNN,synthetic,atau,200,current_mixture,0.2,5,1e-12,width,0.0,2,a_tau,5.966146739123692,,17.169
dc_cnn27,sweep_all,Deep Contractive,CNN,synthetic,atau,200,current_mixture,0.2,5,1e-12,width,0.0,3,a_tau,5.961005339623274,,16.115
dc_cnn27,sweep_all,Deep Contractive,CNN,synthetic,atau,200,current_mixture,0.2,5,1e-12,width,0.0,4,a_tau,5.983936280687191,,16.107
dc_cnn27,sweep_all,Deep Contractive,CNN,synthetic,atau,200,current_mixture,0.2,5,1e-12,width,0.0,5,a_tau,5.976350909297934,,4.915
dc_cnn27,sweep_all,Deep Contractive,CNN,synthetic,atau,200,current_mixture,0.2,5,1e-12,width,0.0,6,a_tau,5.971261839790462,,13.124
dc_cnn27,sweep_all,Deep Contractive,CNN,synthetic,atau,200,current_mixture,0.2,5,1e-12,width,0.0,7,a_tau,5.968707559985366,,8.893
dc_cnn27,sweep_all,Deep Contractive,CNN,synthetic,atau,200,current_mixture,0.2,10,1e-12,width,0.0,0,a_tau,5.981414211254481,,16.192
dc_cnn27,sweep_all,Deep Contractive,CNN,synthetic,atau,200,current_mixture,0.2,10,1e-12,width,0.0,1,a_tau,5.953243334287785,,10.636
dc_cnn27,sweep_all,Deep Contractive,CNN,synthetic,atau,200,current_mixture,0.2,10,1e-12,width,0.0,2,a_tau,5.968707559985366,,5.14
dc_cnn27,sweep_all,Deep Contractive,CNN,synthetic,atau,200,current_mixture,0.2,10,1e-12,width,0.0,3,a_tau,5.966146739123692,,6.275
dc_cnn27,sweep_all,Deep Contractive,CNN,synthetic,atau,200,current_mixture,0.2,10,1e-12,width,0.0,4,a_tau,5.986452005284438,,8.828
dc_cnn27,sweep_all,Deep Contractive,CNN,synthetic,atau,200,current_mixture,0.2,10,1e-12,width,0.0,5,a_tau,5.978885764901122,,16.298
dc_cnn27,sweep_all,Deep Contractive,CNN,synthetic,atau,200,current_mixture,0.2,10,1e-12,width,0.0,6,a_tau,5.976350909297934,,16.734
dc_cnn27,sweep_all,Deep Contractive,CNN,synthetic,atau,200,current_mixture,0.2,10,1e-12,width,0.0,7,a_tau,5.973809611869261,,15.85
dc_cnn27,sweep_all,Deep Contractive,CNN,synthetic,atau,200,current_mixture,0.2,20,1e-12,width,0.0,0,a_tau,5.981414211254481,,16.335
dc_cnn27,sweep_all,Deep Contractive,CNN,synthetic,atau,200,current_mixture,0.2,20,1e-12,width,0.0,1,a_tau,5.953243334287785,,12.682
dc_cnn27,sweep_all,Deep Contractive,CNN,synthetic,atau,200,current_mixture,0.2,20,1e-12,width,0.0,2,a_tau,5.968707559985366,,7.608
dc_cnn27,sweep_all,Deep Contractive,CNN,synthetic,atau,200,current_mixture,0.2,20,1e-12,width,0.0,3,a_tau,5.966146739123692,,4.473
dc_cnn27,sweep_all,Deep Contractive,CNN,synthetic,atau,200,current_mixture,0.2,20,1e-12,width,0.0,4,a_tau,5.986452005284438,,11.87
dc_cnn27,sweep_all,Deep Contractive,CNN,synthetic,atau,200,current_mixture,0.2,20,1e-12,width,0.0,5,a_tau,5.978885764901122,,6.675
dc_cnn27,sweep_all,Deep Contractive,CNN,synthetic,atau,200,current_mixture,0.2,20,1e-12,width,0.0,6,a_tau,5.976350909297934,,6.233
dc_cnn27,sweep_all,Deep Contractive,CNN,synthetic,atau,200,current_mixture,0.2,20,1e-12,width,0.0,7,a_tau,5.973809611869261,,16.242
dc_cnn27,sweep_all,Deep Contractive,CNN,synthetic,atau,200,current_mixture,0.5,5,1e-12,width,0.0,0,a_tau,5.883322388488279,,10.611
dc_cnn27,sweep_all,Deep Contractive,CNN,synthetic,atau,200,current_mixture,0.5,5,1e-12,width,0.0,1,a_tau,5.846438775057725,,9.219
dc_cnn27,sweep_all,Deep Contractive,CNN,synthetic,atau,200,current_mixture,0.5,5,1e-12,width,0.0,2,a_tau,5.883322388488279,,16.928
dc_cnn27,sweep_all,Deep Contractive,CNN,synthetic,atau,200,current_mixture,0.5,5,1e-12,width,0.0,3,a_tau,5.8971538676367405,,15.518
dc_cnn27,sweep_all,Deep Contractive,CNN,synthetic,atau,200,current_mixture,0.5,5,1e-12,width,0.0,4,a_tau,5.918893854273146,,10.326
dc_cnn27,sweep_all,Deep Contractive,CNN,synthetic,atau,200,current_mixture,0.5,5,1e-12,width,0.0,5,a_tau,5.8888779583328805,,13.932
dc_cnn27,sweep_all,Deep Contractive,CNN,synthetic,atau,200,current_mixture,0.5,5,1e-12,width,0.0,6,a_tau,5.905361848054571,,5.839
dc_cnn27,sweep_all,Deep Contractive,CNN,synthetic,atau,200,current_mixture,0.5,5,1e-12,width,0.0,7,a_tau,5.87493073085203,,17.395
dc_cnn27,sweep_all,Deep Contractive,CNN,synthetic,atau,200,current_mixture,0.5,10,1e-12,width,0.0,0,a_tau,5.981414211254481,,17.473
dc_cnn27,sweep_all,Deep Contractive,CNN,synthetic,atau,200,current_mixture,0.5,10,1e-12,width,0.0,1,a_tau,5.953243334287785,,16.281
dc_cnn27,sweep_all,Deep Contractive,CNN,synthetic,atau,200,current_mixture,0.5,10,1e-12,width,0.0,2,a_tau,5.968707559985366,,17.113
dc_cnn27,sweep_all,Deep Contractive,CNN,synthetic,atau,200,current_mixture,0.5,10,1e-12,width,0.0,3,a_tau,5.966146739123692,,12.592
dc_cnn27,sweep_all,Deep Contractive,CNN,synthetic,atau,200,current_mixture,0.5,10,1e-12,width,0.0,4,a_tau,5.986452005284438,,16.968
dc_cnn27,sweep_all,Deep Contractive,CNN,synthetic,atau,200,current_mixture,0.5,10,1e-12,width,0.0,5,a_tau,5.978885764901122,,13.084
dc_cnn27,sweep_all,Deep Contractive,CNN,synthetic,atau,200,current_mixture,0.5,10,1e-12,width,0.0,6,a_tau,5.971261839790462,,16.851
dc_cnn27,sweep_all,Deep Contractive,CNN,synthetic,atau,200,current_mixture,0.5,10,1e-12,width,0.0,7,a_tau,5.973809611869261,,13.846
dc_cnn27,sweep_all,Deep Contractive,CNN,synthetic,atau,200,current_mixture,0.5,20,1e-12,width,0.0,0,a_tau,5.981414211254481,,16.94
dc_cnn27,sweep_all,Deep Contractive,CNN,synthetic,atau,200,current_mixture,0.5,20,1e-12,width,0.0,1,a_tau,5.953243334287785,,15.904
dc_cnn27,sweep_all,Deep Contractive,CNN,synthetic,atau,200,current_mixture,0.5,20,1e-12,width,0.0,2,a_tau,5.968707559985366,,7.969
dc_cnn27,sweep_all,Deep Contractive,CNN,synthetic,atau,200,current_mixture,0.5,20,1e-12,width,0.0,3,a_tau,5.966146739123692,,6.267
dc_cnn27,sweep_all,Deep Contractive,CNN,synthetic,atau,200,current_mixture,0.5,20,1e-12,width,0.0,4,a_tau,5.986452005284438,,9.193
dc_cnn27,sweep_all,Deep Contractive,CNN,synthetic,atau,200,current_mixture,0.5,20,1e-12,width,0.0,5,a_tau,5.978885764901122,,4.799
dc_cnn27,sweep_all,Deep Contractive,CNN,synthetic,atau,200,current_mixture,0.5,20,1e-12,width,0.0,6,a_tau,5.976350909297934,,13.365
dc_cnn27,sweep_all,Deep Contractive,CNN,synthetic,atau,200,current_mixture,0.5,20,1e-12,width,0.0,7,a_tau,5.973809611869261,,16.077
dc_cnn24,sweep_all,Deep Contractive,CNN,synthetic,atau,200,current_mixture,0.05,5,1e-12,width,0.0,0,a_tau,5.988961416889864,,17.166
dc_cnn24,sweep_all,Deep Contractive,CNN,synthetic,atau,200,current_mixture,0.05,5,1e-12,width,0.0,1,a_tau,5.988961416889864,,17.542
dc_cnn24,sweep_all,Deep Contractive,CNN,synthetic,atau,200,current_mixture,0.05,5,1e-12,width,0.0,2,a_tau,5.991464547107982,,16.195
dc_cnn24,sweep_all,Deep Contractive,CNN,synthetic,atau,200,current_mixture,0.05,5,1e-12,width,0.0,3,a_tau,5.991464547107982,,11.931
dc_cnn24,sweep_all,Deep Contractive,CNN,synthetic,atau,200,current_mixture,0.05,5,1e-12,width,0.0,4,a_tau,5.991464547107982,,11.975
dc_cnn24,sweep_all,Deep Contractive,CNN,synthetic,atau,200,current_mixture,0.05,5,1e-12,width,0.0,5,a_tau,5.991464547107982,,15.126
dc_cnn24,sweep_all,Deep Contractive,CNN,synthetic,atau,200,current_mixture,0.05,5,1e-12,width,0.0,6,a_tau,5.988961416889864,,11.116
dc_cnn24,sweep_all,Deep Contractive,CNN,synthetic,atau,200,current_mixture,0.05,5,1e-12,width,0.0,7,a_tau,5.983936280687191,,16.82
dc_cnn24,sweep_all,Deep Contractive,CNN,synthetic,atau,200,current_mixture,0.05,10,1e-12,width,0.0,0,a_tau,5.988961416889864,,6.032
dc_cnn24,sweep_all,Deep Contractive,CNN,synthetic,atau,200,current_mixture,0.05,10,1e-12,width,0.0,1,a_tau,5.988961416889864,,8.177
dc_cnn24,sweep_all,Deep Contractive,CNN,synthetic,atau,200,current_mixture,0.05,10,1e-12,width,0.0,2,a_tau,5.991464547107982,,11.511
dc_cnn24,sweep_all,Deep Contractive,CNN,synthetic,atau,200,current_mixture,0.05,10,1e-12,width,0.0,3,a_tau,5.991464547107982,,15.974
dc_cnn24,sweep_all,Deep Contractive,CNN,synthetic,atau,200,current_mixture,0.05,10,1e-12,width,0.0,4,a_tau,5.991464547107982,,10.383
dc_cnn24,sweep_all,Deep Contractive,CNN,synthetic,atau,200,current_mixture,0.05,10,1e-12,width,0.0,5,a_tau,5.991464547107982,,4.589
dc_cnn24,sweep_all,Deep Contractive,CNN,synthetic,atau,200,current_mixture,0.05,10,1e-12,width,0.0,6,a_tau,5.988961416889864,,16.753
dc_cnn24,sweep_all,Deep Contractive,CNN,synthetic,atau,200,current_mixture,0.05,10,1e-12,width,0.0,7,a_tau,5.983936280687191,,7.799
dc_cnn24,sweep_all,Deep Contractive,CNN,synthetic,atau,200,current_mixture,0.05,20,1e-12,width,0.0,0,a_tau,5.988961416889864,,16.42
dc_cnn24,sweep_all,Deep Contractive,CNN,synthetic,atau,200,current_mixture,0.05,20,1e-12,width,0.0,1,a_tau,5.988961416889864,,17.305
dc_cnn24,sweep_all,Deep Contractive,CNN,synthetic,atau,200,current_mixture,0.05,20,1e-12,width,0.0,2,a_tau,5.991464547107982,,16.182
dc_cnn24,sweep_all,Deep Contractive,CNN,synthetic,atau,200,current_mixture,0.05,20,1e-12,width,0.0,3,a_tau,5.991464547107982,,17.35
dc_cnn24,sweep_all,Deep Contractive,CNN,synthetic,atau,200,current_mixture,0.05,20,1e-12,width,0.0,4,a_tau,5.991464547107982,,15.918
dc_cnn24,sweep_all,Deep Contractive,CNN,synthetic,atau,200,current_mixture,0.05,20,1e-12,width,0.0,5,a_tau,5.991464547107982,,14.708
dc_cnn24,sweep_all,Deep Contractive,CNN,synthetic,atau,200,current_mixture,0.05,20,1e-12,width,0.0,6,a_tau,5.988961416889864,,14.607
dc_cnn24,sweep_all,Deep Contractive,CNN,synthetic,atau,200,current_mixture,0.05,20,1e-12,width,0.0,7,a_tau,5.983936280687191,,5.426
dc_cnn24,sweep_all,Deep Contractive,CNN,synthetic,atau,200,current_mixture,0.1,5,1e-12,width,0.0,0,a_tau,5.988961416889864,,16.426
dc_cnn24,sweep_all,Deep Contractive,CNN,synthetic,atau,200,current_mixture,0.1,5,1e-12,width,0.0,1,a_tau,5.988961416889864,,15.294
dc_cnn24,sweep_all,Deep Contractive,CNN,synthetic,atau,200,current_mixture,0.1,5,1e-12,width,0.0,2,a_tau,5.991464547107982,,8.708
dc_cnn24,sweep_all,Deep Contractive,CNN,synthetic,atau,200,current_mixture,0.1,5,1e-12,width,0.0,3,a_tau,5.991464547107982,,16.676
dc_cnn24,sweep_all,Deep Contractive,CNN,synthetic,atau,200,current_mixture,0.1,5,1e-12,width,0.0,4,a_tau,5.991464547107982,,17.879
dc_cnn24,sweep_all,Deep Contractive,CNN,synthetic,atau,200,current_mixture,0.1,5,1e-12,width,0.0,5,a_tau,5.991464547107982,,8.566
dc_cnn24,sweep_all,Deep Contractive,CNN,synthetic,atau,200,current_mixture,0.1,5,1e-12,width,0.0,6,a_tau,5.988961416889864,,5.715
dc_cnn24,sweep_all,Deep Contractive,CNN,synthetic,atau,200,current_mixture,0.1,5,1e-12,width,0.0,7,a_tau,5.983936280687191,,8.226
dc_cnn24,sweep_all,Deep Contractive,CNN,synthetic,atau,200,current_mixture,0.1,10,1e-12,width,0.0,0,a_tau,5.988961416889864,,11.717
dc_cnn24,sweep_all,Deep Contractive,CNN,synthetic,atau,200,current_mixture,0.1,10,1e-12,width,0.0,1,a_tau,5.988961416889864,,5.139
dc_cnn24,sweep_all,Deep Contractive,CNN,synthetic,atau,200,current_mixture,0.1,10,1e-12,width,0.0,2,a_tau,5.991464547107982,,17.165
dc_cnn24,sweep_all,Deep Contractive,CNN,synthetic,atau,200,current_mixture,0.1,10,1e-12,width,0.0,3,a_tau,5.991464547107982,,15.002
dc_cnn24,sweep_all,Deep Contractive,CNN,synthetic,atau,200,current_mixture,0.1,10,1e-12,width,0.0,4,a_tau,5.991464547107982,,9.741
dc_cnn24,sweep_all,Deep Contractive,CNN,synthetic,atau,200,current_mixture,0.1,10,1e-12,width,0.0,5,a_tau,5.991464547107982,,15.052
dc_cnn24,sweep_all,Deep Contractive,CNN,synthetic,atau,200,current_mixture,0.1,10,1e-12,width,0.0,6,a_tau,5.988961416889864,,7.806
dc_cnn24,sweep_all,Deep Contractive,CNN,synthetic,atau,200,current_mixture,0.1,10,1e-12,width,0.0,7,a_tau,5.983936280687191,,6.67
dc_cnn24,sweep_all,Deep Contractive,CNN,synthetic,atau,200,current_mixture,0.1,20,1e-12,width,0.0,0,a_tau,5.988961416889864,,16.599
dc_cnn24,sweep_all,Deep Contractive,CNN,synthetic,atau,200,current_mixture,0.1,20,1e-12,width,0.0,1,a_tau,5.988961416889864,,11.043
dc_cnn24,sweep_all,Deep Contractive,CNN,synthetic,atau,200,current_mixture,0.1,20,1e-12,width,0.0,2,a_tau,5.991464547107982,,10.312
dc_cnn24,sweep_all,Deep Contractive,CNN,synthetic,atau,200,current_mixture,0.1,20,1e-12,width,0.0,3,a_tau,5.991464547107982,,4.044
dc_cnn24,sweep_all,Deep Contractive,CNN,synthetic,atau,200,current_mixture,0.1,20,1e-12,width,0.0,4,a_tau,5.991464547107982,,17.117
dc_cnn24,sweep_all,Deep Contractive,CNN,synthetic,atau,200,current_mixture,0.1,20,1e-12,width,0.0,5,a_tau,5.991464547107982,,10.776
dc_cnn24,sweep_all,Deep Contractive,CNN,synthetic,atau,200,current_mixture,0.1,20,1e-12,width,0.0,6,a_tau,5.988961416889864,,15.696
dc_cnn24,sweep_all,Deep Contractive,CNN,synthetic,atau,200,current_mixture,0.1,20,1e-12,width,0.0,7,a_tau,5.983936280687191,,15.305
dc_cnn24,sweep_all,Deep Contractive,CNN,synthetic,atau,200,current_mixture,0.2,5,1e-12,width,0.0,0,a_tau,5.986452005284438,,16.922
dc_cnn24,sweep_all,Deep Contractive,CNN,synthetic,atau,200,current_mixture,0.2,5,1e-12,width,0.0,1,a_tau,5.978885764901122,,15.915
dc_cnn24,sweep_all,Deep Contractive,CNN,synthetic,atau,200,current_mixture,0.2,5,1e-12,width,0.0,2,a_tau,5.991464547107982,,13.054
dc_cnn24,sweep_all,Deep Contractive,CNN,synthetic,atau,200,current_mixture,0.2,5,1e-12,width,0.0,3,a_tau,5.986452005284438,,15.673
dc_cnn24,sweep_all,Deep Contractive,CNN,synthetic,atau,200,current_mixture,0.2,5,1e-12,width,0.0,4,a_tau,5.986452005284438,,6.744
dc_cnn24,sweep_all,Deep Contractive,CNN,synthetic,atau,200,current_mixture,0.2,5,1e-12,width,0.0,5,a_tau,5.983936280687191,,9.377
dc_cnn24,sweep_all,Deep Contractive,CNN,synthetic,atau,200,current_mixture,0.2,5,1e-12,width,0.0,6,a_tau,5.986452005284438,,16.909
dc_cnn24,sweep_all,Deep Contractive,CNN,synthetic,atau,200,current_mixture,0.2,5,1e-12,width,0.0,7,a_tau,5.983936280687191,,16.452
dc_cnn24,sweep_all,Deep Contractive,CNN,synthetic,atau,200,current_mixture,0.2,10,1e-12,width,0.0,0,a_tau,5.988961416889864,,4.538
dc_cnn24,sweep_all,Deep Contractive,CNN,synthetic,atau,200,current_mixture,0.2,10,1e-12,width,0.0,1,a_tau,5.988961416889864,,16.629
dc_cnn24,sweep_all,Deep Contractive,CNN,synthetic,atau,200,current_mixture,0.2,10,1e-12,width,0.0,2,a_tau,5.991464547107982,,8.116
dc_cnn24,sweep_all,Deep Contractive,CNN,synthetic,atau,200,current_mixture,0.2,10,1e-12,width,0.0,3,a_tau,5.991464547107982,,7.636
dc_cnn24,sweep_all,Deep Contractive,CNN,synthetic,atau,200,current_mixture,0.2,10,1e-12,width,0.0,4,a_tau,5.991464547107982,,15.566
dc_cnn24,sweep_all,Deep Contractive,CNN,synthetic,atau,200,current_mixture,0.2,10,1e-12,width,0.0,5,a_tau,5.991464547107982,,16.707
dc_cnn24,sweep_all,Deep Contractive,CNN,synthetic,atau,200,current_mixture,0.2,10,1e-12,width,0.0,6,a_tau,5.988961416889864,,7.474
dc_cnn24,sweep_all,Deep Contractive,CNN,synthetic,atau,200,current_mixture,0.2,10,1e-12,width,0.0,7,a_tau,5.983936280687191,,11.304
dc_cnn24,sweep_all,Deep Contractive,CNN,synthetic,atau,200,current_mixture,0.2,20,1e-12,width,0.0,0,a_tau,5.988961416889864,,17.201
dc_cnn24,sweep_all,Deep Contractive,CNN,synthetic,atau,200,current_mixture,0.2,20,1e-12,width,0.0,1,a_tau,5.988961416889864,,10.858
dc_cnn24,sweep_all,Deep Contractive,CNN,synthetic,atau,200,current_mixture,0.2,20,1e-12,width,0.0,2,a_tau,5.991464547107982,,11.199
dc_cnn24,sweep_all,Deep Contractive,CNN,synthetic,atau,200,current_mixture,0.2,20,1e-12,width,0.0,3,a_tau,5.991464547107982,,13.306
dc_cnn24,sweep_all,Deep Contractive,CNN,synthetic,atau,200,current_mixture,0.2,20,1e-12,width,0.0,4,a_tau,5.991464547107982,,15.588
dc_cnn24,sweep_all,Deep Contractive,CNN,synthetic,atau,200,current_mixture,0.2,20,1e-12,width,0.0,5,a_tau,5.991464547107982,,14.479
dc_cnn24,sweep_all,Deep Contractive,CNN,synthetic,atau,200,current_mixture,0.2,20,1e-12,width,0.0,6,a_tau,5.988961416889864,,3.716
dc_cnn24,sweep_all,Deep Contractive,CNN,synthetic,atau,200,current_mixture,0.2,20,1e-12,width,0.0,7,a_tau,5.983936280687191,,13.102
dc_cnn24,sweep_all,Deep Contractive,CNN,synthetic,atau,200,current_mixture,0.5,5,1e-12,width,0.0,0,a_tau,5.908082938168931,,6.248
dc_cnn24,sweep_all,Deep Contractive,CNN,synthetic,atau,200,current_mixture,0.5,5,1e-12,width,0.0,1,a_tau,5.84354441703136,,10.153
dc_cnn24,sweep_all,Deep Contractive,CNN,synthetic,atau,200,current_mixture,0.5,5,1e-12,width,0.0,2,a_tau,5.926926025970411,,15.418
dc_cnn24,sweep_all,Deep Contractive,CNN,synthetic,atau,200,current_mixture,0.5,5,1e-12,width,0.0,3,a_tau,5.8971538676367405,,10.465
dc_cnn24,sweep_all,Deep Contractive,CNN,synthetic,atau,200,current_mixture,0.5,5,1e-12,width,0.0,4,a_tau,5.91350300563827,,16.53
dc_cnn24,sweep_all,Deep Contractive,CNN,synthetic,atau,200,current_mixture,0.5,5,1e-12,width,0.0,5,a_tau,5.883322388488279,,17.165
dc_cnn24,sweep_all,Deep Contractive,CNN,synthetic,atau,200,current_mixture,0.5,5,1e-12,width,0.0,6,a_tau,5.905361848054571,,17.157
dc_cnn24,sweep_all,Deep Contractive,CNN,synthetic,atau,200,current_mixture,0.5,5,1e-12,width,0.0,7,a_tau,5.883322388488279,,16.386
dc_cnn24,sweep_all,Deep Contractive,CNN,synthetic,atau,200,current_mixture,0.5,10,1e-12,width,0.0,0,a_tau,5.988961416889864,,5.738
dc_cnn24,sweep_all,Deep Contractive,CNN,synthetic,atau,200,current_mixture,0.5,10,1e-12,width,0.0,1,a_tau,5.988961416889864,,18.136
dc_cnn24,sweep_all,Deep Contractive,CNN,synthetic,atau,200,current_mixture,0.5,10,1e-12,width,0.0,2,a_tau,5.991464547107982,,18.136
dc_cnn24,sweep_all,Deep Contractive,CNN,synthetic,atau,200,current_mixture,0.5,10,1e-12,width,0.0,3,a_tau,5.991464547107982,,10.563
dc_cnn24,sweep_all,Deep Contractive,CNN,synthetic,atau,200,current_mixture,0.5,10,1e-12,width,0.0,4,a_tau,5.991464547107982,,7.526
dc_cnn24,sweep_all,Deep Contractive,CNN,synthetic,atau,200,current_mixture,0.5,10,1e-12,width,0.0,5,a_tau,5.991464547107982,,4.155
dc_cnn24,sweep_all,Deep Contractive,CNN,synthetic,atau,200,current_mixture,0.5,10,1e-12,width,0.0,6,a_tau,5.988961416889864,,17.07
dc_cnn24,sweep_all,Deep Contractive,CNN,synthetic,atau,200,current_mixture,0.5,10,1e-12,width,0.0,7,a_tau,5.981414211254481,,16.108
dc_cnn24,sweep_all,Deep Contractive,CNN,synthetic,atau,200,current_mixture,0.5,20,1e-12,width,0.0,0,a_tau,5.988961416889864,,15.889
dc_cnn24,sweep_all,Deep Contractive,CNN,synthetic,atau,200,current_mixture,0.5,20,1e-12,width,0.0,1,a_tau,5.988961416889864,,17.174
dc_cnn24,sweep_all,Deep Contractive,CNN,synthetic,atau,200,current_mixture,0.5,20,1e-12,width,0.0,2,a_tau,5.991464547107982,,16.334
dc_cnn24,sweep_all,Deep Contractive,CNN,synthetic,atau,200,current_mixture,0.5,20,1e-12,width,0.0,3,a_tau,5.991464547107982,,4.353
dc_cnn24,sweep_all,Deep Contractive,CNN,synthetic,atau,200,current_mixture,0.5,20,1e-12,width,0.0,4,a_tau,5.991464547107982,,11.96
dc_cnn24,sweep_all,Deep Contractive,CNN,synthetic,atau,200,current_mixture,0.5,20,1e-12,width,0.0,5,a_tau,5.991464547107982,,13.419
dc_cnn24,sweep_all,Deep Contractive,CNN,synthetic,atau,200,current_mixture,0.5,20,1e-12,width,0.0,6,a_tau,5.988961416889864,,5.976
dc_cnn24,sweep_all,Deep Contractive,CNN,synthetic,atau,200,current_mixture,0.5,20,1e-12,width,0.0,7,a_tau,5.983936280687191,,15.559
dc_cnn28,sweep_all,Deep Contractive,CNN,synthetic,atau,200,current_mixture,0.05,5,1e-12,width,0.0,0,a_tau,5.981414211254481,,17.391
dc_cnn28,sweep_all,Deep Contractive,CNN,synthetic,atau,200,current_mixture,0.05,5,1e-12,width,0.0,1,a_tau,5.953243334287785,,6.198
dc_cnn28,sweep_all,Deep Contractive,CNN,synthetic,atau,200,current_mixture,0.05,5,1e-12,width,0.0,2,a_tau,5.968707559985366,,17.091
dc_cnn28,sweep_all,Deep Contractive,CNN,synthetic,atau,200,current_mixture,0.05,5,1e-12,width,0.0,3,a_tau,5.966146739123692,,8.75
dc_cnn28,sweep_all,Deep Contractive,CNN,synthetic,atau,200,current_mixture,0.05,5,1e-12,width,0.0,4,a_tau,5.986452005284438,,17.342
dc_cnn28,sweep_all,Deep Contractive,CNN,synthetic,atau,200,current_mixture,0.05,5,1e-12,width,0.0,5,a_tau,5.978885764901122,,8.343
dc_cnn28,sweep_all,Deep Contractive,CNN,synthetic,atau,200,current_mixture,0.05,5,1e-12,width,0.0,6,a_tau,5.976350909297934,,4.566
dc_cnn28,sweep_all,Deep Contractive,CNN,synthetic,atau,200,current_mixture,0.05,5,1e-12,width,0.0,7,a_tau,5.973809611869261,,10.511
dc_cnn28,sweep_all,Deep Contractive,CNN,synthetic,atau,200,current_mixture,0.05,10,1e-12,width,0.0,0,a_tau,5.981414211254481,,9.429
dc_cnn28,sweep_all,Deep Contractive,CNN,synthetic,atau,200,current_mixture,0.05,10,1e-12,width,0.0,1,a_tau,5.953243334287785,,9.347
dc_cnn28,sweep_all,Deep Contractive,CNN,synthetic,atau,200,current_mixture,0.05,10,1e-12,width,0.0,2,a_tau,5.968707559985366,,11.939
dc_cnn28,sweep_all,Deep Contractive,CNN,synthetic,atau,200,current_mixture,0.05,10,1e-12,width,0.0,3,a_tau,5.966146739123692,,3.956
dc_cnn28,sweep_all,Deep Contractive,CNN,synthetic,atau,200,current_mixture,0.05,10,1e-12,width,0.0,4,a_tau,5.986452005284438,,17.108
dc_cnn28,sweep_all,Deep Contractive,CNN,synthetic,atau,200,current_mixture,0.05,10,1e-12,width,0.0,5,a_tau,5.978885764901122,,14.533
dc_cnn28,sweep_all,Deep Contractive,CNN,synthetic,atau,200,current_mixture,0.05,10,1e-12,width,0.0,6,a_tau,5.976350909297934,,15.945
dc_cnn28,sweep_all,Deep Contractive,CNN,synthetic,atau,200,current_mixture,0.05,10,1e-12,width,0.0,7,a_tau,5.973809611869261,,18.031
dc_cnn28,sweep_all,Deep Contractive,CNN,synthetic,atau,200,current_mixture,0.05,20,1e-12,width,0.0,0,a_tau,5.981414211254481,,10.258
dc_cnn28,sweep_all,Deep Contractive,CNN,synthetic,atau,200,current_mixture,0.05,20,1e-12,width,0.0,1,a_tau,5.953243334287785,,6.53
dc_cnn28,sweep_all,Deep Contractive,CNN,synthetic,atau,200,current_mixture,0.05,20,1e-12,width,0.0,2,a_tau,5.968707559985366,,16.461
dc_cnn28,sweep_all,Deep Contractive,CNN,synthetic,atau,200,current_mixture,0.05,20,1e-12,width,0.0,3,a_tau,5.966146739123692,,8.785
dc_cnn28,sweep_all,Deep Contractive,CNN,synthetic,atau,200,current_mixture,0.05,20,1e-12,width,0.0,4,a_tau,5.986452005284438,,13.396
dc_cnn28,sweep_all,Deep Contractive,CNN,synthetic,atau,200,current_mixture,0.05,20,1e-12,width,0.0,5,a_tau,5.978885764901122,,17.356
dc_cnn28,sweep_all,Deep Contractive,CNN,synthetic,atau,200,current_mixture,0.05,20,1e-12,width,0.0,6,a_tau,5.976350909297934,,15.383
dc_cnn28,sweep_all,Deep Contractive,CNN,synthetic,atau,200,current_mixture,0.05,20,1e-12,width,0.0,7,a_tau,5.973809611869261,,17.566
dc_cnn28,sweep_all,Deep Contractive,CNN,synthetic,atau,200,current_mixture,0.1,5,1e-12,width,0.0,0,a_tau,5.981414211254481,,16.689
dc_cnn28,sweep_all,Deep Contractive,CNN,synthetic,atau,200,current_mixture,0.1,5,1e-12,width,0.0,1,a_tau,5.953243334287785,,16.695
dc_cnn28,sweep_all,Deep Contractive,CNN,synthetic,atau,200,current_mixture,0.1,5,1e-12,width,0.0,2,a_tau,5.968707559985366,,16.677
dc_cnn28,sweep_all,Deep Contractive,CNN,synthetic,atau,200,current_mixture,0.1,5,1e-12,width,0.0,3,a_tau,5.966146739123692,,8.799
dc_cnn28,sweep_all,Deep Contractive,CNN,synthetic,atau,200,current_mixture,0.1,5,1e-12,width,0.0,4,a_tau,5.986452005284438,,6.384
dc_cnn28,sweep_all,Deep Contractive,CNN,synthetic,atau,200,current_mixture,0.1,5,1e-12,width,0.0,5,a_tau,5.978885764901122,,10.866
dc_cnn28,sweep_all,Deep Contractive,CNN,synthetic,atau,200,current_mixture,0.1,5,1e-12,width,0.0,6,a_tau,5.976350909297934,,14.814
dc_cnn28,sweep_all,Deep Contractive,CNN,synthetic,atau,200,current_mixture,0.1,5,1e-12,width,0.0,7,a_tau,5.973809611869261,,9.522
dc_cnn28,sweep_all,Deep Contractive,CNN,synthetic,atau,200,current_mixture,0.1,10,1e-12,width,0.0,0,a_tau,5.981414211254481,,16.649
dc_cnn28,sweep_all,Deep Contractive,CNN,synthetic,atau,200,current_mixture,0.1,10,1e-12,width,0.0,1,a_tau,5.953243334287785,,5.47
dc_cnn28,sweep_all,Deep Contractive,CNN,synthetic,atau,200,current_mixture,0.1,10,1e-12,width,0.0,2,a_tau,5.968707559985366,,6.258
dc_cnn28,sweep_all,Deep Contractive,CNN,synthetic,atau,200,current_mixture,0.1,10,1e-12,width,0.0,3,a_tau,5.966146739123692,,16.49
dc_cnn28,sweep_all,Deep Contractive,CNN,synthetic,atau,200,current_mixture,0.1,10,1e-12,width,0.0,4,a_tau,5.986452005284438,,17.971
dc_cnn28,sweep_all,Deep Contractive,CNN,synthetic,atau,200,current_mixture,0.1,10,1e-12,width,0.0,5,a_tau,5.978885764901122,,8.14
dc_cnn28,sweep_all,Deep Contractive,CNN,synthetic,atau,200,current_mixture,0.1,10,1e-12,width,0.0,6,a_tau,5.976350909297934,,15.722
dc_cnn28,sweep_all,Deep Contractive,CNN,synthetic,atau,200,current_mixture,0.1,10,1e-12,width,0.0,7,a_tau,5.973809611869261,,14.772
dc_cnn28,sweep_all,Deep Contractive,CNN,synthetic,atau,200,current_mixture,0.1,20,1e-12,width,0.0,0,a_tau,5.981414211254481,,11.928
dc_cnn28,sweep_all,Deep Contractive,CNN,synthetic,atau,200,current_mixture,0.1,20,1e-12,width,0.0,1,a_tau,5.953243334287785,,5.751
dc_cnn28,sweep_all,Deep Contractive,CNN,synthetic,atau,200,current_mixture,0.1,20,1e-12,width,0.0,2,a_tau,5.968707559985366,,9.086
dc_cnn28,sweep_all,Deep Contractive,CNN,synthetic,atau,200,current_mixture,0.1,20,1e-12,width,0.0,3,a_tau,5.966146739123692,,5.085
dc_cnn28,sweep_all,Deep Contractive,CNN,synthetic,atau,200,current_mixture,0.1,20,1e-12,width,0.0,4,a_tau,5.986452005284438,,10.518
dc_cnn28,sweep_all,Deep Contractive,CNN,synthetic,atau,200,current_mixture,0.1,20,1e-12,width,0.0,5,a_tau,5.978885764901122,,15.251
dc_cnn28,sweep_all,Deep Contractive,CNN,synthetic,atau,200,current_mixture,0.1,20,1e-12,width,0.0,6,a_tau,5.976350909297934,,15.9
dc_cnn28,sweep_all,Deep Contractive,CNN,synthetic,atau,200,current_mixture,0.1,20,1e-12,width,0.0,7,a_tau,5.973809611869261,,12.656
dc_cnn28,sweep_all,Deep Contractive,CNN,synthetic,atau,200,current_mixture,0.2,5,1e-12,width,0.0,0,a_tau,5.978885764901122,,17.288
dc_cnn28,sweep_all,Deep Contractive,CNN,synthetic,atau,200,current_mixture,0.2,5,1e-12,width,0.0,1,a_tau,5.950642552587727,,4.422
dc_cnn28,sweep_all,Deep Contractive,CNN,synthetic,atau,200,current_mixture,0.2,5,1e-12,width,0.0,2,a_tau,5.966146739123692,,11.441
dc_cnn28,sweep_all,Deep Contractive,CNN,synthetic,atau,200,current_mixture,0.2,5,1e-12,width,0.0,3,a_tau,5.961005339623274,,16.426
dc_cnn28,sweep_all,Deep Contractive,CNN,synthetic,atau,200,current_mixture,0.2,5,1e-12,width,0.0,4,a_tau,5.983936280687191,,17.612
dc_cnn28,sweep_all,Deep Contractive,CNN,synthetic,atau,200,current_mixture,0.2,5,1e-12,width,0.0,5,a_tau,5.976350909297934,,6.249
dc_cnn28,sweep_all,Deep Contractive,CNN,synthetic,atau,200,current_mixture,0.2,5,1e-12,width,0.0,6,a_tau,5.971261839790462,,16.455
dc_cnn28,sweep_all,Deep Contractive,CNN,synthetic,atau,200,current_mixture,0.2,5,1e-12,width,0.0,7,a_tau,5.968707559985366,,11.947
dc_cnn28,sweep_all,Deep Contractive,CNN,synthetic,atau,200,current_mixture,0.2,10,1e-12,width,0.0,0,a_tau,5.981414211254481,,8.538
dc_cnn28,sweep_all,Deep Contractive,CNN,synthetic,atau,200,current_mixture,0.2,10,1e-12,width,0.0,1,a_tau,5.953243334287785,,17.172
dc_cnn28,sweep_all,Deep Contractive,CNN,synthetic,atau,200,current_mixture,0.2,10,1e-12,width,0.0,2,a_tau,5.968707559985366,,5.843
dc_cnn28,sweep_all,Deep Contractive,CNN,synthetic,atau,200,current_mixture,0.2,10,1e-12,width,0.0,3,a_tau,5.966146739123692,,16.986
dc_cnn28,sweep_all,Deep Contractive,CNN,synthetic,atau,200,current_mixture,0.2,10,1e-12,width,0.0,4,a_tau,5.986452005284438,,16.053
dc_cnn28,sweep_all,Deep Contractive,CNN,synthetic,atau,200,current_mixture,0.2,10,1e-12,width,0.0,5,a_tau,5.978885764901122,,7.807
dc_cnn28,sweep_all,Deep Contractive,CNN,synthetic,atau,200,current_mixture,0.2,10,1e-12,width,0.0,6,a_tau,5.976350909297934,,12.798
dc_cnn28,sweep_all,Deep Contractive,CNN,synthetic,atau,200,current_mixture,0.2,10,1e-12,width,0.0,7,a_tau,5.973809611869261,,15.176
dc_cnn28,sweep_all,Deep Contractive,CNN,synthetic,atau,200,current_mixture,0.2,20,1e-12,width,0.0,0,a_tau,5.981414211254481,,5.93
dc_cnn28,sweep_all,Deep Contractive,CNN,synthetic,atau,200,current_mixture,0.2,20,1e-12,width,0.0,1,a_tau,5.953243334287785,,10.877
dc_cnn28,sweep_all,Deep Contractive,CNN,synthetic,atau,200,current_mixture,0.2,20,1e-12,width,0.0,2,a_tau,5.968707559985366,,15.807
dc_cnn28,sweep_all,Deep Contractive,CNN,synthetic,atau,200,current_mixture,0.2,20,1e-12,width,0.0,3,a_tau,5.966146739123692,,16.118
dc_cnn28,sweep_all,Deep Contractive,CNN,synthetic,atau,200,current_mixture,0.2,20,1e-12,width,0.0,4,a_tau,5.986452005284438,,7.727
dc_cnn28,sweep_all,Deep Contractive,CNN,synthetic,atau,200,current_mixture,0.2,20,1e-12,width,0.0,5,a_tau,5.978885764901122,,16.069
dc_cnn28,sweep_all,Deep Contractive,CNN,synthetic,atau,200,current_mixture,0.2,20,1e-12,width,0.0,6,a_tau,5.976350909297934,,6.777
dc_cnn28,sweep_all,Deep Contractive,CNN,synthetic,atau,200,current_mixture,0.2,20,1e-12,width,0.0,7,a_tau,5.973809611869261,,10.335
dc_cnn28,sweep_all,Deep Contractive,CNN,synthetic,atau,200,current_mixture,0.5,5,1e-12,width,0.0,0,a_tau,5.883322388488279,,17.591
dc_cnn28,sweep_all,Deep Contractive,CNN,synthetic,atau,200,current_mixture,0.5,5,1e-12,width,0.0,1,a_tau,5.846438775057725,,16.342
dc_cnn28,sweep_all,Deep Contractive,CNN,synthetic,atau,200,current_mixture,0.5,5,1e-12,width,0.0,2,a_tau,5.883322388488279,,8.666
dc_cnn28,sweep_all,Deep Contractive,CNN,synthetic,atau,200,current_mixture,0.5,5,1e-12,width,0.0,3,a_tau,5.8971538676367405,,9.441
dc_cnn28,sweep_all,Deep Contractive,CNN,synthetic,atau,200,current_mixture,0.5,5,1e-12,width,0.0,4,a_tau,5.918893854273146,,16.345
dc_cnn28,sweep_all,Deep Contractive,CNN,synthetic,atau,200,current_mixture,0.5,5,1e-12,width,0.0,5,a_tau,5.8888779583328805,,6.873
dc_cnn28,sweep_all,Deep Contractive,CNN,synthetic,atau,200,current_mixture,0.5,5,1e-12,width,0.0,6,a_tau,5.905361848054571,,10.219
dc_cnn28,sweep_all,Deep Contractive,CNN,synthetic,atau,200,current_mixture,0.5,5,1e-12,width,0.0,7,a_tau,5.87493073085203,,10.285
dc_cnn28,sweep_all,Deep Contractive,CNN,synthetic,atau,200,current_mixture,0.5,10,1e-12,width,0.0,0,a_tau,5.981414211254481,,4.253
dc_cnn28,sweep_all,Deep Contractive,CNN,synthetic,atau,200,current_mixture,0.5,10,1e-12,width,0.0,1,a_tau,5.953243334287785,,14.659
dc_cnn28,sweep_all,Deep Contractive,CNN,synthetic,atau,200,current_mixture,0.5,10,1e-12,width,0.0,2,a_tau,5.968707559985366,,8.563
dc_cnn28,sweep_all,Deep Contractive,CNN,synthetic,atau,200,current_mixture,0.5,10,1e-12,width,0.0,3,a_tau,5.966146739123692,,16.886
dc_cnn28,sweep_all,Deep Contractive,CNN,synthetic,atau,200,current_mixture,0.5,10,1e-12,width,0.0,4,a_tau,5.986452005284438,,10.209
dc_cnn28,sweep_all,Deep Contractive,CNN,synthetic,atau,200,current_mixture,0.5,10,1e-12,width,0.0,5,a_tau,5.978885764901122,,16.132
dc_cnn28,sweep_all,Deep Contractive,CNN,synthetic,atau,200,current_mixture,0.5,10,1e-12,width,0.0,6,a_tau,5.971261839790462,,13.166
dc_cnn28,sweep_all,Deep Contractive,CNN,synthetic,atau,200,current_mixture,0.5,10,1e-12,width,0.0,7,a_tau,5.973809611869261,,9.275
dc_cnn28,sweep_all,Deep Contractive,CNN,synthetic,atau,200,current_mixture,0.5,20,1e-12,width,0.0,0,a_tau,5.981414211254481,,16.821
dc_cnn28,sweep_all,Deep Contractive,CNN,synthetic,atau,200,current_mixture,0.5,20,1e-12,width,0.0,1,a_tau,5.953243334287785,,16.007
dc_cnn28,sweep_all,Deep Contractive,CNN,synthetic,atau,200,current_mixture,0.5,20,1e-12,width,0.0,2,a_tau,5.968707559985366,,18.063
dc_cnn28,sweep_all,Deep Contractive,CNN,synthetic,atau,200,current_mixture,0.5,20,1e-12,width,0.0,3,a_tau,5.966146739123692,,15.373
dc_cnn28,sweep_all,Deep Contractive,CNN,synthetic,atau,200,current_mixture,0.5,20,1e-12,width,0.0,4,a_tau,5.986452005284438,,8.584
dc_cnn28,sweep_all,Deep Contractive,CNN,synthetic,atau,200,current_mixture,0.5,20,1e-12,width,0.0,5,a_tau,5.978885764901122,,4.873
dc_cnn28,sweep_all,Deep Contractive,CNN,synthetic,atau,200,current_mixture,0.5,20,1e-12,width,0.0,6,a_tau,5.976350909297934,,16.829
dc_cnn28,sweep_all,Deep Contractive,CNN,synthetic,atau,200,current_mixture,0.5,20,1e-12,width,0.0,7,a_tau,5.973809611869261,,7.234
dc_cnn23,sweep_all,Deep Contractive,CNN,synthetic,atau,200,current_mixture,0.05,5,1e-12,width,0.0,0,a_tau,5.988961416889864,,16.945
dc_cnn23,sweep_all,Deep Contractive,CNN,synthetic,atau,200,current_mixture,0.05,5,1e-12,width,0.0,1,a_tau,5.988961416889864,,11.376
dc_cnn23,sweep_all,Deep Contractive,CNN,synthetic,atau,200,current_mixture,0.05,5,1e-12,width,0.0,2,a_tau,5.991464547107982,,16.53
dc_cnn23,sweep_all,Deep Contractive,CNN,synthetic,atau,200,current_mixture,0.05,5,1e-12,width,0.0,3,a_tau,5.991464547107982,,16.441
dc_cnn23,sweep_all,Deep Contractive,CNN,synthetic,atau,200,current_mixture,0.05,5,1e-12,width,0.0,4,a_tau,5.991464547107982,,16.443
dc_cnn23,sweep_all,Deep Contractive,CNN,synthetic,atau,200,current_mixture,0.05,5,1e-12,width,0.0,5,a_tau,5.991464547107982,,10.007
dc_cnn23,sweep_all,Deep Contractive,CNN,synthetic,atau,200,current_mixture,0.05,5,1e-12,width,0.0,6,a_tau,5.988961416889864,,12.338
dc_cnn23,sweep_all,Deep Contractive,CNN,synthetic,atau,200,current_mixture,0.05,5,1e-12,width,0.0,7,a_tau,5.983936280687191,,5.124
dc_cnn23,sweep_all,Deep Contractive,CNN,synthetic,atau,200,current_mixture,0.05,10,1e-12,width,0.0,0,a_tau,5.988961416889864,,12.012
dc_cnn23,sweep_all,Deep Contractive,CNN,synthetic,atau,200,current_mixture,0.05,10,1e-12,width,0.0,1,a_tau,5.988961416889864,,17.564
dc_cnn23,sweep_all,Deep Contractive,CNN,synthetic,atau,200,current_mixture,0.05,10,1e-12,width,0.0,2,a_tau,5.991464547107982,,10.306
dc_cnn23,sweep_all,Deep Contractive,CNN,synthetic,atau,200,current_mixture,0.05,10,1e-12,width,0.0,3,a_tau,5.991464547107982,,12.014
dc_cnn23,sweep_all,Deep Contractive,CNN,synthetic,atau,200,current_mixture,0.05,10,1e-12,width,0.0,4,a_tau,5.991464547107982,,7.96
dc_cnn23,sweep_all,Deep Contractive,CNN,synthetic,atau,200,current_mixture,0.05,10,1e-12,width,0.0,5,a_tau,5.991464547107982,,16.976
dc_cnn23,sweep_all,Deep Contractive,CNN,synthetic,atau,200,current_mixture,0.05,10,1e-12,width,0.0,6,a_tau,5.988961416889864,,15.074
dc_cnn23,sweep_all,Deep Contractive,CNN,synthetic,atau,200,current_mixture,0.05,10,1e-12,width,0.0,7,a_tau,5.983936280687191,,4.485
dc_cnn23,sweep_all,Deep Contractive,CNN,synthetic,atau,200,current_mixture,0.05,20,1e-12,width,0.0,0,a_tau,5.988961416889864,,4.51
dc_cnn23,sweep_all,Deep Contractive,CNN,synthetic,atau,200,current_mixture,0.05,20,1e-12,width,0.0,1,a_tau,5.988961416889864,,17.228
dc_cnn23,sweep_all,Deep Contractive,CNN,synthetic,atau,200,current_mixture,0.05,20,1e-12,width,0.0,2,a_tau,5.991464547107982,,14.813
dc_cnn23,sweep_all,Deep Contractive,CNN,synthetic,atau,200,current_mixture,0.05,20,1e-12,width,0.0,3,a_tau,5.991464547107982,,16.45
dc_cnn23,sweep_all,Deep Contractive,CNN,synthetic,atau,200,current_mixture,0.05,20,1e-12,width,0.0,4,a_tau,5.991464547107982,,7.377
dc_cnn23,sweep_all,Deep Contractive,CNN,synthetic,atau,200,current_mixture,0.05,20,1e-12,width,0.0,5,a_tau,5.991464547107982,,9.822
dc_cnn23,sweep_all,Deep Contractive,CNN,synthetic,atau,200,current_mixture,0.05,20,1e-12,width,0.0,6,a_tau,5.988961416889864,,12.921
dc_cnn23,sweep_all,Deep Contractive,CNN,synthetic,atau,200,current_mixture,0.05,20,1e-12,width,0.0,7,a_tau,5.983936280687191,,8.634
dc_cnn23,sweep_all,Deep Contractive,CNN,synthetic,atau,200,current_mixture,0.1,5,1e-12,width,0.0,0,a_tau,5.988961416889864,,7.035
dc_cnn23,sweep_all,Deep Contractive,CNN,synthetic,atau,200,current_mixture,0.1,5,1e-12,width,0.0,1,a_tau,5.988961416889864,,17.501
dc_cnn23,sweep_all,Deep Contractive,CNN,synthetic,atau,200,current_mixture,0.1,5,1e-12,width,0.0,2,a_tau,5.991464547107982,,12.214
dc_cnn23,sweep_all,Deep Contractive,CNN,synthetic,atau,200,current_mixture,0.1,5,1e-12,width,0.0,3,a_tau,5.991464547107982,,16.028
dc_cnn23,sweep_all,Deep Contractive,CNN,synthetic,atau,200,current_mixture,0.1,5,1e-12,width,0.0,4,a_tau,5.991464547107982,,11.684
dc_cnn23,sweep_all,Deep Contractive,CNN,synthetic,atau,200,current_mixture,0.1,5,1e-12,width,0.0,5,a_tau,5.991464547107982,,13.99
dc_cnn23,sweep_all,Deep Contractive,CNN,synthetic,atau,200,current_mixture,0.1,5,1e-12,width,0.0,6,a_tau,5.988961416889864,,15.695
dc_cnn23,sweep_all,Deep Contractive,CNN,synthetic,atau,200,current_mixture,0.1,5,1e-12,width,0.0,7,a_tau,5.983936280687191,,17.523
dc_cnn23,sweep_all,Deep Contractive,CNN,synthetic,atau,200,current_mixture,0.1,10,1e-12,width,0.0,0,a_tau,5.988961416889864,,10.027
dc_cnn23,sweep_all,Deep Contractive,CNN,synthetic,atau,200,current_mixture,0.1,10,1e-12,width,0.0,1,a_tau,5.988961416889864,,15.841
dc_cnn23,sweep_all,Deep Contractive,CNN,synthetic,atau,200,current_mixture,0.1,10,1e-12,width,0.0,2,a_tau,5.991464547107982,,7.789
dc_cnn23,sweep_all,Deep Contractive,CNN,synthetic,atau,200,current_mixture,0.1,10,1e-12,width,0.0,3,a_tau,5.991464547107982,,15.593
dc_cnn23,sweep_all,Deep Contractive,CNN,synthetic,atau,200,current_mixture,0.1,10,1e-12,width,0.0,4,a_tau,5.991464547107982,,15.715
dc_cnn23,sweep_all,Deep Contractive,CNN,synthetic,atau,200,current_mixture,0.1,10,1e-12,width,0.0,5,a_tau,5.991464547107982,,17.32
dc_cnn23,sweep_all,Deep Contractive,CNN,synthetic,atau,200,current_mixture,0.1,10,1e-12,width,0.0,6,a_tau,5.988961416889864,,5.749
dc_cnn23,sweep_all,Deep Contractive,CNN,synthetic,atau,200,current_mixture,0.1,10,1e-12,width,0.0,7,a_tau,5.983936280687191,,8.703
dc_cnn23,sweep_all,Deep Contractive,CNN,synthetic,atau,200,current_mixture,0.1,20,1e-12,width,0.0,0,a_tau,5.988961416889864,,12.876
dc_cnn23,sweep_all,Deep Contractive,CNN,synthetic,atau,200,current_mixture,0.1,20,1e-12,width,0.0,1,a_tau,5.988961416889864,,15.517
dc_cnn23,sweep_all,Deep Contractive,CNN,synthetic,atau,200,current_mixture,0.1,20,1e-12,width,0.0,2,a_tau,5.991464547107982,,15.111
dc_cnn23,sweep_all,Deep Contractive,CNN,synthetic,atau,200,current_mixture,0.1,20,1e-12,width,0.0,3,a_tau,5.991464547107982,,15.962
dc_cnn23,sweep_all,Deep Contractive,CNN,synthetic,atau,200,current_mixture,0.1,20,1e-12,width,0.0,4,a_tau,5.991464547107982,,12.875
dc_cnn23,sweep_all,Deep Contractive,CNN,synthetic,atau,200,current_mixture,0.1,20,1e-12,width,0.0,5,a_tau,5.991464547107982,,3.661
dc_cnn23,sweep_all,Deep Contractive,CNN,synthetic,atau,200,current_mixture,0.1,20,1e-12,width,0.0,6,a_tau,5.988961416889864,,9.976
dc_cnn23,sweep_all,Deep Contractive,CNN,synthetic,atau,200,current_mixture,0.1,20,1e-12,width,0.0,7,a_tau,5.983936280687191,,14.104
dc_cnn23,sweep_all,Deep Contractive,CNN,synthetic,atau,200,current_mixture,0.2,5,1e-12,width,0.0,0,a_tau,5.986452005284438,,10.33
dc_cnn23,sweep_all,Deep Contractive,CNN,synthetic,atau,200,current_mixture,0.2,5,1e-12,width,0.0,1,a_tau,5.978885764901122,,4.951
dc_cnn23,sweep_all,Deep Contractive,CNN,synthetic,atau,200,current_mixture,0.2,5,1e-12,width,0.0,2,a_tau,5.991464547107982,,12.12
dc_cnn23,sweep_all,Deep Contractive,CNN,synthetic,atau,200,current_mixture,0.2,5,1e-12,width,0.0,3,a_tau,5.986452005284438,,17.427
dc_cnn23,sweep_all,Deep Contractive,CNN,synthetic,atau,200,current_mixture,0.2,5,1e-12,width,0.0,4,a_tau,5.986452005284438,,5.438
dc_cnn23,sweep_all,Deep Contractive,CNN,synthetic,atau,200,current_mixture,0.2,5,1e-12,width,0.0,5,a_tau,5.983936280687191,,6.448
dc_cnn23,sweep_all,Deep Contractive,CNN,synthetic,atau,200,current_mixture,0.2,5,1e-12,width,0.0,6,a_tau,5.986452005284438,,15.957
dc_cnn23,sweep_all,Deep Contractive,CNN,synthetic,atau,200,current_mixture,0.2,5,1e-12,width,0.0,7,a_tau,5.983936280687191,,16.014
dc_cnn23,sweep_all,Deep Contractive,CNN,synthetic,atau,200,current_mixture,0.2,10,1e-12,width,0.0,0,a_tau,5.988961416889864,,14.007
dc_cnn23,sweep_all,Deep Contractive,CNN,synthetic,atau,200,current_mixture,0.2,10,1e-12,width,0.0,1,a_tau,5.988961416889864,,7.338
dc_cnn23,sweep_all,Deep Contractive,CNN,synthetic,atau,200,current_mixture,0.2,10,1e-12,width,0.0,2,a_tau,5.991464547107982,,13.936
dc_cnn23,sweep_all,Deep Contractive,CNN,synthetic,atau,200,current_mixture,0.2,10,1e-12,width,0.0,3,a_tau,5.991464547107982,,10.472
dc_cnn23,sweep_all,Deep Contractive,CNN,synthetic,atau,200,current_mixture,0.2,10,1e-12,width,0.0,4,a_tau,5.991464547107982,,13.666
dc_cnn23,sweep_all,Deep Contractive,CNN,synthetic,atau,200,current_mixture,0.2,10,1e-12,width,0.0,5,a_tau,5.991464547107982,,17.003
dc_cnn23,sweep_all,Deep Contractive,CNN,synthetic,atau,200,current_mixture,0.2,10,1e-12,width,0.0,6,a_tau,5.988961416889864,,9.616
dc_cnn23,sweep_all,Deep Contractive,CNN,synthetic,atau,200,current_mixture,0.2,10,1e-12,width,0.0,7,a_tau,5.983936280687191,,16.656
dc_cnn23,sweep_all,Deep Contractive,CNN,synthetic,atau,200,current_mixture,0.2,20,1e-12,width,0.0,0,a_tau,5.988961416889864,,12.502
dc_cnn23,sweep_all,Deep Contractive,CNN,synthetic,atau,200,current_mixture,0.2,20,1e-12,width,0.0,1,a_tau,5.988961416889864,,17.619
dc_cnn23,sweep_all,Deep Contractive,CNN,synthetic,atau,200,current_mixture,0.2,20,1e-12,width,0.0,2,a_tau,5.991464547107982,,10.852
dc_cnn23,sweep_all,Deep Contractive,CNN,synthetic,atau,200,current_mixture,0.2,20,1e-12,width,0.0,3,a_tau,5.991464547107982,,16.575
dc_cnn23,sweep_all,Deep Contractive,CNN,synthetic,atau,200,current_mixture,0.2,20,1e-12,width,0.0,4,a_tau,5.991464547107982,,8.455
dc_cnn23,sweep_all,Deep Contractive,CNN,synthetic,atau,200,current_mixture,0.2,20,1e-12,width,0.0,5,a_tau,5.991464547107982,,12.317
dc_cnn23,sweep_all,Deep Contractive,CNN,synthetic,atau,200,current_mixture,0.2,20,1e-12,width,0.0,6,a_tau,5.988961416889864,,15.14
dc_cnn23,sweep_all,Deep Contractive,CNN,synthetic,atau,200,current_mixture,0.2,20,1e-12,width,0.0,7,a_tau,5.983936280687191,,16.539
dc_cnn23,sweep_all,Deep Contractive,CNN,synthetic,atau,200,current_mixture,0.5,5,1e-12,width,0.0,0,a_tau,5.908082938168931,,7.277
dc_cnn23,sweep_all,Deep Contractive,CNN,synthetic,atau,200,current_mixture,0.5,5,1e-12,width,0.0,1,a_tau,5.84354441703136,,16.644
dc_cnn23,sweep_all,Deep Contractive,CNN,synthetic,atau,200,current_mixture,0.5,5,1e-12,width,0.0,2,a_tau,5.926926025970411,,6.331
dc_cnn23,sweep_all,Deep Contractive,CNN,synthetic,atau,200,current_mixture,0.5,5,1e-12,width,0.0,3,a_tau,5.8971538676367405,,15.89
dc_cnn23,sweep_all,Deep Contractive,CNN,synthetic,atau,200,current_mixture,0.5,5,1e-12,width,0.0,4,a_tau,5.91350300563827,,16.991
dc_cnn23,sweep_all,Deep Contractive,CNN,synthetic,atau,200,current_mixture,0.5,5,1e-12,width,0.0,5,a_tau,5.883322388488279,,16.762
dc_cnn23,sweep_all,Deep Contractive,CNN,synthetic,atau,200,current_mixture,0.5,5,1e-12,width,0.0,6,a_tau,5.905361848054571,,7.52
dc_cnn23,sweep_all,Deep Contractive,CNN,synthetic,atau,200,current_mixture,0.5,5,1e-12,width,0.0,7,a_tau,5.883322388488279,,16.12
dc_cnn23,sweep_all,Deep Contractive,CNN,synthetic,atau,200,current_mixture,0.5,10,1e-12,width,0.0,0,a_tau,5.988961416889864,,8.649
dc_cnn23,sweep_all,Deep Contractive,CNN,synthetic,atau,200,current_mixture,0.5,10,1e-12,width,0.0,1,a_tau,5.988961416889864,,16.725
dc_cnn23,sweep_all,Deep Contractive,CNN,synthetic,atau,200,current_mixture,0.5,10,1e-12,width,0.0,2,a_tau,5.991464547107982,,10.405
dc_cnn23,sweep_all,Deep Contractive,CNN,synthetic,atau,200,current_mixture,0.5,10,1e-12,width,0.0,3,a_tau,5.991464547107982,,6.75
dc_cnn23,sweep_all,Deep Contractive,CNN,synthetic,atau,200,current_mixture,0.5,10,1e-12,width,0.0,4,a_tau,5.991464547107982,,16.753
dc_cnn23,sweep_all,Deep Contractive,CNN,synthetic,atau,200,current_mixture,0.5,10,1e-12,width,0.0,5,a_tau,5.991464547107982,,14.503
dc_cnn23,sweep_all,Deep Contractive,CNN,synthetic,atau,200,current_mixture,0.5,10,1e-12,width,0.0,6,a_tau,5.988961416889864,,16.781
dc_cnn23,sweep_all,Deep Contractive,CNN,synthetic,atau,200,current_mixture,0.5,10,1e-12,width,0.0,7,a_tau,5.981414211254481,,10.322
dc_cnn23,sweep_all,Deep Contractive,CNN,synthetic,atau,200,current_mixture,0.5,20,1e-12,width,0.0,0,a_tau,5.988961416889864,,9.926
dc_cnn23,sweep_all,Deep Contractive,CNN,synthetic,atau,200,current_mixture,0.5,20,1e-12,width,0.0,1,a_tau,5.988961416889864,,13.9
dc_cnn23,sweep_all,Deep Contractive,CNN,synthetic,atau,200,current_mixture,0.5,20,1e-12,width,0.0,2,a_tau,5.991464547107982,,13.632
dc_cnn23,sweep_all,Deep Contractive,CNN,synthetic,atau,200,current_mixture,0.5,20,1e-12,width,0.0,3,a_tau,5.991464547107982,,4.168
dc_cnn23,sweep_all,Deep Contractive,CNN,synthetic,atau,200,current_mixture,0.5,20,1e-12,width,0.0,4,a_tau,5.991464547107982,,16.548
dc_cnn23,sweep_all,Deep Contractive,CNN,synthetic,atau,200,current_mixture,0.5,20,1e-12,width,0.0,5,a_tau,5.991464547107982,,5.195
dc_cnn23,sweep_all,Deep Contractive,CNN,synthetic,atau,200,current_mixture,0.5,20,1e-12,width,0.0,6,a_tau,5.988961416889864,,16.244
dc_cnn23,sweep_all,Deep Contractive,CNN,synthetic,atau,200,current_mixture,0.5,20,1e-12,width,0.0,7,a_tau,5.983936280687191,,8.735
dc_cnn29,sweep_all,Deep Contractive,CNN,synthetic,atau,200,current_mixture,0.05,5,1e-12,width,0.0,0,a_tau,5.981414211254481,,9.29
dc_cnn29,sweep_all,Deep Contractive,CNN,synthetic,atau,200,current_mixture,0.05,5,1e-12,width,0.0,1,a_tau,5.953243334287785,,16.803
dc_cnn29,sweep_all,Deep Contractive,CNN,synthetic,atau,200,current_mixture,0.05,5,1e-12,width,0.0,2,a_tau,5.968707559985366,,8.02
dc_cnn29,sweep_all,Deep Contractive,CNN,synthetic,atau,200,current_mixture,0.05,5,1e-12,width,0.0,3,a_tau,5.966146739123692,,7.04
dc_cnn29,sweep_all,Deep Contractive,CNN,synthetic,atau,200,current_mixture,0.05,5,1e-12,width,0.0,4,a_tau,5.986452005284438,,16.652
dc_cnn29,sweep_all,Deep Contractive,CNN,synthetic,atau,200,current_mixture,0.05,5,1e-12,width,0.0,5,a_tau,5.978885764901122,,7.06
dc_cnn29,sweep_all,Deep Contractive,CNN,synthetic,atau,200,current_mixture,0.05,5,1e-12,width,0.0,6,a_tau,5.976350909297934,,12.751
dc_cnn29,sweep_all,Deep Contractive,CNN,synthetic,atau,200,current_mixture,0.05,5,1e-12,width,0.0,7,a_tau,5.973809611869261,,9.033
dc_cnn29,sweep_all,Deep Contractive,CNN,synthetic,atau,200,current_mixture,0.05,10,1e-12,width,0.0,0,a_tau,5.981414211254481,,4.613
dc_cnn29,sweep_all,Deep Contractive,CNN,synthetic,atau,200,current_mixture,0.05,10,1e-12,width,0.0,1,a_tau,5.953243334287785,,16.582
dc_cnn29,sweep_all,Deep Contractive,CNN,synthetic,atau,200,current_mixture,0.05,10,1e-12,width,0.0,2,a_tau,5.968707559985366,,15.423
dc_cnn29,sweep_all,Deep Contractive,CNN,synthetic,atau,200,current_mixture,0.05,10,1e-12,width,0.0,3,a_tau,5.966146739123692,,16.541
dc_cnn29,sweep_all,Deep Contractive,CNN,synthetic,atau,200,current_mixture,0.05,10,1e-12,width,0.0,4,a_tau,5.986452005284438,,17.567
dc_cnn29,sweep_all,Deep Contractive,CNN,synthetic,atau,200,current_mixture,0.05,10,1e-12,width,0.0,5,a_tau,5.978885764901122,,10.504
dc_cnn29,sweep_all,Deep Contractive,CNN,synthetic,atau,200,current_mixture,0.05,10,1e-12,width,0.0,6,a_tau,5.976350909297934,,16.601
dc_cnn29,sweep_all,Deep Contractive,CNN,synthetic,atau,200,current_mixture,0.05,10,1e-12,width,0.0,7,a_tau,5.973809611869261,,16.933
dc_cnn29,sweep_all,Deep Contractive,CNN,synthetic,atau,200,current_mixture,0.05,20,1e-12,width,0.0,0,a_tau,5.981414211254481,,14.445
dc_cnn29,sweep_all,Deep Contractive,CNN,synthetic,atau,200,current_mixture,0.05,20,1e-12,width,0.0,1,a_tau,5.953243334287785,,4.572
dc_cnn29,sweep_all,Deep Contractive,CNN,synthetic,atau,200,current_mixture,0.05,20,1e-12,width,0.0,2,a_tau,5.968707559985366,,14.678
dc_cnn29,sweep_all,Deep Contractive,CNN,synthetic,atau,200,current_mixture,0.05,20,1e-12,width,0.0,3,a_tau,5.966146739123692,,16.4
dc_cnn29,sweep_all,Deep Contractive,CNN,synthetic,atau,200,current_mixture,0.05,20,1e-12,width,0.0,4,a_tau,5.986452005284438,,16.795
dc_cnn29,sweep_all,Deep Contractive,CNN,synthetic,atau,200,current_mixture,0.05,20,1e-12,width,0.0,5,a_tau,5.978885764901122,,15.14
dc_cnn29,sweep_all,Deep Contractive,CNN,synthetic,atau,200,current_mixture,0.05,20,1e-12,width,0.0,6,a_tau,5.976350909297934,,10.264
dc_cnn29,sweep_all,Deep Contractive,CNN,synthetic,atau,200,current_mixture,0.05,20,1e-12,width,0.0,7,a_tau,5.973809611869261,,15.482
dc_cnn29,sweep_all,Deep Contractive,CNN,synthetic,atau,200,current_mixture,0.1,5,1e-12,width,0.0,0,a_tau,5.981414211254481,,12.535
dc_cnn29,sweep_all,Deep Contractive,CNN,synthetic,atau,200,current_mixture,0.1,5,1e-12,width,0.0,1,a_tau,5.953243334287785,,8.206
dc_cnn29,sweep_all,Deep Contractive,CNN,synthetic,atau,200,current_mixture,0.1,5,1e-12,width,0.0,2,a_tau,5.968707559985366,,17.317
dc_cnn29,sweep_all,Deep Contractive,CNN,synthetic,atau,200,current_mixture,0.1,5,1e-12,width,0.0,3,a_tau,5.966146739123692,,11.137
dc_cnn29,sweep_all,Deep Contractive,CNN,synthetic,atau,200,current_mixture,0.1,5,1e-12,width,0.0,4,a_tau,5.986452005284438,,3.787
dc_cnn29,sweep_all,Deep Contractive,CNN,synthetic,atau,200,current_mixture,0.1,5,1e-12,width,0.0,5,a_tau,5.978885764901122,,16.241
dc_cnn29,sweep_all,Deep Contractive,CNN,synthetic,atau,200,current_mixture,0.1,5,1e-12,width,0.0,6,a_tau,5.976350909297934,,3.968
dc_cnn29,sweep_all,Deep Contractive,CNN,synthetic,atau,200,current_mixture,0.1,5,1e-12,width,0.0,7,a_tau,5.973809611869261,,16.884
dc_cnn29,sweep_all,Deep Contractive,CNN,synthetic,atau,200,current_mixture,0.1,10,1e-12,width,0.0,0,a_tau,5.981414211254481,,13.544
dc_cnn29,sweep_all,Deep Contractive,CNN,synthetic,atau,200,current_mixture,0.1,10,1e-12,width,0.0,1,a_tau,5.953243334287785,,4.446
dc_cnn29,sweep_all,Deep Contractive,CNN,synthetic,atau,200,current_mixture,0.1,10,1e-12,width,0.0,2,a_tau,5.968707559985366,,15.278
dc_cnn29,sweep_all,Deep Contractive,CNN,synthetic,atau,200,current_mixture,0.1,10,1e-12,width,0.0,3,a_tau,5.966146739123692,,11.499
dc_cnn29,sweep_all,Deep Contractive,CNN,synthetic,atau,200,current_mixture,0.1,10,1e-12,width,0.0,4,a_tau,5.986452005284438,,11.993
dc_cnn29,sweep_all,Deep Contractive,CNN,synthetic,atau,200,current_mixture,0.1,10,1e-12,width,0.0,5,a_tau,5.978885764901122,,7.375
dc_cnn29,sweep_all,Deep Contractive,CNN,synthetic,atau,200,current_mixture,0.1,10,1e-12,width,0.0,6,a_tau,5.976350909297934,,9.942
dc_cnn29,sweep_all,Deep Contractive,CNN,synthetic,atau,200,current_mixture,0.1,10,1e-12,width,0.0,7,a_tau,5.973809611869261,,15.612
dc_cnn29,sweep_all,Deep Contractive,CNN,synthetic,atau,200,current_mixture,0.1,20,1e-12,width,0.0,0,a_tau,5.981414211254481,,7.685
dc_cnn29,sweep_all,Deep Contractive,CNN,synthetic,atau,200,current_mixture,0.1,20,1e-12,width,0.0,1,a_tau,5.953243334287785,,9.091
dc_cnn29,sweep_all,Deep Contractive,CNN,synthetic,atau,200,current_mixture,0.1,20,1e-12,width,0.0,2,a_tau,5.968707559985366,,16.396
dc_cnn29,sweep_all,Deep Contractive,CNN,synthetic,atau,200,current_mixture,0.1,20,1e-12,width,0.0,3,a_tau,5.966146739123692,,3.767
dc_cnn29,sweep_all,Deep Contractive,CNN,synthetic,atau,200,current_mixture,0.1,20,1e-12,width,0.0,4,a_tau,5.986452005284438,,14.58
dc_cnn29,sweep_all,Deep Contractive,CNN,synthetic,atau,200,current_mixture,0.1,20,1e-12,width,0.0,5,a_tau,5.978885764901122,,16.294
dc_cnn29,sweep_all,Deep Contractive,CNN,synthetic,atau,200,current_mixture,0.1,20,1e-12,width,0.0,6,a_tau,5.976350909297934,,13.648
dc_cnn29,sweep_all,Deep Contractive,CNN,synthetic,atau,200,current_mixture,0.1,20,1e-12,width,0.0,7,a_tau,5.973809611869261,,7.963
dc_cnn29,sweep_all,Deep Contractive,CNN,synthetic,atau,200,current_mixture,0.2,5,1e-12,width,0.0,0,a_tau,5.978885764901122,,16.623
dc_cnn29,sweep_all,Deep Contractive,CNN,synthetic,atau,200,current_mixture,0.2,5,1e-12,width,0.0,1,a_tau,5.950642552587727,,15.584
dc_cnn29,sweep_all,Deep Contractive,CNN,synthetic,atau,200,current_mixture,0.2,5,1e-12,width,0.0,2,a_tau,5.966146739123692,,16.443
dc_cnn29,sweep_all,Deep Contractive,CNN,synthetic,atau,200,current_mixture,0.2,5,1e-12,width,0.0,3,a_tau,5.961005339623274,,16.667
dc_cnn29,sweep_all,Deep Contractive,CNN,synthetic,atau,200,current_mixture,0.2,5,1e-12,width,0.0,4,a_tau,5.983936280687191,,16.835
dc_cnn29,sweep_all,Deep Contractive,CNN,synthetic,atau,200,current_mixture,0.2,5,1e-12,width,0.0,5,a_tau,5.976350909297934,,17.138
dc_cnn29,sweep_all,Deep Contractive,CNN,synthetic,atau,200,current_mixture,0.2,5,1e-12,width,0.0,6,a_tau,5.971261839790462,,5.184
dc_cnn29,sweep_all,Deep Contractive,CNN,synthetic,atau,200,current_mixture,0.2,5,1e-12,width,0.0,7,a_tau,5.968707559985366,,13.213
dc_cnn29,sweep_all,Deep Contractive,CNN,synthetic,atau,200,current_mixture,0.2,10,1e-12,width,0.0,0,a_tau,5.981414211254481,,16.615
dc_cnn29,sweep_all,Deep Contractive,CNN,synthetic,atau,200,current_mixture,0.2,10,1e-12,width,0.0,1,a_tau,5.953243334287785,,6.794
dc_cnn29,sweep_all,Deep Contractive,CNN,synthetic,atau,200,current_mixture,0.2,10,1e-12,width,0.0,2,a_tau,5.968707559985366,,16.668
dc_cnn29,sweep_all,Deep Contractive,CNN,synthetic,atau,200,current_mixture,0.2,10,1e-12,width,0.0,3,a_tau,5.966146739123692,,5.662
dc_cnn29,sweep_all,Deep Contractive,CNN,synthetic,atau,200,current_mixture,0.2,10,1e-12,width,0.0,4,a_tau,5.986452005284438,,13.388
dc_cnn29,sweep_all,Deep Contractive,CNN,synthetic,atau,200,current_mixture,0.2,10,1e-12,width,0.0,5,a_tau,5.978885764901122,,12.156
dc_cnn29,sweep_all,Deep Contractive,CNN,synthetic,atau,200,current_mixture,0.2,10,1e-12,width,0.0,6,a_tau,5.976350909297934,,17.318
dc_cnn29,sweep_all,Deep Contractive,CNN,synthetic,atau,200,current_mixture,0.2,10,1e-12,width,0.0,7,a_tau,5.973809611869261,,6.058
dc_cnn29,sweep_all,Deep Contractive,CNN,synthetic,atau,200,current_mixture,0.2,20,1e-12,width,0.0,0,a_tau,5.981414211254481,,16.775
dc_cnn29,sweep_all,Deep Contractive,CNN,synthetic,atau,200,current_mixture,0.2,20,1e-12,width,0.0,1,a_tau,5.953243334287785,,5.482
dc_cnn29,sweep_all,Deep Contractive,CNN,synthetic,atau,200,current_mixture,0.2,20,1e-12,width,0.0,2,a_tau,5.968707559985366,,15.791
dc_cnn29,sweep_all,Deep Contractive,CNN,synthetic,atau,200,current_mixture,0.2,20,1e-12,width,0.0,3,a_tau,5.966146739123692,,14.736
dc_cnn29,sweep_all,Deep Contractive,CNN,synthetic,atau,200,current_mixture,0.2,20,1e-12,width,0.0,4,a_tau,5.986452005284438,,13.418
dc_cnn29,sweep_all,Deep Contractive,CNN,synthetic,atau,200,current_mixture,0.2,20,1e-12,width,0.0,5,a_tau,5.978885764901122,,12.412
dc_cnn29,sweep_all,Deep Contractive,CNN,synthetic,atau,200,current_mixture,0.2,20,1e-12,width,0.0,6,a_tau,5.976350909297934,,12.444
dc_cnn29,sweep_all,Deep Contractive,CNN,synthetic,atau,200,current_mixture,0.2,20,1e-12,width,0.0,7,a_tau,5.973809611869261,,5.659
dc_cnn29,sweep_all,Deep Contractive,CNN,synthetic,atau,200,current_mixture,0.5,5,1e-12,width,0.0,0,a_tau,5.883322388488279,,4.214
dc_cnn29,sweep_all,Deep Contractive,CNN,synthetic,atau,200,current_mixture,0.5,5,1e-12,width,0.0,1,a_tau,5.846438775057725,,9.616
dc_cnn29,sweep_all,Deep Contractive,CNN,synthetic,atau,200,current_mixture,0.5,5,1e-12,width,0.0,2,a_tau,5.883322388488279,,8.214
dc_cnn29,sweep_all,Deep Contractive,CNN,synthetic,atau,200,current_mixture,0.5,5,1e-12,width,0.0,3,a_tau,5.8971538676367405,,16.499
dc_cnn29,sweep_all,Deep Contractive,CNN,synthetic,atau,200,current_mixture,0.5,5,1e-12,width,0.0,4,a_tau,5.918893854273146,,14.488
dc_cnn29,sweep_all,Deep Contractive,CNN,synthetic,atau,200,current_mixture,0.5,5,1e-12,width,0.0,5,a_tau,5.8888779583328805,,5.51
dc_cnn29,sweep_all,Deep Contractive,CNN,synthetic,atau,200,current_mixture,0.5,5,1e-12,width,0.0,6,a_tau,5.905361848054571,,14.539
dc_cnn29,sweep_all,Deep Contractive,CNN,synthetic,atau,200,current_mixture,0.5,5,1e-12,width,0.0,7,a_tau,5.87493073085203,,7.851
dc_cnn29,sweep_all,Deep Contractive,CNN,synthetic,atau,200,current_mixture,0.5,10,1e-12,width,0.0,0,a_tau,5.981414211254481,,9.281
dc_cnn29,sweep_all,Deep Contractive,CNN,synthetic,atau,200,current_mixture,0.5,10,1e-12,width,0.0,1,a_tau,5.953243334287785,,10.868
dc_cnn29,sweep_all,Deep Contractive,CNN,synthetic,atau,200,current_mixture,0.5,10,1e-12,width,0.0,2,a_tau,5.968707559985366,,13.845
dc_cnn29,sweep_all,Deep Contractive,CNN,synthetic,atau,200,current_mixture,0.5,10,1e-12,width,0.0,3,a_tau,5.966146739123692,,12.154
dc_cnn29,sweep_all,Deep Contractive,CNN,synthetic,atau,200,current_mixture,0.5,10,1e-12,width,0.0,4,a_tau,5.986452005284438,,13.572
dc_cnn29,sweep_all,Deep Contractive,CNN,synthetic,atau,200,current_mixture,0.5,10,1e-12,width,0.0,5,a_tau,5.978885764901122,,13.817
dc_cnn29,sweep_all,Deep Contractive,CNN,synthetic,atau,200,current_mixture,0.5,10,1e-12,width,0.0,6,a_tau,5.971261839790462,,9.955
dc_cnn29,sweep_all,Deep Contractive,CNN,synthetic,atau,200,current_mixture,0.5,10,1e-12,width,0.0,7,a_tau,5.973809611869261,,13.28
dc_cnn29,sweep_all,Deep Contractive,CNN,synthetic,atau,200,current_mixture,0.5,20,1e-12,width,0.0,0,a_tau,5.981414211254481,,11.843
dc_cnn29,sweep_all,Deep Contractive,CNN,synthetic,atau,200,current_mixture,0.5,20,1e-12,width,0.0,1,a_tau,5.953243334287785,,11.316
dc_cnn29,sweep_all,Deep Contractive,CNN,synthetic,atau,200,current_mixture,0.5,20,1e-12,width,0.0,2,a_tau,5.968707559985366,,4.941
dc_cnn29,sweep_all,Deep Contractive,CNN,synthetic,atau,200,current_mixture,0.5,20,1e-12,width,0.0,3,a_tau,5.966146739123692,,9.581
dc_cnn29,sweep_all,Deep Contractive,CNN,synthetic,atau,200,current_mixture,0.5,20,1e-12,width,0.0,4,a_tau,5.986452005284438,,11.216
dc_cnn29,sweep_all,Deep Contractive,CNN,synthetic,atau,200,current_mixture,0.5,20,1e-12,width,0.0,5,a_tau,5.978885764901122,,7.443
dc_cnn29,sweep_all,Deep Contractive,CNN,synthetic,atau,200,current_mixture,0.5,20,1e-12,width,0.0,6,a_tau,5.976350909297934,,7.838
dc_cnn29,sweep_all,Deep Contractive,CNN,synthetic,atau,200,current_mixture,0.5,20,1e-12,width,0.0,7,a_tau,5.973809611869261,,6.8
ld10,sweep_all,Dominant Key Attn,MLP,synthetic,atau,200,current_mixture,0.05,5,1e-12,width,0.0,0,a_tau,5.2832037287379885,,4.332
ld10,sweep_all,Dominant Key Attn,MLP,synthetic,atau,200,current_mixture,0.05,5,1e-12,width,0.0,1,a_tau,5.356586274672012,,0.63
ld10,sweep_all,Dominant Key Attn,MLP,synthetic,atau,200,current_mixture,0.05,5,1e-12,width,0.0,2,a_tau,5.579729825986222,,4.2
ld10,sweep_all,Dominant Key Attn,MLP,synthetic,atau,200,current_mixture,0.05,5,1e-12,width,0.0,3,a_tau,5.652489180268651,,4.061
ld10,sweep_all,Dominant Key Attn,MLP,synthetic,atau,200,current_mixture,0.05,5,1e-12,width,0.0,4,a_tau,5.662960480135946,,0.66
ld10,sweep_all,Dominant Key Attn,MLP,synthetic,atau,200,current_mixture,0.05,5,1e-12,width,0.0,5,a_tau,5.442417710521793,,3.846
ld10,sweep_all,Dominant Key Attn,MLP,synthetic,atau,200,current_mixture,0.05,5,1e-12,width,0.0,6,a_tau,5.5909869805108565,,1.431
ld10,sweep_all,Dominant Key Attn,MLP,synthetic,atau,200,current_mixture,0.05,5,1e-12,width,0.0,7,a_tau,5.3230099791384085,,0.892
ld10,sweep_all,Dominant Key Attn,MLP,synthetic,atau,200,current_mixture,0.05,10,1e-12,width,0.0,0,a_tau,5.746203190540153,,3.859
ld10,sweep_all,Dominant Key Attn,MLP,synthetic,atau,200,current_mixture,0.05,10,1e-12,width,0.0,1,a_tau,5.652489180268651,,1.958
ld10,sweep_all,Dominant Key Attn,MLP,synthetic,atau,200,current_mixture,0.05,10,1e-12,width,0.0,2,a_tau,5.7745515455444085,,0.707
ld10,sweep_all,Dominant Key Attn,MLP,synthetic,atau,200,current_mixture,0.05,10,1e-12,width,0.0,3,a_tau,5.749392985908253,,0.403
ld10,sweep_all,Dominant Key Attn,MLP,synthetic,atau,200,current_mixture,0.05,10,1e-12,width,0.0,4,a_tau,5.556828061699537,,2.859
ld10,sweep_all,Dominant Key Attn,MLP,synthetic,atau,200,current_mixture,0.05,10,1e-12,width,0.0,5,a_tau,5.7745515455444085,,1.422
ld10,sweep_all,Dominant Key Attn,MLP,synthetic,atau,200,current_mixture,0.05,10,1e-12,width,0.0,6,a_tau,5.799092654460526,,2.098
ld10,sweep_all,Dominant Key Attn,MLP,synthetic,atau,200,current_mixture,0.05,10,1e-12,width,0.0,7,a_tau,5.673323267171493,,2.127
ld10,sweep_all,Dominant Key Attn,MLP,synthetic,atau,200,current_mixture,0.05,20,1e-12,width,0.0,0,a_tau,5.8377304471659395,,2.873
ld10,sweep_all,Dominant Key Attn,MLP,synthetic,atau,200,current_mixture,0.05,20,1e-12,width,0.0,1,a_tau,5.823045895483019,,2.652
ld10,sweep_all,Dominant Key Attn,MLP,synthetic,atau,200,current_mixture,0.05,20,1e-12,width,0.0,2,a_tau,5.8289456176102075,,2.552
ld10,sweep_all,Dominant Key Attn,MLP,synthetic,atau,200,current_mixture,0.05,20,1e-12,width,0.0,3,a_tau,5.849324779946859,,1.491
ld10,sweep_all,Dominant Key Attn,MLP,synthetic,atau,200,current_mixture,0.05,20,1e-12,width,0.0,4,a_tau,5.860786223465865,,2.555
ld10,sweep_all,Dominant Key Attn,MLP,synthetic,atau,200,current_mixture,0.05,20,1e-12,width,0.0,5,a_tau,5.8664680569332965,,2.229
ld10,sweep_all,Dominant Key Attn,MLP,synthetic,atau,200,current_mixture,0.05,20,1e-12,width,0.0,6,a_tau,5.814130531825066,,2.004
ld10,sweep_all,Dominant Key Attn,MLP,synthetic,atau,200,current_mixture,0.05,20,1e-12,width,0.0,7,a_tau,5.808142489980444,,1.473
ld10,sweep_all,Dominant Key Attn,MLP,synthetic,atau,200,current_mixture,0.1,5,1e-12,width,0.0,0,a_tau,4.6443908991413725,,2.179
ld10,sweep_all,Dominant Key Attn,MLP,synthetic,atau,200,current_mixture,0.1,5,1e-12,width,0.0,1,a_tau,4.5217885770490405,,1.749
ld10,sweep_all,Dominant Key Attn,MLP,synthetic,atau,200,current_mixture,0.1,5,1e-12,width,0.0,2,a_tau,4.997212273764115,,1.426
ld10,sweep_all,Dominant Key Attn,MLP,synthetic,atau,200,current_mixture,0.1,5,1e-12,width,0.0,3,a_tau,4.983606621708336,,0.94
ld10,sweep_all,Dominant Key Attn,MLP,synthetic,atau,200,current_mixture,0.1,5,1e-12,width,0.0,4,a_tau,5.062595033026967,,1.628
ld10,sweep_all,Dominant Key Attn,MLP,synthetic,atau,200,current_mixture,0.1,5,1e-12,width,0.0,5,a_tau,4.7535901911063645,,1.532
ld10,sweep_all,Dominant Key Attn,MLP,synthetic,atau,200,current_mixture,0.1,5,1e-12,width,0.0,6,a_tau,5.0106352940962555,,1.051
ld10,sweep_all,Dominant Key Attn,MLP,synthetic,atau,200,current_mixture,0.1,5,1e-12,width,0.0,7,a_tau,4.477336814478207,,0.684
ld10,sweep_all,Dominant Key Attn,MLP,synthetic,atau,200,current_mixture,0.1,10,1e-12,width,0.0,0,a_tau,5.262690188904886,,1.141
ld10,sweep_all,Dominant Key Attn,MLP,synthetic,atau,200,current_mixture,0.1,10,1e-12,width,0.0,1,a_tau,5.209486152841421,,1.352
ld10,sweep_all,Dominant Key Attn,MLP,synthetic,atau,200,current_mixture,0.1,10,1e-12,width,0.0,2,a_tau,5.198497031265826,,0.983
ld10,sweep_all,Dominant Key Attn,MLP,synthetic,atau,200,current_mixture,0.1,10,1e-12,width,0.0,3,a_tau,5.187385805840755,,1.075
ld10,sweep_all,Dominant Key Attn,MLP,synthetic,atau,200,current_mixture,0.1,10,1e-12,width,0.0,4,a_tau,5.209486152841421,,1.092
ld10,sweep_all,Dominant Key Attn,MLP,synthetic,atau,200,current_mixture,0.1,10,1e-12,width,0.0,5,a_tau,5.204006687076795,,0.712
ld10,sweep_all,Dominant Key Attn,MLP,synthetic,atau,200,current_mixture,0.1,10,1e-12,width,0.0,6,a_tau,5.4116460518550396,,0.904
ld10,sweep_all,Dominant Key Attn,MLP,synthetic,atau,200,current_mixture,0.1,10,1e-12,width,0.0,7,a_tau,5.093750200806762,,0.87
ld10,sweep_all,Dominant Key Attn,MLP,synthetic,atau,200,current_mixture,0.1,20,1e-12,width,0.0,0,a_tau,5.303304908059076,,0.858
ld10,sweep_all,Dominant Key Attn,MLP,synthetic,atau,200,current_mixture,0.1,20,1e-12,width,0.0,1,a_tau,5.159055299214529,,0.825
ld10,sweep_all,Dominant Key Attn,MLP,synthetic,atau,200,current_mixture,0.1,20,1e-12,width,0.0,2,a_tau,5.214935757608986,,0.704
ld10,sweep_all,Dominant Key Attn,MLP,synthetic,atau,200,current_mixture,0.1,20,1e-12,width,0.0,3,a_tau,5.2574953720277815,,0.719
ld10,sweep_all,Dominant Key Attn,MLP,synthetic,atau,200,current_mixture,0.1,20,1e-12,width,0.0,4,a_tau,5.209486152841421,,0.844
ld10,sweep_all,Dominant Key Attn,MLP,synthetic,atau,200,current_mixture,0.1,20,1e-12,width,0.0,5,a_tau,5.278114659230517,,1.256
ld10,sweep_all,Dominant Key Attn,MLP,synthetic,atau,200,current_mixture,0.1,20,1e-12,width,0.0,6,a_tau,5.220355825078324,,0.568
ld10,sweep_all,Dominant Key Attn,MLP,synthetic,atau,200,current_mixture,0.1,20,1e-12,width,0.0,7,a_tau,5.1647859739235145,,0.514
ld10,sweep_all,Dominant Key Attn,MLP,synthetic,atau,200,current_mixture,0.2,5,1e-12,width,0.0,0,a_tau,3.9318256327243257,,0.839
ld10,sweep_all,Dominant Key Attn,MLP,synthetic,atau,200,current_mixture,0.2,5,1e-12,width,0.0,1,a_tau,3.912023005428146,,1.019
ld10,sweep_all,Dominant Key Attn,MLP,synthetic,atau,200,current_mixture,0.2,5,1e-12,width,0.0,2,a_tau,4.31748811353631,,0.825
ld10,sweep_all,Dominant Key Attn,MLP,synthetic,atau,200,current_mixture,0.2,5,1e-12,width,0.0,3,a_tau,4.02535169073515,,0.877
ld10,sweep_all,Dominant Key Attn,MLP,synthetic,atau,200,current_mixture,0.2,5,1e-12,width,0.0,4,a_tau,4.248495242049359,,0.829
ld10,sweep_all,Dominant Key Attn,MLP,synthetic,atau,200,current_mixture,0.2,5,1e-12,width,0.0,5,a_tau,4.060443010546419,,1.057
ld10,sweep_all,Dominant Key Attn,MLP,synthetic,atau,200,current_mixture,0.2,5,1e-12,width,0.0,6,a_tau,4.31748811353631,,0.995
ld10,sweep_all,Dominant Key Attn,MLP,synthetic,atau,200,current_mixture,0.2,5,1e-12,width,0.0,7,a_tau,4.060443010546419,,0.793
ld10,sweep_all,Dominant Key Attn,MLP,synthetic,atau,200,current_mixture,0.2,10,1e-12,width,0.0,0,a_tau,4.672828834461906,,0.889
ld10,sweep_all,Dominant Key Attn,MLP,synthetic,atau,200,current_mixture,0.2,10,1e-12,width,0.0,1,a_tau,4.718498871295094,,0.753
ld10,sweep_all,Dominant Key Attn,MLP,synthetic,atau,200,current_mixture,0.2,10,1e-12,width,0.0,2,a_tau,4.543294782270004,,0.916
ld10,sweep_all,Dominant Key Attn,MLP,synthetic,atau,200,current_mixture,0.2,10,1e-12,width,0.0,3,a_tau,4.605170185988092,,0.884
ld10,sweep_all,Dominant Key Attn,MLP,synthetic,atau,200,current_mixture,0.2,10,1e-12,width,0.0,4,a_tau,4.553876891600541,,0.857
ld10,sweep_all,Dominant Key Attn,MLP,synthetic,atau,200,current_mixture,0.2,10,1e-12,width,0.0,5,a_tau,4.6443908991413725,,0.951
ld10,sweep_all,Dominant Key Attn,MLP,synthetic,atau,200,current_mixture,0.2,10,1e-12,width,0.0,6,a_tau,4.90527477843843,,0.926
ld10,sweep_all,Dominant Key Attn,MLP,synthetic,atau,200,current_mixture,0.2,10,1e-12,width,0.0,7,a_tau,4.532599493153256,,1.328
ld10,sweep_all,Dominant Key Attn,MLP,synthetic,atau,200,current_mixture,0.2,20,1e-12,width,0.0,0,a_tau,4.290459441148391,,0.864
ld10,sweep_all,Dominant Key Attn,MLP,synthetic,atau,200,current_mixture,0.2,20,1e-12,width,0.0,1,a_tau,4.2626798770413155,,0.848
ld10,sweep_all,Dominant Key Attn,MLP,synthetic,atau,200,current_mixture,0.2,20,1e-12,width,0.0,2,a_tau,4.31748811353631,,0.834
ld10,sweep_all,Dominant Key Attn,MLP,synthetic,atau,200,current_mixture,0.2,20,1e-12,width,0.0,3,a_tau,4.442651256490317,,0.807
ld10,sweep_all,Dominant Key Attn,MLP,synthetic,atau,200,current_mixture,0.2,20,1e-12,width,0.0,4,a_tau,4.343805421853684,,0.818
ld10,sweep_all,Dominant Key Attn,MLP,synthetic,atau,200,current_mixture,0.2,20,1e-12,width,0.0,5,a_tau,4.330733340286331,,0.82
ld10,sweep_all,Dominant Key Attn,MLP,synthetic,atau,200,current_mixture,0.2,20,1e-12,width,0.0,6,a_tau,4.356708826689592,,1.044
ld10,sweep_all,Dominant Key Attn,MLP,synthetic,atau,200,current_mixture,0.2,20,1e-12,width,0.0,7,a_tau,4.290459441148391,,0.846
ld10,sweep_all,Dominant Key Attn,MLP,synthetic,atau,200,current_mixture,0.5,5,1e-12,width,0.0,0,a_tau,3.58351893845611,,0.858
ld10,sweep_all,Dominant Key Attn,MLP,synthetic,atau,200,current_mixture,0.5,5,1e-12,width,0.0,1,a_tau,2.995732273553991,,0.394
ld10,sweep_all,Dominant Key Attn,MLP,synthetic,atau,200,current_mixture,0.5,5,1e-12,width,0.0,2,a_tau,3.5263605246161616,,0.683
ld10,sweep_all,Dominant Key Attn,MLP,synthetic,atau,200,current_mixture,0.5,5,1e-12,width,0.0,3,a_tau,3.2188758248682006,,0.977
ld10,sweep_all,Dominant Key Attn,MLP,synthetic,atau,200,current_mixture,0.5,5,1e-12,width,0.0,4,a_tau,3.4011973816621555,,0.952
ld10,sweep_all,Dominant Key Attn,MLP,synthetic,atau,200,current_mixture,0.5,5,1e-12,width,0.0,5,a_tau,3.295836866004329,,0.876
ld10,sweep_all,Dominant Key Attn,MLP,synthetic,atau,200,current_mixture,0.5,5,1e-12,width,0.0,6,a_tau,3.6375861597263857,,0.793
ld10,sweep_all,Dominant Key Attn,MLP,synthetic,atau,200,current_mixture,0.5,5,1e-12,width,0.0,7,a_tau,2.70805020110221,,1.268
ld10,sweep_all,Dominant Key Attn,MLP,synthetic,atau,200,current_mixture,0.5,10,1e-12,width,0.0,0,a_tau,3.828641396489095,,0.796
ld10,sweep_all,Dominant Key Attn,MLP,synthetic,atau,200,current_mixture,0.5,10,1e-12,width,0.0,1,a_tau,4.204692619390966,,0.769
ld10,sweep_all,Dominant Key Attn,MLP,synthetic,atau,200,current_mixture,0.5,10,1e-12,width,0.0,2,a_tau,3.7612001156935624,,0.547
ld10,sweep_all,Dominant Key Attn,MLP,synthetic,atau,200,current_mixture,0.5,10,1e-12,width,0.0,3,a_tau,3.6888794541139363,,0.96
ld10,sweep_all,Dominant Key Attn,MLP,synthetic,atau,200,current_mixture,0.5,10,1e-12,width,0.0,4,a_tau,3.6635616461296463,,0.863
ld10,sweep_all,Dominant Key Attn,MLP,synthetic,atau,200,current_mixture,0.5,10,1e-12,width,0.0,5,a_tau,3.912023005428146,,1.03
ld10,sweep_all,Dominant Key Attn,MLP,synthetic,atau,200,current_mixture,0.5,10,1e-12,width,0.0,6,a_tau,3.9889840465642745,,0.972
ld10,sweep_all,Dominant Key Attn,MLP,synthetic,atau,200,current_mixture,0.5,10,1e-12,width,0.0,7,a_tau,3.8066624897703196,,1.021
ld10,sweep_all,Dominant Key Attn,MLP,synthetic,atau,200,current_mixture,0.5,20,1e-12,width,0.0,0,a_tau,4.04305126783455,,0.743
ld10,sweep_all,Dominant Key Attn,MLP,synthetic,atau,200,current_mixture,0.5,20,1e-12,width,0.0,1,a_tau,4.007333185232471,,0.842
ld10,sweep_all,Dominant Key Attn,MLP,synthetic,atau,200,current_mixture,0.5,20,1e-12,width,0.0,2,a_tau,4.0943445622221,,0.686
ld10,sweep_all,Dominant Key Attn,MLP,synthetic,atau,200,current_mixture,0.5,20,1e-12,width,0.0,3,a_tau,3.912023005428146,,0.674
ld10,sweep_all,Dominant Key Attn,MLP,synthetic,atau,200,current_mixture,0.5,20,1e-12,width,0.0,4,a_tau,3.970291913552122,,0.574
ld10,sweep_all,Dominant Key Attn,MLP,synthetic,atau,200,current_mixture,0.5,20,1e-12,width,0.0,5,a_tau,4.007333185232471,,0.82
ld10,sweep_all,Dominant Key Attn,MLP,synthetic,atau,200,current_mixture,0.5,20,1e-12,width,0.0,6,a_tau,3.970291913552122,,0.674
ld10,sweep_all,Dominant Key Attn,MLP,synthetic,atau,200,current_mixture,0.5,20,1e-12,width,0.0,7,a_tau,3.9512437185814275,,0.923
ld9,sweep_all,Dominant Key Attn,MLP,synthetic,atau,200,current_mixture,0.05,5,1e-12,width,0.0,0,a_tau,5.655991810819852,,1.354
ld9,sweep_all,Dominant Key Attn,MLP,synthetic,atau,200,current_mixture,0.05,5,1e-12,width,0.0,1,a_tau,5.641907070938114,,1.171
ld9,sweep_all,Dominant Key Attn,MLP,synthetic,atau,200,current_mixture,0.05,5,1e-12,width,0.0,2,a_tau,5.802118375377063,,1.339
ld9,sweep_all,Dominant Key Attn,MLP,synthetic,atau,200,current_mixture,0.05,5,1e-12,width,0.0,3,a_tau,5.8289456176102075,,1.732
ld9,sweep_all,Dominant Key Attn,MLP,synthetic,atau,200,current_mixture,0.05,5,1e-12,width,0.0,4,a_tau,5.802118375377063,,1.165
ld9,sweep_all,Dominant Key Attn,MLP,synthetic,atau,200,current_mixture,0.05,5,1e-12,width,0.0,5,a_tau,5.730099782973574,,1.507
ld9,sweep_all,Dominant Key Attn,MLP,synthetic,atau,200,current_mixture,0.05,5,1e-12,width,0.0,6,a_tau,5.814130531825066,,1.069
ld9,sweep_all,Dominant Key Attn,MLP,synthetic,atau,200,current_mixture,0.05,5,1e-12,width,0.0,7,a_tau,5.717027701406222,,1.118
ld9,sweep_all,Dominant Key Attn,MLP,synthetic,atau,200,current_mixture,0.05,10,1e-12,width,0.0,0,a_tau,5.910796644040527,,1.147
ld9,sweep_all,Dominant Key Attn,MLP,synthetic,atau,200,current_mixture,0.05,10,1e-12,width,0.0,1,a_tau,5.834810737062605,,1.629
ld9,sweep_all,Dominant Key Attn,MLP,synthetic,atau,200,current_mixture,0.05,10,1e-12,width,0.0,2,a_tau,5.910796644040527,,1.087
ld9,sweep_all,Dominant Key Attn,MLP,synthetic,atau,200,current_mixture,0.05,10,1e-12,width,0.0,3,a_tau,5.937536205082426,,1.425
ld9,sweep_all,Dominant Key Attn,MLP,synthetic,atau,200,current_mixture,0.05,10,1e-12,width,0.0,4,a_tau,5.902633333401366,,1.046
ld9,sweep_all,Dominant Key Attn,MLP,synthetic,atau,200,current_mixture,0.05,10,1e-12,width,0.0,5,a_tau,5.908082938168931,,1.032
ld9,sweep_all,Dominant Key Attn,MLP,synthetic,atau,200,current_mixture,0.05,10,1e-12,width,0.0,6,a_tau,5.924255797414532,,1.221
ld9,sweep_all,Dominant Key Attn,MLP,synthetic,atau,200,current_mixture,0.05,10,1e-12,width,0.0,7,a_tau,5.823045895483019,,1.329
ld9,sweep_all,Dominant Key Attn,MLP,synthetic,atau,200,current_mixture,0.05,20,1e-12,width,0.0,0,a_tau,5.973809611869261,,1.271
ld9,sweep_all,Dominant Key Attn,MLP,synthetic,atau,200,current_mixture,0.05,20,1e-12,width,0.0,1,a_tau,5.961005339623274,,1.159
ld9,sweep_all,Dominant Key Attn,MLP,synthetic,atau,200,current_mixture,0.05,20,1e-12,width,0.0,2,a_tau,5.963579343618446,,1.258
ld9,sweep_all,Dominant Key Attn,MLP,synthetic,atau,200,current_mixture,0.05,20,1e-12,width,0.0,3,a_tau,5.986452005284438,,1.087
ld9,sweep_all,Dominant Key Attn,MLP,synthetic,atau,200,current_mixture,0.05,20,1e-12,width,0.0,4,a_tau,5.981414211254481,,1.097
ld9,sweep_all,Dominant Key Attn,MLP,synthetic,atau,200,current_mixture,0.05,20,1e-12,width,0.0,5,a_tau,5.958424693029782,,1.08
ld9,sweep_all,Dominant Key Attn,MLP,synthetic,atau,200,current_mixture,0.05,20,1e-12,width,0.0,6,a_tau,5.978885764901122,,1.139
ld9,sweep_all,Dominant Key Attn,MLP,synthetic,atau,200,current_mixture,0.05,20,1e-12,width,0.0,7,a_tau,5.958424693029782,,1.204
ld9,sweep_all,Dominant Key Attn,MLP,synthetic,atau,200,current_mixture,0.1,5,1e-12,width,0.0,0,a_tau,4.983606621708336,,1.32
ld9,sweep_all,Dominant Key Attn,MLP,synthetic,atau,200,current_mixture,0.1,5,1e-12,width,0.0,1,a_tau,4.941642422609304,,1.234
ld9,sweep_all,Dominant Key Attn,MLP,synthetic,atau,200,current_mixture,0.1,5,1e-12,width,0.0,2,a_tau,5.111987788356544,,1.26
ld9,sweep_all,Dominant Key Attn,MLP,synthetic,atau,200,current_mixture,0.1,5,1e-12,width,0.0,3,a_tau,5.313205979041787,,1.246
ld9,sweep_all,Dominant Key Attn,MLP,synthetic,atau,200,current_mixture,0.1,5,1e-12,width,0.0,4,a_tau,5.209486152841421,,1.174
ld9,sweep_all,Dominant Key Attn,MLP,synthetic,atau,200,current_mixture,0.1,5,1e-12,width,0.0,5,a_tau,5.087596335232384,,1.139
ld9,sweep_all,Dominant Key Attn,MLP,synthetic,atau,200,current_mixture,0.1,5,1e-12,width,0.0,6,a_tau,5.187385805840755,,1.366
ld9,sweep_all,Dominant Key Attn,MLP,synthetic,atau,200,current_mixture,0.1,5,1e-12,width,0.0,7,a_tau,5.0106352940962555,,1.008
ld9,sweep_all,Dominant Key Attn,MLP,synthetic,atau,200,current_mixture,0.1,10,1e-12,width,0.0,0,a_tau,5.5053315359323625,,1.173
ld9,sweep_all,Dominant Key Attn,MLP,synthetic,atau,200,current_mixture,0.1,10,1e-12,width,0.0,1,a_tau,5.365976015021851,,1.191
ld9,sweep_all,Dominant Key Attn,MLP,synthetic,atau,200,current_mixture,0.1,10,1e-12,width,0.0,2,a_tau,5.54907608489522,,1.321
ld9,sweep_all,Dominant Key Attn,MLP,synthetic,atau,200,current_mixture,0.1,10,1e-12,width,0.0,3,a_tau,5.579729825986222,,1.126
ld9,sweep_all,Dominant Key Attn,MLP,synthetic,atau,200,current_mixture,0.1,10,1e-12,width,0.0,4,a_tau,5.429345628954441,,1.35
ld9,sweep_all,Dominant Key Attn,MLP,synthetic,atau,200,current_mixture,0.1,10,1e-12,width,0.0,5,a_tau,5.521460917862246,,1.11
ld9,sweep_all,Dominant Key Attn,MLP,synthetic,atau,200,current_mixture,0.1,10,1e-12,width,0.0,6,a_tau,5.459585514144159,,1.171
ld9,sweep_all,Dominant Key Attn,MLP,synthetic,atau,200,current_mixture,0.1,10,1e-12,width,0.0,7,a_tau,5.44673737166631,,1.372
ld9,sweep_all,Dominant Key Attn,MLP,synthetic,atau,200,current_mixture,0.1,20,1e-12,width,0.0,0,a_tau,5.771441123130016,,1.048
ld9,sweep_all,Dominant Key Attn,MLP,synthetic,atau,200,current_mixture,0.1,20,1e-12,width,0.0,1,a_tau,5.726847747587197,,1.172
ld9,sweep_all,Dominant Key Attn,MLP,synthetic,atau,200,current_mixture,0.1,20,1e-12,width,0.0,2,a_tau,5.82600010738045,,1.144
ld9,sweep_all,Dominant Key Attn,MLP,synthetic,atau,200,current_mixture,0.1,20,1e-12,width,0.0,3,a_tau,5.8377304471659395,,1.184
ld9,sweep_all,Dominant Key Attn,MLP,synthetic,atau,200,current_mixture,0.1,20,1e-12,width,0.0,4,a_tau,5.805134968916488,,1.291
ld9,sweep_all,Dominant Key Attn,MLP,synthetic,atau,200,current_mixture,0.1,20,1e-12,width,0.0,5,a_tau,5.8916442118257715,,1.225
ld9,sweep_all,Dominant Key Attn,MLP,synthetic,atau,200,current_mixture,0.1,20,1e-12,width,0.0,6,a_tau,5.752572638825633,,1.365
ld9,sweep_all,Dominant Key Attn,MLP,synthetic,atau,200,current_mixture,0.1,20,1e-12,width,0.0,7,a_tau,5.780743515792329,,1.185
ld9,sweep_all,Dominant Key Attn,MLP,synthetic,atau,200,current_mixture,0.2,5,1e-12,width,0.0,0,a_tau,4.343805421853684,,1.061
ld9,sweep_all,Dominant Key Attn,MLP,synthetic,atau,200,current_mixture,0.2,5,1e-12,width,0.0,1,a_tau,4.007333185232471,,1.299
ld9,sweep_all,Dominant Key Attn,MLP,synthetic,atau,200,current_mixture,0.2,5,1e-12,width,0.0,2,a_tau,4.219507705176107,,1.277
ld9,sweep_all,Dominant Key Attn,MLP,synthetic,atau,200,current_mixture,0.2,5,1e-12,width,0.0,3,a_tau,4.2626798770413155,,1.3
ld9,sweep_all,Dominant Key Attn,MLP,synthetic,atau,200,current_mixture,0.2,5,1e-12,width,0.0,4,a_tau,4.343805421853684,,1.267
ld9,sweep_all,Dominant Key Attn,MLP,synthetic,atau,200,current_mixture,0.2,5,1e-12,width,0.0,5,a_tau,4.30406509320417,,1.263
ld9,sweep_all,Dominant Key Attn,MLP,synthetic,atau,200,current_mixture,0.2,5,1e-12,width,0.0,6,a_tau,4.330733340286331,,1.167
ld9,sweep_all,Dominant Key Attn,MLP,synthetic,atau,200,current_mixture,0.2,5,1e-12,width,0.0,7,a_tau,4.454347296253507,,0.993
ld9,sweep_all,Dominant Key Attn,MLP,synthetic,atau,200,current_mixture,0.2,10,1e-12,width,0.0,0,a_tau,4.859812404361672,,1.014
ld9,sweep_all,Dominant Key Attn,MLP,synthetic,atau,200,current_mixture,0.2,10,1e-12,width,0.0,1,a_tau,4.948759890378168,,1.252
ld9,sweep_all,Dominant Key Attn,MLP,synthetic,atau,200,current_mixture,0.2,10,1e-12,width,0.0,2,a_tau,4.74493212836325,,1.058
ld9,sweep_all,Dominant Key Attn,MLP,synthetic,atau,200,current_mixture,0.2,10,1e-12,width,0.0,3,a_tau,4.948759890378168,,0.966
ld9,sweep_all,Dominant Key Attn,MLP,synthetic,atau,200,current_mixture,0.2,10,1e-12,width,0.0,4,a_tau,4.897839799950911,,0.978
ld9,sweep_all,Dominant Key Attn,MLP,synthetic,atau,200,current_mixture,0.2,10,1e-12,width,0.0,5,a_tau,4.787491742782046,,1.329
ld9,sweep_all,Dominant Key Attn,MLP,synthetic,atau,200,current_mixture,0.2,10,1e-12,width,0.0,6,a_tau,5.204006687076795,,1.162
ld9,sweep_all,Dominant Key Attn,MLP,synthetic,atau,200,current_mixture,0.2,10,1e-12,width,0.0,7,a_tau,4.983606621708336,,1.24
ld9,sweep_all,Dominant Key Attn,MLP,synthetic,atau,200,current_mixture,0.2,20,1e-12,width,0.0,0,a_tau,5.389071729816501,,1.236
ld9,sweep_all,Dominant Key Attn,MLP,synthetic,atau,200,current_mixture,0.2,20,1e-12,width,0.0,1,a_tau,5.2574953720277815,,1.209
ld9,sweep_all,Dominant Key Attn,MLP,synthetic,atau,200,current_mixture,0.2,20,1e-12,width,0.0,2,a_tau,5.308267697401205,,1.175
ld9,sweep_all,Dominant Key Attn,MLP,synthetic,atau,200,current_mixture,0.2,20,1e-12,width,0.0,3,a_tau,5.3706380281276624,,1.309
ld9,sweep_all,Dominant Key Attn,MLP,synthetic,atau,200,current_mixture,0.2,20,1e-12,width,0.0,4,a_tau,5.365976015021851,,1.394
ld9,sweep_all,Dominant Key Attn,MLP,synthetic,atau,200,current_mixture,0.2,20,1e-12,width,0.0,5,a_tau,5.44673737166631,,1.332
ld9,sweep_all,Dominant Key Attn,MLP,synthetic,atau,200,current_mixture,0.2,20,1e-12,width,0.0,6,a_tau,5.3612921657094255,,1.139
ld9,sweep_all,Dominant Key Attn,MLP,synthetic,atau,200,current_mixture,0.2,20,1e-12,width,0.0,7,a_tau,5.3981627015177525,,1.287
ld9,sweep_all,Dominant Key Attn,MLP,synthetic,atau,200,current_mixture,0.5,5,1e-12,width,0.0,0,a_tau,3.5553480614894135,,1.103
ld9,sweep_all,Dominant Key Attn,MLP,synthetic,atau,200,current_mixture,0.5,5,1e-12,width,0.0,1,a_tau,3.4965075614664802,,1.103
ld9,sweep_all,Dominant Key Attn,MLP,synthetic,atau,200,current_mixture,0.5,5,1e-12,width,0.0,2,a_tau,3.4657359027997265,,1.059
ld9,sweep_all,Dominant Key Attn,MLP,synthetic,atau,200,current_mixture,0.5,5,1e-12,width,0.0,3,a_tau,3.4965075614664802,,1.223
ld9,sweep_all,Dominant Key Attn,MLP,synthetic,atau,200,current_mixture,0.5,5,1e-12,width,0.0,4,a_tau,3.5263605246161616,,1.321
ld9,sweep_all,Dominant Key Attn,MLP,synthetic,atau,200,current_mixture,0.5,5,1e-12,width,0.0,5,a_tau,3.6888794541139363,,1.142
ld9,sweep_all,Dominant Key Attn,MLP,synthetic,atau,200,current_mixture,0.5,5,1e-12,width,0.0,6,a_tau,3.713572066704308,,1.259
ld9,sweep_all,Dominant Key Attn,MLP,synthetic,atau,200,current_mixture,0.5,5,1e-12,width,0.0,7,a_tau,3.5263605246161616,,1.264
ld9,sweep_all,Dominant Key Attn,MLP,synthetic,atau,200,current_mixture,0.5,10,1e-12,width,0.0,0,a_tau,4.23410650459726,,1.291
ld9,sweep_all,Dominant Key Attn,MLP,synthetic,atau,200,current_mixture,0.5,10,1e-12,width,0.0,1,a_tau,3.8066624897703196,,1.3
ld9,sweep_all,Dominant Key Attn,MLP,synthetic,atau,200,current_mixture,0.5,10,1e-12,width,0.0,2,a_tau,4.174387269895637,,1.129
ld9,sweep_all,Dominant Key Attn,MLP,synthetic,atau,200,current_mixture,0.5,10,1e-12,width,0.0,3,a_tau,4.418840607796598,,0.963
ld9,sweep_all,Dominant Key Attn,MLP,synthetic,atau,200,current_mixture,0.5,10,1e-12,width,0.0,4,a_tau,3.8918202981106265,,0.981
ld9,sweep_all,Dominant Key Attn,MLP,synthetic,atau,200,current_mixture,0.5,10,1e-12,width,0.0,5,a_tau,3.9889840465642745,,0.929
ld9,sweep_all,Dominant Key Attn,MLP,synthetic,atau,200,current_mixture,0.5,10,1e-12,width,0.0,6,a_tau,4.143134726391533,,1.238
ld9,sweep_all,Dominant Key Attn,MLP,synthetic,atau,200,current_mixture,0.5,10,1e-12,width,0.0,7,a_tau,4.394449154672439,,1.349
ld9,sweep_all,Dominant Key Attn,MLP,synthetic,atau,200,current_mixture,0.5,20,1e-12,width,0.0,0,a_tau,4.948759890378168,,1.398
ld9,sweep_all,Dominant Key Attn,MLP,synthetic,atau,200,current_mixture,0.5,20,1e-12,width,0.0,1,a_tau,4.584967478670572,,1.199
ld9,sweep_all,Dominant Key Attn,MLP,synthetic,atau,200,current_mixture,0.5,20,1e-12,width,0.0,2,a_tau,4.663439094112067,,1.326
ld9,sweep_all,Dominant Key Attn,MLP,synthetic,atau,200,current_mixture,0.5,20,1e-12,width,0.0,3,a_tau,4.820281565605037,,1.348
ld9,sweep_all,Dominant Key Attn,MLP,synthetic,atau,200,current_mixture,0.5,20,1e-12,width,0.0,4,a_tau,4.672828834461906,,1.201
ld9,sweep_all,Dominant Key Attn,MLP,synthetic,atau,200,current_mixture,0.5,20,1e-12,width,0.0,5,a_tau,4.653960350157523,,1.006
ld9,sweep_all,Dominant Key Attn,MLP,synthetic,atau,200,current_mixture,0.5,20,1e-12,width,0.0,6,a_tau,4.430816798843313,,1.377
ld9,sweep_all,Dominant Key Attn,MLP,synthetic,atau,200,current_mixture,0.5,20,1e-12,width,0.0,7,a_tau,4.624972813284271,,1.292
ld11,sweep_all,Dominant Key Attn,MLP,synthetic,atau,200,current_mixture,0.05,5,1e-12,width,0.0,0,a_tau,5.730099782973574,,1.056
ld11,sweep_all,Dominant Key Attn,MLP,synthetic,atau,200,current_mixture,0.05,5,1e-12,width,0.0,1,a_tau,5.560681631015528,,1.101
ld11,sweep_all,Dominant Key Attn,MLP,synthetic,atau,200,current_mixture,0.05,5,1e-12,width,0.0,2,a_tau,5.7899601708972535,,0.994
ld11,sweep_all,Dominant Key Attn,MLP,synthetic,atau,200,current_mixture,0.05,5,1e-12,width,0.0,3,a_tau,5.652489180268651,,0.88
ld11,sweep_all,Dominant Key Attn,MLP,synthetic,atau,200,current_mixture,0.05,5,1e-12,width,0.0,4,a_tau,5.752572638825633,,1.116
ld11,sweep_all,Dominant Key Attn,MLP,synthetic,atau,200,current_mixture,0.05,5,1e-12,width,0.0,5,a_tau,5.713732805509369,,1.165
ld11,sweep_all,Dominant Key Attn,MLP,synthetic,atau,200,current_mixture,0.05,5,1e-12,width,0.0,6,a_tau,5.768320995793772,,1.283
ld11,sweep_all,Dominant Key Attn,MLP,synthetic,atau,200,current_mixture,0.05,5,1e-12,width,0.0,7,a_tau,5.429345628954441,,0.909
ld11,sweep_all,Dominant Key Attn,MLP,synthetic,atau,200,current_mixture,0.05,10,1e-12,width,0.0,0,a_tau,5.883322388488279,,0.808
ld11,sweep_all,Dominant Key Attn,MLP,synthetic,atau,200,current_mixture,0.05,10,1e-12,width,0.0,1,a_tau,5.840641657373398,,0.935
ld11,sweep_all,Dominant Key Attn,MLP,synthetic,atau,200,current_mixture,0.05,10,1e-12,width,0.0,2,a_tau,5.8998973535824915,,1.156
ld11,sweep_all,Dominant Key Attn,MLP,synthetic,atau,200,current_mixture,0.05,10,1e-12,width,0.0,3,a_tau,5.905361848054571,,1.289
ld11,sweep_all,Dominant Key Attn,MLP,synthetic,atau,200,current_mixture,0.05,10,1e-12,width,0.0,4,a_tau,5.8916442118257715,,0.938
ld11,sweep_all,Dominant Key Attn,MLP,synthetic,atau,200,current_mixture,0.05,10,1e-12,width,0.0,5,a_tau,5.860786223465865,,1.179
ld11,sweep_all,Dominant Key Attn,MLP,synthetic,atau,200,current_mixture,0.05,10,1e-12,width,0.0,6,a_tau,5.8664680569332965,,1.092
ld11,sweep_all,Dominant Key Attn,MLP,synthetic,atau,200,current_mixture,0.05,10,1e-12,width,0.0,7,a_tau,5.883322388488279,,1.143
ld11,sweep_all,Dominant Key Attn,MLP,synthetic,atau,200,current_mixture,0.05,20,1e-12,width,0.0,0,a_tau,5.950642552587727,,1.116
ld11,sweep_all,Dominant Key Attn,MLP,synthetic,atau,200,current_mixture,0.05,20,1e-12,width,0.0,1,a_tau,5.953243334287785,,1.008
ld11,sweep_all,Dominant Key Attn,MLP,synthetic,atau,200,current_mixture,0.05,20,1e-12,width,0.0,2,a_tau,5.971261839790462,,1.077
ld11,sweep_all,Dominant Key Attn,MLP,synthetic,atau,200,current_mixture,0.05,20,1e-12,width,0.0,3,a_tau,5.958424693029782,,1.19
ld11,sweep_all,Dominant Key Attn,MLP,synthetic,atau,200,current_mixture,0.05,20,1e-12,width,0.0,4,a_tau,5.934894195619588,,1.026
ld11,sweep_all,Dominant Key Attn,MLP,synthetic,atau,200,current_mixture,0.05,20,1e-12,width,0.0,5,a_tau,5.963579343618446,,0.902
ld11,sweep_all,Dominant Key Attn,MLP,synthetic,atau,200,current_mixture,0.05,20,1e-12,width,0.0,6,a_tau,5.940171252720432,,0.931
ld11,sweep_all,Dominant Key Attn,MLP,synthetic,atau,200,current_mixture,0.05,20,1e-12,width,0.0,7,a_tau,5.8998973535824915,,1.199
ld11,sweep_all,Dominant Key Attn,MLP,synthetic,atau,200,current_mixture,0.1,5,1e-12,width,0.0,0,a_tau,5.093750200806762,,0.918
ld11,sweep_all,Dominant Key Attn,MLP,synthetic,atau,200,current_mixture,0.1,5,1e-12,width,0.0,1,a_tau,4.77912349311153,,1.069
ld11,sweep_all,Dominant Key Attn,MLP,synthetic,atau,200,current_mixture,0.1,5,1e-12,width,0.0,2,a_tau,5.19295685089021,,0.871
ld11,sweep_all,Dominant Key Attn,MLP,synthetic,atau,200,current_mixture,0.1,5,1e-12,width,0.0,3,a_tau,4.90527477843843,,1.114
ld11,sweep_all,Dominant Key Attn,MLP,synthetic,atau,200,current_mixture,0.1,5,1e-12,width,0.0,4,a_tau,5.111987788356544,,1.209
ld11,sweep_all,Dominant Key Attn,MLP,synthetic,atau,200,current_mixture,0.1,5,1e-12,width,0.0,5,a_tau,5.049856007249537,,1.339
ld11,sweep_all,Dominant Key Attn,MLP,synthetic,atau,200,current_mixture,0.1,5,1e-12,width,0.0,6,a_tau,5.225746673713202,,1.095
ld11,sweep_all,Dominant Key Attn,MLP,synthetic,atau,200,current_mixture,0.1,5,1e-12,width,0.0,7,a_tau,4.820281565605037,,0.886
ld11,sweep_all,Dominant Key Attn,MLP,synthetic,atau,200,current_mixture,0.1,10,1e-12,width,0.0,0,a_tau,5.472270673671475,,1.031
ld11,sweep_all,Dominant Key Attn,MLP,synthetic,atau,200,current_mixture,0.1,10,1e-12,width,0.0,1,a_tau,5.459585514144159,,1.234
ld11,sweep_all,Dominant Key Attn,MLP,synthetic,atau,200,current_mixture,0.1,10,1e-12,width,0.0,2,a_tau,5.583496308781699,,0.991
ld11,sweep_all,Dominant Key Attn,MLP,synthetic,atau,200,current_mixture,0.1,10,1e-12,width,0.0,3,a_tau,5.455321115357702,,1.115
ld11,sweep_all,Dominant Key Attn,MLP,synthetic,atau,200,current_mixture,0.1,10,1e-12,width,0.0,4,a_tau,5.594711379601839,,1.055
ld11,sweep_all,Dominant Key Attn,MLP,synthetic,atau,200,current_mixture,0.1,10,1e-12,width,0.0,5,a_tau,5.375278407684165,,1.09
ld11,sweep_all,Dominant Key Attn,MLP,synthetic,atau,200,current_mixture,0.1,10,1e-12,width,0.0,6,a_tau,5.529429087511423,,1.018
ld11,sweep_all,Dominant Key Attn,MLP,synthetic,atau,200,current_mixture,0.1,10,1e-12,width,0.0,7,a_tau,5.365976015021851,,0.939
ld11,sweep_all,Dominant Key Attn,MLP,synthetic,atau,200,current_mixture,0.1,20,1e-12,width,0.0,0,a_tau,5.662960480135946,,1.162
ld11,sweep_all,Dominant Key Attn,MLP,synthetic,atau,200,current_mixture,0.1,20,1e-12,width,0.0,1,a_tau,5.703782474656201,,1.188
ld11,sweep_all,Dominant Key Attn,MLP,synthetic,atau,200,current_mixture,0.1,20,1e-12,width,0.0,2,a_tau,5.752572638825633,,1.356
ld11,sweep_all,Dominant Key Attn,MLP,synthetic,atau,200,current_mixture,0.1,20,1e-12,width,0.0,3,a_tau,5.680172609017068,,1.016
ld11,sweep_all,Dominant Key Attn,MLP,synthetic,atau,200,current_mixture,0.1,20,1e-12,width,0.0,4,a_tau,5.717027701406222,,1.222
ld11,sweep_all,Dominant Key Attn,MLP,synthetic,atau,200,current_mixture,0.1,20,1e-12,width,0.0,5,a_tau,5.736572297479192,,0.96
ld11,sweep_all,Dominant Key Attn,MLP,synthetic,atau,200,current_mixture,0.1,20,1e-12,width,0.0,6,a_tau,5.726847747587197,,0.901
ld11,sweep_all,Dominant Key Attn,MLP,synthetic,atau,200,current_mixture,0.1,20,1e-12,width,0.0,7,a_tau,5.560681631015528,,1.03
ld11,sweep_all,Dominant Key Attn,MLP,synthetic,atau,200,current_mixture,0.2,5,1e-12,width,0.0,0,a_tau,4.394449154672439,,0.766
ld11,sweep_all,Dominant Key Attn,MLP,synthetic,atau,200,current_mixture,0.2,5,1e-12,width,0.0,1,a_tau,4.02535169073515,,0.941
ld11,sweep_all,Dominant Key Attn,MLP,synthetic,atau,200,current_mixture,0.2,5,1e-12,width,0.0,2,a_tau,4.3694478524670215,,1.064
ld11,sweep_all,Dominant Key Attn,MLP,synthetic,atau,200,current_mixture,0.2,5,1e-12,width,0.0,3,a_tau,4.2626798770413155,,1.099
ld11,sweep_all,Dominant Key Attn,MLP,synthetic,atau,200,current_mixture,0.2,5,1e-12,width,0.0,4,a_tau,4.382026634673881,,1.042
ld11,sweep_all,Dominant Key Attn,MLP,synthetic,atau,200,current_mixture,0.2,5,1e-12,width,0.0,5,a_tau,4.23410650459726,,0.966
ld11,sweep_all,Dominant Key Attn,MLP,synthetic,atau,200,current_mixture,0.2,5,1e-12,width,0.0,6,a_tau,4.454347296253507,,1.097
ld11,sweep_all,Dominant Key Attn,MLP,synthetic,atau,200,current_mixture,0.2,5,1e-12,width,0.0,7,a_tau,4.04305126783455,,0.954
ld11,sweep_all,Dominant Key Attn,MLP,synthetic,atau,200,current_mixture,0.2,10,1e-12,width,0.0,0,a_tau,4.6913478822291435,,1.179
ld11,sweep_all,Dominant Key Attn,MLP,synthetic,atau,200,current_mixture,0.2,10,1e-12,width,0.0,1,a_tau,4.762173934797756,,1.101
ld11,sweep_all,Dominant Key Attn,MLP,synthetic,atau,200,current_mixture,0.2,10,1e-12,width,0.0,2,a_tau,4.795790545596741,,1.111
ld11,sweep_all,Dominant Key Attn,MLP,synthetic,atau,200,current_mixture,0.2,10,1e-12,width,0.0,3,a_tau,4.990432586778736,,1.149
ld11,sweep_all,Dominant Key Attn,MLP,synthetic,atau,200,current_mixture,0.2,10,1e-12,width,0.0,4,a_tau,4.912654885736052,,0.858
ld11,sweep_all,Dominant Key Attn,MLP,synthetic,atau,200,current_mixture,0.2,10,1e-12,width,0.0,5,a_tau,4.74493212836325,,1.067
ld11,sweep_all,Dominant Key Attn,MLP,synthetic,atau,200,current_mixture,0.2,10,1e-12,width,0.0,6,a_tau,4.890349128221754,,1.425
ld11,sweep_all,Dominant Key Attn,MLP,synthetic,atau,200,current_mixture,0.2,10,1e-12,width,0.0,7,a_tau,4.7535901911063645,,1.098
ld11,sweep_all,Dominant Key Attn,MLP,synthetic,atau,200,current_mixture,0.2,20,1e-12,width,0.0,0,a_tau,5.351858133476067,,0.938
ld11,sweep_all,Dominant Key Attn,MLP,synthetic,atau,200,current_mixture,0.2,20,1e-12,width,0.0,1,a_tau,5.123963979403259,,0.809
ld11,sweep_all,Dominant Key Attn,MLP,synthetic,atau,200,current_mixture,0.2,20,1e-12,width,0.0,2,a_tau,5.384495062789089,,0.77
ld11,sweep_all,Dominant Key Attn,MLP,synthetic,atau,200,current_mixture,0.2,20,1e-12,width,0.0,3,a_tau,5.170483995038151,,0.817
ld11,sweep_all,Dominant Key Attn,MLP,synthetic,atau,200,current_mixture,0.2,20,1e-12,width,0.0,4,a_tau,5.365976015021851,,0.906
ld11,sweep_all,Dominant Key Attn,MLP,synthetic,atau,200,current_mixture,0.2,20,1e-12,width,0.0,5,a_tau,5.153291594497779,,1.001
ld11,sweep_all,Dominant Key Attn,MLP,synthetic,atau,200,current_mixture,0.2,20,1e-12,width,0.0,6,a_tau,5.153291594497779,,1.153
ld11,sweep_all,Dominant Key Attn,MLP,synthetic,atau,200,current_mixture,0.2,20,1e-12,width,0.0,7,a_tau,5.099866427824199,,1.078
ld11,sweep_all,Dominant Key Attn,MLP,synthetic,atau,200,current_mixture,0.5,5,1e-12,width,0.0,0,a_tau,3.6635616461296463,,1.132
ld11,sweep_all,Dominant Key Attn,MLP,synthetic,atau,200,current_mixture,0.5,5,1e-12,width,0.0,1,a_tau,3.091042453358316,,1.037
ld11,sweep_all,Dominant Key Attn,MLP,synthetic,atau,200,current_mixture,0.5,5,1e-12,width,0.0,2,a_tau,3.4339872044851463,,0.998
ld11,sweep_all,Dominant Key Attn,MLP,synthetic,atau,200,current_mixture,0.5,5,1e-12,width,0.0,3,a_tau,3.4011973816621555,,1.017
ld11,sweep_all,Dominant Key Attn,MLP,synthetic,atau,200,current_mixture,0.5,5,1e-12,width,0.0,4,a_tau,3.6888794541139363,,1.108
ld11,sweep_all,Dominant Key Attn,MLP,synthetic,atau,200,current_mixture,0.5,5,1e-12,width,0.0,5,a_tau,3.367295829986474,,1.02
ld11,sweep_all,Dominant Key Attn,MLP,synthetic,atau,200,current_mixture,0.5,5,1e-12,width,0.0,6,a_tau,3.258096538021482,,1.191
ld11,sweep_all,Dominant Key Attn,MLP,synthetic,atau,200,current_mixture,0.5,5,1e-12,width,0.0,7,a_tau,3.4011973816621555,,0.875
ld11,sweep_all,Dominant Key Attn,MLP,synthetic,atau,200,current_mixture,0.5,10,1e-12,width,0.0,0,a_tau,4.276666119016055,,1.087
ld11,sweep_all,Dominant Key Attn,MLP,synthetic,atau,200,current_mixture,0.5,10,1e-12,width,0.0,1,a_tau,3.7376696182833684,,1.045
ld11,sweep_all,Dominant Key Attn,MLP,synthetic,atau,200,current_mixture,0.5,10,1e-12,width,0.0,2,a_tau,4.1588830833596715,,1.194
ld11,sweep_all,Dominant Key Attn,MLP,synthetic,atau,200,current_mixture,0.5,10,1e-12,width,0.0,3,a_tau,3.784189633918261,,0.989
ld11,sweep_all,Dominant Key Attn,MLP,synthetic,atau,200,current_mixture,0.5,10,1e-12,width,0.0,4,a_tau,4.394449154672439,,0.956
ld11,sweep_all,Dominant Key Attn,MLP,synthetic,atau,200,current_mixture,0.5,10,1e-12,width,0.0,5,a_tau,3.58351893845611,,0.926
ld11,sweep_all,Dominant Key Attn,MLP,synthetic,atau,200,current_mixture,0.5,10,1e-12,width,0.0,6,a_tau,3.9512437185814275,,1.316
ld11,sweep_all,Dominant Key Attn,MLP,synthetic,atau,200,current_mixture,0.5,10,1e-12,width,0.0,7,a_tau,4.30406509320417,,0.928
ld11,sweep_all,Dominant Key Attn,MLP,synthetic,atau,200,current_mixture,0.5,20,1e-12,width,0.0,0,a_tau,4.499809670330265,,0.882
ld11,sweep_all,Dominant Key Attn,MLP,synthetic,atau,200,current_mixture,0.5,20,1e-12,width,0.0,1,a_tau,4.709530201312334,,1.183
ld11,sweep_all,Dominant Key Attn,MLP,synthetic,atau,200,current_mixture,0.5,20,1e-12,width,0.0,2,a_tau,4.875197323201151,,1.133
ld11,sweep_all,Dominant Key Attn,MLP,synthetic,atau,200,current_mixture,0.5,20,1e-12,width,0.0,3,a_tau,4.454347296253507,,0.928
ld11,sweep_all,Dominant Key Attn,MLP,synthetic,atau,200,current_mixture,0.5,20,1e-12,width,0.0,4,a_tau,4.736198448394496,,0.888
ld11,sweep_all,Dominant Key Attn,MLP,synthetic,atau,200,current_mixture,0.5,20,1e-12,width,0.0,5,a_tau,4.543294782270004,,1.104
ld11,sweep_all,Dominant Key Attn,MLP,synthetic,atau,200,current_mixture,0.5,20,1e-12,width,0.0,6,a_tau,4.7535901911063645,,0.947
ld11,sweep_all,Dominant Key Attn,MLP,synthetic,atau,200,current_mixture,0.5,20,1e-12,width,0.0,7,a_tau,4.442651256490317,,1.16
fp9,sweep_all,Fixed Order Attn,ATTENTION,synthetic,atau,200,current_mixture,0.05,5,1e-12,width,0.0,0,a_tau,2.3978952727983707,,2.501
fp9,sweep_all,Fixed Order Attn,ATTENTION,synthetic,atau,200,current_mixture,0.05,5,1e-12,width,0.0,1,a_tau,3.1354942159291497,,3.658
fp9,sweep_all,Fixed Order Attn,ATTENTION,synthetic,atau,200,current_mixture,0.05,5,1e-12,width,0.0,2,a_tau,2.0794415416798357,,3.499
fp9,sweep_all,Fixed Order Attn,ATTENTION,synthetic,atau,200,current_mixture,0.05,5,1e-12,width,0.0,3,a_tau,2.302585092994046,,3.407
fp9,sweep_all,Fixed Order Attn,ATTENTION,synthetic,atau,200,current_mixture,0.05,5,1e-12,width,0.0,4,a_tau,2.772588722239781,,2.959
fp9,sweep_all,Fixed Order Attn,ATTENTION,synthetic,atau,200,current_mixture,0.05,5,1e-12,width,0.0,5,a_tau,2.4849066497880004,,3.481
fp9,sweep_all,Fixed Order Attn,ATTENTION,synthetic,atau,200,current_mixture,0.05,5,1e-12,width,0.0,6,a_tau,2.3978952727983707,,3.183
fp9,sweep_all,Fixed Order Attn,ATTENTION,synthetic,atau,200,current_mixture,0.05,5,1e-12,width,0.0,7,a_tau,2.5649493574615367,,2.625
fp9,sweep_all,Fixed Order Attn,ATTENTION,synthetic,atau,200,current_mixture,0.05,10,1e-12,width,0.0,0,a_tau,3.091042453358316,,3.26
fp9,sweep_all,Fixed Order Attn,ATTENTION,synthetic,atau,200,current_mixture,0.05,10,1e-12,width,0.0,1,a_tau,4.060443010546419,,3.361
fp9,sweep_all,Fixed Order Attn,ATTENTION,synthetic,atau,200,current_mixture,0.05,10,1e-12,width,0.0,2,a_tau,3.58351893845611,,2.378
fp9,sweep_all,Fixed Order Attn,ATTENTION,synthetic,atau,200,current_mixture,0.05,10,1e-12,width,0.0,3,a_tau,3.828641396489095,,3.291
fp9,sweep_all,Fixed Order Attn,ATTENTION,synthetic,atau,200,current_mixture,0.05,10,1e-12,width,0.0,4,a_tau,2.4849066497880004,,2.415
fp9,sweep_all,Fixed Order Attn,ATTENTION,synthetic,atau,200,current_mixture,0.05,10,1e-12,width,0.0,5,a_tau,3.6635616461296463,,2.347
fp9,sweep_all,Fixed Order Attn,ATTENTION,synthetic,atau,200,current_mixture,0.05,10,1e-12,width,0.0,6,a_tau,3.1780538303479458,,2.915
fp9,sweep_all,Fixed Order Attn,ATTENTION,synthetic,atau,200,current_mixture,0.05,10,1e-12,width,0.0,7,a_tau,2.8903717578961645,,2.251
fp9,sweep_all,Fixed Order Attn,ATTENTION,synthetic,atau,200,current_mixture,0.05,20,1e-12,width,0.0,0,a_tau,3.5553480614894135,,3.031
fp9,sweep_all,Fixed Order Attn,ATTENTION,synthetic,atau,200,current_mixture,0.05,20,1e-12,width,0.0,1,a_tau,4.941642422609304,,3.06
fp9,sweep_all,Fixed Order Attn,ATTENTION,synthetic,atau,200,current_mixture,0.05,20,1e-12,width,0.0,2,a_tau,4.48863636973214,,2.971
fp9,sweep_all,Fixed Order Attn,ATTENTION,synthetic,atau,200,current_mixture,0.05,20,1e-12,width,0.0,3,a_tau,4.9344739331306915,,3.076
fp9,sweep_all,Fixed Order Attn,ATTENTION,synthetic,atau,200,current_mixture,0.05,20,1e-12,width,0.0,4,a_tau,3.044522437723423,,3.152
fp9,sweep_all,Fixed Order Attn,ATTENTION,synthetic,atau,200,current_mixture,0.05,20,1e-12,width,0.0,5,a_tau,3.912023005428146,,2.9
fp9,sweep_all,Fixed Order Attn,ATTENTION,synthetic,atau,200,current_mixture,0.05,20,1e-12,width,0.0,6,a_tau,3.828641396489095,,3.287
fp9,sweep_all,Fixed Order Attn,ATTENTION,synthetic,atau,200,current_mixture,0.05,20,1e-12,width,0.0,7,a_tau,4.007333185232471,,3.034
fp9,sweep_all,Fixed Order Attn,ATTENTION,synthetic,atau,200,current_mixture,0.1,5,1e-12,width,0.0,0,a_tau,1.791759469228055,,2.613
fp9,sweep_all,Fixed Order Attn,ATTENTION,synthetic,atau,200,current_mixture,0.1,5,1e-12,width,0.0,1,a_tau,1.6094379124341003,,3.113
fp9,sweep_all,Fixed Order Attn,ATTENTION,synthetic,atau,200,current_mixture,0.1,5,1e-12,width,0.0,2,a_tau,0.6931471805599453,,3.073
fp9,sweep_all,Fixed Order Attn,ATTENTION,synthetic,atau,200,current_mixture,0.1,5,1e-12,width,0.0,3,a_tau,2.0794415416798357,,2.532
fp9,sweep_all,Fixed Order Attn,ATTENTION,synthetic,atau,200,current_mixture,0.1,5,1e-12,width,0.0,4,a_tau,1.3862943611198906,,2.585
fp9,sweep_all,Fixed Order Attn,ATTENTION,synthetic,atau,200,current_mixture,0.1,5,1e-12,width,0.0,5,a_tau,1.0986122886681098,,2.596
fp9,sweep_all,Fixed Order Attn,ATTENTION,synthetic,atau,200,current_mixture,0.1,5,1e-12,width,0.0,6,a_tau,0.6931471805599453,,3.297
fp9,sweep_all,Fixed Order Attn,ATTENTION,synthetic,atau,200,current_mixture,0.1,5,1e-12,width,0.0,7,a_tau,0.0,,3.22
fp9,sweep_all,Fixed Order Attn,ATTENTION,synthetic,atau,200,current_mixture,0.1,10,1e-12,width,0.0,0,a_tau,1.791759469228055,,3.262
fp9,sweep_all,Fixed Order Attn,ATTENTION,synthetic,atau,200,current_mixture,0.1,10,1e-12,width,0.0,1,a_tau,2.1972245773362196,,3.219
fp9,sweep_all,Fixed Order Attn,ATTENTION,synthetic,atau,200,current_mixture,0.1,10,1e-12,width,0.0,2,a_tau,1.6094379124341003,,3.223
fp9,sweep_all,Fixed Order Attn,ATTENTION,synthetic,atau,200,current_mixture,0.1,10,1e-12,width,0.0,3,a_tau,0.6931471805599453,,3.302
fp9,sweep_all,Fixed Order Attn,ATTENTION,synthetic,atau,200,current_mixture,0.1,10,1e-12,width,0.0,4,a_tau,2.3978952727983707,,3.123
fp9,sweep_all,Fixed Order Attn,ATTENTION,synthetic,atau,200,current_mixture,0.1,10,1e-12,width,0.0,5,a_tau,0.6931471805599453,,3.106
fp9,sweep_all,Fixed Order Attn,ATTENTION,synthetic,atau,200,current_mixture,0.1,10,1e-12,width,0.0,6,a_tau,1.0986122886681098,,3.248
fp9,sweep_all,Fixed Order Attn,ATTENTION,synthetic,atau,200,current_mixture,0.1,10,1e-12,width,0.0,7,a_tau,0.6931471805599453,,3.182
fp9,sweep_all,Fixed Order Attn,ATTENTION,synthetic,atau,200,current_mixture,0.1,20,1e-12,width,0.0,0,a_tau,1.9459101490553132,,3.278
fp9,sweep_all,Fixed Order Attn,ATTENTION,synthetic,atau,200,current_mixture,0.1,20,1e-12,width,0.0,1,a_tau,1.6094379124341003,,3.218
fp9,sweep_all,Fixed Order Attn,ATTENTION,synthetic,atau,200,current_mixture,0.1,20,1e-12,width,0.0,2,a_tau,2.995732273553991,,2.995
fp9,sweep_all,Fixed Order Attn,ATTENTION,synthetic,atau,200,current_mixture,0.1,20,1e-12,width,0.0,3,a_tau,1.3862943611198906,,3.091
fp9,sweep_all,Fixed Order Attn,ATTENTION,synthetic,atau,200,current_mixture,0.1,20,1e-12,width,0.0,4,a_tau,2.5649493574615367,,3.135
fp9,sweep_all,Fixed Order Attn,ATTENTION,synthetic,atau,200,current_mixture,0.1,20,1e-12,width,0.0,5,a_tau,2.70805020110221,,2.897
fp9,sweep_all,Fixed Order Attn,ATTENTION,synthetic,atau,200,current_mixture,0.1,20,1e-12,width,0.0,6,a_tau,2.302585092994046,,3.178
fp9,sweep_all,Fixed Order Attn,ATTENTION,synthetic,atau,200,current_mixture,0.1,20,1e-12,width,0.0,7,a_tau,2.3978952727983707,,3.215
fp9,sweep_all,Fixed Order Attn,ATTENTION,synthetic,atau,200,current_mixture,0.2,5,1e-12,width,0.0,0,a_tau,0.6931471805599453,,2.684
fp9,sweep_all,Fixed Order Attn,ATTENTION,synthetic,atau,200,current_mixture,0.2,5,1e-12,width,0.0,1,a_tau,1.3862943611198906,,2.66
fp9,sweep_all,Fixed Order Attn,ATTENTION,synthetic,atau,200,current_mixture,0.2,5,1e-12,width,0.0,2,a_tau,1.3862943611198906,,2.954
fp9,sweep_all,Fixed Order Attn,ATTENTION,synthetic,atau,200,current_mixture,0.2,5,1e-12,width,0.0,3,a_tau,1.791759469228055,,2.684
fp9,sweep_all,Fixed Order Attn,ATTENTION,synthetic,atau,200,current_mixture,0.2,5,1e-12,width,0.0,4,a_tau,0.6931471805599453,,2.709
fp9,sweep_all,Fixed Order Attn,ATTENTION,synthetic,atau,200,current_mixture,0.2,5,1e-12,width,0.0,5,a_tau,0.6931471805599453,,2.668
fp9,sweep_all,Fixed Order Attn,ATTENTION,synthetic,atau,200,current_mixture,0.2,5,1e-12,width,0.0,6,a_tau,1.3862943611198906,,3.108
fp9,sweep_all,Fixed Order Attn,ATTENTION,synthetic,atau,200,current_mixture,0.2,5,1e-12,width,0.0,7,a_tau,1.6094379124341003,,3.038
fp9,sweep_all,Fixed Order Attn,ATTENTION,synthetic,atau,200,current_mixture,0.2,10,1e-12,width,0.0,0,a_tau,1.9459101490553132,,3.125
fp9,sweep_all,Fixed Order Attn,ATTENTION,synthetic,atau,200,current_mixture,0.2,10,1e-12,width,0.0,1,a_tau,1.0986122886681098,,3.152
fp9,sweep_all,Fixed Order Attn,ATTENTION,synthetic,atau,200,current_mixture,0.2,10,1e-12,width,0.0,2,a_tau,1.3862943611198906,,3.124
fp9,sweep_all,Fixed Order Attn,ATTENTION,synthetic,atau,200,current_mixture,0.2,10,1e-12,width,0.0,3,a_tau,0.6931471805599453,,3.117
fp9,sweep_all,Fixed Order Attn,ATTENTION,synthetic,atau,200,current_mixture,0.2,10,1e-12,width,0.0,4,a_tau,3.044522437723423,,3.002
fp9,sweep_all,Fixed Order Attn,ATTENTION,synthetic,atau,200,current_mixture,0.2,10,1e-12,width,0.0,5,a_tau,2.4849066497880004,,3.229
fp9,sweep_all,Fixed Order Attn,ATTENTION,synthetic,atau,200,current_mixture,0.2,10,1e-12,width,0.0,6,a_tau,1.791759469228055,,3.131
fp9,sweep_all,Fixed Order Attn,ATTENTION,synthetic,atau,200,current_mixture,0.2,10,1e-12,width,0.0,7,a_tau,1.3862943611198906,,2.985
fp9,sweep_all,Fixed Order Attn,ATTENTION,synthetic,atau,200,current_mixture,0.2,20,1e-12,width,0.0,0,a_tau,1.0986122886681098,,3.206
fp9,sweep_all,Fixed Order Attn,ATTENTION,synthetic,atau,200,current_mixture,0.2,20,1e-12,width,0.0,1,a_tau,1.3862943611198906,,2.867
fp9,sweep_all,Fixed Order Attn,ATTENTION,synthetic,atau,200,current_mixture,0.2,20,1e-12,width,0.0,2,a_tau,1.9459101490553132,,3.051
fp9,sweep_all,Fixed Order Attn,ATTENTION,synthetic,atau,200,current_mixture,0.2,20,1e-12,width,0.0,3,a_tau,1.3862943611198906,,3.095
fp9,sweep_all,Fixed Order Attn,ATTENTION,synthetic,atau,200,current_mixture,0.2,20,1e-12,width,0.0,4,a_tau,1.3862943611198906,,2.724
fp9,sweep_all,Fixed Order Attn,ATTENTION,synthetic,atau,200,current_mixture,0.2,20,1e-12,width,0.0,5,a_tau,1.3862943611198906,,3.314
fp9,sweep_all,Fixed Order Attn,ATTENTION,synthetic,atau,200,current_mixture,0.2,20,1e-12,width,0.0,6,a_tau,1.0986122886681098,,3.031
fp9,sweep_all,Fixed Order Attn,ATTENTION,synthetic,atau,200,current_mixture,0.2,20,1e-12,width,0.0,7,a_tau,1.6094379124341003,,3.4
fp9,sweep_all,Fixed Order Attn,ATTENTION,synthetic,atau,200,current_mixture,0.5,5,1e-12,width,0.0,0,a_tau,0.6931471805599453,,2.397
fp9,sweep_all,Fixed Order Attn,ATTENTION,synthetic,atau,200,current_mixture,0.5,5,1e-12,width,0.0,1,a_tau,0.6931471805599453,,2.604
fp9,sweep_all,Fixed Order Attn,ATTENTION,synthetic,atau,200,current_mixture,0.5,5,1e-12,width,0.0,2,a_tau,0.0,,2.694
fp9,sweep_all,Fixed Order Attn,ATTENTION,synthetic,atau,200,current_mixture,0.5,5,1e-12,width,0.0,3,a_tau,0.6931471805599453,,2.668
fp9,sweep_all,Fixed Order Attn,ATTENTION,synthetic,atau,200,current_mixture,0.5,5,1e-12,width,0.0,4,a_tau,0.6931471805599453,,2.741
fp9,sweep_all,Fixed Order Attn,ATTENTION,synthetic,atau,200,current_mixture,0.5,5,1e-12,width,0.0,5,a_tau,0.0,,2.718
fp9,sweep_all,Fixed Order Attn,ATTENTION,synthetic,atau,200,current_mixture,0.5,5,1e-12,width,0.0,6,a_tau,0.0,,3.498
fp9,sweep_all,Fixed Order Attn,ATTENTION,synthetic,atau,200,current_mixture,0.5,5,1e-12,width,0.0,7,a_tau,0.0,,3.675
fp9,sweep_all,Fixed Order Attn,ATTENTION,synthetic,atau,200,current_mixture,0.5,10,1e-12,width,0.0,0,a_tau,1.6094379124341003,,3.293
fp9,sweep_all,Fixed Order Attn,ATTENTION,synthetic,atau,200,current_mixture,0.5,10,1e-12,width,0.0,1,a_tau,1.3862943611198906,,3.264
fp9,sweep_all,Fixed Order Attn,ATTENTION,synthetic,atau,200,current_mixture,0.5,10,1e-12,width,0.0,2,a_tau,0.0,,3.357
fp9,sweep_all,Fixed Order Attn,ATTENTION,synthetic,atau,200,current_mixture,0.5,10,1e-12,width,0.0,3,a_tau,0.0,,3.26
fp9,sweep_all,Fixed Order Attn,ATTENTION,synthetic,atau,200,current_mixture,0.5,10,1e-12,width,0.0,4,a_tau,1.3862943611198906,,3.391
fp9,sweep_all,Fixed Order Attn,ATTENTION,synthetic,atau,200,current_mixture,0.5,10,1e-12,width,0.0,5,a_tau,0.6931471805599453,,3.291
fp9,sweep_all,Fixed Order Attn,ATTENTION,synthetic,atau,200,current_mixture,0.5,10,1e-12,width,0.0,6,a_tau,0.6931471805599453,,3.592
fp9,sweep_all,Fixed Order Attn,ATTENTION,synthetic,atau,200,current_mixture,0.5,10,1e-12,width,0.0,7,a_tau,0.0,,3.381
fp9,sweep_all,Fixed Order Attn,ATTENTION,synthetic,atau,200,current_mixture,0.5,20,1e-12,width,0.0,0,a_tau,0.6931471805599453,,3.513
fp9,sweep_all,Fixed Order Attn,ATTENTION,synthetic,atau,200,current_mixture,0.5,20,1e-12,width,0.0,1,a_tau,0.6931471805599453,,3.22
fp9,sweep_all,Fixed Order Attn,ATTENTION,synthetic,atau,200,current_mixture,0.5,20,1e-12,width,0.0,2,a_tau,2.1972245773362196,,3.369
fp9,sweep_all,Fixed Order Attn,ATTENTION,synthetic,atau,200,current_mixture,0.5,20,1e-12,width,0.0,3,a_tau,0.6931471805599453,,3.582
fp9,sweep_all,Fixed Order Attn,ATTENTION,synthetic,atau,200,current_mixture,0.5,20,1e-12,width,0.0,4,a_tau,0.6931471805599453,,2.477
fp9,sweep_all,Fixed Order Attn,ATTENTION,synthetic,atau,200,current_mixture,0.5,20,1e-12,width,0.0,5,a_tau,0.0,,3.454
fp9,sweep_all,Fixed Order Attn,ATTENTION,synthetic,atau,200,current_mixture,0.5,20,1e-12,width,0.0,6,a_tau,0.6931471805599453,,3.83
fp9,sweep_all,Fixed Order Attn,ATTENTION,synthetic,atau,200,current_mixture,0.5,20,1e-12,width,0.0,7,a_tau,0.6931471805599453,,2.436
fp10,sweep_all,Fixed Order Attn,ATTENTION,synthetic,atau,200,current_mixture,0.05,5,1e-12,width,0.0,0,a_tau,1.6094379124341003,,1.362
fp10,sweep_all,Fixed Order Attn,ATTENTION,synthetic,atau,200,current_mixture,0.05,5,1e-12,width,0.0,1,a_tau,2.0794415416798357,,1.341
fp10,sweep_all,Fixed Order Attn,ATTENTION,synthetic,atau,200,current_mixture,0.05,5,1e-12,width,0.0,2,a_tau,1.3862943611198906,,1.036
fp10,sweep_all,Fixed Order Attn,ATTENTION,synthetic,atau,200,current_mixture,0.05,5,1e-12,width,0.0,3,a_tau,2.70805020110221,,1.212
fp10,sweep_all,Fixed Order Attn,ATTENTION,synthetic,atau,200,current_mixture,0.05,5,1e-12,width,0.0,4,a_tau,2.3978952727983707,,1.04
fp10,sweep_all,Fixed Order Attn,ATTENTION,synthetic,atau,200,current_mixture,0.05,5,1e-12,width,0.0,5,a_tau,1.791759469228055,,0.999
fp10,sweep_all,Fixed Order Attn,ATTENTION,synthetic,atau,200,current_mixture,0.05,5,1e-12,width,0.0,6,a_tau,2.0794415416798357,,1.722
fp10,sweep_all,Fixed Order Attn,ATTENTION,synthetic,atau,200,current_mixture,0.05,5,1e-12,width,0.0,7,a_tau,1.3862943611198906,,1.254
fp10,sweep_all,Fixed Order Attn,ATTENTION,synthetic,atau,200,current_mixture,0.05,10,1e-12,width,0.0,0,a_tau,2.0794415416798357,,1.887
fp10,sweep_all,Fixed Order Attn,ATTENTION,synthetic,atau,200,current_mixture,0.05,10,1e-12,width,0.0,1,a_tau,1.6094379124341003,,1.357
fp10,sweep_all,Fixed Order Attn,ATTENTION,synthetic,atau,200,current_mixture,0.05,10,1e-12,width,0.0,2,a_tau,2.3978952727983707,,1.313
fp10,sweep_all,Fixed Order Attn,ATTENTION,synthetic,atau,200,current_mixture,0.05,10,1e-12,width,0.0,3,a_tau,2.0794415416798357,,1.418
fp10,sweep_all,Fixed Order Attn,ATTENTION,synthetic,atau,200,current_mixture,0.05,10,1e-12,width,0.0,4,a_tau,1.6094379124341003,,1.597
fp10,sweep_all,Fixed Order Attn,ATTENTION,synthetic,atau,200,current_mixture,0.05,10,1e-12,width,0.0,5,a_tau,2.0794415416798357,,1.629
fp10,sweep_all,Fixed Order Attn,ATTENTION,synthetic,atau,200,current_mixture,0.05,10,1e-12,width,0.0,6,a_tau,1.791759469228055,,1.792
fp10,sweep_all,Fixed Order Attn,ATTENTION,synthetic,atau,200,current_mixture,0.05,10,1e-12,width,0.0,7,a_tau,1.9459101490553132,,1.85
fp10,sweep_all,Fixed Order Attn,ATTENTION,synthetic,atau,200,current_mixture,0.05,20,1e-12,width,0.0,0,a_tau,2.833213344056216,,1.704
fp10,sweep_all,Fixed Order Attn,ATTENTION,synthetic,atau,200,current_mixture,0.05,20,1e-12,width,0.0,1,a_tau,2.1972245773362196,,1.746
fp10,sweep_all,Fixed Order Attn,ATTENTION,synthetic,atau,200,current_mixture,0.05,20,1e-12,width,0.0,2,a_tau,2.3978952727983707,,1.956
fp10,sweep_all,Fixed Order Attn,ATTENTION,synthetic,atau,200,current_mixture,0.05,20,1e-12,width,0.0,3,a_tau,2.1972245773362196,,1.543
fp10,sweep_all,Fixed Order Attn,ATTENTION,synthetic,atau,200,current_mixture,0.05,20,1e-12,width,0.0,4,a_tau,2.0794415416798357,,1.799
fp10,sweep_all,Fixed Order Attn,ATTENTION,synthetic,atau,200,current_mixture,0.05,20,1e-12,width,0.0,5,a_tau,3.295836866004329,,1.538
fp10,sweep_all,Fixed Order Attn,ATTENTION,synthetic,atau,200,current_mixture,0.05,20,1e-12,width,0.0,6,a_tau,2.6390573296152584,,2.013
fp10,sweep_all,Fixed Order Attn,ATTENTION,synthetic,atau,200,current_mixture,0.05,20,1e-12,width,0.0,7,a_tau,2.3978952727983707,,1.732
fp10,sweep_all,Fixed Order Attn,ATTENTION,synthetic,atau,200,current_mixture,0.1,5,1e-12,width,0.0,0,a_tau,1.0986122886681098,,1.632
fp10,sweep_all,Fixed Order Attn,ATTENTION,synthetic,atau,200,current_mixture,0.1,5,1e-12,width,0.0,1,a_tau,1.6094379124341003,,1.558
fp10,sweep_all,Fixed Order Attn,ATTENTION,synthetic,atau,200,current_mixture,0.1,5,1e-12,width,0.0,2,a_tau,1.3862943611198906,,1.914
fp10,sweep_all,Fixed Order Attn,ATTENTION,synthetic,atau,200,current_mixture,0.1,5,1e-12,width,0.0,3,a_tau,1.0986122886681098,,1.662
fp10,sweep_all,Fixed Order Attn,ATTENTION,synthetic,atau,200,current_mixture,0.1,5,1e-12,width,0.0,4,a_tau,1.3862943611198906,,1.998
fp10,sweep_all,Fixed Order Attn,ATTENTION,synthetic,atau,200,current_mixture,0.1,5,1e-12,width,0.0,5,a_tau,1.9459101490553132,,1.404
fp10,sweep_all,Fixed Order Attn,ATTENTION,synthetic,atau,200,current_mixture,0.1,5,1e-12,width,0.0,6,a_tau,1.6094379124341003,,1.33
fp10,sweep_all,Fixed Order Attn,ATTENTION,synthetic,atau,200,current_mixture,0.1,5,1e-12,width,0.0,7,a_tau,1.3862943611198906,,1.704
fp10,sweep_all,Fixed Order Attn,ATTENTION,synthetic,atau,200,current_mixture,0.1,10,1e-12,width,0.0,0,a_tau,2.302585092994046,,1.355
fp10,sweep_all,Fixed Order Attn,ATTENTION,synthetic,atau,200,current_mixture,0.1,10,1e-12,width,0.0,1,a_tau,1.791759469228055,,1.712
fp10,sweep_all,Fixed Order Attn,ATTENTION,synthetic,atau,200,current_mixture,0.1,10,1e-12,width,0.0,2,a_tau,1.0986122886681098,,1.778
fp10,sweep_all,Fixed Order Attn,ATTENTION,synthetic,atau,200,current_mixture,0.1,10,1e-12,width,0.0,3,a_tau,1.0986122886681098,,1.77
fp10,sweep_all,Fixed Order Attn,ATTENTION,synthetic,atau,200,current_mixture,0.1,10,1e-12,width,0.0,4,a_tau,1.6094379124341003,,1.551
fp10,sweep_all,Fixed Order Attn,ATTENTION,synthetic,atau,200,current_mixture,0.1,10,1e-12,width,0.0,5,a_tau,1.6094379124341003,,1.61
fp10,sweep_all,Fixed Order Attn,ATTENTION,synthetic,atau,200,current_mixture,0.1,10,1e-12,width,0.0,6,a_tau,1.0986122886681098,,1.818
fp10,sweep_all,Fixed Order Attn,ATTENTION,synthetic,atau,200,current_mixture,0.1,10,1e-12,width,0.0,7,a_tau,1.791759469228055,,1.633
fp10,sweep_all,Fixed Order Attn,ATTENTION,synthetic,atau,200,current_mixture,0.1,20,1e-12,width,0.0,0,a_tau,2.302585092994046,,1.698
fp10,sweep_all,Fixed Order Attn,ATTENTION,synthetic,atau,200,current_mixture,0.1,20,1e-12,width,0.0,1,a_tau,1.6094379124341003,,1.71
fp10,sweep_all,Fixed Order Attn,ATTENTION,synthetic,atau,200,current_mixture,0.1,20,1e-12,width,0.0,2,a_tau,2.1972245773362196,,1.682
fp10,sweep_all,Fixed Order Attn,ATTENTION,synthetic,atau,200,current_mixture,0.1,20,1e-12,width,0.0,3,a_tau,1.791759469228055,,1.597
fp10,sweep_all,Fixed Order Attn,ATTENTION,synthetic,atau,200,current_mixture,0.1,20,1e-12,width,0.0,4,a_tau,1.3862943611198906,,1.764
fp10,sweep_all,Fixed Order Attn,ATTENTION,synthetic,atau,200,current_mixture,0.1,20,1e-12,width,0.0,5,a_tau,1.791759469228055,,1.582
fp10,sweep_all,Fixed Order Attn,ATTENTION,synthetic,atau,200,current_mixture,0.1,20,1e-12,width,0.0,6,a_tau,2.1972245773362196,,1.534
fp10,sweep_all,Fixed Order Attn,ATTENTION,synthetic,atau,200,current_mixture,0.1,20,1e-12,width,0.0,7,a_tau,1.0986122886681098,,1.656
fp10,sweep_all,Fixed Order Attn,ATTENTION,synthetic,atau,200,current_mixture,0.2,5,1e-12,width,0.0,0,a_tau,1.3862943611198906,,1.969
fp10,sweep_all,Fixed Order Attn,ATTENTION,synthetic,atau,200,current_mixture,0.2,5,1e-12,width,0.0,1,a_tau,0.6931471805599453,,1.774
fp10,sweep_all,Fixed Order Attn,ATTENTION,synthetic,atau,200,current_mixture,0.2,5,1e-12,width,0.0,2,a_tau,1.3862943611198906,,1.476
fp10,sweep_all,Fixed Order Attn,ATTENTION,synthetic,atau,200,current_mixture,0.2,5,1e-12,width,0.0,3,a_tau,0.6931471805599453,,1.79
fp10,sweep_all,Fixed Order Attn,ATTENTION,synthetic,atau,200,current_mixture,0.2,5,1e-12,width,0.0,4,a_tau,1.0986122886681098,,1.754
fp10,sweep_all,Fixed Order Attn,ATTENTION,synthetic,atau,200,current_mixture,0.2,5,1e-12,width,0.0,5,a_tau,1.3862943611198906,,1.616
fp10,sweep_all,Fixed Order Attn,ATTENTION,synthetic,atau,200,current_mixture,0.2,5,1e-12,width,0.0,6,a_tau,1.0986122886681098,,1.847
fp10,sweep_all,Fixed Order Attn,ATTENTION,synthetic,atau,200,current_mixture,0.2,5,1e-12,width,0.0,7,a_tau,0.6931471805599453,,1.775
fp10,sweep_all,Fixed Order Attn,ATTENTION,synthetic,atau,200,current_mixture,0.2,10,1e-12,width,0.0,0,a_tau,0.6931471805599453,,1.665
fp10,sweep_all,Fixed Order Attn,ATTENTION,synthetic,atau,200,current_mixture,0.2,10,1e-12,width,0.0,1,a_tau,1.0986122886681098,,1.64
fp10,sweep_all,Fixed Order Attn,ATTENTION,synthetic,atau,200,current_mixture,0.2,10,1e-12,width,0.0,2,a_tau,0.6931471805599453,,1.571
fp10,sweep_all,Fixed Order Attn,ATTENTION,synthetic,atau,200,current_mixture,0.2,10,1e-12,width,0.0,3,a_tau,1.0986122886681098,,1.748
fp10,sweep_all,Fixed Order Attn,ATTENTION,synthetic,atau,200,current_mixture,0.2,10,1e-12,width,0.0,4,a_tau,1.6094379124341003,,1.606
fp10,sweep_all,Fixed Order Attn,ATTENTION,synthetic,atau,200,current_mixture,0.2,10,1e-12,width,0.0,5,a_tau,1.0986122886681098,,1.547
fp10,sweep_all,Fixed Order Attn,ATTENTION,synthetic,atau,200,current_mixture,0.2,10,1e-12,width,0.0,6,a_tau,1.0986122886681098,,1.802
fp10,sweep_all,Fixed Order Attn,ATTENTION,synthetic,atau,200,current_mixture,0.2,10,1e-12,width,0.0,7,a_tau,0.6931471805599453,,1.718
fp10,sweep_all,Fixed Order Attn,ATTENTION,synthetic,atau,200,current_mixture,0.2,20,1e-12,width,0.0,0,a_tau,1.6094379124341003,,1.92
fp10,sweep_all,Fixed Order Attn,ATTENTION,synthetic,atau,200,current_mixture,0.2,20,1e-12,width,0.0,1,a_tau,0.6931471805599453,,1.563
fp10,sweep_all,Fixed Order Attn,ATTENTION,synthetic,atau,200,current_mixture,0.2,20,1e-12,width,0.0,2,a_tau,1.0986122886681098,,1.914
fp10,sweep_all,Fixed Order Attn,ATTENTION,synthetic,atau,200,current_mixture,0.2,20,1e-12,width,0.0,3,a_tau,1.3862943611198906,,1.55
fp10,sweep_all,Fixed Order Attn,ATTENTION,synthetic,atau,200,current_mixture,0.2,20,1e-12,width,0.0,4,a_tau,1.3862943611198906,,1.46
fp10,sweep_all,Fixed Order Attn,ATTENTION,synthetic,atau,200,current_mixture,0.2,20,1e-12,width,0.0,5,a_tau,1.0986122886681098,,1.378
fp10,sweep_all,Fixed Order Attn,ATTENTION,synthetic,atau,200,current_mixture,0.2,20,1e-12,width,0.0,6,a_tau,1.791759469228055,,1.414
fp10,sweep_all,Fixed Order Attn,ATTENTION,synthetic,atau,200,current_mixture,0.2,20,1e-12,width,0.0,7,a_tau,1.791759469228055,,1.927
fp10,sweep_all,Fixed Order Attn,ATTENTION,synthetic,atau,200,current_mixture,0.5,5,1e-12,width,0.0,0,a_tau,0.6931471805599453,,1.629
fp10,sweep_all,Fixed Order Attn,ATTENTION,synthetic,atau,200,current_mixture,0.5,5,1e-12,width,0.0,1,a_tau,1.0986122886681098,,1.761
fp10,sweep_all,Fixed Order Attn,ATTENTION,synthetic,atau,200,current_mixture,0.5,5,1e-12,width,0.0,2,a_tau,1.0986122886681098,,1.807
fp10,sweep_all,Fixed Order Attn,ATTENTION,synthetic,atau,200,current_mixture,0.5,5,1e-12,width,0.0,3,a_tau,0.6931471805599453,,1.784
fp10,sweep_all,Fixed Order Attn,ATTENTION,synthetic,atau,200,current_mixture,0.5,5,1e-12,width,0.0,4,a_tau,1.0986122886681098,,1.743
fp10,sweep_all,Fixed Order Attn,ATTENTION,synthetic,atau,200,current_mixture,0.5,5,1e-12,width,0.0,5,a_tau,1.0986122886681098,,1.717
fp10,sweep_all,Fixed Order Attn,ATTENTION,synthetic,atau,200,current_mixture,0.5,5,1e-12,width,0.0,6,a_tau,1.0986122886681098,,1.845
fp10,sweep_all,Fixed Order Attn,ATTENTION,synthetic,atau,200,current_mixture,0.5,5,1e-12,width,0.0,7,a_tau,0.6931471805599453,,1.576
fp10,sweep_all,Fixed Order Attn,ATTENTION,synthetic,atau,200,current_mixture,0.5,10,1e-12,width,0.0,0,a_tau,1.0986122886681098,,1.756
fp10,sweep_all,Fixed Order Attn,ATTENTION,synthetic,atau,200,current_mixture,0.5,10,1e-12,width,0.0,1,a_tau,0.6931471805599453,,1.474
fp10,sweep_all,Fixed Order Attn,ATTENTION,synthetic,atau,200,current_mixture,0.5,10,1e-12,width,0.0,2,a_tau,0.6931471805599453,,1.33
fp10,sweep_all,Fixed Order Attn,ATTENTION,synthetic,atau,200,current_mixture,0.5,10,1e-12,width,0.0,3,a_tau,0.6931471805599453,,1.822
fp10,sweep_all,Fixed Order Attn,ATTENTION,synthetic,atau,200,current_mixture,0.5,10,1e-12,width,0.0,4,a_tau,0.6931471805599453,,1.812
fp10,sweep_all,Fixed Order Attn,ATTENTION,synthetic,atau,200,current_mixture,0.5,10,1e-12,width,0.0,5,a_tau,1.0986122886681098,,1.402
fp10,sweep_all,Fixed Order Attn,ATTENTION,synthetic,atau,200,current_mixture,0.5,10,1e-12,width,0.0,6,a_tau,0.6931471805599453,,1.626
fp10,sweep_all,Fixed Order Attn,ATTENTION,synthetic,atau,200,current_mixture,0.5,10,1e-12,width,0.0,7,a_tau,1.0986122886681098,,1.536
fp10,sweep_all,Fixed Order Attn,ATTENTION,synthetic,atau,200,current_mixture,0.5,20,1e-12,width,0.0,0,a_tau,1.3862943611198906,,1.597
fp10,sweep_all,Fixed Order Attn,ATTENTION,synthetic,atau,200,current_mixture,0.5,20,1e-12,width,0.0,1,a_tau,1.3862943611198906,,1.527
fp10,sweep_all,Fixed Order Attn,ATTENTION,synthetic,atau,200,current_mixture,0.5,20,1e-12,width,0.0,2,a_tau,1.0986122886681098,,1.98
fp10,sweep_all,Fixed Order Attn,ATTENTION,synthetic,atau,200,current_mixture,0.5,20,1e-12,width,0.0,3,a_tau,1.791759469228055,,1.719
fp10,sweep_all,Fixed Order Attn,ATTENTION,synthetic,atau,200,current_mixture,0.5,20,1e-12,width,0.0,4,a_tau,0.6931471805599453,,1.92
fp10,sweep_all,Fixed Order Attn,ATTENTION,synthetic,atau,200,current_mixture,0.5,20,1e-12,width,0.0,5,a_tau,0.6931471805599453,,1.685
fp10,sweep_all,Fixed Order Attn,ATTENTION,synthetic,atau,200,current_mixture,0.5,20,1e-12,width,0.0,6,a_tau,1.791759469228055,,1.684
fp10,sweep_all,Fixed Order Attn,ATTENTION,synthetic,atau,200,current_mixture,0.5,20,1e-12,width,0.0,7,a_tau,1.0986122886681098,,1.647
rc7,sweep_all,Input-Corner Stress,MLP,synthetic,atau,200,current_mixture,0.05,5,1e-12,width,0.0,0,a_tau,0.0,,1.727
rc7,sweep_all,Input-Corner Stress,MLP,synthetic,atau,200,current_mixture,0.05,5,1e-12,width,0.0,1,a_tau,0.0,,1.434
rc7,sweep_all,Input-Corner Stress,MLP,synthetic,atau,200,current_mixture,0.05,5,1e-12,width,0.0,2,a_tau,0.0,,2.261
rc7,sweep_all,Input-Corner Stress,MLP,synthetic,atau,200,current_mixture,0.05,5,1e-12,width,0.0,3,a_tau,0.0,,1.792
rc7,sweep_all,Input-Corner Stress,MLP,synthetic,atau,200,current_mixture,0.05,5,1e-12,width,0.0,4,a_tau,0.0,,1.744
rc7,sweep_all,Input-Corner Stress,MLP,synthetic,atau,200,current_mixture,0.05,5,1e-12,width,0.0,5,a_tau,0.0,,1.921
rc7,sweep_all,Input-Corner Stress,MLP,synthetic,atau,200,current_mixture,0.05,5,1e-12,width,0.0,6,a_tau,0.0,,1.89
rc7,sweep_all,Input-Corner Stress,MLP,synthetic,atau,200,current_mixture,0.05,5,1e-12,width,0.0,7,a_tau,0.0,,1.676
rc7,sweep_all,Input-Corner Stress,MLP,synthetic,atau,200,current_mixture,0.05,10,1e-12,width,0.0,0,a_tau,0.0,,1.964
rc7,sweep_all,Input-Corner Stress,MLP,synthetic,atau,200,current_mixture,0.05,10,1e-12,width,0.0,1,a_tau,0.0,,1.472
rc7,sweep_all,Input-Corner Stress,MLP,synthetic,atau,200,current_mixture,0.05,10,1e-12,width,0.0,2,a_tau,0.0,,1.666
rc7,sweep_all,Input-Corner Stress,MLP,synthetic,atau,200,current_mixture,0.05,10,1e-12,width,0.0,3,a_tau,0.0,,1.696
rc7,sweep_all,Input-Corner Stress,MLP,synthetic,atau,200,current_mixture,0.05,10,1e-12,width,0.0,4,a_tau,0.0,,1.738
rc7,sweep_all,Input-Corner Stress,MLP,synthetic,atau,200,current_mixture,0.05,10,1e-12,width,0.0,5,a_tau,0.0,,1.711
rc7,sweep_all,Input-Corner Stress,MLP,synthetic,atau,200,current_mixture,0.05,10,1e-12,width,0.0,6,a_tau,0.0,,1.647
rc7,sweep_all,Input-Corner Stress,MLP,synthetic,atau,200,current_mixture,0.05,10,1e-12,width,0.0,7,a_tau,0.0,,1.64
rc7,sweep_all,Input-Corner Stress,MLP,synthetic,atau,200,current_mixture,0.05,20,1e-12,width,0.0,0,a_tau,0.0,,1.67
rc7,sweep_all,Input-Corner Stress,MLP,synthetic,atau,200,current_mixture,0.05,20,1e-12,width,0.0,1,a_tau,0.0,,1.527
rc7,sweep_all,Input-Corner Stress,MLP,synthetic,atau,200,current_mixture,0.05,20,1e-12,width,0.0,2,a_tau,0.0,,1.733
rc7,sweep_all,Input-Corner Stress,MLP,synthetic,atau,200,current_mixture,0.05,20,1e-12,width,0.0,3,a_tau,0.0,,1.697
rc7,sweep_all,Input-Corner Stress,MLP,synthetic,atau,200,current_mixture,0.05,20,1e-12,width,0.0,4,a_tau,0.0,,1.694
rc7,sweep_all,Input-Corner Stress,MLP,synthetic,atau,200,current_mixture,0.05,20,1e-12,width,0.0,5,a_tau,0.0,,1.752
rc7,sweep_all,Input-Corner Stress,MLP,synthetic,atau,200,current_mixture,0.05,20,1e-12,width,0.0,6,a_tau,0.0,,1.708
rc7,sweep_all,Input-Corner Stress,MLP,synthetic,atau,200,current_mixture,0.05,20,1e-12,width,0.0,7,a_tau,0.0,,1.881
rc7,sweep_all,Input-Corner Stress,MLP,synthetic,atau,200,current_mixture,0.1,5,1e-12,width,0.0,0,a_tau,0.0,,1.722
rc7,sweep_all,Input-Corner Stress,MLP,synthetic,atau,200,current_mixture,0.1,5,1e-12,width,0.0,1,a_tau,0.0,,2.05
rc7,sweep_all,Input-Corner Stress,MLP,synthetic,atau,200,current_mixture,0.1,5,1e-12,width,0.0,2,a_tau,0.0,,1.773
rc7,sweep_all,Input-Corner Stress,MLP,synthetic,atau,200,current_mixture,0.1,5,1e-12,width,0.0,3,a_tau,0.0,,1.482
rc7,sweep_all,Input-Corner Stress,MLP,synthetic,atau,200,current_mixture,0.1,5,1e-12,width,0.0,4,a_tau,0.0,,1.715
rc7,sweep_all,Input-Corner Stress,MLP,synthetic,atau,200,current_mixture,0.1,5,1e-12,width,0.0,5,a_tau,0.0,,1.708
rc7,sweep_all,Input-Corner Stress,MLP,synthetic,atau,200,current_mixture,0.1,5,1e-12,width,0.0,6,a_tau,0.0,,1.764
rc7,sweep_all,Input-Corner Stress,MLP,synthetic,atau,200,current_mixture,0.1,5,1e-12,width,0.0,7,a_tau,0.0,,1.892
rc7,sweep_all,Input-Corner Stress,MLP,synthetic,atau,200,current_mixture,0.1,10,1e-12,width,0.0,0,a_tau,0.0,,1.705
rc7,sweep_all,Input-Corner Stress,MLP,synthetic,atau,200,current_mixture,0.1,10,1e-12,width,0.0,1,a_tau,0.0,,1.77
rc7,sweep_all,Input-Corner Stress,MLP,synthetic,atau,200,current_mixture,0.1,10,1e-12,width,0.0,2,a_tau,0.0,,1.799
rc7,sweep_all,Input-Corner Stress,MLP,synthetic,atau,200,current_mixture,0.1,10,1e-12,width,0.0,3,a_tau,0.0,,2.066
rc7,sweep_all,Input-Corner Stress,MLP,synthetic,atau,200,current_mixture,0.1,10,1e-12,width,0.0,4,a_tau,0.0,,1.736
rc7,sweep_all,Input-Corner Stress,MLP,synthetic,atau,200,current_mixture,0.1,10,1e-12,width,0.0,5,a_tau,0.0,,1.6
rc7,sweep_all,Input-Corner Stress,MLP,synthetic,atau,200,current_mixture,0.1,10,1e-12,width,0.0,6,a_tau,0.0,,1.733
rc7,sweep_all,Input-Corner Stress,MLP,synthetic,atau,200,current_mixture,0.1,10,1e-12,width,0.0,7,a_tau,0.0,,1.4
rc7,sweep_all,Input-Corner Stress,MLP,synthetic,atau,200,current_mixture,0.1,20,1e-12,width,0.0,0,a_tau,0.0,,1.515
rc7,sweep_all,Input-Corner Stress,MLP,synthetic,atau,200,current_mixture,0.1,20,1e-12,width,0.0,1,a_tau,0.0,,1.374
rc7,sweep_all,Input-Corner Stress,MLP,synthetic,atau,200,current_mixture,0.1,20,1e-12,width,0.0,2,a_tau,0.0,,1.694
rc7,sweep_all,Input-Corner Stress,MLP,synthetic,atau,200,current_mixture,0.1,20,1e-12,width,0.0,3,a_tau,0.0,,1.802
rc7,sweep_all,Input-Corner Stress,MLP,synthetic,atau,200,current_mixture,0.1,20,1e-12,width,0.0,4,a_tau,0.0,,1.704
rc7,sweep_all,Input-Corner Stress,MLP,synthetic,atau,200,current_mixture,0.1,20,1e-12,width,0.0,5,a_tau,0.0,,1.63
rc7,sweep_all,Input-Corner Stress,MLP,synthetic,atau,200,current_mixture,0.1,20,1e-12,width,0.0,6,a_tau,0.0,,1.655
rc7,sweep_all,Input-Corner Stress,MLP,synthetic,atau,200,current_mixture,0.1,20,1e-12,width,0.0,7,a_tau,0.0,,1.742
rc7,sweep_all,Input-Corner Stress,MLP,synthetic,atau,200,current_mixture,0.2,5,1e-12,width,0.0,0,a_tau,0.0,,1.636
rc7,sweep_all,Input-Corner Stress,MLP,synthetic,atau,200,current_mixture,0.2,5,1e-12,width,0.0,1,a_tau,0.0,,1.684
rc7,sweep_all,Input-Corner Stress,MLP,synthetic,atau,200,current_mixture,0.2,5,1e-12,width,0.0,2,a_tau,0.0,,1.733
rc7,sweep_all,Input-Corner Stress,MLP,synthetic,atau,200,current_mixture,0.2,5,1e-12,width,0.0,3,a_tau,0.0,,1.821
rc7,sweep_all,Input-Corner Stress,MLP,synthetic,atau,200,current_mixture,0.2,5,1e-12,width,0.0,4,a_tau,0.0,,1.964
rc7,sweep_all,Input-Corner Stress,MLP,synthetic,atau,200,current_mixture,0.2,5,1e-12,width,0.0,5,a_tau,0.0,,1.807
rc7,sweep_all,Input-Corner Stress,MLP,synthetic,atau,200,current_mixture,0.2,5,1e-12,width,0.0,6,a_tau,0.0,,1.616
rc7,sweep_all,Input-Corner Stress,MLP,synthetic,atau,200,current_mixture,0.2,5,1e-12,width,0.0,7,a_tau,0.0,,1.749
rc7,sweep_all,Input-Corner Stress,MLP,synthetic,atau,200,current_mixture,0.2,10,1e-12,width,0.0,0,a_tau,0.0,,1.546
rc7,sweep_all,Input-Corner Stress,MLP,synthetic,atau,200,current_mixture,0.2,10,1e-12,width,0.0,1,a_tau,0.0,,1.645
rc7,sweep_all,Input-Corner Stress,MLP,synthetic,atau,200,current_mixture,0.2,10,1e-12,width,0.0,2,a_tau,0.0,,1.372
rc7,sweep_all,Input-Corner Stress,MLP,synthetic,atau,200,current_mixture,0.2,10,1e-12,width,0.0,3,a_tau,0.0,,1.495
rc7,sweep_all,Input-Corner Stress,MLP,synthetic,atau,200,current_mixture,0.2,10,1e-12,width,0.0,4,a_tau,0.0,,1.877
rc7,sweep_all,Input-Corner Stress,MLP,synthetic,atau,200,current_mixture,0.2,10,1e-12,width,0.0,5,a_tau,0.0,,1.478
rc7,sweep_all,Input-Corner Stress,MLP,synthetic,atau,200,current_mixture,0.2,10,1e-12,width,0.0,6,a_tau,0.0,,1.39
rc7,sweep_all,Input-Corner Stress,MLP,synthetic,atau,200,current_mixture,0.2,10,1e-12,width,0.0,7,a_tau,0.0,,1.372
rc7,sweep_all,Input-Corner Stress,MLP,synthetic,atau,200,current_mixture,0.2,20,1e-12,width,0.0,0,a_tau,0.0,,1.763
rc7,sweep_all,Input-Corner Stress,MLP,synthetic,atau,200,current_mixture,0.2,20,1e-12,width,0.0,1,a_tau,0.0,,2.022
rc7,sweep_all,Input-Corner Stress,MLP,synthetic,atau,200,current_mixture,0.2,20,1e-12,width,0.0,2,a_tau,0.0,,1.805
rc7,sweep_all,Input-Corner Stress,MLP,synthetic,atau,200,current_mixture,0.2,20,1e-12,width,0.0,3,a_tau,0.0,,1.533
rc7,sweep_all,Input-Corner Stress,MLP,synthetic,atau,200,current_mixture,0.2,20,1e-12,width,0.0,4,a_tau,0.0,,1.981
rc7,sweep_all,Input-Corner Stress,MLP,synthetic,atau,200,current_mixture,0.2,20,1e-12,width,0.0,5,a_tau,0.0,,1.828
rc7,sweep_all,Input-Corner Stress,MLP,synthetic,atau,200,current_mixture,0.2,20,1e-12,width,0.0,6,a_tau,0.0,,1.712
rc7,sweep_all,Input-Corner Stress,MLP,synthetic,atau,200,current_mixture,0.2,20,1e-12,width,0.0,7,a_tau,0.0,,1.789
rc7,sweep_all,Input-Corner Stress,MLP,synthetic,atau,200,current_mixture,0.5,5,1e-12,width,0.0,0,a_tau,0.0,,1.52
rc7,sweep_all,Input-Corner Stress,MLP,synthetic,atau,200,current_mixture,0.5,5,1e-12,width,0.0,1,a_tau,0.0,,1.813
rc7,sweep_all,Input-Corner Stress,MLP,synthetic,atau,200,current_mixture,0.5,5,1e-12,width,0.0,2,a_tau,0.0,,1.764
rc7,sweep_all,Input-Corner Stress,MLP,synthetic,atau,200,current_mixture,0.5,5,1e-12,width,0.0,3,a_tau,0.0,,1.79
rc7,sweep_all,Input-Corner Stress,MLP,synthetic,atau,200,current_mixture,0.5,5,1e-12,width,0.0,4,a_tau,0.0,,1.561
rc7,sweep_all,Input-Corner Stress,MLP,synthetic,atau,200,current_mixture,0.5,5,1e-12,width,0.0,5,a_tau,0.0,,1.868
rc7,sweep_all,Input-Corner Stress,MLP,synthetic,atau,200,current_mixture,0.5,5,1e-12,width,0.0,6,a_tau,0.0,,1.869
rc7,sweep_all,Input-Corner Stress,MLP,synthetic,atau,200,current_mixture,0.5,5,1e-12,width,0.0,7,a_tau,0.0,,1.944
rc7,sweep_all,Input-Corner Stress,MLP,synthetic,atau,200,current_mixture,0.5,10,1e-12,width,0.0,0,a_tau,0.0,,1.615
rc7,sweep_all,Input-Corner Stress,MLP,synthetic,atau,200,current_mixture,0.5,10,1e-12,width,0.0,1,a_tau,0.0,,1.433
rc7,sweep_all,Input-Corner Stress,MLP,synthetic,atau,200,current_mixture,0.5,10,1e-12,width,0.0,2,a_tau,0.0,,1.915
rc7,sweep_all,Input-Corner Stress,MLP,synthetic,atau,200,current_mixture,0.5,10,1e-12,width,0.0,3,a_tau,0.0,,1.822
rc7,sweep_all,Input-Corner Stress,MLP,synthetic,atau,200,current_mixture,0.5,10,1e-12,width,0.0,4,a_tau,0.0,,1.745
rc7,sweep_all,Input-Corner Stress,MLP,synthetic,atau,200,current_mixture,0.5,10,1e-12,width,0.0,5,a_tau,0.0,,1.416
rc7,sweep_all,Input-Corner Stress,MLP,synthetic,atau,200,current_mixture,0.5,10,1e-12,width,0.0,6,a_tau,0.0,,1.644
rc7,sweep_all,Input-Corner Stress,MLP,synthetic,atau,200,current_mixture,0.5,10,1e-12,width,0.0,7,a_tau,0.0,,1.784
rc7,sweep_all,Input-Corner Stress,MLP,synthetic,atau,200,current_mixture,0.5,20,1e-12,width,0.0,0,a_tau,0.0,,1.737
rc7,sweep_all,Input-Corner Stress,MLP,synthetic,atau,200,current_mixture,0.5,20,1e-12,width,0.0,1,a_tau,0.0,,1.66
rc7,sweep_all,Input-Corner Stress,MLP,synthetic,atau,200,current_mixture,0.5,20,1e-12,width,0.0,2,a_tau,0.0,,1.773
rc7,sweep_all,Input-Corner Stress,MLP,synthetic,atau,200,current_mixture,0.5,20,1e-12,width,0.0,3,a_tau,0.0,,1.679
rc7,sweep_all,Input-Corner Stress,MLP,synthetic,atau,200,current_mixture,0.5,20,1e-12,width,0.0,4,a_tau,0.0,,1.594
rc7,sweep_all,Input-Corner Stress,MLP,synthetic,atau,200,current_mixture,0.5,20,1e-12,width,0.0,5,a_tau,0.0,,1.694
rc7,sweep_all,Input-Corner Stress,MLP,synthetic,atau,200,current_mixture,0.5,20,1e-12,width,0.0,6,a_tau,0.0,,1.715
rc7,sweep_all,Input-Corner Stress,MLP,synthetic,atau,200,current_mixture,0.5,20,1e-12,width,0.0,7,a_tau,0.0,,1.837
rc15,sweep_all,Input-Corner Stress,MLP,synthetic,atau,200,current_mixture,0.05,5,1e-12,width,0.0,0,a_tau,0.0,,2.236
rc15,sweep_all,Input-Corner Stress,MLP,synthetic,atau,200,current_mixture,0.05,5,1e-12,width,0.0,1,a_tau,0.0,,1.758
rc15,sweep_all,Input-Corner Stress,MLP,synthetic,atau,200,current_mixture,0.05,5,1e-12,width,0.0,2,a_tau,0.0,,1.714
rc15,sweep_all,Input-Corner Stress,MLP,synthetic,atau,200,current_mixture,0.05,5,1e-12,width,0.0,3,a_tau,0.0,,1.572
rc15,sweep_all,Input-Corner Stress,MLP,synthetic,atau,200,current_mixture,0.05,5,1e-12,width,0.0,4,a_tau,0.0,,1.584
rc15,sweep_all,Input-Corner Stress,MLP,synthetic,atau,200,current_mixture,0.05,5,1e-12,width,0.0,5,a_tau,0.0,,1.834
rc15,sweep_all,Input-Corner Stress,MLP,synthetic,atau,200,current_mixture,0.05,5,1e-12,width,0.0,6,a_tau,0.0,,1.578
rc15,sweep_all,Input-Corner Stress,MLP,synthetic,atau,200,current_mixture,0.05,5,1e-12,width,0.0,7,a_tau,0.0,,1.499
rc15,sweep_all,Input-Corner Stress,MLP,synthetic,atau,200,current_mixture,0.05,10,1e-12,width,0.0,0,a_tau,0.0,,1.695
rc15,sweep_all,Input-Corner Stress,MLP,synthetic,atau,200,current_mixture,0.05,10,1e-12,width,0.0,1,a_tau,0.0,,1.814
rc15,sweep_all,Input-Corner Stress,MLP,synthetic,atau,200,current_mixture,0.05,10,1e-12,width,0.0,2,a_tau,0.0,,1.7
rc15,sweep_all,Input-Corner Stress,MLP,synthetic,atau,200,current_mixture,0.05,10,1e-12,width,0.0,3,a_tau,0.0,,1.918
rc15,sweep_all,Input-Corner Stress,MLP,synthetic,atau,200,current_mixture,0.05,10,1e-12,width,0.0,4,a_tau,0.0,,1.767
rc15,sweep_all,Input-Corner Stress,MLP,synthetic,atau,200,current_mixture,0.05,10,1e-12,width,0.0,5,a_tau,0.0,,2.16
rc15,sweep_all,Input-Corner Stress,MLP,synthetic,atau,200,current_mixture,0.05,10,1e-12,width,0.0,6,a_tau,0.0,,1.741
rc15,sweep_all,Input-Corner Stress,MLP,synthetic,atau,200,current_mixture,0.05,10,1e-12,width,0.0,7,a_tau,0.0,,1.815
rc15,sweep_all,Input-Corner Stress,MLP,synthetic,atau,200,current_mixture,0.05,20,1e-12,width,0.0,0,a_tau,0.0,,1.701
rc15,sweep_all,Input-Corner Stress,MLP,synthetic,atau,200,current_mixture,0.05,20,1e-12,width,0.0,1,a_tau,0.0,,1.442
rc15,sweep_all,Input-Corner Stress,MLP,synthetic,atau,200,current_mixture,0.05,20,1e-12,width,0.0,2,a_tau,0.0,,1.78
rc15,sweep_all,Input-Corner Stress,MLP,synthetic,atau,200,current_mixture,0.05,20,1e-12,width,0.0,3,a_tau,0.0,,1.77
rc15,sweep_all,Input-Corner Stress,MLP,synthetic,atau,200,current_mixture,0.05,20,1e-12,width,0.0,4,a_tau,0.0,,1.669
rc15,sweep_all,Input-Corner Stress,MLP,synthetic,atau,200,current_mixture,0.05,20,1e-12,width,0.0,5,a_tau,0.0,,1.792
rc15,sweep_all,Input-Corner Stress,MLP,synthetic,atau,200,current_mixture,0.05,20,1e-12,width,0.0,6,a_tau,0.0,,1.768
rc15,sweep_all,Input-Corner Stress,MLP,synthetic,atau,200,current_mixture,0.05,20,1e-12,width,0.0,7,a_tau,0.0,,1.619
rc15,sweep_all,Input-Corner Stress,MLP,synthetic,atau,200,current_mixture,0.1,5,1e-12,width,0.0,0,a_tau,0.0,,1.656
rc15,sweep_all,Input-Corner Stress,MLP,synthetic,atau,200,current_mixture,0.1,5,1e-12,width,0.0,1,a_tau,0.0,,1.675
rc15,sweep_all,Input-Corner Stress,MLP,synthetic,atau,200,current_mixture,0.1,5,1e-12,width,0.0,2,a_tau,0.0,,1.817
rc15,sweep_all,Input-Corner Stress,MLP,synthetic,atau,200,current_mixture,0.1,5,1e-12,width,0.0,3,a_tau,0.0,,1.769
rc15,sweep_all,Input-Corner Stress,MLP,synthetic,atau,200,current_mixture,0.1,5,1e-12,width,0.0,4,a_tau,0.0,,1.609
rc15,sweep_all,Input-Corner Stress,MLP,synthetic,atau,200,current_mixture,0.1,5,1e-12,width,0.0,5,a_tau,0.0,,1.532
rc15,sweep_all,Input-Corner Stress,MLP,synthetic,atau,200,current_mixture,0.1,5,1e-12,width,0.0,6,a_tau,0.0,,1.614
rc15,sweep_all,Input-Corner Stress,MLP,synthetic,atau,200,current_mixture,0.1,5,1e-12,width,0.0,7,a_tau,0.0,,1.697
rc15,sweep_all,Input-Corner Stress,MLP,synthetic,atau,200,current_mixture,0.1,10,1e-12,width,0.0,0,a_tau,0.0,,1.758
rc15,sweep_all,Input-Corner Stress,MLP,synthetic,atau,200,current_mixture,0.1,10,1e-12,width,0.0,1,a_tau,0.0,,1.54
rc15,sweep_all,Input-Corner Stress,MLP,synthetic,atau,200,current_mixture,0.1,10,1e-12,width,0.0,2,a_tau,0.0,,1.829
rc15,sweep_all,Input-Corner Stress,MLP,synthetic,atau,200,current_mixture,0.1,10,1e-12,width,0.0,3,a_tau,0.0,,1.792
rc15,sweep_all,Input-Corner Stress,MLP,synthetic,atau,200,current_mixture,0.1,10,1e-12,width,0.0,4,a_tau,0.0,,1.805
rc15,sweep_all,Input-Corner Stress,MLP,synthetic,atau,200,current_mixture,0.1,10,1e-12,width,0.0,5,a_tau,0.0,,1.513
rc15,sweep_all,Input-Corner Stress,MLP,synthetic,atau,200,current_mixture,0.1,10,1e-12,width,0.0,6,a_tau,0.0,,1.614
rc15,sweep_all,Input-Corner Stress,MLP,synthetic,atau,200,current_mixture,0.1,10,1e-12,width,0.0,7,a_tau,0.0,,1.76
rc15,sweep_all,Input-Corner Stress,MLP,synthetic,atau,200,current_mixture,0.1,20,1e-12,width,0.0,0,a_tau,0.0,,1.714
rc15,sweep_all,Input-Corner Stress,MLP,synthetic,atau,200,current_mixture,0.1,20,1e-12,width,0.0,1,a_tau,0.0,,2.032
rc15,sweep_all,Input-Corner Stress,MLP,synthetic,atau,200,current_mixture,0.1,20,1e-12,width,0.0,2,a_tau,0.0,,1.543
rc15,sweep_all,Input-Corner Stress,MLP,synthetic,atau,200,current_mixture,0.1,20,1e-12,width,0.0,3,a_tau,0.0,,1.764
rc15,sweep_all,Input-Corner Stress,MLP,synthetic,atau,200,current_mixture,0.1,20,1e-12,width,0.0,4,a_tau,0.0,,1.663
rc15,sweep_all,Input-Corner Stress,MLP,synthetic,atau,200,current_mixture,0.1,20,1e-12,width,0.0,5,a_tau,0.0,,1.779
rc15,sweep_all,Input-Corner Stress,MLP,synthetic,atau,200,current_mixture,0.1,20,1e-12,width,0.0,6,a_tau,0.0,,2.125
rc15,sweep_all,Input-Corner Stress,MLP,synthetic,atau,200,current_mixture,0.1,20,1e-12,width,0.0,7,a_tau,0.0,,1.533
rc15,sweep_all,Input-Corner Stress,MLP,synthetic,atau,200,current_mixture,0.2,5,1e-12,width,0.0,0,a_tau,0.0,,1.688
rc15,sweep_all,Input-Corner Stress,MLP,synthetic,atau,200,current_mixture,0.2,5,1e-12,width,0.0,1,a_tau,0.0,,1.455
rc15,sweep_all,Input-Corner Stress,MLP,synthetic,atau,200,current_mixture,0.2,5,1e-12,width,0.0,2,a_tau,0.0,,1.491
rc15,sweep_all,Input-Corner Stress,MLP,synthetic,atau,200,current_mixture,0.2,5,1e-12,width,0.0,3,a_tau,0.0,,1.785
rc15,sweep_all,Input-Corner Stress,MLP,synthetic,atau,200,current_mixture,0.2,5,1e-12,width,0.0,4,a_tau,0.0,,1.767
rc15,sweep_all,Input-Corner Stress,MLP,synthetic,atau,200,current_mixture,0.2,5,1e-12,width,0.0,5,a_tau,0.0,,1.781
rc15,sweep_all,Input-Corner Stress,MLP,synthetic,atau,200,current_mixture,0.2,5,1e-12,width,0.0,6,a_tau,0.0,,1.707
rc15,sweep_all,Input-Corner Stress,MLP,synthetic,atau,200,current_mixture,0.2,5,1e-12,width,0.0,7,a_tau,0.0,,1.654
rc15,sweep_all,Input-Corner Stress,MLP,synthetic,atau,200,current_mixture,0.2,10,1e-12,width,0.0,0,a_tau,0.0,,1.901
rc15,sweep_all,Input-Corner Stress,MLP,synthetic,atau,200,current_mixture,0.2,10,1e-12,width,0.0,1,a_tau,0.0,,1.507
rc15,sweep_all,Input-Corner Stress,MLP,synthetic,atau,200,current_mixture,0.2,10,1e-12,width,0.0,2,a_tau,0.0,,1.351
rc15,sweep_all,Input-Corner Stress,MLP,synthetic,atau,200,current_mixture,0.2,10,1e-12,width,0.0,3,a_tau,0.0,,1.842
rc15,sweep_all,Input-Corner Stress,MLP,synthetic,atau,200,current_mixture,0.2,10,1e-12,width,0.0,4,a_tau,0.0,,1.753
rc15,sweep_all,Input-Corner Stress,MLP,synthetic,atau,200,current_mixture,0.2,10,1e-12,width,0.0,5,a_tau,0.0,,1.764
rc15,sweep_all,Input-Corner Stress,MLP,synthetic,atau,200,current_mixture,0.2,10,1e-12,width,0.0,6,a_tau,0.0,,1.966
rc15,sweep_all,Input-Corner Stress,MLP,synthetic,atau,200,current_mixture,0.2,10,1e-12,width,0.0,7,a_tau,0.0,,1.916
rc15,sweep_all,Input-Corner Stress,MLP,synthetic,atau,200,current_mixture,0.2,20,1e-12,width,0.0,0,a_tau,0.0,,1.809
rc15,sweep_all,Input-Corner Stress,MLP,synthetic,atau,200,current_mixture,0.2,20,1e-12,width,0.0,1,a_tau,0.0,,1.47
rc15,sweep_all,Input-Corner Stress,MLP,synthetic,atau,200,current_mixture,0.2,20,1e-12,width,0.0,2,a_tau,0.0,,1.87
rc15,sweep_all,Input-Corner Stress,MLP,synthetic,atau,200,current_mixture,0.2,20,1e-12,width,0.0,3,a_tau,0.0,,1.764
rc15,sweep_all,Input-Corner Stress,MLP,synthetic,atau,200,current_mixture,0.2,20,1e-12,width,0.0,4,a_tau,0.0,,1.61
rc15,sweep_all,Input-Corner Stress,MLP,synthetic,atau,200,current_mixture,0.2,20,1e-12,width,0.0,5,a_tau,0.0,,2.024
rc15,sweep_all,Input-Corner Stress,MLP,synthetic,atau,200,current_mixture,0.2,20,1e-12,width,0.0,6,a_tau,0.0,,1.567
rc15,sweep_all,Input-Corner Stress,MLP,synthetic,atau,200,current_mixture,0.2,20,1e-12,width,0.0,7,a_tau,0.0,,1.505
rc15,sweep_all,Input-Corner Stress,MLP,synthetic,atau,200,current_mixture,0.5,5,1e-12,width,0.0,0,a_tau,0.0,,1.919
rc15,sweep_all,Input-Corner Stress,MLP,synthetic,atau,200,current_mixture,0.5,5,1e-12,width,0.0,1,a_tau,0.0,,1.773
rc15,sweep_all,Input-Corner Stress,MLP,synthetic,atau,200,current_mixture,0.5,5,1e-12,width,0.0,2,a_tau,0.0,,1.709
rc15,sweep_all,Input-Corner Stress,MLP,synthetic,atau,200,current_mixture,0.5,5,1e-12,width,0.0,3,a_tau,0.0,,1.913
rc15,sweep_all,Input-Corner Stress,MLP,synthetic,atau,200,current_mixture,0.5,5,1e-12,width,0.0,4,a_tau,0.0,,1.745
rc15,sweep_all,Input-Corner Stress,MLP,synthetic,atau,200,current_mixture,0.5,5,1e-12,width,0.0,5,a_tau,0.0,,1.807
rc15,sweep_all,Input-Corner Stress,MLP,synthetic,atau,200,current_mixture,0.5,5,1e-12,width,0.0,6,a_tau,0.0,,1.755
rc15,sweep_all,Input-Corner Stress,MLP,synthetic,atau,200,current_mixture,0.5,5,1e-12,width,0.0,7,a_tau,0.0,,1.982
rc15,sweep_all,Input-Corner Stress,MLP,synthetic,atau,200,current_mixture,0.5,10,1e-12,width,0.0,0,a_tau,0.0,,1.434
rc15,sweep_all,Input-Corner Stress,MLP,synthetic,atau,200,current_mixture,0.5,10,1e-12,width,0.0,1,a_tau,0.0,,1.858
rc15,sweep_all,Input-Corner Stress,MLP,synthetic,atau,200,current_mixture,0.5,10,1e-12,width,0.0,2,a_tau,0.0,,1.757
rc15,sweep_all,Input-Corner Stress,MLP,synthetic,atau,200,current_mixture,0.5,10,1e-12,width,0.0,3,a_tau,0.0,,2.05
rc15,sweep_all,Input-Corner Stress,MLP,synthetic,atau,200,current_mixture,0.5,10,1e-12,width,0.0,4,a_tau,0.0,,1.789
rc15,sweep_all,Input-Corner Stress,MLP,synthetic,atau,200,current_mixture,0.5,10,1e-12,width,0.0,5,a_tau,0.0,,1.428
rc15,sweep_all,Input-Corner Stress,MLP,synthetic,atau,200,current_mixture,0.5,10,1e-12,width,0.0,6,a_tau,0.0,,1.759
rc15,sweep_all,Input-Corner Stress,MLP,synthetic,atau,200,current_mixture,0.5,10,1e-12,width,0.0,7,a_tau,0.0,,1.801
rc15,sweep_all,Input-Corner Stress,MLP,synthetic,atau,200,current_mixture,0.5,20,1e-12,width,0.0,0,a_tau,0.0,,1.65
rc15,sweep_all,Input-Corner Stress,MLP,synthetic,atau,200,current_mixture,0.5,20,1e-12,width,0.0,1,a_tau,0.0,,1.705
rc15,sweep_all,Input-Corner Stress,MLP,synthetic,atau,200,current_mixture,0.5,20,1e-12,width,0.0,2,a_tau,0.0,,1.478
rc15,sweep_all,Input-Corner Stress,MLP,synthetic,atau,200,current_mixture,0.5,20,1e-12,width,0.0,3,a_tau,0.0,,1.592
rc15,sweep_all,Input-Corner Stress,MLP,synthetic,atau,200,current_mixture,0.5,20,1e-12,width,0.0,4,a_tau,0.0,,1.88
rc15,sweep_all,Input-Corner Stress,MLP,synthetic,atau,200,current_mixture,0.5,20,1e-12,width,0.0,5,a_tau,0.0,,1.572
rc15,sweep_all,Input-Corner Stress,MLP,synthetic,atau,200,current_mixture,0.5,20,1e-12,width,0.0,6,a_tau,0.0,,1.794
rc15,sweep_all,Input-Corner Stress,MLP,synthetic,atau,200,current_mixture,0.5,20,1e-12,width,0.0,7,a_tau,0.0,,1.786
rc21,sweep_all,Input-Corner Stress,MLP,synthetic,atau,200,current_mixture,0.05,5,1e-12,width,0.0,0,a_tau,0.0,,2.375
rc21,sweep_all,Input-Corner Stress,MLP,synthetic,atau,200,current_mixture,0.05,5,1e-12,width,0.0,1,a_tau,0.0,,1.897
rc21,sweep_all,Input-Corner Stress,MLP,synthetic,atau,200,current_mixture,0.05,5,1e-12,width,0.0,2,a_tau,0.0,,1.829
rc21,sweep_all,Input-Corner Stress,MLP,synthetic,atau,200,current_mixture,0.05,5,1e-12,width,0.0,3,a_tau,0.0,,1.891
rc21,sweep_all,Input-Corner Stress,MLP,synthetic,atau,200,current_mixture,0.05,5,1e-12,width,0.0,4,a_tau,0.0,,2.007
rc21,sweep_all,Input-Corner Stress,MLP,synthetic,atau,200,current_mixture,0.05,5,1e-12,width,0.0,5,a_tau,0.0,,1.977
rc21,sweep_all,Input-Corner Stress,MLP,synthetic,atau,200,current_mixture,0.05,5,1e-12,width,0.0,6,a_tau,0.0,,1.923
rc21,sweep_all,Input-Corner Stress,MLP,synthetic,atau,200,current_mixture,0.05,5,1e-12,width,0.0,7,a_tau,0.0,,1.955
rc21,sweep_all,Input-Corner Stress,MLP,synthetic,atau,200,current_mixture,0.05,10,1e-12,width,0.0,0,a_tau,0.0,,1.853
rc21,sweep_all,Input-Corner Stress,MLP,synthetic,atau,200,current_mixture,0.05,10,1e-12,width,0.0,1,a_tau,0.0,,1.893
rc21,sweep_all,Input-Corner Stress,MLP,synthetic,atau,200,current_mixture,0.05,10,1e-12,width,0.0,2,a_tau,0.0,,1.82
rc21,sweep_all,Input-Corner Stress,MLP,synthetic,atau,200,current_mixture,0.05,10,1e-12,width,0.0,3,a_tau,0.0,,2.069
rc21,sweep_all,Input-Corner Stress,MLP,synthetic,atau,200,current_mixture,0.05,10,1e-12,width,0.0,4,a_tau,0.0,,2.074
rc21,sweep_all,Input-Corner Stress,MLP,synthetic,atau,200,current_mixture,0.05,10,1e-12,width,0.0,5,a_tau,0.0,,2.066
rc21,sweep_all,Input-Corner Stress,MLP,synthetic,atau,200,current_mixture,0.05,10,1e-12,width,0.0,6,a_tau,0.0,,1.889
rc21,sweep_all,Input-Corner Stress,MLP,synthetic,atau,200,current_mixture,0.05,10,1e-12,width,0.0,7,a_tau,0.0,,2.263
rc21,sweep_all,Input-Corner Stress,MLP,synthetic,atau,200,current_mixture,0.05,20,1e-12,width,0.0,0,a_tau,0.0,,1.878
rc21,sweep_all,Input-Corner Stress,MLP,synthetic,atau,200,current_mixture,0.05,20,1e-12,width,0.0,1,a_tau,0.0,,2.164
rc21,sweep_all,Input-Corner Stress,MLP,synthetic,atau,200,current_mixture,0.05,20,1e-12,width,0.0,2,a_tau,0.0,,1.819
rc21,sweep_all,Input-Corner Stress,MLP,synthetic,atau,200,current_mixture,0.05,20,1e-12,width,0.0,3,a_tau,0.0,,1.886
rc21,sweep_all,Input-Corner Stress,MLP,synthetic,atau,200,current_mixture,0.05,20,1e-12,width,0.0,4,a_tau,0.0,,2.004
rc21,sweep_all,Input-Corner Stress,MLP,synthetic,atau,200,current_mixture,0.05,20,1e-12,width,0.0,5,a_tau,0.0,,2.103
rc21,sweep_all,Input-Corner Stress,MLP,synthetic,atau,200,current_mixture,0.05,20,1e-12,width,0.0,6,a_tau,0.0,,1.964
rc21,sweep_all,Input-Corner Stress,MLP,synthetic,atau,200,current_mixture,0.05,20,1e-12,width,0.0,7,a_tau,0.0,,1.866
rc21,sweep_all,Input-Corner Stress,MLP,synthetic,atau,200,current_mixture,0.1,5,1e-12,width,0.0,0,a_tau,0.0,,2.004
rc21,sweep_all,Input-Corner Stress,MLP,synthetic,atau,200,current_mixture,0.1,5,1e-12,width,0.0,1,a_tau,0.0,,1.836
rc21,sweep_all,Input-Corner Stress,MLP,synthetic,atau,200,current_mixture,0.1,5,1e-12,width,0.0,2,a_tau,0.0,,1.849
rc21,sweep_all,Input-Corner Stress,MLP,synthetic,atau,200,current_mixture,0.1,5,1e-12,width,0.0,3,a_tau,0.0,,1.968
rc21,sweep_all,Input-Corner Stress,MLP,synthetic,atau,200,current_mixture,0.1,5,1e-12,width,0.0,4,a_tau,0.0,,1.936
rc21,sweep_all,Input-Corner Stress,MLP,synthetic,atau,200,current_mixture,0.1,5,1e-12,width,0.0,5,a_tau,0.0,,2.751
rc21,sweep_all,Input-Corner Stress,MLP,synthetic,atau,200,current_mixture,0.1,5,1e-12,width,0.0,6,a_tau,0.0,,1.962
rc21,sweep_all,Input-Corner Stress,MLP,synthetic,atau,200,current_mixture,0.1,5,1e-12,width,0.0,7,a_tau,0.0,,1.914
rc21,sweep_all,Input-Corner Stress,MLP,synthetic,atau,200,current_mixture,0.1,10,1e-12,width,0.0,0,a_tau,0.0,,2.115
rc21,sweep_all,Input-Corner Stress,MLP,synthetic,atau,200,current_mixture,0.1,10,1e-12,width,0.0,1,a_tau,0.0,,1.945
rc21,sweep_all,Input-Corner Stress,MLP,synthetic,atau,200,current_mixture,0.1,10,1e-12,width,0.0,2,a_tau,0.0,,1.796
rc21,sweep_all,Input-Corner Stress,MLP,synthetic,atau,200,current_mixture,0.1,10,1e-12,width,0.0,3,a_tau,0.0,,1.98
rc21,sweep_all,Input-Corner Stress,MLP,synthetic,atau,200,current_mixture,0.1,10,1e-12,width,0.0,4,a_tau,0.0,,1.923
rc21,sweep_all,Input-Corner Stress,MLP,synthetic,atau,200,current_mixture,0.1,10,1e-12,width,0.0,5,a_tau,0.0,,1.865
rc21,sweep_all,Input-Corner Stress,MLP,synthetic,atau,200,current_mixture,0.1,10,1e-12,width,0.0,6,a_tau,0.0,,1.861
rc21,sweep_all,Input-Corner Stress,MLP,synthetic,atau,200,current_mixture,0.1,10,1e-12,width,0.0,7,a_tau,0.0,,1.936
rc21,sweep_all,Input-Corner Stress,MLP,synthetic,atau,200,current_mixture,0.1,20,1e-12,width,0.0,0,a_tau,0.0,,1.802
rc21,sweep_all,Input-Corner Stress,MLP,synthetic,atau,200,current_mixture,0.1,20,1e-12,width,0.0,1,a_tau,0.0,,1.837
rc21,sweep_all,Input-Corner Stress,MLP,synthetic,atau,200,current_mixture,0.1,20,1e-12,width,0.0,2,a_tau,0.0,,1.874
rc21,sweep_all,Input-Corner Stress,MLP,synthetic,atau,200,current_mixture,0.1,20,1e-12,width,0.0,3,a_tau,0.0,,2.11
rc21,sweep_all,Input-Corner Stress,MLP,synthetic,atau,200,current_mixture,0.1,20,1e-12,width,0.0,4,a_tau,0.0,,1.973
rc21,sweep_all,Input-Corner Stress,MLP,synthetic,atau,200,current_mixture,0.1,20,1e-12,width,0.0,5,a_tau,0.0,,1.927
rc21,sweep_all,Input-Corner Stress,MLP,synthetic,atau,200,current_mixture,0.1,20,1e-12,width,0.0,6,a_tau,0.0,,2.032
rc21,sweep_all,Input-Corner Stress,MLP,synthetic,atau,200,current_mixture,0.1,20,1e-12,width,0.0,7,a_tau,0.0,,2.022
rc21,sweep_all,Input-Corner Stress,MLP,synthetic,atau,200,current_mixture,0.2,5,1e-12,width,0.0,0,a_tau,0.0,,1.89
rc21,sweep_all,Input-Corner Stress,MLP,synthetic,atau,200,current_mixture,0.2,5,1e-12,width,0.0,1,a_tau,0.0,,1.963
rc21,sweep_all,Input-Corner Stress,MLP,synthetic,atau,200,current_mixture,0.2,5,1e-12,width,0.0,2,a_tau,0.0,,2.612
rc21,sweep_all,Input-Corner Stress,MLP,synthetic,atau,200,current_mixture,0.2,5,1e-12,width,0.0,3,a_tau,0.0,,1.95
rc21,sweep_all,Input-Corner Stress,MLP,synthetic,atau,200,current_mixture,0.2,5,1e-12,width,0.0,4,a_tau,0.0,,1.934
rc21,sweep_all,Input-Corner Stress,MLP,synthetic,atau,200,current_mixture,0.2,5,1e-12,width,0.0,5,a_tau,0.0,,1.887
rc21,sweep_all,Input-Corner Stress,MLP,synthetic,atau,200,current_mixture,0.2,5,1e-12,width,0.0,6,a_tau,0.0,,2.0
rc21,sweep_all,Input-Corner Stress,MLP,synthetic,atau,200,current_mixture,0.2,5,1e-12,width,0.0,7,a_tau,0.0,,2.042
rc21,sweep_all,Input-Corner Stress,MLP,synthetic,atau,200,current_mixture,0.2,10,1e-12,width,0.0,0,a_tau,0.0,,1.914
rc21,sweep_all,Input-Corner Stress,MLP,synthetic,atau,200,current_mixture,0.2,10,1e-12,width,0.0,1,a_tau,0.0,,2.029
rc21,sweep_all,Input-Corner Stress,MLP,synthetic,atau,200,current_mixture,0.2,10,1e-12,width,0.0,2,a_tau,0.0,,2.072
rc21,sweep_all,Input-Corner Stress,MLP,synthetic,atau,200,current_mixture,0.2,10,1e-12,width,0.0,3,a_tau,0.0,,1.958
rc21,sweep_all,Input-Corner Stress,MLP,synthetic,atau,200,current_mixture,0.2,10,1e-12,width,0.0,4,a_tau,0.0,,1.99
rc21,sweep_all,Input-Corner Stress,MLP,synthetic,atau,200,current_mixture,0.2,10,1e-12,width,0.0,5,a_tau,0.0,,2.074
rc21,sweep_all,Input-Corner Stress,MLP,synthetic,atau,200,current_mixture,0.2,10,1e-12,width,0.0,6,a_tau,0.0,,1.812
rc21,sweep_all,Input-Corner Stress,MLP,synthetic,atau,200,current_mixture,0.2,10,1e-12,width,0.0,7,a_tau,0.0,,1.805
rc21,sweep_all,Input-Corner Stress,MLP,synthetic,atau,200,current_mixture,0.2,20,1e-12,width,0.0,0,a_tau,0.0,,2.239
rc21,sweep_all,Input-Corner Stress,MLP,synthetic,atau,200,current_mixture,0.2,20,1e-12,width,0.0,1,a_tau,0.0,,2.018
rc21,sweep_all,Input-Corner Stress,MLP,synthetic,atau,200,current_mixture,0.2,20,1e-12,width,0.0,2,a_tau,0.0,,1.961
rc21,sweep_all,Input-Corner Stress,MLP,synthetic,atau,200,current_mixture,0.2,20,1e-12,width,0.0,3,a_tau,0.0,,1.896
rc21,sweep_all,Input-Corner Stress,MLP,synthetic,atau,200,current_mixture,0.2,20,1e-12,width,0.0,4,a_tau,0.0,,2.12
rc21,sweep_all,Input-Corner Stress,MLP,synthetic,atau,200,current_mixture,0.2,20,1e-12,width,0.0,5,a_tau,0.0,,2.078
rc21,sweep_all,Input-Corner Stress,MLP,synthetic,atau,200,current_mixture,0.2,20,1e-12,width,0.0,6,a_tau,0.0,,1.885
rc21,sweep_all,Input-Corner Stress,MLP,synthetic,atau,200,current_mixture,0.2,20,1e-12,width,0.0,7,a_tau,0.0,,1.893
rc21,sweep_all,Input-Corner Stress,MLP,synthetic,atau,200,current_mixture,0.5,5,1e-12,width,0.0,0,a_tau,0.0,,1.765
rc21,sweep_all,Input-Corner Stress,MLP,synthetic,atau,200,current_mixture,0.5,5,1e-12,width,0.0,1,a_tau,0.0,,1.743
rc21,sweep_all,Input-Corner Stress,MLP,synthetic,atau,200,current_mixture,0.5,5,1e-12,width,0.0,2,a_tau,0.0,,1.861
rc21,sweep_all,Input-Corner Stress,MLP,synthetic,atau,200,current_mixture,0.5,5,1e-12,width,0.0,3,a_tau,0.0,,2.042
rc21,sweep_all,Input-Corner Stress,MLP,synthetic,atau,200,current_mixture,0.5,5,1e-12,width,0.0,4,a_tau,0.0,,1.949
rc21,sweep_all,Input-Corner Stress,MLP,synthetic,atau,200,current_mixture,0.5,5,1e-12,width,0.0,5,a_tau,0.0,,1.838
rc21,sweep_all,Input-Corner Stress,MLP,synthetic,atau,200,current_mixture,0.5,5,1e-12,width,0.0,6,a_tau,0.0,,1.987
rc21,sweep_all,Input-Corner Stress,MLP,synthetic,atau,200,current_mixture,0.5,5,1e-12,width,0.0,7,a_tau,0.0,,1.925
rc21,sweep_all,Input-Corner Stress,MLP,synthetic,atau,200,current_mixture,0.5,10,1e-12,width,0.0,0,a_tau,0.0,,2.15
rc21,sweep_all,Input-Corner Stress,MLP,synthetic,atau,200,current_mixture,0.5,10,1e-12,width,0.0,1,a_tau,0.0,,1.99
rc21,sweep_all,Input-Corner Stress,MLP,synthetic,atau,200,current_mixture,0.5,10,1e-12,width,0.0,2,a_tau,0.0,,1.98
rc21,sweep_all,Input-Corner Stress,MLP,synthetic,atau,200,current_mixture,0.5,10,1e-12,width,0.0,3,a_tau,0.0,,1.858
rc21,sweep_all,Input-Corner Stress,MLP,synthetic,atau,200,current_mixture,0.5,10,1e-12,width,0.0,4,a_tau,0.0,,1.786
rc21,sweep_all,Input-Corner Stress,MLP,synthetic,atau,200,current_mixture,0.5,10,1e-12,width,0.0,5,a_tau,0.0,,2.033
rc21,sweep_all,Input-Corner Stress,MLP,synthetic,atau,200,current_mixture,0.5,10,1e-12,width,0.0,6,a_tau,0.0,,1.898
rc21,sweep_all,Input-Corner Stress,MLP,synthetic,atau,200,current_mixture,0.5,10,1e-12,width,0.0,7,a_tau,0.0,,1.844
rc21,sweep_all,Input-Corner Stress,MLP,synthetic,atau,200,current_mixture,0.5,20,1e-12,width,0.0,0,a_tau,0.0,,1.915
rc21,sweep_all,Input-Corner Stress,MLP,synthetic,atau,200,current_mixture,0.5,20,1e-12,width,0.0,1,a_tau,0.0,,2.142
rc21,sweep_all,Input-Corner Stress,MLP,synthetic,atau,200,current_mixture,0.5,20,1e-12,width,0.0,2,a_tau,0.0,,1.92
rc21,sweep_all,Input-Corner Stress,MLP,synthetic,atau,200,current_mixture,0.5,20,1e-12,width,0.0,3,a_tau,0.0,,1.874
rc21,sweep_all,Input-Corner Stress,MLP,synthetic,atau,200,current_mixture,0.5,20,1e-12,width,0.0,4,a_tau,0.0,,1.801
rc21,sweep_all,Input-Corner Stress,MLP,synthetic,atau,200,current_mixture,0.5,20,1e-12,width,0.0,5,a_tau,0.0,,2.263
rc21,sweep_all,Input-Corner Stress,MLP,synthetic,atau,200,current_mixture,0.5,20,1e-12,width,0.0,6,a_tau,0.0,,2.017
rc21,sweep_all,Input-Corner Stress,MLP,synthetic,atau,200,current_mixture,0.5,20,1e-12,width,0.0,7,a_tau,0.0,,2.117
meap5,sweep_all,MEAP,MLP,synthetic,atau,200,current_mixture,0.05,5,1e-12,width,0.0,0,a_tau,3.7612001156935624,,3.338
meap5,sweep_all,MEAP,MLP,synthetic,atau,200,current_mixture,0.05,5,1e-12,width,0.0,1,a_tau,3.8501476017100584,,3.041
meap5,sweep_all,MEAP,MLP,synthetic,atau,200,current_mixture,0.05,5,1e-12,width,0.0,2,a_tau,3.6375861597263857,,2.999
meap5,sweep_all,MEAP,MLP,synthetic,atau,200,current_mixture,0.05,5,1e-12,width,0.0,3,a_tau,3.912023005428146,,3.302
meap5,sweep_all,MEAP,MLP,synthetic,atau,200,current_mixture,0.05,5,1e-12,width,0.0,4,a_tau,3.828641396489095,,3.787
meap5,sweep_all,MEAP,MLP,synthetic,atau,200,current_mixture,0.05,5,1e-12,width,0.0,5,a_tau,3.6109179126442243,,2.997
meap5,sweep_all,MEAP,MLP,synthetic,atau,200,current_mixture,0.05,5,1e-12,width,0.0,6,a_tau,3.784189633918261,,3.473
meap5,sweep_all,MEAP,MLP,synthetic,atau,200,current_mixture,0.05,5,1e-12,width,0.0,7,a_tau,3.6109179126442243,,3.475
meap5,sweep_all,MEAP,MLP,synthetic,atau,200,current_mixture,0.05,10,1e-12,width,0.0,0,a_tau,3.6109179126442243,,3.493
meap5,sweep_all,MEAP,MLP,synthetic,atau,200,current_mixture,0.05,10,1e-12,width,0.0,1,a_tau,3.6635616461296463,,2.887
meap5,sweep_all,MEAP,MLP,synthetic,atau,200,current_mixture,0.05,10,1e-12,width,0.0,2,a_tau,3.6635616461296463,,2.864
meap5,sweep_all,MEAP,MLP,synthetic,atau,200,current_mixture,0.05,10,1e-12,width,0.0,3,a_tau,3.8501476017100584,,3.61
meap5,sweep_all,MEAP,MLP,synthetic,atau,200,current_mixture,0.05,10,1e-12,width,0.0,4,a_tau,3.784189633918261,,2.743
meap5,sweep_all,MEAP,MLP,synthetic,atau,200,current_mixture,0.05,10,1e-12,width,0.0,5,a_tau,3.6109179126442243,,3.394
meap5,sweep_all,MEAP,MLP,synthetic,atau,200,current_mixture,0.05,10,1e-12,width,0.0,6,a_tau,3.7612001156935624,,3.326
meap5,sweep_all,MEAP,MLP,synthetic,atau,200,current_mixture,0.05,10,1e-12,width,0.0,7,a_tau,3.6109179126442243,,3.359
meap5,sweep_all,MEAP,MLP,synthetic,atau,200,current_mixture,0.05,20,1e-12,width,0.0,0,a_tau,3.6888794541139363,,3.285
meap5,sweep_all,MEAP,MLP,synthetic,atau,200,current_mixture,0.05,20,1e-12,width,0.0,1,a_tau,3.6375861597263857,,3.309
meap5,sweep_all,MEAP,MLP,synthetic,atau,200,current_mixture,0.05,20,1e-12,width,0.0,2,a_tau,3.6109179126442243,,3.191
meap5,sweep_all,MEAP,MLP,synthetic,atau,200,current_mixture,0.05,20,1e-12,width,0.0,3,a_tau,3.828641396489095,,3.019
meap5,sweep_all,MEAP,MLP,synthetic,atau,200,current_mixture,0.05,20,1e-12,width,0.0,4,a_tau,3.8918202981106265,,3.421
meap5,sweep_all,MEAP,MLP,synthetic,atau,200,current_mixture,0.05,20,1e-12,width,0.0,5,a_tau,3.6109179126442243,,3.5
meap5,sweep_all,MEAP,MLP,synthetic,atau,200,current_mixture,0.05,20,1e-12,width,0.0,6,a_tau,3.8066624897703196,,3.394
meap5,sweep_all,MEAP,MLP,synthetic,atau,200,current_mixture,0.05,20,1e-12,width,0.0,7,a_tau,3.6109179126442243,,3.33
meap5,sweep_all,MEAP,MLP,synthetic,atau,200,current_mixture,0.1,5,1e-12,width,0.0,0,a_tau,3.6109179126442243,,3.1
meap5,sweep_all,MEAP,MLP,synthetic,atau,200,current_mixture,0.1,5,1e-12,width,0.0,1,a_tau,3.58351893845611,,3.29
meap5,sweep_all,MEAP,MLP,synthetic,atau,200,current_mixture,0.1,5,1e-12,width,0.0,2,a_tau,3.58351893845611,,3.053
meap5,sweep_all,MEAP,MLP,synthetic,atau,200,current_mixture,0.1,5,1e-12,width,0.0,3,a_tau,3.784189633918261,,3.114
meap5,sweep_all,MEAP,MLP,synthetic,atau,200,current_mixture,0.1,5,1e-12,width,0.0,4,a_tau,3.7612001156935624,,3.011
meap5,sweep_all,MEAP,MLP,synthetic,atau,200,current_mixture,0.1,5,1e-12,width,0.0,5,a_tau,3.6109179126442243,,3.255
meap5,sweep_all,MEAP,MLP,synthetic,atau,200,current_mixture,0.1,5,1e-12,width,0.0,6,a_tau,3.713572066704308,,3.251
meap5,sweep_all,MEAP,MLP,synthetic,atau,200,current_mixture,0.1,5,1e-12,width,0.0,7,a_tau,3.6109179126442243,,2.916
meap5,sweep_all,MEAP,MLP,synthetic,atau,200,current_mixture,0.1,10,1e-12,width,0.0,0,a_tau,3.6635616461296463,,3.254
meap5,sweep_all,MEAP,MLP,synthetic,atau,200,current_mixture,0.1,10,1e-12,width,0.0,1,a_tau,3.6375861597263857,,3.304
meap5,sweep_all,MEAP,MLP,synthetic,atau,200,current_mixture,0.1,10,1e-12,width,0.0,2,a_tau,3.7376696182833684,,3.176
meap5,sweep_all,MEAP,MLP,synthetic,atau,200,current_mixture,0.1,10,1e-12,width,0.0,3,a_tau,3.784189633918261,,3.252
meap5,sweep_all,MEAP,MLP,synthetic,atau,200,current_mixture,0.1,10,1e-12,width,0.0,4,a_tau,3.828641396489095,,3.102
meap5,sweep_all,MEAP,MLP,synthetic,atau,200,current_mixture,0.1,10,1e-12,width,0.0,5,a_tau,3.6109179126442243,,3.256
meap5,sweep_all,MEAP,MLP,synthetic,atau,200,current_mixture,0.1,10,1e-12,width,0.0,6,a_tau,3.6635616461296463,,3.227
meap5,sweep_all,MEAP,MLP,synthetic,atau,200,current_mixture,0.1,10,1e-12,width,0.0,7,a_tau,3.6109179126442243,,3.184
meap5,sweep_all,MEAP,MLP,synthetic,atau,200,current_mixture,0.1,20,1e-12,width,0.0,0,a_tau,3.6109179126442243,,3.229
meap5,sweep_all,MEAP,MLP,synthetic,atau,200,current_mixture,0.1,20,1e-12,width,0.0,1,a_tau,3.7376696182833684,,2.973
meap5,sweep_all,MEAP,MLP,synthetic,atau,200,current_mixture,0.1,20,1e-12,width,0.0,2,a_tau,3.6375861597263857,,3.253
meap5,sweep_all,MEAP,MLP,synthetic,atau,200,current_mixture,0.1,20,1e-12,width,0.0,3,a_tau,3.871201010907891,,3.443
meap5,sweep_all,MEAP,MLP,synthetic,atau,200,current_mixture,0.1,20,1e-12,width,0.0,4,a_tau,3.713572066704308,,3.256
meap5,sweep_all,MEAP,MLP,synthetic,atau,200,current_mixture,0.1,20,1e-12,width,0.0,5,a_tau,3.6109179126442243,,3.551
meap5,sweep_all,MEAP,MLP,synthetic,atau,200,current_mixture,0.1,20,1e-12,width,0.0,6,a_tau,3.7376696182833684,,3.351
meap5,sweep_all,MEAP,MLP,synthetic,atau,200,current_mixture,0.1,20,1e-12,width,0.0,7,a_tau,3.6375861597263857,,3.641
meap5,sweep_all,MEAP,MLP,synthetic,atau,200,current_mixture,0.2,5,1e-12,width,0.0,0,a_tau,3.5553480614894135,,3.279
meap5,sweep_all,MEAP,MLP,synthetic,atau,200,current_mixture,0.2,5,1e-12,width,0.0,1,a_tau,3.58351893845611,,3.099
meap5,sweep_all,MEAP,MLP,synthetic,atau,200,current_mixture,0.2,5,1e-12,width,0.0,2,a_tau,3.5263605246161616,,3.308
meap5,sweep_all,MEAP,MLP,synthetic,atau,200,current_mixture,0.2,5,1e-12,width,0.0,3,a_tau,3.7612001156935624,,3.146
meap5,sweep_all,MEAP,MLP,synthetic,atau,200,current_mixture,0.2,5,1e-12,width,0.0,4,a_tau,3.7376696182833684,,2.931
meap5,sweep_all,MEAP,MLP,synthetic,atau,200,current_mixture,0.2,5,1e-12,width,0.0,5,a_tau,3.58351893845611,,2.882
meap5,sweep_all,MEAP,MLP,synthetic,atau,200,current_mixture,0.2,5,1e-12,width,0.0,6,a_tau,3.6888794541139363,,3.011
meap5,sweep_all,MEAP,MLP,synthetic,atau,200,current_mixture,0.2,5,1e-12,width,0.0,7,a_tau,3.58351893845611,,3.27
meap5,sweep_all,MEAP,MLP,synthetic,atau,200,current_mixture,0.2,10,1e-12,width,0.0,0,a_tau,3.5553480614894135,,3.389
meap5,sweep_all,MEAP,MLP,synthetic,atau,200,current_mixture,0.2,10,1e-12,width,0.0,1,a_tau,3.5553480614894135,,3.262
meap5,sweep_all,MEAP,MLP,synthetic,atau,200,current_mixture,0.2,10,1e-12,width,0.0,2,a_tau,3.6635616461296463,,3.368
meap5,sweep_all,MEAP,MLP,synthetic,atau,200,current_mixture,0.2,10,1e-12,width,0.0,3,a_tau,3.828641396489095,,2.985
meap5,sweep_all,MEAP,MLP,synthetic,atau,200,current_mixture,0.2,10,1e-12,width,0.0,4,a_tau,3.7376696182833684,,3.181
meap5,sweep_all,MEAP,MLP,synthetic,atau,200,current_mixture,0.2,10,1e-12,width,0.0,5,a_tau,3.58351893845611,,3.298
meap5,sweep_all,MEAP,MLP,synthetic,atau,200,current_mixture,0.2,10,1e-12,width,0.0,6,a_tau,3.6375861597263857,,3.587
meap5,sweep_all,MEAP,MLP,synthetic,atau,200,current_mixture,0.2,10,1e-12,width,0.0,7,a_tau,3.5553480614894135,,3.325
meap5,sweep_all,MEAP,MLP,synthetic,atau,200,current_mixture,0.2,20,1e-12,width,0.0,0,a_tau,3.6109179126442243,,3.511
meap5,sweep_all,MEAP,MLP,synthetic,atau,200,current_mixture,0.2,20,1e-12,width,0.0,1,a_tau,3.6635616461296463,,3.239
meap5,sweep_all,MEAP,MLP,synthetic,atau,200,current_mixture,0.2,20,1e-12,width,0.0,2,a_tau,3.6109179126442243,,3.225
meap5,sweep_all,MEAP,MLP,synthetic,atau,200,current_mixture,0.2,20,1e-12,width,0.0,3,a_tau,3.8501476017100584,,3.317
meap5,sweep_all,MEAP,MLP,synthetic,atau,200,current_mixture,0.2,20,1e-12,width,0.0,4,a_tau,3.713572066704308,,3.265
meap5,sweep_all,MEAP,MLP,synthetic,atau,200,current_mixture,0.2,20,1e-12,width,0.0,5,a_tau,3.58351893845611,,3.287
meap5,sweep_all,MEAP,MLP,synthetic,atau,200,current_mixture,0.2,20,1e-12,width,0.0,6,a_tau,3.7612001156935624,,3.313
meap5,sweep_all,MEAP,MLP,synthetic,atau,200,current_mixture,0.2,20,1e-12,width,0.0,7,a_tau,3.6109179126442243,,3.323
meap5,sweep_all,MEAP,MLP,synthetic,atau,200,current_mixture,0.5,5,1e-12,width,0.0,0,a_tau,3.5263605246161616,,3.362
meap5,sweep_all,MEAP,MLP,synthetic,atau,200,current_mixture,0.5,5,1e-12,width,0.0,1,a_tau,3.4965075614664802,,2.969
meap5,sweep_all,MEAP,MLP,synthetic,atau,200,current_mixture,0.5,5,1e-12,width,0.0,2,a_tau,3.5553480614894135,,2.984
meap5,sweep_all,MEAP,MLP,synthetic,atau,200,current_mixture,0.5,5,1e-12,width,0.0,3,a_tau,3.7376696182833684,,2.925
meap5,sweep_all,MEAP,MLP,synthetic,atau,200,current_mixture,0.5,5,1e-12,width,0.0,4,a_tau,3.6635616461296463,,3.478
meap5,sweep_all,MEAP,MLP,synthetic,atau,200,current_mixture,0.5,5,1e-12,width,0.0,5,a_tau,3.4965075614664802,,3.202
meap5,sweep_all,MEAP,MLP,synthetic,atau,200,current_mixture,0.5,5,1e-12,width,0.0,6,a_tau,3.6375861597263857,,2.973
meap5,sweep_all,MEAP,MLP,synthetic,atau,200,current_mixture,0.5,5,1e-12,width,0.0,7,a_tau,3.4965075614664802,,3.301
meap5,sweep_all,MEAP,MLP,synthetic,atau,200,current_mixture,0.5,10,1e-12,width,0.0,0,a_tau,3.58351893845611,,2.993
meap5,sweep_all,MEAP,MLP,synthetic,atau,200,current_mixture,0.5,10,1e-12,width,0.0,1,a_tau,3.6109179126442243,,3.246
meap5,sweep_all,MEAP,MLP,synthetic,atau,200,current_mixture,0.5,10,1e-12,width,0.0,2,a_tau,3.58351893845611,,3.491
meap5,sweep_all,MEAP,MLP,synthetic,atau,200,current_mixture,0.5,10,1e-12,width,0.0,3,a_tau,3.713572066704308,,3.228
meap5,sweep_all,MEAP,MLP,synthetic,atau,200,current_mixture,0.5,10,1e-12,width,0.0,4,a_tau,3.7612001156935624,,3.188
meap5,sweep_all,MEAP,MLP,synthetic,atau,200,current_mixture,0.5,10,1e-12,width,0.0,5,a_tau,3.5263605246161616,,3.204
meap5,sweep_all,MEAP,MLP,synthetic,atau,200,current_mixture,0.5,10,1e-12,width,0.0,6,a_tau,3.58351893845611,,3.246
meap5,sweep_all,MEAP,MLP,synthetic,atau,200,current_mixture,0.5,10,1e-12,width,0.0,7,a_tau,3.5263605246161616,,3.381
meap5,sweep_all,MEAP,MLP,synthetic,atau,200,current_mixture,0.5,20,1e-12,width,0.0,0,a_tau,3.58351893845611,,3.421
meap5,sweep_all,MEAP,MLP,synthetic,atau,200,current_mixture,0.5,20,1e-12,width,0.0,1,a_tau,3.6375861597263857,,3.33
meap5,sweep_all,MEAP,MLP,synthetic,atau,200,current_mixture,0.5,20,1e-12,width,0.0,2,a_tau,3.58351893845611,,3.487
meap5,sweep_all,MEAP,MLP,synthetic,atau,200,current_mixture,0.5,20,1e-12,width,0.0,3,a_tau,3.828641396489095,,3.319
meap5,sweep_all,MEAP,MLP,synthetic,atau,200,current_mixture,0.5,20,1e-12,width,0.0,4,a_tau,3.713572066704308,,3.211
meap5,sweep_all,MEAP,MLP,synthetic,atau,200,current_mixture,0.5,20,1e-12,width,0.0,5,a_tau,3.5553480614894135,,3.239
meap5,sweep_all,MEAP,MLP,synthetic,atau,200,current_mixture,0.5,20,1e-12,width,0.0,6,a_tau,3.7376696182833684,,3.222
meap5,sweep_all,MEAP,MLP,synthetic,atau,200,current_mixture,0.5,20,1e-12,width,0.0,7,a_tau,3.5553480614894135,,3.313
meap4,sweep_all,MEAP,MLP,synthetic,atau,200,current_mixture,0.05,5,1e-12,width,0.0,0,a_tau,5.442417710521793,,4.865
meap4,sweep_all,MEAP,MLP,synthetic,atau,200,current_mixture,0.05,5,1e-12,width,0.0,1,a_tau,5.488937726156687,,4.957
meap4,sweep_all,MEAP,MLP,synthetic,atau,200,current_mixture,0.05,5,1e-12,width,0.0,2,a_tau,5.420534999272286,,4.87
meap4,sweep_all,MEAP,MLP,synthetic,atau,200,current_mixture,0.05,5,1e-12,width,0.0,3,a_tau,5.442417710521793,,4.985
meap4,sweep_all,MEAP,MLP,synthetic,atau,200,current_mixture,0.05,5,1e-12,width,0.0,4,a_tau,5.44673737166631,,5.14
meap4,sweep_all,MEAP,MLP,synthetic,atau,200,current_mixture,0.05,5,1e-12,width,0.0,5,a_tau,5.4680601411351315,,4.74
meap4,sweep_all,MEAP,MLP,synthetic,atau,200,current_mixture,0.05,5,1e-12,width,0.0,6,a_tau,5.44673737166631,,5.523
meap4,sweep_all,MEAP,MLP,synthetic,atau,200,current_mixture,0.05,5,1e-12,width,0.0,7,a_tau,5.420534999272286,,5.346
meap4,sweep_all,MEAP,MLP,synthetic,atau,200,current_mixture,0.05,10,1e-12,width,0.0,0,a_tau,5.442417710521793,,5.345
meap4,sweep_all,MEAP,MLP,synthetic,atau,200,current_mixture,0.05,10,1e-12,width,0.0,1,a_tau,5.501258210544727,,5.879
meap4,sweep_all,MEAP,MLP,synthetic,atau,200,current_mixture,0.05,10,1e-12,width,0.0,2,a_tau,5.43372200355424,,5.626
meap4,sweep_all,MEAP,MLP,synthetic,atau,200,current_mixture,0.05,10,1e-12,width,0.0,3,a_tau,5.459585514144159,,5.578
meap4,sweep_all,MEAP,MLP,synthetic,atau,200,current_mixture,0.05,10,1e-12,width,0.0,4,a_tau,5.4638318050256105,,5.663
meap4,sweep_all,MEAP,MLP,synthetic,atau,200,current_mixture,0.05,10,1e-12,width,0.0,5,a_tau,5.488937726156687,,5.548
meap4,sweep_all,MEAP,MLP,synthetic,atau,200,current_mixture,0.05,10,1e-12,width,0.0,6,a_tau,5.4638318050256105,,5.433
meap4,sweep_all,MEAP,MLP,synthetic,atau,200,current_mixture,0.05,10,1e-12,width,0.0,7,a_tau,5.438079308923196,,5.384
meap4,sweep_all,MEAP,MLP,synthetic,atau,200,current_mixture,0.05,20,1e-12,width,0.0,0,a_tau,5.4638318050256105,,5.294
meap4,sweep_all,MEAP,MLP,synthetic,atau,200,current_mixture,0.05,20,1e-12,width,0.0,1,a_tau,5.521460917862246,,5.891
meap4,sweep_all,MEAP,MLP,synthetic,atau,200,current_mixture,0.05,20,1e-12,width,0.0,2,a_tau,5.424950017481403,,5.519
meap4,sweep_all,MEAP,MLP,synthetic,atau,200,current_mixture,0.05,20,1e-12,width,0.0,3,a_tau,5.438079308923196,,5.676
meap4,sweep_all,MEAP,MLP,synthetic,atau,200,current_mixture,0.05,20,1e-12,width,0.0,4,a_tau,5.476463551931511,,5.552
meap4,sweep_all,MEAP,MLP,synthetic,atau,200,current_mixture,0.05,20,1e-12,width,0.0,5,a_tau,5.476463551931511,,5.587
meap4,sweep_all,MEAP,MLP,synthetic,atau,200,current_mixture,0.05,20,1e-12,width,0.0,6,a_tau,5.459585514144159,,5.387
meap4,sweep_all,MEAP,MLP,synthetic,atau,200,current_mixture,0.05,20,1e-12,width,0.0,7,a_tau,5.43372200355424,,6.287
meap4,sweep_all,MEAP,MLP,synthetic,atau,200,current_mixture,0.1,5,1e-12,width,0.0,0,a_tau,5.442417710521793,,5.216
meap4,sweep_all,MEAP,MLP,synthetic,atau,200,current_mixture,0.1,5,1e-12,width,0.0,1,a_tau,5.476463551931511,,4.829
meap4,sweep_all,MEAP,MLP,synthetic,atau,200,current_mixture,0.1,5,1e-12,width,0.0,2,a_tau,5.402677381872279,,5.428
meap4,sweep_all,MEAP,MLP,synthetic,atau,200,current_mixture,0.1,5,1e-12,width,0.0,3,a_tau,5.41610040220442,,5.022
meap4,sweep_all,MEAP,MLP,synthetic,atau,200,current_mixture,0.1,5,1e-12,width,0.0,4,a_tau,5.43372200355424,,4.753
meap4,sweep_all,MEAP,MLP,synthetic,atau,200,current_mixture,0.1,5,1e-12,width,0.0,5,a_tau,5.459585514144159,,4.932
meap4,sweep_all,MEAP,MLP,synthetic,atau,200,current_mixture,0.1,5,1e-12,width,0.0,6,a_tau,5.438079308923196,,5.567
meap4,sweep_all,MEAP,MLP,synthetic,atau,200,current_mixture,0.1,5,1e-12,width,0.0,7,a_tau,5.4116460518550396,,5.563
meap4,sweep_all,MEAP,MLP,synthetic,atau,200,current_mixture,0.1,10,1e-12,width,0.0,0,a_tau,5.438079308923196,,5.155
meap4,sweep_all,MEAP,MLP,synthetic,atau,200,current_mixture,0.1,10,1e-12,width,0.0,1,a_tau,5.493061443340548,,5.37
meap4,sweep_all,MEAP,MLP,synthetic,atau,200,current_mixture,0.1,10,1e-12,width,0.0,2,a_tau,5.4116460518550396,,5.991
meap4,sweep_all,MEAP,MLP,synthetic,atau,200,current_mixture,0.1,10,1e-12,width,0.0,3,a_tau,5.429345628954441,,5.426
meap4,sweep_all,MEAP,MLP,synthetic,atau,200,current_mixture,0.1,10,1e-12,width,0.0,4,a_tau,5.459585514144159,,5.534
meap4,sweep_all,MEAP,MLP,synthetic,atau,200,current_mixture,0.1,10,1e-12,width,0.0,5,a_tau,5.476463551931511,,5.304
meap4,sweep_all,MEAP,MLP,synthetic,atau,200,current_mixture,0.1,10,1e-12,width,0.0,6,a_tau,5.44673737166631,,5.63
meap4,sweep_all,MEAP,MLP,synthetic,atau,200,current_mixture,0.1,10,1e-12,width,0.0,7,a_tau,5.420534999272286,,5.882
meap4,sweep_all,MEAP,MLP,synthetic,atau,200,current_mixture,0.1,20,1e-12,width,0.0,0,a_tau,5.455321115357702,,5.567
meap4,sweep_all,MEAP,MLP,synthetic,atau,200,current_mixture,0.1,20,1e-12,width,0.0,1,a_tau,5.5093883366279774,,5.301
meap4,sweep_all,MEAP,MLP,synthetic,atau,200,current_mixture,0.1,20,1e-12,width,0.0,2,a_tau,5.424950017481403,,5.596
meap4,sweep_all,MEAP,MLP,synthetic,atau,200,current_mixture,0.1,20,1e-12,width,0.0,3,a_tau,5.442417710521793,,5.528
meap4,sweep_all,MEAP,MLP,synthetic,atau,200,current_mixture,0.1,20,1e-12,width,0.0,4,a_tau,5.476463551931511,,5.687
meap4,sweep_all,MEAP,MLP,synthetic,atau,200,current_mixture,0.1,20,1e-12,width,0.0,5,a_tau,5.459585514144159,,5.531
meap4,sweep_all,MEAP,MLP,synthetic,atau,200,current_mixture,0.1,20,1e-12,width,0.0,6,a_tau,5.459585514144159,,5.343
meap4,sweep_all,MEAP,MLP,synthetic,atau,200,current_mixture,0.1,20,1e-12,width,0.0,7,a_tau,5.420534999272286,,5.56
meap4,sweep_all,MEAP,MLP,synthetic,atau,200,current_mixture,0.2,5,1e-12,width,0.0,0,a_tau,5.429345628954441,,4.939
meap4,sweep_all,MEAP,MLP,synthetic,atau,200,current_mixture,0.2,5,1e-12,width,0.0,1,a_tau,5.4680601411351315,,4.893
meap4,sweep_all,MEAP,MLP,synthetic,atau,200,current_mixture,0.2,5,1e-12,width,0.0,2,a_tau,5.389071729816501,,4.928
meap4,sweep_all,MEAP,MLP,synthetic,atau,200,current_mixture,0.2,5,1e-12,width,0.0,3,a_tau,5.4116460518550396,,5.072
meap4,sweep_all,MEAP,MLP,synthetic,atau,200,current_mixture,0.2,5,1e-12,width,0.0,4,a_tau,5.424950017481403,,5.146
meap4,sweep_all,MEAP,MLP,synthetic,atau,200,current_mixture,0.2,5,1e-12,width,0.0,5,a_tau,5.4510384535657,,5.102
meap4,sweep_all,MEAP,MLP,synthetic,atau,200,current_mixture,0.2,5,1e-12,width,0.0,6,a_tau,5.429345628954441,,5.08
meap4,sweep_all,MEAP,MLP,synthetic,atau,200,current_mixture,0.2,5,1e-12,width,0.0,7,a_tau,5.3981627015177525,,5.587
meap4,sweep_all,MEAP,MLP,synthetic,atau,200,current_mixture,0.2,10,1e-12,width,0.0,0,a_tau,5.442417710521793,,5.726
meap4,sweep_all,MEAP,MLP,synthetic,atau,200,current_mixture,0.2,10,1e-12,width,0.0,1,a_tau,5.480638923341991,,6.099
meap4,sweep_all,MEAP,MLP,synthetic,atau,200,current_mixture,0.2,10,1e-12,width,0.0,2,a_tau,5.402677381872279,,5.476
meap4,sweep_all,MEAP,MLP,synthetic,atau,200,current_mixture,0.2,10,1e-12,width,0.0,3,a_tau,5.420534999272286,,5.538
meap4,sweep_all,MEAP,MLP,synthetic,atau,200,current_mixture,0.2,10,1e-12,width,0.0,4,a_tau,5.44673737166631,,5.821
meap4,sweep_all,MEAP,MLP,synthetic,atau,200,current_mixture,0.2,10,1e-12,width,0.0,5,a_tau,5.4510384535657,,5.65
meap4,sweep_all,MEAP,MLP,synthetic,atau,200,current_mixture,0.2,10,1e-12,width,0.0,6,a_tau,5.442417710521793,,5.897
meap4,sweep_all,MEAP,MLP,synthetic,atau,200,current_mixture,0.2,10,1e-12,width,0.0,7,a_tau,5.402677381872279,,5.384
meap4,sweep_all,MEAP,MLP,synthetic,atau,200,current_mixture,0.2,20,1e-12,width,0.0,0,a_tau,5.442417710521793,,5.559
meap4,sweep_all,MEAP,MLP,synthetic,atau,200,current_mixture,0.2,20,1e-12,width,0.0,1,a_tau,5.493061443340548,,5.365
meap4,sweep_all,MEAP,MLP,synthetic,atau,200,current_mixture,0.2,20,1e-12,width,0.0,2,a_tau,5.402677381872279,,5.73
meap4,sweep_all,MEAP,MLP,synthetic,atau,200,current_mixture,0.2,20,1e-12,width,0.0,3,a_tau,5.424950017481403,,5.586
meap4,sweep_all,MEAP,MLP,synthetic,atau,200,current_mixture,0.2,20,1e-12,width,0.0,4,a_tau,5.442417710521793,,5.474
meap4,sweep_all,MEAP,MLP,synthetic,atau,200,current_mixture,0.2,20,1e-12,width,0.0,5,a_tau,5.4510384535657,,5.301
meap4,sweep_all,MEAP,MLP,synthetic,atau,200,current_mixture,0.2,20,1e-12,width,0.0,6,a_tau,5.44673737166631,,5.666
meap4,sweep_all,MEAP,MLP,synthetic,atau,200,current_mixture,0.2,20,1e-12,width,0.0,7,a_tau,5.402677381872279,,5.492
meap4,sweep_all,MEAP,MLP,synthetic,atau,200,current_mixture,0.5,5,1e-12,width,0.0,0,a_tau,5.342334251964811,,4.864
meap4,sweep_all,MEAP,MLP,synthetic,atau,200,current_mixture,0.5,5,1e-12,width,0.0,1,a_tau,5.3612921657094255,,5.782
meap4,sweep_all,MEAP,MLP,synthetic,atau,200,current_mixture,0.5,5,1e-12,width,0.0,2,a_tau,5.332718793265369,,4.817
meap4,sweep_all,MEAP,MLP,synthetic,atau,200,current_mixture,0.5,5,1e-12,width,0.0,3,a_tau,5.342334251964811,,4.924
meap4,sweep_all,MEAP,MLP,synthetic,atau,200,current_mixture,0.5,5,1e-12,width,0.0,4,a_tau,5.337538079701318,,4.965
meap4,sweep_all,MEAP,MLP,synthetic,atau,200,current_mixture,0.5,5,1e-12,width,0.0,5,a_tau,5.37989735354046,,5.523
meap4,sweep_all,MEAP,MLP,synthetic,atau,200,current_mixture,0.5,5,1e-12,width,0.0,6,a_tau,5.3612921657094255,,5.141
meap4,sweep_all,MEAP,MLP,synthetic,atau,200,current_mixture,0.5,5,1e-12,width,0.0,7,a_tau,5.342334251964811,,6.196
meap4,sweep_all,MEAP,MLP,synthetic,atau,200,current_mixture,0.5,10,1e-12,width,0.0,0,a_tau,5.429345628954441,,7.236
meap4,sweep_all,MEAP,MLP,synthetic,atau,200,current_mixture,0.5,10,1e-12,width,0.0,1,a_tau,5.459585514144159,,6.497
meap4,sweep_all,MEAP,MLP,synthetic,atau,200,current_mixture,0.5,10,1e-12,width,0.0,2,a_tau,5.375278407684165,,6.523
meap4,sweep_all,MEAP,MLP,synthetic,atau,200,current_mixture,0.5,10,1e-12,width,0.0,3,a_tau,5.4116460518550396,,6.834
meap4,sweep_all,MEAP,MLP,synthetic,atau,200,current_mixture,0.5,10,1e-12,width,0.0,4,a_tau,5.420534999272286,,6.515
meap4,sweep_all,MEAP,MLP,synthetic,atau,200,current_mixture,0.5,10,1e-12,width,0.0,5,a_tau,5.4510384535657,,6.864
meap4,sweep_all,MEAP,MLP,synthetic,atau,200,current_mixture,0.5,10,1e-12,width,0.0,6,a_tau,5.43372200355424,,6.672
meap4,sweep_all,MEAP,MLP,synthetic,atau,200,current_mixture,0.5,10,1e-12,width,0.0,7,a_tau,5.389071729816501,,6.264
meap4,sweep_all,MEAP,MLP,synthetic,atau,200,current_mixture,0.5,20,1e-12,width,0.0,0,a_tau,5.420534999272286,,6.716
meap4,sweep_all,MEAP,MLP,synthetic,atau,200,current_mixture,0.5,20,1e-12,width,0.0,1,a_tau,5.484796933490655,,6.417
meap4,sweep_all,MEAP,MLP,synthetic,atau,200,current_mixture,0.5,20,1e-12,width,0.0,2,a_tau,5.389071729816501,,6.509
meap4,sweep_all,MEAP,MLP,synthetic,atau,200,current_mixture,0.5,20,1e-12,width,0.0,3,a_tau,5.438079308923196,,6.373
meap4,sweep_all,MEAP,MLP,synthetic,atau,200,current_mixture,0.5,20,1e-12,width,0.0,4,a_tau,5.438079308923196,,7.477
meap4,sweep_all,MEAP,MLP,synthetic,atau,200,current_mixture,0.5,20,1e-12,width,0.0,5,a_tau,5.4510384535657,,6.809
meap4,sweep_all,MEAP,MLP,synthetic,atau,200,current_mixture,0.5,20,1e-12,width,0.0,6,a_tau,5.442417710521793,,6.998
meap4,sweep_all,MEAP,MLP,synthetic,atau,200,current_mixture,0.5,20,1e-12,width,0.0,7,a_tau,5.407171771460119,,5.703
milp16,sweep_all,MILP,MLP,synthetic,atau,200,current_mixture,0.05,5,1e-12,width,0.0,0,a_tau,4.418840607796598,,0.542
milp16,sweep_all,MILP,MLP,synthetic,atau,200,current_mixture,0.05,5,1e-12,width,0.0,1,a_tau,4.110873864173311,,0.61
milp16,sweep_all,MILP,MLP,synthetic,atau,200,current_mixture,0.05,5,1e-12,width,0.0,2,a_tau,4.2626798770413155,,0.614
milp16,sweep_all,MILP,MLP,synthetic,atau,200,current_mixture,0.05,5,1e-12,width,0.0,3,a_tau,4.48863636973214,,0.588
milp16,sweep_all,MILP,MLP,synthetic,atau,200,current_mixture,0.05,5,1e-12,width,0.0,4,a_tau,4.204692619390966,,0.855
milp16,sweep_all,MILP,MLP,synthetic,atau,200,current_mixture,0.05,5,1e-12,width,0.0,5,a_tau,4.174387269895637,,0.702
milp16,sweep_all,MILP,MLP,synthetic,atau,200,current_mixture,0.05,5,1e-12,width,0.0,6,a_tau,4.454347296253507,,0.579
milp16,sweep_all,MILP,MLP,synthetic,atau,200,current_mixture,0.05,5,1e-12,width,0.0,7,a_tau,3.9318256327243257,,0.641
milp16,sweep_all,MILP,MLP,synthetic,atau,200,current_mixture,0.05,10,1e-12,width,0.0,0,a_tau,5.1298987149230735,,0.605
milp16,sweep_all,MILP,MLP,synthetic,atau,200,current_mixture,0.05,10,1e-12,width,0.0,1,a_tau,5.10594547390058,,0.626
milp16,sweep_all,MILP,MLP,synthetic,atau,200,current_mixture,0.05,10,1e-12,width,0.0,2,a_tau,4.997212273764115,,0.892
milp16,sweep_all,MILP,MLP,synthetic,atau,200,current_mixture,0.05,10,1e-12,width,0.0,3,a_tau,5.308267697401205,,0.741
milp16,sweep_all,MILP,MLP,synthetic,atau,200,current_mixture,0.05,10,1e-12,width,0.0,4,a_tau,5.198497031265826,,0.611
milp16,sweep_all,MILP,MLP,synthetic,atau,200,current_mixture,0.05,10,1e-12,width,0.0,5,a_tau,5.262690188904886,,0.605
milp16,sweep_all,MILP,MLP,synthetic,atau,200,current_mixture,0.05,10,1e-12,width,0.0,6,a_tau,4.9344739331306915,,0.607
milp16,sweep_all,MILP,MLP,synthetic,atau,200,current_mixture,0.05,10,1e-12,width,0.0,7,a_tau,5.056245805348308,,0.58
milp16,sweep_all,MILP,MLP,synthetic,atau,200,current_mixture,0.05,20,1e-12,width,0.0,0,a_tau,5.572154032177765,,0.658
milp16,sweep_all,MILP,MLP,synthetic,atau,200,current_mixture,0.05,20,1e-12,width,0.0,1,a_tau,5.572154032177765,,0.76
milp16,sweep_all,MILP,MLP,synthetic,atau,200,current_mixture,0.05,20,1e-12,width,0.0,2,a_tau,5.4510384535657,,0.738
milp16,sweep_all,MILP,MLP,synthetic,atau,200,current_mixture,0.05,20,1e-12,width,0.0,3,a_tau,5.652489180268651,,0.582
milp16,sweep_all,MILP,MLP,synthetic,atau,200,current_mixture,0.05,20,1e-12,width,0.0,4,a_tau,5.43372200355424,,0.583
milp16,sweep_all,MILP,MLP,synthetic,atau,200,current_mixture,0.05,20,1e-12,width,0.0,5,a_tau,5.575949103146316,,0.577
milp16,sweep_all,MILP,MLP,synthetic,atau,200,current_mixture,0.05,20,1e-12,width,0.0,6,a_tau,5.6937321388027,,0.755
milp16,sweep_all,MILP,MLP,synthetic,atau,200,current_mixture,0.05,20,1e-12,width,0.0,7,a_tau,5.730099782973574,,0.614
milp16,sweep_all,MILP,MLP,synthetic,atau,200,current_mixture,0.1,5,1e-12,width,0.0,0,a_tau,3.5553480614894135,,0.661
milp16,sweep_all,MILP,MLP,synthetic,atau,200,current_mixture,0.1,5,1e-12,width,0.0,1,a_tau,2.70805020110221,,0.639
milp16,sweep_all,MILP,MLP,synthetic,atau,200,current_mixture,0.1,5,1e-12,width,0.0,2,a_tau,3.2188758248682006,,0.645
milp16,sweep_all,MILP,MLP,synthetic,atau,200,current_mixture,0.1,5,1e-12,width,0.0,3,a_tau,3.4657359027997265,,0.704
milp16,sweep_all,MILP,MLP,synthetic,atau,200,current_mixture,0.1,5,1e-12,width,0.0,4,a_tau,3.044522437723423,,0.841
milp16,sweep_all,MILP,MLP,synthetic,atau,200,current_mixture,0.1,5,1e-12,width,0.0,5,a_tau,3.258096538021482,,0.637
milp16,sweep_all,MILP,MLP,synthetic,atau,200,current_mixture,0.1,5,1e-12,width,0.0,6,a_tau,3.367295829986474,,0.598
milp16,sweep_all,MILP,MLP,synthetic,atau,200,current_mixture,0.1,5,1e-12,width,0.0,7,a_tau,2.6390573296152584,,0.648
milp16,sweep_all,MILP,MLP,synthetic,atau,200,current_mixture,0.1,10,1e-12,width,0.0,0,a_tau,3.8066624897703196,,0.66
milp16,sweep_all,MILP,MLP,synthetic,atau,200,current_mixture,0.1,10,1e-12,width,0.0,1,a_tau,4.30406509320417,,0.669
milp16,sweep_all,MILP,MLP,synthetic,atau,200,current_mixture,0.1,10,1e-12,width,0.0,2,a_tau,3.2188758248682006,,0.644
milp16,sweep_all,MILP,MLP,synthetic,atau,200,current_mixture,0.1,10,1e-12,width,0.0,3,a_tau,3.6109179126442243,,0.798
milp16,sweep_all,MILP,MLP,synthetic,atau,200,current_mixture,0.1,10,1e-12,width,0.0,4,a_tau,3.367295829986474,,0.588
milp16,sweep_all,MILP,MLP,synthetic,atau,200,current_mixture,0.1,10,1e-12,width,0.0,5,a_tau,3.367295829986474,,0.804
milp16,sweep_all,MILP,MLP,synthetic,atau,200,current_mixture,0.1,10,1e-12,width,0.0,6,a_tau,4.04305126783455,,0.627
milp16,sweep_all,MILP,MLP,synthetic,atau,200,current_mixture,0.1,10,1e-12,width,0.0,7,a_tau,3.8501476017100584,,0.771
milp16,sweep_all,MILP,MLP,synthetic,atau,200,current_mixture,0.1,20,1e-12,width,0.0,0,a_tau,4.2626798770413155,,0.856
milp16,sweep_all,MILP,MLP,synthetic,atau,200,current_mixture,0.1,20,1e-12,width,0.0,1,a_tau,4.543294782270004,,0.816
milp16,sweep_all,MILP,MLP,synthetic,atau,200,current_mixture,0.1,20,1e-12,width,0.0,2,a_tau,4.718498871295094,,0.836
milp16,sweep_all,MILP,MLP,synthetic,atau,200,current_mixture,0.1,20,1e-12,width,0.0,3,a_tau,4.23410650459726,,0.681
milp16,sweep_all,MILP,MLP,synthetic,atau,200,current_mixture,0.1,20,1e-12,width,0.0,4,a_tau,4.74493212836325,,0.775
milp16,sweep_all,MILP,MLP,synthetic,atau,200,current_mixture,0.1,20,1e-12,width,0.0,5,a_tau,5.043425116919247,,0.744
milp16,sweep_all,MILP,MLP,synthetic,atau,200,current_mixture,0.1,20,1e-12,width,0.0,6,a_tau,3.912023005428146,,0.767
milp16,sweep_all,MILP,MLP,synthetic,atau,200,current_mixture,0.1,20,1e-12,width,0.0,7,a_tau,4.624972813284271,,1.109
milp16,sweep_all,MILP,MLP,synthetic,atau,200,current_mixture,0.2,5,1e-12,width,0.0,0,a_tau,2.6390573296152584,,0.774
milp16,sweep_all,MILP,MLP,synthetic,atau,200,current_mixture,0.2,5,1e-12,width,0.0,1,a_tau,2.6390573296152584,,1.054
milp16,sweep_all,MILP,MLP,synthetic,atau,200,current_mixture,0.2,5,1e-12,width,0.0,2,a_tau,2.6390573296152584,,0.958
milp16,sweep_all,MILP,MLP,synthetic,atau,200,current_mixture,0.2,5,1e-12,width,0.0,3,a_tau,2.5649493574615367,,1.125
milp16,sweep_all,MILP,MLP,synthetic,atau,200,current_mixture,0.2,5,1e-12,width,0.0,4,a_tau,2.0794415416798357,,0.984
milp16,sweep_all,MILP,MLP,synthetic,atau,200,current_mixture,0.2,5,1e-12,width,0.0,5,a_tau,1.9459101490553132,,1.016
milp16,sweep_all,MILP,MLP,synthetic,atau,200,current_mixture,0.2,5,1e-12,width,0.0,6,a_tau,2.302585092994046,,1.153
milp16,sweep_all,MILP,MLP,synthetic,atau,200,current_mixture,0.2,5,1e-12,width,0.0,7,a_tau,2.4849066497880004,,1.109
milp16,sweep_all,MILP,MLP,synthetic,atau,200,current_mixture,0.2,10,1e-12,width,0.0,0,a_tau,3.332204510175204,,1.091
milp16,sweep_all,MILP,MLP,synthetic,atau,200,current_mixture,0.2,10,1e-12,width,0.0,1,a_tau,2.6390573296152584,,0.932
milp16,sweep_all,MILP,MLP,synthetic,atau,200,current_mixture,0.2,10,1e-12,width,0.0,2,a_tau,2.3978952727983707,,0.972
milp16,sweep_all,MILP,MLP,synthetic,atau,200,current_mixture,0.2,10,1e-12,width,0.0,3,a_tau,2.4849066497880004,,1.139
milp16,sweep_all,MILP,MLP,synthetic,atau,200,current_mixture,0.2,10,1e-12,width,0.0,4,a_tau,3.713572066704308,,1.09
milp16,sweep_all,MILP,MLP,synthetic,atau,200,current_mixture,0.2,10,1e-12,width,0.0,5,a_tau,3.4965075614664802,,1.189
milp16,sweep_all,MILP,MLP,synthetic,atau,200,current_mixture,0.2,10,1e-12,width,0.0,6,a_tau,2.0794415416798357,,1.368
milp16,sweep_all,MILP,MLP,synthetic,atau,200,current_mixture,0.2,10,1e-12,width,0.0,7,a_tau,2.302585092994046,,1.003
milp16,sweep_all,MILP,MLP,synthetic,atau,200,current_mixture,0.2,20,1e-12,width,0.0,0,a_tau,2.1972245773362196,,1.123
milp16,sweep_all,MILP,MLP,synthetic,atau,200,current_mixture,0.2,20,1e-12,width,0.0,1,a_tau,2.1972245773362196,,0.995
milp16,sweep_all,MILP,MLP,synthetic,atau,200,current_mixture,0.2,20,1e-12,width,0.0,2,a_tau,3.6375861597263857,,0.93
milp16,sweep_all,MILP,MLP,synthetic,atau,200,current_mixture,0.2,20,1e-12,width,0.0,3,a_tau,4.48863636973214,,1.174
milp16,sweep_all,MILP,MLP,synthetic,atau,200,current_mixture,0.2,20,1e-12,width,0.0,4,a_tau,3.8066624897703196,,1.083
milp16,sweep_all,MILP,MLP,synthetic,atau,200,current_mixture,0.2,20,1e-12,width,0.0,5,a_tau,3.4657359027997265,,0.956
milp16,sweep_all,MILP,MLP,synthetic,atau,200,current_mixture,0.2,20,1e-12,width,0.0,6,a_tau,4.477336814478207,,1.254
milp16,sweep_all,MILP,MLP,synthetic,atau,200,current_mixture,0.2,20,1e-12,width,0.0,7,a_tau,3.258096538021482,,1.068
milp16,sweep_all,MILP,MLP,synthetic,atau,200,current_mixture,0.5,5,1e-12,width,0.0,0,a_tau,1.791759469228055,,1.241
milp16,sweep_all,MILP,MLP,synthetic,atau,200,current_mixture,0.5,5,1e-12,width,0.0,1,a_tau,1.791759469228055,,1.087
milp16,sweep_all,MILP,MLP,synthetic,atau,200,current_mixture,0.5,5,1e-12,width,0.0,2,a_tau,1.0986122886681098,,1.032
milp16,sweep_all,MILP,MLP,synthetic,atau,200,current_mixture,0.5,5,1e-12,width,0.0,3,a_tau,1.0986122886681098,,1.1
milp16,sweep_all,MILP,MLP,synthetic,atau,200,current_mixture,0.5,5,1e-12,width,0.0,4,a_tau,1.3862943611198906,,1.081
milp16,sweep_all,MILP,MLP,synthetic,atau,200,current_mixture,0.5,5,1e-12,width,0.0,5,a_tau,1.6094379124341003,,1.065
milp16,sweep_all,MILP,MLP,synthetic,atau,200,current_mixture,0.5,5,1e-12,width,0.0,6,a_tau,2.0794415416798357,,1.268
milp16,sweep_all,MILP,MLP,synthetic,atau,200,current_mixture,0.5,5,1e-12,width,0.0,7,a_tau,1.0986122886681098,,0.934
milp16,sweep_all,MILP,MLP,synthetic,atau,200,current_mixture,0.5,10,1e-12,width,0.0,0,a_tau,1.3862943611198906,,1.191
milp16,sweep_all,MILP,MLP,synthetic,atau,200,current_mixture,0.5,10,1e-12,width,0.0,1,a_tau,2.9444389791664403,,1.236
milp16,sweep_all,MILP,MLP,synthetic,atau,200,current_mixture,0.5,10,1e-12,width,0.0,2,a_tau,1.9459101490553132,,1.092
milp16,sweep_all,MILP,MLP,synthetic,atau,200,current_mixture,0.5,10,1e-12,width,0.0,3,a_tau,1.0986122886681098,,1.214
milp16,sweep_all,MILP,MLP,synthetic,atau,200,current_mixture,0.5,10,1e-12,width,0.0,4,a_tau,1.6094379124341003,,1.099
milp16,sweep_all,MILP,MLP,synthetic,atau,200,current_mixture,0.5,10,1e-12,width,0.0,5,a_tau,1.6094379124341003,,1.149
milp16,sweep_all,MILP,MLP,synthetic,atau,200,current_mixture,0.5,10,1e-12,width,0.0,6,a_tau,2.1972245773362196,,1.26
milp16,sweep_all,MILP,MLP,synthetic,atau,200,current_mixture,0.5,10,1e-12,width,0.0,7,a_tau,2.0794415416798357,,1.051
milp16,sweep_all,MILP,MLP,synthetic,atau,200,current_mixture,0.5,20,1e-12,width,0.0,0,a_tau,1.6094379124341003,,1.115
milp16,sweep_all,MILP,MLP,synthetic,atau,200,current_mixture,0.5,20,1e-12,width,0.0,1,a_tau,1.9459101490553132,,1.101
milp16,sweep_all,MILP,MLP,synthetic,atau,200,current_mixture,0.5,20,1e-12,width,0.0,2,a_tau,2.302585092994046,,0.999
milp16,sweep_all,MILP,MLP,synthetic,atau,200,current_mixture,0.5,20,1e-12,width,0.0,3,a_tau,3.044522437723423,,1.343
milp16,sweep_all,MILP,MLP,synthetic,atau,200,current_mixture,0.5,20,1e-12,width,0.0,4,a_tau,2.4849066497880004,,0.985
milp16,sweep_all,MILP,MLP,synthetic,atau,200,current_mixture,0.5,20,1e-12,width,0.0,5,a_tau,2.6390573296152584,,0.931
milp16,sweep_all,MILP,MLP,synthetic,atau,200,current_mixture,0.5,20,1e-12,width,0.0,6,a_tau,2.0794415416798357,,1.075
milp16,sweep_all,MILP,MLP,synthetic,atau,200,current_mixture,0.5,20,1e-12,width,0.0,7,a_tau,2.833213344056216,,1.205
milp14,sweep_all,MILP,MLP,synthetic,atau,200,current_mixture,0.05,5,1e-12,width,0.0,0,a_tau,4.574710978503383,,1.03
milp14,sweep_all,MILP,MLP,synthetic,atau,200,current_mixture,0.05,5,1e-12,width,0.0,1,a_tau,4.605170185988092,,1.06
milp14,sweep_all,MILP,MLP,synthetic,atau,200,current_mixture,0.05,5,1e-12,width,0.0,2,a_tau,4.574710978503383,,1.125
milp14,sweep_all,MILP,MLP,synthetic,atau,200,current_mixture,0.05,5,1e-12,width,0.0,3,a_tau,4.68213122712422,,1.061
milp14,sweep_all,MILP,MLP,synthetic,atau,200,current_mixture,0.05,5,1e-12,width,0.0,4,a_tau,4.477336814478207,,1.034
milp14,sweep_all,MILP,MLP,synthetic,atau,200,current_mixture,0.05,5,1e-12,width,0.0,5,a_tau,4.553876891600541,,1.228
milp14,sweep_all,MILP,MLP,synthetic,atau,200,current_mixture,0.05,5,1e-12,width,0.0,6,a_tau,4.718498871295094,,1.0
milp14,sweep_all,MILP,MLP,synthetic,atau,200,current_mixture,0.05,5,1e-12,width,0.0,7,a_tau,4.605170185988092,,1.145
milp14,sweep_all,MILP,MLP,synthetic,atau,200,current_mixture,0.05,10,1e-12,width,0.0,0,a_tau,4.74493212836325,,1.314
milp14,sweep_all,MILP,MLP,synthetic,atau,200,current_mixture,0.05,10,1e-12,width,0.0,1,a_tau,4.653960350157523,,1.217
milp14,sweep_all,MILP,MLP,synthetic,atau,200,current_mixture,0.05,10,1e-12,width,0.0,2,a_tau,4.653960350157523,,1.031
milp14,sweep_all,MILP,MLP,synthetic,atau,200,current_mixture,0.05,10,1e-12,width,0.0,3,a_tau,4.605170185988092,,1.168
milp14,sweep_all,MILP,MLP,synthetic,atau,200,current_mixture,0.05,10,1e-12,width,0.0,4,a_tau,4.7535901911063645,,1.124
milp14,sweep_all,MILP,MLP,synthetic,atau,200,current_mixture,0.05,10,1e-12,width,0.0,5,a_tau,4.812184355372417,,1.146
milp14,sweep_all,MILP,MLP,synthetic,atau,200,current_mixture,0.05,10,1e-12,width,0.0,6,a_tau,4.736198448394496,,1.224
milp14,sweep_all,MILP,MLP,synthetic,atau,200,current_mixture,0.05,10,1e-12,width,0.0,7,a_tau,4.770684624465665,,1.208
milp14,sweep_all,MILP,MLP,synthetic,atau,200,current_mixture,0.05,20,1e-12,width,0.0,0,a_tau,4.718498871295094,,1.122
milp14,sweep_all,MILP,MLP,synthetic,atau,200,current_mixture,0.05,20,1e-12,width,0.0,1,a_tau,4.836281906951478,,1.051
milp14,sweep_all,MILP,MLP,synthetic,atau,200,current_mixture,0.05,20,1e-12,width,0.0,2,a_tau,4.663439094112067,,1.321
milp14,sweep_all,MILP,MLP,synthetic,atau,200,current_mixture,0.05,20,1e-12,width,0.0,3,a_tau,4.770684624465665,,1.192
milp14,sweep_all,MILP,MLP,synthetic,atau,200,current_mixture,0.05,20,1e-12,width,0.0,4,a_tau,4.770684624465665,,1.021
milp14,sweep_all,MILP,MLP,synthetic,atau,200,current_mixture,0.05,20,1e-12,width,0.0,5,a_tau,4.787491742782046,,0.788
milp14,sweep_all,MILP,MLP,synthetic,atau,200,current_mixture,0.05,20,1e-12,width,0.0,6,a_tau,4.718498871295094,,1.224
milp14,sweep_all,MILP,MLP,synthetic,atau,200,current_mixture,0.05,20,1e-12,width,0.0,7,a_tau,4.890349128221754,,0.937
milp14,sweep_all,MILP,MLP,synthetic,atau,200,current_mixture,0.1,5,1e-12,width,0.0,0,a_tau,4.31748811353631,,0.895
milp14,sweep_all,MILP,MLP,synthetic,atau,200,current_mixture,0.1,5,1e-12,width,0.0,1,a_tau,4.343805421853684,,1.131
milp14,sweep_all,MILP,MLP,synthetic,atau,200,current_mixture,0.1,5,1e-12,width,0.0,2,a_tau,4.2626798770413155,,0.977
milp14,sweep_all,MILP,MLP,synthetic,atau,200,current_mixture,0.1,5,1e-12,width,0.0,3,a_tau,4.290459441148391,,1.183
milp14,sweep_all,MILP,MLP,synthetic,atau,200,current_mixture,0.1,5,1e-12,width,0.0,4,a_tau,4.406719247264253,,1.26
milp14,sweep_all,MILP,MLP,synthetic,atau,200,current_mixture,0.1,5,1e-12,width,0.0,5,a_tau,4.174387269895637,,1.18
milp14,sweep_all,MILP,MLP,synthetic,atau,200,current_mixture,0.1,5,1e-12,width,0.0,6,a_tau,4.48863636973214,,1.149
milp14,sweep_all,MILP,MLP,synthetic,atau,200,current_mixture,0.1,5,1e-12,width,0.0,7,a_tau,4.48863636973214,,1.078
milp14,sweep_all,MILP,MLP,synthetic,atau,200,current_mixture,0.1,10,1e-12,width,0.0,0,a_tau,4.543294782270004,,1.077
milp14,sweep_all,MILP,MLP,synthetic,atau,200,current_mixture,0.1,10,1e-12,width,0.0,1,a_tau,4.465908118654584,,1.199
milp14,sweep_all,MILP,MLP,synthetic,atau,200,current_mixture,0.1,10,1e-12,width,0.0,2,a_tau,4.442651256490317,,0.985
milp14,sweep_all,MILP,MLP,synthetic,atau,200,current_mixture,0.1,10,1e-12,width,0.0,3,a_tau,4.454347296253507,,1.212
milp14,sweep_all,MILP,MLP,synthetic,atau,200,current_mixture,0.1,10,1e-12,width,0.0,4,a_tau,4.442651256490317,,1.128
milp14,sweep_all,MILP,MLP,synthetic,atau,200,current_mixture,0.1,10,1e-12,width,0.0,5,a_tau,4.356708826689592,,1.192
milp14,sweep_all,MILP,MLP,synthetic,atau,200,current_mixture,0.1,10,1e-12,width,0.0,6,a_tau,4.3694478524670215,,1.203
milp14,sweep_all,MILP,MLP,synthetic,atau,200,current_mixture,0.1,10,1e-12,width,0.0,7,a_tau,4.624972813284271,,1.06
milp14,sweep_all,MILP,MLP,synthetic,atau,200,current_mixture,0.1,20,1e-12,width,0.0,0,a_tau,4.624972813284271,,1.107
milp14,sweep_all,MILP,MLP,synthetic,atau,200,current_mixture,0.1,20,1e-12,width,0.0,1,a_tau,4.727387818712341,,1.488
milp14,sweep_all,MILP,MLP,synthetic,atau,200,current_mixture,0.1,20,1e-12,width,0.0,2,a_tau,4.477336814478207,,1.417
milp14,sweep_all,MILP,MLP,synthetic,atau,200,current_mixture,0.1,20,1e-12,width,0.0,3,a_tau,4.553876891600541,,0.889
milp14,sweep_all,MILP,MLP,synthetic,atau,200,current_mixture,0.1,20,1e-12,width,0.0,4,a_tau,4.574710978503383,,0.899
milp14,sweep_all,MILP,MLP,synthetic,atau,200,current_mixture,0.1,20,1e-12,width,0.0,5,a_tau,4.553876891600541,,1.113
milp14,sweep_all,MILP,MLP,synthetic,atau,200,current_mixture,0.1,20,1e-12,width,0.0,6,a_tau,4.543294782270004,,0.779
milp14,sweep_all,MILP,MLP,synthetic,atau,200,current_mixture,0.1,20,1e-12,width,0.0,7,a_tau,4.718498871295094,,1.271
milp14,sweep_all,MILP,MLP,synthetic,atau,200,current_mixture,0.2,5,1e-12,width,0.0,0,a_tau,4.127134385045092,,1.063
milp14,sweep_all,MILP,MLP,synthetic,atau,200,current_mixture,0.2,5,1e-12,width,0.0,1,a_tau,4.143134726391533,,1.45
milp14,sweep_all,MILP,MLP,synthetic,atau,200,current_mixture,0.2,5,1e-12,width,0.0,2,a_tau,4.02535169073515,,1.173
milp14,sweep_all,MILP,MLP,synthetic,atau,200,current_mixture,0.2,5,1e-12,width,0.0,3,a_tau,4.174387269895637,,0.947
milp14,sweep_all,MILP,MLP,synthetic,atau,200,current_mixture,0.2,5,1e-12,width,0.0,4,a_tau,4.127134385045092,,1.039
milp14,sweep_all,MILP,MLP,synthetic,atau,200,current_mixture,0.2,5,1e-12,width,0.0,5,a_tau,3.9889840465642745,,1.308
milp14,sweep_all,MILP,MLP,synthetic,atau,200,current_mixture,0.2,5,1e-12,width,0.0,6,a_tau,4.060443010546419,,0.895
milp14,sweep_all,MILP,MLP,synthetic,atau,200,current_mixture,0.2,5,1e-12,width,0.0,7,a_tau,4.02535169073515,,1.125
milp14,sweep_all,MILP,MLP,synthetic,atau,200,current_mixture,0.2,10,1e-12,width,0.0,0,a_tau,4.248495242049359,,1.456
milp14,sweep_all,MILP,MLP,synthetic,atau,200,current_mixture,0.2,10,1e-12,width,0.0,1,a_tau,4.23410650459726,,1.025
milp14,sweep_all,MILP,MLP,synthetic,atau,200,current_mixture,0.2,10,1e-12,width,0.0,2,a_tau,4.394449154672439,,1.083
milp14,sweep_all,MILP,MLP,synthetic,atau,200,current_mixture,0.2,10,1e-12,width,0.0,3,a_tau,4.219507705176107,,1.201
milp14,sweep_all,MILP,MLP,synthetic,atau,200,current_mixture,0.2,10,1e-12,width,0.0,4,a_tau,4.23410650459726,,1.055
milp14,sweep_all,MILP,MLP,synthetic,atau,200,current_mixture,0.2,10,1e-12,width,0.0,5,a_tau,4.23410650459726,,1.282
milp14,sweep_all,MILP,MLP,synthetic,atau,200,current_mixture,0.2,10,1e-12,width,0.0,6,a_tau,4.343805421853684,,1.24
milp14,sweep_all,MILP,MLP,synthetic,atau,200,current_mixture,0.2,10,1e-12,width,0.0,7,a_tau,4.3694478524670215,,0.91
milp14,sweep_all,MILP,MLP,synthetic,atau,200,current_mixture,0.2,20,1e-12,width,0.0,0,a_tau,4.406719247264253,,1.176
milp14,sweep_all,MILP,MLP,synthetic,atau,200,current_mixture,0.2,20,1e-12,width,0.0,1,a_tau,4.454347296253507,,1.242
milp14,sweep_all,MILP,MLP,synthetic,atau,200,current_mixture,0.2,20,1e-12,width,0.0,2,a_tau,4.356708826689592,,1.004
milp14,sweep_all,MILP,MLP,synthetic,atau,200,current_mixture,0.2,20,1e-12,width,0.0,3,a_tau,4.418840607796598,,1.144
milp14,sweep_all,MILP,MLP,synthetic,atau,200,current_mixture,0.2,20,1e-12,width,0.0,4,a_tau,4.343805421853684,,1.083
milp14,sweep_all,MILP,MLP,synthetic,atau,200,current_mixture,0.2,20,1e-12,width,0.0,5,a_tau,4.276666119016055,,1.016
milp14,sweep_all,MILP,MLP,synthetic,atau,200,current_mixture,0.2,20,1e-12,width,0.0,6,a_tau,4.477336814478207,,0.893
milp14,sweep_all,MILP,MLP,synthetic,atau,200,current_mixture,0.2,20,1e-12,width,0.0,7,a_tau,4.499809670330265,,0.963
milp14,sweep_all,MILP,MLP,synthetic,atau,200,current_mixture,0.5,5,1e-12,width,0.0,0,a_tau,3.6109179126442243,,0.822
milp14,sweep_all,MILP,MLP,synthetic,atau,200,current_mixture,0.5,5,1e-12,width,0.0,1,a_tau,3.5553480614894135,,1.156
milp14,sweep_all,MILP,MLP,synthetic,atau,200,current_mixture,0.5,5,1e-12,width,0.0,2,a_tau,3.58351893845611,,1.381
milp14,sweep_all,MILP,MLP,synthetic,atau,200,current_mixture,0.5,5,1e-12,width,0.0,3,a_tau,3.6888794541139363,,1.155
milp14,sweep_all,MILP,MLP,synthetic,atau,200,current_mixture,0.5,5,1e-12,width,0.0,4,a_tau,3.6109179126442243,,0.812
milp14,sweep_all,MILP,MLP,synthetic,atau,200,current_mixture,0.5,5,1e-12,width,0.0,5,a_tau,3.4011973816621555,,1.204
milp14,sweep_all,MILP,MLP,synthetic,atau,200,current_mixture,0.5,5,1e-12,width,0.0,6,a_tau,3.5553480614894135,,1.008
milp14,sweep_all,MILP,MLP,synthetic,atau,200,current_mixture,0.5,5,1e-12,width,0.0,7,a_tau,3.295836866004329,,1.163
milp14,sweep_all,MILP,MLP,synthetic,atau,200,current_mixture,0.5,10,1e-12,width,0.0,0,a_tau,4.060443010546419,,0.845
milp14,sweep_all,MILP,MLP,synthetic,atau,200,current_mixture,0.5,10,1e-12,width,0.0,1,a_tau,3.9318256327243257,,1.181
milp14,sweep_all,MILP,MLP,synthetic,atau,200,current_mixture,0.5,10,1e-12,width,0.0,2,a_tau,4.110873864173311,,1.027
milp14,sweep_all,MILP,MLP,synthetic,atau,200,current_mixture,0.5,10,1e-12,width,0.0,3,a_tau,3.9318256327243257,,1.018
milp14,sweep_all,MILP,MLP,synthetic,atau,200,current_mixture,0.5,10,1e-12,width,0.0,4,a_tau,3.828641396489095,,1.031
milp14,sweep_all,MILP,MLP,synthetic,atau,200,current_mixture,0.5,10,1e-12,width,0.0,5,a_tau,3.912023005428146,,1.167
milp14,sweep_all,MILP,MLP,synthetic,atau,200,current_mixture,0.5,10,1e-12,width,0.0,6,a_tau,3.970291913552122,,1.161
milp14,sweep_all,MILP,MLP,synthetic,atau,200,current_mixture,0.5,10,1e-12,width,0.0,7,a_tau,4.07753744390572,,1.423
milp14,sweep_all,MILP,MLP,synthetic,atau,200,current_mixture,0.5,20,1e-12,width,0.0,0,a_tau,4.2626798770413155,,1.163
milp14,sweep_all,MILP,MLP,synthetic,atau,200,current_mixture,0.5,20,1e-12,width,0.0,1,a_tau,4.248495242049359,,1.236
milp14,sweep_all,MILP,MLP,synthetic,atau,200,current_mixture,0.5,20,1e-12,width,0.0,2,a_tau,4.0943445622221,,1.208
milp14,sweep_all,MILP,MLP,synthetic,atau,200,current_mixture,0.5,20,1e-12,width,0.0,3,a_tau,4.189654742026425,,1.126
milp14,sweep_all,MILP,MLP,synthetic,atau,200,current_mixture,0.5,20,1e-12,width,0.0,4,a_tau,4.2626798770413155,,1.07
milp14,sweep_all,MILP,MLP,synthetic,atau,200,current_mixture,0.5,20,1e-12,width,0.0,5,a_tau,4.007333185232471,,1.231
milp14,sweep_all,MILP,MLP,synthetic,atau,200,current_mixture,0.5,20,1e-12,width,0.0,6,a_tau,4.219507705176107,,1.137
milp14,sweep_all,MILP,MLP,synthetic,atau,200,current_mixture,0.5,20,1e-12,width,0.0,7,a_tau,4.330733340286331,,0.874
milp30,sweep_all,MILP,MLP,synthetic,atau,200,current_mixture,0.05,5,1e-12,width,0.0,0,a_tau,4.382026634673881,,1.089
milp30,sweep_all,MILP,MLP,synthetic,atau,200,current_mixture,0.05,5,1e-12,width,0.0,1,a_tau,4.584967478670572,,1.361
milp30,sweep_all,MILP,MLP,synthetic,atau,200,current_mixture,0.05,5,1e-12,width,0.0,2,a_tau,4.465908118654584,,1.201
milp30,sweep_all,MILP,MLP,synthetic,atau,200,current_mixture,0.05,5,1e-12,width,0.0,3,a_tau,4.330733340286331,,1.317
milp30,sweep_all,MILP,MLP,synthetic,atau,200,current_mixture,0.05,5,1e-12,width,0.0,4,a_tau,4.406719247264253,,0.822
milp30,sweep_all,MILP,MLP,synthetic,atau,200,current_mixture,0.05,5,1e-12,width,0.0,5,a_tau,4.406719247264253,,0.844
milp30,sweep_all,MILP,MLP,synthetic,atau,200,current_mixture,0.05,5,1e-12,width,0.0,6,a_tau,4.248495242049359,,1.192
milp30,sweep_all,MILP,MLP,synthetic,atau,200,current_mixture,0.05,5,1e-12,width,0.0,7,a_tau,4.454347296253507,,1.194
milp30,sweep_all,MILP,MLP,synthetic,atau,200,current_mixture,0.05,10,1e-12,width,0.0,0,a_tau,4.477336814478207,,1.095
milp30,sweep_all,MILP,MLP,synthetic,atau,200,current_mixture,0.05,10,1e-12,width,0.0,1,a_tau,4.6913478822291435,,1.092
milp30,sweep_all,MILP,MLP,synthetic,atau,200,current_mixture,0.05,10,1e-12,width,0.0,2,a_tau,4.584967478670572,,1.007
milp30,sweep_all,MILP,MLP,synthetic,atau,200,current_mixture,0.05,10,1e-12,width,0.0,3,a_tau,4.5217885770490405,,1.147
milp30,sweep_all,MILP,MLP,synthetic,atau,200,current_mixture,0.05,10,1e-12,width,0.0,4,a_tau,4.418840607796598,,1.215
milp30,sweep_all,MILP,MLP,synthetic,atau,200,current_mixture,0.05,10,1e-12,width,0.0,5,a_tau,4.653960350157523,,0.906
milp30,sweep_all,MILP,MLP,synthetic,atau,200,current_mixture,0.05,10,1e-12,width,0.0,6,a_tau,4.418840607796598,,1.276
milp30,sweep_all,MILP,MLP,synthetic,atau,200,current_mixture,0.05,10,1e-12,width,0.0,7,a_tau,4.499809670330265,,1.24
milp30,sweep_all,MILP,MLP,synthetic,atau,200,current_mixture,0.05,20,1e-12,width,0.0,0,a_tau,4.5217885770490405,,1.169
milp30,sweep_all,MILP,MLP,synthetic,atau,200,current_mixture,0.05,20,1e-12,width,0.0,1,a_tau,4.897839799950911,,1.154
milp30,sweep_all,MILP,MLP,synthetic,atau,200,current_mixture,0.05,20,1e-12,width,0.0,2,a_tau,4.787491742782046,,1.336
milp30,sweep_all,MILP,MLP,synthetic,atau,200,current_mixture,0.05,20,1e-12,width,0.0,3,a_tau,4.68213122712422,,0.946
milp30,sweep_all,MILP,MLP,synthetic,atau,200,current_mixture,0.05,20,1e-12,width,0.0,4,a_tau,4.499809670330265,,1.095
milp30,sweep_all,MILP,MLP,synthetic,atau,200,current_mixture,0.05,20,1e-12,width,0.0,5,a_tau,4.574710978503383,,1.167
milp30,sweep_all,MILP,MLP,synthetic,atau,200,current_mixture,0.05,20,1e-12,width,0.0,6,a_tau,4.672828834461906,,0.853
milp30,sweep_all,MILP,MLP,synthetic,atau,200,current_mixture,0.05,20,1e-12,width,0.0,7,a_tau,4.553876891600541,,1.265
milp30,sweep_all,MILP,MLP,synthetic,atau,200,current_mixture,0.1,5,1e-12,width,0.0,0,a_tau,4.060443010546419,,1.313
milp30,sweep_all,MILP,MLP,synthetic,atau,200,current_mixture,0.1,5,1e-12,width,0.0,1,a_tau,4.394449154672439,,1.253
milp30,sweep_all,MILP,MLP,synthetic,atau,200,current_mixture,0.1,5,1e-12,width,0.0,2,a_tau,4.2626798770413155,,1.219
milp30,sweep_all,MILP,MLP,synthetic,atau,200,current_mixture,0.1,5,1e-12,width,0.0,3,a_tau,3.8918202981106265,,1.062
milp30,sweep_all,MILP,MLP,synthetic,atau,200,current_mixture,0.1,5,1e-12,width,0.0,4,a_tau,3.970291913552122,,1.228
milp30,sweep_all,MILP,MLP,synthetic,atau,200,current_mixture,0.1,5,1e-12,width,0.0,5,a_tau,4.248495242049359,,1.237
milp30,sweep_all,MILP,MLP,synthetic,atau,200,current_mixture,0.1,5,1e-12,width,0.0,6,a_tau,4.02535169073515,,1.167
milp30,sweep_all,MILP,MLP,synthetic,atau,200,current_mixture,0.1,5,1e-12,width,0.0,7,a_tau,4.110873864173311,,0.894
milp30,sweep_all,MILP,MLP,synthetic,atau,200,current_mixture,0.1,10,1e-12,width,0.0,0,a_tau,4.174387269895637,,1.13
milp30,sweep_all,MILP,MLP,synthetic,atau,200,current_mixture,0.1,10,1e-12,width,0.0,1,a_tau,4.624972813284271,,1.196
milp30,sweep_all,MILP,MLP,synthetic,atau,200,current_mixture,0.1,10,1e-12,width,0.0,2,a_tau,4.382026634673881,,0.965
milp30,sweep_all,MILP,MLP,synthetic,atau,200,current_mixture,0.1,10,1e-12,width,0.0,3,a_tau,4.174387269895637,,1.074
milp30,sweep_all,MILP,MLP,synthetic,atau,200,current_mixture,0.1,10,1e-12,width,0.0,4,a_tau,4.219507705176107,,1.114
milp30,sweep_all,MILP,MLP,synthetic,atau,200,current_mixture,0.1,10,1e-12,width,0.0,5,a_tau,4.330733340286331,,0.996
milp30,sweep_all,MILP,MLP,synthetic,atau,200,current_mixture,0.1,10,1e-12,width,0.0,6,a_tau,4.143134726391533,,1.032
milp30,sweep_all,MILP,MLP,synthetic,atau,200,current_mixture,0.1,10,1e-12,width,0.0,7,a_tau,4.1588830833596715,,1.021
milp30,sweep_all,MILP,MLP,synthetic,atau,200,current_mixture,0.1,20,1e-12,width,0.0,0,a_tau,4.330733340286331,,1.194
milp30,sweep_all,MILP,MLP,synthetic,atau,200,current_mixture,0.1,20,1e-12,width,0.0,1,a_tau,4.77912349311153,,1.071
milp30,sweep_all,MILP,MLP,synthetic,atau,200,current_mixture,0.1,20,1e-12,width,0.0,2,a_tau,4.499809670330265,,1.104
milp30,sweep_all,MILP,MLP,synthetic,atau,200,current_mixture,0.1,20,1e-12,width,0.0,3,a_tau,4.382026634673881,,1.02
milp30,sweep_all,MILP,MLP,synthetic,atau,200,current_mixture,0.1,20,1e-12,width,0.0,4,a_tau,4.330733340286331,,1.035
milp30,sweep_all,MILP,MLP,synthetic,atau,200,current_mixture,0.1,20,1e-12,width,0.0,5,a_tau,4.6443908991413725,,0.959
milp30,sweep_all,MILP,MLP,synthetic,atau,200,current_mixture,0.1,20,1e-12,width,0.0,6,a_tau,4.30406509320417,,1.216
milp30,sweep_all,MILP,MLP,synthetic,atau,200,current_mixture,0.1,20,1e-12,width,0.0,7,a_tau,4.394449154672439,,0.95
milp30,sweep_all,MILP,MLP,synthetic,atau,200,current_mixture,0.2,5,1e-12,width,0.0,0,a_tau,3.4339872044851463,,1.276
milp30,sweep_all,MILP,MLP,synthetic,atau,200,current_mixture,0.2,5,1e-12,width,0.0,1,a_tau,3.6109179126442243,,1.162
milp30,sweep_all,MILP,MLP,synthetic,atau,200,current_mixture,0.2,5,1e-12,width,0.0,2,a_tau,3.8918202981106265,,0.934
milp30,sweep_all,MILP,MLP,synthetic,atau,200,current_mixture,0.2,5,1e-12,width,0.0,3,a_tau,3.4965075614664802,,1.161
milp30,sweep_all,MILP,MLP,synthetic,atau,200,current_mixture,0.2,5,1e-12,width,0.0,4,a_tau,3.5263605246161616,,1.186
milp30,sweep_all,MILP,MLP,synthetic,atau,200,current_mixture,0.2,5,1e-12,width,0.0,5,a_tau,3.9889840465642745,,1.026
milp30,sweep_all,MILP,MLP,synthetic,atau,200,current_mixture,0.2,5,1e-12,width,0.0,6,a_tau,3.784189633918261,,0.975
milp30,sweep_all,MILP,MLP,synthetic,atau,200,current_mixture,0.2,5,1e-12,width,0.0,7,a_tau,3.6888794541139363,,1.249
milp30,sweep_all,MILP,MLP,synthetic,atau,200,current_mixture,0.2,10,1e-12,width,0.0,0,a_tau,3.784189633918261,,1.192
milp30,sweep_all,MILP,MLP,synthetic,atau,200,current_mixture,0.2,10,1e-12,width,0.0,1,a_tau,4.060443010546419,,1.029
milp30,sweep_all,MILP,MLP,synthetic,atau,200,current_mixture,0.2,10,1e-12,width,0.0,2,a_tau,4.204692619390966,,1.021
milp30,sweep_all,MILP,MLP,synthetic,atau,200,current_mixture,0.2,10,1e-12,width,0.0,3,a_tau,3.8066624897703196,,1.035
milp30,sweep_all,MILP,MLP,synthetic,atau,200,current_mixture,0.2,10,1e-12,width,0.0,4,a_tau,4.060443010546419,,0.962
milp30,sweep_all,MILP,MLP,synthetic,atau,200,current_mixture,0.2,10,1e-12,width,0.0,5,a_tau,4.0943445622221,,0.97
milp30,sweep_all,MILP,MLP,synthetic,atau,200,current_mixture,0.2,10,1e-12,width,0.0,6,a_tau,3.871201010907891,,0.984
milp30,sweep_all,MILP,MLP,synthetic,atau,200,current_mixture,0.2,10,1e-12,width,0.0,7,a_tau,3.7612001156935624,,1.115
milp30,sweep_all,MILP,MLP,synthetic,atau,200,current_mixture,0.2,20,1e-12,width,0.0,0,a_tau,4.02535169073515,,1.196
milp30,sweep_all,MILP,MLP,synthetic,atau,200,current_mixture,0.2,20,1e-12,width,0.0,1,a_tau,4.442651256490317,,1.277
milp30,sweep_all,MILP,MLP,synthetic,atau,200,current_mixture,0.2,20,1e-12,width,0.0,2,a_tau,4.174387269895637,,1.17
milp30,sweep_all,MILP,MLP,synthetic,atau,200,current_mixture,0.2,20,1e-12,width,0.0,3,a_tau,4.127134385045092,,1.098
milp30,sweep_all,MILP,MLP,synthetic,atau,200,current_mixture,0.2,20,1e-12,width,0.0,4,a_tau,4.276666119016055,,1.206
milp30,sweep_all,MILP,MLP,synthetic,atau,200,current_mixture,0.2,20,1e-12,width,0.0,5,a_tau,4.276666119016055,,1.095
milp30,sweep_all,MILP,MLP,synthetic,atau,200,current_mixture,0.2,20,1e-12,width,0.0,6,a_tau,4.23410650459726,,0.986
milp30,sweep_all,MILP,MLP,synthetic,atau,200,current_mixture,0.2,20,1e-12,width,0.0,7,a_tau,4.204692619390966,,0.943
milp30,sweep_all,MILP,MLP,synthetic,atau,200,current_mixture,0.5,5,1e-12,width,0.0,0,a_tau,2.833213344056216,,1.059
milp30,sweep_all,MILP,MLP,synthetic,atau,200,current_mixture,0.5,5,1e-12,width,0.0,1,a_tau,2.9444389791664403,,1.145
milp30,sweep_all,MILP,MLP,synthetic,atau,200,current_mixture,0.5,5,1e-12,width,0.0,2,a_tau,3.2188758248682006,,1.315
milp30,sweep_all,MILP,MLP,synthetic,atau,200,current_mixture,0.5,5,1e-12,width,0.0,3,a_tau,2.1972245773362196,,1.029
milp30,sweep_all,MILP,MLP,synthetic,atau,200,current_mixture,0.5,5,1e-12,width,0.0,4,a_tau,2.5649493574615367,,1.18
milp30,sweep_all,MILP,MLP,synthetic,atau,200,current_mixture,0.5,5,1e-12,width,0.0,5,a_tau,3.332204510175204,,1.168
milp30,sweep_all,MILP,MLP,synthetic,atau,200,current_mixture,0.5,5,1e-12,width,0.0,6,a_tau,2.6390573296152584,,1.162
milp30,sweep_all,MILP,MLP,synthetic,atau,200,current_mixture,0.5,5,1e-12,width,0.0,7,a_tau,2.8903717578961645,,1.043
milp30,sweep_all,MILP,MLP,synthetic,atau,200,current_mixture,0.5,10,1e-12,width,0.0,0,a_tau,3.1354942159291497,,1.034
milp30,sweep_all,MILP,MLP,synthetic,atau,200,current_mixture,0.5,10,1e-12,width,0.0,1,a_tau,3.1780538303479458,,1.083
milp30,sweep_all,MILP,MLP,synthetic,atau,200,current_mixture,0.5,10,1e-12,width,0.0,2,a_tau,3.5263605246161616,,0.964
milp30,sweep_all,MILP,MLP,synthetic,atau,200,current_mixture,0.5,10,1e-12,width,0.0,3,a_tau,3.4657359027997265,,1.222
milp30,sweep_all,MILP,MLP,synthetic,atau,200,current_mixture,0.5,10,1e-12,width,0.0,4,a_tau,3.4965075614664802,,1.323
milp30,sweep_all,MILP,MLP,synthetic,atau,200,current_mixture,0.5,10,1e-12,width,0.0,5,a_tau,3.2188758248682006,,0.972
milp30,sweep_all,MILP,MLP,synthetic,atau,200,current_mixture,0.5,10,1e-12,width,0.0,6,a_tau,3.332204510175204,,1.107
milp30,sweep_all,MILP,MLP,synthetic,atau,200,current_mixture,0.5,10,1e-12,width,0.0,7,a_tau,3.295836866004329,,0.95
milp30,sweep_all,MILP,MLP,synthetic,atau,200,current_mixture,0.5,20,1e-12,width,0.0,0,a_tau,3.713572066704308,,1.168
milp30,sweep_all,MILP,MLP,synthetic,atau,200,current_mixture,0.5,20,1e-12,width,0.0,1,a_tau,4.30406509320417,,0.983
milp30,sweep_all,MILP,MLP,synthetic,atau,200,current_mixture,0.5,20,1e-12,width,0.0,2,a_tau,4.0943445622221,,1.288
milp30,sweep_all,MILP,MLP,synthetic,atau,200,current_mixture,0.5,20,1e-12,width,0.0,3,a_tau,3.8918202981106265,,0.982
milp30,sweep_all,MILP,MLP,synthetic,atau,200,current_mixture,0.5,20,1e-12,width,0.0,4,a_tau,3.58351893845611,,1.147
milp30,sweep_all,MILP,MLP,synthetic,atau,200,current_mixture,0.5,20,1e-12,width,0.0,5,a_tau,3.8501476017100584,,1.144
milp30,sweep_all,MILP,MLP,synthetic,atau,200,current_mixture,0.5,20,1e-12,width,0.0,6,a_tau,3.58351893845611,,1.357
milp30,sweep_all,MILP,MLP,synthetic,atau,200,current_mixture,0.5,20,1e-12,width,0.0,7,a_tau,3.367295829986474,,1.055
milp26,sweep_all,MILP,MLP,synthetic,atau,200,current_mixture,0.05,5,1e-12,width,0.0,0,a_tau,5.988961416889864,,1.02
milp26,sweep_all,MILP,MLP,synthetic,atau,200,current_mixture,0.05,5,1e-12,width,0.0,1,a_tau,5.988961416889864,,1.091
milp26,sweep_all,MILP,MLP,synthetic,atau,200,current_mixture,0.05,5,1e-12,width,0.0,2,a_tau,5.986452005284438,,1.128
milp26,sweep_all,MILP,MLP,synthetic,atau,200,current_mixture,0.05,5,1e-12,width,0.0,3,a_tau,5.991464547107982,,1.317
milp26,sweep_all,MILP,MLP,synthetic,atau,200,current_mixture,0.05,5,1e-12,width,0.0,4,a_tau,5.986452005284438,,1.172
milp26,sweep_all,MILP,MLP,synthetic,atau,200,current_mixture,0.05,5,1e-12,width,0.0,5,a_tau,5.991464547107982,,1.045
milp26,sweep_all,MILP,MLP,synthetic,atau,200,current_mixture,0.05,5,1e-12,width,0.0,6,a_tau,5.991464547107982,,1.057
milp26,sweep_all,MILP,MLP,synthetic,atau,200,current_mixture,0.05,5,1e-12,width,0.0,7,a_tau,5.986452005284438,,0.968
milp26,sweep_all,MILP,MLP,synthetic,atau,200,current_mixture,0.05,10,1e-12,width,0.0,0,a_tau,5.991464547107982,,1.249
milp26,sweep_all,MILP,MLP,synthetic,atau,200,current_mixture,0.05,10,1e-12,width,0.0,1,a_tau,5.991464547107982,,0.97
milp26,sweep_all,MILP,MLP,synthetic,atau,200,current_mixture,0.05,10,1e-12,width,0.0,2,a_tau,5.991464547107982,,1.028
milp26,sweep_all,MILP,MLP,synthetic,atau,200,current_mixture,0.05,10,1e-12,width,0.0,3,a_tau,5.991464547107982,,1.166
milp26,sweep_all,MILP,MLP,synthetic,atau,200,current_mixture,0.05,10,1e-12,width,0.0,4,a_tau,5.991464547107982,,1.135
milp26,sweep_all,MILP,MLP,synthetic,atau,200,current_mixture,0.05,10,1e-12,width,0.0,5,a_tau,5.991464547107982,,0.956
milp26,sweep_all,MILP,MLP,synthetic,atau,200,current_mixture,0.05,10,1e-12,width,0.0,6,a_tau,5.991464547107982,,1.192
milp26,sweep_all,MILP,MLP,synthetic,atau,200,current_mixture,0.05,10,1e-12,width,0.0,7,a_tau,5.988961416889864,,1.042
milp26,sweep_all,MILP,MLP,synthetic,atau,200,current_mixture,0.05,20,1e-12,width,0.0,0,a_tau,5.991464547107982,,1.134
milp26,sweep_all,MILP,MLP,synthetic,atau,200,current_mixture,0.05,20,1e-12,width,0.0,1,a_tau,5.991464547107982,,1.059
milp26,sweep_all,MILP,MLP,synthetic,atau,200,current_mixture,0.05,20,1e-12,width,0.0,2,a_tau,5.991464547107982,,1.003
milp26,sweep_all,MILP,MLP,synthetic,atau,200,current_mixture,0.05,20,1e-12,width,0.0,3,a_tau,5.991464547107982,,1.197
milp26,sweep_all,MILP,MLP,synthetic,atau,200,current_mixture,0.05,20,1e-12,width,0.0,4,a_tau,5.991464547107982,,1.033
milp26,sweep_all,MILP,MLP,synthetic,atau,200,current_mixture,0.05,20,1e-12,width,0.0,5,a_tau,5.991464547107982,,1.165
milp26,sweep_all,MILP,MLP,synthetic,atau,200,current_mixture,0.05,20,1e-12,width,0.0,6,a_tau,5.991464547107982,,1.079
milp26,sweep_all,MILP,MLP,synthetic,atau,200,current_mixture,0.05,20,1e-12,width,0.0,7,a_tau,5.991464547107982,,1.306
milp26,sweep_all,MILP,MLP,synthetic,atau,200,current_mixture,0.1,5,1e-12,width,0.0,0,a_tau,5.948034989180646,,1.131
milp26,sweep_all,MILP,MLP,synthetic,atau,200,current_mixture,0.1,5,1e-12,width,0.0,1,a_tau,5.91350300563827,,1.165
milp26,sweep_all,MILP,MLP,synthetic,atau,200,current_mixture,0.1,5,1e-12,width,0.0,2,a_tau,5.937536205082426,,1.051
milp26,sweep_all,MILP,MLP,synthetic,atau,200,current_mixture,0.1,5,1e-12,width,0.0,3,a_tau,5.955837369464831,,1.091
milp26,sweep_all,MILP,MLP,synthetic,atau,200,current_mixture,0.1,5,1e-12,width,0.0,4,a_tau,5.961005339623274,,1.357
milp26,sweep_all,MILP,MLP,synthetic,atau,200,current_mixture,0.1,5,1e-12,width,0.0,5,a_tau,5.953243334287785,,1.091
milp26,sweep_all,MILP,MLP,synthetic,atau,200,current_mixture,0.1,5,1e-12,width,0.0,6,a_tau,5.961005339623274,,1.092
milp26,sweep_all,MILP,MLP,synthetic,atau,200,current_mixture,0.1,5,1e-12,width,0.0,7,a_tau,5.934894195619588,,0.91
milp26,sweep_all,MILP,MLP,synthetic,atau,200,current_mixture,0.1,10,1e-12,width,0.0,0,a_tau,5.991464547107982,,1.054
milp26,sweep_all,MILP,MLP,synthetic,atau,200,current_mixture,0.1,10,1e-12,width,0.0,1,a_tau,5.991464547107982,,1.303
milp26,sweep_all,MILP,MLP,synthetic,atau,200,current_mixture,0.1,10,1e-12,width,0.0,2,a_tau,5.988961416889864,,1.204
milp26,sweep_all,MILP,MLP,synthetic,atau,200,current_mixture,0.1,10,1e-12,width,0.0,3,a_tau,5.991464547107982,,1.036
milp26,sweep_all,MILP,MLP,synthetic,atau,200,current_mixture,0.1,10,1e-12,width,0.0,4,a_tau,5.988961416889864,,0.958
milp26,sweep_all,MILP,MLP,synthetic,atau,200,current_mixture,0.1,10,1e-12,width,0.0,5,a_tau,5.991464547107982,,1.235
milp26,sweep_all,MILP,MLP,synthetic,atau,200,current_mixture,0.1,10,1e-12,width,0.0,6,a_tau,5.988961416889864,,1.076
milp26,sweep_all,MILP,MLP,synthetic,atau,200,current_mixture,0.1,10,1e-12,width,0.0,7,a_tau,5.983936280687191,,1.133
milp26,sweep_all,MILP,MLP,synthetic,atau,200,current_mixture,0.1,20,1e-12,width,0.0,0,a_tau,5.991464547107982,,1.068
milp26,sweep_all,MILP,MLP,synthetic,atau,200,current_mixture,0.1,20,1e-12,width,0.0,1,a_tau,5.991464547107982,,0.988
milp26,sweep_all,MILP,MLP,synthetic,atau,200,current_mixture,0.1,20,1e-12,width,0.0,2,a_tau,5.991464547107982,,1.097
milp26,sweep_all,MILP,MLP,synthetic,atau,200,current_mixture,0.1,20,1e-12,width,0.0,3,a_tau,5.991464547107982,,1.229
milp26,sweep_all,MILP,MLP,synthetic,atau,200,current_mixture,0.1,20,1e-12,width,0.0,4,a_tau,5.991464547107982,,0.98
milp26,sweep_all,MILP,MLP,synthetic,atau,200,current_mixture,0.1,20,1e-12,width,0.0,5,a_tau,5.991464547107982,,1.317
milp26,sweep_all,MILP,MLP,synthetic,atau,200,current_mixture,0.1,20,1e-12,width,0.0,6,a_tau,5.991464547107982,,1.087
milp26,sweep_all,MILP,MLP,synthetic,atau,200,current_mixture,0.1,20,1e-12,width,0.0,7,a_tau,5.988961416889864,,0.947
milp26,sweep_all,MILP,MLP,synthetic,atau,200,current_mixture,0.2,5,1e-12,width,0.0,0,a_tau,5.568344503761097,,1.221
milp26,sweep_all,MILP,MLP,synthetic,atau,200,current_mixture,0.2,5,1e-12,width,0.0,1,a_tau,5.497168225293202,,1.301
milp26,sweep_all,MILP,MLP,synthetic,atau,200,current_mixture,0.2,5,1e-12,width,0.0,2,a_tau,5.605802066295998,,1.276
milp26,sweep_all,MILP,MLP,synthetic,atau,200,current_mixture,0.2,5,1e-12,width,0.0,3,a_tau,5.676753802268282,,1.136
milp26,sweep_all,MILP,MLP,synthetic,atau,200,current_mixture,0.2,5,1e-12,width,0.0,4,a_tau,5.54907608489522,,1.06
milp26,sweep_all,MILP,MLP,synthetic,atau,200,current_mixture,0.2,5,1e-12,width,0.0,5,a_tau,5.6131281063880705,,1.035
milp26,sweep_all,MILP,MLP,synthetic,atau,200,current_mixture,0.2,5,1e-12,width,0.0,6,a_tau,5.66988092298052,,0.948
milp26,sweep_all,MILP,MLP,synthetic,atau,200,current_mixture,0.2,5,1e-12,width,0.0,7,a_tau,5.564520407322694,,1.192
milp26,sweep_all,MILP,MLP,synthetic,atau,200,current_mixture,0.2,10,1e-12,width,0.0,0,a_tau,5.966146739123692,,1.065
milp26,sweep_all,MILP,MLP,synthetic,atau,200,current_mixture,0.2,10,1e-12,width,0.0,1,a_tau,5.955837369464831,,0.997
milp26,sweep_all,MILP,MLP,synthetic,atau,200,current_mixture,0.2,10,1e-12,width,0.0,2,a_tau,5.955837369464831,,0.914
milp26,sweep_all,MILP,MLP,synthetic,atau,200,current_mixture,0.2,10,1e-12,width,0.0,3,a_tau,5.869296913133774,,1.205
milp26,sweep_all,MILP,MLP,synthetic,atau,200,current_mixture,0.2,10,1e-12,width,0.0,4,a_tau,5.948034989180646,,1.046
milp26,sweep_all,MILP,MLP,synthetic,atau,200,current_mixture,0.2,10,1e-12,width,0.0,5,a_tau,5.929589143389895,,1.126
milp26,sweep_all,MILP,MLP,synthetic,atau,200,current_mixture,0.2,10,1e-12,width,0.0,6,a_tau,5.968707559985366,,1.167
milp26,sweep_all,MILP,MLP,synthetic,atau,200,current_mixture,0.2,10,1e-12,width,0.0,7,a_tau,5.934894195619588,,1.039
milp26,sweep_all,MILP,MLP,synthetic,atau,200,current_mixture,0.2,20,1e-12,width,0.0,0,a_tau,5.991464547107982,,1.174
milp26,sweep_all,MILP,MLP,synthetic,atau,200,current_mixture,0.2,20,1e-12,width,0.0,1,a_tau,5.991464547107982,,1.141
milp26,sweep_all,MILP,MLP,synthetic,atau,200,current_mixture,0.2,20,1e-12,width,0.0,2,a_tau,5.991464547107982,,0.929
milp26,sweep_all,MILP,MLP,synthetic,atau,200,current_mixture,0.2,20,1e-12,width,0.0,3,a_tau,5.986452005284438,,1.264
milp26,sweep_all,MILP,MLP,synthetic,atau,200,current_mixture,0.2,20,1e-12,width,0.0,4,a_tau,5.988961416889864,,1.016
milp26,sweep_all,MILP,MLP,synthetic,atau,200,current_mixture,0.2,20,1e-12,width,0.0,5,a_tau,5.983936280687191,,1.156
milp26,sweep_all,MILP,MLP,synthetic,atau,200,current_mixture,0.2,20,1e-12,width,0.0,6,a_tau,5.986452005284438,,1.165
milp26,sweep_all,MILP,MLP,synthetic,atau,200,current_mixture,0.2,20,1e-12,width,0.0,7,a_tau,5.981414211254481,,1.094
milp26,sweep_all,MILP,MLP,synthetic,atau,200,current_mixture,0.5,5,1e-12,width,0.0,0,a_tau,4.189654742026425,,1.107
milp26,sweep_all,MILP,MLP,synthetic,atau,200,current_mixture,0.5,5,1e-12,width,0.0,1,a_tau,4.290459441148391,,0.982
milp26,sweep_all,MILP,MLP,synthetic,atau,200,current_mixture,0.5,5,1e-12,width,0.0,2,a_tau,4.812184355372417,,1.332
milp26,sweep_all,MILP,MLP,synthetic,atau,200,current_mixture,0.5,5,1e-12,width,0.0,3,a_tau,4.795790545596741,,1.428
milp26,sweep_all,MILP,MLP,synthetic,atau,200,current_mixture,0.5,5,1e-12,width,0.0,4,a_tau,4.532599493153256,,1.078
milp26,sweep_all,MILP,MLP,synthetic,atau,200,current_mixture,0.5,5,1e-12,width,0.0,5,a_tau,4.465908118654584,,1.037
milp26,sweep_all,MILP,MLP,synthetic,atau,200,current_mixture,0.5,5,1e-12,width,0.0,6,a_tau,4.394449154672439,,1.333
milp26,sweep_all,MILP,MLP,synthetic,atau,200,current_mixture,0.5,5,1e-12,width,0.0,7,a_tau,4.672828834461906,,1.344
milp26,sweep_all,MILP,MLP,synthetic,atau,200,current_mixture,0.5,10,1e-12,width,0.0,0,a_tau,5.4510384535657,,1.231
milp26,sweep_all,MILP,MLP,synthetic,atau,200,current_mixture,0.5,10,1e-12,width,0.0,1,a_tau,5.402677381872279,,1.014
milp26,sweep_all,MILP,MLP,synthetic,atau,200,current_mixture,0.5,10,1e-12,width,0.0,2,a_tau,5.583496308781699,,1.364
milp26,sweep_all,MILP,MLP,synthetic,atau,200,current_mixture,0.5,10,1e-12,width,0.0,3,a_tau,5.420534999272286,,1.095
milp26,sweep_all,MILP,MLP,synthetic,atau,200,current_mixture,0.5,10,1e-12,width,0.0,4,a_tau,5.3471075307174685,,2.05
milp26,sweep_all,MILP,MLP,synthetic,atau,200,current_mixture,0.5,10,1e-12,width,0.0,5,a_tau,4.770684624465665,,1.649
milp26,sweep_all,MILP,MLP,synthetic,atau,200,current_mixture,0.5,10,1e-12,width,0.0,6,a_tau,5.187385805840755,,2.72
milp26,sweep_all,MILP,MLP,synthetic,atau,200,current_mixture,0.5,10,1e-12,width,0.0,7,a_tau,5.579729825986222,,2.438
milp26,sweep_all,MILP,MLP,synthetic,atau,200,current_mixture,0.5,20,1e-12,width,0.0,0,a_tau,5.905361848054571,,2.91
milp26,sweep_all,MILP,MLP,synthetic,atau,200,current_mixture,0.5,20,1e-12,width,0.0,1,a_tau,5.777652323222656,,4.147
milp26,sweep_all,MILP,MLP,synthetic,atau,200,current_mixture,0.5,20,1e-12,width,0.0,2,a_tau,5.8289456176102075,,3.089
milp26,sweep_all,MILP,MLP,synthetic,atau,200,current_mixture,0.5,20,1e-12,width,0.0,3,a_tau,5.8971538676367405,,2.48
milp26,sweep_all,MILP,MLP,synthetic,atau,200,current_mixture,0.5,20,1e-12,width,0.0,4,a_tau,5.8522024797744745,,1.501
milp26,sweep_all,MILP,MLP,synthetic,atau,200,current_mixture,0.5,20,1e-12,width,0.0,5,a_tau,5.857933154483459,,5.467
milp26,sweep_all,MILP,MLP,synthetic,atau,200,current_mixture,0.5,20,1e-12,width,0.0,6,a_tau,5.869296913133774,,5.492
milp26,sweep_all,MILP,MLP,synthetic,atau,200,current_mixture,0.5,20,1e-12,width,0.0,7,a_tau,5.8888779583328805,,5.571
pb_cnn_25,sweep_all,Paired-Biases,CNN,synthetic,atau,200,current_mixture,0.05,5,1e-12,width,0.0,0,a_tau,5.958424693029782,,0.131
pb_cnn_25,sweep_all,Paired-Biases,CNN,synthetic,atau,200,current_mixture,0.05,5,1e-12,width,0.0,1,a_tau,5.963579343618446,,0.45
pb_cnn_25,sweep_all,Paired-Biases,CNN,synthetic,atau,200,current_mixture,0.05,5,1e-12,width,0.0,2,a_tau,5.973809611869261,,0.238
pb_cnn_25,sweep_all,Paired-Biases,CNN,synthetic,atau,200,current_mixture,0.05,5,1e-12,width,0.0,3,a_tau,5.976350909297934,,0.2
pb_cnn_25,sweep_all,Paired-Biases,CNN,synthetic,atau,200,current_mixture,0.05,5,1e-12,width,0.0,4,a_tau,5.950642552587727,,0.317
pb_cnn_25,sweep_all,Paired-Biases,CNN,synthetic,atau,200,current_mixture,0.05,5,1e-12,width,0.0,5,a_tau,5.948034989180646,,0.263
pb_cnn_25,sweep_all,Paired-Biases,CNN,synthetic,atau,200,current_mixture,0.05,5,1e-12,width,0.0,6,a_tau,5.986452005284438,,0.615
pb_cnn_25,sweep_all,Paired-Biases,CNN,synthetic,atau,200,current_mixture,0.05,5,1e-12,width,0.0,7,a_tau,5.978885764901122,,0.579
pb_cnn_25,sweep_all,Paired-Biases,CNN,synthetic,atau,200,current_mixture,0.05,10,1e-12,width,0.0,0,a_tau,5.991464547107982,,0.644
pb_cnn_25,sweep_all,Paired-Biases,CNN,synthetic,atau,200,current_mixture,0.05,10,1e-12,width,0.0,1,a_tau,5.986452005284438,,0.278
pb_cnn_25,sweep_all,Paired-Biases,CNN,synthetic,atau,200,current_mixture,0.05,10,1e-12,width,0.0,2,a_tau,5.988961416889864,,0.564
pb_cnn_25,sweep_all,Paired-Biases,CNN,synthetic,atau,200,current_mixture,0.05,10,1e-12,width,0.0,3,a_tau,5.991464547107982,,0.198
pb_cnn_25,sweep_all,Paired-Biases,CNN,synthetic,atau,200,current_mixture,0.05,10,1e-12,width,0.0,4,a_tau,5.988961416889864,,0.661
pb_cnn_25,sweep_all,Paired-Biases,CNN,synthetic,atau,200,current_mixture,0.05,10,1e-12,width,0.0,5,a_tau,5.988961416889864,,0.87
pb_cnn_25,sweep_all,Paired-Biases,CNN,synthetic,atau,200,current_mixture,0.05,10,1e-12,width,0.0,6,a_tau,5.991464547107982,,0.933
pb_cnn_25,sweep_all,Paired-Biases,CNN,synthetic,atau,200,current_mixture,0.05,10,1e-12,width,0.0,7,a_tau,5.988961416889864,,0.332
pb_cnn_25,sweep_all,Paired-Biases,CNN,synthetic,atau,200,current_mixture,0.05,20,1e-12,width,0.0,0,a_tau,5.991464547107982,,0.985
pb_cnn_25,sweep_all,Paired-Biases,CNN,synthetic,atau,200,current_mixture,0.05,20,1e-12,width,0.0,1,a_tau,5.991464547107982,,0.883
pb_cnn_25,sweep_all,Paired-Biases,CNN,synthetic,atau,200,current_mixture,0.05,20,1e-12,width,0.0,2,a_tau,5.988961416889864,,0.199
pb_cnn_25,sweep_all,Paired-Biases,CNN,synthetic,atau,200,current_mixture,0.05,20,1e-12,width,0.0,3,a_tau,5.991464547107982,,0.841
pb_cnn_25,sweep_all,Paired-Biases,CNN,synthetic,atau,200,current_mixture,0.05,20,1e-12,width,0.0,4,a_tau,5.991464547107982,,0.95
pb_cnn_25,sweep_all,Paired-Biases,CNN,synthetic,atau,200,current_mixture,0.05,20,1e-12,width,0.0,5,a_tau,5.991464547107982,,0.235
pb_cnn_25,sweep_all,Paired-Biases,CNN,synthetic,atau,200,current_mixture,0.05,20,1e-12,width,0.0,6,a_tau,5.991464547107982,,1.068
pb_cnn_25,sweep_all,Paired-Biases,CNN,synthetic,atau,200,current_mixture,0.05,20,1e-12,width,0.0,7,a_tau,5.991464547107982,,0.308
pb_cnn_25,sweep_all,Paired-Biases,CNN,synthetic,atau,200,current_mixture,0.1,5,1e-12,width,0.0,0,a_tau,5.707110264748875,,1.0
pb_cnn_25,sweep_all,Paired-Biases,CNN,synthetic,atau,200,current_mixture,0.1,5,1e-12,width,0.0,1,a_tau,5.726847747587197,,0.143
pb_cnn_25,sweep_all,Paired-Biases,CNN,synthetic,atau,200,current_mixture,0.1,5,1e-12,width,0.0,2,a_tau,5.796057750765372,,0.25
pb_cnn_25,sweep_all,Paired-Biases,CNN,synthetic,atau,200,current_mixture,0.1,5,1e-12,width,0.0,3,a_tau,5.82600010738045,,0.927
pb_cnn_25,sweep_all,Paired-Biases,CNN,synthetic,atau,200,current_mixture,0.1,5,1e-12,width,0.0,4,a_tau,5.572154032177765,,0.313
pb_cnn_25,sweep_all,Paired-Biases,CNN,synthetic,atau,200,current_mixture,0.1,5,1e-12,width,0.0,5,a_tau,5.594711379601839,,1.13
pb_cnn_25,sweep_all,Paired-Biases,CNN,synthetic,atau,200,current_mixture,0.1,5,1e-12,width,0.0,6,a_tau,5.905361848054571,,0.42
pb_cnn_25,sweep_all,Paired-Biases,CNN,synthetic,atau,200,current_mixture,0.1,5,1e-12,width,0.0,7,a_tau,5.793013608384144,,0.476
pb_cnn_25,sweep_all,Paired-Biases,CNN,synthetic,atau,200,current_mixture,0.1,10,1e-12,width,0.0,0,a_tau,5.973809611869261,,0.958
pb_cnn_25,sweep_all,Paired-Biases,CNN,synthetic,atau,200,current_mixture,0.1,10,1e-12,width,0.0,1,a_tau,5.934894195619588,,0.975
pb_cnn_25,sweep_all,Paired-Biases,CNN,synthetic,atau,200,current_mixture,0.1,10,1e-12,width,0.0,2,a_tau,5.932245187448011,,0.37
pb_cnn_25,sweep_all,Paired-Biases,CNN,synthetic,atau,200,current_mixture,0.1,10,1e-12,width,0.0,3,a_tau,5.966146739123692,,0.414
pb_cnn_25,sweep_all,Paired-Biases,CNN,synthetic,atau,200,current_mixture,0.1,10,1e-12,width,0.0,4,a_tau,5.971261839790462,,1.131
pb_cnn_25,sweep_all,Paired-Biases,CNN,synthetic,atau,200,current_mixture,0.1,10,1e-12,width,0.0,5,a_tau,5.961005339623274,,1.019
pb_cnn_25,sweep_all,Paired-Biases,CNN,synthetic,atau,200,current_mixture,0.1,10,1e-12,width,0.0,6,a_tau,5.963579343618446,,0.376
pb_cnn_25,sweep_all,Paired-Biases,CNN,synthetic,atau,200,current_mixture,0.1,10,1e-12,width,0.0,7,a_tau,5.934894195619588,,0.33
pb_cnn_25,sweep_all,Paired-Biases,CNN,synthetic,atau,200,current_mixture,0.1,20,1e-12,width,0.0,0,a_tau,5.968707559985366,,1.027
pb_cnn_25,sweep_all,Paired-Biases,CNN,synthetic,atau,200,current_mixture,0.1,20,1e-12,width,0.0,1,a_tau,5.988961416889864,,0.455
pb_cnn_25,sweep_all,Paired-Biases,CNN,synthetic,atau,200,current_mixture,0.1,20,1e-12,width,0.0,2,a_tau,5.981414211254481,,0.378
pb_cnn_25,sweep_all,Paired-Biases,CNN,synthetic,atau,200,current_mixture,0.1,20,1e-12,width,0.0,3,a_tau,5.981414211254481,,0.333
pb_cnn_25,sweep_all,Paired-Biases,CNN,synthetic,atau,200,current_mixture,0.1,20,1e-12,width,0.0,4,a_tau,5.986452005284438,,1.113
pb_cnn_25,sweep_all,Paired-Biases,CNN,synthetic,atau,200,current_mixture,0.1,20,1e-12,width,0.0,5,a_tau,5.978885764901122,,1.006
pb_cnn_25,sweep_all,Paired-Biases,CNN,synthetic,atau,200,current_mixture,0.1,20,1e-12,width,0.0,6,a_tau,5.988961416889864,,0.702
pb_cnn_25,sweep_all,Paired-Biases,CNN,synthetic,atau,200,current_mixture,0.1,20,1e-12,width,0.0,7,a_tau,5.981414211254481,,0.349
pb_cnn_25,sweep_all,Paired-Biases,CNN,synthetic,atau,200,current_mixture,0.2,5,1e-12,width,0.0,0,a_tau,4.9344739331306915,,1.145
pb_cnn_25,sweep_all,Paired-Biases,CNN,synthetic,atau,200,current_mixture,0.2,5,1e-12,width,0.0,1,a_tau,4.9344739331306915,,0.146
pb_cnn_25,sweep_all,Paired-Biases,CNN,synthetic,atau,200,current_mixture,0.2,5,1e-12,width,0.0,2,a_tau,4.997212273764115,,0.336
pb_cnn_25,sweep_all,Paired-Biases,CNN,synthetic,atau,200,current_mixture,0.2,5,1e-12,width,0.0,3,a_tau,5.10594547390058,,1.313
pb_cnn_25,sweep_all,Paired-Biases,CNN,synthetic,atau,200,current_mixture,0.2,5,1e-12,width,0.0,4,a_tau,4.59511985013459,,0.414
pb_cnn_25,sweep_all,Paired-Biases,CNN,synthetic,atau,200,current_mixture,0.2,5,1e-12,width,0.0,5,a_tau,4.812184355372417,,1.201
pb_cnn_25,sweep_all,Paired-Biases,CNN,synthetic,atau,200,current_mixture,0.2,5,1e-12,width,0.0,6,a_tau,5.402677381872279,,1.215
pb_cnn_25,sweep_all,Paired-Biases,CNN,synthetic,atau,200,current_mixture,0.2,5,1e-12,width,0.0,7,a_tau,5.153291594497779,,0.536
pb_cnn_25,sweep_all,Paired-Biases,CNN,synthetic,atau,200,current_mixture,0.2,10,1e-12,width,0.0,0,a_tau,5.683579767338681,,1.642
pb_cnn_25,sweep_all,Paired-Biases,CNN,synthetic,atau,200,current_mixture,0.2,10,1e-12,width,0.0,1,a_tau,5.583496308781699,,0.461
pb_cnn_25,sweep_all,Paired-Biases,CNN,synthetic,atau,200,current_mixture,0.2,10,1e-12,width,0.0,2,a_tau,5.455321115357702,,1.209
pb_cnn_25,sweep_all,Paired-Biases,CNN,synthetic,atau,200,current_mixture,0.2,10,1e-12,width,0.0,3,a_tau,5.648974238161206,,0.283
pb_cnn_25,sweep_all,Paired-Biases,CNN,synthetic,atau,200,current_mixture,0.2,10,1e-12,width,0.0,4,a_tau,5.762051382780177,,1.172
pb_cnn_25,sweep_all,Paired-Biases,CNN,synthetic,atau,200,current_mixture,0.2,10,1e-12,width,0.0,5,a_tau,5.6240175061873385,,0.276
pb_cnn_25,sweep_all,Paired-Biases,CNN,synthetic,atau,200,current_mixture,0.2,10,1e-12,width,0.0,6,a_tau,5.805134968916488,,1.411
pb_cnn_25,sweep_all,Paired-Biases,CNN,synthetic,atau,200,current_mixture,0.2,10,1e-12,width,0.0,7,a_tau,5.58724865840025,,0.525
pb_cnn_25,sweep_all,Paired-Biases,CNN,synthetic,atau,200,current_mixture,0.2,20,1e-12,width,0.0,0,a_tau,5.739792912179234,,0.47
pb_cnn_25,sweep_all,Paired-Biases,CNN,synthetic,atau,200,current_mixture,0.2,20,1e-12,width,0.0,1,a_tau,5.929589143389895,,1.236
pb_cnn_25,sweep_all,Paired-Biases,CNN,synthetic,atau,200,current_mixture,0.2,20,1e-12,width,0.0,2,a_tau,5.87493073085203,,0.411
pb_cnn_25,sweep_all,Paired-Biases,CNN,synthetic,atau,200,current_mixture,0.2,20,1e-12,width,0.0,3,a_tau,5.877735781779639,,0.43
pb_cnn_25,sweep_all,Paired-Biases,CNN,synthetic,atau,200,current_mixture,0.2,20,1e-12,width,0.0,4,a_tau,5.8998973535824915,,1.478
pb_cnn_25,sweep_all,Paired-Biases,CNN,synthetic,atau,200,current_mixture,0.2,20,1e-12,width,0.0,5,a_tau,5.8664680569332965,,1.092
pb_cnn_25,sweep_all,Paired-Biases,CNN,synthetic,atau,200,current_mixture,0.2,20,1e-12,width,0.0,6,a_tau,5.942799375126701,,0.484
pb_cnn_25,sweep_all,Paired-Biases,CNN,synthetic,atau,200,current_mixture,0.2,20,1e-12,width,0.0,7,a_tau,5.932245187448011,,0.407
pb_cnn_25,sweep_all,Paired-Biases,CNN,synthetic,atau,200,current_mixture,0.5,5,1e-12,width,0.0,0,a_tau,3.9318256327243257,,0.497
pb_cnn_25,sweep_all,Paired-Biases,CNN,synthetic,atau,200,current_mixture,0.5,5,1e-12,width,0.0,1,a_tau,3.8918202981106265,,0.532
pb_cnn_25,sweep_all,Paired-Biases,CNN,synthetic,atau,200,current_mixture,0.5,5,1e-12,width,0.0,2,a_tau,3.912023005428146,,0.519
pb_cnn_25,sweep_all,Paired-Biases,CNN,synthetic,atau,200,current_mixture,0.5,5,1e-12,width,0.0,3,a_tau,3.5553480614894135,,0.592
pb_cnn_25,sweep_all,Paired-Biases,CNN,synthetic,atau,200,current_mixture,0.5,5,1e-12,width,0.0,4,a_tau,3.6375861597263857,,0.59
pb_cnn_25,sweep_all,Paired-Biases,CNN,synthetic,atau,200,current_mixture,0.5,5,1e-12,width,0.0,5,a_tau,3.7612001156935624,,1.329
pb_cnn_25,sweep_all,Paired-Biases,CNN,synthetic,atau,200,current_mixture,0.5,5,1e-12,width,0.0,6,a_tau,4.189654742026425,,0.519
pb_cnn_25,sweep_all,Paired-Biases,CNN,synthetic,atau,200,current_mixture,0.5,5,1e-12,width,0.0,7,a_tau,4.189654742026425,,0.598
pb_cnn_25,sweep_all,Paired-Biases,CNN,synthetic,atau,200,current_mixture,0.5,10,1e-12,width,0.0,0,a_tau,5.0369526024136295,,1.186
pb_cnn_25,sweep_all,Paired-Biases,CNN,synthetic,atau,200,current_mixture,0.5,10,1e-12,width,0.0,1,a_tau,4.709530201312334,,0.583
pb_cnn_25,sweep_all,Paired-Biases,CNN,synthetic,atau,200,current_mixture,0.5,10,1e-12,width,0.0,2,a_tau,4.356708826689592,,1.026
pb_cnn_25,sweep_all,Paired-Biases,CNN,synthetic,atau,200,current_mixture,0.5,10,1e-12,width,0.0,3,a_tau,5.1298987149230735,,0.533
pb_cnn_25,sweep_all,Paired-Biases,CNN,synthetic,atau,200,current_mixture,0.5,10,1e-12,width,0.0,4,a_tau,4.553876891600541,,1.163
pb_cnn_25,sweep_all,Paired-Biases,CNN,synthetic,atau,200,current_mixture,0.5,10,1e-12,width,0.0,5,a_tau,4.804021044733257,,0.579
pb_cnn_25,sweep_all,Paired-Biases,CNN,synthetic,atau,200,current_mixture,0.5,10,1e-12,width,0.0,6,a_tau,4.927253685157205,,1.082
pb_cnn_25,sweep_all,Paired-Biases,CNN,synthetic,atau,200,current_mixture,0.5,10,1e-12,width,0.0,7,a_tau,4.8283137373023015,,1.142
pb_cnn_25,sweep_all,Paired-Biases,CNN,synthetic,atau,200,current_mixture,0.5,20,1e-12,width,0.0,0,a_tau,4.962844630259907,,0.571
pb_cnn_25,sweep_all,Paired-Biases,CNN,synthetic,atau,200,current_mixture,0.5,20,1e-12,width,0.0,1,a_tau,5.602118820879701,,0.608
pb_cnn_25,sweep_all,Paired-Biases,CNN,synthetic,atau,200,current_mixture,0.5,20,1e-12,width,0.0,2,a_tau,5.676753802268282,,0.925
pb_cnn_25,sweep_all,Paired-Biases,CNN,synthetic,atau,200,current_mixture,0.5,20,1e-12,width,0.0,3,a_tau,5.198497031265826,,1.361
pb_cnn_25,sweep_all,Paired-Biases,CNN,synthetic,atau,200,current_mixture,0.5,20,1e-12,width,0.0,4,a_tau,5.318119993844216,,0.509
pb_cnn_25,sweep_all,Paired-Biases,CNN,synthetic,atau,200,current_mixture,0.5,20,1e-12,width,0.0,5,a_tau,5.10594547390058,,1.226
pb_cnn_25,sweep_all,Paired-Biases,CNN,synthetic,atau,200,current_mixture,0.5,20,1e-12,width,0.0,6,a_tau,5.662960480135946,,0.408
pb_cnn_25,sweep_all,Paired-Biases,CNN,synthetic,atau,200,current_mixture,0.5,20,1e-12,width,0.0,7,a_tau,5.442417710521793,,1.235
pb_cnn_24,sweep_all,Paired-Biases,CNN,synthetic,atau,200,current_mixture,0.05,5,1e-12,width,0.0,0,a_tau,5.991464547107982,,0.498
pb_cnn_24,sweep_all,Paired-Biases,CNN,synthetic,atau,200,current_mixture,0.05,5,1e-12,width,0.0,1,a_tau,5.983936280687191,,1.388
pb_cnn_24,sweep_all,Paired-Biases,CNN,synthetic,atau,200,current_mixture,0.05,5,1e-12,width,0.0,2,a_tau,5.988961416889864,,0.689
pb_cnn_24,sweep_all,Paired-Biases,CNN,synthetic,atau,200,current_mixture,0.05,5,1e-12,width,0.0,3,a_tau,5.983936280687191,,1.288
pb_cnn_24,sweep_all,Paired-Biases,CNN,synthetic,atau,200,current_mixture,0.05,5,1e-12,width,0.0,4,a_tau,5.981414211254481,,0.538
pb_cnn_24,sweep_all,Paired-Biases,CNN,synthetic,atau,200,current_mixture,0.05,5,1e-12,width,0.0,5,a_tau,5.986452005284438,,0.556
pb_cnn_24,sweep_all,Paired-Biases,CNN,synthetic,atau,200,current_mixture,0.05,5,1e-12,width,0.0,6,a_tau,5.986452005284438,,1.507
pb_cnn_24,sweep_all,Paired-Biases,CNN,synthetic,atau,200,current_mixture,0.05,5,1e-12,width,0.0,7,a_tau,5.986452005284438,,1.408
pb_cnn_24,sweep_all,Paired-Biases,CNN,synthetic,atau,200,current_mixture,0.05,10,1e-12,width,0.0,0,a_tau,5.986452005284438,,0.737
pb_cnn_24,sweep_all,Paired-Biases,CNN,synthetic,atau,200,current_mixture,0.05,10,1e-12,width,0.0,1,a_tau,5.991464547107982,,0.758
pb_cnn_24,sweep_all,Paired-Biases,CNN,synthetic,atau,200,current_mixture,0.05,10,1e-12,width,0.0,2,a_tau,5.988961416889864,,0.795
pb_cnn_24,sweep_all,Paired-Biases,CNN,synthetic,atau,200,current_mixture,0.05,10,1e-12,width,0.0,3,a_tau,5.991464547107982,,0.487
pb_cnn_24,sweep_all,Paired-Biases,CNN,synthetic,atau,200,current_mixture,0.05,10,1e-12,width,0.0,4,a_tau,5.988961416889864,,0.714
pb_cnn_24,sweep_all,Paired-Biases,CNN,synthetic,atau,200,current_mixture,0.05,10,1e-12,width,0.0,5,a_tau,5.986452005284438,,0.891
pb_cnn_24,sweep_all,Paired-Biases,CNN,synthetic,atau,200,current_mixture,0.05,10,1e-12,width,0.0,6,a_tau,5.988961416889864,,1.462
pb_cnn_24,sweep_all,Paired-Biases,CNN,synthetic,atau,200,current_mixture,0.05,10,1e-12,width,0.0,7,a_tau,5.988961416889864,,1.435
pb_cnn_24,sweep_all,Paired-Biases,CNN,synthetic,atau,200,current_mixture,0.05,20,1e-12,width,0.0,0,a_tau,5.991464547107982,,0.773
pb_cnn_24,sweep_all,Paired-Biases,CNN,synthetic,atau,200,current_mixture,0.05,20,1e-12,width,0.0,1,a_tau,5.991464547107982,,0.909
pb_cnn_24,sweep_all,Paired-Biases,CNN,synthetic,atau,200,current_mixture,0.05,20,1e-12,width,0.0,2,a_tau,5.991464547107982,,0.903
pb_cnn_24,sweep_all,Paired-Biases,CNN,synthetic,atau,200,current_mixture,0.05,20,1e-12,width,0.0,3,a_tau,5.991464547107982,,0.789
pb_cnn_24,sweep_all,Paired-Biases,CNN,synthetic,atau,200,current_mixture,0.05,20,1e-12,width,0.0,4,a_tau,5.991464547107982,,0.882
pb_cnn_24,sweep_all,Paired-Biases,CNN,synthetic,atau,200,current_mixture,0.05,20,1e-12,width,0.0,5,a_tau,5.988961416889864,,0.843
pb_cnn_24,sweep_all,Paired-Biases,CNN,synthetic,atau,200,current_mixture,0.05,20,1e-12,width,0.0,6,a_tau,5.991464547107982,,0.851
pb_cnn_24,sweep_all,Paired-Biases,CNN,synthetic,atau,200,current_mixture,0.05,20,1e-12,width,0.0,7,a_tau,5.991464547107982,,1.338
pb_cnn_24,sweep_all,Paired-Biases,CNN,synthetic,atau,200,current_mixture,0.1,5,1e-12,width,0.0,0,a_tau,5.968707559985366,,0.811
pb_cnn_24,sweep_all,Paired-Biases,CNN,synthetic,atau,200,current_mixture,0.1,5,1e-12,width,0.0,1,a_tau,5.926926025970411,,1.303
pb_cnn_24,sweep_all,Paired-Biases,CNN,synthetic,atau,200,current_mixture,0.1,5,1e-12,width,0.0,2,a_tau,5.91350300563827,,0.936
pb_cnn_24,sweep_all,Paired-Biases,CNN,synthetic,atau,200,current_mixture,0.1,5,1e-12,width,0.0,3,a_tau,5.963579343618446,,1.405
pb_cnn_24,sweep_all,Paired-Biases,CNN,synthetic,atau,200,current_mixture,0.1,5,1e-12,width,0.0,4,a_tau,5.937536205082426,,0.918
pb_cnn_24,sweep_all,Paired-Biases,CNN,synthetic,atau,200,current_mixture,0.1,5,1e-12,width,0.0,5,a_tau,5.929589143389895,,1.454
pb_cnn_24,sweep_all,Paired-Biases,CNN,synthetic,atau,200,current_mixture,0.1,5,1e-12,width,0.0,6,a_tau,5.978885764901122,,1.229
pb_cnn_24,sweep_all,Paired-Biases,CNN,synthetic,atau,200,current_mixture,0.1,5,1e-12,width,0.0,7,a_tau,5.963579343618446,,0.901
pb_cnn_24,sweep_all,Paired-Biases,CNN,synthetic,atau,200,current_mixture,0.1,10,1e-12,width,0.0,0,a_tau,5.981414211254481,,1.272
pb_cnn_24,sweep_all,Paired-Biases,CNN,synthetic,atau,200,current_mixture,0.1,10,1e-12,width,0.0,1,a_tau,5.976350909297934,,0.902
pb_cnn_24,sweep_all,Paired-Biases,CNN,synthetic,atau,200,current_mixture,0.1,10,1e-12,width,0.0,2,a_tau,5.988961416889864,,0.894
pb_cnn_24,sweep_all,Paired-Biases,CNN,synthetic,atau,200,current_mixture,0.1,10,1e-12,width,0.0,3,a_tau,5.981414211254481,,0.803
pb_cnn_24,sweep_all,Paired-Biases,CNN,synthetic,atau,200,current_mixture,0.1,10,1e-12,width,0.0,4,a_tau,5.986452005284438,,0.838
pb_cnn_24,sweep_all,Paired-Biases,CNN,synthetic,atau,200,current_mixture,0.1,10,1e-12,width,0.0,5,a_tau,5.983936280687191,,0.925
pb_cnn_24,sweep_all,Paired-Biases,CNN,synthetic,atau,200,current_mixture,0.1,10,1e-12,width,0.0,6,a_tau,5.986452005284438,,0.758
pb_cnn_24,sweep_all,Paired-Biases,CNN,synthetic,atau,200,current_mixture,0.1,10,1e-12,width,0.0,7,a_tau,5.986452005284438,,1.567
pb_cnn_24,sweep_all,Paired-Biases,CNN,synthetic,atau,200,current_mixture,0.1,20,1e-12,width,0.0,0,a_tau,5.981414211254481,,1.383
pb_cnn_24,sweep_all,Paired-Biases,CNN,synthetic,atau,200,current_mixture,0.1,20,1e-12,width,0.0,1,a_tau,5.991464547107982,,1.602
pb_cnn_24,sweep_all,Paired-Biases,CNN,synthetic,atau,200,current_mixture,0.1,20,1e-12,width,0.0,2,a_tau,5.988961416889864,,1.343
pb_cnn_24,sweep_all,Paired-Biases,CNN,synthetic,atau,200,current_mixture,0.1,20,1e-12,width,0.0,3,a_tau,5.988961416889864,,0.763
pb_cnn_24,sweep_all,Paired-Biases,CNN,synthetic,atau,200,current_mixture,0.1,20,1e-12,width,0.0,4,a_tau,5.988961416889864,,1.333
pb_cnn_24,sweep_all,Paired-Biases,CNN,synthetic,atau,200,current_mixture,0.1,20,1e-12,width,0.0,5,a_tau,5.991464547107982,,0.771
pb_cnn_24,sweep_all,Paired-Biases,CNN,synthetic,atau,200,current_mixture,0.1,20,1e-12,width,0.0,6,a_tau,5.983936280687191,,1.391
pb_cnn_24,sweep_all,Paired-Biases,CNN,synthetic,atau,200,current_mixture,0.1,20,1e-12,width,0.0,7,a_tau,5.986452005284438,,0.876
pb_cnn_24,sweep_all,Paired-Biases,CNN,synthetic,atau,200,current_mixture,0.2,5,1e-12,width,0.0,0,a_tau,5.6937321388027,,0.75
pb_cnn_24,sweep_all,Paired-Biases,CNN,synthetic,atau,200,current_mixture,0.2,5,1e-12,width,0.0,1,a_tau,5.575949103146316,,1.405
pb_cnn_24,sweep_all,Paired-Biases,CNN,synthetic,atau,200,current_mixture,0.2,5,1e-12,width,0.0,2,a_tau,5.4680601411351315,,0.775
pb_cnn_24,sweep_all,Paired-Biases,CNN,synthetic,atau,200,current_mixture,0.2,5,1e-12,width,0.0,3,a_tau,5.631211781821365,,0.659
pb_cnn_24,sweep_all,Paired-Biases,CNN,synthetic,atau,200,current_mixture,0.2,5,1e-12,width,0.0,4,a_tau,5.44673737166631,,0.656
pb_cnn_24,sweep_all,Paired-Biases,CNN,synthetic,atau,200,current_mixture,0.2,5,1e-12,width,0.0,5,a_tau,5.645446897643238,,1.277
pb_cnn_24,sweep_all,Paired-Biases,CNN,synthetic,atau,200,current_mixture,0.2,5,1e-12,width,0.0,6,a_tau,5.8805329864007,,0.765
pb_cnn_24,sweep_all,Paired-Biases,CNN,synthetic,atau,200,current_mixture,0.2,5,1e-12,width,0.0,7,a_tau,5.739792912179234,,1.314
pb_cnn_24,sweep_all,Paired-Biases,CNN,synthetic,atau,200,current_mixture,0.2,10,1e-12,width,0.0,0,a_tau,5.945420608606575,,0.86
pb_cnn_24,sweep_all,Paired-Biases,CNN,synthetic,atau,200,current_mixture,0.2,10,1e-12,width,0.0,1,a_tau,5.902633333401366,,0.872
pb_cnn_24,sweep_all,Paired-Biases,CNN,synthetic,atau,200,current_mixture,0.2,10,1e-12,width,0.0,2,a_tau,5.91350300563827,,0.871
pb_cnn_24,sweep_all,Paired-Biases,CNN,synthetic,atau,200,current_mixture,0.2,10,1e-12,width,0.0,3,a_tau,5.937536205082426,,0.919
pb_cnn_24,sweep_all,Paired-Biases,CNN,synthetic,atau,200,current_mixture,0.2,10,1e-12,width,0.0,4,a_tau,5.945420608606575,,1.24
pb_cnn_24,sweep_all,Paired-Biases,CNN,synthetic,atau,200,current_mixture,0.2,10,1e-12,width,0.0,5,a_tau,5.953243334287785,,1.453
pb_cnn_24,sweep_all,Paired-Biases,CNN,synthetic,atau,200,current_mixture,0.2,10,1e-12,width,0.0,6,a_tau,5.953243334287785,,1.287
pb_cnn_24,sweep_all,Paired-Biases,CNN,synthetic,atau,200,current_mixture,0.2,10,1e-12,width,0.0,7,a_tau,5.863631175598097,,0.853
pb_cnn_24,sweep_all,Paired-Biases,CNN,synthetic,atau,200,current_mixture,0.2,20,1e-12,width,0.0,0,a_tau,5.958424693029782,,1.295
pb_cnn_24,sweep_all,Paired-Biases,CNN,synthetic,atau,200,current_mixture,0.2,20,1e-12,width,0.0,1,a_tau,5.983936280687191,,1.061
pb_cnn_24,sweep_all,Paired-Biases,CNN,synthetic,atau,200,current_mixture,0.2,20,1e-12,width,0.0,2,a_tau,5.971261839790462,,1.15
pb_cnn_24,sweep_all,Paired-Biases,CNN,synthetic,atau,200,current_mixture,0.2,20,1e-12,width,0.0,3,a_tau,5.983936280687191,,1.38
pb_cnn_24,sweep_all,Paired-Biases,CNN,synthetic,atau,200,current_mixture,0.2,20,1e-12,width,0.0,4,a_tau,5.983936280687191,,1.025
pb_cnn_24,sweep_all,Paired-Biases,CNN,synthetic,atau,200,current_mixture,0.2,20,1e-12,width,0.0,5,a_tau,5.981414211254481,,0.81
pb_cnn_24,sweep_all,Paired-Biases,CNN,synthetic,atau,200,current_mixture,0.2,20,1e-12,width,0.0,6,a_tau,5.976350909297934,,1.132
pb_cnn_24,sweep_all,Paired-Biases,CNN,synthetic,atau,200,current_mixture,0.2,20,1e-12,width,0.0,7,a_tau,5.976350909297934,,0.777
pb_cnn_24,sweep_all,Paired-Biases,CNN,synthetic,atau,200,current_mixture,0.5,5,1e-12,width,0.0,0,a_tau,4.700480365792417,,1.136
pb_cnn_24,sweep_all,Paired-Biases,CNN,synthetic,atau,200,current_mixture,0.5,5,1e-12,width,0.0,1,a_tau,4.663439094112067,,1.478
pb_cnn_24,sweep_all,Paired-Biases,CNN,synthetic,atau,200,current_mixture,0.5,5,1e-12,width,0.0,2,a_tau,4.499809670330265,,0.999
pb_cnn_24,sweep_all,Paired-Biases,CNN,synthetic,atau,200,current_mixture,0.5,5,1e-12,width,0.0,3,a_tau,4.465908118654584,,0.883
pb_cnn_24,sweep_all,Paired-Biases,CNN,synthetic,atau,200,current_mixture,0.5,5,1e-12,width,0.0,4,a_tau,4.060443010546419,,1.392
pb_cnn_24,sweep_all,Paired-Biases,CNN,synthetic,atau,200,current_mixture,0.5,5,1e-12,width,0.0,5,a_tau,4.59511985013459,,1.573
pb_cnn_24,sweep_all,Paired-Biases,CNN,synthetic,atau,200,current_mixture,0.5,5,1e-12,width,0.0,6,a_tau,5.231108616854587,,1.254
pb_cnn_24,sweep_all,Paired-Biases,CNN,synthetic,atau,200,current_mixture,0.5,5,1e-12,width,0.0,7,a_tau,4.804021044733257,,1.053
pb_cnn_24,sweep_all,Paired-Biases,CNN,synthetic,atau,200,current_mixture,0.5,10,1e-12,width,0.0,0,a_tau,5.616771097666572,,1.444
pb_cnn_24,sweep_all,Paired-Biases,CNN,synthetic,atau,200,current_mixture,0.5,10,1e-12,width,0.0,1,a_tau,5.365976015021851,,0.981
pb_cnn_24,sweep_all,Paired-Biases,CNN,synthetic,atau,200,current_mixture,0.5,10,1e-12,width,0.0,2,a_tau,5.135798437050262,,0.885
pb_cnn_24,sweep_all,Paired-Biases,CNN,synthetic,atau,200,current_mixture,0.5,10,1e-12,width,0.0,3,a_tau,5.680172609017068,,0.856
pb_cnn_24,sweep_all,Paired-Biases,CNN,synthetic,atau,200,current_mixture,0.5,10,1e-12,width,0.0,4,a_tau,5.6240175061873385,,1.397
pb_cnn_24,sweep_all,Paired-Biases,CNN,synthetic,atau,200,current_mixture,0.5,10,1e-12,width,0.0,5,a_tau,5.594711379601839,,1.045
pb_cnn_24,sweep_all,Paired-Biases,CNN,synthetic,atau,200,current_mixture,0.5,10,1e-12,width,0.0,6,a_tau,5.680172609017068,,1.03
pb_cnn_24,sweep_all,Paired-Biases,CNN,synthetic,atau,200,current_mixture,0.5,10,1e-12,width,0.0,7,a_tau,5.455321115357702,,1.321
pb_cnn_24,sweep_all,Paired-Biases,CNN,synthetic,atau,200,current_mixture,0.5,20,1e-12,width,0.0,0,a_tau,5.8377304471659395,,1.327
pb_cnn_24,sweep_all,Paired-Biases,CNN,synthetic,atau,200,current_mixture,0.5,20,1e-12,width,0.0,1,a_tau,5.8998973535824915,,1.393
pb_cnn_24,sweep_all,Paired-Biases,CNN,synthetic,atau,200,current_mixture,0.5,20,1e-12,width,0.0,2,a_tau,5.783825182329737,,0.811
pb_cnn_24,sweep_all,Paired-Biases,CNN,synthetic,atau,200,current_mixture,0.5,20,1e-12,width,0.0,3,a_tau,5.849324779946859,,0.996
pb_cnn_24,sweep_all,Paired-Biases,CNN,synthetic,atau,200,current_mixture,0.5,20,1e-12,width,0.0,4,a_tau,5.905361848054571,,1.207
pb_cnn_24,sweep_all,Paired-Biases,CNN,synthetic,atau,200,current_mixture,0.5,20,1e-12,width,0.0,5,a_tau,5.786897381366708,,0.883
pb_cnn_24,sweep_all,Paired-Biases,CNN,synthetic,atau,200,current_mixture,0.5,20,1e-12,width,0.0,6,a_tau,5.91350300563827,,0.892
pb_cnn_24,sweep_all,Paired-Biases,CNN,synthetic,atau,200,current_mixture,0.5,20,1e-12,width,0.0,7,a_tau,5.8522024797744745,,0.839
pb_cnn_22,sweep_all,Paired-Biases,CNN,synthetic,atau,200,current_mixture,0.05,5,1e-12,width,0.0,0,a_tau,5.988961416889864,,0.919
pb_cnn_22,sweep_all,Paired-Biases,CNN,synthetic,atau,200,current_mixture,0.05,5,1e-12,width,0.0,1,a_tau,5.988961416889864,,1.444
pb_cnn_22,sweep_all,Paired-Biases,CNN,synthetic,atau,200,current_mixture,0.05,5,1e-12,width,0.0,2,a_tau,5.986452005284438,,0.889
pb_cnn_22,sweep_all,Paired-Biases,CNN,synthetic,atau,200,current_mixture,0.05,5,1e-12,width,0.0,3,a_tau,5.991464547107982,,1.114
pb_cnn_22,sweep_all,Paired-Biases,CNN,synthetic,atau,200,current_mixture,0.05,5,1e-12,width,0.0,4,a_tau,5.986452005284438,,1.065
pb_cnn_22,sweep_all,Paired-Biases,CNN,synthetic,atau,200,current_mixture,0.05,5,1e-12,width,0.0,5,a_tau,5.988961416889864,,0.753
pb_cnn_22,sweep_all,Paired-Biases,CNN,synthetic,atau,200,current_mixture,0.05,5,1e-12,width,0.0,6,a_tau,5.991464547107982,,0.947
pb_cnn_22,sweep_all,Paired-Biases,CNN,synthetic,atau,200,current_mixture,0.05,5,1e-12,width,0.0,7,a_tau,5.986452005284438,,1.545
pb_cnn_22,sweep_all,Paired-Biases,CNN,synthetic,atau,200,current_mixture,0.05,10,1e-12,width,0.0,0,a_tau,5.991464547107982,,0.934
pb_cnn_22,sweep_all,Paired-Biases,CNN,synthetic,atau,200,current_mixture,0.05,10,1e-12,width,0.0,1,a_tau,5.988961416889864,,1.619
pb_cnn_22,sweep_all,Paired-Biases,CNN,synthetic,atau,200,current_mixture,0.05,10,1e-12,width,0.0,2,a_tau,5.988961416889864,,0.817
pb_cnn_22,sweep_all,Paired-Biases,CNN,synthetic,atau,200,current_mixture,0.05,10,1e-12,width,0.0,3,a_tau,5.991464547107982,,0.988
pb_cnn_22,sweep_all,Paired-Biases,CNN,synthetic,atau,200,current_mixture,0.05,10,1e-12,width,0.0,4,a_tau,5.991464547107982,,0.947
pb_cnn_22,sweep_all,Paired-Biases,CNN,synthetic,atau,200,current_mixture,0.05,10,1e-12,width,0.0,5,a_tau,5.991464547107982,,1.367
pb_cnn_22,sweep_all,Paired-Biases,CNN,synthetic,atau,200,current_mixture,0.05,10,1e-12,width,0.0,6,a_tau,5.988961416889864,,1.341
pb_cnn_22,sweep_all,Paired-Biases,CNN,synthetic,atau,200,current_mixture,0.05,10,1e-12,width,0.0,7,a_tau,5.991464547107982,,0.962
pb_cnn_22,sweep_all,Paired-Biases,CNN,synthetic,atau,200,current_mixture,0.05,20,1e-12,width,0.0,0,a_tau,5.991464547107982,,0.866
pb_cnn_22,sweep_all,Paired-Biases,CNN,synthetic,atau,200,current_mixture,0.05,20,1e-12,width,0.0,1,a_tau,5.991464547107982,,0.924
pb_cnn_22,sweep_all,Paired-Biases,CNN,synthetic,atau,200,current_mixture,0.05,20,1e-12,width,0.0,2,a_tau,5.991464547107982,,0.885
pb_cnn_22,sweep_all,Paired-Biases,CNN,synthetic,atau,200,current_mixture,0.05,20,1e-12,width,0.0,3,a_tau,5.991464547107982,,1.137
pb_cnn_22,sweep_all,Paired-Biases,CNN,synthetic,atau,200,current_mixture,0.05,20,1e-12,width,0.0,4,a_tau,5.991464547107982,,1.264
pb_cnn_22,sweep_all,Paired-Biases,CNN,synthetic,atau,200,current_mixture,0.05,20,1e-12,width,0.0,5,a_tau,5.991464547107982,,1.545
pb_cnn_22,sweep_all,Paired-Biases,CNN,synthetic,atau,200,current_mixture,0.05,20,1e-12,width,0.0,6,a_tau,5.991464547107982,,0.94
pb_cnn_22,sweep_all,Paired-Biases,CNN,synthetic,atau,200,current_mixture,0.05,20,1e-12,width,0.0,7,a_tau,5.991464547107982,,0.855
pb_cnn_22,sweep_all,Paired-Biases,CNN,synthetic,atau,200,current_mixture,0.1,5,1e-12,width,0.0,0,a_tau,5.963579343618446,,0.78
pb_cnn_22,sweep_all,Paired-Biases,CNN,synthetic,atau,200,current_mixture,0.1,5,1e-12,width,0.0,1,a_tau,5.973809611869261,,0.896
pb_cnn_22,sweep_all,Paired-Biases,CNN,synthetic,atau,200,current_mixture,0.1,5,1e-12,width,0.0,2,a_tau,5.973809611869261,,1.457
pb_cnn_22,sweep_all,Paired-Biases,CNN,synthetic,atau,200,current_mixture,0.1,5,1e-12,width,0.0,3,a_tau,5.981414211254481,,0.888
pb_cnn_22,sweep_all,Paired-Biases,CNN,synthetic,atau,200,current_mixture,0.1,5,1e-12,width,0.0,4,a_tau,5.966146739123692,,0.856
pb_cnn_22,sweep_all,Paired-Biases,CNN,synthetic,atau,200,current_mixture,0.1,5,1e-12,width,0.0,5,a_tau,5.973809611869261,,1.351
pb_cnn_22,sweep_all,Paired-Biases,CNN,synthetic,atau,200,current_mixture,0.1,5,1e-12,width,0.0,6,a_tau,5.966146739123692,,1.455
pb_cnn_22,sweep_all,Paired-Biases,CNN,synthetic,atau,200,current_mixture,0.1,5,1e-12,width,0.0,7,a_tau,5.953243334287785,,0.804
pb_cnn_22,sweep_all,Paired-Biases,CNN,synthetic,atau,200,current_mixture,0.1,10,1e-12,width,0.0,0,a_tau,5.983936280687191,,1.25
pb_cnn_22,sweep_all,Paired-Biases,CNN,synthetic,atau,200,current_mixture,0.1,10,1e-12,width,0.0,1,a_tau,5.983936280687191,,0.796
pb_cnn_22,sweep_all,Paired-Biases,CNN,synthetic,atau,200,current_mixture,0.1,10,1e-12,width,0.0,2,a_tau,5.983936280687191,,0.758
pb_cnn_22,sweep_all,Paired-Biases,CNN,synthetic,atau,200,current_mixture,0.1,10,1e-12,width,0.0,3,a_tau,5.983936280687191,,1.449
pb_cnn_22,sweep_all,Paired-Biases,CNN,synthetic,atau,200,current_mixture,0.1,10,1e-12,width,0.0,4,a_tau,5.978885764901122,,1.406
pb_cnn_22,sweep_all,Paired-Biases,CNN,synthetic,atau,200,current_mixture,0.1,10,1e-12,width,0.0,5,a_tau,5.988961416889864,,1.473
pb_cnn_22,sweep_all,Paired-Biases,CNN,synthetic,atau,200,current_mixture,0.1,10,1e-12,width,0.0,6,a_tau,5.973809611869261,,0.718
pb_cnn_22,sweep_all,Paired-Biases,CNN,synthetic,atau,200,current_mixture,0.1,10,1e-12,width,0.0,7,a_tau,5.988961416889864,,0.792
pb_cnn_22,sweep_all,Paired-Biases,CNN,synthetic,atau,200,current_mixture,0.1,20,1e-12,width,0.0,0,a_tau,5.988961416889864,,0.67
pb_cnn_22,sweep_all,Paired-Biases,CNN,synthetic,atau,200,current_mixture,0.1,20,1e-12,width,0.0,1,a_tau,5.986452005284438,,0.768
pb_cnn_22,sweep_all,Paired-Biases,CNN,synthetic,atau,200,current_mixture,0.1,20,1e-12,width,0.0,2,a_tau,5.988961416889864,,0.659
pb_cnn_22,sweep_all,Paired-Biases,CNN,synthetic,atau,200,current_mixture,0.1,20,1e-12,width,0.0,3,a_tau,5.986452005284438,,0.764
pb_cnn_22,sweep_all,Paired-Biases,CNN,synthetic,atau,200,current_mixture,0.1,20,1e-12,width,0.0,4,a_tau,5.988961416889864,,0.789
pb_cnn_22,sweep_all,Paired-Biases,CNN,synthetic,atau,200,current_mixture,0.1,20,1e-12,width,0.0,5,a_tau,5.991464547107982,,1.409
pb_cnn_22,sweep_all,Paired-Biases,CNN,synthetic,atau,200,current_mixture,0.1,20,1e-12,width,0.0,6,a_tau,5.988961416889864,,2.045
pb_cnn_22,sweep_all,Paired-Biases,CNN,synthetic,atau,200,current_mixture,0.1,20,1e-12,width,0.0,7,a_tau,5.983936280687191,,1.568
pb_cnn_22,sweep_all,Paired-Biases,CNN,synthetic,atau,200,current_mixture,0.2,5,1e-12,width,0.0,0,a_tau,5.877735781779639,,1.349
pb_cnn_22,sweep_all,Paired-Biases,CNN,synthetic,atau,200,current_mixture,0.2,5,1e-12,width,0.0,1,a_tau,5.87493073085203,,1.66
pb_cnn_22,sweep_all,Paired-Biases,CNN,synthetic,atau,200,current_mixture,0.2,5,1e-12,width,0.0,2,a_tau,5.918893854273146,,0.827
pb_cnn_22,sweep_all,Paired-Biases,CNN,synthetic,atau,200,current_mixture,0.2,5,1e-12,width,0.0,3,a_tau,5.8944028342648505,,0.762
pb_cnn_22,sweep_all,Paired-Biases,CNN,synthetic,atau,200,current_mixture,0.2,5,1e-12,width,0.0,4,a_tau,5.910796644040527,,0.8
pb_cnn_22,sweep_all,Paired-Biases,CNN,synthetic,atau,200,current_mixture,0.2,5,1e-12,width,0.0,5,a_tau,5.926926025970411,,1.514
pb_cnn_22,sweep_all,Paired-Biases,CNN,synthetic,atau,200,current_mixture,0.2,5,1e-12,width,0.0,6,a_tau,5.932245187448011,,0.895
pb_cnn_22,sweep_all,Paired-Biases,CNN,synthetic,atau,200,current_mixture,0.2,5,1e-12,width,0.0,7,a_tau,5.8971538676367405,,0.785
pb_cnn_22,sweep_all,Paired-Biases,CNN,synthetic,atau,200,current_mixture,0.2,10,1e-12,width,0.0,0,a_tau,5.948034989180646,,0.701
pb_cnn_22,sweep_all,Paired-Biases,CNN,synthetic,atau,200,current_mixture,0.2,10,1e-12,width,0.0,1,a_tau,5.937536205082426,,0.726
pb_cnn_22,sweep_all,Paired-Biases,CNN,synthetic,atau,200,current_mixture,0.2,10,1e-12,width,0.0,2,a_tau,5.958424693029782,,1.478
pb_cnn_22,sweep_all,Paired-Biases,CNN,synthetic,atau,200,current_mixture,0.2,10,1e-12,width,0.0,3,a_tau,5.961005339623274,,0.701
pb_cnn_22,sweep_all,Paired-Biases,CNN,synthetic,atau,200,current_mixture,0.2,10,1e-12,width,0.0,4,a_tau,5.963579343618446,,0.697
pb_cnn_22,sweep_all,Paired-Biases,CNN,synthetic,atau,200,current_mixture,0.2,10,1e-12,width,0.0,5,a_tau,5.961005339623274,,0.803
pb_cnn_22,sweep_all,Paired-Biases,CNN,synthetic,atau,200,current_mixture,0.2,10,1e-12,width,0.0,6,a_tau,5.950642552587727,,1.412
pb_cnn_22,sweep_all,Paired-Biases,CNN,synthetic,atau,200,current_mixture,0.2,10,1e-12,width,0.0,7,a_tau,5.924255797414532,,1.5
pb_cnn_22,sweep_all,Paired-Biases,CNN,synthetic,atau,200,current_mixture,0.2,20,1e-12,width,0.0,0,a_tau,5.966146739123692,,1.381
pb_cnn_22,sweep_all,Paired-Biases,CNN,synthetic,atau,200,current_mixture,0.2,20,1e-12,width,0.0,1,a_tau,5.968707559985366,,0.808
pb_cnn_22,sweep_all,Paired-Biases,CNN,synthetic,atau,200,current_mixture,0.2,20,1e-12,width,0.0,2,a_tau,5.973809611869261,,0.634
pb_cnn_22,sweep_all,Paired-Biases,CNN,synthetic,atau,200,current_mixture,0.2,20,1e-12,width,0.0,3,a_tau,5.978885764901122,,1.494
pb_cnn_22,sweep_all,Paired-Biases,CNN,synthetic,atau,200,current_mixture,0.2,20,1e-12,width,0.0,4,a_tau,5.981414211254481,,1.504
pb_cnn_22,sweep_all,Paired-Biases,CNN,synthetic,atau,200,current_mixture,0.2,20,1e-12,width,0.0,5,a_tau,5.973809611869261,,0.73
pb_cnn_22,sweep_all,Paired-Biases,CNN,synthetic,atau,200,current_mixture,0.2,20,1e-12,width,0.0,6,a_tau,5.968707559985366,,0.695
pb_cnn_22,sweep_all,Paired-Biases,CNN,synthetic,atau,200,current_mixture,0.2,20,1e-12,width,0.0,7,a_tau,5.976350909297934,,0.803
pb_cnn_22,sweep_all,Paired-Biases,CNN,synthetic,atau,200,current_mixture,0.5,5,1e-12,width,0.0,0,a_tau,5.420534999272286,,0.602
pb_cnn_22,sweep_all,Paired-Biases,CNN,synthetic,atau,200,current_mixture,0.5,5,1e-12,width,0.0,1,a_tau,5.459585514144159,,1.438
pb_cnn_22,sweep_all,Paired-Biases,CNN,synthetic,atau,200,current_mixture,0.5,5,1e-12,width,0.0,2,a_tau,5.572154032177765,,1.575
pb_cnn_22,sweep_all,Paired-Biases,CNN,synthetic,atau,200,current_mixture,0.5,5,1e-12,width,0.0,3,a_tau,5.375278407684165,,1.549
pb_cnn_22,sweep_all,Paired-Biases,CNN,synthetic,atau,200,current_mixture,0.5,5,1e-12,width,0.0,4,a_tau,5.375278407684165,,0.923
pb_cnn_22,sweep_all,Paired-Biases,CNN,synthetic,atau,200,current_mixture,0.5,5,1e-12,width,0.0,5,a_tau,5.545177444479562,,0.745
pb_cnn_22,sweep_all,Paired-Biases,CNN,synthetic,atau,200,current_mixture,0.5,5,1e-12,width,0.0,6,a_tau,5.652489180268651,,0.729
pb_cnn_22,sweep_all,Paired-Biases,CNN,synthetic,atau,200,current_mixture,0.5,5,1e-12,width,0.0,7,a_tau,5.484796933490655,,0.79
pb_cnn_22,sweep_all,Paired-Biases,CNN,synthetic,atau,200,current_mixture,0.5,10,1e-12,width,0.0,0,a_tau,5.849324779946859,,0.799
pb_cnn_22,sweep_all,Paired-Biases,CNN,synthetic,atau,200,current_mixture,0.5,10,1e-12,width,0.0,1,a_tau,5.811140992976701,,0.799
pb_cnn_22,sweep_all,Paired-Biases,CNN,synthetic,atau,200,current_mixture,0.5,10,1e-12,width,0.0,2,a_tau,5.902633333401366,,1.58
pb_cnn_22,sweep_all,Paired-Biases,CNN,synthetic,atau,200,current_mixture,0.5,10,1e-12,width,0.0,3,a_tau,5.84354441703136,,0.781
pb_cnn_22,sweep_all,Paired-Biases,CNN,synthetic,atau,200,current_mixture,0.5,10,1e-12,width,0.0,4,a_tau,5.8805329864007,,0.721
pb_cnn_22,sweep_all,Paired-Biases,CNN,synthetic,atau,200,current_mixture,0.5,10,1e-12,width,0.0,5,a_tau,5.883322388488279,,0.967
pb_cnn_22,sweep_all,Paired-Biases,CNN,synthetic,atau,200,current_mixture,0.5,10,1e-12,width,0.0,6,a_tau,5.860786223465865,,0.855
pb_cnn_22,sweep_all,Paired-Biases,CNN,synthetic,atau,200,current_mixture,0.5,10,1e-12,width,0.0,7,a_tau,5.840641657373398,,1.362
pb_cnn_22,sweep_all,Paired-Biases,CNN,synthetic,atau,200,current_mixture,0.5,20,1e-12,width,0.0,0,a_tau,5.910796644040527,,0.827
pb_cnn_22,sweep_all,Paired-Biases,CNN,synthetic,atau,200,current_mixture,0.5,20,1e-12,width,0.0,1,a_tau,5.934894195619588,,1.554
pb_cnn_22,sweep_all,Paired-Biases,CNN,synthetic,atau,200,current_mixture,0.5,20,1e-12,width,0.0,2,a_tau,5.934894195619588,,0.848
pb_cnn_22,sweep_all,Paired-Biases,CNN,synthetic,atau,200,current_mixture,0.5,20,1e-12,width,0.0,3,a_tau,5.934894195619588,,0.826
pb_cnn_22,sweep_all,Paired-Biases,CNN,synthetic,atau,200,current_mixture,0.5,20,1e-12,width,0.0,4,a_tau,5.942799375126701,,1.661
pb_cnn_22,sweep_all,Paired-Biases,CNN,synthetic,atau,200,current_mixture,0.5,20,1e-12,width,0.0,5,a_tau,5.953243334287785,,1.398
pb_cnn_22,sweep_all,Paired-Biases,CNN,synthetic,atau,200,current_mixture,0.5,20,1e-12,width,0.0,6,a_tau,5.926926025970411,,0.799
pb_cnn_22,sweep_all,Paired-Biases,CNN,synthetic,atau,200,current_mixture,0.5,20,1e-12,width,0.0,7,a_tau,5.918893854273146,,1.035
pb_cnn_33,sweep_all,Paired-Biases,CNN,synthetic,atau,200,current_mixture,0.05,5,1e-12,width,0.0,0,a_tau,5.986452005284438,,1.266
pb_cnn_33,sweep_all,Paired-Biases,CNN,synthetic,atau,200,current_mixture,0.05,5,1e-12,width,0.0,1,a_tau,5.983936280687191,,1.1
pb_cnn_33,sweep_all,Paired-Biases,CNN,synthetic,atau,200,current_mixture,0.05,5,1e-12,width,0.0,2,a_tau,5.983936280687191,,1.301
pb_cnn_33,sweep_all,Paired-Biases,CNN,synthetic,atau,200,current_mixture,0.05,5,1e-12,width,0.0,3,a_tau,5.988961416889864,,1.569
pb_cnn_33,sweep_all,Paired-Biases,CNN,synthetic,atau,200,current_mixture,0.05,5,1e-12,width,0.0,4,a_tau,5.988961416889864,,1.226
pb_cnn_33,sweep_all,Paired-Biases,CNN,synthetic,atau,200,current_mixture,0.05,5,1e-12,width,0.0,5,a_tau,5.981414211254481,,1.358
pb_cnn_33,sweep_all,Paired-Biases,CNN,synthetic,atau,200,current_mixture,0.05,5,1e-12,width,0.0,6,a_tau,5.983936280687191,,1.248
pb_cnn_33,sweep_all,Paired-Biases,CNN,synthetic,atau,200,current_mixture,0.05,5,1e-12,width,0.0,7,a_tau,5.988961416889864,,1.629
pb_cnn_33,sweep_all,Paired-Biases,CNN,synthetic,atau,200,current_mixture,0.05,10,1e-12,width,0.0,0,a_tau,5.991464547107982,,1.145
pb_cnn_33,sweep_all,Paired-Biases,CNN,synthetic,atau,200,current_mixture,0.05,10,1e-12,width,0.0,1,a_tau,5.991464547107982,,1.215
pb_cnn_33,sweep_all,Paired-Biases,CNN,synthetic,atau,200,current_mixture,0.05,10,1e-12,width,0.0,2,a_tau,5.991464547107982,,1.548
pb_cnn_33,sweep_all,Paired-Biases,CNN,synthetic,atau,200,current_mixture,0.05,10,1e-12,width,0.0,3,a_tau,5.991464547107982,,1.538
pb_cnn_33,sweep_all,Paired-Biases,CNN,synthetic,atau,200,current_mixture,0.05,10,1e-12,width,0.0,4,a_tau,5.991464547107982,,1.405
pb_cnn_33,sweep_all,Paired-Biases,CNN,synthetic,atau,200,current_mixture,0.05,10,1e-12,width,0.0,5,a_tau,5.991464547107982,,1.183
pb_cnn_33,sweep_all,Paired-Biases,CNN,synthetic,atau,200,current_mixture,0.05,10,1e-12,width,0.0,6,a_tau,5.991464547107982,,1.181
pb_cnn_33,sweep_all,Paired-Biases,CNN,synthetic,atau,200,current_mixture,0.05,10,1e-12,width,0.0,7,a_tau,5.991464547107982,,1.261
pb_cnn_33,sweep_all,Paired-Biases,CNN,synthetic,atau,200,current_mixture,0.05,20,1e-12,width,0.0,0,a_tau,5.991464547107982,,2.148
pb_cnn_33,sweep_all,Paired-Biases,CNN,synthetic,atau,200,current_mixture,0.05,20,1e-12,width,0.0,1,a_tau,5.991464547107982,,1.274
pb_cnn_33,sweep_all,Paired-Biases,CNN,synthetic,atau,200,current_mixture,0.05,20,1e-12,width,0.0,2,a_tau,5.991464547107982,,1.152
pb_cnn_33,sweep_all,Paired-Biases,CNN,synthetic,atau,200,current_mixture,0.05,20,1e-12,width,0.0,3,a_tau,5.991464547107982,,1.774
pb_cnn_33,sweep_all,Paired-Biases,CNN,synthetic,atau,200,current_mixture,0.05,20,1e-12,width,0.0,4,a_tau,5.991464547107982,,1.215
pb_cnn_33,sweep_all,Paired-Biases,CNN,synthetic,atau,200,current_mixture,0.05,20,1e-12,width,0.0,5,a_tau,5.991464547107982,,1.174
pb_cnn_33,sweep_all,Paired-Biases,CNN,synthetic,atau,200,current_mixture,0.05,20,1e-12,width,0.0,6,a_tau,5.991464547107982,,1.251
pb_cnn_33,sweep_all,Paired-Biases,CNN,synthetic,atau,200,current_mixture,0.05,20,1e-12,width,0.0,7,a_tau,5.991464547107982,,1.195
pb_cnn_33,sweep_all,Paired-Biases,CNN,synthetic,atau,200,current_mixture,0.1,5,1e-12,width,0.0,0,a_tau,5.8916442118257715,,1.09
pb_cnn_33,sweep_all,Paired-Biases,CNN,synthetic,atau,200,current_mixture,0.1,5,1e-12,width,0.0,1,a_tau,5.910796644040527,,1.031
pb_cnn_33,sweep_all,Paired-Biases,CNN,synthetic,atau,200,current_mixture,0.1,5,1e-12,width,0.0,2,a_tau,5.877735781779639,,1.008
pb_cnn_33,sweep_all,Paired-Biases,CNN,synthetic,atau,200,current_mixture,0.1,5,1e-12,width,0.0,3,a_tau,5.942799375126701,,1.468
pb_cnn_33,sweep_all,Paired-Biases,CNN,synthetic,atau,200,current_mixture,0.1,5,1e-12,width,0.0,4,a_tau,5.932245187448011,,1.558
pb_cnn_33,sweep_all,Paired-Biases,CNN,synthetic,atau,200,current_mixture,0.1,5,1e-12,width,0.0,5,a_tau,5.902633333401366,,1.494
pb_cnn_33,sweep_all,Paired-Biases,CNN,synthetic,atau,200,current_mixture,0.1,5,1e-12,width,0.0,6,a_tau,5.955837369464831,,1.119
pb_cnn_33,sweep_all,Paired-Biases,CNN,synthetic,atau,200,current_mixture,0.1,5,1e-12,width,0.0,7,a_tau,5.8916442118257715,,0.966
pb_cnn_33,sweep_all,Paired-Biases,CNN,synthetic,atau,200,current_mixture,0.1,10,1e-12,width,0.0,0,a_tau,5.978885764901122,,1.762
pb_cnn_33,sweep_all,Paired-Biases,CNN,synthetic,atau,200,current_mixture,0.1,10,1e-12,width,0.0,1,a_tau,5.968707559985366,,1.12
pb_cnn_33,sweep_all,Paired-Biases,CNN,synthetic,atau,200,current_mixture,0.1,10,1e-12,width,0.0,2,a_tau,5.973809611869261,,1.177
pb_cnn_33,sweep_all,Paired-Biases,CNN,synthetic,atau,200,current_mixture,0.1,10,1e-12,width,0.0,3,a_tau,5.981414211254481,,1.478
pb_cnn_33,sweep_all,Paired-Biases,CNN,synthetic,atau,200,current_mixture,0.1,10,1e-12,width,0.0,4,a_tau,5.971261839790462,,1.55
pb_cnn_33,sweep_all,Paired-Biases,CNN,synthetic,atau,200,current_mixture,0.1,10,1e-12,width,0.0,5,a_tau,5.971261839790462,,1.542
pb_cnn_33,sweep_all,Paired-Biases,CNN,synthetic,atau,200,current_mixture,0.1,10,1e-12,width,0.0,6,a_tau,5.981414211254481,,1.827
pb_cnn_33,sweep_all,Paired-Biases,CNN,synthetic,atau,200,current_mixture,0.1,10,1e-12,width,0.0,7,a_tau,5.986452005284438,,1.179
pb_cnn_33,sweep_all,Paired-Biases,CNN,synthetic,atau,200,current_mixture,0.1,20,1e-12,width,0.0,0,a_tau,5.986452005284438,,1.206
pb_cnn_33,sweep_all,Paired-Biases,CNN,synthetic,atau,200,current_mixture,0.1,20,1e-12,width,0.0,1,a_tau,5.986452005284438,,1.247
pb_cnn_33,sweep_all,Paired-Biases,CNN,synthetic,atau,200,current_mixture,0.1,20,1e-12,width,0.0,2,a_tau,5.988961416889864,,0.956
pb_cnn_33,sweep_all,Paired-Biases,CNN,synthetic,atau,200,current_mixture,0.1,20,1e-12,width,0.0,3,a_tau,5.983936280687191,,1.179
pb_cnn_33,sweep_all,Paired-Biases,CNN,synthetic,atau,200,current_mixture,0.1,20,1e-12,width,0.0,4,a_tau,5.988961416889864,,1.247
pb_cnn_33,sweep_all,Paired-Biases,CNN,synthetic,atau,200,current_mixture,0.1,20,1e-12,width,0.0,5,a_tau,5.991464547107982,,1.24
pb_cnn_33,sweep_all,Paired-Biases,CNN,synthetic,atau,200,current_mixture,0.1,20,1e-12,width,0.0,6,a_tau,5.991464547107982,,1.341
pb_cnn_33,sweep_all,Paired-Biases,CNN,synthetic,atau,200,current_mixture,0.1,20,1e-12,width,0.0,7,a_tau,5.991464547107982,,1.215
pb_cnn_33,sweep_all,Paired-Biases,CNN,synthetic,atau,200,current_mixture,0.2,5,1e-12,width,0.0,0,a_tau,5.4638318050256105,,1.092
pb_cnn_33,sweep_all,Paired-Biases,CNN,synthetic,atau,200,current_mixture,0.2,5,1e-12,width,0.0,1,a_tau,5.5134287461649825,,1.217
pb_cnn_33,sweep_all,Paired-Biases,CNN,synthetic,atau,200,current_mixture,0.2,5,1e-12,width,0.0,2,a_tau,5.351858133476067,,1.328
pb_cnn_33,sweep_all,Paired-Biases,CNN,synthetic,atau,200,current_mixture,0.2,5,1e-12,width,0.0,3,a_tau,5.521460917862246,,1.38
pb_cnn_33,sweep_all,Paired-Biases,CNN,synthetic,atau,200,current_mixture,0.2,5,1e-12,width,0.0,4,a_tau,5.442417710521793,,1.503
pb_cnn_33,sweep_all,Paired-Biases,CNN,synthetic,atau,200,current_mixture,0.2,5,1e-12,width,0.0,5,a_tau,5.541263545158426,,1.66
pb_cnn_33,sweep_all,Paired-Biases,CNN,synthetic,atau,200,current_mixture,0.2,5,1e-12,width,0.0,6,a_tau,5.662960480135946,,1.114
pb_cnn_33,sweep_all,Paired-Biases,CNN,synthetic,atau,200,current_mixture,0.2,5,1e-12,width,0.0,7,a_tau,5.420534999272286,,1.201
pb_cnn_33,sweep_all,Paired-Biases,CNN,synthetic,atau,200,current_mixture,0.2,10,1e-12,width,0.0,0,a_tau,5.730099782973574,,1.419
pb_cnn_33,sweep_all,Paired-Biases,CNN,synthetic,atau,200,current_mixture,0.2,10,1e-12,width,0.0,1,a_tau,5.814130531825066,,1.65
pb_cnn_33,sweep_all,Paired-Biases,CNN,synthetic,atau,200,current_mixture,0.2,10,1e-12,width,0.0,2,a_tau,5.82600010738045,,1.742
pb_cnn_33,sweep_all,Paired-Biases,CNN,synthetic,atau,200,current_mixture,0.2,10,1e-12,width,0.0,3,a_tau,5.84354441703136,,1.266
pb_cnn_33,sweep_all,Paired-Biases,CNN,synthetic,atau,200,current_mixture,0.2,10,1e-12,width,0.0,4,a_tau,5.886104031450156,,1.221
pb_cnn_33,sweep_all,Paired-Biases,CNN,synthetic,atau,200,current_mixture,0.2,10,1e-12,width,0.0,5,a_tau,5.805134968916488,,1.372
pb_cnn_33,sweep_all,Paired-Biases,CNN,synthetic,atau,200,current_mixture,0.2,10,1e-12,width,0.0,6,a_tau,5.932245187448011,,1.269
pb_cnn_33,sweep_all,Paired-Biases,CNN,synthetic,atau,200,current_mixture,0.2,10,1e-12,width,0.0,7,a_tau,5.811140992976701,,1.329
pb_cnn_33,sweep_all,Paired-Biases,CNN,synthetic,atau,200,current_mixture,0.2,20,1e-12,width,0.0,0,a_tau,5.934894195619588,,1.702
pb_cnn_33,sweep_all,Paired-Biases,CNN,synthetic,atau,200,current_mixture,0.2,20,1e-12,width,0.0,1,a_tau,5.963579343618446,,1.977
pb_cnn_33,sweep_all,Paired-Biases,CNN,synthetic,atau,200,current_mixture,0.2,20,1e-12,width,0.0,2,a_tau,5.955837369464831,,1.412
pb_cnn_33,sweep_all,Paired-Biases,CNN,synthetic,atau,200,current_mixture,0.2,20,1e-12,width,0.0,3,a_tau,5.926926025970411,,1.263
pb_cnn_33,sweep_all,Paired-Biases,CNN,synthetic,atau,200,current_mixture,0.2,20,1e-12,width,0.0,4,a_tau,5.958424693029782,,1.347
pb_cnn_33,sweep_all,Paired-Biases,CNN,synthetic,atau,200,current_mixture,0.2,20,1e-12,width,0.0,5,a_tau,5.966146739123692,,1.075
pb_cnn_33,sweep_all,Paired-Biases,CNN,synthetic,atau,200,current_mixture,0.2,20,1e-12,width,0.0,6,a_tau,5.978885764901122,,1.237
pb_cnn_33,sweep_all,Paired-Biases,CNN,synthetic,atau,200,current_mixture,0.2,20,1e-12,width,0.0,7,a_tau,5.953243334287785,,1.45
pb_cnn_33,sweep_all,Paired-Biases,CNN,synthetic,atau,200,current_mixture,0.5,5,1e-12,width,0.0,0,a_tau,4.700480365792417,,1.571
pb_cnn_33,sweep_all,Paired-Biases,CNN,synthetic,atau,200,current_mixture,0.5,5,1e-12,width,0.0,1,a_tau,4.23410650459726,,1.054
pb_cnn_33,sweep_all,Paired-Biases,CNN,synthetic,atau,200,current_mixture,0.5,5,1e-12,width,0.0,2,a_tau,4.07753744390572,,0.946
pb_cnn_33,sweep_all,Paired-Biases,CNN,synthetic,atau,200,current_mixture,0.5,5,1e-12,width,0.0,3,a_tau,4.465908118654584,,1.794
pb_cnn_33,sweep_all,Paired-Biases,CNN,synthetic,atau,200,current_mixture,0.5,5,1e-12,width,0.0,4,a_tau,4.465908118654584,,1.211
pb_cnn_33,sweep_all,Paired-Biases,CNN,synthetic,atau,200,current_mixture,0.5,5,1e-12,width,0.0,5,a_tau,4.406719247264253,,1.053
pb_cnn_33,sweep_all,Paired-Biases,CNN,synthetic,atau,200,current_mixture,0.5,5,1e-12,width,0.0,6,a_tau,4.61512051684126,,1.453
pb_cnn_33,sweep_all,Paired-Biases,CNN,synthetic,atau,200,current_mixture,0.5,5,1e-12,width,0.0,7,a_tau,4.3694478524670215,,1.666
pb_cnn_33,sweep_all,Paired-Biases,CNN,synthetic,atau,200,current_mixture,0.5,10,1e-12,width,0.0,0,a_tau,4.663439094112067,,1.672
pb_cnn_33,sweep_all,Paired-Biases,CNN,synthetic,atau,200,current_mixture,0.5,10,1e-12,width,0.0,1,a_tau,5.153291594497779,,2.181
pb_cnn_33,sweep_all,Paired-Biases,CNN,synthetic,atau,200,current_mixture,0.5,10,1e-12,width,0.0,2,a_tau,4.948759890378168,,1.349
pb_cnn_33,sweep_all,Paired-Biases,CNN,synthetic,atau,200,current_mixture,0.5,10,1e-12,width,0.0,3,a_tau,5.3471075307174685,,1.066
pb_cnn_33,sweep_all,Paired-Biases,CNN,synthetic,atau,200,current_mixture,0.5,10,1e-12,width,0.0,4,a_tau,5.117993812416755,,1.029
pb_cnn_33,sweep_all,Paired-Biases,CNN,synthetic,atau,200,current_mixture,0.5,10,1e-12,width,0.0,5,a_tau,5.170483995038151,,1.891
pb_cnn_33,sweep_all,Paired-Biases,CNN,synthetic,atau,200,current_mixture,0.5,10,1e-12,width,0.0,6,a_tau,5.5909869805108565,,1.374
pb_cnn_33,sweep_all,Paired-Biases,CNN,synthetic,atau,200,current_mixture,0.5,10,1e-12,width,0.0,7,a_tau,5.288267030694535,,1.115
pb_cnn_33,sweep_all,Paired-Biases,CNN,synthetic,atau,200,current_mixture,0.5,20,1e-12,width,0.0,0,a_tau,5.568344503761097,,1.103
pb_cnn_33,sweep_all,Paired-Biases,CNN,synthetic,atau,200,current_mixture,0.5,20,1e-12,width,0.0,1,a_tau,5.634789603169249,,1.465
pb_cnn_33,sweep_all,Paired-Biases,CNN,synthetic,atau,200,current_mixture,0.5,20,1e-12,width,0.0,2,a_tau,5.7745515455444085,,1.022
pb_cnn_33,sweep_all,Paired-Biases,CNN,synthetic,atau,200,current_mixture,0.5,20,1e-12,width,0.0,3,a_tau,5.683579767338681,,1.451
pb_cnn_33,sweep_all,Paired-Biases,CNN,synthetic,atau,200,current_mixture,0.5,20,1e-12,width,0.0,4,a_tau,5.455321115357702,,1.057
pb_cnn_33,sweep_all,Paired-Biases,CNN,synthetic,atau,200,current_mixture,0.5,20,1e-12,width,0.0,5,a_tau,5.777652323222656,,1.187
pb_cnn_33,sweep_all,Paired-Biases,CNN,synthetic,atau,200,current_mixture,0.5,20,1e-12,width,0.0,6,a_tau,5.805134968916488,,1.106
pb_cnn_33,sweep_all,Paired-Biases,CNN,synthetic,atau,200,current_mixture,0.5,20,1e-12,width,0.0,7,a_tau,5.7745515455444085,,1.111
pb_cnn_40,sweep_all,Paired-Biases,CNN,synthetic,atau,200,current_mixture,0.05,5,1e-12,width,0.0,0,a_tau,5.991464547107982,,9.461
pb_cnn_40,sweep_all,Paired-Biases,CNN,synthetic,atau,200,current_mixture,0.05,5,1e-12,width,0.0,1,a_tau,5.991464547107982,,13.955
pb_cnn_40,sweep_all,Paired-Biases,CNN,synthetic,atau,200,current_mixture,0.05,5,1e-12,width,0.0,2,a_tau,5.991464547107982,,9.847
pb_cnn_40,sweep_all,Paired-Biases,CNN,synthetic,atau,200,current_mixture,0.05,5,1e-12,width,0.0,3,a_tau,5.991464547107982,,13.76
pb_cnn_40,sweep_all,Paired-Biases,CNN,synthetic,atau,200,current_mixture,0.05,5,1e-12,width,0.0,4,a_tau,5.991464547107982,,13.684
pb_cnn_40,sweep_all,Paired-Biases,CNN,synthetic,atau,200,current_mixture,0.05,5,1e-12,width,0.0,5,a_tau,5.991464547107982,,11.574
pb_cnn_40,sweep_all,Paired-Biases,CNN,synthetic,atau,200,current_mixture,0.05,5,1e-12,width,0.0,6,a_tau,5.991464547107982,,10.942
pb_cnn_40,sweep_all,Paired-Biases,CNN,synthetic,atau,200,current_mixture,0.05,5,1e-12,width,0.0,7,a_tau,5.991464547107982,,13.842
pb_cnn_40,sweep_all,Paired-Biases,CNN,synthetic,atau,200,current_mixture,0.05,10,1e-12,width,0.0,0,a_tau,5.991464547107982,,13.217
pb_cnn_40,sweep_all,Paired-Biases,CNN,synthetic,atau,200,current_mixture,0.05,10,1e-12,width,0.0,1,a_tau,5.991464547107982,,9.222
pb_cnn_40,sweep_all,Paired-Biases,CNN,synthetic,atau,200,current_mixture,0.05,10,1e-12,width,0.0,2,a_tau,5.991464547107982,,13.945
pb_cnn_40,sweep_all,Paired-Biases,CNN,synthetic,atau,200,current_mixture,0.05,10,1e-12,width,0.0,3,a_tau,5.991464547107982,,12.043
pb_cnn_40,sweep_all,Paired-Biases,CNN,synthetic,atau,200,current_mixture,0.05,10,1e-12,width,0.0,4,a_tau,5.991464547107982,,9.84
pb_cnn_40,sweep_all,Paired-Biases,CNN,synthetic,atau,200,current_mixture,0.05,10,1e-12,width,0.0,5,a_tau,5.991464547107982,,12.805
pb_cnn_40,sweep_all,Paired-Biases,CNN,synthetic,atau,200,current_mixture,0.05,10,1e-12,width,0.0,6,a_tau,5.991464547107982,,14.278
pb_cnn_40,sweep_all,Paired-Biases,CNN,synthetic,atau,200,current_mixture,0.05,10,1e-12,width,0.0,7,a_tau,5.991464547107982,,8.821
pb_cnn_40,sweep_all,Paired-Biases,CNN,synthetic,atau,200,current_mixture,0.05,20,1e-12,width,0.0,0,a_tau,5.991464547107982,,11.573
pb_cnn_40,sweep_all,Paired-Biases,CNN,synthetic,atau,200,current_mixture,0.05,20,1e-12,width,0.0,1,a_tau,5.991464547107982,,8.517
pb_cnn_40,sweep_all,Paired-Biases,CNN,synthetic,atau,200,current_mixture,0.05,20,1e-12,width,0.0,2,a_tau,5.991464547107982,,10.493
pb_cnn_40,sweep_all,Paired-Biases,CNN,synthetic,atau,200,current_mixture,0.05,20,1e-12,width,0.0,3,a_tau,5.991464547107982,,11.321
pb_cnn_40,sweep_all,Paired-Biases,CNN,synthetic,atau,200,current_mixture,0.05,20,1e-12,width,0.0,4,a_tau,5.991464547107982,,13.495
pb_cnn_40,sweep_all,Paired-Biases,CNN,synthetic,atau,200,current_mixture,0.05,20,1e-12,width,0.0,5,a_tau,5.991464547107982,,9.297
pb_cnn_40,sweep_all,Paired-Biases,CNN,synthetic,atau,200,current_mixture,0.05,20,1e-12,width,0.0,6,a_tau,5.991464547107982,,13.886
pb_cnn_40,sweep_all,Paired-Biases,CNN,synthetic,atau,200,current_mixture,0.05,20,1e-12,width,0.0,7,a_tau,5.991464547107982,,14.124
pb_cnn_40,sweep_all,Paired-Biases,CNN,synthetic,atau,200,current_mixture,0.1,5,1e-12,width,0.0,0,a_tau,5.991464547107982,,10.463
pb_cnn_40,sweep_all,Paired-Biases,CNN,synthetic,atau,200,current_mixture,0.1,5,1e-12,width,0.0,1,a_tau,5.988961416889864,,3.087
pb_cnn_40,sweep_all,Paired-Biases,CNN,synthetic,atau,200,current_mixture,0.1,5,1e-12,width,0.0,2,a_tau,5.991464547107982,,12.632
pb_cnn_40,sweep_all,Paired-Biases,CNN,synthetic,atau,200,current_mixture,0.1,5,1e-12,width,0.0,3,a_tau,5.991464547107982,,3.53
pb_cnn_40,sweep_all,Paired-Biases,CNN,synthetic,atau,200,current_mixture,0.1,5,1e-12,width,0.0,4,a_tau,5.991464547107982,,8.074
pb_cnn_40,sweep_all,Paired-Biases,CNN,synthetic,atau,200,current_mixture,0.1,5,1e-12,width,0.0,5,a_tau,5.988961416889864,,12.749
pb_cnn_40,sweep_all,Paired-Biases,CNN,synthetic,atau,200,current_mixture,0.1,5,1e-12,width,0.0,6,a_tau,5.991464547107982,,3.274
pb_cnn_40,sweep_all,Paired-Biases,CNN,synthetic,atau,200,current_mixture,0.1,5,1e-12,width,0.0,7,a_tau,5.988961416889864,,11.124
pb_cnn_40,sweep_all,Paired-Biases,CNN,synthetic,atau,200,current_mixture,0.1,10,1e-12,width,0.0,0,a_tau,5.991464547107982,,14.036
pb_cnn_40,sweep_all,Paired-Biases,CNN,synthetic,atau,200,current_mixture,0.1,10,1e-12,width,0.0,1,a_tau,5.991464547107982,,2.757
pb_cnn_40,sweep_all,Paired-Biases,CNN,synthetic,atau,200,current_mixture,0.1,10,1e-12,width,0.0,2,a_tau,5.991464547107982,,13.211
pb_cnn_40,sweep_all,Paired-Biases,CNN,synthetic,atau,200,current_mixture,0.1,10,1e-12,width,0.0,3,a_tau,5.991464547107982,,10.203
pb_cnn_40,sweep_all,Paired-Biases,CNN,synthetic,atau,200,current_mixture,0.1,10,1e-12,width,0.0,4,a_tau,5.991464547107982,,13.518
pb_cnn_40,sweep_all,Paired-Biases,CNN,synthetic,atau,200,current_mixture,0.1,10,1e-12,width,0.0,5,a_tau,5.991464547107982,,3.46
pb_cnn_40,sweep_all,Paired-Biases,CNN,synthetic,atau,200,current_mixture,0.1,10,1e-12,width,0.0,6,a_tau,5.991464547107982,,14.137
pb_cnn_40,sweep_all,Paired-Biases,CNN,synthetic,atau,200,current_mixture,0.1,10,1e-12,width,0.0,7,a_tau,5.991464547107982,,13.96
pb_cnn_40,sweep_all,Paired-Biases,CNN,synthetic,atau,200,current_mixture,0.1,20,1e-12,width,0.0,0,a_tau,5.991464547107982,,13.848
pb_cnn_40,sweep_all,Paired-Biases,CNN,synthetic,atau,200,current_mixture,0.1,20,1e-12,width,0.0,1,a_tau,5.991464547107982,,12.743
pb_cnn_40,sweep_all,Paired-Biases,CNN,synthetic,atau,200,current_mixture,0.1,20,1e-12,width,0.0,2,a_tau,5.991464547107982,,14.518
pb_cnn_40,sweep_all,Paired-Biases,CNN,synthetic,atau,200,current_mixture,0.1,20,1e-12,width,0.0,3,a_tau,5.991464547107982,,5.453
pb_cnn_40,sweep_all,Paired-Biases,CNN,synthetic,atau,200,current_mixture,0.1,20,1e-12,width,0.0,4,a_tau,5.991464547107982,,13.356
pb_cnn_40,sweep_all,Paired-Biases,CNN,synthetic,atau,200,current_mixture,0.1,20,1e-12,width,0.0,5,a_tau,5.991464547107982,,13.159
pb_cnn_40,sweep_all,Paired-Biases,CNN,synthetic,atau,200,current_mixture,0.1,20,1e-12,width,0.0,6,a_tau,5.991464547107982,,6.562
pb_cnn_40,sweep_all,Paired-Biases,CNN,synthetic,atau,200,current_mixture,0.1,20,1e-12,width,0.0,7,a_tau,5.991464547107982,,9.184
pb_cnn_40,sweep_all,Paired-Biases,CNN,synthetic,atau,200,current_mixture,0.2,5,1e-12,width,0.0,0,a_tau,5.973809611869261,,3.755
pb_cnn_40,sweep_all,Paired-Biases,CNN,synthetic,atau,200,current_mixture,0.2,5,1e-12,width,0.0,1,a_tau,5.986452005284438,,13.639
pb_cnn_40,sweep_all,Paired-Biases,CNN,synthetic,atau,200,current_mixture,0.2,5,1e-12,width,0.0,2,a_tau,5.968707559985366,,12.655
pb_cnn_40,sweep_all,Paired-Biases,CNN,synthetic,atau,200,current_mixture,0.2,5,1e-12,width,0.0,3,a_tau,5.976350909297934,,13.423
pb_cnn_40,sweep_all,Paired-Biases,CNN,synthetic,atau,200,current_mixture,0.2,5,1e-12,width,0.0,4,a_tau,5.981414211254481,,4.936
pb_cnn_40,sweep_all,Paired-Biases,CNN,synthetic,atau,200,current_mixture,0.2,5,1e-12,width,0.0,5,a_tau,5.986452005284438,,3.924
pb_cnn_40,sweep_all,Paired-Biases,CNN,synthetic,atau,200,current_mixture,0.2,5,1e-12,width,0.0,6,a_tau,5.978885764901122,,5.095
pb_cnn_40,sweep_all,Paired-Biases,CNN,synthetic,atau,200,current_mixture,0.2,5,1e-12,width,0.0,7,a_tau,5.978885764901122,,7.253
pb_cnn_40,sweep_all,Paired-Biases,CNN,synthetic,atau,200,current_mixture,0.2,10,1e-12,width,0.0,0,a_tau,5.991464547107982,,5.636
pb_cnn_40,sweep_all,Paired-Biases,CNN,synthetic,atau,200,current_mixture,0.2,10,1e-12,width,0.0,1,a_tau,5.991464547107982,,6.444
pb_cnn_40,sweep_all,Paired-Biases,CNN,synthetic,atau,200,current_mixture,0.2,10,1e-12,width,0.0,2,a_tau,5.991464547107982,,6.078
pb_cnn_40,sweep_all,Paired-Biases,CNN,synthetic,atau,200,current_mixture,0.2,10,1e-12,width,0.0,3,a_tau,5.991464547107982,,6.89
pb_cnn_40,sweep_all,Paired-Biases,CNN,synthetic,atau,200,current_mixture,0.2,10,1e-12,width,0.0,4,a_tau,5.991464547107982,,5.834
pb_cnn_40,sweep_all,Paired-Biases,CNN,synthetic,atau,200,current_mixture,0.2,10,1e-12,width,0.0,5,a_tau,5.991464547107982,,13.626
pb_cnn_40,sweep_all,Paired-Biases,CNN,synthetic,atau,200,current_mixture,0.2,10,1e-12,width,0.0,6,a_tau,5.991464547107982,,14.961
pb_cnn_40,sweep_all,Paired-Biases,CNN,synthetic,atau,200,current_mixture,0.2,10,1e-12,width,0.0,7,a_tau,5.991464547107982,,13.891
pb_cnn_40,sweep_all,Paired-Biases,CNN,synthetic,atau,200,current_mixture,0.2,20,1e-12,width,0.0,0,a_tau,5.991464547107982,,5.712
pb_cnn_40,sweep_all,Paired-Biases,CNN,synthetic,atau,200,current_mixture,0.2,20,1e-12,width,0.0,1,a_tau,5.991464547107982,,8.648
pb_cnn_40,sweep_all,Paired-Biases,CNN,synthetic,atau,200,current_mixture,0.2,20,1e-12,width,0.0,2,a_tau,5.991464547107982,,10.966
pb_cnn_40,sweep_all,Paired-Biases,CNN,synthetic,atau,200,current_mixture,0.2,20,1e-12,width,0.0,3,a_tau,5.991464547107982,,14.814
pb_cnn_40,sweep_all,Paired-Biases,CNN,synthetic,atau,200,current_mixture,0.2,20,1e-12,width,0.0,4,a_tau,5.991464547107982,,11.08
pb_cnn_40,sweep_all,Paired-Biases,CNN,synthetic,atau,200,current_mixture,0.2,20,1e-12,width,0.0,5,a_tau,5.991464547107982,,13.459
pb_cnn_40,sweep_all,Paired-Biases,CNN,synthetic,atau,200,current_mixture,0.2,20,1e-12,width,0.0,6,a_tau,5.991464547107982,,11.976
pb_cnn_40,sweep_all,Paired-Biases,CNN,synthetic,atau,200,current_mixture,0.2,20,1e-12,width,0.0,7,a_tau,5.991464547107982,,13.638
pb_cnn_40,sweep_all,Paired-Biases,CNN,synthetic,atau,200,current_mixture,0.5,5,1e-12,width,0.0,0,a_tau,5.627621113690637,,9.814
pb_cnn_40,sweep_all,Paired-Biases,CNN,synthetic,atau,200,current_mixture,0.5,5,1e-12,width,0.0,1,a_tau,5.783825182329737,,12.442
pb_cnn_40,sweep_all,Paired-Biases,CNN,synthetic,atau,200,current_mixture,0.5,5,1e-12,width,0.0,2,a_tau,5.645446897643238,,9.347
pb_cnn_40,sweep_all,Paired-Biases,CNN,synthetic,atau,200,current_mixture,0.5,5,1e-12,width,0.0,3,a_tau,5.68697535633982,,12.314
pb_cnn_40,sweep_all,Paired-Biases,CNN,synthetic,atau,200,current_mixture,0.5,5,1e-12,width,0.0,4,a_tau,5.805134968916488,,13.205
pb_cnn_40,sweep_all,Paired-Biases,CNN,synthetic,atau,200,current_mixture,0.5,5,1e-12,width,0.0,5,a_tau,5.777652323222656,,13.6
pb_cnn_40,sweep_all,Paired-Biases,CNN,synthetic,atau,200,current_mixture,0.5,5,1e-12,width,0.0,6,a_tau,5.733341276897746,,12.829
pb_cnn_40,sweep_all,Paired-Biases,CNN,synthetic,atau,200,current_mixture,0.5,5,1e-12,width,0.0,7,a_tau,5.736572297479192,,14.209
pb_cnn_40,sweep_all,Paired-Biases,CNN,synthetic,atau,200,current_mixture,0.5,10,1e-12,width,0.0,0,a_tau,5.988961416889864,,7.752
pb_cnn_40,sweep_all,Paired-Biases,CNN,synthetic,atau,200,current_mixture,0.5,10,1e-12,width,0.0,1,a_tau,5.983936280687191,,14.218
pb_cnn_40,sweep_all,Paired-Biases,CNN,synthetic,atau,200,current_mixture,0.5,10,1e-12,width,0.0,2,a_tau,5.981414211254481,,13.616
pb_cnn_40,sweep_all,Paired-Biases,CNN,synthetic,atau,200,current_mixture,0.5,10,1e-12,width,0.0,3,a_tau,5.981414211254481,,14.043
pb_cnn_40,sweep_all,Paired-Biases,CNN,synthetic,atau,200,current_mixture,0.5,10,1e-12,width,0.0,4,a_tau,5.986452005284438,,2.23
pb_cnn_40,sweep_all,Paired-Biases,CNN,synthetic,atau,200,current_mixture,0.5,10,1e-12,width,0.0,5,a_tau,5.981414211254481,,7.437
pb_cnn_40,sweep_all,Paired-Biases,CNN,synthetic,atau,200,current_mixture,0.5,10,1e-12,width,0.0,6,a_tau,5.983936280687191,,2.316
pb_cnn_40,sweep_all,Paired-Biases,CNN,synthetic,atau,200,current_mixture,0.5,10,1e-12,width,0.0,7,a_tau,5.986452005284438,,12.69
pb_cnn_40,sweep_all,Paired-Biases,CNN,synthetic,atau,200,current_mixture,0.5,20,1e-12,width,0.0,0,a_tau,5.991464547107982,,7.124
pb_cnn_40,sweep_all,Paired-Biases,CNN,synthetic,atau,200,current_mixture,0.5,20,1e-12,width,0.0,1,a_tau,5.991464547107982,,10.375
pb_cnn_40,sweep_all,Paired-Biases,CNN,synthetic,atau,200,current_mixture,0.5,20,1e-12,width,0.0,2,a_tau,5.991464547107982,,5.559
pb_cnn_40,sweep_all,Paired-Biases,CNN,synthetic,atau,200,current_mixture,0.5,20,1e-12,width,0.0,3,a_tau,5.991464547107982,,14.513
pb_cnn_40,sweep_all,Paired-Biases,CNN,synthetic,atau,200,current_mixture,0.5,20,1e-12,width,0.0,4,a_tau,5.991464547107982,,3.089
pb_cnn_40,sweep_all,Paired-Biases,CNN,synthetic,atau,200,current_mixture,0.5,20,1e-12,width,0.0,5,a_tau,5.991464547107982,,3.499
pb_cnn_40,sweep_all,Paired-Biases,CNN,synthetic,atau,200,current_mixture,0.5,20,1e-12,width,0.0,6,a_tau,5.991464547107982,,6.239
pb_cnn_40,sweep_all,Paired-Biases,CNN,synthetic,atau,200,current_mixture,0.5,20,1e-12,width,0.0,7,a_tau,5.991464547107982,,14.298
pb_cnn_41,sweep_all,Paired-Biases,CNN,synthetic,atau,200,current_mixture,0.05,5,1e-12,width,0.0,0,a_tau,5.991464547107982,,37.848
pb_cnn_41,sweep_all,Paired-Biases,CNN,synthetic,atau,200,current_mixture,0.05,5,1e-12,width,0.0,1,a_tau,5.991464547107982,,61.549
pb_cnn_41,sweep_all,Paired-Biases,CNN,synthetic,atau,200,current_mixture,0.05,5,1e-12,width,0.0,2,a_tau,5.991464547107982,,61.199
pb_cnn_41,sweep_all,Paired-Biases,CNN,synthetic,atau,200,current_mixture,0.05,5,1e-12,width,0.0,3,a_tau,5.991464547107982,,35.216
pb_cnn_41,sweep_all,Paired-Biases,CNN,synthetic,atau,200,current_mixture,0.05,5,1e-12,width,0.0,4,a_tau,5.991464547107982,,14.726
pb_cnn_41,sweep_all,Paired-Biases,CNN,synthetic,atau,200,current_mixture,0.05,5,1e-12,width,0.0,5,a_tau,5.991464547107982,,52.551
pb_cnn_41,sweep_all,Paired-Biases,CNN,synthetic,atau,200,current_mixture,0.05,5,1e-12,width,0.0,6,a_tau,5.991464547107982,,57.078
pb_cnn_41,sweep_all,Paired-Biases,CNN,synthetic,atau,200,current_mixture,0.05,5,1e-12,width,0.0,7,a_tau,5.991464547107982,,67.592
pb_cnn_41,sweep_all,Paired-Biases,CNN,synthetic,atau,200,current_mixture,0.05,10,1e-12,width,0.0,0,a_tau,5.991464547107982,,41.792
pb_cnn_41,sweep_all,Paired-Biases,CNN,synthetic,atau,200,current_mixture,0.05,10,1e-12,width,0.0,1,a_tau,5.991464547107982,,49.702
pb_cnn_41,sweep_all,Paired-Biases,CNN,synthetic,atau,200,current_mixture,0.05,10,1e-12,width,0.0,2,a_tau,5.991464547107982,,63.119
pb_cnn_41,sweep_all,Paired-Biases,CNN,synthetic,atau,200,current_mixture,0.05,10,1e-12,width,0.0,3,a_tau,5.991464547107982,,63.959
pb_cnn_41,sweep_all,Paired-Biases,CNN,synthetic,atau,200,current_mixture,0.05,10,1e-12,width,0.0,4,a_tau,5.991464547107982,,45.736
pb_cnn_41,sweep_all,Paired-Biases,CNN,synthetic,atau,200,current_mixture,0.05,10,1e-12,width,0.0,5,a_tau,5.991464547107982,,17.581
pb_cnn_41,sweep_all,Paired-Biases,CNN,synthetic,atau,200,current_mixture,0.05,10,1e-12,width,0.0,6,a_tau,5.991464547107982,,65.67
pb_cnn_41,sweep_all,Paired-Biases,CNN,synthetic,atau,200,current_mixture,0.05,10,1e-12,width,0.0,7,a_tau,5.991464547107982,,43.569
pb_cnn_41,sweep_all,Paired-Biases,CNN,synthetic,atau,200,current_mixture,0.05,20,1e-12,width,0.0,0,a_tau,5.991464547107982,,66.559
pb_cnn_41,sweep_all,Paired-Biases,CNN,synthetic,atau,200,current_mixture,0.05,20,1e-12,width,0.0,1,a_tau,5.991464547107982,,67.27
pb_cnn_41,sweep_all,Paired-Biases,CNN,synthetic,atau,200,current_mixture,0.05,20,1e-12,width,0.0,2,a_tau,5.991464547107982,,68.003
pb_cnn_41,sweep_all,Paired-Biases,CNN,synthetic,atau,200,current_mixture,0.05,20,1e-12,width,0.0,3,a_tau,5.991464547107982,,66.613
pb_cnn_41,sweep_all,Paired-Biases,CNN,synthetic,atau,200,current_mixture,0.05,20,1e-12,width,0.0,4,a_tau,5.991464547107982,,67.053
pb_cnn_41,sweep_all,Paired-Biases,CNN,synthetic,atau,200,current_mixture,0.05,20,1e-12,width,0.0,5,a_tau,5.991464547107982,,64.626
pb_cnn_41,sweep_all,Paired-Biases,CNN,synthetic,atau,200,current_mixture,0.05,20,1e-12,width,0.0,6,a_tau,5.991464547107982,,42.041
pb_cnn_41,sweep_all,Paired-Biases,CNN,synthetic,atau,200,current_mixture,0.05,20,1e-12,width,0.0,7,a_tau,5.991464547107982,,41.591
pb_cnn_41,sweep_all,Paired-Biases,CNN,synthetic,atau,200,current_mixture,0.1,5,1e-12,width,0.0,0,a_tau,5.991464547107982,,31.582
pb_cnn_41,sweep_all,Paired-Biases,CNN,synthetic,atau,200,current_mixture,0.1,5,1e-12,width,0.0,1,a_tau,5.991464547107982,,43.367
pb_cnn_41,sweep_all,Paired-Biases,CNN,synthetic,atau,200,current_mixture,0.1,5,1e-12,width,0.0,2,a_tau,5.991464547107982,,44.759
pb_cnn_41,sweep_all,Paired-Biases,CNN,synthetic,atau,200,current_mixture,0.1,5,1e-12,width,0.0,3,a_tau,5.991464547107982,,49.284
pb_cnn_41,sweep_all,Paired-Biases,CNN,synthetic,atau,200,current_mixture,0.1,5,1e-12,width,0.0,4,a_tau,5.988961416889864,,46.467
pb_cnn_41,sweep_all,Paired-Biases,CNN,synthetic,atau,200,current_mixture,0.1,5,1e-12,width,0.0,5,a_tau,5.991464547107982,,40.831
pb_cnn_41,sweep_all,Paired-Biases,CNN,synthetic,atau,200,current_mixture,0.1,5,1e-12,width,0.0,6,a_tau,5.991464547107982,,42.793
pb_cnn_41,sweep_all,Paired-Biases,CNN,synthetic,atau,200,current_mixture,0.1,5,1e-12,width,0.0,7,a_tau,5.991464547107982,,49.819
pb_cnn_41,sweep_all,Paired-Biases,CNN,synthetic,atau,200,current_mixture,0.1,10,1e-12,width,0.0,0,a_tau,5.991464547107982,,54.097
pb_cnn_41,sweep_all,Paired-Biases,CNN,synthetic,atau,200,current_mixture,0.1,10,1e-12,width,0.0,1,a_tau,5.991464547107982,,56.137
pb_cnn_41,sweep_all,Paired-Biases,CNN,synthetic,atau,200,current_mixture,0.1,10,1e-12,width,0.0,2,a_tau,5.991464547107982,,51.647
pb_cnn_41,sweep_all,Paired-Biases,CNN,synthetic,atau,200,current_mixture,0.1,10,1e-12,width,0.0,3,a_tau,5.991464547107982,,58.549
pb_cnn_41,sweep_all,Paired-Biases,CNN,synthetic,atau,200,current_mixture,0.1,10,1e-12,width,0.0,4,a_tau,5.991464547107982,,59.461
pb_cnn_41,sweep_all,Paired-Biases,CNN,synthetic,atau,200,current_mixture,0.1,10,1e-12,width,0.0,5,a_tau,5.991464547107982,,45.39
pb_cnn_41,sweep_all,Paired-Biases,CNN,synthetic,atau,200,current_mixture,0.1,10,1e-12,width,0.0,6,a_tau,5.991464547107982,,46.37
pb_cnn_41,sweep_all,Paired-Biases,CNN,synthetic,atau,200,current_mixture,0.1,10,1e-12,width,0.0,7,a_tau,5.991464547107982,,46.829
pb_cnn_41,sweep_all,Paired-Biases,CNN,synthetic,atau,200,current_mixture,0.1,20,1e-12,width,0.0,0,a_tau,5.991464547107982,,64.821
pb_cnn_41,sweep_all,Paired-Biases,CNN,synthetic,atau,200,current_mixture,0.1,20,1e-12,width,0.0,1,a_tau,5.991464547107982,,34.243
pb_cnn_41,sweep_all,Paired-Biases,CNN,synthetic,atau,200,current_mixture,0.1,20,1e-12,width,0.0,2,a_tau,5.991464547107982,,63.506
pb_cnn_41,sweep_all,Paired-Biases,CNN,synthetic,atau,200,current_mixture,0.1,20,1e-12,width,0.0,3,a_tau,5.991464547107982,,59.937
pb_cnn_41,sweep_all,Paired-Biases,CNN,synthetic,atau,200,current_mixture,0.1,20,1e-12,width,0.0,4,a_tau,5.991464547107982,,67.884
pb_cnn_41,sweep_all,Paired-Biases,CNN,synthetic,atau,200,current_mixture,0.1,20,1e-12,width,0.0,5,a_tau,5.991464547107982,,57.874
pb_cnn_41,sweep_all,Paired-Biases,CNN,synthetic,atau,200,current_mixture,0.1,20,1e-12,width,0.0,6,a_tau,5.991464547107982,,66.243
pb_cnn_41,sweep_all,Paired-Biases,CNN,synthetic,atau,200,current_mixture,0.1,20,1e-12,width,0.0,7,a_tau,5.991464547107982,,67.121
pb_cnn_41,sweep_all,Paired-Biases,CNN,synthetic,atau,200,current_mixture,0.2,5,1e-12,width,0.0,0,a_tau,5.986452005284438,,60.733
pb_cnn_41,sweep_all,Paired-Biases,CNN,synthetic,atau,200,current_mixture,0.2,5,1e-12,width,0.0,1,a_tau,5.983936280687191,,54.93
pb_cnn_41,sweep_all,Paired-Biases,CNN,synthetic,atau,200,current_mixture,0.2,5,1e-12,width,0.0,2,a_tau,5.981414211254481,,50.104
pb_cnn_41,sweep_all,Paired-Biases,CNN,synthetic,atau,200,current_mixture,0.2,5,1e-12,width,0.0,3,a_tau,5.986452005284438,,43.276
pb_cnn_41,sweep_all,Paired-Biases,CNN,synthetic,atau,200,current_mixture,0.2,5,1e-12,width,0.0,4,a_tau,5.983936280687191,,46.203
pb_cnn_41,sweep_all,Paired-Biases,CNN,synthetic,atau,200,current_mixture,0.2,5,1e-12,width,0.0,5,a_tau,5.983936280687191,,42.783
pb_cnn_41,sweep_all,Paired-Biases,CNN,synthetic,atau,200,current_mixture,0.2,5,1e-12,width,0.0,6,a_tau,5.991464547107982,,50.955
pb_cnn_41,sweep_all,Paired-Biases,CNN,synthetic,atau,200,current_mixture,0.2,5,1e-12,width,0.0,7,a_tau,5.988961416889864,,48.358
pb_cnn_41,sweep_all,Paired-Biases,CNN,synthetic,atau,200,current_mixture,0.2,10,1e-12,width,0.0,0,a_tau,5.991464547107982,,40.085
pb_cnn_41,sweep_all,Paired-Biases,CNN,synthetic,atau,200,current_mixture,0.2,10,1e-12,width,0.0,1,a_tau,5.991464547107982,,67.574
pb_cnn_41,sweep_all,Paired-Biases,CNN,synthetic,atau,200,current_mixture,0.2,10,1e-12,width,0.0,2,a_tau,5.991464547107982,,62.24
pb_cnn_41,sweep_all,Paired-Biases,CNN,synthetic,atau,200,current_mixture,0.2,10,1e-12,width,0.0,3,a_tau,5.991464547107982,,28.576
pb_cnn_41,sweep_all,Paired-Biases,CNN,synthetic,atau,200,current_mixture,0.2,10,1e-12,width,0.0,4,a_tau,5.991464547107982,,55.58
pb_cnn_41,sweep_all,Paired-Biases,CNN,synthetic,atau,200,current_mixture,0.2,10,1e-12,width,0.0,5,a_tau,5.991464547107982,,41.055
pb_cnn_41,sweep_all,Paired-Biases,CNN,synthetic,atau,200,current_mixture,0.2,10,1e-12,width,0.0,6,a_tau,5.991464547107982,,44.481
pb_cnn_41,sweep_all,Paired-Biases,CNN,synthetic,atau,200,current_mixture,0.2,10,1e-12,width,0.0,7,a_tau,5.991464547107982,,45.685
pb_cnn_41,sweep_all,Paired-Biases,CNN,synthetic,atau,200,current_mixture,0.2,20,1e-12,width,0.0,0,a_tau,5.991464547107982,,36.922
pb_cnn_41,sweep_all,Paired-Biases,CNN,synthetic,atau,200,current_mixture,0.2,20,1e-12,width,0.0,1,a_tau,5.991464547107982,,35.987
pb_cnn_41,sweep_all,Paired-Biases,CNN,synthetic,atau,200,current_mixture,0.2,20,1e-12,width,0.0,2,a_tau,5.991464547107982,,59.172
pb_cnn_41,sweep_all,Paired-Biases,CNN,synthetic,atau,200,current_mixture,0.2,20,1e-12,width,0.0,3,a_tau,5.991464547107982,,61.631
pb_cnn_41,sweep_all,Paired-Biases,CNN,synthetic,atau,200,current_mixture,0.2,20,1e-12,width,0.0,4,a_tau,5.991464547107982,,64.989
pb_cnn_41,sweep_all,Paired-Biases,CNN,synthetic,atau,200,current_mixture,0.2,20,1e-12,width,0.0,5,a_tau,5.991464547107982,,65.58
pb_cnn_41,sweep_all,Paired-Biases,CNN,synthetic,atau,200,current_mixture,0.2,20,1e-12,width,0.0,6,a_tau,5.991464547107982,,34.426
pb_cnn_41,sweep_all,Paired-Biases,CNN,synthetic,atau,200,current_mixture,0.2,20,1e-12,width,0.0,7,a_tau,5.991464547107982,,40.36
pb_cnn_41,sweep_all,Paired-Biases,CNN,synthetic,atau,200,current_mixture,0.5,5,1e-12,width,0.0,0,a_tau,5.799092654460526,,61.065
pb_cnn_41,sweep_all,Paired-Biases,CNN,synthetic,atau,200,current_mixture,0.5,5,1e-12,width,0.0,1,a_tau,5.786897381366708,,34.226
pb_cnn_41,sweep_all,Paired-Biases,CNN,synthetic,atau,200,current_mixture,0.5,5,1e-12,width,0.0,2,a_tau,5.736572297479192,,54.014
pb_cnn_41,sweep_all,Paired-Biases,CNN,synthetic,atau,200,current_mixture,0.5,5,1e-12,width,0.0,3,a_tau,5.846438775057725,,35.741
pb_cnn_41,sweep_all,Paired-Biases,CNN,synthetic,atau,200,current_mixture,0.5,5,1e-12,width,0.0,4,a_tau,5.786897381366708,,62.038
pb_cnn_41,sweep_all,Paired-Biases,CNN,synthetic,atau,200,current_mixture,0.5,5,1e-12,width,0.0,5,a_tau,5.780743515792329,,60.674
pb_cnn_41,sweep_all,Paired-Biases,CNN,synthetic,atau,200,current_mixture,0.5,5,1e-12,width,0.0,6,a_tau,5.82600010738045,,58.547
pb_cnn_41,sweep_all,Paired-Biases,CNN,synthetic,atau,200,current_mixture,0.5,5,1e-12,width,0.0,7,a_tau,5.814130531825066,,52.722
pb_cnn_41,sweep_all,Paired-Biases,CNN,synthetic,atau,200,current_mixture,0.5,10,1e-12,width,0.0,0,a_tau,5.988961416889864,,48.177
pb_cnn_41,sweep_all,Paired-Biases,CNN,synthetic,atau,200,current_mixture,0.5,10,1e-12,width,0.0,1,a_tau,5.986452005284438,,43.126
pb_cnn_41,sweep_all,Paired-Biases,CNN,synthetic,atau,200,current_mixture,0.5,10,1e-12,width,0.0,2,a_tau,5.991464547107982,,45.52
pb_cnn_41,sweep_all,Paired-Biases,CNN,synthetic,atau,200,current_mixture,0.5,10,1e-12,width,0.0,3,a_tau,5.988961416889864,,42.916
pb_cnn_41,sweep_all,Paired-Biases,CNN,synthetic,atau,200,current_mixture,0.5,10,1e-12,width,0.0,4,a_tau,5.988961416889864,,45.65
pb_cnn_41,sweep_all,Paired-Biases,CNN,synthetic,atau,200,current_mixture,0.5,10,1e-12,width,0.0,5,a_tau,5.986452005284438,,35.719
pb_cnn_41,sweep_all,Paired-Biases,CNN,synthetic,atau,200,current_mixture,0.5,10,1e-12,width,0.0,6,a_tau,5.986452005284438,,40.603
pb_cnn_41,sweep_all,Paired-Biases,CNN,synthetic,atau,200,current_mixture,0.5,10,1e-12,width,0.0,7,a_tau,5.991464547107982,,33.72
pb_cnn_41,sweep_all,Paired-Biases,CNN,synthetic,atau,200,current_mixture,0.5,20,1e-12,width,0.0,0,a_tau,5.991464547107982,,28.318
pb_cnn_41,sweep_all,Paired-Biases,CNN,synthetic,atau,200,current_mixture,0.5,20,1e-12,width,0.0,1,a_tau,5.991464547107982,,33.332
pb_cnn_41,sweep_all,Paired-Biases,CNN,synthetic,atau,200,current_mixture,0.5,20,1e-12,width,0.0,2,a_tau,5.991464547107982,,34.737
pb_cnn_41,sweep_all,Paired-Biases,CNN,synthetic,atau,200,current_mixture,0.5,20,1e-12,width,0.0,3,a_tau,5.991464547107982,,31.535
pb_cnn_41,sweep_all,Paired-Biases,CNN,synthetic,atau,200,current_mixture,0.5,20,1e-12,width,0.0,4,a_tau,5.991464547107982,,31.571
pb_cnn_41,sweep_all,Paired-Biases,CNN,synthetic,atau,200,current_mixture,0.5,20,1e-12,width,0.0,5,a_tau,5.991464547107982,,30.925
pb_cnn_41,sweep_all,Paired-Biases,CNN,synthetic,atau,200,current_mixture,0.5,20,1e-12,width,0.0,6,a_tau,5.991464547107982,,16.161
pb_cnn_41,sweep_all,Paired-Biases,CNN,synthetic,atau,200,current_mixture,0.5,20,1e-12,width,0.0,7,a_tau,5.991464547107982,,15.607
poly11_deg18_b,polynomial_stress_22,Polynomial Net,POLYNOMIAL,synthetic,atau,200,current_mixture,0.05,5,1e-12,width,0.0,0,a_tau,,no_committed_onnx,0.0
poly11_deg18_b,polynomial_stress_22,Polynomial Net,POLYNOMIAL,synthetic,atau,200,current_mixture,0.05,5,1e-12,width,0.0,1,a_tau,,no_committed_onnx,0.0
poly11_deg18_b,polynomial_stress_22,Polynomial Net,POLYNOMIAL,synthetic,atau,200,current_mixture,0.05,5,1e-12,width,0.0,2,a_tau,,no_committed_onnx,0.0
poly11_deg18_b,polynomial_stress_22,Polynomial Net,POLYNOMIAL,synthetic,atau,200,current_mixture,0.05,5,1e-12,width,0.0,3,a_tau,,no_committed_onnx,0.0
poly11_deg18_b,polynomial_stress_22,Polynomial Net,POLYNOMIAL,synthetic,atau,200,current_mixture,0.05,5,1e-12,width,0.0,4,a_tau,,no_committed_onnx,0.0
poly11_deg18_b,polynomial_stress_22,Polynomial Net,POLYNOMIAL,synthetic,atau,200,current_mixture,0.05,5,1e-12,width,0.0,5,a_tau,,no_committed_onnx,0.0
poly11_deg18_b,polynomial_stress_22,Polynomial Net,POLYNOMIAL,synthetic,atau,200,current_mixture,0.05,5,1e-12,width,0.0,6,a_tau,,no_committed_onnx,0.0
poly11_deg18_b,polynomial_stress_22,Polynomial Net,POLYNOMIAL,synthetic,atau,200,current_mixture,0.05,5,1e-12,width,0.0,7,a_tau,,no_committed_onnx,0.0
poly11_deg18_b,polynomial_stress_22,Polynomial Net,POLYNOMIAL,synthetic,atau,200,current_mixture,0.05,10,1e-12,width,0.0,0,a_tau,,no_committed_onnx,0.0
poly11_deg18_b,polynomial_stress_22,Polynomial Net,POLYNOMIAL,synthetic,atau,200,current_mixture,0.05,10,1e-12,width,0.0,1,a_tau,,no_committed_onnx,0.0
poly11_deg18_b,polynomial_stress_22,Polynomial Net,POLYNOMIAL,synthetic,atau,200,current_mixture,0.05,10,1e-12,width,0.0,2,a_tau,,no_committed_onnx,0.0
poly11_deg18_b,polynomial_stress_22,Polynomial Net,POLYNOMIAL,synthetic,atau,200,current_mixture,0.05,10,1e-12,width,0.0,3,a_tau,,no_committed_onnx,0.0
poly11_deg18_b,polynomial_stress_22,Polynomial Net,POLYNOMIAL,synthetic,atau,200,current_mixture,0.05,10,1e-12,width,0.0,4,a_tau,,no_committed_onnx,0.0
poly11_deg18_b,polynomial_stress_22,Polynomial Net,POLYNOMIAL,synthetic,atau,200,current_mixture,0.05,10,1e-12,width,0.0,5,a_tau,,no_committed_onnx,0.0
poly11_deg18_b,polynomial_stress_22,Polynomial Net,POLYNOMIAL,synthetic,atau,200,current_mixture,0.05,10,1e-12,width,0.0,6,a_tau,,no_committed_onnx,0.0
poly11_deg18_b,polynomial_stress_22,Polynomial Net,POLYNOMIAL,synthetic,atau,200,current_mixture,0.05,10,1e-12,width,0.0,7,a_tau,,no_committed_onnx,0.0
poly11_deg18_b,polynomial_stress_22,Polynomial Net,POLYNOMIAL,synthetic,atau,200,current_mixture,0.05,20,1e-12,width,0.0,0,a_tau,,no_committed_onnx,0.0
poly11_deg18_b,polynomial_stress_22,Polynomial Net,POLYNOMIAL,synthetic,atau,200,current_mixture,0.05,20,1e-12,width,0.0,1,a_tau,,no_committed_onnx,0.0
poly11_deg18_b,polynomial_stress_22,Polynomial Net,POLYNOMIAL,synthetic,atau,200,current_mixture,0.05,20,1e-12,width,0.0,2,a_tau,,no_committed_onnx,0.0
poly11_deg18_b,polynomial_stress_22,Polynomial Net,POLYNOMIAL,synthetic,atau,200,current_mixture,0.05,20,1e-12,width,0.0,3,a_tau,,no_committed_onnx,0.0
poly11_deg18_b,polynomial_stress_22,Polynomial Net,POLYNOMIAL,synthetic,atau,200,current_mixture,0.05,20,1e-12,width,0.0,4,a_tau,,no_committed_onnx,0.0
poly11_deg18_b,polynomial_stress_22,Polynomial Net,POLYNOMIAL,synthetic,atau,200,current_mixture,0.05,20,1e-12,width,0.0,5,a_tau,,no_committed_onnx,0.0
poly11_deg18_b,polynomial_stress_22,Polynomial Net,POLYNOMIAL,synthetic,atau,200,current_mixture,0.05,20,1e-12,width,0.0,6,a_tau,,no_committed_onnx,0.0
poly11_deg18_b,polynomial_stress_22,Polynomial Net,POLYNOMIAL,synthetic,atau,200,current_mixture,0.05,20,1e-12,width,0.0,7,a_tau,,no_committed_onnx,0.0
poly11_deg18_b,polynomial_stress_22,Polynomial Net,POLYNOMIAL,synthetic,atau,200,current_mixture,0.1,5,1e-12,width,0.0,0,a_tau,,no_committed_onnx,0.0
poly11_deg18_b,polynomial_stress_22,Polynomial Net,POLYNOMIAL,synthetic,atau,200,current_mixture,0.1,5,1e-12,width,0.0,1,a_tau,,no_committed_onnx,0.0
poly11_deg18_b,polynomial_stress_22,Polynomial Net,POLYNOMIAL,synthetic,atau,200,current_mixture,0.1,5,1e-12,width,0.0,2,a_tau,,no_committed_onnx,0.0
poly11_deg18_b,polynomial_stress_22,Polynomial Net,POLYNOMIAL,synthetic,atau,200,current_mixture,0.1,5,1e-12,width,0.0,3,a_tau,,no_committed_onnx,0.0
poly11_deg18_b,polynomial_stress_22,Polynomial Net,POLYNOMIAL,synthetic,atau,200,current_mixture,0.1,5,1e-12,width,0.0,4,a_tau,,no_committed_onnx,0.0
poly11_deg18_b,polynomial_stress_22,Polynomial Net,POLYNOMIAL,synthetic,atau,200,current_mixture,0.1,5,1e-12,width,0.0,5,a_tau,,no_committed_onnx,0.0
poly11_deg18_b,polynomial_stress_22,Polynomial Net,POLYNOMIAL,synthetic,atau,200,current_mixture,0.1,5,1e-12,width,0.0,6,a_tau,,no_committed_onnx,0.0
poly11_deg18_b,polynomial_stress_22,Polynomial Net,POLYNOMIAL,synthetic,atau,200,current_mixture,0.1,5,1e-12,width,0.0,7,a_tau,,no_committed_onnx,0.0
poly11_deg18_b,polynomial_stress_22,Polynomial Net,POLYNOMIAL,synthetic,atau,200,current_mixture,0.1,10,1e-12,width,0.0,0,a_tau,,no_committed_onnx,0.0
poly11_deg18_b,polynomial_stress_22,Polynomial Net,POLYNOMIAL,synthetic,atau,200,current_mixture,0.1,10,1e-12,width,0.0,1,a_tau,,no_committed_onnx,0.0
poly11_deg18_b,polynomial_stress_22,Polynomial Net,POLYNOMIAL,synthetic,atau,200,current_mixture,0.1,10,1e-12,width,0.0,2,a_tau,,no_committed_onnx,0.0
poly11_deg18_b,polynomial_stress_22,Polynomial Net,POLYNOMIAL,synthetic,atau,200,current_mixture,0.1,10,1e-12,width,0.0,3,a_tau,,no_committed_onnx,0.0
poly11_deg18_b,polynomial_stress_22,Polynomial Net,POLYNOMIAL,synthetic,atau,200,current_mixture,0.1,10,1e-12,width,0.0,4,a_tau,,no_committed_onnx,0.0
poly11_deg18_b,polynomial_stress_22,Polynomial Net,POLYNOMIAL,synthetic,atau,200,current_mixture,0.1,10,1e-12,width,0.0,5,a_tau,,no_committed_onnx,0.0
poly11_deg18_b,polynomial_stress_22,Polynomial Net,POLYNOMIAL,synthetic,atau,200,current_mixture,0.1,10,1e-12,width,0.0,6,a_tau,,no_committed_onnx,0.0
poly11_deg18_b,polynomial_stress_22,Polynomial Net,POLYNOMIAL,synthetic,atau,200,current_mixture,0.1,10,1e-12,width,0.0,7,a_tau,,no_committed_onnx,0.0
poly11_deg18_b,polynomial_stress_22,Polynomial Net,POLYNOMIAL,synthetic,atau,200,current_mixture,0.1,20,1e-12,width,0.0,0,a_tau,,no_committed_onnx,0.0
poly11_deg18_b,polynomial_stress_22,Polynomial Net,POLYNOMIAL,synthetic,atau,200,current_mixture,0.1,20,1e-12,width,0.0,1,a_tau,,no_committed_onnx,0.0
poly11_deg18_b,polynomial_stress_22,Polynomial Net,POLYNOMIAL,synthetic,atau,200,current_mixture,0.1,20,1e-12,width,0.0,2,a_tau,,no_committed_onnx,0.0
poly11_deg18_b,polynomial_stress_22,Polynomial Net,POLYNOMIAL,synthetic,atau,200,current_mixture,0.1,20,1e-12,width,0.0,3,a_tau,,no_committed_onnx,0.0
poly11_deg18_b,polynomial_stress_22,Polynomial Net,POLYNOMIAL,synthetic,atau,200,current_mixture,0.1,20,1e-12,width,0.0,4,a_tau,,no_committed_onnx,0.0
poly11_deg18_b,polynomial_stress_22,Polynomial Net,POLYNOMIAL,synthetic,atau,200,current_mixture,0.1,20,1e-12,width,0.0,5,a_tau,,no_committed_onnx,0.0
poly11_deg18_b,polynomial_stress_22,Polynomial Net,POLYNOMIAL,synthetic,atau,200,current_mixture,0.1,20,1e-12,width,0.0,6,a_tau,,no_committed_onnx,0.0
poly11_deg18_b,polynomial_stress_22,Polynomial Net,POLYNOMIAL,synthetic,atau,200,current_mixture,0.1,20,1e-12,width,0.0,7,a_tau,,no_committed_onnx,0.0
poly11_deg18_b,polynomial_stress_22,Polynomial Net,POLYNOMIAL,synthetic,atau,200,current_mixture,0.2,5,1e-12,width,0.0,0,a_tau,,no_committed_onnx,0.0
poly11_deg18_b,polynomial_stress_22,Polynomial Net,POLYNOMIAL,synthetic,atau,200,current_mixture,0.2,5,1e-12,width,0.0,1,a_tau,,no_committed_onnx,0.0
poly11_deg18_b,polynomial_stress_22,Polynomial Net,POLYNOMIAL,synthetic,atau,200,current_mixture,0.2,5,1e-12,width,0.0,2,a_tau,,no_committed_onnx,0.0
poly11_deg18_b,polynomial_stress_22,Polynomial Net,POLYNOMIAL,synthetic,atau,200,current_mixture,0.2,5,1e-12,width,0.0,3,a_tau,,no_committed_onnx,0.0
poly11_deg18_b,polynomial_stress_22,Polynomial Net,POLYNOMIAL,synthetic,atau,200,current_mixture,0.2,5,1e-12,width,0.0,4,a_tau,,no_committed_onnx,0.0
poly11_deg18_b,polynomial_stress_22,Polynomial Net,POLYNOMIAL,synthetic,atau,200,current_mixture,0.2,5,1e-12,width,0.0,5,a_tau,,no_committed_onnx,0.0
poly11_deg18_b,polynomial_stress_22,Polynomial Net,POLYNOMIAL,synthetic,atau,200,current_mixture,0.2,5,1e-12,width,0.0,6,a_tau,,no_committed_onnx,0.0
poly11_deg18_b,polynomial_stress_22,Polynomial Net,POLYNOMIAL,synthetic,atau,200,current_mixture,0.2,5,1e-12,width,0.0,7,a_tau,,no_committed_onnx,0.0
poly11_deg18_b,polynomial_stress_22,Polynomial Net,POLYNOMIAL,synthetic,atau,200,current_mixture,0.2,10,1e-12,width,0.0,0,a_tau,,no_committed_onnx,0.0
poly11_deg18_b,polynomial_stress_22,Polynomial Net,POLYNOMIAL,synthetic,atau,200,current_mixture,0.2,10,1e-12,width,0.0,1,a_tau,,no_committed_onnx,0.0
poly11_deg18_b,polynomial_stress_22,Polynomial Net,POLYNOMIAL,synthetic,atau,200,current_mixture,0.2,10,1e-12,width,0.0,2,a_tau,,no_committed_onnx,0.0
poly11_deg18_b,polynomial_stress_22,Polynomial Net,POLYNOMIAL,synthetic,atau,200,current_mixture,0.2,10,1e-12,width,0.0,3,a_tau,,no_committed_onnx,0.0
poly11_deg18_b,polynomial_stress_22,Polynomial Net,POLYNOMIAL,synthetic,atau,200,current_mixture,0.2,10,1e-12,width,0.0,4,a_tau,,no_committed_onnx,0.0
poly11_deg18_b,polynomial_stress_22,Polynomial Net,POLYNOMIAL,synthetic,atau,200,current_mixture,0.2,10,1e-12,width,0.0,5,a_tau,,no_committed_onnx,0.0
poly11_deg18_b,polynomial_stress_22,Polynomial Net,POLYNOMIAL,synthetic,atau,200,current_mixture,0.2,10,1e-12,width,0.0,6,a_tau,,no_committed_onnx,0.0
poly11_deg18_b,polynomial_stress_22,Polynomial Net,POLYNOMIAL,synthetic,atau,200,current_mixture,0.2,10,1e-12,width,0.0,7,a_tau,,no_committed_onnx,0.0
poly11_deg18_b,polynomial_stress_22,Polynomial Net,POLYNOMIAL,synthetic,atau,200,current_mixture,0.2,20,1e-12,width,0.0,0,a_tau,,no_committed_onnx,0.0
poly11_deg18_b,polynomial_stress_22,Polynomial Net,POLYNOMIAL,synthetic,atau,200,current_mixture,0.2,20,1e-12,width,0.0,1,a_tau,,no_committed_onnx,0.0
poly11_deg18_b,polynomial_stress_22,Polynomial Net,POLYNOMIAL,synthetic,atau,200,current_mixture,0.2,20,1e-12,width,0.0,2,a_tau,,no_committed_onnx,0.0
poly11_deg18_b,polynomial_stress_22,Polynomial Net,POLYNOMIAL,synthetic,atau,200,current_mixture,0.2,20,1e-12,width,0.0,3,a_tau,,no_committed_onnx,0.0
poly11_deg18_b,polynomial_stress_22,Polynomial Net,POLYNOMIAL,synthetic,atau,200,current_mixture,0.2,20,1e-12,width,0.0,4,a_tau,,no_committed_onnx,0.0
poly11_deg18_b,polynomial_stress_22,Polynomial Net,POLYNOMIAL,synthetic,atau,200,current_mixture,0.2,20,1e-12,width,0.0,5,a_tau,,no_committed_onnx,0.0
poly11_deg18_b,polynomial_stress_22,Polynomial Net,POLYNOMIAL,synthetic,atau,200,current_mixture,0.2,20,1e-12,width,0.0,6,a_tau,,no_committed_onnx,0.0
poly11_deg18_b,polynomial_stress_22,Polynomial Net,POLYNOMIAL,synthetic,atau,200,current_mixture,0.2,20,1e-12,width,0.0,7,a_tau,,no_committed_onnx,0.0
poly11_deg18_b,polynomial_stress_22,Polynomial Net,POLYNOMIAL,synthetic,atau,200,current_mixture,0.5,5,1e-12,width,0.0,0,a_tau,,no_committed_onnx,0.0
poly11_deg18_b,polynomial_stress_22,Polynomial Net,POLYNOMIAL,synthetic,atau,200,current_mixture,0.5,5,1e-12,width,0.0,1,a_tau,,no_committed_onnx,0.0
poly11_deg18_b,polynomial_stress_22,Polynomial Net,POLYNOMIAL,synthetic,atau,200,current_mixture,0.5,5,1e-12,width,0.0,2,a_tau,,no_committed_onnx,0.0
poly11_deg18_b,polynomial_stress_22,Polynomial Net,POLYNOMIAL,synthetic,atau,200,current_mixture,0.5,5,1e-12,width,0.0,3,a_tau,,no_committed_onnx,0.0
poly11_deg18_b,polynomial_stress_22,Polynomial Net,POLYNOMIAL,synthetic,atau,200,current_mixture,0.5,5,1e-12,width,0.0,4,a_tau,,no_committed_onnx,0.0
poly11_deg18_b,polynomial_stress_22,Polynomial Net,POLYNOMIAL,synthetic,atau,200,current_mixture,0.5,5,1e-12,width,0.0,5,a_tau,,no_committed_onnx,0.0
poly11_deg18_b,polynomial_stress_22,Polynomial Net,POLYNOMIAL,synthetic,atau,200,current_mixture,0.5,5,1e-12,width,0.0,6,a_tau,,no_committed_onnx,0.0
poly11_deg18_b,polynomial_stress_22,Polynomial Net,POLYNOMIAL,synthetic,atau,200,current_mixture,0.5,5,1e-12,width,0.0,7,a_tau,,no_committed_onnx,0.0
poly11_deg18_b,polynomial_stress_22,Polynomial Net,POLYNOMIAL,synthetic,atau,200,current_mixture,0.5,10,1e-12,width,0.0,0,a_tau,,no_committed_onnx,0.0
poly11_deg18_b,polynomial_stress_22,Polynomial Net,POLYNOMIAL,synthetic,atau,200,current_mixture,0.5,10,1e-12,width,0.0,1,a_tau,,no_committed_onnx,0.0
poly11_deg18_b,polynomial_stress_22,Polynomial Net,POLYNOMIAL,synthetic,atau,200,current_mixture,0.5,10,1e-12,width,0.0,2,a_tau,,no_committed_onnx,0.0
poly11_deg18_b,polynomial_stress_22,Polynomial Net,POLYNOMIAL,synthetic,atau,200,current_mixture,0.5,10,1e-12,width,0.0,3,a_tau,,no_committed_onnx,0.0
poly11_deg18_b,polynomial_stress_22,Polynomial Net,POLYNOMIAL,synthetic,atau,200,current_mixture,0.5,10,1e-12,width,0.0,4,a_tau,,no_committed_onnx,0.0
poly11_deg18_b,polynomial_stress_22,Polynomial Net,POLYNOMIAL,synthetic,atau,200,current_mixture,0.5,10,1e-12,width,0.0,5,a_tau,,no_committed_onnx,0.0
poly11_deg18_b,polynomial_stress_22,Polynomial Net,POLYNOMIAL,synthetic,atau,200,current_mixture,0.5,10,1e-12,width,0.0,6,a_tau,,no_committed_onnx,0.0
poly11_deg18_b,polynomial_stress_22,Polynomial Net,POLYNOMIAL,synthetic,atau,200,current_mixture,0.5,10,1e-12,width,0.0,7,a_tau,,no_committed_onnx,0.0
poly11_deg18_b,polynomial_stress_22,Polynomial Net,POLYNOMIAL,synthetic,atau,200,current_mixture,0.5,20,1e-12,width,0.0,0,a_tau,,no_committed_onnx,0.0
poly11_deg18_b,polynomial_stress_22,Polynomial Net,POLYNOMIAL,synthetic,atau,200,current_mixture,0.5,20,1e-12,width,0.0,1,a_tau,,no_committed_onnx,0.0
poly11_deg18_b,polynomial_stress_22,Polynomial Net,POLYNOMIAL,synthetic,atau,200,current_mixture,0.5,20,1e-12,width,0.0,2,a_tau,,no_committed_onnx,0.0
poly11_deg18_b,polynomial_stress_22,Polynomial Net,POLYNOMIAL,synthetic,atau,200,current_mixture,0.5,20,1e-12,width,0.0,3,a_tau,,no_committed_onnx,0.0
poly11_deg18_b,polynomial_stress_22,Polynomial Net,POLYNOMIAL,synthetic,atau,200,current_mixture,0.5,20,1e-12,width,0.0,4,a_tau,,no_committed_onnx,0.0
poly11_deg18_b,polynomial_stress_22,Polynomial Net,POLYNOMIAL,synthetic,atau,200,current_mixture,0.5,20,1e-12,width,0.0,5,a_tau,,no_committed_onnx,0.0
poly11_deg18_b,polynomial_stress_22,Polynomial Net,POLYNOMIAL,synthetic,atau,200,current_mixture,0.5,20,1e-12,width,0.0,6,a_tau,,no_committed_onnx,0.0
poly11_deg18_b,polynomial_stress_22,Polynomial Net,POLYNOMIAL,synthetic,atau,200,current_mixture,0.5,20,1e-12,width,0.0,7,a_tau,,no_committed_onnx,0.0
poly13_deg19_b,polynomial_stress_22,Polynomial Net,POLYNOMIAL,synthetic,atau,200,current_mixture,0.05,5,1e-12,width,0.0,0,a_tau,,no_committed_onnx,0.0
poly13_deg19_b,polynomial_stress_22,Polynomial Net,POLYNOMIAL,synthetic,atau,200,current_mixture,0.05,5,1e-12,width,0.0,1,a_tau,,no_committed_onnx,0.0
poly13_deg19_b,polynomial_stress_22,Polynomial Net,POLYNOMIAL,synthetic,atau,200,current_mixture,0.05,5,1e-12,width,0.0,2,a_tau,,no_committed_onnx,0.0
poly13_deg19_b,polynomial_stress_22,Polynomial Net,POLYNOMIAL,synthetic,atau,200,current_mixture,0.05,5,1e-12,width,0.0,3,a_tau,,no_committed_onnx,0.0
poly13_deg19_b,polynomial_stress_22,Polynomial Net,POLYNOMIAL,synthetic,atau,200,current_mixture,0.05,5,1e-12,width,0.0,4,a_tau,,no_committed_onnx,0.0
poly13_deg19_b,polynomial_stress_22,Polynomial Net,POLYNOMIAL,synthetic,atau,200,current_mixture,0.05,5,1e-12,width,0.0,5,a_tau,,no_committed_onnx,0.0
poly13_deg19_b,polynomial_stress_22,Polynomial Net,POLYNOMIAL,synthetic,atau,200,current_mixture,0.05,5,1e-12,width,0.0,6,a_tau,,no_committed_onnx,0.0
poly13_deg19_b,polynomial_stress_22,Polynomial Net,POLYNOMIAL,synthetic,atau,200,current_mixture,0.05,5,1e-12,width,0.0,7,a_tau,,no_committed_onnx,0.0
poly13_deg19_b,polynomial_stress_22,Polynomial Net,POLYNOMIAL,synthetic,atau,200,current_mixture,0.05,10,1e-12,width,0.0,0,a_tau,,no_committed_onnx,0.0
poly13_deg19_b,polynomial_stress_22,Polynomial Net,POLYNOMIAL,synthetic,atau,200,current_mixture,0.05,10,1e-12,width,0.0,1,a_tau,,no_committed_onnx,0.0
poly13_deg19_b,polynomial_stress_22,Polynomial Net,POLYNOMIAL,synthetic,atau,200,current_mixture,0.05,10,1e-12,width,0.0,2,a_tau,,no_committed_onnx,0.0
poly13_deg19_b,polynomial_stress_22,Polynomial Net,POLYNOMIAL,synthetic,atau,200,current_mixture,0.05,10,1e-12,width,0.0,3,a_tau,,no_committed_onnx,0.0
poly13_deg19_b,polynomial_stress_22,Polynomial Net,POLYNOMIAL,synthetic,atau,200,current_mixture,0.05,10,1e-12,width,0.0,4,a_tau,,no_committed_onnx,0.0
poly13_deg19_b,polynomial_stress_22,Polynomial Net,POLYNOMIAL,synthetic,atau,200,current_mixture,0.05,10,1e-12,width,0.0,5,a_tau,,no_committed_onnx,0.0
poly13_deg19_b,polynomial_stress_22,Polynomial Net,POLYNOMIAL,synthetic,atau,200,current_mixture,0.05,10,1e-12,width,0.0,6,a_tau,,no_committed_onnx,0.0
poly13_deg19_b,polynomial_stress_22,Polynomial Net,POLYNOMIAL,synthetic,atau,200,current_mixture,0.05,10,1e-12,width,0.0,7,a_tau,,no_committed_onnx,0.0
poly13_deg19_b,polynomial_stress_22,Polynomial Net,POLYNOMIAL,synthetic,atau,200,current_mixture,0.05,20,1e-12,width,0.0,0,a_tau,,no_committed_onnx,0.0
poly13_deg19_b,polynomial_stress_22,Polynomial Net,POLYNOMIAL,synthetic,atau,200,current_mixture,0.05,20,1e-12,width,0.0,1,a_tau,,no_committed_onnx,0.0
poly13_deg19_b,polynomial_stress_22,Polynomial Net,POLYNOMIAL,synthetic,atau,200,current_mixture,0.05,20,1e-12,width,0.0,2,a_tau,,no_committed_onnx,0.0
poly13_deg19_b,polynomial_stress_22,Polynomial Net,POLYNOMIAL,synthetic,atau,200,current_mixture,0.05,20,1e-12,width,0.0,3,a_tau,,no_committed_onnx,0.0
poly13_deg19_b,polynomial_stress_22,Polynomial Net,POLYNOMIAL,synthetic,atau,200,current_mixture,0.05,20,1e-12,width,0.0,4,a_tau,,no_committed_onnx,0.0
poly13_deg19_b,polynomial_stress_22,Polynomial Net,POLYNOMIAL,synthetic,atau,200,current_mixture,0.05,20,1e-12,width,0.0,5,a_tau,,no_committed_onnx,0.0
poly13_deg19_b,polynomial_stress_22,Polynomial Net,POLYNOMIAL,synthetic,atau,200,current_mixture,0.05,20,1e-12,width,0.0,6,a_tau,,no_committed_onnx,0.0
poly13_deg19_b,polynomial_stress_22,Polynomial Net,POLYNOMIAL,synthetic,atau,200,current_mixture,0.05,20,1e-12,width,0.0,7,a_tau,,no_committed_onnx,0.0
poly13_deg19_b,polynomial_stress_22,Polynomial Net,POLYNOMIAL,synthetic,atau,200,current_mixture,0.1,5,1e-12,width,0.0,0,a_tau,,no_committed_onnx,0.0
poly13_deg19_b,polynomial_stress_22,Polynomial Net,POLYNOMIAL,synthetic,atau,200,current_mixture,0.1,5,1e-12,width,0.0,1,a_tau,,no_committed_onnx,0.0
poly13_deg19_b,polynomial_stress_22,Polynomial Net,POLYNOMIAL,synthetic,atau,200,current_mixture,0.1,5,1e-12,width,0.0,2,a_tau,,no_committed_onnx,0.0
poly13_deg19_b,polynomial_stress_22,Polynomial Net,POLYNOMIAL,synthetic,atau,200,current_mixture,0.1,5,1e-12,width,0.0,3,a_tau,,no_committed_onnx,0.0
poly13_deg19_b,polynomial_stress_22,Polynomial Net,POLYNOMIAL,synthetic,atau,200,current_mixture,0.1,5,1e-12,width,0.0,4,a_tau,,no_committed_onnx,0.0
poly13_deg19_b,polynomial_stress_22,Polynomial Net,POLYNOMIAL,synthetic,atau,200,current_mixture,0.1,5,1e-12,width,0.0,5,a_tau,,no_committed_onnx,0.0
poly13_deg19_b,polynomial_stress_22,Polynomial Net,POLYNOMIAL,synthetic,atau,200,current_mixture,0.1,5,1e-12,width,0.0,6,a_tau,,no_committed_onnx,0.0
poly13_deg19_b,polynomial_stress_22,Polynomial Net,POLYNOMIAL,synthetic,atau,200,current_mixture,0.1,5,1e-12,width,0.0,7,a_tau,,no_committed_onnx,0.0
poly13_deg19_b,polynomial_stress_22,Polynomial Net,POLYNOMIAL,synthetic,atau,200,current_mixture,0.1,10,1e-12,width,0.0,0,a_tau,,no_committed_onnx,0.0
poly13_deg19_b,polynomial_stress_22,Polynomial Net,POLYNOMIAL,synthetic,atau,200,current_mixture,0.1,10,1e-12,width,0.0,1,a_tau,,no_committed_onnx,0.0
poly13_deg19_b,polynomial_stress_22,Polynomial Net,POLYNOMIAL,synthetic,atau,200,current_mixture,0.1,10,1e-12,width,0.0,2,a_tau,,no_committed_onnx,0.0
poly13_deg19_b,polynomial_stress_22,Polynomial Net,POLYNOMIAL,synthetic,atau,200,current_mixture,0.1,10,1e-12,width,0.0,3,a_tau,,no_committed_onnx,0.0
poly13_deg19_b,polynomial_stress_22,Polynomial Net,POLYNOMIAL,synthetic,atau,200,current_mixture,0.1,10,1e-12,width,0.0,4,a_tau,,no_committed_onnx,0.0
poly13_deg19_b,polynomial_stress_22,Polynomial Net,POLYNOMIAL,synthetic,atau,200,current_mixture,0.1,10,1e-12,width,0.0,5,a_tau,,no_committed_onnx,0.0
poly13_deg19_b,polynomial_stress_22,Polynomial Net,POLYNOMIAL,synthetic,atau,200,current_mixture,0.1,10,1e-12,width,0.0,6,a_tau,,no_committed_onnx,0.0
poly13_deg19_b,polynomial_stress_22,Polynomial Net,POLYNOMIAL,synthetic,atau,200,current_mixture,0.1,10,1e-12,width,0.0,7,a_tau,,no_committed_onnx,0.0
poly13_deg19_b,polynomial_stress_22,Polynomial Net,POLYNOMIAL,synthetic,atau,200,current_mixture,0.1,20,1e-12,width,0.0,0,a_tau,,no_committed_onnx,0.0
poly13_deg19_b,polynomial_stress_22,Polynomial Net,POLYNOMIAL,synthetic,atau,200,current_mixture,0.1,20,1e-12,width,0.0,1,a_tau,,no_committed_onnx,0.0
poly13_deg19_b,polynomial_stress_22,Polynomial Net,POLYNOMIAL,synthetic,atau,200,current_mixture,0.1,20,1e-12,width,0.0,2,a_tau,,no_committed_onnx,0.0
poly13_deg19_b,polynomial_stress_22,Polynomial Net,POLYNOMIAL,synthetic,atau,200,current_mixture,0.1,20,1e-12,width,0.0,3,a_tau,,no_committed_onnx,0.0
poly13_deg19_b,polynomial_stress_22,Polynomial Net,POLYNOMIAL,synthetic,atau,200,current_mixture,0.1,20,1e-12,width,0.0,4,a_tau,,no_committed_onnx,0.0
poly13_deg19_b,polynomial_stress_22,Polynomial Net,POLYNOMIAL,synthetic,atau,200,current_mixture,0.1,20,1e-12,width,0.0,5,a_tau,,no_committed_onnx,0.0
poly13_deg19_b,polynomial_stress_22,Polynomial Net,POLYNOMIAL,synthetic,atau,200,current_mixture,0.1,20,1e-12,width,0.0,6,a_tau,,no_committed_onnx,0.0
poly13_deg19_b,polynomial_stress_22,Polynomial Net,POLYNOMIAL,synthetic,atau,200,current_mixture,0.1,20,1e-12,width,0.0,7,a_tau,,no_committed_onnx,0.0
poly13_deg19_b,polynomial_stress_22,Polynomial Net,POLYNOMIAL,synthetic,atau,200,current_mixture,0.2,5,1e-12,width,0.0,0,a_tau,,no_committed_onnx,0.0
poly13_deg19_b,polynomial_stress_22,Polynomial Net,POLYNOMIAL,synthetic,atau,200,current_mixture,0.2,5,1e-12,width,0.0,1,a_tau,,no_committed_onnx,0.0
poly13_deg19_b,polynomial_stress_22,Polynomial Net,POLYNOMIAL,synthetic,atau,200,current_mixture,0.2,5,1e-12,width,0.0,2,a_tau,,no_committed_onnx,0.0
poly13_deg19_b,polynomial_stress_22,Polynomial Net,POLYNOMIAL,synthetic,atau,200,current_mixture,0.2,5,1e-12,width,0.0,3,a_tau,,no_committed_onnx,0.0
poly13_deg19_b,polynomial_stress_22,Polynomial Net,POLYNOMIAL,synthetic,atau,200,current_mixture,0.2,5,1e-12,width,0.0,4,a_tau,,no_committed_onnx,0.0
poly13_deg19_b,polynomial_stress_22,Polynomial Net,POLYNOMIAL,synthetic,atau,200,current_mixture,0.2,5,1e-12,width,0.0,5,a_tau,,no_committed_onnx,0.0
poly13_deg19_b,polynomial_stress_22,Polynomial Net,POLYNOMIAL,synthetic,atau,200,current_mixture,0.2,5,1e-12,width,0.0,6,a_tau,,no_committed_onnx,0.0
poly13_deg19_b,polynomial_stress_22,Polynomial Net,POLYNOMIAL,synthetic,atau,200,current_mixture,0.2,5,1e-12,width,0.0,7,a_tau,,no_committed_onnx,0.0
poly13_deg19_b,polynomial_stress_22,Polynomial Net,POLYNOMIAL,synthetic,atau,200,current_mixture,0.2,10,1e-12,width,0.0,0,a_tau,,no_committed_onnx,0.0
poly13_deg19_b,polynomial_stress_22,Polynomial Net,POLYNOMIAL,synthetic,atau,200,current_mixture,0.2,10,1e-12,width,0.0,1,a_tau,,no_committed_onnx,0.0
poly13_deg19_b,polynomial_stress_22,Polynomial Net,POLYNOMIAL,synthetic,atau,200,current_mixture,0.2,10,1e-12,width,0.0,2,a_tau,,no_committed_onnx,0.0
poly13_deg19_b,polynomial_stress_22,Polynomial Net,POLYNOMIAL,synthetic,atau,200,current_mixture,0.2,10,1e-12,width,0.0,3,a_tau,,no_committed_onnx,0.0
poly13_deg19_b,polynomial_stress_22,Polynomial Net,POLYNOMIAL,synthetic,atau,200,current_mixture,0.2,10,1e-12,width,0.0,4,a_tau,,no_committed_onnx,0.0
poly13_deg19_b,polynomial_stress_22,Polynomial Net,POLYNOMIAL,synthetic,atau,200,current_mixture,0.2,10,1e-12,width,0.0,5,a_tau,,no_committed_onnx,0.0
poly13_deg19_b,polynomial_stress_22,Polynomial Net,POLYNOMIAL,synthetic,atau,200,current_mixture,0.2,10,1e-12,width,0.0,6,a_tau,,no_committed_onnx,0.0
poly13_deg19_b,polynomial_stress_22,Polynomial Net,POLYNOMIAL,synthetic,atau,200,current_mixture,0.2,10,1e-12,width,0.0,7,a_tau,,no_committed_onnx,0.0
poly13_deg19_b,polynomial_stress_22,Polynomial Net,POLYNOMIAL,synthetic,atau,200,current_mixture,0.2,20,1e-12,width,0.0,0,a_tau,,no_committed_onnx,0.0
poly13_deg19_b,polynomial_stress_22,Polynomial Net,POLYNOMIAL,synthetic,atau,200,current_mixture,0.2,20,1e-12,width,0.0,1,a_tau,,no_committed_onnx,0.0
poly13_deg19_b,polynomial_stress_22,Polynomial Net,POLYNOMIAL,synthetic,atau,200,current_mixture,0.2,20,1e-12,width,0.0,2,a_tau,,no_committed_onnx,0.0
poly13_deg19_b,polynomial_stress_22,Polynomial Net,POLYNOMIAL,synthetic,atau,200,current_mixture,0.2,20,1e-12,width,0.0,3,a_tau,,no_committed_onnx,0.0
poly13_deg19_b,polynomial_stress_22,Polynomial Net,POLYNOMIAL,synthetic,atau,200,current_mixture,0.2,20,1e-12,width,0.0,4,a_tau,,no_committed_onnx,0.0
poly13_deg19_b,polynomial_stress_22,Polynomial Net,POLYNOMIAL,synthetic,atau,200,current_mixture,0.2,20,1e-12,width,0.0,5,a_tau,,no_committed_onnx,0.0
poly13_deg19_b,polynomial_stress_22,Polynomial Net,POLYNOMIAL,synthetic,atau,200,current_mixture,0.2,20,1e-12,width,0.0,6,a_tau,,no_committed_onnx,0.0
poly13_deg19_b,polynomial_stress_22,Polynomial Net,POLYNOMIAL,synthetic,atau,200,current_mixture,0.2,20,1e-12,width,0.0,7,a_tau,,no_committed_onnx,0.0
poly13_deg19_b,polynomial_stress_22,Polynomial Net,POLYNOMIAL,synthetic,atau,200,current_mixture,0.5,5,1e-12,width,0.0,0,a_tau,,no_committed_onnx,0.0
poly13_deg19_b,polynomial_stress_22,Polynomial Net,POLYNOMIAL,synthetic,atau,200,current_mixture,0.5,5,1e-12,width,0.0,1,a_tau,,no_committed_onnx,0.0
poly13_deg19_b,polynomial_stress_22,Polynomial Net,POLYNOMIAL,synthetic,atau,200,current_mixture,0.5,5,1e-12,width,0.0,2,a_tau,,no_committed_onnx,0.0
poly13_deg19_b,polynomial_stress_22,Polynomial Net,POLYNOMIAL,synthetic,atau,200,current_mixture,0.5,5,1e-12,width,0.0,3,a_tau,,no_committed_onnx,0.0
poly13_deg19_b,polynomial_stress_22,Polynomial Net,POLYNOMIAL,synthetic,atau,200,current_mixture,0.5,5,1e-12,width,0.0,4,a_tau,,no_committed_onnx,0.0
poly13_deg19_b,polynomial_stress_22,Polynomial Net,POLYNOMIAL,synthetic,atau,200,current_mixture,0.5,5,1e-12,width,0.0,5,a_tau,,no_committed_onnx,0.0
poly13_deg19_b,polynomial_stress_22,Polynomial Net,POLYNOMIAL,synthetic,atau,200,current_mixture,0.5,5,1e-12,width,0.0,6,a_tau,,no_committed_onnx,0.0
poly13_deg19_b,polynomial_stress_22,Polynomial Net,POLYNOMIAL,synthetic,atau,200,current_mixture,0.5,5,1e-12,width,0.0,7,a_tau,,no_committed_onnx,0.0
poly13_deg19_b,polynomial_stress_22,Polynomial Net,POLYNOMIAL,synthetic,atau,200,current_mixture,0.5,10,1e-12,width,0.0,0,a_tau,,no_committed_onnx,0.0
poly13_deg19_b,polynomial_stress_22,Polynomial Net,POLYNOMIAL,synthetic,atau,200,current_mixture,0.5,10,1e-12,width,0.0,1,a_tau,,no_committed_onnx,0.0
poly13_deg19_b,polynomial_stress_22,Polynomial Net,POLYNOMIAL,synthetic,atau,200,current_mixture,0.5,10,1e-12,width,0.0,2,a_tau,,no_committed_onnx,0.0
poly13_deg19_b,polynomial_stress_22,Polynomial Net,POLYNOMIAL,synthetic,atau,200,current_mixture,0.5,10,1e-12,width,0.0,3,a_tau,,no_committed_onnx,0.0
poly13_deg19_b,polynomial_stress_22,Polynomial Net,POLYNOMIAL,synthetic,atau,200,current_mixture,0.5,10,1e-12,width,0.0,4,a_tau,,no_committed_onnx,0.0
poly13_deg19_b,polynomial_stress_22,Polynomial Net,POLYNOMIAL,synthetic,atau,200,current_mixture,0.5,10,1e-12,width,0.0,5,a_tau,,no_committed_onnx,0.0
poly13_deg19_b,polynomial_stress_22,Polynomial Net,POLYNOMIAL,synthetic,atau,200,current_mixture,0.5,10,1e-12,width,0.0,6,a_tau,,no_committed_onnx,0.0
poly13_deg19_b,polynomial_stress_22,Polynomial Net,POLYNOMIAL,synthetic,atau,200,current_mixture,0.5,10,1e-12,width,0.0,7,a_tau,,no_committed_onnx,0.0
poly13_deg19_b,polynomial_stress_22,Polynomial Net,POLYNOMIAL,synthetic,atau,200,current_mixture,0.5,20,1e-12,width,0.0,0,a_tau,,no_committed_onnx,0.0
poly13_deg19_b,polynomial_stress_22,Polynomial Net,POLYNOMIAL,synthetic,atau,200,current_mixture,0.5,20,1e-12,width,0.0,1,a_tau,,no_committed_onnx,0.0
poly13_deg19_b,polynomial_stress_22,Polynomial Net,POLYNOMIAL,synthetic,atau,200,current_mixture,0.5,20,1e-12,width,0.0,2,a_tau,,no_committed_onnx,0.0
poly13_deg19_b,polynomial_stress_22,Polynomial Net,POLYNOMIAL,synthetic,atau,200,current_mixture,0.5,20,1e-12,width,0.0,3,a_tau,,no_committed_onnx,0.0
poly13_deg19_b,polynomial_stress_22,Polynomial Net,POLYNOMIAL,synthetic,atau,200,current_mixture,0.5,20,1e-12,width,0.0,4,a_tau,,no_committed_onnx,0.0
poly13_deg19_b,polynomial_stress_22,Polynomial Net,POLYNOMIAL,synthetic,atau,200,current_mixture,0.5,20,1e-12,width,0.0,5,a_tau,,no_committed_onnx,0.0
poly13_deg19_b,polynomial_stress_22,Polynomial Net,POLYNOMIAL,synthetic,atau,200,current_mixture,0.5,20,1e-12,width,0.0,6,a_tau,,no_committed_onnx,0.0
poly13_deg19_b,polynomial_stress_22,Polynomial Net,POLYNOMIAL,synthetic,atau,200,current_mixture,0.5,20,1e-12,width,0.0,7,a_tau,,no_committed_onnx,0.0
poly12_deg19_a,polynomial_stress_22,Polynomial Net,POLYNOMIAL,synthetic,atau,200,current_mixture,0.05,5,1e-12,width,0.0,0,a_tau,,no_committed_onnx,0.0
poly12_deg19_a,polynomial_stress_22,Polynomial Net,POLYNOMIAL,synthetic,atau,200,current_mixture,0.05,5,1e-12,width,0.0,1,a_tau,,no_committed_onnx,0.0
poly12_deg19_a,polynomial_stress_22,Polynomial Net,POLYNOMIAL,synthetic,atau,200,current_mixture,0.05,5,1e-12,width,0.0,2,a_tau,,no_committed_onnx,0.0
poly12_deg19_a,polynomial_stress_22,Polynomial Net,POLYNOMIAL,synthetic,atau,200,current_mixture,0.05,5,1e-12,width,0.0,3,a_tau,,no_committed_onnx,0.0
poly12_deg19_a,polynomial_stress_22,Polynomial Net,POLYNOMIAL,synthetic,atau,200,current_mixture,0.05,5,1e-12,width,0.0,4,a_tau,,no_committed_onnx,0.0
poly12_deg19_a,polynomial_stress_22,Polynomial Net,POLYNOMIAL,synthetic,atau,200,current_mixture,0.05,5,1e-12,width,0.0,5,a_tau,,no_committed_onnx,0.0
poly12_deg19_a,polynomial_stress_22,Polynomial Net,POLYNOMIAL,synthetic,atau,200,current_mixture,0.05,5,1e-12,width,0.0,6,a_tau,,no_committed_onnx,0.0
poly12_deg19_a,polynomial_stress_22,Polynomial Net,POLYNOMIAL,synthetic,atau,200,current_mixture,0.05,5,1e-12,width,0.0,7,a_tau,,no_committed_onnx,0.0
poly12_deg19_a,polynomial_stress_22,Polynomial Net,POLYNOMIAL,synthetic,atau,200,current_mixture,0.05,10,1e-12,width,0.0,0,a_tau,,no_committed_onnx,0.0
poly12_deg19_a,polynomial_stress_22,Polynomial Net,POLYNOMIAL,synthetic,atau,200,current_mixture,0.05,10,1e-12,width,0.0,1,a_tau,,no_committed_onnx,0.0
poly12_deg19_a,polynomial_stress_22,Polynomial Net,POLYNOMIAL,synthetic,atau,200,current_mixture,0.05,10,1e-12,width,0.0,2,a_tau,,no_committed_onnx,0.0
poly12_deg19_a,polynomial_stress_22,Polynomial Net,POLYNOMIAL,synthetic,atau,200,current_mixture,0.05,10,1e-12,width,0.0,3,a_tau,,no_committed_onnx,0.0
poly12_deg19_a,polynomial_stress_22,Polynomial Net,POLYNOMIAL,synthetic,atau,200,current_mixture,0.05,10,1e-12,width,0.0,4,a_tau,,no_committed_onnx,0.0
poly12_deg19_a,polynomial_stress_22,Polynomial Net,POLYNOMIAL,synthetic,atau,200,current_mixture,0.05,10,1e-12,width,0.0,5,a_tau,,no_committed_onnx,0.0
poly12_deg19_a,polynomial_stress_22,Polynomial Net,POLYNOMIAL,synthetic,atau,200,current_mixture,0.05,10,1e-12,width,0.0,6,a_tau,,no_committed_onnx,0.0
poly12_deg19_a,polynomial_stress_22,Polynomial Net,POLYNOMIAL,synthetic,atau,200,current_mixture,0.05,10,1e-12,width,0.0,7,a_tau,,no_committed_onnx,0.0
poly12_deg19_a,polynomial_stress_22,Polynomial Net,POLYNOMIAL,synthetic,atau,200,current_mixture,0.05,20,1e-12,width,0.0,0,a_tau,,no_committed_onnx,0.0
poly12_deg19_a,polynomial_stress_22,Polynomial Net,POLYNOMIAL,synthetic,atau,200,current_mixture,0.05,20,1e-12,width,0.0,1,a_tau,,no_committed_onnx,0.0
poly12_deg19_a,polynomial_stress_22,Polynomial Net,POLYNOMIAL,synthetic,atau,200,current_mixture,0.05,20,1e-12,width,0.0,2,a_tau,,no_committed_onnx,0.0
poly12_deg19_a,polynomial_stress_22,Polynomial Net,POLYNOMIAL,synthetic,atau,200,current_mixture,0.05,20,1e-12,width,0.0,3,a_tau,,no_committed_onnx,0.0
poly12_deg19_a,polynomial_stress_22,Polynomial Net,POLYNOMIAL,synthetic,atau,200,current_mixture,0.05,20,1e-12,width,0.0,4,a_tau,,no_committed_onnx,0.0
poly12_deg19_a,polynomial_stress_22,Polynomial Net,POLYNOMIAL,synthetic,atau,200,current_mixture,0.05,20,1e-12,width,0.0,5,a_tau,,no_committed_onnx,0.0
poly12_deg19_a,polynomial_stress_22,Polynomial Net,POLYNOMIAL,synthetic,atau,200,current_mixture,0.05,20,1e-12,width,0.0,6,a_tau,,no_committed_onnx,0.0
poly12_deg19_a,polynomial_stress_22,Polynomial Net,POLYNOMIAL,synthetic,atau,200,current_mixture,0.05,20,1e-12,width,0.0,7,a_tau,,no_committed_onnx,0.0
poly12_deg19_a,polynomial_stress_22,Polynomial Net,POLYNOMIAL,synthetic,atau,200,current_mixture,0.1,5,1e-12,width,0.0,0,a_tau,,no_committed_onnx,0.0
poly12_deg19_a,polynomial_stress_22,Polynomial Net,POLYNOMIAL,synthetic,atau,200,current_mixture,0.1,5,1e-12,width,0.0,1,a_tau,,no_committed_onnx,0.0
poly12_deg19_a,polynomial_stress_22,Polynomial Net,POLYNOMIAL,synthetic,atau,200,current_mixture,0.1,5,1e-12,width,0.0,2,a_tau,,no_committed_onnx,0.0
poly12_deg19_a,polynomial_stress_22,Polynomial Net,POLYNOMIAL,synthetic,atau,200,current_mixture,0.1,5,1e-12,width,0.0,3,a_tau,,no_committed_onnx,0.0
poly12_deg19_a,polynomial_stress_22,Polynomial Net,POLYNOMIAL,synthetic,atau,200,current_mixture,0.1,5,1e-12,width,0.0,4,a_tau,,no_committed_onnx,0.0
poly12_deg19_a,polynomial_stress_22,Polynomial Net,POLYNOMIAL,synthetic,atau,200,current_mixture,0.1,5,1e-12,width,0.0,5,a_tau,,no_committed_onnx,0.0
poly12_deg19_a,polynomial_stress_22,Polynomial Net,POLYNOMIAL,synthetic,atau,200,current_mixture,0.1,5,1e-12,width,0.0,6,a_tau,,no_committed_onnx,0.0
poly12_deg19_a,polynomial_stress_22,Polynomial Net,POLYNOMIAL,synthetic,atau,200,current_mixture,0.1,5,1e-12,width,0.0,7,a_tau,,no_committed_onnx,0.0
poly12_deg19_a,polynomial_stress_22,Polynomial Net,POLYNOMIAL,synthetic,atau,200,current_mixture,0.1,10,1e-12,width,0.0,0,a_tau,,no_committed_onnx,0.0
poly12_deg19_a,polynomial_stress_22,Polynomial Net,POLYNOMIAL,synthetic,atau,200,current_mixture,0.1,10,1e-12,width,0.0,1,a_tau,,no_committed_onnx,0.0
poly12_deg19_a,polynomial_stress_22,Polynomial Net,POLYNOMIAL,synthetic,atau,200,current_mixture,0.1,10,1e-12,width,0.0,2,a_tau,,no_committed_onnx,0.0
poly12_deg19_a,polynomial_stress_22,Polynomial Net,POLYNOMIAL,synthetic,atau,200,current_mixture,0.1,10,1e-12,width,0.0,3,a_tau,,no_committed_onnx,0.0
poly12_deg19_a,polynomial_stress_22,Polynomial Net,POLYNOMIAL,synthetic,atau,200,current_mixture,0.1,10,1e-12,width,0.0,4,a_tau,,no_committed_onnx,0.0
poly12_deg19_a,polynomial_stress_22,Polynomial Net,POLYNOMIAL,synthetic,atau,200,current_mixture,0.1,10,1e-12,width,0.0,5,a_tau,,no_committed_onnx,0.0
poly12_deg19_a,polynomial_stress_22,Polynomial Net,POLYNOMIAL,synthetic,atau,200,current_mixture,0.1,10,1e-12,width,0.0,6,a_tau,,no_committed_onnx,0.0
poly12_deg19_a,polynomial_stress_22,Polynomial Net,POLYNOMIAL,synthetic,atau,200,current_mixture,0.1,10,1e-12,width,0.0,7,a_tau,,no_committed_onnx,0.0
poly12_deg19_a,polynomial_stress_22,Polynomial Net,POLYNOMIAL,synthetic,atau,200,current_mixture,0.1,20,1e-12,width,0.0,0,a_tau,,no_committed_onnx,0.0
poly12_deg19_a,polynomial_stress_22,Polynomial Net,POLYNOMIAL,synthetic,atau,200,current_mixture,0.1,20,1e-12,width,0.0,1,a_tau,,no_committed_onnx,0.0
poly12_deg19_a,polynomial_stress_22,Polynomial Net,POLYNOMIAL,synthetic,atau,200,current_mixture,0.1,20,1e-12,width,0.0,2,a_tau,,no_committed_onnx,0.0
poly12_deg19_a,polynomial_stress_22,Polynomial Net,POLYNOMIAL,synthetic,atau,200,current_mixture,0.1,20,1e-12,width,0.0,3,a_tau,,no_committed_onnx,0.0
poly12_deg19_a,polynomial_stress_22,Polynomial Net,POLYNOMIAL,synthetic,atau,200,current_mixture,0.1,20,1e-12,width,0.0,4,a_tau,,no_committed_onnx,0.0
poly12_deg19_a,polynomial_stress_22,Polynomial Net,POLYNOMIAL,synthetic,atau,200,current_mixture,0.1,20,1e-12,width,0.0,5,a_tau,,no_committed_onnx,0.0
poly12_deg19_a,polynomial_stress_22,Polynomial Net,POLYNOMIAL,synthetic,atau,200,current_mixture,0.1,20,1e-12,width,0.0,6,a_tau,,no_committed_onnx,0.0
poly12_deg19_a,polynomial_stress_22,Polynomial Net,POLYNOMIAL,synthetic,atau,200,current_mixture,0.1,20,1e-12,width,0.0,7,a_tau,,no_committed_onnx,0.0
poly12_deg19_a,polynomial_stress_22,Polynomial Net,POLYNOMIAL,synthetic,atau,200,current_mixture,0.2,5,1e-12,width,0.0,0,a_tau,,no_committed_onnx,0.0
poly12_deg19_a,polynomial_stress_22,Polynomial Net,POLYNOMIAL,synthetic,atau,200,current_mixture,0.2,5,1e-12,width,0.0,1,a_tau,,no_committed_onnx,0.0
poly12_deg19_a,polynomial_stress_22,Polynomial Net,POLYNOMIAL,synthetic,atau,200,current_mixture,0.2,5,1e-12,width,0.0,2,a_tau,,no_committed_onnx,0.0
poly12_deg19_a,polynomial_stress_22,Polynomial Net,POLYNOMIAL,synthetic,atau,200,current_mixture,0.2,5,1e-12,width,0.0,3,a_tau,,no_committed_onnx,0.0
poly12_deg19_a,polynomial_stress_22,Polynomial Net,POLYNOMIAL,synthetic,atau,200,current_mixture,0.2,5,1e-12,width,0.0,4,a_tau,,no_committed_onnx,0.0
poly12_deg19_a,polynomial_stress_22,Polynomial Net,POLYNOMIAL,synthetic,atau,200,current_mixture,0.2,5,1e-12,width,0.0,5,a_tau,,no_committed_onnx,0.0
poly12_deg19_a,polynomial_stress_22,Polynomial Net,POLYNOMIAL,synthetic,atau,200,current_mixture,0.2,5,1e-12,width,0.0,6,a_tau,,no_committed_onnx,0.0
poly12_deg19_a,polynomial_stress_22,Polynomial Net,POLYNOMIAL,synthetic,atau,200,current_mixture,0.2,5,1e-12,width,0.0,7,a_tau,,no_committed_onnx,0.0
poly12_deg19_a,polynomial_stress_22,Polynomial Net,POLYNOMIAL,synthetic,atau,200,current_mixture,0.2,10,1e-12,width,0.0,0,a_tau,,no_committed_onnx,0.0
poly12_deg19_a,polynomial_stress_22,Polynomial Net,POLYNOMIAL,synthetic,atau,200,current_mixture,0.2,10,1e-12,width,0.0,1,a_tau,,no_committed_onnx,0.0
poly12_deg19_a,polynomial_stress_22,Polynomial Net,POLYNOMIAL,synthetic,atau,200,current_mixture,0.2,10,1e-12,width,0.0,2,a_tau,,no_committed_onnx,0.0
poly12_deg19_a,polynomial_stress_22,Polynomial Net,POLYNOMIAL,synthetic,atau,200,current_mixture,0.2,10,1e-12,width,0.0,3,a_tau,,no_committed_onnx,0.0
poly12_deg19_a,polynomial_stress_22,Polynomial Net,POLYNOMIAL,synthetic,atau,200,current_mixture,0.2,10,1e-12,width,0.0,4,a_tau,,no_committed_onnx,0.0
poly12_deg19_a,polynomial_stress_22,Polynomial Net,POLYNOMIAL,synthetic,atau,200,current_mixture,0.2,10,1e-12,width,0.0,5,a_tau,,no_committed_onnx,0.0
poly12_deg19_a,polynomial_stress_22,Polynomial Net,POLYNOMIAL,synthetic,atau,200,current_mixture,0.2,10,1e-12,width,0.0,6,a_tau,,no_committed_onnx,0.0
poly12_deg19_a,polynomial_stress_22,Polynomial Net,POLYNOMIAL,synthetic,atau,200,current_mixture,0.2,10,1e-12,width,0.0,7,a_tau,,no_committed_onnx,0.0
poly12_deg19_a,polynomial_stress_22,Polynomial Net,POLYNOMIAL,synthetic,atau,200,current_mixture,0.2,20,1e-12,width,0.0,0,a_tau,,no_committed_onnx,0.0
poly12_deg19_a,polynomial_stress_22,Polynomial Net,POLYNOMIAL,synthetic,atau,200,current_mixture,0.2,20,1e-12,width,0.0,1,a_tau,,no_committed_onnx,0.0
poly12_deg19_a,polynomial_stress_22,Polynomial Net,POLYNOMIAL,synthetic,atau,200,current_mixture,0.2,20,1e-12,width,0.0,2,a_tau,,no_committed_onnx,0.0
poly12_deg19_a,polynomial_stress_22,Polynomial Net,POLYNOMIAL,synthetic,atau,200,current_mixture,0.2,20,1e-12,width,0.0,3,a_tau,,no_committed_onnx,0.0
poly12_deg19_a,polynomial_stress_22,Polynomial Net,POLYNOMIAL,synthetic,atau,200,current_mixture,0.2,20,1e-12,width,0.0,4,a_tau,,no_committed_onnx,0.0
poly12_deg19_a,polynomial_stress_22,Polynomial Net,POLYNOMIAL,synthetic,atau,200,current_mixture,0.2,20,1e-12,width,0.0,5,a_tau,,no_committed_onnx,0.0
poly12_deg19_a,polynomial_stress_22,Polynomial Net,POLYNOMIAL,synthetic,atau,200,current_mixture,0.2,20,1e-12,width,0.0,6,a_tau,,no_committed_onnx,0.0
poly12_deg19_a,polynomial_stress_22,Polynomial Net,POLYNOMIAL,synthetic,atau,200,current_mixture,0.2,20,1e-12,width,0.0,7,a_tau,,no_committed_onnx,0.0
poly12_deg19_a,polynomial_stress_22,Polynomial Net,POLYNOMIAL,synthetic,atau,200,current_mixture,0.5,5,1e-12,width,0.0,0,a_tau,,no_committed_onnx,0.0
poly12_deg19_a,polynomial_stress_22,Polynomial Net,POLYNOMIAL,synthetic,atau,200,current_mixture,0.5,5,1e-12,width,0.0,1,a_tau,,no_committed_onnx,0.0
poly12_deg19_a,polynomial_stress_22,Polynomial Net,POLYNOMIAL,synthetic,atau,200,current_mixture,0.5,5,1e-12,width,0.0,2,a_tau,,no_committed_onnx,0.0
poly12_deg19_a,polynomial_stress_22,Polynomial Net,POLYNOMIAL,synthetic,atau,200,current_mixture,0.5,5,1e-12,width,0.0,3,a_tau,,no_committed_onnx,0.0
poly12_deg19_a,polynomial_stress_22,Polynomial Net,POLYNOMIAL,synthetic,atau,200,current_mixture,0.5,5,1e-12,width,0.0,4,a_tau,,no_committed_onnx,0.0
poly12_deg19_a,polynomial_stress_22,Polynomial Net,POLYNOMIAL,synthetic,atau,200,current_mixture,0.5,5,1e-12,width,0.0,5,a_tau,,no_committed_onnx,0.0
poly12_deg19_a,polynomial_stress_22,Polynomial Net,POLYNOMIAL,synthetic,atau,200,current_mixture,0.5,5,1e-12,width,0.0,6,a_tau,,no_committed_onnx,0.0
poly12_deg19_a,polynomial_stress_22,Polynomial Net,POLYNOMIAL,synthetic,atau,200,current_mixture,0.5,5,1e-12,width,0.0,7,a_tau,,no_committed_onnx,0.0
poly12_deg19_a,polynomial_stress_22,Polynomial Net,POLYNOMIAL,synthetic,atau,200,current_mixture,0.5,10,1e-12,width,0.0,0,a_tau,,no_committed_onnx,0.0
poly12_deg19_a,polynomial_stress_22,Polynomial Net,POLYNOMIAL,synthetic,atau,200,current_mixture,0.5,10,1e-12,width,0.0,1,a_tau,,no_committed_onnx,0.0
poly12_deg19_a,polynomial_stress_22,Polynomial Net,POLYNOMIAL,synthetic,atau,200,current_mixture,0.5,10,1e-12,width,0.0,2,a_tau,,no_committed_onnx,0.0
poly12_deg19_a,polynomial_stress_22,Polynomial Net,POLYNOMIAL,synthetic,atau,200,current_mixture,0.5,10,1e-12,width,0.0,3,a_tau,,no_committed_onnx,0.0
poly12_deg19_a,polynomial_stress_22,Polynomial Net,POLYNOMIAL,synthetic,atau,200,current_mixture,0.5,10,1e-12,width,0.0,4,a_tau,,no_committed_onnx,0.0
poly12_deg19_a,polynomial_stress_22,Polynomial Net,POLYNOMIAL,synthetic,atau,200,current_mixture,0.5,10,1e-12,width,0.0,5,a_tau,,no_committed_onnx,0.0
poly12_deg19_a,polynomial_stress_22,Polynomial Net,POLYNOMIAL,synthetic,atau,200,current_mixture,0.5,10,1e-12,width,0.0,6,a_tau,,no_committed_onnx,0.0
poly12_deg19_a,polynomial_stress_22,Polynomial Net,POLYNOMIAL,synthetic,atau,200,current_mixture,0.5,10,1e-12,width,0.0,7,a_tau,,no_committed_onnx,0.0
poly12_deg19_a,polynomial_stress_22,Polynomial Net,POLYNOMIAL,synthetic,atau,200,current_mixture,0.5,20,1e-12,width,0.0,0,a_tau,,no_committed_onnx,0.0
poly12_deg19_a,polynomial_stress_22,Polynomial Net,POLYNOMIAL,synthetic,atau,200,current_mixture,0.5,20,1e-12,width,0.0,1,a_tau,,no_committed_onnx,0.0
poly12_deg19_a,polynomial_stress_22,Polynomial Net,POLYNOMIAL,synthetic,atau,200,current_mixture,0.5,20,1e-12,width,0.0,2,a_tau,,no_committed_onnx,0.0
poly12_deg19_a,polynomial_stress_22,Polynomial Net,POLYNOMIAL,synthetic,atau,200,current_mixture,0.5,20,1e-12,width,0.0,3,a_tau,,no_committed_onnx,0.0
poly12_deg19_a,polynomial_stress_22,Polynomial Net,POLYNOMIAL,synthetic,atau,200,current_mixture,0.5,20,1e-12,width,0.0,4,a_tau,,no_committed_onnx,0.0
poly12_deg19_a,polynomial_stress_22,Polynomial Net,POLYNOMIAL,synthetic,atau,200,current_mixture,0.5,20,1e-12,width,0.0,5,a_tau,,no_committed_onnx,0.0
poly12_deg19_a,polynomial_stress_22,Polynomial Net,POLYNOMIAL,synthetic,atau,200,current_mixture,0.5,20,1e-12,width,0.0,6,a_tau,,no_committed_onnx,0.0
poly12_deg19_a,polynomial_stress_22,Polynomial Net,POLYNOMIAL,synthetic,atau,200,current_mixture,0.5,20,1e-12,width,0.0,7,a_tau,,no_committed_onnx,0.0
