instance_id,benchmark,family,arch,domain,axis,n_samples,dist_preset,atau_width,proj_dim,eta,u_mode,u_tau,seed,component,value,na_reason,wall_time_s
ep3,sweep_all,Constant-on-Box,MLP,synthetic,seed,200,current_mixture,0.1,10,1e-12,width,0.0,0,margin_hat_min,0.8342132568359375,,39.263
ep3,sweep_all,Constant-on-Box,MLP,synthetic,seed,200,current_mixture,0.1,10,1e-12,width,0.0,0,d_eff,11.630883863526343,,39.263
ep3,sweep_all,Constant-on-Box,MLP,synthetic,seed,200,current_mixture,0.1,10,1e-12,width,0.0,0,unstable_fraction,0.0,,0.006
ep3,sweep_all,Constant-on-Box,MLP,synthetic,seed,200,current_mixture,0.1,10,1e-12,width,0.0,0,g_ibp,1.1432020632497135e-06,,0.006
ep3,sweep_all,Constant-on-Box,MLP,synthetic,seed,200,current_mixture,0.1,10,1e-12,width,0.0,0,a_tau,3.5263605246161616,,21.478
ep3,sweep_all,Constant-on-Box,MLP,synthetic,seed,200,current_mixture,0.1,10,1e-12,width,0.0,1,margin_hat_min,0.8342132568359375,,38.781
ep3,sweep_all,Constant-on-Box,MLP,synthetic,seed,200,current_mixture,0.1,10,1e-12,width,0.0,1,d_eff,11.563159058802086,,38.781
ep3,sweep_all,Constant-on-Box,MLP,synthetic,seed,200,current_mixture,0.1,10,1e-12,width,0.0,1,unstable_fraction,0.0,,0.006
ep3,sweep_all,Constant-on-Box,MLP,synthetic,seed,200,current_mixture,0.1,10,1e-12,width,0.0,1,g_ibp,1.1432020632497135e-06,,0.006
ep3,sweep_all,Constant-on-Box,MLP,synthetic,seed,200,current_mixture,0.1,10,1e-12,width,0.0,1,a_tau,3.784189633918261,,22.257
ep3,sweep_all,Constant-on-Box,MLP,synthetic,seed,200,current_mixture,0.1,10,1e-12,width,0.0,2,margin_hat_min,0.8342132568359375,,23.708
ep3,sweep_all,Constant-on-Box,MLP,synthetic,seed,200,current_mixture,0.1,10,1e-12,width,0.0,2,d_eff,11.563031444400869,,23.708
ep3,sweep_all,Constant-on-Box,MLP,synthetic,seed,200,current_mixture,0.1,10,1e-12,width,0.0,2,unstable_fraction,0.0,,0.005
ep3,sweep_all,Constant-on-Box,MLP,synthetic,seed,200,current_mixture,0.1,10,1e-12,width,0.0,2,g_ibp,1.1432020632497135e-06,,0.005
ep3,sweep_all,Constant-on-Box,MLP,synthetic,seed,200,current_mixture,0.1,10,1e-12,width,0.0,2,a_tau,3.5263605246161616,,5.006
ep3,sweep_all,Constant-on-Box,MLP,synthetic,seed,200,current_mixture,0.1,10,1e-12,width,0.0,3,margin_hat_min,0.8342132568359375,,27.717
ep3,sweep_all,Constant-on-Box,MLP,synthetic,seed,200,current_mixture,0.1,10,1e-12,width,0.0,3,d_eff,11.651156620339497,,27.717
ep3,sweep_all,Constant-on-Box,MLP,synthetic,seed,200,current_mixture,0.1,10,1e-12,width,0.0,3,unstable_fraction,0.0,,0.007
ep3,sweep_all,Constant-on-Box,MLP,synthetic,seed,200,current_mixture,0.1,10,1e-12,width,0.0,3,g_ibp,1.1432020632497135e-06,,0.007
ep3,sweep_all,Constant-on-Box,MLP,synthetic,seed,200,current_mixture,0.1,10,1e-12,width,0.0,3,a_tau,3.58351893845611,,10.215
ep3,sweep_all,Constant-on-Box,MLP,synthetic,seed,200,current_mixture,0.1,10,1e-12,width,0.0,4,margin_hat_min,0.8342132568359375,,39.118
ep3,sweep_all,Constant-on-Box,MLP,synthetic,seed,200,current_mixture,0.1,10,1e-12,width,0.0,4,d_eff,11.595402289503749,,39.118
ep3,sweep_all,Constant-on-Box,MLP,synthetic,seed,200,current_mixture,0.1,10,1e-12,width,0.0,4,unstable_fraction,0.0,,0.008
ep3,sweep_all,Constant-on-Box,MLP,synthetic,seed,200,current_mixture,0.1,10,1e-12,width,0.0,4,g_ibp,1.1432020632497135e-06,,0.008
ep3,sweep_all,Constant-on-Box,MLP,synthetic,seed,200,current_mixture,0.1,10,1e-12,width,0.0,4,a_tau,3.6888794541139363,,25.639
ep3,sweep_all,Constant-on-Box,MLP,synthetic,seed,200,current_mixture,0.1,10,1e-12,width,0.0,5,margin_hat_min,0.8342132568359375,,19.244
ep3,sweep_all,Constant-on-Box,MLP,synthetic,seed,200,current_mixture,0.1,10,1e-12,width,0.0,5,d_eff,11.56730691666344,,19.244
ep3,sweep_all,Constant-on-Box,MLP,synthetic,seed,200,current_mixture,0.1,10,1e-12,width,0.0,5,unstable_fraction,0.0,,0.005
ep3,sweep_all,Constant-on-Box,MLP,synthetic,seed,200,current_mixture,0.1,10,1e-12,width,0.0,5,g_ibp,1.1432020632497135e-06,,0.005
ep3,sweep_all,Constant-on-Box,MLP,synthetic,seed,200,current_mixture,0.1,10,1e-12,width,0.0,5,a_tau,3.6375861597263857,,3.968
ep3,sweep_all,Constant-on-Box,MLP,synthetic,seed,200,current_mixture,0.1,10,1e-12,width,0.0,6,margin_hat_min,0.8342132568359375,,28.469
ep3,sweep_all,Constant-on-Box,MLP,synthetic,seed,200,current_mixture,0.1,10,1e-12,width,0.0,6,d_eff,11.606792341031644,,28.469
ep3,sweep_all,Constant-on-Box,MLP,synthetic,seed,200,current_mixture,0.1,10,1e-12,width,0.0,6,unstable_fraction,0.0,,0.006
ep3,sweep_all,Constant-on-Box,MLP,synthetic,seed,200,current_mixture,0.1,10,1e-12,width,0.0,6,g_ibp,1.1432020632497135e-06,,0.006
ep3,sweep_all,Constant-on-Box,MLP,synthetic,seed,200,current_mixture,0.1,10,1e-12,width,0.0,6,a_tau,3.4339872044851463,,11.323
ep3,sweep_all,Constant-on-Box,MLP,synthetic,seed,200,current_mixture,0.1,10,1e-12,width,0.0,7,margin_hat_min,0.8342132568359375,,40.017
ep3,sweep_all,Constant-on-Box,MLP,synthetic,seed,200,current_mixture,0.1,10,1e-12,width,0.0,7,d_eff,11.584711262384308,,40.017
ep3,sweep_all,Constant-on-Box,MLP,synthetic,seed,200,current_mixture,0.1,10,1e-12,width,0.0,7,unstable_fraction,0.0,,0.04
ep3,sweep_all,Constant-on-Box,MLP,synthetic,seed,200,current_mixture,0.1,10,1e-12,width,0.0,7,g_ibp,1.1432020632497135e-06,,0.04
ep3,sweep_all,Constant-on-Box,MLP,synthetic,seed,200,current_mixture,0.1,10,1e-12,width,0.0,7,a_tau,3.4965075614664802,,28.375
ep3,sweep_all,Constant-on-Box,MLP,synthetic,seed,200,current_mixture,0.1,10,1e-12,width,0.0,8,margin_hat_min,0.8342132568359375,,53.301
ep3,sweep_all,Constant-on-Box,MLP,synthetic,seed,200,current_mixture,0.1,10,1e-12,width,0.0,8,d_eff,11.528560256304711,,53.301
ep3,sweep_all,Constant-on-Box,MLP,synthetic,seed,200,current_mixture,0.1,10,1e-12,width,0.0,8,unstable_fraction,0.0,,0.025
ep3,sweep_all,Constant-on-Box,MLP,synthetic,seed,200,current_mixture,0.1,10,1e-12,width,0.0,8,g_ibp,1.1432020632497135e-06,,0.025
ep3,sweep_all,Constant-on-Box,MLP,synthetic,seed,200,current_mixture,0.1,10,1e-12,width,0.0,8,a_tau,3.5553480614894135,,41.957
ep3,sweep_all,Constant-on-Box,MLP,synthetic,seed,200,current_mixture,0.1,10,1e-12,width,0.0,9,margin_hat_min,0.8342132568359375,,21.594
ep3,sweep_all,Constant-on-Box,MLP,synthetic,seed,200,current_mixture,0.1,10,1e-12,width,0.0,9,d_eff,11.659580385855245,,21.594
ep3,sweep_all,Constant-on-Box,MLP,synthetic,seed,200,current_mixture,0.1,10,1e-12,width,0.0,9,unstable_fraction,0.0,,0.006
ep3,sweep_all,Constant-on-Box,MLP,synthetic,seed,200,current_mixture,0.1,10,1e-12,width,0.0,9,g_ibp,1.1432020632497135e-06,,0.006
ep3,sweep_all,Constant-on-Box,MLP,synthetic,seed,200,current_mixture,0.1,10,1e-12,width,0.0,9,a_tau,3.8918202981106265,,4.269
ep3,sweep_all,Constant-on-Box,MLP,synthetic,seed,200,current_mixture,0.1,10,1e-12,width,0.0,10,margin_hat_min,0.8342132568359375,,28.1
ep3,sweep_all,Constant-on-Box,MLP,synthetic,seed,200,current_mixture,0.1,10,1e-12,width,0.0,10,d_eff,11.560976159090188,,28.1
ep3,sweep_all,Constant-on-Box,MLP,synthetic,seed,200,current_mixture,0.1,10,1e-12,width,0.0,10,unstable_fraction,0.0,,0.004
ep3,sweep_all,Constant-on-Box,MLP,synthetic,seed,200,current_mixture,0.1,10,1e-12,width,0.0,10,g_ibp,1.1432020632497135e-06,,0.004
ep3,sweep_all,Constant-on-Box,MLP,synthetic,seed,200,current_mixture,0.1,10,1e-12,width,0.0,10,a_tau,3.6375861597263857,,10.813
ep3,sweep_all,Constant-on-Box,MLP,synthetic,seed,200,current_mixture,0.1,10,1e-12,width,0.0,11,margin_hat_min,0.8342132568359375,,25.125
ep3,sweep_all,Constant-on-Box,MLP,synthetic,seed,200,current_mixture,0.1,10,1e-12,width,0.0,11,d_eff,11.496236200733243,,25.125
ep3,sweep_all,Constant-on-Box,MLP,synthetic,seed,200,current_mixture,0.1,10,1e-12,width,0.0,11,unstable_fraction,0.0,,0.007
ep3,sweep_all,Constant-on-Box,MLP,synthetic,seed,200,current_mixture,0.1,10,1e-12,width,0.0,11,g_ibp,1.1432020632497135e-06,,0.007
ep3,sweep_all,Constant-on-Box,MLP,synthetic,seed,200,current_mixture,0.1,10,1e-12,width,0.0,11,a_tau,3.6375861597263857,,4.548
ep3,sweep_all,Constant-on-Box,MLP,synthetic,seed,200,current_mixture,0.1,10,1e-12,width,0.0,12,margin_hat_min,0.8342132568359375,,21.766
ep3,sweep_all,Constant-on-Box,MLP,synthetic,seed,200,current_mixture,0.1,10,1e-12,width,0.0,12,d_eff,11.532252367992124,,21.766
ep3,sweep_all,Constant-on-Box,MLP,synthetic,seed,200,current_mixture,0.1,10,1e-12,width,0.0,12,unstable_fraction,0.0,,0.006
ep3,sweep_all,Constant-on-Box,MLP,synthetic,seed,200,current_mixture,0.1,10,1e-12,width,0.0,12,g_ibp,1.1432020632497135e-06,,0.006
ep3,sweep_all,Constant-on-Box,MLP,synthetic,seed,200,current_mixture,0.1,10,1e-12,width,0.0,12,a_tau,3.6888794541139363,,4.585
ep3,sweep_all,Constant-on-Box,MLP,synthetic,seed,200,current_mixture,0.1,10,1e-12,width,0.0,13,margin_hat_min,0.8342132568359375,,38.461
ep3,sweep_all,Constant-on-Box,MLP,synthetic,seed,200,current_mixture,0.1,10,1e-12,width,0.0,13,d_eff,11.577629728513633,,38.461
ep3,sweep_all,Constant-on-Box,MLP,synthetic,seed,200,current_mixture,0.1,10,1e-12,width,0.0,13,unstable_fraction,0.0,,0.031
ep3,sweep_all,Constant-on-Box,MLP,synthetic,seed,200,current_mixture,0.1,10,1e-12,width,0.0,13,g_ibp,1.1432020632497135e-06,,0.031
ep3,sweep_all,Constant-on-Box,MLP,synthetic,seed,200,current_mixture,0.1,10,1e-12,width,0.0,13,a_tau,3.58351893845611,,24.402
ep3,sweep_all,Constant-on-Box,MLP,synthetic,seed,200,current_mixture,0.1,10,1e-12,width,0.0,14,margin_hat_min,0.8342132568359375,,25.4
ep3,sweep_all,Constant-on-Box,MLP,synthetic,seed,200,current_mixture,0.1,10,1e-12,width,0.0,14,d_eff,11.537554846999079,,25.4
ep3,sweep_all,Constant-on-Box,MLP,synthetic,seed,200,current_mixture,0.1,10,1e-12,width,0.0,14,unstable_fraction,0.0,,0.008
ep3,sweep_all,Constant-on-Box,MLP,synthetic,seed,200,current_mixture,0.1,10,1e-12,width,0.0,14,g_ibp,1.1432020632497135e-06,,0.008
ep3,sweep_all,Constant-on-Box,MLP,synthetic,seed,200,current_mixture,0.1,10,1e-12,width,0.0,14,a_tau,3.332204510175204,,5.507
ep3,sweep_all,Constant-on-Box,MLP,synthetic,seed,200,current_mixture,0.1,10,1e-12,width,0.0,15,margin_hat_min,0.8342132568359375,,24.328
ep3,sweep_all,Constant-on-Box,MLP,synthetic,seed,200,current_mixture,0.1,10,1e-12,width,0.0,15,d_eff,11.551976302861112,,24.328
ep3,sweep_all,Constant-on-Box,MLP,synthetic,seed,200,current_mixture,0.1,10,1e-12,width,0.0,15,unstable_fraction,0.0,,0.007
ep3,sweep_all,Constant-on-Box,MLP,synthetic,seed,200,current_mixture,0.1,10,1e-12,width,0.0,15,g_ibp,1.1432020632497135e-06,,0.007
ep3,sweep_all,Constant-on-Box,MLP,synthetic,seed,200,current_mixture,0.1,10,1e-12,width,0.0,15,a_tau,3.4657359027997265,,5.154
ep4,sweep_all,Constant-on-Box,MLP,synthetic,seed,200,current_mixture,0.1,10,1e-12,width,0.0,0,margin_hat_min,0.8342132568359375,,38.702
ep4,sweep_all,Constant-on-Box,MLP,synthetic,seed,200,current_mixture,0.1,10,1e-12,width,0.0,0,d_eff,11.630883863526343,,38.702
ep4,sweep_all,Constant-on-Box,MLP,synthetic,seed,200,current_mixture,0.1,10,1e-12,width,0.0,0,unstable_fraction,0.0,,0.019
ep4,sweep_all,Constant-on-Box,MLP,synthetic,seed,200,current_mixture,0.1,10,1e-12,width,0.0,0,g_ibp,1.1432020632497135e-06,,0.019
ep4,sweep_all,Constant-on-Box,MLP,synthetic,seed,200,current_mixture,0.1,10,1e-12,width,0.0,0,a_tau,3.5263605246161616,,27.428
ep4,sweep_all,Constant-on-Box,MLP,synthetic,seed,200,current_mixture,0.1,10,1e-12,width,0.0,1,margin_hat_min,0.8342132568359375,,25.801
ep4,sweep_all,Constant-on-Box,MLP,synthetic,seed,200,current_mixture,0.1,10,1e-12,width,0.0,1,d_eff,11.563159058802086,,25.801
ep4,sweep_all,Constant-on-Box,MLP,synthetic,seed,200,current_mixture,0.1,10,1e-12,width,0.0,1,unstable_fraction,0.0,,0.007
ep4,sweep_all,Constant-on-Box,MLP,synthetic,seed,200,current_mixture,0.1,10,1e-12,width,0.0,1,g_ibp,1.1432020632497135e-06,,0.007
ep4,sweep_all,Constant-on-Box,MLP,synthetic,seed,200,current_mixture,0.1,10,1e-12,width,0.0,1,a_tau,3.784189633918261,,5.9
ep4,sweep_all,Constant-on-Box,MLP,synthetic,seed,200,current_mixture,0.1,10,1e-12,width,0.0,2,margin_hat_min,0.8342132568359375,,21.767
ep4,sweep_all,Constant-on-Box,MLP,synthetic,seed,200,current_mixture,0.1,10,1e-12,width,0.0,2,d_eff,11.563031444400869,,21.767
ep4,sweep_all,Constant-on-Box,MLP,synthetic,seed,200,current_mixture,0.1,10,1e-12,width,0.0,2,unstable_fraction,0.0,,0.005
ep4,sweep_all,Constant-on-Box,MLP,synthetic,seed,200,current_mixture,0.1,10,1e-12,width,0.0,2,g_ibp,1.1432020632497135e-06,,0.005
ep4,sweep_all,Constant-on-Box,MLP,synthetic,seed,200,current_mixture,0.1,10,1e-12,width,0.0,2,a_tau,3.5263605246161616,,4.582
ep4,sweep_all,Constant-on-Box,MLP,synthetic,seed,200,current_mixture,0.1,10,1e-12,width,0.0,3,margin_hat_min,0.8342132568359375,,18.62
ep4,sweep_all,Constant-on-Box,MLP,synthetic,seed,200,current_mixture,0.1,10,1e-12,width,0.0,3,d_eff,11.651156620339497,,18.62
ep4,sweep_all,Constant-on-Box,MLP,synthetic,seed,200,current_mixture,0.1,10,1e-12,width,0.0,3,unstable_fraction,0.0,,0.004
ep4,sweep_all,Constant-on-Box,MLP,synthetic,seed,200,current_mixture,0.1,10,1e-12,width,0.0,3,g_ibp,1.1432020632497135e-06,,0.004
ep4,sweep_all,Constant-on-Box,MLP,synthetic,seed,200,current_mixture,0.1,10,1e-12,width,0.0,3,a_tau,3.58351893845611,,3.779
ep4,sweep_all,Constant-on-Box,MLP,synthetic,seed,200,current_mixture,0.1,10,1e-12,width,0.0,4,margin_hat_min,0.8342132568359375,,18.884
ep4,sweep_all,Constant-on-Box,MLP,synthetic,seed,200,current_mixture,0.1,10,1e-12,width,0.0,4,d_eff,11.595402289503749,,18.884
ep4,sweep_all,Constant-on-Box,MLP,synthetic,seed,200,current_mixture,0.1,10,1e-12,width,0.0,4,unstable_fraction,0.0,,0.006
ep4,sweep_all,Constant-on-Box,MLP,synthetic,seed,200,current_mixture,0.1,10,1e-12,width,0.0,4,g_ibp,1.1432020632497135e-06,,0.006
ep4,sweep_all,Constant-on-Box,MLP,synthetic,seed,200,current_mixture,0.1,10,1e-12,width,0.0,4,a_tau,3.6888794541139363,,3.85
ep4,sweep_all,Constant-on-Box,MLP,synthetic,seed,200,current_mixture,0.1,10,1e-12,width,0.0,5,margin_hat_min,0.8342132568359375,,38.602
ep4,sweep_all,Constant-on-Box,MLP,synthetic,seed,200,current_mixture,0.1,10,1e-12,width,0.0,5,d_eff,11.56730691666344,,38.602
ep4,sweep_all,Constant-on-Box,MLP,synthetic,seed,200,current_mixture,0.1,10,1e-12,width,0.0,5,unstable_fraction,0.0,,0.022
ep4,sweep_all,Constant-on-Box,MLP,synthetic,seed,200,current_mixture,0.1,10,1e-12,width,0.0,5,g_ibp,1.1432020632497135e-06,,0.022
ep4,sweep_all,Constant-on-Box,MLP,synthetic,seed,200,current_mixture,0.1,10,1e-12,width,0.0,5,a_tau,3.6375861597263857,,28.505
ep4,sweep_all,Constant-on-Box,MLP,synthetic,seed,200,current_mixture,0.1,10,1e-12,width,0.0,6,margin_hat_min,0.8342132568359375,,57.092
ep4,sweep_all,Constant-on-Box,MLP,synthetic,seed,200,current_mixture,0.1,10,1e-12,width,0.0,6,d_eff,11.606792341031644,,57.092
ep4,sweep_all,Constant-on-Box,MLP,synthetic,seed,200,current_mixture,0.1,10,1e-12,width,0.0,6,unstable_fraction,0.0,,0.032
ep4,sweep_all,Constant-on-Box,MLP,synthetic,seed,200,current_mixture,0.1,10,1e-12,width,0.0,6,g_ibp,1.1432020632497135e-06,,0.032
ep4,sweep_all,Constant-on-Box,MLP,synthetic,seed,200,current_mixture,0.1,10,1e-12,width,0.0,6,a_tau,3.4339872044851463,,45.978
ep4,sweep_all,Constant-on-Box,MLP,synthetic,seed,200,current_mixture,0.1,10,1e-12,width,0.0,7,margin_hat_min,0.8342132568359375,,28.21
ep4,sweep_all,Constant-on-Box,MLP,synthetic,seed,200,current_mixture,0.1,10,1e-12,width,0.0,7,d_eff,11.584711262384308,,28.21
ep4,sweep_all,Constant-on-Box,MLP,synthetic,seed,200,current_mixture,0.1,10,1e-12,width,0.0,7,unstable_fraction,0.0,,0.007
ep4,sweep_all,Constant-on-Box,MLP,synthetic,seed,200,current_mixture,0.1,10,1e-12,width,0.0,7,g_ibp,1.1432020632497135e-06,,0.007
ep4,sweep_all,Constant-on-Box,MLP,synthetic,seed,200,current_mixture,0.1,10,1e-12,width,0.0,7,a_tau,3.4965075614664802,,10.111
ep4,sweep_all,Constant-on-Box,MLP,synthetic,seed,200,current_mixture,0.1,10,1e-12,width,0.0,8,margin_hat_min,0.8342132568359375,,77.934
ep4,sweep_all,Constant-on-Box,MLP,synthetic,seed,200,current_mixture,0.1,10,1e-12,width,0.0,8,d_eff,11.528560256304711,,77.934
ep4,sweep_all,Constant-on-Box,MLP,synthetic,seed,200,current_mixture,0.1,10,1e-12,width,0.0,8,unstable_fraction,0.0,,0.067
ep4,sweep_all,Constant-on-Box,MLP,synthetic,seed,200,current_mixture,0.1,10,1e-12,width,0.0,8,g_ibp,1.1432020632497135e-06,,0.067
ep4,sweep_all,Constant-on-Box,MLP,synthetic,seed,200,current_mixture,0.1,10,1e-12,width,0.0,8,a_tau,3.5553480614894135,,59.45
ep4,sweep_all,Constant-on-Box,MLP,synthetic,seed,200,current_mixture,0.1,10,1e-12,width,0.0,9,margin_hat_min,0.8342132568359375,,76.961
ep4,sweep_all,Constant-on-Box,MLP,synthetic,seed,200,current_mixture,0.1,10,1e-12,width,0.0,9,d_eff,11.659580385855245,,76.961
ep4,sweep_all,Constant-on-Box,MLP,synthetic,seed,200,current_mixture,0.1,10,1e-12,width,0.0,9,unstable_fraction,0.0,,0.01
ep4,sweep_all,Constant-on-Box,MLP,synthetic,seed,200,current_mixture,0.1,10,1e-12,width,0.0,9,g_ibp,1.1432020632497135e-06,,0.01
ep4,sweep_all,Constant-on-Box,MLP,synthetic,seed,200,current_mixture,0.1,10,1e-12,width,0.0,9,a_tau,3.8918202981106265,,21.205
ep4,sweep_all,Constant-on-Box,MLP,synthetic,seed,200,current_mixture,0.1,10,1e-12,width,0.0,10,margin_hat_min,0.8342132568359375,,98.036
ep4,sweep_all,Constant-on-Box,MLP,synthetic,seed,200,current_mixture,0.1,10,1e-12,width,0.0,10,d_eff,11.560976159090188,,98.036
ep4,sweep_all,Constant-on-Box,MLP,synthetic,seed,200,current_mixture,0.1,10,1e-12,width,0.0,10,unstable_fraction,0.0,,0.034
ep4,sweep_all,Constant-on-Box,MLP,synthetic,seed,200,current_mixture,0.1,10,1e-12,width,0.0,10,g_ibp,1.1432020632497135e-06,,0.034
ep4,sweep_all,Constant-on-Box,MLP,synthetic,seed,200,current_mixture,0.1,10,1e-12,width,0.0,10,a_tau,3.6375861597263857,,62.316
ep4,sweep_all,Constant-on-Box,MLP,synthetic,seed,200,current_mixture,0.1,10,1e-12,width,0.0,11,margin_hat_min,0.8342132568359375,,105.385
ep4,sweep_all,Constant-on-Box,MLP,synthetic,seed,200,current_mixture,0.1,10,1e-12,width,0.0,11,d_eff,11.496236200733243,,105.385
ep4,sweep_all,Constant-on-Box,MLP,synthetic,seed,200,current_mixture,0.1,10,1e-12,width,0.0,11,unstable_fraction,0.0,,0.071
ep4,sweep_all,Constant-on-Box,MLP,synthetic,seed,200,current_mixture,0.1,10,1e-12,width,0.0,11,g_ibp,1.1432020632497135e-06,,0.071
ep4,sweep_all,Constant-on-Box,MLP,synthetic,seed,200,current_mixture,0.1,10,1e-12,width,0.0,11,a_tau,3.6375861597263857,,35.727
ep4,sweep_all,Constant-on-Box,MLP,synthetic,seed,200,current_mixture,0.1,10,1e-12,width,0.0,12,margin_hat_min,0.8342132568359375,,123.088
ep4,sweep_all,Constant-on-Box,MLP,synthetic,seed,200,current_mixture,0.1,10,1e-12,width,0.0,12,d_eff,11.532252367992124,,123.088
ep4,sweep_all,Constant-on-Box,MLP,synthetic,seed,200,current_mixture,0.1,10,1e-12,width,0.0,12,unstable_fraction,0.0,,0.072
ep4,sweep_all,Constant-on-Box,MLP,synthetic,seed,200,current_mixture,0.1,10,1e-12,width,0.0,12,g_ibp,1.1432020632497135e-06,,0.072
ep4,sweep_all,Constant-on-Box,MLP,synthetic,seed,200,current_mixture,0.1,10,1e-12,width,0.0,12,a_tau,3.6888794541139363,,29.016
ep4,sweep_all,Constant-on-Box,MLP,synthetic,seed,200,current_mixture,0.1,10,1e-12,width,0.0,13,margin_hat_min,0.8342132568359375,,95.481
ep4,sweep_all,Constant-on-Box,MLP,synthetic,seed,200,current_mixture,0.1,10,1e-12,width,0.0,13,d_eff,11.577629728513633,,95.481
ep4,sweep_all,Constant-on-Box,MLP,synthetic,seed,200,current_mixture,0.1,10,1e-12,width,0.0,13,unstable_fraction,0.0,,0.072
ep4,sweep_all,Constant-on-Box,MLP,synthetic,seed,200,current_mixture,0.1,10,1e-12,width,0.0,13,g_ibp,1.1432020632497135e-06,,0.072
ep4,sweep_all,Constant-on-Box,MLP,synthetic,seed,200,current_mixture,0.1,10,1e-12,width,0.0,13,a_tau,3.58351893845611,,32.418
ep4,sweep_all,Constant-on-Box,MLP,synthetic,seed,200,current_mixture,0.1,10,1e-12,width,0.0,14,margin_hat_min,0.8342132568359375,,204.593
ep4,sweep_all,Constant-on-Box,MLP,synthetic,seed,200,current_mixture,0.1,10,1e-12,width,0.0,14,d_eff,11.537554846999079,,204.593
ep4,sweep_all,Constant-on-Box,MLP,synthetic,seed,200,current_mixture,0.1,10,1e-12,width,0.0,14,unstable_fraction,0.0,,0.051
ep4,sweep_all,Constant-on-Box,MLP,synthetic,seed,200,current_mixture,0.1,10,1e-12,width,0.0,14,g_ibp,1.1432020632497135e-06,,0.051
ep4,sweep_all,Constant-on-Box,MLP,synthetic,seed,200,current_mixture,0.1,10,1e-12,width,0.0,14,a_tau,3.332204510175204,,82.195
ep4,sweep_all,Constant-on-Box,MLP,synthetic,seed,200,current_mixture,0.1,10,1e-12,width,0.0,15,margin_hat_min,0.8342132568359375,,150.188
ep4,sweep_all,Constant-on-Box,MLP,synthetic,seed,200,current_mixture,0.1,10,1e-12,width,0.0,15,d_eff,11.551976302861112,,150.188
ep4,sweep_all,Constant-on-Box,MLP,synthetic,seed,200,current_mixture,0.1,10,1e-12,width,0.0,15,unstable_fraction,0.0,,0.092
ep4,sweep_all,Constant-on-Box,MLP,synthetic,seed,200,current_mixture,0.1,10,1e-12,width,0.0,15,g_ibp,1.1432020632497135e-06,,0.092
ep4,sweep_all,Constant-on-Box,MLP,synthetic,seed,200,current_mixture,0.1,10,1e-12,width,0.0,15,a_tau,3.4657359027997265,,48.133
dc_cnn26,sweep_all,Deep Contractive,CNN,synthetic,seed,200,current_mixture,0.1,10,1e-12,width,0.0,0,margin_hat_min,8.643403053283691,,27.664
dc_cnn26,sweep_all,Deep Contractive,CNN,synthetic,seed,200,current_mixture,0.1,10,1e-12,width,0.0,0,d_eff,19.469178097251483,,27.664
dc_cnn26,sweep_all,Deep Contractive,CNN,synthetic,seed,200,current_mixture,0.1,10,1e-12,width,0.0,0,unstable_fraction,0.7791573660714286,,0.039
dc_cnn26,sweep_all,Deep Contractive,CNN,synthetic,seed,200,current_mixture,0.1,10,1e-12,width,0.0,0,g_ibp,0.9765111103723632,,0.039
dc_cnn26,sweep_all,Deep Contractive,CNN,synthetic,seed,200,current_mixture,0.1,10,1e-12,width,0.0,0,a_tau,5.981414211254481,,3.931
dc_cnn26,sweep_all,Deep Contractive,CNN,synthetic,seed,200,current_mixture,0.1,10,1e-12,width,0.0,1,margin_hat_min,8.643383026123047,,34.686
dc_cnn26,sweep_all,Deep Contractive,CNN,synthetic,seed,200,current_mixture,0.1,10,1e-12,width,0.0,1,d_eff,19.5229289365324,,34.686
dc_cnn26,sweep_all,Deep Contractive,CNN,synthetic,seed,200,current_mixture,0.1,10,1e-12,width,0.0,1,unstable_fraction,0.7791573660714286,,0.051
dc_cnn26,sweep_all,Deep Contractive,CNN,synthetic,seed,200,current_mixture,0.1,10,1e-12,width,0.0,1,g_ibp,0.9765110559474043,,0.051
dc_cnn26,sweep_all,Deep Contractive,CNN,synthetic,seed,200,current_mixture,0.1,10,1e-12,width,0.0,1,a_tau,5.963579343618446,,9.347
dc_cnn26,sweep_all,Deep Contractive,CNN,synthetic,seed,200,current_mixture,0.1,10,1e-12,width,0.0,2,margin_hat_min,8.643393516540527,,39.978
dc_cnn26,sweep_all,Deep Contractive,CNN,synthetic,seed,200,current_mixture,0.1,10,1e-12,width,0.0,2,d_eff,19.133692775389083,,39.978
dc_cnn26,sweep_all,Deep Contractive,CNN,synthetic,seed,200,current_mixture,0.1,10,1e-12,width,0.0,2,unstable_fraction,0.7791573660714286,,0.059
dc_cnn26,sweep_all,Deep Contractive,CNN,synthetic,seed,200,current_mixture,0.1,10,1e-12,width,0.0,2,g_ibp,0.9765110844557475,,0.059
dc_cnn26,sweep_all,Deep Contractive,CNN,synthetic,seed,200,current_mixture,0.1,10,1e-12,width,0.0,2,a_tau,5.966146739123692,,3.516
dc_cnn26,sweep_all,Deep Contractive,CNN,synthetic,seed,200,current_mixture,0.1,10,1e-12,width,0.0,3,margin_hat_min,8.643389701843262,,46.606
dc_cnn26,sweep_all,Deep Contractive,CNN,synthetic,seed,200,current_mixture,0.1,10,1e-12,width,0.0,3,d_eff,21.04193506902281,,46.606
dc_cnn26,sweep_all,Deep Contractive,CNN,synthetic,seed,200,current_mixture,0.1,10,1e-12,width,0.0,3,unstable_fraction,0.7791573660714286,,0.017
dc_cnn26,sweep_all,Deep Contractive,CNN,synthetic,seed,200,current_mixture,0.1,10,1e-12,width,0.0,3,g_ibp,0.9765110740890852,,0.017
dc_cnn26,sweep_all,Deep Contractive,CNN,synthetic,seed,200,current_mixture,0.1,10,1e-12,width,0.0,3,a_tau,5.986452005284438,,3.625
dc_cnn26,sweep_all,Deep Contractive,CNN,synthetic,seed,200,current_mixture,0.1,10,1e-12,width,0.0,4,margin_hat_min,8.643369674682617,,60.768
dc_cnn26,sweep_all,Deep Contractive,CNN,synthetic,seed,200,current_mixture,0.1,10,1e-12,width,0.0,4,d_eff,21.098321799693522,,60.768
dc_cnn26,sweep_all,Deep Contractive,CNN,synthetic,seed,200,current_mixture,0.1,10,1e-12,width,0.0,4,unstable_fraction,0.7791573660714286,,0.063
dc_cnn26,sweep_all,Deep Contractive,CNN,synthetic,seed,200,current_mixture,0.1,10,1e-12,width,0.0,4,g_ibp,0.9765110196639583,,0.063
dc_cnn26,sweep_all,Deep Contractive,CNN,synthetic,seed,200,current_mixture,0.1,10,1e-12,width,0.0,4,a_tau,5.983936280687191,,10.555
dc_cnn26,sweep_all,Deep Contractive,CNN,synthetic,seed,200,current_mixture,0.1,10,1e-12,width,0.0,5,margin_hat_min,8.6433744430542,,64.784
dc_cnn26,sweep_all,Deep Contractive,CNN,synthetic,seed,200,current_mixture,0.1,10,1e-12,width,0.0,5,d_eff,18.98072480394677,,64.784
dc_cnn26,sweep_all,Deep Contractive,CNN,synthetic,seed,200,current_mixture,0.1,10,1e-12,width,0.0,5,unstable_fraction,0.7791573660714286,,0.079
dc_cnn26,sweep_all,Deep Contractive,CNN,synthetic,seed,200,current_mixture,0.1,10,1e-12,width,0.0,5,g_ibp,0.9765110326223446,,0.079
dc_cnn26,sweep_all,Deep Contractive,CNN,synthetic,seed,200,current_mixture,0.1,10,1e-12,width,0.0,5,a_tau,5.976350909297934,,10.799
dc_cnn26,sweep_all,Deep Contractive,CNN,synthetic,seed,200,current_mixture,0.1,10,1e-12,width,0.0,6,margin_hat_min,8.643377304077148,,50.375
dc_cnn26,sweep_all,Deep Contractive,CNN,synthetic,seed,200,current_mixture,0.1,10,1e-12,width,0.0,6,d_eff,19.220748441907975,,50.375
dc_cnn26,sweep_all,Deep Contractive,CNN,synthetic,seed,200,current_mixture,0.1,10,1e-12,width,0.0,6,unstable_fraction,0.7791573660714286,,0.007
dc_cnn26,sweep_all,Deep Contractive,CNN,synthetic,seed,200,current_mixture,0.1,10,1e-12,width,0.0,6,g_ibp,0.9765110403973697,,0.007
dc_cnn26,sweep_all,Deep Contractive,CNN,synthetic,seed,200,current_mixture,0.1,10,1e-12,width,0.0,6,a_tau,5.973809611869261,,2.848
dc_cnn26,sweep_all,Deep Contractive,CNN,synthetic,seed,200,current_mixture,0.1,10,1e-12,width,0.0,7,margin_hat_min,8.643376350402832,,66.045
dc_cnn26,sweep_all,Deep Contractive,CNN,synthetic,seed,200,current_mixture,0.1,10,1e-12,width,0.0,7,d_eff,19.30252738631985,,66.045
dc_cnn26,sweep_all,Deep Contractive,CNN,synthetic,seed,200,current_mixture,0.1,10,1e-12,width,0.0,7,unstable_fraction,0.7791573660714286,,0.007
dc_cnn26,sweep_all,Deep Contractive,CNN,synthetic,seed,200,current_mixture,0.1,10,1e-12,width,0.0,7,g_ibp,0.9765110378056953,,0.007
dc_cnn26,sweep_all,Deep Contractive,CNN,synthetic,seed,200,current_mixture,0.1,10,1e-12,width,0.0,7,a_tau,5.971261839790462,,2.512
dc_cnn26,sweep_all,Deep Contractive,CNN,synthetic,seed,200,current_mixture,0.1,10,1e-12,width,0.0,8,margin_hat_min,8.643379211425781,,68.296
dc_cnn26,sweep_all,Deep Contractive,CNN,synthetic,seed,200,current_mixture,0.1,10,1e-12,width,0.0,8,d_eff,19.274951889163876,,68.296
dc_cnn26,sweep_all,Deep Contractive,CNN,synthetic,seed,200,current_mixture,0.1,10,1e-12,width,0.0,8,unstable_fraction,0.7791573660714286,,0.006
dc_cnn26,sweep_all,Deep Contractive,CNN,synthetic,seed,200,current_mixture,0.1,10,1e-12,width,0.0,8,g_ibp,0.9765110455807168,,0.006
dc_cnn26,sweep_all,Deep Contractive,CNN,synthetic,seed,200,current_mixture,0.1,10,1e-12,width,0.0,8,a_tau,5.976350909297934,,5.52
dc_cnn26,sweep_all,Deep Contractive,CNN,synthetic,seed,200,current_mixture,0.1,10,1e-12,width,0.0,9,margin_hat_min,8.643362998962402,,72.059
dc_cnn26,sweep_all,Deep Contractive,CNN,synthetic,seed,200,current_mixture,0.1,10,1e-12,width,0.0,9,d_eff,18.64578316603048,,72.059
dc_cnn26,sweep_all,Deep Contractive,CNN,synthetic,seed,200,current_mixture,0.1,10,1e-12,width,0.0,9,unstable_fraction,0.7791573660714286,,0.039
dc_cnn26,sweep_all,Deep Contractive,CNN,synthetic,seed,200,current_mixture,0.1,10,1e-12,width,0.0,9,g_ibp,0.9765110015221932,,0.039
dc_cnn26,sweep_all,Deep Contractive,CNN,synthetic,seed,200,current_mixture,0.1,10,1e-12,width,0.0,9,a_tau,5.983936280687191,,9.804
dc_cnn26,sweep_all,Deep Contractive,CNN,synthetic,seed,200,current_mixture,0.1,10,1e-12,width,0.0,10,margin_hat_min,8.64339828491211,,87.334
dc_cnn26,sweep_all,Deep Contractive,CNN,synthetic,seed,200,current_mixture,0.1,10,1e-12,width,0.0,10,d_eff,18.55457833110279,,87.334
dc_cnn26,sweep_all,Deep Contractive,CNN,synthetic,seed,200,current_mixture,0.1,10,1e-12,width,0.0,10,unstable_fraction,0.7791573660714286,,0.071
dc_cnn26,sweep_all,Deep Contractive,CNN,synthetic,seed,200,current_mixture,0.1,10,1e-12,width,0.0,10,g_ibp,0.9765110974140625,,0.071
dc_cnn26,sweep_all,Deep Contractive,CNN,synthetic,seed,200,current_mixture,0.1,10,1e-12,width,0.0,10,a_tau,5.983936280687191,,12.986
dc_cnn26,sweep_all,Deep Contractive,CNN,synthetic,seed,200,current_mixture,0.1,10,1e-12,width,0.0,11,margin_hat_min,8.643379211425781,,62.606
dc_cnn26,sweep_all,Deep Contractive,CNN,synthetic,seed,200,current_mixture,0.1,10,1e-12,width,0.0,11,d_eff,18.827618745318578,,62.606
dc_cnn26,sweep_all,Deep Contractive,CNN,synthetic,seed,200,current_mixture,0.1,10,1e-12,width,0.0,11,unstable_fraction,0.7791573660714286,,0.075
dc_cnn26,sweep_all,Deep Contractive,CNN,synthetic,seed,200,current_mixture,0.1,10,1e-12,width,0.0,11,g_ibp,0.9765110455807168,,0.075
dc_cnn26,sweep_all,Deep Contractive,CNN,synthetic,seed,200,current_mixture,0.1,10,1e-12,width,0.0,11,a_tau,5.983936280687191,,12.363
dc_cnn26,sweep_all,Deep Contractive,CNN,synthetic,seed,200,current_mixture,0.1,10,1e-12,width,0.0,12,margin_hat_min,8.643390655517578,,88.813
dc_cnn26,sweep_all,Deep Contractive,CNN,synthetic,seed,200,current_mixture,0.1,10,1e-12,width,0.0,12,d_eff,17.23394993813439,,88.813
dc_cnn26,sweep_all,Deep Contractive,CNN,synthetic,seed,200,current_mixture,0.1,10,1e-12,width,0.0,12,unstable_fraction,0.7791573660714286,,0.071
dc_cnn26,sweep_all,Deep Contractive,CNN,synthetic,seed,200,current_mixture,0.1,10,1e-12,width,0.0,12,g_ibp,0.9765110766807517,,0.071
dc_cnn26,sweep_all,Deep Contractive,CNN,synthetic,seed,200,current_mixture,0.1,10,1e-12,width,0.0,12,a_tau,5.973809611869261,,11.925
dc_cnn26,sweep_all,Deep Contractive,CNN,synthetic,seed,200,current_mixture,0.1,10,1e-12,width,0.0,13,margin_hat_min,8.643404960632324,,58.53
dc_cnn26,sweep_all,Deep Contractive,CNN,synthetic,seed,200,current_mixture,0.1,10,1e-12,width,0.0,13,d_eff,21.85375006044513,,58.53
dc_cnn26,sweep_all,Deep Contractive,CNN,synthetic,seed,200,current_mixture,0.1,10,1e-12,width,0.0,13,unstable_fraction,0.7791573660714286,,0.038
dc_cnn26,sweep_all,Deep Contractive,CNN,synthetic,seed,200,current_mixture,0.1,10,1e-12,width,0.0,13,g_ibp,0.9765111155556794,,0.038
dc_cnn26,sweep_all,Deep Contractive,CNN,synthetic,seed,200,current_mixture,0.1,10,1e-12,width,0.0,13,a_tau,5.981414211254481,,4.754
dc_cnn26,sweep_all,Deep Contractive,CNN,synthetic,seed,200,current_mixture,0.1,10,1e-12,width,0.0,14,margin_hat_min,8.643387794494629,,69.863
dc_cnn26,sweep_all,Deep Contractive,CNN,synthetic,seed,200,current_mixture,0.1,10,1e-12,width,0.0,14,d_eff,19.557964541307616,,69.863
dc_cnn26,sweep_all,Deep Contractive,CNN,synthetic,seed,200,current_mixture,0.1,10,1e-12,width,0.0,14,unstable_fraction,0.7791573660714286,,0.071
dc_cnn26,sweep_all,Deep Contractive,CNN,synthetic,seed,200,current_mixture,0.1,10,1e-12,width,0.0,14,g_ibp,0.9765110689057507,,0.071
dc_cnn26,sweep_all,Deep Contractive,CNN,synthetic,seed,200,current_mixture,0.1,10,1e-12,width,0.0,14,a_tau,5.986452005284438,,10.349
dc_cnn26,sweep_all,Deep Contractive,CNN,synthetic,seed,200,current_mixture,0.1,10,1e-12,width,0.0,15,margin_hat_min,8.643407821655273,,92.571
dc_cnn26,sweep_all,Deep Contractive,CNN,synthetic,seed,200,current_mixture,0.1,10,1e-12,width,0.0,15,d_eff,18.80181085899114,,92.571
dc_cnn26,sweep_all,Deep Contractive,CNN,synthetic,seed,200,current_mixture,0.1,10,1e-12,width,0.0,15,unstable_fraction,0.7791573660714286,,0.037
dc_cnn26,sweep_all,Deep Contractive,CNN,synthetic,seed,200,current_mixture,0.1,10,1e-12,width,0.0,15,g_ibp,0.9765111233306495,,0.037
dc_cnn26,sweep_all,Deep Contractive,CNN,synthetic,seed,200,current_mixture,0.1,10,1e-12,width,0.0,15,a_tau,5.973809611869261,,12.184
dc_cnn25,sweep_all,Deep Contractive,CNN,synthetic,seed,200,current_mixture,0.1,10,1e-12,width,0.0,0,margin_hat_min,10.468109130859375,,95.281
dc_cnn25,sweep_all,Deep Contractive,CNN,synthetic,seed,200,current_mixture,0.1,10,1e-12,width,0.0,0,d_eff,21.000700908163196,,95.281
dc_cnn25,sweep_all,Deep Contractive,CNN,synthetic,seed,200,current_mixture,0.1,10,1e-12,width,0.0,0,unstable_fraction,0.7668805803571429,,0.086
dc_cnn25,sweep_all,Deep Contractive,CNN,synthetic,seed,200,current_mixture,0.1,10,1e-12,width,0.0,0,g_ibp,0.9850381004540717,,0.086
dc_cnn25,sweep_all,Deep Contractive,CNN,synthetic,seed,200,current_mixture,0.1,10,1e-12,width,0.0,0,a_tau,5.988961416889864,,14.029
dc_cnn25,sweep_all,Deep Contractive,CNN,synthetic,seed,200,current_mixture,0.1,10,1e-12,width,0.0,1,margin_hat_min,10.468103408813477,,83.837
dc_cnn25,sweep_all,Deep Contractive,CNN,synthetic,seed,200,current_mixture,0.1,10,1e-12,width,0.0,1,d_eff,22.794493229607752,,83.837
dc_cnn25,sweep_all,Deep Contractive,CNN,synthetic,seed,200,current_mixture,0.1,10,1e-12,width,0.0,1,unstable_fraction,0.7668805803571429,,0.087
dc_cnn25,sweep_all,Deep Contractive,CNN,synthetic,seed,200,current_mixture,0.1,10,1e-12,width,0.0,1,g_ibp,0.9850380922756393,,0.087
dc_cnn25,sweep_all,Deep Contractive,CNN,synthetic,seed,200,current_mixture,0.1,10,1e-12,width,0.0,1,a_tau,5.988961416889864,,8.107
dc_cnn25,sweep_all,Deep Contractive,CNN,synthetic,seed,200,current_mixture,0.1,10,1e-12,width,0.0,2,margin_hat_min,10.468119621276855,,83.919
dc_cnn25,sweep_all,Deep Contractive,CNN,synthetic,seed,200,current_mixture,0.1,10,1e-12,width,0.0,2,d_eff,22.35422554556627,,83.919
dc_cnn25,sweep_all,Deep Contractive,CNN,synthetic,seed,200,current_mixture,0.1,10,1e-12,width,0.0,2,unstable_fraction,0.7668805803571429,,0.087
dc_cnn25,sweep_all,Deep Contractive,CNN,synthetic,seed,200,current_mixture,0.1,10,1e-12,width,0.0,2,g_ibp,0.9850381154478411,,0.087
dc_cnn25,sweep_all,Deep Contractive,CNN,synthetic,seed,200,current_mixture,0.1,10,1e-12,width,0.0,2,a_tau,5.991464547107982,,15.565
dc_cnn25,sweep_all,Deep Contractive,CNN,synthetic,seed,200,current_mixture,0.1,10,1e-12,width,0.0,3,margin_hat_min,10.468116760253906,,106.924
dc_cnn25,sweep_all,Deep Contractive,CNN,synthetic,seed,200,current_mixture,0.1,10,1e-12,width,0.0,3,d_eff,21.133870898999657,,106.924
dc_cnn25,sweep_all,Deep Contractive,CNN,synthetic,seed,200,current_mixture,0.1,10,1e-12,width,0.0,3,unstable_fraction,0.7668805803571429,,0.087
dc_cnn25,sweep_all,Deep Contractive,CNN,synthetic,seed,200,current_mixture,0.1,10,1e-12,width,0.0,3,g_ibp,0.9850381113586343,,0.087
dc_cnn25,sweep_all,Deep Contractive,CNN,synthetic,seed,200,current_mixture,0.1,10,1e-12,width,0.0,3,a_tau,5.991464547107982,,15.714
dc_cnn25,sweep_all,Deep Contractive,CNN,synthetic,seed,200,current_mixture,0.1,10,1e-12,width,0.0,4,margin_hat_min,10.468124389648438,,111.938
dc_cnn25,sweep_all,Deep Contractive,CNN,synthetic,seed,200,current_mixture,0.1,10,1e-12,width,0.0,4,d_eff,22.102930865028792,,111.938
dc_cnn25,sweep_all,Deep Contractive,CNN,synthetic,seed,200,current_mixture,0.1,10,1e-12,width,0.0,4,unstable_fraction,0.7668805803571429,,0.047
dc_cnn25,sweep_all,Deep Contractive,CNN,synthetic,seed,200,current_mixture,0.1,10,1e-12,width,0.0,4,g_ibp,0.985038122263181,,0.047
dc_cnn25,sweep_all,Deep Contractive,CNN,synthetic,seed,200,current_mixture,0.1,10,1e-12,width,0.0,4,a_tau,5.991464547107982,,16.813
dc_cnn25,sweep_all,Deep Contractive,CNN,synthetic,seed,200,current_mixture,0.1,10,1e-12,width,0.0,5,margin_hat_min,10.46811580657959,,114.824
dc_cnn25,sweep_all,Deep Contractive,CNN,synthetic,seed,200,current_mixture,0.1,10,1e-12,width,0.0,5,d_eff,22.119019880450047,,114.824
dc_cnn25,sweep_all,Deep Contractive,CNN,synthetic,seed,200,current_mixture,0.1,10,1e-12,width,0.0,5,unstable_fraction,0.7668805803571429,,0.087
dc_cnn25,sweep_all,Deep Contractive,CNN,synthetic,seed,200,current_mixture,0.1,10,1e-12,width,0.0,5,g_ibp,0.9850381099955648,,0.087
dc_cnn25,sweep_all,Deep Contractive,CNN,synthetic,seed,200,current_mixture,0.1,10,1e-12,width,0.0,5,a_tau,5.991464547107982,,18.362
dc_cnn25,sweep_all,Deep Contractive,CNN,synthetic,seed,200,current_mixture,0.1,10,1e-12,width,0.0,6,margin_hat_min,10.468111991882324,,116.043
dc_cnn25,sweep_all,Deep Contractive,CNN,synthetic,seed,200,current_mixture,0.1,10,1e-12,width,0.0,6,d_eff,21.982887502691646,,116.043
dc_cnn25,sweep_all,Deep Contractive,CNN,synthetic,seed,200,current_mixture,0.1,10,1e-12,width,0.0,6,unstable_fraction,0.7668805803571429,,0.095
dc_cnn25,sweep_all,Deep Contractive,CNN,synthetic,seed,200,current_mixture,0.1,10,1e-12,width,0.0,6,g_ibp,0.9850381045432846,,0.095
dc_cnn25,sweep_all,Deep Contractive,CNN,synthetic,seed,200,current_mixture,0.1,10,1e-12,width,0.0,6,a_tau,5.988961416889864,,15.316
dc_cnn25,sweep_all,Deep Contractive,CNN,synthetic,seed,200,current_mixture,0.1,10,1e-12,width,0.0,7,margin_hat_min,10.468122482299805,,64.187
dc_cnn25,sweep_all,Deep Contractive,CNN,synthetic,seed,200,current_mixture,0.1,10,1e-12,width,0.0,7,d_eff,23.110533202712485,,64.187
dc_cnn25,sweep_all,Deep Contractive,CNN,synthetic,seed,200,current_mixture,0.1,10,1e-12,width,0.0,7,unstable_fraction,0.7668805803571429,,0.043
dc_cnn25,sweep_all,Deep Contractive,CNN,synthetic,seed,200,current_mixture,0.1,10,1e-12,width,0.0,7,g_ibp,0.9850381195370458,,0.043
dc_cnn25,sweep_all,Deep Contractive,CNN,synthetic,seed,200,current_mixture,0.1,10,1e-12,width,0.0,7,a_tau,5.983936280687191,,15.168
dc_cnn25,sweep_all,Deep Contractive,CNN,synthetic,seed,200,current_mixture,0.1,10,1e-12,width,0.0,8,margin_hat_min,10.468118667602539,,79.508
dc_cnn25,sweep_all,Deep Contractive,CNN,synthetic,seed,200,current_mixture,0.1,10,1e-12,width,0.0,8,d_eff,21.831975014399205,,79.508
dc_cnn25,sweep_all,Deep Contractive,CNN,synthetic,seed,200,current_mixture,0.1,10,1e-12,width,0.0,8,unstable_fraction,0.7668805803571429,,0.011
dc_cnn25,sweep_all,Deep Contractive,CNN,synthetic,seed,200,current_mixture,0.1,10,1e-12,width,0.0,8,g_ibp,0.9850381140847725,,0.011
dc_cnn25,sweep_all,Deep Contractive,CNN,synthetic,seed,200,current_mixture,0.1,10,1e-12,width,0.0,8,a_tau,5.991464547107982,,3.093
dc_cnn25,sweep_all,Deep Contractive,CNN,synthetic,seed,200,current_mixture,0.1,10,1e-12,width,0.0,9,margin_hat_min,10.468128204345703,,58.482
dc_cnn25,sweep_all,Deep Contractive,CNN,synthetic,seed,200,current_mixture,0.1,10,1e-12,width,0.0,9,d_eff,23.240811880286355,,58.482
dc_cnn25,sweep_all,Deep Contractive,CNN,synthetic,seed,200,current_mixture,0.1,10,1e-12,width,0.0,9,unstable_fraction,0.7668805803571429,,0.051
dc_cnn25,sweep_all,Deep Contractive,CNN,synthetic,seed,200,current_mixture,0.1,10,1e-12,width,0.0,9,g_ibp,0.9850381277154484,,0.051
dc_cnn25,sweep_all,Deep Contractive,CNN,synthetic,seed,200,current_mixture,0.1,10,1e-12,width,0.0,9,a_tau,5.991464547107982,,7.357
dc_cnn25,sweep_all,Deep Contractive,CNN,synthetic,seed,200,current_mixture,0.1,10,1e-12,width,0.0,10,margin_hat_min,10.468133926391602,,99.614
dc_cnn25,sweep_all,Deep Contractive,CNN,synthetic,seed,200,current_mixture,0.1,10,1e-12,width,0.0,10,d_eff,24.11592348765625,,99.614
dc_cnn25,sweep_all,Deep Contractive,CNN,synthetic,seed,200,current_mixture,0.1,10,1e-12,width,0.0,10,unstable_fraction,0.7668805803571429,,0.051
dc_cnn25,sweep_all,Deep Contractive,CNN,synthetic,seed,200,current_mixture,0.1,10,1e-12,width,0.0,10,g_ibp,0.985038135893842,,0.051
dc_cnn25,sweep_all,Deep Contractive,CNN,synthetic,seed,200,current_mixture,0.1,10,1e-12,width,0.0,10,a_tau,5.986452005284438,,15.287
dc_cnn25,sweep_all,Deep Contractive,CNN,synthetic,seed,200,current_mixture,0.1,10,1e-12,width,0.0,11,margin_hat_min,10.468109130859375,,78.548
dc_cnn25,sweep_all,Deep Contractive,CNN,synthetic,seed,200,current_mixture,0.1,10,1e-12,width,0.0,11,d_eff,22.25828622630827,,78.548
dc_cnn25,sweep_all,Deep Contractive,CNN,synthetic,seed,200,current_mixture,0.1,10,1e-12,width,0.0,11,unstable_fraction,0.7668805803571429,,0.008
dc_cnn25,sweep_all,Deep Contractive,CNN,synthetic,seed,200,current_mixture,0.1,10,1e-12,width,0.0,11,g_ibp,0.9850381004540717,,0.008
dc_cnn25,sweep_all,Deep Contractive,CNN,synthetic,seed,200,current_mixture,0.1,10,1e-12,width,0.0,11,a_tau,5.991464547107982,,8.146
dc_cnn25,sweep_all,Deep Contractive,CNN,synthetic,seed,200,current_mixture,0.1,10,1e-12,width,0.0,12,margin_hat_min,10.468122482299805,,48.716
dc_cnn25,sweep_all,Deep Contractive,CNN,synthetic,seed,200,current_mixture,0.1,10,1e-12,width,0.0,12,d_eff,21.84298808345814,,48.716
dc_cnn25,sweep_all,Deep Contractive,CNN,synthetic,seed,200,current_mixture,0.1,10,1e-12,width,0.0,12,unstable_fraction,0.7668805803571429,,0.094
dc_cnn25,sweep_all,Deep Contractive,CNN,synthetic,seed,200,current_mixture,0.1,10,1e-12,width,0.0,12,g_ibp,0.9850381195370458,,0.094
dc_cnn25,sweep_all,Deep Contractive,CNN,synthetic,seed,200,current_mixture,0.1,10,1e-12,width,0.0,12,a_tau,5.988961416889864,,15.934
dc_cnn25,sweep_all,Deep Contractive,CNN,synthetic,seed,200,current_mixture,0.1,10,1e-12,width,0.0,13,margin_hat_min,10.468117713928223,,107.803
dc_cnn25,sweep_all,Deep Contractive,CNN,synthetic,seed,200,current_mixture,0.1,10,1e-12,width,0.0,13,d_eff,23.099219283983267,,107.803
dc_cnn25,sweep_all,Deep Contractive,CNN,synthetic,seed,200,current_mixture,0.1,10,1e-12,width,0.0,13,unstable_fraction,0.7668805803571429,,0.051
dc_cnn25,sweep_all,Deep Contractive,CNN,synthetic,seed,200,current_mixture,0.1,10,1e-12,width,0.0,13,g_ibp,0.9850381127217035,,0.051
dc_cnn25,sweep_all,Deep Contractive,CNN,synthetic,seed,200,current_mixture,0.1,10,1e-12,width,0.0,13,a_tau,5.991464547107982,,11.788
dc_cnn25,sweep_all,Deep Contractive,CNN,synthetic,seed,200,current_mixture,0.1,10,1e-12,width,0.0,14,margin_hat_min,10.468108177185059,,44.308
dc_cnn25,sweep_all,Deep Contractive,CNN,synthetic,seed,200,current_mixture,0.1,10,1e-12,width,0.0,14,d_eff,21.958554022700064,,44.308
dc_cnn25,sweep_all,Deep Contractive,CNN,synthetic,seed,200,current_mixture,0.1,10,1e-12,width,0.0,14,unstable_fraction,0.7668805803571429,,0.006
dc_cnn25,sweep_all,Deep Contractive,CNN,synthetic,seed,200,current_mixture,0.1,10,1e-12,width,0.0,14,g_ibp,0.9850380990910003,,0.006
dc_cnn25,sweep_all,Deep Contractive,CNN,synthetic,seed,200,current_mixture,0.1,10,1e-12,width,0.0,14,a_tau,5.983936280687191,,5.073
dc_cnn25,sweep_all,Deep Contractive,CNN,synthetic,seed,200,current_mixture,0.1,10,1e-12,width,0.0,15,margin_hat_min,10.468104362487793,,130.911
dc_cnn25,sweep_all,Deep Contractive,CNN,synthetic,seed,200,current_mixture,0.1,10,1e-12,width,0.0,15,d_eff,22.51337834194855,,130.911
dc_cnn25,sweep_all,Deep Contractive,CNN,synthetic,seed,200,current_mixture,0.1,10,1e-12,width,0.0,15,unstable_fraction,0.7668805803571429,,0.096
dc_cnn25,sweep_all,Deep Contractive,CNN,synthetic,seed,200,current_mixture,0.1,10,1e-12,width,0.0,15,g_ibp,0.985038093638712,,0.096
dc_cnn25,sweep_all,Deep Contractive,CNN,synthetic,seed,200,current_mixture,0.1,10,1e-12,width,0.0,15,a_tau,5.988961416889864,,15.001
dc_cnn27,sweep_all,Deep Contractive,CNN,synthetic,seed,200,current_mixture,0.1,10,1e-12,width,0.0,0,margin_hat_min,8.5535888671875,,89.932
dc_cnn27,sweep_all,Deep Contractive,CNN,synthetic,seed,200,current_mixture,0.1,10,1e-12,width,0.0,0,d_eff,19.842890919383866,,89.932
dc_cnn27,sweep_all,Deep Contractive,CNN,synthetic,seed,200,current_mixture,0.1,10,1e-12,width,0.0,0,unstable_fraction,0.7791573660714286,,0.096
dc_cnn27,sweep_all,Deep Contractive,CNN,synthetic,seed,200,current_mixture,0.1,10,1e-12,width,0.0,0,g_ibp,0.986762059865949,,0.096
dc_cnn27,sweep_all,Deep Contractive,CNN,synthetic,seed,200,current_mixture,0.1,10,1e-12,width,0.0,0,a_tau,5.981414211254481,,12.373
dc_cnn27,sweep_all,Deep Contractive,CNN,synthetic,seed,200,current_mixture,0.1,10,1e-12,width,0.0,1,margin_hat_min,8.553592681884766,,74.056
dc_cnn27,sweep_all,Deep Contractive,CNN,synthetic,seed,200,current_mixture,0.1,10,1e-12,width,0.0,1,d_eff,19.36990962303119,,74.056
dc_cnn27,sweep_all,Deep Contractive,CNN,synthetic,seed,200,current_mixture,0.1,10,1e-12,width,0.0,1,unstable_fraction,0.7791573660714286,,0.095
dc_cnn27,sweep_all,Deep Contractive,CNN,synthetic,seed,200,current_mixture,0.1,10,1e-12,width,0.0,1,g_ibp,0.986762065769753,,0.095
dc_cnn27,sweep_all,Deep Contractive,CNN,synthetic,seed,200,current_mixture,0.1,10,1e-12,width,0.0,1,a_tau,5.953243334287785,,10.691
dc_cnn27,sweep_all,Deep Contractive,CNN,synthetic,seed,200,current_mixture,0.1,10,1e-12,width,0.0,2,margin_hat_min,8.553597450256348,,86.576
dc_cnn27,sweep_all,Deep Contractive,CNN,synthetic,seed,200,current_mixture,0.1,10,1e-12,width,0.0,2,d_eff,17.92138321584736,,86.576
dc_cnn27,sweep_all,Deep Contractive,CNN,synthetic,seed,200,current_mixture,0.1,10,1e-12,width,0.0,2,unstable_fraction,0.7791573660714286,,0.051
dc_cnn27,sweep_all,Deep Contractive,CNN,synthetic,seed,200,current_mixture,0.1,10,1e-12,width,0.0,2,g_ibp,0.9867620731495005,,0.051
dc_cnn27,sweep_all,Deep Contractive,CNN,synthetic,seed,200,current_mixture,0.1,10,1e-12,width,0.0,2,a_tau,5.968707559985366,,16.301
dc_cnn27,sweep_all,Deep Contractive,CNN,synthetic,seed,200,current_mixture,0.1,10,1e-12,width,0.0,3,margin_hat_min,8.553604125976562,,119.384
dc_cnn27,sweep_all,Deep Contractive,CNN,synthetic,seed,200,current_mixture,0.1,10,1e-12,width,0.0,3,d_eff,20.284407438817894,,119.384
dc_cnn27,sweep_all,Deep Contractive,CNN,synthetic,seed,200,current_mixture,0.1,10,1e-12,width,0.0,3,unstable_fraction,0.7791573660714286,,0.095
dc_cnn27,sweep_all,Deep Contractive,CNN,synthetic,seed,200,current_mixture,0.1,10,1e-12,width,0.0,3,g_ibp,0.9867620834811331,,0.095
dc_cnn27,sweep_all,Deep Contractive,CNN,synthetic,seed,200,current_mixture,0.1,10,1e-12,width,0.0,3,a_tau,5.966146739123692,,7.19
dc_cnn27,sweep_all,Deep Contractive,CNN,synthetic,seed,200,current_mixture,0.1,10,1e-12,width,0.0,4,margin_hat_min,8.553574562072754,,81.439
dc_cnn27,sweep_all,Deep Contractive,CNN,synthetic,seed,200,current_mixture,0.1,10,1e-12,width,0.0,4,d_eff,18.128588970840795,,81.439
dc_cnn27,sweep_all,Deep Contractive,CNN,synthetic,seed,200,current_mixture,0.1,10,1e-12,width,0.0,4,unstable_fraction,0.7791573660714286,,0.008
dc_cnn27,sweep_all,Deep Contractive,CNN,synthetic,seed,200,current_mixture,0.1,10,1e-12,width,0.0,4,g_ibp,0.9867620377266374,,0.008
dc_cnn27,sweep_all,Deep Contractive,CNN,synthetic,seed,200,current_mixture,0.1,10,1e-12,width,0.0,4,a_tau,5.986452005284438,,8.466
dc_cnn27,sweep_all,Deep Contractive,CNN,synthetic,seed,200,current_mixture,0.1,10,1e-12,width,0.0,5,margin_hat_min,8.553603172302246,,85.592
dc_cnn27,sweep_all,Deep Contractive,CNN,synthetic,seed,200,current_mixture,0.1,10,1e-12,width,0.0,5,d_eff,18.388059238962033,,85.592
dc_cnn27,sweep_all,Deep Contractive,CNN,synthetic,seed,200,current_mixture,0.1,10,1e-12,width,0.0,5,unstable_fraction,0.7791573660714286,,0.087
dc_cnn27,sweep_all,Deep Contractive,CNN,synthetic,seed,200,current_mixture,0.1,10,1e-12,width,0.0,5,g_ibp,0.9867620820051866,,0.087
dc_cnn27,sweep_all,Deep Contractive,CNN,synthetic,seed,200,current_mixture,0.1,10,1e-12,width,0.0,5,a_tau,5.978885764901122,,13.719
dc_cnn27,sweep_all,Deep Contractive,CNN,synthetic,seed,200,current_mixture,0.1,10,1e-12,width,0.0,6,margin_hat_min,8.553585052490234,,136.496
dc_cnn27,sweep_all,Deep Contractive,CNN,synthetic,seed,200,current_mixture,0.1,10,1e-12,width,0.0,6,d_eff,19.666129742384427,,136.496
dc_cnn27,sweep_all,Deep Contractive,CNN,synthetic,seed,200,current_mixture,0.1,10,1e-12,width,0.0,6,unstable_fraction,0.7791573660714286,,0.055
dc_cnn27,sweep_all,Deep Contractive,CNN,synthetic,seed,200,current_mixture,0.1,10,1e-12,width,0.0,6,g_ibp,0.9867620539621399,,0.055
dc_cnn27,sweep_all,Deep Contractive,CNN,synthetic,seed,200,current_mixture,0.1,10,1e-12,width,0.0,6,a_tau,5.976350909297934,,17.891
dc_cnn27,sweep_all,Deep Contractive,CNN,synthetic,seed,200,current_mixture,0.1,10,1e-12,width,0.0,7,margin_hat_min,8.553600311279297,,133.476
dc_cnn27,sweep_all,Deep Contractive,CNN,synthetic,seed,200,current_mixture,0.1,10,1e-12,width,0.0,7,d_eff,19.448898220406523,,133.476
dc_cnn27,sweep_all,Deep Contractive,CNN,synthetic,seed,200,current_mixture,0.1,10,1e-12,width,0.0,7,unstable_fraction,0.7791573660714286,,0.059
dc_cnn27,sweep_all,Deep Contractive,CNN,synthetic,seed,200,current_mixture,0.1,10,1e-12,width,0.0,7,g_ibp,0.986762077577345,,0.059
dc_cnn27,sweep_all,Deep Contractive,CNN,synthetic,seed,200,current_mixture,0.1,10,1e-12,width,0.0,7,a_tau,5.973809611869261,,9.347
dc_cnn27,sweep_all,Deep Contractive,CNN,synthetic,seed,200,current_mixture,0.1,10,1e-12,width,0.0,8,margin_hat_min,8.553587913513184,,84.863
dc_cnn27,sweep_all,Deep Contractive,CNN,synthetic,seed,200,current_mixture,0.1,10,1e-12,width,0.0,8,d_eff,19.18136804425356,,84.863
dc_cnn27,sweep_all,Deep Contractive,CNN,synthetic,seed,200,current_mixture,0.1,10,1e-12,width,0.0,8,unstable_fraction,0.7791573660714286,,0.095
dc_cnn27,sweep_all,Deep Contractive,CNN,synthetic,seed,200,current_mixture,0.1,10,1e-12,width,0.0,8,g_ibp,0.9867620583899972,,0.095
dc_cnn27,sweep_all,Deep Contractive,CNN,synthetic,seed,200,current_mixture,0.1,10,1e-12,width,0.0,8,a_tau,5.966146739123692,,14.643
dc_cnn27,sweep_all,Deep Contractive,CNN,synthetic,seed,200,current_mixture,0.1,10,1e-12,width,0.0,9,margin_hat_min,8.553597450256348,,67.915
dc_cnn27,sweep_all,Deep Contractive,CNN,synthetic,seed,200,current_mixture,0.1,10,1e-12,width,0.0,9,d_eff,17.93737520868359,,67.915
dc_cnn27,sweep_all,Deep Contractive,CNN,synthetic,seed,200,current_mixture,0.1,10,1e-12,width,0.0,9,unstable_fraction,0.7791573660714286,,0.006
dc_cnn27,sweep_all,Deep Contractive,CNN,synthetic,seed,200,current_mixture,0.1,10,1e-12,width,0.0,9,g_ibp,0.9867620731495005,,0.006
dc_cnn27,sweep_all,Deep Contractive,CNN,synthetic,seed,200,current_mixture,0.1,10,1e-12,width,0.0,9,a_tau,5.966146739123692,,9.521
dc_cnn27,sweep_all,Deep Contractive,CNN,synthetic,seed,200,current_mixture,0.1,10,1e-12,width,0.0,10,margin_hat_min,8.553594589233398,,82.504
dc_cnn27,sweep_all,Deep Contractive,CNN,synthetic,seed,200,current_mixture,0.1,10,1e-12,width,0.0,10,d_eff,19.866086986149156,,82.504
dc_cnn27,sweep_all,Deep Contractive,CNN,synthetic,seed,200,current_mixture,0.1,10,1e-12,width,0.0,10,unstable_fraction,0.7791573660714286,,0.055
dc_cnn27,sweep_all,Deep Contractive,CNN,synthetic,seed,200,current_mixture,0.1,10,1e-12,width,0.0,10,g_ibp,0.986762068721653,,0.055
dc_cnn27,sweep_all,Deep Contractive,CNN,synthetic,seed,200,current_mixture,0.1,10,1e-12,width,0.0,10,a_tau,5.978885764901122,,12.737
dc_cnn27,sweep_all,Deep Contractive,CNN,synthetic,seed,200,current_mixture,0.1,10,1e-12,width,0.0,11,margin_hat_min,8.553596496582031,,61.721
dc_cnn27,sweep_all,Deep Contractive,CNN,synthetic,seed,200,current_mixture,0.1,10,1e-12,width,0.0,11,d_eff,16.968933490400108,,61.721
dc_cnn27,sweep_all,Deep Contractive,CNN,synthetic,seed,200,current_mixture,0.1,10,1e-12,width,0.0,11,unstable_fraction,0.7791573660714286,,0.017
dc_cnn27,sweep_all,Deep Contractive,CNN,synthetic,seed,200,current_mixture,0.1,10,1e-12,width,0.0,11,g_ibp,0.9867620716735517,,0.017
dc_cnn27,sweep_all,Deep Contractive,CNN,synthetic,seed,200,current_mixture,0.1,10,1e-12,width,0.0,11,a_tau,5.976350909297934,,6.657
dc_cnn27,sweep_all,Deep Contractive,CNN,synthetic,seed,200,current_mixture,0.1,10,1e-12,width,0.0,12,margin_hat_min,8.553590774536133,,105.441
dc_cnn27,sweep_all,Deep Contractive,CNN,synthetic,seed,200,current_mixture,0.1,10,1e-12,width,0.0,12,d_eff,17.519247594258704,,105.441
dc_cnn27,sweep_all,Deep Contractive,CNN,synthetic,seed,200,current_mixture,0.1,10,1e-12,width,0.0,12,unstable_fraction,0.7791573660714286,,0.086
dc_cnn27,sweep_all,Deep Contractive,CNN,synthetic,seed,200,current_mixture,0.1,10,1e-12,width,0.0,12,g_ibp,0.9867620628178516,,0.086
dc_cnn27,sweep_all,Deep Contractive,CNN,synthetic,seed,200,current_mixture,0.1,10,1e-12,width,0.0,12,a_tau,5.973809611869261,,15.339
dc_cnn27,sweep_all,Deep Contractive,CNN,synthetic,seed,200,current_mixture,0.1,10,1e-12,width,0.0,13,margin_hat_min,8.553586959838867,,124.539
dc_cnn27,sweep_all,Deep Contractive,CNN,synthetic,seed,200,current_mixture,0.1,10,1e-12,width,0.0,13,d_eff,20.760862208522724,,124.539
dc_cnn27,sweep_all,Deep Contractive,CNN,synthetic,seed,200,current_mixture,0.1,10,1e-12,width,0.0,13,unstable_fraction,0.7791573660714286,,0.095
dc_cnn27,sweep_all,Deep Contractive,CNN,synthetic,seed,200,current_mixture,0.1,10,1e-12,width,0.0,13,g_ibp,0.9867620569140451,,0.095
dc_cnn27,sweep_all,Deep Contractive,CNN,synthetic,seed,200,current_mixture,0.1,10,1e-12,width,0.0,13,a_tau,5.978885764901122,,9.812
dc_cnn27,sweep_all,Deep Contractive,CNN,synthetic,seed,200,current_mixture,0.1,10,1e-12,width,0.0,14,margin_hat_min,8.553617477416992,,133.302
dc_cnn27,sweep_all,Deep Contractive,CNN,synthetic,seed,200,current_mixture,0.1,10,1e-12,width,0.0,14,d_eff,17.928946565600324,,133.302
dc_cnn27,sweep_all,Deep Contractive,CNN,synthetic,seed,200,current_mixture,0.1,10,1e-12,width,0.0,14,unstable_fraction,0.7791573660714286,,0.103
dc_cnn27,sweep_all,Deep Contractive,CNN,synthetic,seed,200,current_mixture,0.1,10,1e-12,width,0.0,14,g_ibp,0.9867621041443501,,0.103
dc_cnn27,sweep_all,Deep Contractive,CNN,synthetic,seed,200,current_mixture,0.1,10,1e-12,width,0.0,14,a_tau,5.973809611869261,,18.007
dc_cnn27,sweep_all,Deep Contractive,CNN,synthetic,seed,200,current_mixture,0.1,10,1e-12,width,0.0,15,margin_hat_min,8.553607940673828,,59.446
dc_cnn27,sweep_all,Deep Contractive,CNN,synthetic,seed,200,current_mixture,0.1,10,1e-12,width,0.0,15,d_eff,18.95737396074896,,59.446
dc_cnn27,sweep_all,Deep Contractive,CNN,synthetic,seed,200,current_mixture,0.1,10,1e-12,width,0.0,15,unstable_fraction,0.7791573660714286,,0.095
dc_cnn27,sweep_all,Deep Contractive,CNN,synthetic,seed,200,current_mixture,0.1,10,1e-12,width,0.0,15,g_ibp,0.986762089384916,,0.095
dc_cnn27,sweep_all,Deep Contractive,CNN,synthetic,seed,200,current_mixture,0.1,10,1e-12,width,0.0,15,a_tau,5.968707559985366,,7.257
dc_cnn24,sweep_all,Deep Contractive,CNN,synthetic,seed,200,current_mixture,0.1,10,1e-12,width,0.0,0,margin_hat_min,10.468109130859375,,77.08
dc_cnn24,sweep_all,Deep Contractive,CNN,synthetic,seed,200,current_mixture,0.1,10,1e-12,width,0.0,0,d_eff,21.000700908163196,,77.08
dc_cnn24,sweep_all,Deep Contractive,CNN,synthetic,seed,200,current_mixture,0.1,10,1e-12,width,0.0,0,unstable_fraction,0.7668805803571429,,0.102
dc_cnn24,sweep_all,Deep Contractive,CNN,synthetic,seed,200,current_mixture,0.1,10,1e-12,width,0.0,0,g_ibp,0.9850381004540717,,0.102
dc_cnn24,sweep_all,Deep Contractive,CNN,synthetic,seed,200,current_mixture,0.1,10,1e-12,width,0.0,0,a_tau,5.988961416889864,,18.395
dc_cnn24,sweep_all,Deep Contractive,CNN,synthetic,seed,200,current_mixture,0.1,10,1e-12,width,0.0,1,margin_hat_min,10.468103408813477,,142.527
dc_cnn24,sweep_all,Deep Contractive,CNN,synthetic,seed,200,current_mixture,0.1,10,1e-12,width,0.0,1,d_eff,22.794493229607752,,142.527
dc_cnn24,sweep_all,Deep Contractive,CNN,synthetic,seed,200,current_mixture,0.1,10,1e-12,width,0.0,1,unstable_fraction,0.7668805803571429,,0.055
dc_cnn24,sweep_all,Deep Contractive,CNN,synthetic,seed,200,current_mixture,0.1,10,1e-12,width,0.0,1,g_ibp,0.9850380922756393,,0.055
dc_cnn24,sweep_all,Deep Contractive,CNN,synthetic,seed,200,current_mixture,0.1,10,1e-12,width,0.0,1,a_tau,5.988961416889864,,17.232
dc_cnn24,sweep_all,Deep Contractive,CNN,synthetic,seed,200,current_mixture,0.1,10,1e-12,width,0.0,2,margin_hat_min,10.468119621276855,,143.172
dc_cnn24,sweep_all,Deep Contractive,CNN,synthetic,seed,200,current_mixture,0.1,10,1e-12,width,0.0,2,d_eff,22.35422554556627,,143.172
dc_cnn24,sweep_all,Deep Contractive,CNN,synthetic,seed,200,current_mixture,0.1,10,1e-12,width,0.0,2,unstable_fraction,0.7668805803571429,,0.095
dc_cnn24,sweep_all,Deep Contractive,CNN,synthetic,seed,200,current_mixture,0.1,10,1e-12,width,0.0,2,g_ibp,0.9850381154478411,,0.095
dc_cnn24,sweep_all,Deep Contractive,CNN,synthetic,seed,200,current_mixture,0.1,10,1e-12,width,0.0,2,a_tau,5.991464547107982,,16.01
dc_cnn24,sweep_all,Deep Contractive,CNN,synthetic,seed,200,current_mixture,0.1,10,1e-12,width,0.0,3,margin_hat_min,10.468116760253906,,146.457
dc_cnn24,sweep_all,Deep Contractive,CNN,synthetic,seed,200,current_mixture,0.1,10,1e-12,width,0.0,3,d_eff,21.133870898999657,,146.457
dc_cnn24,sweep_all,Deep Contractive,CNN,synthetic,seed,200,current_mixture,0.1,10,1e-12,width,0.0,3,unstable_fraction,0.7668805803571429,,0.095
dc_cnn24,sweep_all,Deep Contractive,CNN,synthetic,seed,200,current_mixture,0.1,10,1e-12,width,0.0,3,g_ibp,0.9850381113586343,,0.095
dc_cnn24,sweep_all,Deep Contractive,CNN,synthetic,seed,200,current_mixture,0.1,10,1e-12,width,0.0,3,a_tau,5.991464547107982,,17.291
dc_cnn24,sweep_all,Deep Contractive,CNN,synthetic,seed,200,current_mixture,0.1,10,1e-12,width,0.0,4,margin_hat_min,10.468124389648438,,54.56
dc_cnn24,sweep_all,Deep Contractive,CNN,synthetic,seed,200,current_mixture,0.1,10,1e-12,width,0.0,4,d_eff,22.102930865028792,,54.56
dc_cnn24,sweep_all,Deep Contractive,CNN,synthetic,seed,200,current_mixture,0.1,10,1e-12,width,0.0,4,unstable_fraction,0.7668805803571429,,0.095
dc_cnn24,sweep_all,Deep Contractive,CNN,synthetic,seed,200,current_mixture,0.1,10,1e-12,width,0.0,4,g_ibp,0.985038122263181,,0.095
dc_cnn24,sweep_all,Deep Contractive,CNN,synthetic,seed,200,current_mixture,0.1,10,1e-12,width,0.0,4,a_tau,5.991464547107982,,16.65
dc_cnn24,sweep_all,Deep Contractive,CNN,synthetic,seed,200,current_mixture,0.1,10,1e-12,width,0.0,5,margin_hat_min,10.46811580657959,,82.779
dc_cnn24,sweep_all,Deep Contractive,CNN,synthetic,seed,200,current_mixture,0.1,10,1e-12,width,0.0,5,d_eff,22.119019880450047,,82.779
dc_cnn24,sweep_all,Deep Contractive,CNN,synthetic,seed,200,current_mixture,0.1,10,1e-12,width,0.0,5,unstable_fraction,0.7668805803571429,,0.091
dc_cnn24,sweep_all,Deep Contractive,CNN,synthetic,seed,200,current_mixture,0.1,10,1e-12,width,0.0,5,g_ibp,0.9850381099955648,,0.091
dc_cnn24,sweep_all,Deep Contractive,CNN,synthetic,seed,200,current_mixture,0.1,10,1e-12,width,0.0,5,a_tau,5.991464547107982,,15.036
dc_cnn24,sweep_all,Deep Contractive,CNN,synthetic,seed,200,current_mixture,0.1,10,1e-12,width,0.0,6,margin_hat_min,10.468111991882324,,60.52
dc_cnn24,sweep_all,Deep Contractive,CNN,synthetic,seed,200,current_mixture,0.1,10,1e-12,width,0.0,6,d_eff,21.982887502691646,,60.52
dc_cnn24,sweep_all,Deep Contractive,CNN,synthetic,seed,200,current_mixture,0.1,10,1e-12,width,0.0,6,unstable_fraction,0.7668805803571429,,0.055
dc_cnn24,sweep_all,Deep Contractive,CNN,synthetic,seed,200,current_mixture,0.1,10,1e-12,width,0.0,6,g_ibp,0.9850381045432846,,0.055
dc_cnn24,sweep_all,Deep Contractive,CNN,synthetic,seed,200,current_mixture,0.1,10,1e-12,width,0.0,6,a_tau,5.988961416889864,,16.775
dc_cnn24,sweep_all,Deep Contractive,CNN,synthetic,seed,200,current_mixture,0.1,10,1e-12,width,0.0,7,margin_hat_min,10.468122482299805,,124.211
dc_cnn24,sweep_all,Deep Contractive,CNN,synthetic,seed,200,current_mixture,0.1,10,1e-12,width,0.0,7,d_eff,23.110533202712485,,124.211
dc_cnn24,sweep_all,Deep Contractive,CNN,synthetic,seed,200,current_mixture,0.1,10,1e-12,width,0.0,7,unstable_fraction,0.7668805803571429,,0.095
dc_cnn24,sweep_all,Deep Contractive,CNN,synthetic,seed,200,current_mixture,0.1,10,1e-12,width,0.0,7,g_ibp,0.9850381195370458,,0.095
dc_cnn24,sweep_all,Deep Contractive,CNN,synthetic,seed,200,current_mixture,0.1,10,1e-12,width,0.0,7,a_tau,5.983936280687191,,17.671
dc_cnn24,sweep_all,Deep Contractive,CNN,synthetic,seed,200,current_mixture,0.1,10,1e-12,width,0.0,8,margin_hat_min,10.468118667602539,,98.851
dc_cnn24,sweep_all,Deep Contractive,CNN,synthetic,seed,200,current_mixture,0.1,10,1e-12,width,0.0,8,d_eff,21.831975014399205,,98.851
dc_cnn24,sweep_all,Deep Contractive,CNN,synthetic,seed,200,current_mixture,0.1,10,1e-12,width,0.0,8,unstable_fraction,0.7668805803571429,,0.055
dc_cnn24,sweep_all,Deep Contractive,CNN,synthetic,seed,200,current_mixture,0.1,10,1e-12,width,0.0,8,g_ibp,0.9850381140847725,,0.055
dc_cnn24,sweep_all,Deep Contractive,CNN,synthetic,seed,200,current_mixture,0.1,10,1e-12,width,0.0,8,a_tau,5.991464547107982,,10.336
dc_cnn24,sweep_all,Deep Contractive,CNN,synthetic,seed,200,current_mixture,0.1,10,1e-12,width,0.0,9,margin_hat_min,10.468128204345703,,79.859
dc_cnn24,sweep_all,Deep Contractive,CNN,synthetic,seed,200,current_mixture,0.1,10,1e-12,width,0.0,9,d_eff,23.240811880286355,,79.859
dc_cnn24,sweep_all,Deep Contractive,CNN,synthetic,seed,200,current_mixture,0.1,10,1e-12,width,0.0,9,unstable_fraction,0.7668805803571429,,0.055
dc_cnn24,sweep_all,Deep Contractive,CNN,synthetic,seed,200,current_mixture,0.1,10,1e-12,width,0.0,9,g_ibp,0.9850381277154484,,0.055
dc_cnn24,sweep_all,Deep Contractive,CNN,synthetic,seed,200,current_mixture,0.1,10,1e-12,width,0.0,9,a_tau,5.991464547107982,,16.943
dc_cnn24,sweep_all,Deep Contractive,CNN,synthetic,seed,200,current_mixture,0.1,10,1e-12,width,0.0,10,margin_hat_min,10.468133926391602,,88.892
dc_cnn24,sweep_all,Deep Contractive,CNN,synthetic,seed,200,current_mixture,0.1,10,1e-12,width,0.0,10,d_eff,24.11592348765625,,88.892
dc_cnn24,sweep_all,Deep Contractive,CNN,synthetic,seed,200,current_mixture,0.1,10,1e-12,width,0.0,10,unstable_fraction,0.7668805803571429,,0.054
dc_cnn24,sweep_all,Deep Contractive,CNN,synthetic,seed,200,current_mixture,0.1,10,1e-12,width,0.0,10,g_ibp,0.985038135893842,,0.054
dc_cnn24,sweep_all,Deep Contractive,CNN,synthetic,seed,200,current_mixture,0.1,10,1e-12,width,0.0,10,a_tau,5.986452005284438,,6.643
dc_cnn24,sweep_all,Deep Contractive,CNN,synthetic,seed,200,current_mixture,0.1,10,1e-12,width,0.0,11,margin_hat_min,10.468109130859375,,65.404
dc_cnn24,sweep_all,Deep Contractive,CNN,synthetic,seed,200,current_mixture,0.1,10,1e-12,width,0.0,11,d_eff,22.25828622630827,,65.404
dc_cnn24,sweep_all,Deep Contractive,CNN,synthetic,seed,200,current_mixture,0.1,10,1e-12,width,0.0,11,unstable_fraction,0.7668805803571429,,0.051
dc_cnn24,sweep_all,Deep Contractive,CNN,synthetic,seed,200,current_mixture,0.1,10,1e-12,width,0.0,11,g_ibp,0.9850381004540717,,0.051
dc_cnn24,sweep_all,Deep Contractive,CNN,synthetic,seed,200,current_mixture,0.1,10,1e-12,width,0.0,11,a_tau,5.991464547107982,,16.731
dc_cnn24,sweep_all,Deep Contractive,CNN,synthetic,seed,200,current_mixture,0.1,10,1e-12,width,0.0,12,margin_hat_min,10.468122482299805,,73.536
dc_cnn24,sweep_all,Deep Contractive,CNN,synthetic,seed,200,current_mixture,0.1,10,1e-12,width,0.0,12,d_eff,21.84298808345814,,73.536
dc_cnn24,sweep_all,Deep Contractive,CNN,synthetic,seed,200,current_mixture,0.1,10,1e-12,width,0.0,12,unstable_fraction,0.7668805803571429,,0.05
dc_cnn24,sweep_all,Deep Contractive,CNN,synthetic,seed,200,current_mixture,0.1,10,1e-12,width,0.0,12,g_ibp,0.9850381195370458,,0.05
dc_cnn24,sweep_all,Deep Contractive,CNN,synthetic,seed,200,current_mixture,0.1,10,1e-12,width,0.0,12,a_tau,5.988961416889864,,5.389
dc_cnn24,sweep_all,Deep Contractive,CNN,synthetic,seed,200,current_mixture,0.1,10,1e-12,width,0.0,13,margin_hat_min,10.468117713928223,,125.672
dc_cnn24,sweep_all,Deep Contractive,CNN,synthetic,seed,200,current_mixture,0.1,10,1e-12,width,0.0,13,d_eff,23.099219283983267,,125.672
dc_cnn24,sweep_all,Deep Contractive,CNN,synthetic,seed,200,current_mixture,0.1,10,1e-12,width,0.0,13,unstable_fraction,0.7668805803571429,,0.103
dc_cnn24,sweep_all,Deep Contractive,CNN,synthetic,seed,200,current_mixture,0.1,10,1e-12,width,0.0,13,g_ibp,0.9850381127217035,,0.103
dc_cnn24,sweep_all,Deep Contractive,CNN,synthetic,seed,200,current_mixture,0.1,10,1e-12,width,0.0,13,a_tau,5.991464547107982,,18.166
dc_cnn24,sweep_all,Deep Contractive,CNN,synthetic,seed,200,current_mixture,0.1,10,1e-12,width,0.0,14,margin_hat_min,10.468108177185059,,74.156
dc_cnn24,sweep_all,Deep Contractive,CNN,synthetic,seed,200,current_mixture,0.1,10,1e-12,width,0.0,14,d_eff,21.958554022700064,,74.156
dc_cnn24,sweep_all,Deep Contractive,CNN,synthetic,seed,200,current_mixture,0.1,10,1e-12,width,0.0,14,unstable_fraction,0.7668805803571429,,0.031
dc_cnn24,sweep_all,Deep Contractive,CNN,synthetic,seed,200,current_mixture,0.1,10,1e-12,width,0.0,14,g_ibp,0.9850380990910003,,0.031
dc_cnn24,sweep_all,Deep Contractive,CNN,synthetic,seed,200,current_mixture,0.1,10,1e-12,width,0.0,14,a_tau,5.983936280687191,,4.242
dc_cnn24,sweep_all,Deep Contractive,CNN,synthetic,seed,200,current_mixture,0.1,10,1e-12,width,0.0,15,margin_hat_min,10.468104362487793,,89.917
dc_cnn24,sweep_all,Deep Contractive,CNN,synthetic,seed,200,current_mixture,0.1,10,1e-12,width,0.0,15,d_eff,22.51337834194855,,89.917
dc_cnn24,sweep_all,Deep Contractive,CNN,synthetic,seed,200,current_mixture,0.1,10,1e-12,width,0.0,15,unstable_fraction,0.7668805803571429,,0.013
dc_cnn24,sweep_all,Deep Contractive,CNN,synthetic,seed,200,current_mixture,0.1,10,1e-12,width,0.0,15,g_ibp,0.985038093638712,,0.013
dc_cnn24,sweep_all,Deep Contractive,CNN,synthetic,seed,200,current_mixture,0.1,10,1e-12,width,0.0,15,a_tau,5.988961416889864,,3.866
dc_cnn28,sweep_all,Deep Contractive,CNN,synthetic,seed,200,current_mixture,0.1,10,1e-12,width,0.0,0,margin_hat_min,8.5535888671875,,62.08
dc_cnn28,sweep_all,Deep Contractive,CNN,synthetic,seed,200,current_mixture,0.1,10,1e-12,width,0.0,0,d_eff,19.842890919383866,,62.08
dc_cnn28,sweep_all,Deep Contractive,CNN,synthetic,seed,200,current_mixture,0.1,10,1e-12,width,0.0,0,unstable_fraction,0.7791573660714286,,0.009
dc_cnn28,sweep_all,Deep Contractive,CNN,synthetic,seed,200,current_mixture,0.1,10,1e-12,width,0.0,0,g_ibp,0.986762059865949,,0.009
dc_cnn28,sweep_all,Deep Contractive,CNN,synthetic,seed,200,current_mixture,0.1,10,1e-12,width,0.0,0,a_tau,5.981414211254481,,7.735
dc_cnn28,sweep_all,Deep Contractive,CNN,synthetic,seed,200,current_mixture,0.1,10,1e-12,width,0.0,1,margin_hat_min,8.553592681884766,,146.24
dc_cnn28,sweep_all,Deep Contractive,CNN,synthetic,seed,200,current_mixture,0.1,10,1e-12,width,0.0,1,d_eff,19.36990962303119,,146.24
dc_cnn28,sweep_all,Deep Contractive,CNN,synthetic,seed,200,current_mixture,0.1,10,1e-12,width,0.0,1,unstable_fraction,0.7791573660714286,,0.095
dc_cnn28,sweep_all,Deep Contractive,CNN,synthetic,seed,200,current_mixture,0.1,10,1e-12,width,0.0,1,g_ibp,0.986762065769753,,0.095
dc_cnn28,sweep_all,Deep Contractive,CNN,synthetic,seed,200,current_mixture,0.1,10,1e-12,width,0.0,1,a_tau,5.953243334287785,,20.551
dc_cnn28,sweep_all,Deep Contractive,CNN,synthetic,seed,200,current_mixture,0.1,10,1e-12,width,0.0,2,margin_hat_min,8.553597450256348,,146.0
dc_cnn28,sweep_all,Deep Contractive,CNN,synthetic,seed,200,current_mixture,0.1,10,1e-12,width,0.0,2,d_eff,17.92138321584736,,146.0
dc_cnn28,sweep_all,Deep Contractive,CNN,synthetic,seed,200,current_mixture,0.1,10,1e-12,width,0.0,2,unstable_fraction,0.7791573660714286,,0.087
dc_cnn28,sweep_all,Deep Contractive,CNN,synthetic,seed,200,current_mixture,0.1,10,1e-12,width,0.0,2,g_ibp,0.9867620731495005,,0.087
dc_cnn28,sweep_all,Deep Contractive,CNN,synthetic,seed,200,current_mixture,0.1,10,1e-12,width,0.0,2,a_tau,5.968707559985366,,17.232
dc_cnn28,sweep_all,Deep Contractive,CNN,synthetic,seed,200,current_mixture,0.1,10,1e-12,width,0.0,3,margin_hat_min,8.553604125976562,,58.994
dc_cnn28,sweep_all,Deep Contractive,CNN,synthetic,seed,200,current_mixture,0.1,10,1e-12,width,0.0,3,d_eff,20.284407438817894,,58.994
dc_cnn28,sweep_all,Deep Contractive,CNN,synthetic,seed,200,current_mixture,0.1,10,1e-12,width,0.0,3,unstable_fraction,0.7791573660714286,,0.018
dc_cnn28,sweep_all,Deep Contractive,CNN,synthetic,seed,200,current_mixture,0.1,10,1e-12,width,0.0,3,g_ibp,0.9867620834811331,,0.018
dc_cnn28,sweep_all,Deep Contractive,CNN,synthetic,seed,200,current_mixture,0.1,10,1e-12,width,0.0,3,a_tau,5.966146739123692,,11.114
dc_cnn28,sweep_all,Deep Contractive,CNN,synthetic,seed,200,current_mixture,0.1,10,1e-12,width,0.0,4,margin_hat_min,8.553574562072754,,91.083
dc_cnn28,sweep_all,Deep Contractive,CNN,synthetic,seed,200,current_mixture,0.1,10,1e-12,width,0.0,4,d_eff,18.128588970840795,,91.083
dc_cnn28,sweep_all,Deep Contractive,CNN,synthetic,seed,200,current_mixture,0.1,10,1e-12,width,0.0,4,unstable_fraction,0.7791573660714286,,0.006
dc_cnn28,sweep_all,Deep Contractive,CNN,synthetic,seed,200,current_mixture,0.1,10,1e-12,width,0.0,4,g_ibp,0.9867620377266374,,0.006
dc_cnn28,sweep_all,Deep Contractive,CNN,synthetic,seed,200,current_mixture,0.1,10,1e-12,width,0.0,4,a_tau,5.986452005284438,,9.717
dc_cnn28,sweep_all,Deep Contractive,CNN,synthetic,seed,200,current_mixture,0.1,10,1e-12,width,0.0,5,margin_hat_min,8.553603172302246,,103.203
dc_cnn28,sweep_all,Deep Contractive,CNN,synthetic,seed,200,current_mixture,0.1,10,1e-12,width,0.0,5,d_eff,18.388059238962033,,103.203
dc_cnn28,sweep_all,Deep Contractive,CNN,synthetic,seed,200,current_mixture,0.1,10,1e-12,width,0.0,5,unstable_fraction,0.7791573660714286,,0.095
dc_cnn28,sweep_all,Deep Contractive,CNN,synthetic,seed,200,current_mixture,0.1,10,1e-12,width,0.0,5,g_ibp,0.9867620820051866,,0.095
dc_cnn28,sweep_all,Deep Contractive,CNN,synthetic,seed,200,current_mixture,0.1,10,1e-12,width,0.0,5,a_tau,5.978885764901122,,16.531
dc_cnn28,sweep_all,Deep Contractive,CNN,synthetic,seed,200,current_mixture,0.1,10,1e-12,width,0.0,6,margin_hat_min,8.553585052490234,,102.588
dc_cnn28,sweep_all,Deep Contractive,CNN,synthetic,seed,200,current_mixture,0.1,10,1e-12,width,0.0,6,d_eff,19.666129742384427,,102.588
dc_cnn28,sweep_all,Deep Contractive,CNN,synthetic,seed,200,current_mixture,0.1,10,1e-12,width,0.0,6,unstable_fraction,0.7791573660714286,,0.054
dc_cnn28,sweep_all,Deep Contractive,CNN,synthetic,seed,200,current_mixture,0.1,10,1e-12,width,0.0,6,g_ibp,0.9867620539621399,,0.054
dc_cnn28,sweep_all,Deep Contractive,CNN,synthetic,seed,200,current_mixture,0.1,10,1e-12,width,0.0,6,a_tau,5.976350909297934,,17.445
dc_cnn28,sweep_all,Deep Contractive,CNN,synthetic,seed,200,current_mixture,0.1,10,1e-12,width,0.0,7,margin_hat_min,8.553600311279297,,143.786
dc_cnn28,sweep_all,Deep Contractive,CNN,synthetic,seed,200,current_mixture,0.1,10,1e-12,width,0.0,7,d_eff,19.448898220406523,,143.786
dc_cnn28,sweep_all,Deep Contractive,CNN,synthetic,seed,200,current_mixture,0.1,10,1e-12,width,0.0,7,unstable_fraction,0.7791573660714286,,0.055
dc_cnn28,sweep_all,Deep Contractive,CNN,synthetic,seed,200,current_mixture,0.1,10,1e-12,width,0.0,7,g_ibp,0.986762077577345,,0.055
dc_cnn28,sweep_all,Deep Contractive,CNN,synthetic,seed,200,current_mixture,0.1,10,1e-12,width,0.0,7,a_tau,5.973809611869261,,17.09
dc_cnn28,sweep_all,Deep Contractive,CNN,synthetic,seed,200,current_mixture,0.1,10,1e-12,width,0.0,8,margin_hat_min,8.553587913513184,,87.423
dc_cnn28,sweep_all,Deep Contractive,CNN,synthetic,seed,200,current_mixture,0.1,10,1e-12,width,0.0,8,d_eff,19.18136804425356,,87.423
dc_cnn28,sweep_all,Deep Contractive,CNN,synthetic,seed,200,current_mixture,0.1,10,1e-12,width,0.0,8,unstable_fraction,0.7791573660714286,,0.058
dc_cnn28,sweep_all,Deep Contractive,CNN,synthetic,seed,200,current_mixture,0.1,10,1e-12,width,0.0,8,g_ibp,0.9867620583899972,,0.058
dc_cnn28,sweep_all,Deep Contractive,CNN,synthetic,seed,200,current_mixture,0.1,10,1e-12,width,0.0,8,a_tau,5.966146739123692,,14.757
dc_cnn28,sweep_all,Deep Contractive,CNN,synthetic,seed,200,current_mixture,0.1,10,1e-12,width,0.0,9,margin_hat_min,8.553597450256348,,98.278
dc_cnn28,sweep_all,Deep Contractive,CNN,synthetic,seed,200,current_mixture,0.1,10,1e-12,width,0.0,9,d_eff,17.93737520868359,,98.278
dc_cnn28,sweep_all,Deep Contractive,CNN,synthetic,seed,200,current_mixture,0.1,10,1e-12,width,0.0,9,unstable_fraction,0.7791573660714286,,0.055
dc_cnn28,sweep_all,Deep Contractive,CNN,synthetic,seed,200,current_mixture,0.1,10,1e-12,width,0.0,9,g_ibp,0.9867620731495005,,0.055
dc_cnn28,sweep_all,Deep Contractive,CNN,synthetic,seed,200,current_mixture,0.1,10,1e-12,width,0.0,9,a_tau,5.966146739123692,,18.012
dc_cnn28,sweep_all,Deep Contractive,CNN,synthetic,seed,200,current_mixture,0.1,10,1e-12,width,0.0,10,margin_hat_min,8.553594589233398,,95.576
dc_cnn28,sweep_all,Deep Contractive,CNN,synthetic,seed,200,current_mixture,0.1,10,1e-12,width,0.0,10,d_eff,19.866086986149156,,95.576
dc_cnn28,sweep_all,Deep Contractive,CNN,synthetic,seed,200,current_mixture,0.1,10,1e-12,width,0.0,10,unstable_fraction,0.7791573660714286,,0.006
dc_cnn28,sweep_all,Deep Contractive,CNN,synthetic,seed,200,current_mixture,0.1,10,1e-12,width,0.0,10,g_ibp,0.986762068721653,,0.006
dc_cnn28,sweep_all,Deep Contractive,CNN,synthetic,seed,200,current_mixture,0.1,10,1e-12,width,0.0,10,a_tau,5.978885764901122,,15.064
dc_cnn28,sweep_all,Deep Contractive,CNN,synthetic,seed,200,current_mixture,0.1,10,1e-12,width,0.0,11,margin_hat_min,8.553596496582031,,96.951
dc_cnn28,sweep_all,Deep Contractive,CNN,synthetic,seed,200,current_mixture,0.1,10,1e-12,width,0.0,11,d_eff,16.968933490400108,,96.951
dc_cnn28,sweep_all,Deep Contractive,CNN,synthetic,seed,200,current_mixture,0.1,10,1e-12,width,0.0,11,unstable_fraction,0.7791573660714286,,0.051
dc_cnn28,sweep_all,Deep Contractive,CNN,synthetic,seed,200,current_mixture,0.1,10,1e-12,width,0.0,11,g_ibp,0.9867620716735517,,0.051
dc_cnn28,sweep_all,Deep Contractive,CNN,synthetic,seed,200,current_mixture,0.1,10,1e-12,width,0.0,11,a_tau,5.976350909297934,,13.998
dc_cnn28,sweep_all,Deep Contractive,CNN,synthetic,seed,200,current_mixture,0.1,10,1e-12,width,0.0,12,margin_hat_min,8.553590774536133,,107.42
dc_cnn28,sweep_all,Deep Contractive,CNN,synthetic,seed,200,current_mixture,0.1,10,1e-12,width,0.0,12,d_eff,17.519247594258704,,107.42
dc_cnn28,sweep_all,Deep Contractive,CNN,synthetic,seed,200,current_mixture,0.1,10,1e-12,width,0.0,12,unstable_fraction,0.7791573660714286,,0.029
dc_cnn28,sweep_all,Deep Contractive,CNN,synthetic,seed,200,current_mixture,0.1,10,1e-12,width,0.0,12,g_ibp,0.9867620628178516,,0.029
dc_cnn28,sweep_all,Deep Contractive,CNN,synthetic,seed,200,current_mixture,0.1,10,1e-12,width,0.0,12,a_tau,5.973809611869261,,10.877
dc_cnn28,sweep_all,Deep Contractive,CNN,synthetic,seed,200,current_mixture,0.1,10,1e-12,width,0.0,13,margin_hat_min,8.553586959838867,,72.525
dc_cnn28,sweep_all,Deep Contractive,CNN,synthetic,seed,200,current_mixture,0.1,10,1e-12,width,0.0,13,d_eff,20.760862208522724,,72.525
dc_cnn28,sweep_all,Deep Contractive,CNN,synthetic,seed,200,current_mixture,0.1,10,1e-12,width,0.0,13,unstable_fraction,0.7791573660714286,,0.008
dc_cnn28,sweep_all,Deep Contractive,CNN,synthetic,seed,200,current_mixture,0.1,10,1e-12,width,0.0,13,g_ibp,0.9867620569140451,,0.008
dc_cnn28,sweep_all,Deep Contractive,CNN,synthetic,seed,200,current_mixture,0.1,10,1e-12,width,0.0,13,a_tau,5.978885764901122,,8.282
dc_cnn28,sweep_all,Deep Contractive,CNN,synthetic,seed,200,current_mixture,0.1,10,1e-12,width,0.0,14,margin_hat_min,8.553617477416992,,86.968
dc_cnn28,sweep_all,Deep Contractive,CNN,synthetic,seed,200,current_mixture,0.1,10,1e-12,width,0.0,14,d_eff,17.928946565600324,,86.968
dc_cnn28,sweep_all,Deep Contractive,CNN,synthetic,seed,200,current_mixture,0.1,10,1e-12,width,0.0,14,unstable_fraction,0.7791573660714286,,0.006
dc_cnn28,sweep_all,Deep Contractive,CNN,synthetic,seed,200,current_mixture,0.1,10,1e-12,width,0.0,14,g_ibp,0.9867621041443501,,0.006
dc_cnn28,sweep_all,Deep Contractive,CNN,synthetic,seed,200,current_mixture,0.1,10,1e-12,width,0.0,14,a_tau,5.973809611869261,,4.167
dc_cnn28,sweep_all,Deep Contractive,CNN,synthetic,seed,200,current_mixture,0.1,10,1e-12,width,0.0,15,margin_hat_min,8.553607940673828,,146.397
dc_cnn28,sweep_all,Deep Contractive,CNN,synthetic,seed,200,current_mixture,0.1,10,1e-12,width,0.0,15,d_eff,18.95737396074896,,146.397
dc_cnn28,sweep_all,Deep Contractive,CNN,synthetic,seed,200,current_mixture,0.1,10,1e-12,width,0.0,15,unstable_fraction,0.7791573660714286,,0.103
dc_cnn28,sweep_all,Deep Contractive,CNN,synthetic,seed,200,current_mixture,0.1,10,1e-12,width,0.0,15,g_ibp,0.986762089384916,,0.103
dc_cnn28,sweep_all,Deep Contractive,CNN,synthetic,seed,200,current_mixture,0.1,10,1e-12,width,0.0,15,a_tau,5.968707559985366,,17.716
dc_cnn23,sweep_all,Deep Contractive,CNN,synthetic,seed,200,current_mixture,0.1,10,1e-12,width,0.0,0,margin_hat_min,10.468109130859375,,75.472
dc_cnn23,sweep_all,Deep Contractive,CNN,synthetic,seed,200,current_mixture,0.1,10,1e-12,width,0.0,0,d_eff,21.000700908163196,,75.472
dc_cnn23,sweep_all,Deep Contractive,CNN,synthetic,seed,200,current_mixture,0.1,10,1e-12,width,0.0,0,unstable_fraction,0.7668805803571429,,0.103
dc_cnn23,sweep_all,Deep Contractive,CNN,synthetic,seed,200,current_mixture,0.1,10,1e-12,width,0.0,0,g_ibp,0.9850381004540717,,0.103
dc_cnn23,sweep_all,Deep Contractive,CNN,synthetic,seed,200,current_mixture,0.1,10,1e-12,width,0.0,0,a_tau,5.988961416889864,,16.459
dc_cnn23,sweep_all,Deep Contractive,CNN,synthetic,seed,200,current_mixture,0.1,10,1e-12,width,0.0,1,margin_hat_min,10.468103408813477,,103.62
dc_cnn23,sweep_all,Deep Contractive,CNN,synthetic,seed,200,current_mixture,0.1,10,1e-12,width,0.0,1,d_eff,22.794493229607752,,103.62
dc_cnn23,sweep_all,Deep Contractive,CNN,synthetic,seed,200,current_mixture,0.1,10,1e-12,width,0.0,1,unstable_fraction,0.7668805803571429,,0.013
dc_cnn23,sweep_all,Deep Contractive,CNN,synthetic,seed,200,current_mixture,0.1,10,1e-12,width,0.0,1,g_ibp,0.9850380922756393,,0.013
dc_cnn23,sweep_all,Deep Contractive,CNN,synthetic,seed,200,current_mixture,0.1,10,1e-12,width,0.0,1,a_tau,5.988961416889864,,12.257
dc_cnn23,sweep_all,Deep Contractive,CNN,synthetic,seed,200,current_mixture,0.1,10,1e-12,width,0.0,2,margin_hat_min,10.468119621276855,,68.557
dc_cnn23,sweep_all,Deep Contractive,CNN,synthetic,seed,200,current_mixture,0.1,10,1e-12,width,0.0,2,d_eff,22.35422554556627,,68.557
dc_cnn23,sweep_all,Deep Contractive,CNN,synthetic,seed,200,current_mixture,0.1,10,1e-12,width,0.0,2,unstable_fraction,0.7668805803571429,,0.095
dc_cnn23,sweep_all,Deep Contractive,CNN,synthetic,seed,200,current_mixture,0.1,10,1e-12,width,0.0,2,g_ibp,0.9850381154478411,,0.095
dc_cnn23,sweep_all,Deep Contractive,CNN,synthetic,seed,200,current_mixture,0.1,10,1e-12,width,0.0,2,a_tau,5.991464547107982,,16.601
dc_cnn23,sweep_all,Deep Contractive,CNN,synthetic,seed,200,current_mixture,0.1,10,1e-12,width,0.0,3,margin_hat_min,10.468116760253906,,59.27
dc_cnn23,sweep_all,Deep Contractive,CNN,synthetic,seed,200,current_mixture,0.1,10,1e-12,width,0.0,3,d_eff,21.133870898999657,,59.27
dc_cnn23,sweep_all,Deep Contractive,CNN,synthetic,seed,200,current_mixture,0.1,10,1e-12,width,0.0,3,unstable_fraction,0.7668805803571429,,0.008
dc_cnn23,sweep_all,Deep Contractive,CNN,synthetic,seed,200,current_mixture,0.1,10,1e-12,width,0.0,3,g_ibp,0.9850381113586343,,0.008
dc_cnn23,sweep_all,Deep Contractive,CNN,synthetic,seed,200,current_mixture,0.1,10,1e-12,width,0.0,3,a_tau,5.991464547107982,,14.613
dc_cnn23,sweep_all,Deep Contractive,CNN,synthetic,seed,200,current_mixture,0.1,10,1e-12,width,0.0,4,margin_hat_min,10.468124389648438,,100.24
dc_cnn23,sweep_all,Deep Contractive,CNN,synthetic,seed,200,current_mixture,0.1,10,1e-12,width,0.0,4,d_eff,22.102930865028792,,100.24
dc_cnn23,sweep_all,Deep Contractive,CNN,synthetic,seed,200,current_mixture,0.1,10,1e-12,width,0.0,4,unstable_fraction,0.7668805803571429,,0.006
dc_cnn23,sweep_all,Deep Contractive,CNN,synthetic,seed,200,current_mixture,0.1,10,1e-12,width,0.0,4,g_ibp,0.985038122263181,,0.006
dc_cnn23,sweep_all,Deep Contractive,CNN,synthetic,seed,200,current_mixture,0.1,10,1e-12,width,0.0,4,a_tau,5.991464547107982,,8.068
dc_cnn23,sweep_all,Deep Contractive,CNN,synthetic,seed,200,current_mixture,0.1,10,1e-12,width,0.0,5,margin_hat_min,10.46811580657959,,143.156
dc_cnn23,sweep_all,Deep Contractive,CNN,synthetic,seed,200,current_mixture,0.1,10,1e-12,width,0.0,5,d_eff,22.119019880450047,,143.156
dc_cnn23,sweep_all,Deep Contractive,CNN,synthetic,seed,200,current_mixture,0.1,10,1e-12,width,0.0,5,unstable_fraction,0.7668805803571429,,0.103
dc_cnn23,sweep_all,Deep Contractive,CNN,synthetic,seed,200,current_mixture,0.1,10,1e-12,width,0.0,5,g_ibp,0.9850381099955648,,0.103
dc_cnn23,sweep_all,Deep Contractive,CNN,synthetic,seed,200,current_mixture,0.1,10,1e-12,width,0.0,5,a_tau,5.991464547107982,,15.451
dc_cnn23,sweep_all,Deep Contractive,CNN,synthetic,seed,200,current_mixture,0.1,10,1e-12,width,0.0,6,margin_hat_min,10.468111991882324,,142.057
dc_cnn23,sweep_all,Deep Contractive,CNN,synthetic,seed,200,current_mixture,0.1,10,1e-12,width,0.0,6,d_eff,21.982887502691646,,142.057
dc_cnn23,sweep_all,Deep Contractive,CNN,synthetic,seed,200,current_mixture,0.1,10,1e-12,width,0.0,6,unstable_fraction,0.7668805803571429,,0.087
dc_cnn23,sweep_all,Deep Contractive,CNN,synthetic,seed,200,current_mixture,0.1,10,1e-12,width,0.0,6,g_ibp,0.9850381045432846,,0.087
dc_cnn23,sweep_all,Deep Contractive,CNN,synthetic,seed,200,current_mixture,0.1,10,1e-12,width,0.0,6,a_tau,5.988961416889864,,13.571
dc_cnn23,sweep_all,Deep Contractive,CNN,synthetic,seed,200,current_mixture,0.1,10,1e-12,width,0.0,7,margin_hat_min,10.468122482299805,,56.044
dc_cnn23,sweep_all,Deep Contractive,CNN,synthetic,seed,200,current_mixture,0.1,10,1e-12,width,0.0,7,d_eff,23.110533202712485,,56.044
dc_cnn23,sweep_all,Deep Contractive,CNN,synthetic,seed,200,current_mixture,0.1,10,1e-12,width,0.0,7,unstable_fraction,0.7668805803571429,,0.07
dc_cnn23,sweep_all,Deep Contractive,CNN,synthetic,seed,200,current_mixture,0.1,10,1e-12,width,0.0,7,g_ibp,0.9850381195370458,,0.07
dc_cnn23,sweep_all,Deep Contractive,CNN,synthetic,seed,200,current_mixture,0.1,10,1e-12,width,0.0,7,a_tau,5.983936280687191,,13.228
dc_cnn23,sweep_all,Deep Contractive,CNN,synthetic,seed,200,current_mixture,0.1,10,1e-12,width,0.0,8,margin_hat_min,10.468118667602539,,142.018
dc_cnn23,sweep_all,Deep Contractive,CNN,synthetic,seed,200,current_mixture,0.1,10,1e-12,width,0.0,8,d_eff,21.831975014399205,,142.018
dc_cnn23,sweep_all,Deep Contractive,CNN,synthetic,seed,200,current_mixture,0.1,10,1e-12,width,0.0,8,unstable_fraction,0.7668805803571429,,0.09
dc_cnn23,sweep_all,Deep Contractive,CNN,synthetic,seed,200,current_mixture,0.1,10,1e-12,width,0.0,8,g_ibp,0.9850381140847725,,0.09
dc_cnn23,sweep_all,Deep Contractive,CNN,synthetic,seed,200,current_mixture,0.1,10,1e-12,width,0.0,8,a_tau,5.991464547107982,,12.469
dc_cnn23,sweep_all,Deep Contractive,CNN,synthetic,seed,200,current_mixture,0.1,10,1e-12,width,0.0,9,margin_hat_min,10.468128204345703,,81.265
dc_cnn23,sweep_all,Deep Contractive,CNN,synthetic,seed,200,current_mixture,0.1,10,1e-12,width,0.0,9,d_eff,23.240811880286355,,81.265
dc_cnn23,sweep_all,Deep Contractive,CNN,synthetic,seed,200,current_mixture,0.1,10,1e-12,width,0.0,9,unstable_fraction,0.7668805803571429,,0.018
dc_cnn23,sweep_all,Deep Contractive,CNN,synthetic,seed,200,current_mixture,0.1,10,1e-12,width,0.0,9,g_ibp,0.9850381277154484,,0.018
dc_cnn23,sweep_all,Deep Contractive,CNN,synthetic,seed,200,current_mixture,0.1,10,1e-12,width,0.0,9,a_tau,5.991464547107982,,10.608
dc_cnn23,sweep_all,Deep Contractive,CNN,synthetic,seed,200,current_mixture,0.1,10,1e-12,width,0.0,10,margin_hat_min,10.468133926391602,,115.793
dc_cnn23,sweep_all,Deep Contractive,CNN,synthetic,seed,200,current_mixture,0.1,10,1e-12,width,0.0,10,d_eff,24.11592348765625,,115.793
dc_cnn23,sweep_all,Deep Contractive,CNN,synthetic,seed,200,current_mixture,0.1,10,1e-12,width,0.0,10,unstable_fraction,0.7668805803571429,,0.009
dc_cnn23,sweep_all,Deep Contractive,CNN,synthetic,seed,200,current_mixture,0.1,10,1e-12,width,0.0,10,g_ibp,0.985038135893842,,0.009
dc_cnn23,sweep_all,Deep Contractive,CNN,synthetic,seed,200,current_mixture,0.1,10,1e-12,width,0.0,10,a_tau,5.986452005284438,,4.932
dc_cnn23,sweep_all,Deep Contractive,CNN,synthetic,seed,200,current_mixture,0.1,10,1e-12,width,0.0,11,margin_hat_min,10.468109130859375,,83.919
dc_cnn23,sweep_all,Deep Contractive,CNN,synthetic,seed,200,current_mixture,0.1,10,1e-12,width,0.0,11,d_eff,22.25828622630827,,83.919
dc_cnn23,sweep_all,Deep Contractive,CNN,synthetic,seed,200,current_mixture,0.1,10,1e-12,width,0.0,11,unstable_fraction,0.7668805803571429,,0.007
dc_cnn23,sweep_all,Deep Contractive,CNN,synthetic,seed,200,current_mixture,0.1,10,1e-12,width,0.0,11,g_ibp,0.9850381004540717,,0.007
dc_cnn23,sweep_all,Deep Contractive,CNN,synthetic,seed,200,current_mixture,0.1,10,1e-12,width,0.0,11,a_tau,5.991464547107982,,7.289
dc_cnn23,sweep_all,Deep Contractive,CNN,synthetic,seed,200,current_mixture,0.1,10,1e-12,width,0.0,12,margin_hat_min,10.468122482299805,,129.698
dc_cnn23,sweep_all,Deep Contractive,CNN,synthetic,seed,200,current_mixture,0.1,10,1e-12,width,0.0,12,d_eff,21.84298808345814,,129.698
dc_cnn23,sweep_all,Deep Contractive,CNN,synthetic,seed,200,current_mixture,0.1,10,1e-12,width,0.0,12,unstable_fraction,0.7668805803571429,,0.031
dc_cnn23,sweep_all,Deep Contractive,CNN,synthetic,seed,200,current_mixture,0.1,10,1e-12,width,0.0,12,g_ibp,0.9850381195370458,,0.031
dc_cnn23,sweep_all,Deep Contractive,CNN,synthetic,seed,200,current_mixture,0.1,10,1e-12,width,0.0,12,a_tau,5.988961416889864,,6.553
dc_cnn23,sweep_all,Deep Contractive,CNN,synthetic,seed,200,current_mixture,0.1,10,1e-12,width,0.0,13,margin_hat_min,10.468117713928223,,68.758
dc_cnn23,sweep_all,Deep Contractive,CNN,synthetic,seed,200,current_mixture,0.1,10,1e-12,width,0.0,13,d_eff,23.099219283983267,,68.758
dc_cnn23,sweep_all,Deep Contractive,CNN,synthetic,seed,200,current_mixture,0.1,10,1e-12,width,0.0,13,unstable_fraction,0.7668805803571429,,0.008
dc_cnn23,sweep_all,Deep Contractive,CNN,synthetic,seed,200,current_mixture,0.1,10,1e-12,width,0.0,13,g_ibp,0.9850381127217035,,0.008
dc_cnn23,sweep_all,Deep Contractive,CNN,synthetic,seed,200,current_mixture,0.1,10,1e-12,width,0.0,13,a_tau,5.991464547107982,,8.169
dc_cnn23,sweep_all,Deep Contractive,CNN,synthetic,seed,200,current_mixture,0.1,10,1e-12,width,0.0,14,margin_hat_min,10.468108177185059,,115.934
dc_cnn23,sweep_all,Deep Contractive,CNN,synthetic,seed,200,current_mixture,0.1,10,1e-12,width,0.0,14,d_eff,21.958554022700064,,115.934
dc_cnn23,sweep_all,Deep Contractive,CNN,synthetic,seed,200,current_mixture,0.1,10,1e-12,width,0.0,14,unstable_fraction,0.7668805803571429,,0.055
dc_cnn23,sweep_all,Deep Contractive,CNN,synthetic,seed,200,current_mixture,0.1,10,1e-12,width,0.0,14,g_ibp,0.9850380990910003,,0.055
dc_cnn23,sweep_all,Deep Contractive,CNN,synthetic,seed,200,current_mixture,0.1,10,1e-12,width,0.0,14,a_tau,5.983936280687191,,7.882
dc_cnn23,sweep_all,Deep Contractive,CNN,synthetic,seed,200,current_mixture,0.1,10,1e-12,width,0.0,15,margin_hat_min,10.468104362487793,,78.53
dc_cnn23,sweep_all,Deep Contractive,CNN,synthetic,seed,200,current_mixture,0.1,10,1e-12,width,0.0,15,d_eff,22.51337834194855,,78.53
dc_cnn23,sweep_all,Deep Contractive,CNN,synthetic,seed,200,current_mixture,0.1,10,1e-12,width,0.0,15,unstable_fraction,0.7668805803571429,,0.009
dc_cnn23,sweep_all,Deep Contractive,CNN,synthetic,seed,200,current_mixture,0.1,10,1e-12,width,0.0,15,g_ibp,0.985038093638712,,0.009
dc_cnn23,sweep_all,Deep Contractive,CNN,synthetic,seed,200,current_mixture,0.1,10,1e-12,width,0.0,15,a_tau,5.988961416889864,,3.664
dc_cnn29,sweep_all,Deep Contractive,CNN,synthetic,seed,200,current_mixture,0.1,10,1e-12,width,0.0,0,margin_hat_min,8.5535888671875,,42.903
dc_cnn29,sweep_all,Deep Contractive,CNN,synthetic,seed,200,current_mixture,0.1,10,1e-12,width,0.0,0,d_eff,19.842890919383866,,42.903
dc_cnn29,sweep_all,Deep Contractive,CNN,synthetic,seed,200,current_mixture,0.1,10,1e-12,width,0.0,0,unstable_fraction,0.7791573660714286,,0.03
dc_cnn29,sweep_all,Deep Contractive,CNN,synthetic,seed,200,current_mixture,0.1,10,1e-12,width,0.0,0,g_ibp,0.986762059865949,,0.03
dc_cnn29,sweep_all,Deep Contractive,CNN,synthetic,seed,200,current_mixture,0.1,10,1e-12,width,0.0,0,a_tau,5.981414211254481,,5.15
dc_cnn29,sweep_all,Deep Contractive,CNN,synthetic,seed,200,current_mixture,0.1,10,1e-12,width,0.0,1,margin_hat_min,8.553592681884766,,97.957
dc_cnn29,sweep_all,Deep Contractive,CNN,synthetic,seed,200,current_mixture,0.1,10,1e-12,width,0.0,1,d_eff,19.36990962303119,,97.957
dc_cnn29,sweep_all,Deep Contractive,CNN,synthetic,seed,200,current_mixture,0.1,10,1e-12,width,0.0,1,unstable_fraction,0.7791573660714286,,0.007
dc_cnn29,sweep_all,Deep Contractive,CNN,synthetic,seed,200,current_mixture,0.1,10,1e-12,width,0.0,1,g_ibp,0.986762065769753,,0.007
dc_cnn29,sweep_all,Deep Contractive,CNN,synthetic,seed,200,current_mixture,0.1,10,1e-12,width,0.0,1,a_tau,5.953243334287785,,7.832
dc_cnn29,sweep_all,Deep Contractive,CNN,synthetic,seed,200,current_mixture,0.1,10,1e-12,width,0.0,2,margin_hat_min,8.553597450256348,,94.268
dc_cnn29,sweep_all,Deep Contractive,CNN,synthetic,seed,200,current_mixture,0.1,10,1e-12,width,0.0,2,d_eff,17.92138321584736,,94.268
dc_cnn29,sweep_all,Deep Contractive,CNN,synthetic,seed,200,current_mixture,0.1,10,1e-12,width,0.0,2,unstable_fraction,0.7791573660714286,,0.031
dc_cnn29,sweep_all,Deep Contractive,CNN,synthetic,seed,200,current_mixture,0.1,10,1e-12,width,0.0,2,g_ibp,0.9867620731495005,,0.031
dc_cnn29,sweep_all,Deep Contractive,CNN,synthetic,seed,200,current_mixture,0.1,10,1e-12,width,0.0,2,a_tau,5.968707559985366,,5.875
dc_cnn29,sweep_all,Deep Contractive,CNN,synthetic,seed,200,current_mixture,0.1,10,1e-12,width,0.0,3,margin_hat_min,8.553604125976562,,102.548
dc_cnn29,sweep_all,Deep Contractive,CNN,synthetic,seed,200,current_mixture,0.1,10,1e-12,width,0.0,3,d_eff,20.284407438817894,,102.548
dc_cnn29,sweep_all,Deep Contractive,CNN,synthetic,seed,200,current_mixture,0.1,10,1e-12,width,0.0,3,unstable_fraction,0.7791573660714286,,0.057
dc_cnn29,sweep_all,Deep Contractive,CNN,synthetic,seed,200,current_mixture,0.1,10,1e-12,width,0.0,3,g_ibp,0.9867620834811331,,0.057
dc_cnn29,sweep_all,Deep Contractive,CNN,synthetic,seed,200,current_mixture,0.1,10,1e-12,width,0.0,3,a_tau,5.966146739123692,,4.255
dc_cnn29,sweep_all,Deep Contractive,CNN,synthetic,seed,200,current_mixture,0.1,10,1e-12,width,0.0,4,margin_hat_min,8.553574562072754,,87.218
dc_cnn29,sweep_all,Deep Contractive,CNN,synthetic,seed,200,current_mixture,0.1,10,1e-12,width,0.0,4,d_eff,18.128588970840795,,87.218
dc_cnn29,sweep_all,Deep Contractive,CNN,synthetic,seed,200,current_mixture,0.1,10,1e-12,width,0.0,4,unstable_fraction,0.7791573660714286,,0.009
dc_cnn29,sweep_all,Deep Contractive,CNN,synthetic,seed,200,current_mixture,0.1,10,1e-12,width,0.0,4,g_ibp,0.9867620377266374,,0.009
dc_cnn29,sweep_all,Deep Contractive,CNN,synthetic,seed,200,current_mixture,0.1,10,1e-12,width,0.0,4,a_tau,5.986452005284438,,6.73
dc_cnn29,sweep_all,Deep Contractive,CNN,synthetic,seed,200,current_mixture,0.1,10,1e-12,width,0.0,5,margin_hat_min,8.553603172302246,,110.585
dc_cnn29,sweep_all,Deep Contractive,CNN,synthetic,seed,200,current_mixture,0.1,10,1e-12,width,0.0,5,d_eff,18.388059238962033,,110.585
dc_cnn29,sweep_all,Deep Contractive,CNN,synthetic,seed,200,current_mixture,0.1,10,1e-12,width,0.0,5,unstable_fraction,0.7791573660714286,,0.039
dc_cnn29,sweep_all,Deep Contractive,CNN,synthetic,seed,200,current_mixture,0.1,10,1e-12,width,0.0,5,g_ibp,0.9867620820051866,,0.039
dc_cnn29,sweep_all,Deep Contractive,CNN,synthetic,seed,200,current_mixture,0.1,10,1e-12,width,0.0,5,a_tau,5.978885764901122,,6.093
dc_cnn29,sweep_all,Deep Contractive,CNN,synthetic,seed,200,current_mixture,0.1,10,1e-12,width,0.0,6,margin_hat_min,8.553585052490234,,117.499
dc_cnn29,sweep_all,Deep Contractive,CNN,synthetic,seed,200,current_mixture,0.1,10,1e-12,width,0.0,6,d_eff,19.666129742384427,,117.499
dc_cnn29,sweep_all,Deep Contractive,CNN,synthetic,seed,200,current_mixture,0.1,10,1e-12,width,0.0,6,unstable_fraction,0.7791573660714286,,0.007
dc_cnn29,sweep_all,Deep Contractive,CNN,synthetic,seed,200,current_mixture,0.1,10,1e-12,width,0.0,6,g_ibp,0.9867620539621399,,0.007
dc_cnn29,sweep_all,Deep Contractive,CNN,synthetic,seed,200,current_mixture,0.1,10,1e-12,width,0.0,6,a_tau,5.976350909297934,,0.528
dc_cnn29,sweep_all,Deep Contractive,CNN,synthetic,seed,200,current_mixture,0.1,10,1e-12,width,0.0,7,margin_hat_min,8.553600311279297,,88.791
dc_cnn29,sweep_all,Deep Contractive,CNN,synthetic,seed,200,current_mixture,0.1,10,1e-12,width,0.0,7,d_eff,19.448898220406523,,88.791
dc_cnn29,sweep_all,Deep Contractive,CNN,synthetic,seed,200,current_mixture,0.1,10,1e-12,width,0.0,7,unstable_fraction,0.7791573660714286,,0.077
dc_cnn29,sweep_all,Deep Contractive,CNN,synthetic,seed,200,current_mixture,0.1,10,1e-12,width,0.0,7,g_ibp,0.986762077577345,,0.077
dc_cnn29,sweep_all,Deep Contractive,CNN,synthetic,seed,200,current_mixture,0.1,10,1e-12,width,0.0,7,a_tau,5.973809611869261,,8.891
dc_cnn29,sweep_all,Deep Contractive,CNN,synthetic,seed,200,current_mixture,0.1,10,1e-12,width,0.0,8,margin_hat_min,8.553587913513184,,108.921
dc_cnn29,sweep_all,Deep Contractive,CNN,synthetic,seed,200,current_mixture,0.1,10,1e-12,width,0.0,8,d_eff,19.18136804425356,,108.921
dc_cnn29,sweep_all,Deep Contractive,CNN,synthetic,seed,200,current_mixture,0.1,10,1e-12,width,0.0,8,unstable_fraction,0.7791573660714286,,0.011
dc_cnn29,sweep_all,Deep Contractive,CNN,synthetic,seed,200,current_mixture,0.1,10,1e-12,width,0.0,8,g_ibp,0.9867620583899972,,0.011
dc_cnn29,sweep_all,Deep Contractive,CNN,synthetic,seed,200,current_mixture,0.1,10,1e-12,width,0.0,8,a_tau,5.966146739123692,,1.891
dc_cnn29,sweep_all,Deep Contractive,CNN,synthetic,seed,200,current_mixture,0.1,10,1e-12,width,0.0,9,margin_hat_min,8.553597450256348,,58.143
dc_cnn29,sweep_all,Deep Contractive,CNN,synthetic,seed,200,current_mixture,0.1,10,1e-12,width,0.0,9,d_eff,17.93737520868359,,58.143
dc_cnn29,sweep_all,Deep Contractive,CNN,synthetic,seed,200,current_mixture,0.1,10,1e-12,width,0.0,9,unstable_fraction,0.7791573660714286,,0.009
dc_cnn29,sweep_all,Deep Contractive,CNN,synthetic,seed,200,current_mixture,0.1,10,1e-12,width,0.0,9,g_ibp,0.9867620731495005,,0.009
dc_cnn29,sweep_all,Deep Contractive,CNN,synthetic,seed,200,current_mixture,0.1,10,1e-12,width,0.0,9,a_tau,5.966146739123692,,11.115
dc_cnn29,sweep_all,Deep Contractive,CNN,synthetic,seed,200,current_mixture,0.1,10,1e-12,width,0.0,10,margin_hat_min,8.553594589233398,,88.651
dc_cnn29,sweep_all,Deep Contractive,CNN,synthetic,seed,200,current_mixture,0.1,10,1e-12,width,0.0,10,d_eff,19.866086986149156,,88.651
dc_cnn29,sweep_all,Deep Contractive,CNN,synthetic,seed,200,current_mixture,0.1,10,1e-12,width,0.0,10,unstable_fraction,0.7791573660714286,,0.048
dc_cnn29,sweep_all,Deep Contractive,CNN,synthetic,seed,200,current_mixture,0.1,10,1e-12,width,0.0,10,g_ibp,0.986762068721653,,0.048
dc_cnn29,sweep_all,Deep Contractive,CNN,synthetic,seed,200,current_mixture,0.1,10,1e-12,width,0.0,10,a_tau,5.978885764901122,,5.908
dc_cnn29,sweep_all,Deep Contractive,CNN,synthetic,seed,200,current_mixture,0.1,10,1e-12,width,0.0,11,margin_hat_min,8.553596496582031,,94.805
dc_cnn29,sweep_all,Deep Contractive,CNN,synthetic,seed,200,current_mixture,0.1,10,1e-12,width,0.0,11,d_eff,16.968933490400108,,94.805
dc_cnn29,sweep_all,Deep Contractive,CNN,synthetic,seed,200,current_mixture,0.1,10,1e-12,width,0.0,11,unstable_fraction,0.7791573660714286,,0.007
dc_cnn29,sweep_all,Deep Contractive,CNN,synthetic,seed,200,current_mixture,0.1,10,1e-12,width,0.0,11,g_ibp,0.9867620716735517,,0.007
dc_cnn29,sweep_all,Deep Contractive,CNN,synthetic,seed,200,current_mixture,0.1,10,1e-12,width,0.0,11,a_tau,5.976350909297934,,0.238
dc_cnn29,sweep_all,Deep Contractive,CNN,synthetic,seed,200,current_mixture,0.1,10,1e-12,width,0.0,12,margin_hat_min,8.553590774536133,,84.494
dc_cnn29,sweep_all,Deep Contractive,CNN,synthetic,seed,200,current_mixture,0.1,10,1e-12,width,0.0,12,d_eff,17.519247594258704,,84.494
dc_cnn29,sweep_all,Deep Contractive,CNN,synthetic,seed,200,current_mixture,0.1,10,1e-12,width,0.0,12,unstable_fraction,0.7791573660714286,,0.008
dc_cnn29,sweep_all,Deep Contractive,CNN,synthetic,seed,200,current_mixture,0.1,10,1e-12,width,0.0,12,g_ibp,0.9867620628178516,,0.008
dc_cnn29,sweep_all,Deep Contractive,CNN,synthetic,seed,200,current_mixture,0.1,10,1e-12,width,0.0,12,a_tau,5.973809611869261,,3.234
dc_cnn29,sweep_all,Deep Contractive,CNN,synthetic,seed,200,current_mixture,0.1,10,1e-12,width,0.0,13,margin_hat_min,8.553586959838867,,81.656
dc_cnn29,sweep_all,Deep Contractive,CNN,synthetic,seed,200,current_mixture,0.1,10,1e-12,width,0.0,13,d_eff,20.760862208522724,,81.656
dc_cnn29,sweep_all,Deep Contractive,CNN,synthetic,seed,200,current_mixture,0.1,10,1e-12,width,0.0,13,unstable_fraction,0.7791573660714286,,0.047
dc_cnn29,sweep_all,Deep Contractive,CNN,synthetic,seed,200,current_mixture,0.1,10,1e-12,width,0.0,13,g_ibp,0.9867620569140451,,0.047
dc_cnn29,sweep_all,Deep Contractive,CNN,synthetic,seed,200,current_mixture,0.1,10,1e-12,width,0.0,13,a_tau,5.978885764901122,,1.316
dc_cnn29,sweep_all,Deep Contractive,CNN,synthetic,seed,200,current_mixture,0.1,10,1e-12,width,0.0,14,margin_hat_min,8.553617477416992,,67.379
dc_cnn29,sweep_all,Deep Contractive,CNN,synthetic,seed,200,current_mixture,0.1,10,1e-12,width,0.0,14,d_eff,17.928946565600324,,67.379
dc_cnn29,sweep_all,Deep Contractive,CNN,synthetic,seed,200,current_mixture,0.1,10,1e-12,width,0.0,14,unstable_fraction,0.7791573660714286,,0.03
dc_cnn29,sweep_all,Deep Contractive,CNN,synthetic,seed,200,current_mixture,0.1,10,1e-12,width,0.0,14,g_ibp,0.9867621041443501,,0.03
dc_cnn29,sweep_all,Deep Contractive,CNN,synthetic,seed,200,current_mixture,0.1,10,1e-12,width,0.0,14,a_tau,5.973809611869261,,3.984
dc_cnn29,sweep_all,Deep Contractive,CNN,synthetic,seed,200,current_mixture,0.1,10,1e-12,width,0.0,15,margin_hat_min,8.553607940673828,,62.121
dc_cnn29,sweep_all,Deep Contractive,CNN,synthetic,seed,200,current_mixture,0.1,10,1e-12,width,0.0,15,d_eff,18.95737396074896,,62.121
dc_cnn29,sweep_all,Deep Contractive,CNN,synthetic,seed,200,current_mixture,0.1,10,1e-12,width,0.0,15,unstable_fraction,0.7791573660714286,,0.031
dc_cnn29,sweep_all,Deep Contractive,CNN,synthetic,seed,200,current_mixture,0.1,10,1e-12,width,0.0,15,g_ibp,0.986762089384916,,0.031
dc_cnn29,sweep_all,Deep Contractive,CNN,synthetic,seed,200,current_mixture,0.1,10,1e-12,width,0.0,15,a_tau,5.968707559985366,,2.505
ld10,sweep_all,Dominant Key Attn,MLP,synthetic,seed,200,current_mixture,0.1,10,1e-12,width,0.0,0,margin_hat_min,0.39972108602523804,,20.962
ld10,sweep_all,Dominant Key Attn,MLP,synthetic,seed,200,current_mixture,0.1,10,1e-12,width,0.0,0,d_eff,7.498851682763584,,20.962
ld10,sweep_all,Dominant Key Attn,MLP,synthetic,seed,200,current_mixture,0.1,10,1e-12,width,0.0,0,unstable_fraction,0.0,,0.002
ld10,sweep_all,Dominant Key Attn,MLP,synthetic,seed,200,current_mixture,0.1,10,1e-12,width,0.0,0,g_ibp,-0.06614661238445074,,0.002
ld10,sweep_all,Dominant Key Attn,MLP,synthetic,seed,200,current_mixture,0.1,10,1e-12,width,0.0,0,a_tau,5.262690188904886,,3.555
ld10,sweep_all,Dominant Key Attn,MLP,synthetic,seed,200,current_mixture,0.1,10,1e-12,width,0.0,1,margin_hat_min,0.39972108602523804,,20.205
ld10,sweep_all,Dominant Key Attn,MLP,synthetic,seed,200,current_mixture,0.1,10,1e-12,width,0.0,1,d_eff,7.3101026810538166,,20.205
ld10,sweep_all,Dominant Key Attn,MLP,synthetic,seed,200,current_mixture,0.1,10,1e-12,width,0.0,1,unstable_fraction,0.0,,0.001
ld10,sweep_all,Dominant Key Attn,MLP,synthetic,seed,200,current_mixture,0.1,10,1e-12,width,0.0,1,g_ibp,-0.06614661238445074,,0.001
ld10,sweep_all,Dominant Key Attn,MLP,synthetic,seed,200,current_mixture,0.1,10,1e-12,width,0.0,1,a_tau,5.209486152841421,,1.308
ld10,sweep_all,Dominant Key Attn,MLP,synthetic,seed,200,current_mixture,0.1,10,1e-12,width,0.0,2,margin_hat_min,0.39972108602523804,,9.858
ld10,sweep_all,Dominant Key Attn,MLP,synthetic,seed,200,current_mixture,0.1,10,1e-12,width,0.0,2,d_eff,7.531008367594432,,9.858
ld10,sweep_all,Dominant Key Attn,MLP,synthetic,seed,200,current_mixture,0.1,10,1e-12,width,0.0,2,unstable_fraction,0.0,,0.001
ld10,sweep_all,Dominant Key Attn,MLP,synthetic,seed,200,current_mixture,0.1,10,1e-12,width,0.0,2,g_ibp,-0.06614661238445074,,0.001
ld10,sweep_all,Dominant Key Attn,MLP,synthetic,seed,200,current_mixture,0.1,10,1e-12,width,0.0,2,a_tau,5.198497031265826,,3.929
ld10,sweep_all,Dominant Key Attn,MLP,synthetic,seed,200,current_mixture,0.1,10,1e-12,width,0.0,3,margin_hat_min,0.39972108602523804,,5.763
ld10,sweep_all,Dominant Key Attn,MLP,synthetic,seed,200,current_mixture,0.1,10,1e-12,width,0.0,3,d_eff,7.518846176116697,,5.763
ld10,sweep_all,Dominant Key Attn,MLP,synthetic,seed,200,current_mixture,0.1,10,1e-12,width,0.0,3,unstable_fraction,0.0,,0.002
ld10,sweep_all,Dominant Key Attn,MLP,synthetic,seed,200,current_mixture,0.1,10,1e-12,width,0.0,3,g_ibp,-0.06614661238445074,,0.002
ld10,sweep_all,Dominant Key Attn,MLP,synthetic,seed,200,current_mixture,0.1,10,1e-12,width,0.0,3,a_tau,5.187385805840755,,2.616
ld10,sweep_all,Dominant Key Attn,MLP,synthetic,seed,200,current_mixture,0.1,10,1e-12,width,0.0,4,margin_hat_min,0.39972108602523804,,16.696
ld10,sweep_all,Dominant Key Attn,MLP,synthetic,seed,200,current_mixture,0.1,10,1e-12,width,0.0,4,d_eff,7.339361855783755,,16.696
ld10,sweep_all,Dominant Key Attn,MLP,synthetic,seed,200,current_mixture,0.1,10,1e-12,width,0.0,4,unstable_fraction,0.0,,0.001
ld10,sweep_all,Dominant Key Attn,MLP,synthetic,seed,200,current_mixture,0.1,10,1e-12,width,0.0,4,g_ibp,-0.06614661238445074,,0.001
ld10,sweep_all,Dominant Key Attn,MLP,synthetic,seed,200,current_mixture,0.1,10,1e-12,width,0.0,4,a_tau,5.209486152841421,,2.635
ld10,sweep_all,Dominant Key Attn,MLP,synthetic,seed,200,current_mixture,0.1,10,1e-12,width,0.0,5,margin_hat_min,0.39972108602523804,,7.916
ld10,sweep_all,Dominant Key Attn,MLP,synthetic,seed,200,current_mixture,0.1,10,1e-12,width,0.0,5,d_eff,7.4518213391721355,,7.916
ld10,sweep_all,Dominant Key Attn,MLP,synthetic,seed,200,current_mixture,0.1,10,1e-12,width,0.0,5,unstable_fraction,0.0,,0.019
ld10,sweep_all,Dominant Key Attn,MLP,synthetic,seed,200,current_mixture,0.1,10,1e-12,width,0.0,5,g_ibp,-0.06614661238445074,,0.019
ld10,sweep_all,Dominant Key Attn,MLP,synthetic,seed,200,current_mixture,0.1,10,1e-12,width,0.0,5,a_tau,5.204006687076795,,0.466
ld10,sweep_all,Dominant Key Attn,MLP,synthetic,seed,200,current_mixture,0.1,10,1e-12,width,0.0,6,margin_hat_min,0.39972108602523804,,14.012
ld10,sweep_all,Dominant Key Attn,MLP,synthetic,seed,200,current_mixture,0.1,10,1e-12,width,0.0,6,d_eff,7.282005215386695,,14.012
ld10,sweep_all,Dominant Key Attn,MLP,synthetic,seed,200,current_mixture,0.1,10,1e-12,width,0.0,6,unstable_fraction,0.0,,0.001
ld10,sweep_all,Dominant Key Attn,MLP,synthetic,seed,200,current_mixture,0.1,10,1e-12,width,0.0,6,g_ibp,-0.06614661238445074,,0.001
ld10,sweep_all,Dominant Key Attn,MLP,synthetic,seed,200,current_mixture,0.1,10,1e-12,width,0.0,6,a_tau,5.4116460518550396,,2.474
ld10,sweep_all,Dominant Key Attn,MLP,synthetic,seed,200,current_mixture,0.1,10,1e-12,width,0.0,7,margin_hat_min,0.39972108602523804,,12.157
ld10,sweep_all,Dominant Key Attn,MLP,synthetic,seed,200,current_mixture,0.1,10,1e-12,width,0.0,7,d_eff,7.475005552877364,,12.157
ld10,sweep_all,Dominant Key Attn,MLP,synthetic,seed,200,current_mixture,0.1,10,1e-12,width,0.0,7,unstable_fraction,0.0,,0.029
ld10,sweep_all,Dominant Key Attn,MLP,synthetic,seed,200,current_mixture,0.1,10,1e-12,width,0.0,7,g_ibp,-0.06614661238445074,,0.029
ld10,sweep_all,Dominant Key Attn,MLP,synthetic,seed,200,current_mixture,0.1,10,1e-12,width,0.0,7,a_tau,5.093750200806762,,2.714
ld10,sweep_all,Dominant Key Attn,MLP,synthetic,seed,200,current_mixture,0.1,10,1e-12,width,0.0,8,margin_hat_min,0.39972108602523804,,13.826
ld10,sweep_all,Dominant Key Attn,MLP,synthetic,seed,200,current_mixture,0.1,10,1e-12,width,0.0,8,d_eff,7.466793518176212,,13.826
ld10,sweep_all,Dominant Key Attn,MLP,synthetic,seed,200,current_mixture,0.1,10,1e-12,width,0.0,8,unstable_fraction,0.0,,0.025
ld10,sweep_all,Dominant Key Attn,MLP,synthetic,seed,200,current_mixture,0.1,10,1e-12,width,0.0,8,g_ibp,-0.06614661238445074,,0.025
ld10,sweep_all,Dominant Key Attn,MLP,synthetic,seed,200,current_mixture,0.1,10,1e-12,width,0.0,8,a_tau,5.455321115357702,,2.596
ld10,sweep_all,Dominant Key Attn,MLP,synthetic,seed,200,current_mixture,0.1,10,1e-12,width,0.0,9,margin_hat_min,0.39972108602523804,,14.444
ld10,sweep_all,Dominant Key Attn,MLP,synthetic,seed,200,current_mixture,0.1,10,1e-12,width,0.0,9,d_eff,7.468895109691862,,14.444
ld10,sweep_all,Dominant Key Attn,MLP,synthetic,seed,200,current_mixture,0.1,10,1e-12,width,0.0,9,unstable_fraction,0.0,,0.025
ld10,sweep_all,Dominant Key Attn,MLP,synthetic,seed,200,current_mixture,0.1,10,1e-12,width,0.0,9,g_ibp,-0.06614661238445074,,0.025
ld10,sweep_all,Dominant Key Attn,MLP,synthetic,seed,200,current_mixture,0.1,10,1e-12,width,0.0,9,a_tau,5.2832037287379885,,2.281
ld10,sweep_all,Dominant Key Attn,MLP,synthetic,seed,200,current_mixture,0.1,10,1e-12,width,0.0,10,margin_hat_min,0.39972108602523804,,14.403
ld10,sweep_all,Dominant Key Attn,MLP,synthetic,seed,200,current_mixture,0.1,10,1e-12,width,0.0,10,d_eff,7.2254315953217985,,14.403
ld10,sweep_all,Dominant Key Attn,MLP,synthetic,seed,200,current_mixture,0.1,10,1e-12,width,0.0,10,unstable_fraction,0.0,,0.042
ld10,sweep_all,Dominant Key Attn,MLP,synthetic,seed,200,current_mixture,0.1,10,1e-12,width,0.0,10,g_ibp,-0.06614661238445074,,0.042
ld10,sweep_all,Dominant Key Attn,MLP,synthetic,seed,200,current_mixture,0.1,10,1e-12,width,0.0,10,a_tau,5.153291594497779,,2.396
ld10,sweep_all,Dominant Key Attn,MLP,synthetic,seed,200,current_mixture,0.1,10,1e-12,width,0.0,11,margin_hat_min,0.39972108602523804,,10.318
ld10,sweep_all,Dominant Key Attn,MLP,synthetic,seed,200,current_mixture,0.1,10,1e-12,width,0.0,11,d_eff,7.304425870416021,,10.318
ld10,sweep_all,Dominant Key Attn,MLP,synthetic,seed,200,current_mixture,0.1,10,1e-12,width,0.0,11,unstable_fraction,0.0,,0.002
ld10,sweep_all,Dominant Key Attn,MLP,synthetic,seed,200,current_mixture,0.1,10,1e-12,width,0.0,11,g_ibp,-0.06614661238445074,,0.002
ld10,sweep_all,Dominant Key Attn,MLP,synthetic,seed,200,current_mixture,0.1,10,1e-12,width,0.0,11,a_tau,5.327876168789581,,2.058
ld10,sweep_all,Dominant Key Attn,MLP,synthetic,seed,200,current_mixture,0.1,10,1e-12,width,0.0,12,margin_hat_min,0.39972108602523804,,5.655
ld10,sweep_all,Dominant Key Attn,MLP,synthetic,seed,200,current_mixture,0.1,10,1e-12,width,0.0,12,d_eff,7.593691769898797,,5.655
ld10,sweep_all,Dominant Key Attn,MLP,synthetic,seed,200,current_mixture,0.1,10,1e-12,width,0.0,12,unstable_fraction,0.0,,0.001
ld10,sweep_all,Dominant Key Attn,MLP,synthetic,seed,200,current_mixture,0.1,10,1e-12,width,0.0,12,g_ibp,-0.06614661238445074,,0.001
ld10,sweep_all,Dominant Key Attn,MLP,synthetic,seed,200,current_mixture,0.1,10,1e-12,width,0.0,12,a_tau,5.209486152841421,,0.401
ld10,sweep_all,Dominant Key Attn,MLP,synthetic,seed,200,current_mixture,0.1,10,1e-12,width,0.0,13,margin_hat_min,0.39972108602523804,,8.126
ld10,sweep_all,Dominant Key Attn,MLP,synthetic,seed,200,current_mixture,0.1,10,1e-12,width,0.0,13,d_eff,7.453256262913013,,8.126
ld10,sweep_all,Dominant Key Attn,MLP,synthetic,seed,200,current_mixture,0.1,10,1e-12,width,0.0,13,unstable_fraction,0.0,,0.026
ld10,sweep_all,Dominant Key Attn,MLP,synthetic,seed,200,current_mixture,0.1,10,1e-12,width,0.0,13,g_ibp,-0.06614661238445074,,0.026
ld10,sweep_all,Dominant Key Attn,MLP,synthetic,seed,200,current_mixture,0.1,10,1e-12,width,0.0,13,a_tau,5.332718793265369,,2.456
ld10,sweep_all,Dominant Key Attn,MLP,synthetic,seed,200,current_mixture,0.1,10,1e-12,width,0.0,14,margin_hat_min,0.39972108602523804,,12.57
ld10,sweep_all,Dominant Key Attn,MLP,synthetic,seed,200,current_mixture,0.1,10,1e-12,width,0.0,14,d_eff,7.556526628888348,,12.57
ld10,sweep_all,Dominant Key Attn,MLP,synthetic,seed,200,current_mixture,0.1,10,1e-12,width,0.0,14,unstable_fraction,0.0,,0.003
ld10,sweep_all,Dominant Key Attn,MLP,synthetic,seed,200,current_mixture,0.1,10,1e-12,width,0.0,14,g_ibp,-0.06614661238445074,,0.003
ld10,sweep_all,Dominant Key Attn,MLP,synthetic,seed,200,current_mixture,0.1,10,1e-12,width,0.0,14,a_tau,5.170483995038151,,0.93
ld10,sweep_all,Dominant Key Attn,MLP,synthetic,seed,200,current_mixture,0.1,10,1e-12,width,0.0,15,margin_hat_min,0.39972108602523804,,11.592
ld10,sweep_all,Dominant Key Attn,MLP,synthetic,seed,200,current_mixture,0.1,10,1e-12,width,0.0,15,d_eff,7.5239642593128675,,11.592
ld10,sweep_all,Dominant Key Attn,MLP,synthetic,seed,200,current_mixture,0.1,10,1e-12,width,0.0,15,unstable_fraction,0.0,,0.001
ld10,sweep_all,Dominant Key Attn,MLP,synthetic,seed,200,current_mixture,0.1,10,1e-12,width,0.0,15,g_ibp,-0.06614661238445074,,0.001
ld10,sweep_all,Dominant Key Attn,MLP,synthetic,seed,200,current_mixture,0.1,10,1e-12,width,0.0,15,a_tau,5.332718793265369,,1.3
ld9,sweep_all,Dominant Key Attn,MLP,synthetic,seed,200,current_mixture,0.1,10,1e-12,width,0.0,0,margin_hat_min,0.5711484551429749,,12.47
ld9,sweep_all,Dominant Key Attn,MLP,synthetic,seed,200,current_mixture,0.1,10,1e-12,width,0.0,0,d_eff,15.514039161818255,,12.47
ld9,sweep_all,Dominant Key Attn,MLP,synthetic,seed,200,current_mixture,0.1,10,1e-12,width,0.0,0,unstable_fraction,0.0,,0.001
ld9,sweep_all,Dominant Key Attn,MLP,synthetic,seed,200,current_mixture,0.1,10,1e-12,width,0.0,0,g_ibp,-0.07621053379656904,,0.001
ld9,sweep_all,Dominant Key Attn,MLP,synthetic,seed,200,current_mixture,0.1,10,1e-12,width,0.0,0,a_tau,5.5053315359323625,,3.469
ld9,sweep_all,Dominant Key Attn,MLP,synthetic,seed,200,current_mixture,0.1,10,1e-12,width,0.0,1,margin_hat_min,0.5711484551429749,,17.421
ld9,sweep_all,Dominant Key Attn,MLP,synthetic,seed,200,current_mixture,0.1,10,1e-12,width,0.0,1,d_eff,15.619957372051399,,17.421
ld9,sweep_all,Dominant Key Attn,MLP,synthetic,seed,200,current_mixture,0.1,10,1e-12,width,0.0,1,unstable_fraction,0.0,,0.001
ld9,sweep_all,Dominant Key Attn,MLP,synthetic,seed,200,current_mixture,0.1,10,1e-12,width,0.0,1,g_ibp,-0.07621053379656904,,0.001
ld9,sweep_all,Dominant Key Attn,MLP,synthetic,seed,200,current_mixture,0.1,10,1e-12,width,0.0,1,a_tau,5.365976015021851,,2.211
ld9,sweep_all,Dominant Key Attn,MLP,synthetic,seed,200,current_mixture,0.1,10,1e-12,width,0.0,2,margin_hat_min,0.5711484551429749,,19.234
ld9,sweep_all,Dominant Key Attn,MLP,synthetic,seed,200,current_mixture,0.1,10,1e-12,width,0.0,2,d_eff,15.668806883632524,,19.234
ld9,sweep_all,Dominant Key Attn,MLP,synthetic,seed,200,current_mixture,0.1,10,1e-12,width,0.0,2,unstable_fraction,0.0,,0.002
ld9,sweep_all,Dominant Key Attn,MLP,synthetic,seed,200,current_mixture,0.1,10,1e-12,width,0.0,2,g_ibp,-0.07621053379656904,,0.002
ld9,sweep_all,Dominant Key Attn,MLP,synthetic,seed,200,current_mixture,0.1,10,1e-12,width,0.0,2,a_tau,5.54907608489522,,1.099
ld9,sweep_all,Dominant Key Attn,MLP,synthetic,seed,200,current_mixture,0.1,10,1e-12,width,0.0,3,margin_hat_min,0.5711484551429749,,18.783
ld9,sweep_all,Dominant Key Attn,MLP,synthetic,seed,200,current_mixture,0.1,10,1e-12,width,0.0,3,d_eff,15.488785942102464,,18.783
ld9,sweep_all,Dominant Key Attn,MLP,synthetic,seed,200,current_mixture,0.1,10,1e-12,width,0.0,3,unstable_fraction,0.0,,0.001
ld9,sweep_all,Dominant Key Attn,MLP,synthetic,seed,200,current_mixture,0.1,10,1e-12,width,0.0,3,g_ibp,-0.07621053379656904,,0.001
ld9,sweep_all,Dominant Key Attn,MLP,synthetic,seed,200,current_mixture,0.1,10,1e-12,width,0.0,3,a_tau,5.579729825986222,,1.051
ld9,sweep_all,Dominant Key Attn,MLP,synthetic,seed,200,current_mixture,0.1,10,1e-12,width,0.0,4,margin_hat_min,0.5711484551429749,,16.128
ld9,sweep_all,Dominant Key Attn,MLP,synthetic,seed,200,current_mixture,0.1,10,1e-12,width,0.0,4,d_eff,15.50354168125838,,16.128
ld9,sweep_all,Dominant Key Attn,MLP,synthetic,seed,200,current_mixture,0.1,10,1e-12,width,0.0,4,unstable_fraction,0.0,,0.001
ld9,sweep_all,Dominant Key Attn,MLP,synthetic,seed,200,current_mixture,0.1,10,1e-12,width,0.0,4,g_ibp,-0.07621053379656904,,0.001
ld9,sweep_all,Dominant Key Attn,MLP,synthetic,seed,200,current_mixture,0.1,10,1e-12,width,0.0,4,a_tau,5.429345628954441,,1.89
ld9,sweep_all,Dominant Key Attn,MLP,synthetic,seed,200,current_mixture,0.1,10,1e-12,width,0.0,5,margin_hat_min,0.5711484551429749,,17.997
ld9,sweep_all,Dominant Key Attn,MLP,synthetic,seed,200,current_mixture,0.1,10,1e-12,width,0.0,5,d_eff,15.326128512538272,,17.997
ld9,sweep_all,Dominant Key Attn,MLP,synthetic,seed,200,current_mixture,0.1,10,1e-12,width,0.0,5,unstable_fraction,0.0,,0.002
ld9,sweep_all,Dominant Key Attn,MLP,synthetic,seed,200,current_mixture,0.1,10,1e-12,width,0.0,5,g_ibp,-0.07621053379656904,,0.002
ld9,sweep_all,Dominant Key Attn,MLP,synthetic,seed,200,current_mixture,0.1,10,1e-12,width,0.0,5,a_tau,5.521460917862246,,1.001
ld9,sweep_all,Dominant Key Attn,MLP,synthetic,seed,200,current_mixture,0.1,10,1e-12,width,0.0,6,margin_hat_min,0.5711484551429749,,17.866
ld9,sweep_all,Dominant Key Attn,MLP,synthetic,seed,200,current_mixture,0.1,10,1e-12,width,0.0,6,d_eff,15.848165395084532,,17.866
ld9,sweep_all,Dominant Key Attn,MLP,synthetic,seed,200,current_mixture,0.1,10,1e-12,width,0.0,6,unstable_fraction,0.0,,0.002
ld9,sweep_all,Dominant Key Attn,MLP,synthetic,seed,200,current_mixture,0.1,10,1e-12,width,0.0,6,g_ibp,-0.07621053379656904,,0.002
ld9,sweep_all,Dominant Key Attn,MLP,synthetic,seed,200,current_mixture,0.1,10,1e-12,width,0.0,6,a_tau,5.459585514144159,,1.042
ld9,sweep_all,Dominant Key Attn,MLP,synthetic,seed,200,current_mixture,0.1,10,1e-12,width,0.0,7,margin_hat_min,0.5711484551429749,,16.393
ld9,sweep_all,Dominant Key Attn,MLP,synthetic,seed,200,current_mixture,0.1,10,1e-12,width,0.0,7,d_eff,15.651774002216925,,16.393
ld9,sweep_all,Dominant Key Attn,MLP,synthetic,seed,200,current_mixture,0.1,10,1e-12,width,0.0,7,unstable_fraction,0.0,,0.002
ld9,sweep_all,Dominant Key Attn,MLP,synthetic,seed,200,current_mixture,0.1,10,1e-12,width,0.0,7,g_ibp,-0.07621053379656904,,0.002
ld9,sweep_all,Dominant Key Attn,MLP,synthetic,seed,200,current_mixture,0.1,10,1e-12,width,0.0,7,a_tau,5.44673737166631,,1.073
ld9,sweep_all,Dominant Key Attn,MLP,synthetic,seed,200,current_mixture,0.1,10,1e-12,width,0.0,8,margin_hat_min,0.5711484551429749,,17.04
ld9,sweep_all,Dominant Key Attn,MLP,synthetic,seed,200,current_mixture,0.1,10,1e-12,width,0.0,8,d_eff,15.399303924155019,,17.04
ld9,sweep_all,Dominant Key Attn,MLP,synthetic,seed,200,current_mixture,0.1,10,1e-12,width,0.0,8,unstable_fraction,0.0,,0.002
ld9,sweep_all,Dominant Key Attn,MLP,synthetic,seed,200,current_mixture,0.1,10,1e-12,width,0.0,8,g_ibp,-0.07621053379656904,,0.002
ld9,sweep_all,Dominant Key Attn,MLP,synthetic,seed,200,current_mixture,0.1,10,1e-12,width,0.0,8,a_tau,5.583496308781699,,1.311
ld9,sweep_all,Dominant Key Attn,MLP,synthetic,seed,200,current_mixture,0.1,10,1e-12,width,0.0,9,margin_hat_min,0.5711484551429749,,12.878
ld9,sweep_all,Dominant Key Attn,MLP,synthetic,seed,200,current_mixture,0.1,10,1e-12,width,0.0,9,d_eff,15.681860771342388,,12.878
ld9,sweep_all,Dominant Key Attn,MLP,synthetic,seed,200,current_mixture,0.1,10,1e-12,width,0.0,9,unstable_fraction,0.0,,0.002
ld9,sweep_all,Dominant Key Attn,MLP,synthetic,seed,200,current_mixture,0.1,10,1e-12,width,0.0,9,g_ibp,-0.07621053379656904,,0.002
ld9,sweep_all,Dominant Key Attn,MLP,synthetic,seed,200,current_mixture,0.1,10,1e-12,width,0.0,9,a_tau,5.575949103146316,,1.968
ld9,sweep_all,Dominant Key Attn,MLP,synthetic,seed,200,current_mixture,0.1,10,1e-12,width,0.0,10,margin_hat_min,0.5711484551429749,,15.597
ld9,sweep_all,Dominant Key Attn,MLP,synthetic,seed,200,current_mixture,0.1,10,1e-12,width,0.0,10,d_eff,15.436001323955468,,15.597
ld9,sweep_all,Dominant Key Attn,MLP,synthetic,seed,200,current_mixture,0.1,10,1e-12,width,0.0,10,unstable_fraction,0.0,,0.002
ld9,sweep_all,Dominant Key Attn,MLP,synthetic,seed,200,current_mixture,0.1,10,1e-12,width,0.0,10,g_ibp,-0.07621053379656904,,0.002
ld9,sweep_all,Dominant Key Attn,MLP,synthetic,seed,200,current_mixture,0.1,10,1e-12,width,0.0,10,a_tau,5.488937726156687,,1.07
ld9,sweep_all,Dominant Key Attn,MLP,synthetic,seed,200,current_mixture,0.1,10,1e-12,width,0.0,11,margin_hat_min,0.5711484551429749,,14.544
ld9,sweep_all,Dominant Key Attn,MLP,synthetic,seed,200,current_mixture,0.1,10,1e-12,width,0.0,11,d_eff,15.34491071591118,,14.544
ld9,sweep_all,Dominant Key Attn,MLP,synthetic,seed,200,current_mixture,0.1,10,1e-12,width,0.0,11,unstable_fraction,0.0,,0.002
ld9,sweep_all,Dominant Key Attn,MLP,synthetic,seed,200,current_mixture,0.1,10,1e-12,width,0.0,11,g_ibp,-0.07621053379656904,,0.002
ld9,sweep_all,Dominant Key Attn,MLP,synthetic,seed,200,current_mixture,0.1,10,1e-12,width,0.0,11,a_tau,5.517452896464707,,1.224
ld9,sweep_all,Dominant Key Attn,MLP,synthetic,seed,200,current_mixture,0.1,10,1e-12,width,0.0,12,margin_hat_min,0.5711484551429749,,13.35
ld9,sweep_all,Dominant Key Attn,MLP,synthetic,seed,200,current_mixture,0.1,10,1e-12,width,0.0,12,d_eff,14.97818488155502,,13.35
ld9,sweep_all,Dominant Key Attn,MLP,synthetic,seed,200,current_mixture,0.1,10,1e-12,width,0.0,12,unstable_fraction,0.0,,0.018
ld9,sweep_all,Dominant Key Attn,MLP,synthetic,seed,200,current_mixture,0.1,10,1e-12,width,0.0,12,g_ibp,-0.07621053379656904,,0.018
ld9,sweep_all,Dominant Key Attn,MLP,synthetic,seed,200,current_mixture,0.1,10,1e-12,width,0.0,12,a_tau,5.4638318050256105,,1.219
ld9,sweep_all,Dominant Key Attn,MLP,synthetic,seed,200,current_mixture,0.1,10,1e-12,width,0.0,13,margin_hat_min,0.5711484551429749,,12.001
ld9,sweep_all,Dominant Key Attn,MLP,synthetic,seed,200,current_mixture,0.1,10,1e-12,width,0.0,13,d_eff,15.41162080564211,,12.001
ld9,sweep_all,Dominant Key Attn,MLP,synthetic,seed,200,current_mixture,0.1,10,1e-12,width,0.0,13,unstable_fraction,0.0,,0.001
ld9,sweep_all,Dominant Key Attn,MLP,synthetic,seed,200,current_mixture,0.1,10,1e-12,width,0.0,13,g_ibp,-0.07621053379656904,,0.001
ld9,sweep_all,Dominant Key Attn,MLP,synthetic,seed,200,current_mixture,0.1,10,1e-12,width,0.0,13,a_tau,5.517452896464707,,1.14
ld9,sweep_all,Dominant Key Attn,MLP,synthetic,seed,200,current_mixture,0.1,10,1e-12,width,0.0,14,margin_hat_min,0.5711484551429749,,10.182
ld9,sweep_all,Dominant Key Attn,MLP,synthetic,seed,200,current_mixture,0.1,10,1e-12,width,0.0,14,d_eff,15.520426270850427,,10.182
ld9,sweep_all,Dominant Key Attn,MLP,synthetic,seed,200,current_mixture,0.1,10,1e-12,width,0.0,14,unstable_fraction,0.0,,0.018
ld9,sweep_all,Dominant Key Attn,MLP,synthetic,seed,200,current_mixture,0.1,10,1e-12,width,0.0,14,g_ibp,-0.07621053379656904,,0.018
ld9,sweep_all,Dominant Key Attn,MLP,synthetic,seed,200,current_mixture,0.1,10,1e-12,width,0.0,14,a_tau,5.572154032177765,,1.032
ld9,sweep_all,Dominant Key Attn,MLP,synthetic,seed,200,current_mixture,0.1,10,1e-12,width,0.0,15,margin_hat_min,0.5711484551429749,,10.04
ld9,sweep_all,Dominant Key Attn,MLP,synthetic,seed,200,current_mixture,0.1,10,1e-12,width,0.0,15,d_eff,15.499008648018123,,10.04
ld9,sweep_all,Dominant Key Attn,MLP,synthetic,seed,200,current_mixture,0.1,10,1e-12,width,0.0,15,unstable_fraction,0.0,,0.001
ld9,sweep_all,Dominant Key Attn,MLP,synthetic,seed,200,current_mixture,0.1,10,1e-12,width,0.0,15,g_ibp,-0.07621053379656904,,0.001
ld9,sweep_all,Dominant Key Attn,MLP,synthetic,seed,200,current_mixture,0.1,10,1e-12,width,0.0,15,a_tau,5.616771097666572,,0.976
ld11,sweep_all,Dominant Key Attn,MLP,synthetic,seed,200,current_mixture,0.1,10,1e-12,width,0.0,0,margin_hat_min,0.4478011131286621,,8.44
ld11,sweep_all,Dominant Key Attn,MLP,synthetic,seed,200,current_mixture,0.1,10,1e-12,width,0.0,0,d_eff,14.0296531018273,,8.44
ld11,sweep_all,Dominant Key Attn,MLP,synthetic,seed,200,current_mixture,0.1,10,1e-12,width,0.0,0,unstable_fraction,0.0,,0.001
ld11,sweep_all,Dominant Key Attn,MLP,synthetic,seed,200,current_mixture,0.1,10,1e-12,width,0.0,0,g_ibp,-0.15509454726636554,,0.001
ld11,sweep_all,Dominant Key Attn,MLP,synthetic,seed,200,current_mixture,0.1,10,1e-12,width,0.0,0,a_tau,5.472270673671475,,0.957
ld11,sweep_all,Dominant Key Attn,MLP,synthetic,seed,200,current_mixture,0.1,10,1e-12,width,0.0,1,margin_hat_min,0.4478011131286621,,7.378
ld11,sweep_all,Dominant Key Attn,MLP,synthetic,seed,200,current_mixture,0.1,10,1e-12,width,0.0,1,d_eff,14.391163346862179,,7.378
ld11,sweep_all,Dominant Key Attn,MLP,synthetic,seed,200,current_mixture,0.1,10,1e-12,width,0.0,1,unstable_fraction,0.0,,0.001
ld11,sweep_all,Dominant Key Attn,MLP,synthetic,seed,200,current_mixture,0.1,10,1e-12,width,0.0,1,g_ibp,-0.15509454726636554,,0.001
ld11,sweep_all,Dominant Key Attn,MLP,synthetic,seed,200,current_mixture,0.1,10,1e-12,width,0.0,1,a_tau,5.459585514144159,,0.868
ld11,sweep_all,Dominant Key Attn,MLP,synthetic,seed,200,current_mixture,0.1,10,1e-12,width,0.0,2,margin_hat_min,0.4478011131286621,,5.137
ld11,sweep_all,Dominant Key Attn,MLP,synthetic,seed,200,current_mixture,0.1,10,1e-12,width,0.0,2,d_eff,14.314429828316083,,5.137
ld11,sweep_all,Dominant Key Attn,MLP,synthetic,seed,200,current_mixture,0.1,10,1e-12,width,0.0,2,unstable_fraction,0.0,,0.001
ld11,sweep_all,Dominant Key Attn,MLP,synthetic,seed,200,current_mixture,0.1,10,1e-12,width,0.0,2,g_ibp,-0.15509454726636554,,0.001
ld11,sweep_all,Dominant Key Attn,MLP,synthetic,seed,200,current_mixture,0.1,10,1e-12,width,0.0,2,a_tau,5.583496308781699,,0.86
ld11,sweep_all,Dominant Key Attn,MLP,synthetic,seed,200,current_mixture,0.1,10,1e-12,width,0.0,3,margin_hat_min,0.4478011131286621,,5.143
ld11,sweep_all,Dominant Key Attn,MLP,synthetic,seed,200,current_mixture,0.1,10,1e-12,width,0.0,3,d_eff,14.497697168306955,,5.143
ld11,sweep_all,Dominant Key Attn,MLP,synthetic,seed,200,current_mixture,0.1,10,1e-12,width,0.0,3,unstable_fraction,0.0,,0.001
ld11,sweep_all,Dominant Key Attn,MLP,synthetic,seed,200,current_mixture,0.1,10,1e-12,width,0.0,3,g_ibp,-0.15509454726636554,,0.001
ld11,sweep_all,Dominant Key Attn,MLP,synthetic,seed,200,current_mixture,0.1,10,1e-12,width,0.0,3,a_tau,5.455321115357702,,0.815
ld11,sweep_all,Dominant Key Attn,MLP,synthetic,seed,200,current_mixture,0.1,10,1e-12,width,0.0,4,margin_hat_min,0.4478011131286621,,5.367
ld11,sweep_all,Dominant Key Attn,MLP,synthetic,seed,200,current_mixture,0.1,10,1e-12,width,0.0,4,d_eff,14.444344169595734,,5.367
ld11,sweep_all,Dominant Key Attn,MLP,synthetic,seed,200,current_mixture,0.1,10,1e-12,width,0.0,4,unstable_fraction,0.0,,0.001
ld11,sweep_all,Dominant Key Attn,MLP,synthetic,seed,200,current_mixture,0.1,10,1e-12,width,0.0,4,g_ibp,-0.15509454726636554,,0.001
ld11,sweep_all,Dominant Key Attn,MLP,synthetic,seed,200,current_mixture,0.1,10,1e-12,width,0.0,4,a_tau,5.594711379601839,,0.691
ld11,sweep_all,Dominant Key Attn,MLP,synthetic,seed,200,current_mixture,0.1,10,1e-12,width,0.0,5,margin_hat_min,0.4478011131286621,,4.484
ld11,sweep_all,Dominant Key Attn,MLP,synthetic,seed,200,current_mixture,0.1,10,1e-12,width,0.0,5,d_eff,14.321692849799485,,4.484
ld11,sweep_all,Dominant Key Attn,MLP,synthetic,seed,200,current_mixture,0.1,10,1e-12,width,0.0,5,unstable_fraction,0.0,,0.002
ld11,sweep_all,Dominant Key Attn,MLP,synthetic,seed,200,current_mixture,0.1,10,1e-12,width,0.0,5,g_ibp,-0.15509454726636554,,0.002
ld11,sweep_all,Dominant Key Attn,MLP,synthetic,seed,200,current_mixture,0.1,10,1e-12,width,0.0,5,a_tau,5.375278407684165,,0.634
ld11,sweep_all,Dominant Key Attn,MLP,synthetic,seed,200,current_mixture,0.1,10,1e-12,width,0.0,6,margin_hat_min,0.4478011131286621,,4.334
ld11,sweep_all,Dominant Key Attn,MLP,synthetic,seed,200,current_mixture,0.1,10,1e-12,width,0.0,6,d_eff,14.131258172192828,,4.334
ld11,sweep_all,Dominant Key Attn,MLP,synthetic,seed,200,current_mixture,0.1,10,1e-12,width,0.0,6,unstable_fraction,0.0,,0.001
ld11,sweep_all,Dominant Key Attn,MLP,synthetic,seed,200,current_mixture,0.1,10,1e-12,width,0.0,6,g_ibp,-0.15509454726636554,,0.001
ld11,sweep_all,Dominant Key Attn,MLP,synthetic,seed,200,current_mixture,0.1,10,1e-12,width,0.0,6,a_tau,5.529429087511423,,0.656
ld11,sweep_all,Dominant Key Attn,MLP,synthetic,seed,200,current_mixture,0.1,10,1e-12,width,0.0,7,margin_hat_min,0.4478011131286621,,4.252
ld11,sweep_all,Dominant Key Attn,MLP,synthetic,seed,200,current_mixture,0.1,10,1e-12,width,0.0,7,d_eff,14.17270619927323,,4.252
ld11,sweep_all,Dominant Key Attn,MLP,synthetic,seed,200,current_mixture,0.1,10,1e-12,width,0.0,7,unstable_fraction,0.0,,0.001
ld11,sweep_all,Dominant Key Attn,MLP,synthetic,seed,200,current_mixture,0.1,10,1e-12,width,0.0,7,g_ibp,-0.15509454726636554,,0.001
ld11,sweep_all,Dominant Key Attn,MLP,synthetic,seed,200,current_mixture,0.1,10,1e-12,width,0.0,7,a_tau,5.365976015021851,,0.645
ld11,sweep_all,Dominant Key Attn,MLP,synthetic,seed,200,current_mixture,0.1,10,1e-12,width,0.0,8,margin_hat_min,0.4478011131286621,,4.444
ld11,sweep_all,Dominant Key Attn,MLP,synthetic,seed,200,current_mixture,0.1,10,1e-12,width,0.0,8,d_eff,14.212868677147297,,4.444
ld11,sweep_all,Dominant Key Attn,MLP,synthetic,seed,200,current_mixture,0.1,10,1e-12,width,0.0,8,unstable_fraction,0.0,,0.001
ld11,sweep_all,Dominant Key Attn,MLP,synthetic,seed,200,current_mixture,0.1,10,1e-12,width,0.0,8,g_ibp,-0.15509454726636554,,0.001
ld11,sweep_all,Dominant Key Attn,MLP,synthetic,seed,200,current_mixture,0.1,10,1e-12,width,0.0,8,a_tau,5.351858133476067,,0.608
ld11,sweep_all,Dominant Key Attn,MLP,synthetic,seed,200,current_mixture,0.1,10,1e-12,width,0.0,9,margin_hat_min,0.4478011131286621,,3.758
ld11,sweep_all,Dominant Key Attn,MLP,synthetic,seed,200,current_mixture,0.1,10,1e-12,width,0.0,9,d_eff,14.426552741422434,,3.758
ld11,sweep_all,Dominant Key Attn,MLP,synthetic,seed,200,current_mixture,0.1,10,1e-12,width,0.0,9,unstable_fraction,0.0,,0.001
ld11,sweep_all,Dominant Key Attn,MLP,synthetic,seed,200,current_mixture,0.1,10,1e-12,width,0.0,9,g_ibp,-0.15509454726636554,,0.001
ld11,sweep_all,Dominant Key Attn,MLP,synthetic,seed,200,current_mixture,0.1,10,1e-12,width,0.0,9,a_tau,5.545177444479562,,0.526
ld11,sweep_all,Dominant Key Attn,MLP,synthetic,seed,200,current_mixture,0.1,10,1e-12,width,0.0,10,margin_hat_min,0.4478011131286621,,3.955
ld11,sweep_all,Dominant Key Attn,MLP,synthetic,seed,200,current_mixture,0.1,10,1e-12,width,0.0,10,d_eff,14.917190686127284,,3.955
ld11,sweep_all,Dominant Key Attn,MLP,synthetic,seed,200,current_mixture,0.1,10,1e-12,width,0.0,10,unstable_fraction,0.0,,0.001
ld11,sweep_all,Dominant Key Attn,MLP,synthetic,seed,200,current_mixture,0.1,10,1e-12,width,0.0,10,g_ibp,-0.15509454726636554,,0.001
ld11,sweep_all,Dominant Key Attn,MLP,synthetic,seed,200,current_mixture,0.1,10,1e-12,width,0.0,10,a_tau,5.497168225293202,,0.582
ld11,sweep_all,Dominant Key Attn,MLP,synthetic,seed,200,current_mixture,0.1,10,1e-12,width,0.0,11,margin_hat_min,0.4478011131286621,,3.542
ld11,sweep_all,Dominant Key Attn,MLP,synthetic,seed,200,current_mixture,0.1,10,1e-12,width,0.0,11,d_eff,14.56470351245405,,3.542
ld11,sweep_all,Dominant Key Attn,MLP,synthetic,seed,200,current_mixture,0.1,10,1e-12,width,0.0,11,unstable_fraction,0.0,,0.001
ld11,sweep_all,Dominant Key Attn,MLP,synthetic,seed,200,current_mixture,0.1,10,1e-12,width,0.0,11,g_ibp,-0.15509454726636554,,0.001
ld11,sweep_all,Dominant Key Attn,MLP,synthetic,seed,200,current_mixture,0.1,10,1e-12,width,0.0,11,a_tau,5.375278407684165,,0.451
ld11,sweep_all,Dominant Key Attn,MLP,synthetic,seed,200,current_mixture,0.1,10,1e-12,width,0.0,12,margin_hat_min,0.4478011131286621,,3.813
ld11,sweep_all,Dominant Key Attn,MLP,synthetic,seed,200,current_mixture,0.1,10,1e-12,width,0.0,12,d_eff,14.466084674862518,,3.813
ld11,sweep_all,Dominant Key Attn,MLP,synthetic,seed,200,current_mixture,0.1,10,1e-12,width,0.0,12,unstable_fraction,0.0,,0.001
ld11,sweep_all,Dominant Key Attn,MLP,synthetic,seed,200,current_mixture,0.1,10,1e-12,width,0.0,12,g_ibp,-0.15509454726636554,,0.001
ld11,sweep_all,Dominant Key Attn,MLP,synthetic,seed,200,current_mixture,0.1,10,1e-12,width,0.0,12,a_tau,5.43372200355424,,0.576
ld11,sweep_all,Dominant Key Attn,MLP,synthetic,seed,200,current_mixture,0.1,10,1e-12,width,0.0,13,margin_hat_min,0.4478011131286621,,3.46
ld11,sweep_all,Dominant Key Attn,MLP,synthetic,seed,200,current_mixture,0.1,10,1e-12,width,0.0,13,d_eff,14.392737883113167,,3.46
ld11,sweep_all,Dominant Key Attn,MLP,synthetic,seed,200,current_mixture,0.1,10,1e-12,width,0.0,13,unstable_fraction,0.0,,0.001
ld11,sweep_all,Dominant Key Attn,MLP,synthetic,seed,200,current_mixture,0.1,10,1e-12,width,0.0,13,g_ibp,-0.15509454726636554,,0.001
ld11,sweep_all,Dominant Key Attn,MLP,synthetic,seed,200,current_mixture,0.1,10,1e-12,width,0.0,13,a_tau,5.389071729816501,,0.606
ld11,sweep_all,Dominant Key Attn,MLP,synthetic,seed,200,current_mixture,0.1,10,1e-12,width,0.0,14,margin_hat_min,0.4478011131286621,,4.18
ld11,sweep_all,Dominant Key Attn,MLP,synthetic,seed,200,current_mixture,0.1,10,1e-12,width,0.0,14,d_eff,14.204420353334953,,4.18
ld11,sweep_all,Dominant Key Attn,MLP,synthetic,seed,200,current_mixture,0.1,10,1e-12,width,0.0,14,unstable_fraction,0.0,,0.001
ld11,sweep_all,Dominant Key Attn,MLP,synthetic,seed,200,current_mixture,0.1,10,1e-12,width,0.0,14,g_ibp,-0.15509454726636554,,0.001
ld11,sweep_all,Dominant Key Attn,MLP,synthetic,seed,200,current_mixture,0.1,10,1e-12,width,0.0,14,a_tau,5.313205979041787,,0.558
ld11,sweep_all,Dominant Key Attn,MLP,synthetic,seed,200,current_mixture,0.1,10,1e-12,width,0.0,15,margin_hat_min,0.4478011131286621,,3.808
ld11,sweep_all,Dominant Key Attn,MLP,synthetic,seed,200,current_mixture,0.1,10,1e-12,width,0.0,15,d_eff,14.593166488751397,,3.808
ld11,sweep_all,Dominant Key Attn,MLP,synthetic,seed,200,current_mixture,0.1,10,1e-12,width,0.0,15,unstable_fraction,0.0,,0.001
ld11,sweep_all,Dominant Key Attn,MLP,synthetic,seed,200,current_mixture,0.1,10,1e-12,width,0.0,15,g_ibp,-0.15509454726636554,,0.001
ld11,sweep_all,Dominant Key Attn,MLP,synthetic,seed,200,current_mixture,0.1,10,1e-12,width,0.0,15,a_tau,5.37989735354046,,0.577
fp9,sweep_all,Fixed Order Attn,ATTENTION,synthetic,seed,200,current_mixture,0.1,10,1e-12,width,0.0,0,margin_hat_min,1.8341386318206787,,16.65
fp9,sweep_all,Fixed Order Attn,ATTENTION,synthetic,seed,200,current_mixture,0.1,10,1e-12,width,0.0,0,d_eff,70.08474774461104,,16.65
fp9,sweep_all,Fixed Order Attn,ATTENTION,synthetic,seed,200,current_mixture,0.1,10,1e-12,width,0.0,0,unstable_fraction,1.0,,0.002
fp9,sweep_all,Fixed Order Attn,ATTENTION,synthetic,seed,200,current_mixture,0.1,10,1e-12,width,0.0,0,g_ibp,0.025389886954705,,0.002
fp9,sweep_all,Fixed Order Attn,ATTENTION,synthetic,seed,200,current_mixture,0.1,10,1e-12,width,0.0,0,a_tau,1.791759469228055,,2.093
fp9,sweep_all,Fixed Order Attn,ATTENTION,synthetic,seed,200,current_mixture,0.1,10,1e-12,width,0.0,1,margin_hat_min,1.8341386318206787,,20.759
fp9,sweep_all,Fixed Order Attn,ATTENTION,synthetic,seed,200,current_mixture,0.1,10,1e-12,width,0.0,1,d_eff,70.0713250308091,,20.759
fp9,sweep_all,Fixed Order Attn,ATTENTION,synthetic,seed,200,current_mixture,0.1,10,1e-12,width,0.0,1,unstable_fraction,1.0,,0.002
fp9,sweep_all,Fixed Order Attn,ATTENTION,synthetic,seed,200,current_mixture,0.1,10,1e-12,width,0.0,1,g_ibp,0.025389886954705,,0.002
fp9,sweep_all,Fixed Order Attn,ATTENTION,synthetic,seed,200,current_mixture,0.1,10,1e-12,width,0.0,1,a_tau,2.1972245773362196,,2.682
fp9,sweep_all,Fixed Order Attn,ATTENTION,synthetic,seed,200,current_mixture,0.1,10,1e-12,width,0.0,2,margin_hat_min,1.8341386318206787,,20.088
fp9,sweep_all,Fixed Order Attn,ATTENTION,synthetic,seed,200,current_mixture,0.1,10,1e-12,width,0.0,2,d_eff,70.10341051792265,,20.088
fp9,sweep_all,Fixed Order Attn,ATTENTION,synthetic,seed,200,current_mixture,0.1,10,1e-12,width,0.0,2,unstable_fraction,1.0,,0.002
fp9,sweep_all,Fixed Order Attn,ATTENTION,synthetic,seed,200,current_mixture,0.1,10,1e-12,width,0.0,2,g_ibp,0.025389886954705,,0.002
fp9,sweep_all,Fixed Order Attn,ATTENTION,synthetic,seed,200,current_mixture,0.1,10,1e-12,width,0.0,2,a_tau,1.6094379124341003,,2.587
fp9,sweep_all,Fixed Order Attn,ATTENTION,synthetic,seed,200,current_mixture,0.1,10,1e-12,width,0.0,3,margin_hat_min,1.8341386318206787,,15.453
fp9,sweep_all,Fixed Order Attn,ATTENTION,synthetic,seed,200,current_mixture,0.1,10,1e-12,width,0.0,3,d_eff,70.09952066382105,,15.453
fp9,sweep_all,Fixed Order Attn,ATTENTION,synthetic,seed,200,current_mixture,0.1,10,1e-12,width,0.0,3,unstable_fraction,1.0,,0.002
fp9,sweep_all,Fixed Order Attn,ATTENTION,synthetic,seed,200,current_mixture,0.1,10,1e-12,width,0.0,3,g_ibp,0.025389886954705,,0.002
fp9,sweep_all,Fixed Order Attn,ATTENTION,synthetic,seed,200,current_mixture,0.1,10,1e-12,width,0.0,3,a_tau,0.6931471805599453,,1.977
fp9,sweep_all,Fixed Order Attn,ATTENTION,synthetic,seed,200,current_mixture,0.1,10,1e-12,width,0.0,4,margin_hat_min,1.8341386318206787,,20.455
fp9,sweep_all,Fixed Order Attn,ATTENTION,synthetic,seed,200,current_mixture,0.1,10,1e-12,width,0.0,4,d_eff,70.08623510318695,,20.455
fp9,sweep_all,Fixed Order Attn,ATTENTION,synthetic,seed,200,current_mixture,0.1,10,1e-12,width,0.0,4,unstable_fraction,1.0,,0.003
fp9,sweep_all,Fixed Order Attn,ATTENTION,synthetic,seed,200,current_mixture,0.1,10,1e-12,width,0.0,4,g_ibp,0.025389886954705,,0.003
fp9,sweep_all,Fixed Order Attn,ATTENTION,synthetic,seed,200,current_mixture,0.1,10,1e-12,width,0.0,4,a_tau,2.3978952727983707,,2.602
fp9,sweep_all,Fixed Order Attn,ATTENTION,synthetic,seed,200,current_mixture,0.1,10,1e-12,width,0.0,5,margin_hat_min,1.8341386318206787,,15.666
fp9,sweep_all,Fixed Order Attn,ATTENTION,synthetic,seed,200,current_mixture,0.1,10,1e-12,width,0.0,5,d_eff,70.10226269412675,,15.666
fp9,sweep_all,Fixed Order Attn,ATTENTION,synthetic,seed,200,current_mixture,0.1,10,1e-12,width,0.0,5,unstable_fraction,1.0,,0.002
fp9,sweep_all,Fixed Order Attn,ATTENTION,synthetic,seed,200,current_mixture,0.1,10,1e-12,width,0.0,5,g_ibp,0.025389886954705,,0.002
fp9,sweep_all,Fixed Order Attn,ATTENTION,synthetic,seed,200,current_mixture,0.1,10,1e-12,width,0.0,5,a_tau,0.6931471805599453,,2.172
fp9,sweep_all,Fixed Order Attn,ATTENTION,synthetic,seed,200,current_mixture,0.1,10,1e-12,width,0.0,6,margin_hat_min,1.8341386318206787,,16.037
fp9,sweep_all,Fixed Order Attn,ATTENTION,synthetic,seed,200,current_mixture,0.1,10,1e-12,width,0.0,6,d_eff,70.10137014068586,,16.037
fp9,sweep_all,Fixed Order Attn,ATTENTION,synthetic,seed,200,current_mixture,0.1,10,1e-12,width,0.0,6,unstable_fraction,1.0,,0.003
fp9,sweep_all,Fixed Order Attn,ATTENTION,synthetic,seed,200,current_mixture,0.1,10,1e-12,width,0.0,6,g_ibp,0.025389886954705,,0.003
fp9,sweep_all,Fixed Order Attn,ATTENTION,synthetic,seed,200,current_mixture,0.1,10,1e-12,width,0.0,6,a_tau,1.0986122886681098,,2.218
fp9,sweep_all,Fixed Order Attn,ATTENTION,synthetic,seed,200,current_mixture,0.1,10,1e-12,width,0.0,7,margin_hat_min,1.8341386318206787,,20.27
fp9,sweep_all,Fixed Order Attn,ATTENTION,synthetic,seed,200,current_mixture,0.1,10,1e-12,width,0.0,7,d_eff,70.093364210997,,20.27
fp9,sweep_all,Fixed Order Attn,ATTENTION,synthetic,seed,200,current_mixture,0.1,10,1e-12,width,0.0,7,unstable_fraction,1.0,,0.002
fp9,sweep_all,Fixed Order Attn,ATTENTION,synthetic,seed,200,current_mixture,0.1,10,1e-12,width,0.0,7,g_ibp,0.025389886954705,,0.002
fp9,sweep_all,Fixed Order Attn,ATTENTION,synthetic,seed,200,current_mixture,0.1,10,1e-12,width,0.0,7,a_tau,0.6931471805599453,,2.711
fp9,sweep_all,Fixed Order Attn,ATTENTION,synthetic,seed,200,current_mixture,0.1,10,1e-12,width,0.0,8,margin_hat_min,1.8341386318206787,,17.506
fp9,sweep_all,Fixed Order Attn,ATTENTION,synthetic,seed,200,current_mixture,0.1,10,1e-12,width,0.0,8,d_eff,70.1123481179963,,17.506
fp9,sweep_all,Fixed Order Attn,ATTENTION,synthetic,seed,200,current_mixture,0.1,10,1e-12,width,0.0,8,unstable_fraction,1.0,,0.002
fp9,sweep_all,Fixed Order Attn,ATTENTION,synthetic,seed,200,current_mixture,0.1,10,1e-12,width,0.0,8,g_ibp,0.025389886954705,,0.002
fp9,sweep_all,Fixed Order Attn,ATTENTION,synthetic,seed,200,current_mixture,0.1,10,1e-12,width,0.0,8,a_tau,1.791759469228055,,2.162
fp9,sweep_all,Fixed Order Attn,ATTENTION,synthetic,seed,200,current_mixture,0.1,10,1e-12,width,0.0,9,margin_hat_min,1.8341386318206787,,20.182
fp9,sweep_all,Fixed Order Attn,ATTENTION,synthetic,seed,200,current_mixture,0.1,10,1e-12,width,0.0,9,d_eff,70.08394338781916,,20.182
fp9,sweep_all,Fixed Order Attn,ATTENTION,synthetic,seed,200,current_mixture,0.1,10,1e-12,width,0.0,9,unstable_fraction,1.0,,0.002
fp9,sweep_all,Fixed Order Attn,ATTENTION,synthetic,seed,200,current_mixture,0.1,10,1e-12,width,0.0,9,g_ibp,0.025389886954705,,0.002
fp9,sweep_all,Fixed Order Attn,ATTENTION,synthetic,seed,200,current_mixture,0.1,10,1e-12,width,0.0,9,a_tau,1.9459101490553132,,2.771
fp9,sweep_all,Fixed Order Attn,ATTENTION,synthetic,seed,200,current_mixture,0.1,10,1e-12,width,0.0,10,margin_hat_min,1.8341386318206787,,19.742
fp9,sweep_all,Fixed Order Attn,ATTENTION,synthetic,seed,200,current_mixture,0.1,10,1e-12,width,0.0,10,d_eff,70.10139347045482,,19.742
fp9,sweep_all,Fixed Order Attn,ATTENTION,synthetic,seed,200,current_mixture,0.1,10,1e-12,width,0.0,10,unstable_fraction,1.0,,0.002
fp9,sweep_all,Fixed Order Attn,ATTENTION,synthetic,seed,200,current_mixture,0.1,10,1e-12,width,0.0,10,g_ibp,0.025389886954705,,0.002
fp9,sweep_all,Fixed Order Attn,ATTENTION,synthetic,seed,200,current_mixture,0.1,10,1e-12,width,0.0,10,a_tau,0.0,,2.609
fp9,sweep_all,Fixed Order Attn,ATTENTION,synthetic,seed,200,current_mixture,0.1,10,1e-12,width,0.0,11,margin_hat_min,1.8341386318206787,,20.163
fp9,sweep_all,Fixed Order Attn,ATTENTION,synthetic,seed,200,current_mixture,0.1,10,1e-12,width,0.0,11,d_eff,70.08091427577914,,20.163
fp9,sweep_all,Fixed Order Attn,ATTENTION,synthetic,seed,200,current_mixture,0.1,10,1e-12,width,0.0,11,unstable_fraction,1.0,,0.002
fp9,sweep_all,Fixed Order Attn,ATTENTION,synthetic,seed,200,current_mixture,0.1,10,1e-12,width,0.0,11,g_ibp,0.025389886954705,,0.002
fp9,sweep_all,Fixed Order Attn,ATTENTION,synthetic,seed,200,current_mixture,0.1,10,1e-12,width,0.0,11,a_tau,1.791759469228055,,2.821
fp9,sweep_all,Fixed Order Attn,ATTENTION,synthetic,seed,200,current_mixture,0.1,10,1e-12,width,0.0,12,margin_hat_min,1.8341386318206787,,20.197
fp9,sweep_all,Fixed Order Attn,ATTENTION,synthetic,seed,200,current_mixture,0.1,10,1e-12,width,0.0,12,d_eff,70.11157681595296,,20.197
fp9,sweep_all,Fixed Order Attn,ATTENTION,synthetic,seed,200,current_mixture,0.1,10,1e-12,width,0.0,12,unstable_fraction,1.0,,0.002
fp9,sweep_all,Fixed Order Attn,ATTENTION,synthetic,seed,200,current_mixture,0.1,10,1e-12,width,0.0,12,g_ibp,0.025389886954705,,0.002
fp9,sweep_all,Fixed Order Attn,ATTENTION,synthetic,seed,200,current_mixture,0.1,10,1e-12,width,0.0,12,a_tau,1.791759469228055,,2.86
fp9,sweep_all,Fixed Order Attn,ATTENTION,synthetic,seed,200,current_mixture,0.1,10,1e-12,width,0.0,13,margin_hat_min,1.8341386318206787,,19.31
fp9,sweep_all,Fixed Order Attn,ATTENTION,synthetic,seed,200,current_mixture,0.1,10,1e-12,width,0.0,13,d_eff,70.09173517037124,,19.31
fp9,sweep_all,Fixed Order Attn,ATTENTION,synthetic,seed,200,current_mixture,0.1,10,1e-12,width,0.0,13,unstable_fraction,1.0,,0.002
fp9,sweep_all,Fixed Order Attn,ATTENTION,synthetic,seed,200,current_mixture,0.1,10,1e-12,width,0.0,13,g_ibp,0.025389886954705,,0.002
fp9,sweep_all,Fixed Order Attn,ATTENTION,synthetic,seed,200,current_mixture,0.1,10,1e-12,width,0.0,13,a_tau,1.3862943611198906,,2.535
fp9,sweep_all,Fixed Order Attn,ATTENTION,synthetic,seed,200,current_mixture,0.1,10,1e-12,width,0.0,14,margin_hat_min,1.8341386318206787,,20.106
fp9,sweep_all,Fixed Order Attn,ATTENTION,synthetic,seed,200,current_mixture,0.1,10,1e-12,width,0.0,14,d_eff,70.11305496617223,,20.106
fp9,sweep_all,Fixed Order Attn,ATTENTION,synthetic,seed,200,current_mixture,0.1,10,1e-12,width,0.0,14,unstable_fraction,1.0,,0.002
fp9,sweep_all,Fixed Order Attn,ATTENTION,synthetic,seed,200,current_mixture,0.1,10,1e-12,width,0.0,14,g_ibp,0.025389886954705,,0.002
fp9,sweep_all,Fixed Order Attn,ATTENTION,synthetic,seed,200,current_mixture,0.1,10,1e-12,width,0.0,14,a_tau,1.3862943611198906,,2.851
fp9,sweep_all,Fixed Order Attn,ATTENTION,synthetic,seed,200,current_mixture,0.1,10,1e-12,width,0.0,15,margin_hat_min,1.8341385126113892,,14.749
fp9,sweep_all,Fixed Order Attn,ATTENTION,synthetic,seed,200,current_mixture,0.1,10,1e-12,width,0.0,15,d_eff,70.06613414323472,,14.749
fp9,sweep_all,Fixed Order Attn,ATTENTION,synthetic,seed,200,current_mixture,0.1,10,1e-12,width,0.0,15,unstable_fraction,1.0,,0.001
fp9,sweep_all,Fixed Order Attn,ATTENTION,synthetic,seed,200,current_mixture,0.1,10,1e-12,width,0.0,15,g_ibp,0.025389823610209278,,0.001
fp9,sweep_all,Fixed Order Attn,ATTENTION,synthetic,seed,200,current_mixture,0.1,10,1e-12,width,0.0,15,a_tau,2.833213344056216,,2.189
fp10,sweep_all,Fixed Order Attn,ATTENTION,synthetic,seed,200,current_mixture,0.1,10,1e-12,width,0.0,0,margin_hat_min,0.6677330732345581,,9.532
fp10,sweep_all,Fixed Order Attn,ATTENTION,synthetic,seed,200,current_mixture,0.1,10,1e-12,width,0.0,0,d_eff,43.561831473200016,,9.532
fp10,sweep_all,Fixed Order Attn,ATTENTION,synthetic,seed,200,current_mixture,0.1,10,1e-12,width,0.0,0,unstable_fraction,1.0,,0.002
fp10,sweep_all,Fixed Order Attn,ATTENTION,synthetic,seed,200,current_mixture,0.1,10,1e-12,width,0.0,0,g_ibp,0.05520266449996384,,0.002
fp10,sweep_all,Fixed Order Attn,ATTENTION,synthetic,seed,200,current_mixture,0.1,10,1e-12,width,0.0,0,a_tau,2.302585092994046,,1.13
fp10,sweep_all,Fixed Order Attn,ATTENTION,synthetic,seed,200,current_mixture,0.1,10,1e-12,width,0.0,1,margin_hat_min,0.6677330732345581,,9.423
fp10,sweep_all,Fixed Order Attn,ATTENTION,synthetic,seed,200,current_mixture,0.1,10,1e-12,width,0.0,1,d_eff,43.56074592951178,,9.423
fp10,sweep_all,Fixed Order Attn,ATTENTION,synthetic,seed,200,current_mixture,0.1,10,1e-12,width,0.0,1,unstable_fraction,1.0,,0.001
fp10,sweep_all,Fixed Order Attn,ATTENTION,synthetic,seed,200,current_mixture,0.1,10,1e-12,width,0.0,1,g_ibp,0.05520266449996384,,0.001
fp10,sweep_all,Fixed Order Attn,ATTENTION,synthetic,seed,200,current_mixture,0.1,10,1e-12,width,0.0,1,a_tau,1.791759469228055,,1.131
fp10,sweep_all,Fixed Order Attn,ATTENTION,synthetic,seed,200,current_mixture,0.1,10,1e-12,width,0.0,2,margin_hat_min,0.6677330732345581,,6.739
fp10,sweep_all,Fixed Order Attn,ATTENTION,synthetic,seed,200,current_mixture,0.1,10,1e-12,width,0.0,2,d_eff,43.41381971514923,,6.739
fp10,sweep_all,Fixed Order Attn,ATTENTION,synthetic,seed,200,current_mixture,0.1,10,1e-12,width,0.0,2,unstable_fraction,1.0,,0.002
fp10,sweep_all,Fixed Order Attn,ATTENTION,synthetic,seed,200,current_mixture,0.1,10,1e-12,width,0.0,2,g_ibp,0.05520266449996384,,0.002
fp10,sweep_all,Fixed Order Attn,ATTENTION,synthetic,seed,200,current_mixture,0.1,10,1e-12,width,0.0,2,a_tau,1.0986122886681098,,0.829
fp10,sweep_all,Fixed Order Attn,ATTENTION,synthetic,seed,200,current_mixture,0.1,10,1e-12,width,0.0,3,margin_hat_min,0.6677330732345581,,9.198
fp10,sweep_all,Fixed Order Attn,ATTENTION,synthetic,seed,200,current_mixture,0.1,10,1e-12,width,0.0,3,d_eff,43.539627319028355,,9.198
fp10,sweep_all,Fixed Order Attn,ATTENTION,synthetic,seed,200,current_mixture,0.1,10,1e-12,width,0.0,3,unstable_fraction,1.0,,0.002
fp10,sweep_all,Fixed Order Attn,ATTENTION,synthetic,seed,200,current_mixture,0.1,10,1e-12,width,0.0,3,g_ibp,0.05520266449996384,,0.002
fp10,sweep_all,Fixed Order Attn,ATTENTION,synthetic,seed,200,current_mixture,0.1,10,1e-12,width,0.0,3,a_tau,1.0986122886681098,,1.138
fp10,sweep_all,Fixed Order Attn,ATTENTION,synthetic,seed,200,current_mixture,0.1,10,1e-12,width,0.0,4,margin_hat_min,0.6677330732345581,,9.192
fp10,sweep_all,Fixed Order Attn,ATTENTION,synthetic,seed,200,current_mixture,0.1,10,1e-12,width,0.0,4,d_eff,43.54411500506274,,9.192
fp10,sweep_all,Fixed Order Attn,ATTENTION,synthetic,seed,200,current_mixture,0.1,10,1e-12,width,0.0,4,unstable_fraction,1.0,,0.002
fp10,sweep_all,Fixed Order Attn,ATTENTION,synthetic,seed,200,current_mixture,0.1,10,1e-12,width,0.0,4,g_ibp,0.05520266449996384,,0.002
fp10,sweep_all,Fixed Order Attn,ATTENTION,synthetic,seed,200,current_mixture,0.1,10,1e-12,width,0.0,4,a_tau,1.6094379124341003,,1.176
fp10,sweep_all,Fixed Order Attn,ATTENTION,synthetic,seed,200,current_mixture,0.1,10,1e-12,width,0.0,5,margin_hat_min,0.6677330732345581,,9.08
fp10,sweep_all,Fixed Order Attn,ATTENTION,synthetic,seed,200,current_mixture,0.1,10,1e-12,width,0.0,5,d_eff,43.49784291727564,,9.08
fp10,sweep_all,Fixed Order Attn,ATTENTION,synthetic,seed,200,current_mixture,0.1,10,1e-12,width,0.0,5,unstable_fraction,1.0,,0.001
fp10,sweep_all,Fixed Order Attn,ATTENTION,synthetic,seed,200,current_mixture,0.1,10,1e-12,width,0.0,5,g_ibp,0.05520266449996384,,0.001
fp10,sweep_all,Fixed Order Attn,ATTENTION,synthetic,seed,200,current_mixture,0.1,10,1e-12,width,0.0,5,a_tau,1.6094379124341003,,1.18
fp10,sweep_all,Fixed Order Attn,ATTENTION,synthetic,seed,200,current_mixture,0.1,10,1e-12,width,0.0,6,margin_hat_min,0.6677330732345581,,9.021
fp10,sweep_all,Fixed Order Attn,ATTENTION,synthetic,seed,200,current_mixture,0.1,10,1e-12,width,0.0,6,d_eff,43.52881817337164,,9.021
fp10,sweep_all,Fixed Order Attn,ATTENTION,synthetic,seed,200,current_mixture,0.1,10,1e-12,width,0.0,6,unstable_fraction,1.0,,0.002
fp10,sweep_all,Fixed Order Attn,ATTENTION,synthetic,seed,200,current_mixture,0.1,10,1e-12,width,0.0,6,g_ibp,0.05520266449996384,,0.002
fp10,sweep_all,Fixed Order Attn,ATTENTION,synthetic,seed,200,current_mixture,0.1,10,1e-12,width,0.0,6,a_tau,1.0986122886681098,,1.258
fp10,sweep_all,Fixed Order Attn,ATTENTION,synthetic,seed,200,current_mixture,0.1,10,1e-12,width,0.0,7,margin_hat_min,0.6677330732345581,,9.175
fp10,sweep_all,Fixed Order Attn,ATTENTION,synthetic,seed,200,current_mixture,0.1,10,1e-12,width,0.0,7,d_eff,43.580377863931815,,9.175
fp10,sweep_all,Fixed Order Attn,ATTENTION,synthetic,seed,200,current_mixture,0.1,10,1e-12,width,0.0,7,unstable_fraction,1.0,,0.002
fp10,sweep_all,Fixed Order Attn,ATTENTION,synthetic,seed,200,current_mixture,0.1,10,1e-12,width,0.0,7,g_ibp,0.05520266449996384,,0.002
fp10,sweep_all,Fixed Order Attn,ATTENTION,synthetic,seed,200,current_mixture,0.1,10,1e-12,width,0.0,7,a_tau,1.791759469228055,,1.22
fp10,sweep_all,Fixed Order Attn,ATTENTION,synthetic,seed,200,current_mixture,0.1,10,1e-12,width,0.0,8,margin_hat_min,0.6677330732345581,,8.97
fp10,sweep_all,Fixed Order Attn,ATTENTION,synthetic,seed,200,current_mixture,0.1,10,1e-12,width,0.0,8,d_eff,43.484349267955224,,8.97
fp10,sweep_all,Fixed Order Attn,ATTENTION,synthetic,seed,200,current_mixture,0.1,10,1e-12,width,0.0,8,unstable_fraction,1.0,,0.002
fp10,sweep_all,Fixed Order Attn,ATTENTION,synthetic,seed,200,current_mixture,0.1,10,1e-12,width,0.0,8,g_ibp,0.05520266449996384,,0.002
fp10,sweep_all,Fixed Order Attn,ATTENTION,synthetic,seed,200,current_mixture,0.1,10,1e-12,width,0.0,8,a_tau,1.0986122886681098,,1.266
fp10,sweep_all,Fixed Order Attn,ATTENTION,synthetic,seed,200,current_mixture,0.1,10,1e-12,width,0.0,9,margin_hat_min,0.6677329540252686,,9.432
fp10,sweep_all,Fixed Order Attn,ATTENTION,synthetic,seed,200,current_mixture,0.1,10,1e-12,width,0.0,9,d_eff,43.54482236506788,,9.432
fp10,sweep_all,Fixed Order Attn,ATTENTION,synthetic,seed,200,current_mixture,0.1,10,1e-12,width,0.0,9,unstable_fraction,1.0,,0.002
fp10,sweep_all,Fixed Order Attn,ATTENTION,synthetic,seed,200,current_mixture,0.1,10,1e-12,width,0.0,9,g_ibp,0.0552024958268162,,0.002
fp10,sweep_all,Fixed Order Attn,ATTENTION,synthetic,seed,200,current_mixture,0.1,10,1e-12,width,0.0,9,a_tau,2.833213344056216,,1.223
fp10,sweep_all,Fixed Order Attn,ATTENTION,synthetic,seed,200,current_mixture,0.1,10,1e-12,width,0.0,10,margin_hat_min,0.6677330732345581,,9.428
fp10,sweep_all,Fixed Order Attn,ATTENTION,synthetic,seed,200,current_mixture,0.1,10,1e-12,width,0.0,10,d_eff,43.41632109644492,,9.428
fp10,sweep_all,Fixed Order Attn,ATTENTION,synthetic,seed,200,current_mixture,0.1,10,1e-12,width,0.0,10,unstable_fraction,1.0,,0.001
fp10,sweep_all,Fixed Order Attn,ATTENTION,synthetic,seed,200,current_mixture,0.1,10,1e-12,width,0.0,10,g_ibp,0.05520266449996384,,0.001
fp10,sweep_all,Fixed Order Attn,ATTENTION,synthetic,seed,200,current_mixture,0.1,10,1e-12,width,0.0,10,a_tau,1.791759469228055,,1.293
fp10,sweep_all,Fixed Order Attn,ATTENTION,synthetic,seed,200,current_mixture,0.1,10,1e-12,width,0.0,11,margin_hat_min,0.6677330136299133,,9.233
fp10,sweep_all,Fixed Order Attn,ATTENTION,synthetic,seed,200,current_mixture,0.1,10,1e-12,width,0.0,11,d_eff,43.574049258513696,,9.233
fp10,sweep_all,Fixed Order Attn,ATTENTION,synthetic,seed,200,current_mixture,0.1,10,1e-12,width,0.0,11,unstable_fraction,1.0,,0.002
fp10,sweep_all,Fixed Order Attn,ATTENTION,synthetic,seed,200,current_mixture,0.1,10,1e-12,width,0.0,11,g_ibp,0.05520258016339755,,0.002
fp10,sweep_all,Fixed Order Attn,ATTENTION,synthetic,seed,200,current_mixture,0.1,10,1e-12,width,0.0,11,a_tau,1.0986122886681098,,1.237
fp10,sweep_all,Fixed Order Attn,ATTENTION,synthetic,seed,200,current_mixture,0.1,10,1e-12,width,0.0,12,margin_hat_min,0.6677330732345581,,9.3
fp10,sweep_all,Fixed Order Attn,ATTENTION,synthetic,seed,200,current_mixture,0.1,10,1e-12,width,0.0,12,d_eff,43.510702864907984,,9.3
fp10,sweep_all,Fixed Order Attn,ATTENTION,synthetic,seed,200,current_mixture,0.1,10,1e-12,width,0.0,12,unstable_fraction,1.0,,0.001
fp10,sweep_all,Fixed Order Attn,ATTENTION,synthetic,seed,200,current_mixture,0.1,10,1e-12,width,0.0,12,g_ibp,0.05520266449996384,,0.001
fp10,sweep_all,Fixed Order Attn,ATTENTION,synthetic,seed,200,current_mixture,0.1,10,1e-12,width,0.0,12,a_tau,1.0986122886681098,,1.399
fp10,sweep_all,Fixed Order Attn,ATTENTION,synthetic,seed,200,current_mixture,0.1,10,1e-12,width,0.0,13,margin_hat_min,0.6677330732345581,,9.468
fp10,sweep_all,Fixed Order Attn,ATTENTION,synthetic,seed,200,current_mixture,0.1,10,1e-12,width,0.0,13,d_eff,43.53053053648569,,9.468
fp10,sweep_all,Fixed Order Attn,ATTENTION,synthetic,seed,200,current_mixture,0.1,10,1e-12,width,0.0,13,unstable_fraction,1.0,,0.002
fp10,sweep_all,Fixed Order Attn,ATTENTION,synthetic,seed,200,current_mixture,0.1,10,1e-12,width,0.0,13,g_ibp,0.05520266449996384,,0.002
fp10,sweep_all,Fixed Order Attn,ATTENTION,synthetic,seed,200,current_mixture,0.1,10,1e-12,width,0.0,13,a_tau,1.791759469228055,,1.398
fp10,sweep_all,Fixed Order Attn,ATTENTION,synthetic,seed,200,current_mixture,0.1,10,1e-12,width,0.0,14,margin_hat_min,0.6677330732345581,,9.37
fp10,sweep_all,Fixed Order Attn,ATTENTION,synthetic,seed,200,current_mixture,0.1,10,1e-12,width,0.0,14,d_eff,43.54297342694217,,9.37
fp10,sweep_all,Fixed Order Attn,ATTENTION,synthetic,seed,200,current_mixture,0.1,10,1e-12,width,0.0,14,unstable_fraction,1.0,,0.002
fp10,sweep_all,Fixed Order Attn,ATTENTION,synthetic,seed,200,current_mixture,0.1,10,1e-12,width,0.0,14,g_ibp,0.05520266449996384,,0.002
fp10,sweep_all,Fixed Order Attn,ATTENTION,synthetic,seed,200,current_mixture,0.1,10,1e-12,width,0.0,14,a_tau,1.0986122886681098,,1.433
fp10,sweep_all,Fixed Order Attn,ATTENTION,synthetic,seed,200,current_mixture,0.1,10,1e-12,width,0.0,15,margin_hat_min,0.6677330732345581,,9.44
fp10,sweep_all,Fixed Order Attn,ATTENTION,synthetic,seed,200,current_mixture,0.1,10,1e-12,width,0.0,15,d_eff,43.47264625819183,,9.44
fp10,sweep_all,Fixed Order Attn,ATTENTION,synthetic,seed,200,current_mixture,0.1,10,1e-12,width,0.0,15,unstable_fraction,1.0,,0.002
fp10,sweep_all,Fixed Order Attn,ATTENTION,synthetic,seed,200,current_mixture,0.1,10,1e-12,width,0.0,15,g_ibp,0.05520266449996384,,0.002
fp10,sweep_all,Fixed Order Attn,ATTENTION,synthetic,seed,200,current_mixture,0.1,10,1e-12,width,0.0,15,a_tau,1.6094379124341003,,1.715
rc7,sweep_all,Input-Corner Stress,MLP,synthetic,seed,200,current_mixture,0.1,10,1e-12,width,0.0,0,margin_hat_min,4.0,,5.189
rc7,sweep_all,Input-Corner Stress,MLP,synthetic,seed,200,current_mixture,0.1,10,1e-12,width,0.0,0,d_eff,0.0,,5.189
rc7,sweep_all,Input-Corner Stress,MLP,synthetic,seed,200,current_mixture,0.1,10,1e-12,width,0.0,0,unstable_fraction,1.0,,0.001
rc7,sweep_all,Input-Corner Stress,MLP,synthetic,seed,200,current_mixture,0.1,10,1e-12,width,0.0,0,g_ibp,0.25267440080636383,,0.001
rc7,sweep_all,Input-Corner Stress,MLP,synthetic,seed,200,current_mixture,0.1,10,1e-12,width,0.0,0,a_tau,0.0,,1.32
rc7,sweep_all,Input-Corner Stress,MLP,synthetic,seed,200,current_mixture,0.1,10,1e-12,width,0.0,1,margin_hat_min,4.0,,5.432
rc7,sweep_all,Input-Corner Stress,MLP,synthetic,seed,200,current_mixture,0.1,10,1e-12,width,0.0,1,d_eff,0.0,,5.432
rc7,sweep_all,Input-Corner Stress,MLP,synthetic,seed,200,current_mixture,0.1,10,1e-12,width,0.0,1,unstable_fraction,1.0,,0.001
rc7,sweep_all,Input-Corner Stress,MLP,synthetic,seed,200,current_mixture,0.1,10,1e-12,width,0.0,1,g_ibp,0.25267440080636383,,0.001
rc7,sweep_all,Input-Corner Stress,MLP,synthetic,seed,200,current_mixture,0.1,10,1e-12,width,0.0,1,a_tau,0.0,,1.393
rc7,sweep_all,Input-Corner Stress,MLP,synthetic,seed,200,current_mixture,0.1,10,1e-12,width,0.0,2,margin_hat_min,4.0,,5.463
rc7,sweep_all,Input-Corner Stress,MLP,synthetic,seed,200,current_mixture,0.1,10,1e-12,width,0.0,2,d_eff,0.0,,5.463
rc7,sweep_all,Input-Corner Stress,MLP,synthetic,seed,200,current_mixture,0.1,10,1e-12,width,0.0,2,unstable_fraction,1.0,,0.001
rc7,sweep_all,Input-Corner Stress,MLP,synthetic,seed,200,current_mixture,0.1,10,1e-12,width,0.0,2,g_ibp,0.25267440080636383,,0.001
rc7,sweep_all,Input-Corner Stress,MLP,synthetic,seed,200,current_mixture,0.1,10,1e-12,width,0.0,2,a_tau,0.0,,1.27
rc7,sweep_all,Input-Corner Stress,MLP,synthetic,seed,200,current_mixture,0.1,10,1e-12,width,0.0,3,margin_hat_min,4.0,,5.304
rc7,sweep_all,Input-Corner Stress,MLP,synthetic,seed,200,current_mixture,0.1,10,1e-12,width,0.0,3,d_eff,0.0,,5.304
rc7,sweep_all,Input-Corner Stress,MLP,synthetic,seed,200,current_mixture,0.1,10,1e-12,width,0.0,3,unstable_fraction,1.0,,0.001
rc7,sweep_all,Input-Corner Stress,MLP,synthetic,seed,200,current_mixture,0.1,10,1e-12,width,0.0,3,g_ibp,0.25267440080636383,,0.001
rc7,sweep_all,Input-Corner Stress,MLP,synthetic,seed,200,current_mixture,0.1,10,1e-12,width,0.0,3,a_tau,0.0,,1.186
rc7,sweep_all,Input-Corner Stress,MLP,synthetic,seed,200,current_mixture,0.1,10,1e-12,width,0.0,4,margin_hat_min,4.0,,5.551
rc7,sweep_all,Input-Corner Stress,MLP,synthetic,seed,200,current_mixture,0.1,10,1e-12,width,0.0,4,d_eff,0.0,,5.551
rc7,sweep_all,Input-Corner Stress,MLP,synthetic,seed,200,current_mixture,0.1,10,1e-12,width,0.0,4,unstable_fraction,1.0,,0.001
rc7,sweep_all,Input-Corner Stress,MLP,synthetic,seed,200,current_mixture,0.1,10,1e-12,width,0.0,4,g_ibp,0.25267440080636383,,0.001
rc7,sweep_all,Input-Corner Stress,MLP,synthetic,seed,200,current_mixture,0.1,10,1e-12,width,0.0,4,a_tau,0.0,,1.33
rc7,sweep_all,Input-Corner Stress,MLP,synthetic,seed,200,current_mixture,0.1,10,1e-12,width,0.0,5,margin_hat_min,4.0,,6.586
rc7,sweep_all,Input-Corner Stress,MLP,synthetic,seed,200,current_mixture,0.1,10,1e-12,width,0.0,5,d_eff,0.0,,6.586
rc7,sweep_all,Input-Corner Stress,MLP,synthetic,seed,200,current_mixture,0.1,10,1e-12,width,0.0,5,unstable_fraction,1.0,,0.001
rc7,sweep_all,Input-Corner Stress,MLP,synthetic,seed,200,current_mixture,0.1,10,1e-12,width,0.0,5,g_ibp,0.25267440080636383,,0.001
rc7,sweep_all,Input-Corner Stress,MLP,synthetic,seed,200,current_mixture,0.1,10,1e-12,width,0.0,5,a_tau,0.0,,1.017
rc7,sweep_all,Input-Corner Stress,MLP,synthetic,seed,200,current_mixture,0.1,10,1e-12,width,0.0,6,margin_hat_min,4.0,,5.52
rc7,sweep_all,Input-Corner Stress,MLP,synthetic,seed,200,current_mixture,0.1,10,1e-12,width,0.0,6,d_eff,0.0,,5.52
rc7,sweep_all,Input-Corner Stress,MLP,synthetic,seed,200,current_mixture,0.1,10,1e-12,width,0.0,6,unstable_fraction,1.0,,0.001
rc7,sweep_all,Input-Corner Stress,MLP,synthetic,seed,200,current_mixture,0.1,10,1e-12,width,0.0,6,g_ibp,0.25267440080636383,,0.001
rc7,sweep_all,Input-Corner Stress,MLP,synthetic,seed,200,current_mixture,0.1,10,1e-12,width,0.0,6,a_tau,0.0,,0.935
rc7,sweep_all,Input-Corner Stress,MLP,synthetic,seed,200,current_mixture,0.1,10,1e-12,width,0.0,7,margin_hat_min,4.0,,6.434
rc7,sweep_all,Input-Corner Stress,MLP,synthetic,seed,200,current_mixture,0.1,10,1e-12,width,0.0,7,d_eff,0.0,,6.434
rc7,sweep_all,Input-Corner Stress,MLP,synthetic,seed,200,current_mixture,0.1,10,1e-12,width,0.0,7,unstable_fraction,1.0,,0.001
rc7,sweep_all,Input-Corner Stress,MLP,synthetic,seed,200,current_mixture,0.1,10,1e-12,width,0.0,7,g_ibp,0.25267440080636383,,0.001
rc7,sweep_all,Input-Corner Stress,MLP,synthetic,seed,200,current_mixture,0.1,10,1e-12,width,0.0,7,a_tau,0.0,,1.224
rc7,sweep_all,Input-Corner Stress,MLP,synthetic,seed,200,current_mixture,0.1,10,1e-12,width,0.0,8,margin_hat_min,4.0,,6.674
rc7,sweep_all,Input-Corner Stress,MLP,synthetic,seed,200,current_mixture,0.1,10,1e-12,width,0.0,8,d_eff,0.0,,6.674
rc7,sweep_all,Input-Corner Stress,MLP,synthetic,seed,200,current_mixture,0.1,10,1e-12,width,0.0,8,unstable_fraction,1.0,,0.001
rc7,sweep_all,Input-Corner Stress,MLP,synthetic,seed,200,current_mixture,0.1,10,1e-12,width,0.0,8,g_ibp,0.25267440080636383,,0.001
rc7,sweep_all,Input-Corner Stress,MLP,synthetic,seed,200,current_mixture,0.1,10,1e-12,width,0.0,8,a_tau,0.0,,1.35
rc7,sweep_all,Input-Corner Stress,MLP,synthetic,seed,200,current_mixture,0.1,10,1e-12,width,0.0,9,margin_hat_min,4.0,,6.502
rc7,sweep_all,Input-Corner Stress,MLP,synthetic,seed,200,current_mixture,0.1,10,1e-12,width,0.0,9,d_eff,0.0,,6.502
rc7,sweep_all,Input-Corner Stress,MLP,synthetic,seed,200,current_mixture,0.1,10,1e-12,width,0.0,9,unstable_fraction,1.0,,0.001
rc7,sweep_all,Input-Corner Stress,MLP,synthetic,seed,200,current_mixture,0.1,10,1e-12,width,0.0,9,g_ibp,0.25267440080636383,,0.001
rc7,sweep_all,Input-Corner Stress,MLP,synthetic,seed,200,current_mixture,0.1,10,1e-12,width,0.0,9,a_tau,0.0,,1.331
rc7,sweep_all,Input-Corner Stress,MLP,synthetic,seed,200,current_mixture,0.1,10,1e-12,width,0.0,10,margin_hat_min,4.0,,6.713
rc7,sweep_all,Input-Corner Stress,MLP,synthetic,seed,200,current_mixture,0.1,10,1e-12,width,0.0,10,d_eff,0.0,,6.713
rc7,sweep_all,Input-Corner Stress,MLP,synthetic,seed,200,current_mixture,0.1,10,1e-12,width,0.0,10,unstable_fraction,1.0,,0.001
rc7,sweep_all,Input-Corner Stress,MLP,synthetic,seed,200,current_mixture,0.1,10,1e-12,width,0.0,10,g_ibp,0.25267440080636383,,0.001
rc7,sweep_all,Input-Corner Stress,MLP,synthetic,seed,200,current_mixture,0.1,10,1e-12,width,0.0,10,a_tau,0.0,,1.45
rc7,sweep_all,Input-Corner Stress,MLP,synthetic,seed,200,current_mixture,0.1,10,1e-12,width,0.0,11,margin_hat_min,4.0,,6.317
rc7,sweep_all,Input-Corner Stress,MLP,synthetic,seed,200,current_mixture,0.1,10,1e-12,width,0.0,11,d_eff,0.0,,6.317
rc7,sweep_all,Input-Corner Stress,MLP,synthetic,seed,200,current_mixture,0.1,10,1e-12,width,0.0,11,unstable_fraction,1.0,,0.001
rc7,sweep_all,Input-Corner Stress,MLP,synthetic,seed,200,current_mixture,0.1,10,1e-12,width,0.0,11,g_ibp,0.25267440080636383,,0.001
rc7,sweep_all,Input-Corner Stress,MLP,synthetic,seed,200,current_mixture,0.1,10,1e-12,width,0.0,11,a_tau,0.0,,1.31
rc7,sweep_all,Input-Corner Stress,MLP,synthetic,seed,200,current_mixture,0.1,10,1e-12,width,0.0,12,margin_hat_min,4.0,,6.832
rc7,sweep_all,Input-Corner Stress,MLP,synthetic,seed,200,current_mixture,0.1,10,1e-12,width,0.0,12,d_eff,0.0,,6.832
rc7,sweep_all,Input-Corner Stress,MLP,synthetic,seed,200,current_mixture,0.1,10,1e-12,width,0.0,12,unstable_fraction,1.0,,0.001
rc7,sweep_all,Input-Corner Stress,MLP,synthetic,seed,200,current_mixture,0.1,10,1e-12,width,0.0,12,g_ibp,0.25267440080636383,,0.001
rc7,sweep_all,Input-Corner Stress,MLP,synthetic,seed,200,current_mixture,0.1,10,1e-12,width,0.0,12,a_tau,0.0,,1.357
rc7,sweep_all,Input-Corner Stress,MLP,synthetic,seed,200,current_mixture,0.1,10,1e-12,width,0.0,13,margin_hat_min,4.0,,6.359
rc7,sweep_all,Input-Corner Stress,MLP,synthetic,seed,200,current_mixture,0.1,10,1e-12,width,0.0,13,d_eff,0.0,,6.359
rc7,sweep_all,Input-Corner Stress,MLP,synthetic,seed,200,current_mixture,0.1,10,1e-12,width,0.0,13,unstable_fraction,1.0,,0.001
rc7,sweep_all,Input-Corner Stress,MLP,synthetic,seed,200,current_mixture,0.1,10,1e-12,width,0.0,13,g_ibp,0.25267440080636383,,0.001
rc7,sweep_all,Input-Corner Stress,MLP,synthetic,seed,200,current_mixture,0.1,10,1e-12,width,0.0,13,a_tau,0.0,,1.286
rc7,sweep_all,Input-Corner Stress,MLP,synthetic,seed,200,current_mixture,0.1,10,1e-12,width,0.0,14,margin_hat_min,4.0,,6.485
rc7,sweep_all,Input-Corner Stress,MLP,synthetic,seed,200,current_mixture,0.1,10,1e-12,width,0.0,14,d_eff,0.0,,6.485
rc7,sweep_all,Input-Corner Stress,MLP,synthetic,seed,200,current_mixture,0.1,10,1e-12,width,0.0,14,unstable_fraction,1.0,,0.001
rc7,sweep_all,Input-Corner Stress,MLP,synthetic,seed,200,current_mixture,0.1,10,1e-12,width,0.0,14,g_ibp,0.25267440080636383,,0.001
rc7,sweep_all,Input-Corner Stress,MLP,synthetic,seed,200,current_mixture,0.1,10,1e-12,width,0.0,14,a_tau,0.0,,1.535
rc7,sweep_all,Input-Corner Stress,MLP,synthetic,seed,200,current_mixture,0.1,10,1e-12,width,0.0,15,margin_hat_min,4.0,,6.526
rc7,sweep_all,Input-Corner Stress,MLP,synthetic,seed,200,current_mixture,0.1,10,1e-12,width,0.0,15,d_eff,0.0,,6.526
rc7,sweep_all,Input-Corner Stress,MLP,synthetic,seed,200,current_mixture,0.1,10,1e-12,width,0.0,15,unstable_fraction,1.0,,0.001
rc7,sweep_all,Input-Corner Stress,MLP,synthetic,seed,200,current_mixture,0.1,10,1e-12,width,0.0,15,g_ibp,0.25267440080636383,,0.001
rc7,sweep_all,Input-Corner Stress,MLP,synthetic,seed,200,current_mixture,0.1,10,1e-12,width,0.0,15,a_tau,0.0,,1.447
rc15,sweep_all,Input-Corner Stress,MLP,synthetic,seed,200,current_mixture,0.1,10,1e-12,width,0.0,0,margin_hat_min,3.99951171875,,6.198
rc15,sweep_all,Input-Corner Stress,MLP,synthetic,seed,200,current_mixture,0.1,10,1e-12,width,0.0,0,d_eff,0.030878863541305136,,6.198
rc15,sweep_all,Input-Corner Stress,MLP,synthetic,seed,200,current_mixture,0.1,10,1e-12,width,0.0,0,unstable_fraction,1.0,,0.001
rc15,sweep_all,Input-Corner Stress,MLP,synthetic,seed,200,current_mixture,0.1,10,1e-12,width,0.0,0,g_ibp,2438.3639360267375,,0.001
rc15,sweep_all,Input-Corner Stress,MLP,synthetic,seed,200,current_mixture,0.1,10,1e-12,width,0.0,0,a_tau,0.0,,1.337
rc15,sweep_all,Input-Corner Stress,MLP,synthetic,seed,200,current_mixture,0.1,10,1e-12,width,0.0,1,margin_hat_min,4.0,,5.211
rc15,sweep_all,Input-Corner Stress,MLP,synthetic,seed,200,current_mixture,0.1,10,1e-12,width,0.0,1,d_eff,0.0,,5.211
rc15,sweep_all,Input-Corner Stress,MLP,synthetic,seed,200,current_mixture,0.1,10,1e-12,width,0.0,1,unstable_fraction,1.0,,0.001
rc15,sweep_all,Input-Corner Stress,MLP,synthetic,seed,200,current_mixture,0.1,10,1e-12,width,0.0,1,g_ibp,2438.0664062493906,,0.001
rc15,sweep_all,Input-Corner Stress,MLP,synthetic,seed,200,current_mixture,0.1,10,1e-12,width,0.0,1,a_tau,0.0,,0.908
rc15,sweep_all,Input-Corner Stress,MLP,synthetic,seed,200,current_mixture,0.1,10,1e-12,width,0.0,2,margin_hat_min,4.0,,6.397
rc15,sweep_all,Input-Corner Stress,MLP,synthetic,seed,200,current_mixture,0.1,10,1e-12,width,0.0,2,d_eff,0.0,,6.397
rc15,sweep_all,Input-Corner Stress,MLP,synthetic,seed,200,current_mixture,0.1,10,1e-12,width,0.0,2,unstable_fraction,1.0,,0.001
rc15,sweep_all,Input-Corner Stress,MLP,synthetic,seed,200,current_mixture,0.1,10,1e-12,width,0.0,2,g_ibp,2438.0664062493906,,0.001
rc15,sweep_all,Input-Corner Stress,MLP,synthetic,seed,200,current_mixture,0.1,10,1e-12,width,0.0,2,a_tau,0.0,,1.461
rc15,sweep_all,Input-Corner Stress,MLP,synthetic,seed,200,current_mixture,0.1,10,1e-12,width,0.0,3,margin_hat_min,3.99951171875,,6.376
rc15,sweep_all,Input-Corner Stress,MLP,synthetic,seed,200,current_mixture,0.1,10,1e-12,width,0.0,3,d_eff,0.030878863541305136,,6.376
rc15,sweep_all,Input-Corner Stress,MLP,synthetic,seed,200,current_mixture,0.1,10,1e-12,width,0.0,3,unstable_fraction,1.0,,0.001
rc15,sweep_all,Input-Corner Stress,MLP,synthetic,seed,200,current_mixture,0.1,10,1e-12,width,0.0,3,g_ibp,2438.3639360267375,,0.001
rc15,sweep_all,Input-Corner Stress,MLP,synthetic,seed,200,current_mixture,0.1,10,1e-12,width,0.0,3,a_tau,0.0,,1.504
rc15,sweep_all,Input-Corner Stress,MLP,synthetic,seed,200,current_mixture,0.1,10,1e-12,width,0.0,4,margin_hat_min,4.0,,6.21
rc15,sweep_all,Input-Corner Stress,MLP,synthetic,seed,200,current_mixture,0.1,10,1e-12,width,0.0,4,d_eff,0.0,,6.21
rc15,sweep_all,Input-Corner Stress,MLP,synthetic,seed,200,current_mixture,0.1,10,1e-12,width,0.0,4,unstable_fraction,1.0,,0.001
rc15,sweep_all,Input-Corner Stress,MLP,synthetic,seed,200,current_mixture,0.1,10,1e-12,width,0.0,4,g_ibp,2438.0664062493906,,0.001
rc15,sweep_all,Input-Corner Stress,MLP,synthetic,seed,200,current_mixture,0.1,10,1e-12,width,0.0,4,a_tau,0.0,,1.441
rc15,sweep_all,Input-Corner Stress,MLP,synthetic,seed,200,current_mixture,0.1,10,1e-12,width,0.0,5,margin_hat_min,4.0,,6.346
rc15,sweep_all,Input-Corner Stress,MLP,synthetic,seed,200,current_mixture,0.1,10,1e-12,width,0.0,5,d_eff,0.0,,6.346
rc15,sweep_all,Input-Corner Stress,MLP,synthetic,seed,200,current_mixture,0.1,10,1e-12,width,0.0,5,unstable_fraction,1.0,,0.001
rc15,sweep_all,Input-Corner Stress,MLP,synthetic,seed,200,current_mixture,0.1,10,1e-12,width,0.0,5,g_ibp,2438.0664062493906,,0.001
rc15,sweep_all,Input-Corner Stress,MLP,synthetic,seed,200,current_mixture,0.1,10,1e-12,width,0.0,5,a_tau,0.0,,1.542
rc15,sweep_all,Input-Corner Stress,MLP,synthetic,seed,200,current_mixture,0.1,10,1e-12,width,0.0,6,margin_hat_min,4.0,,6.377
rc15,sweep_all,Input-Corner Stress,MLP,synthetic,seed,200,current_mixture,0.1,10,1e-12,width,0.0,6,d_eff,0.0,,6.377
rc15,sweep_all,Input-Corner Stress,MLP,synthetic,seed,200,current_mixture,0.1,10,1e-12,width,0.0,6,unstable_fraction,1.0,,0.001
rc15,sweep_all,Input-Corner Stress,MLP,synthetic,seed,200,current_mixture,0.1,10,1e-12,width,0.0,6,g_ibp,2438.0664062493906,,0.001
rc15,sweep_all,Input-Corner Stress,MLP,synthetic,seed,200,current_mixture,0.1,10,1e-12,width,0.0,6,a_tau,0.0,,1.592
rc15,sweep_all,Input-Corner Stress,MLP,synthetic,seed,200,current_mixture,0.1,10,1e-12,width,0.0,7,margin_hat_min,4.0,,6.175
rc15,sweep_all,Input-Corner Stress,MLP,synthetic,seed,200,current_mixture,0.1,10,1e-12,width,0.0,7,d_eff,0.0,,6.175
rc15,sweep_all,Input-Corner Stress,MLP,synthetic,seed,200,current_mixture,0.1,10,1e-12,width,0.0,7,unstable_fraction,1.0,,0.001
rc15,sweep_all,Input-Corner Stress,MLP,synthetic,seed,200,current_mixture,0.1,10,1e-12,width,0.0,7,g_ibp,2438.0664062493906,,0.001
rc15,sweep_all,Input-Corner Stress,MLP,synthetic,seed,200,current_mixture,0.1,10,1e-12,width,0.0,7,a_tau,0.0,,1.56
rc15,sweep_all,Input-Corner Stress,MLP,synthetic,seed,200,current_mixture,0.1,10,1e-12,width,0.0,8,margin_hat_min,4.0,,5.081
rc15,sweep_all,Input-Corner Stress,MLP,synthetic,seed,200,current_mixture,0.1,10,1e-12,width,0.0,8,d_eff,0.0,,5.081
rc15,sweep_all,Input-Corner Stress,MLP,synthetic,seed,200,current_mixture,0.1,10,1e-12,width,0.0,8,unstable_fraction,1.0,,0.001
rc15,sweep_all,Input-Corner Stress,MLP,synthetic,seed,200,current_mixture,0.1,10,1e-12,width,0.0,8,g_ibp,2438.0664062493906,,0.001
rc15,sweep_all,Input-Corner Stress,MLP,synthetic,seed,200,current_mixture,0.1,10,1e-12,width,0.0,8,a_tau,0.0,,1.454
rc15,sweep_all,Input-Corner Stress,MLP,synthetic,seed,200,current_mixture,0.1,10,1e-12,width,0.0,9,margin_hat_min,4.0,,5.109
rc15,sweep_all,Input-Corner Stress,MLP,synthetic,seed,200,current_mixture,0.1,10,1e-12,width,0.0,9,d_eff,0.0,,5.109
rc15,sweep_all,Input-Corner Stress,MLP,synthetic,seed,200,current_mixture,0.1,10,1e-12,width,0.0,9,unstable_fraction,1.0,,0.001
rc15,sweep_all,Input-Corner Stress,MLP,synthetic,seed,200,current_mixture,0.1,10,1e-12,width,0.0,9,g_ibp,2438.0664062493906,,0.001
rc15,sweep_all,Input-Corner Stress,MLP,synthetic,seed,200,current_mixture,0.1,10,1e-12,width,0.0,9,a_tau,0.0,,1.078
rc15,sweep_all,Input-Corner Stress,MLP,synthetic,seed,200,current_mixture,0.1,10,1e-12,width,0.0,10,margin_hat_min,4.0,,4.792
rc15,sweep_all,Input-Corner Stress,MLP,synthetic,seed,200,current_mixture,0.1,10,1e-12,width,0.0,10,d_eff,0.0,,4.792
rc15,sweep_all,Input-Corner Stress,MLP,synthetic,seed,200,current_mixture,0.1,10,1e-12,width,0.0,10,unstable_fraction,1.0,,0.001
rc15,sweep_all,Input-Corner Stress,MLP,synthetic,seed,200,current_mixture,0.1,10,1e-12,width,0.0,10,g_ibp,2438.0664062493906,,0.001
rc15,sweep_all,Input-Corner Stress,MLP,synthetic,seed,200,current_mixture,0.1,10,1e-12,width,0.0,10,a_tau,0.0,,1.034
rc15,sweep_all,Input-Corner Stress,MLP,synthetic,seed,200,current_mixture,0.1,10,1e-12,width,0.0,11,margin_hat_min,4.0,,6.181
rc15,sweep_all,Input-Corner Stress,MLP,synthetic,seed,200,current_mixture,0.1,10,1e-12,width,0.0,11,d_eff,0.0,,6.181
rc15,sweep_all,Input-Corner Stress,MLP,synthetic,seed,200,current_mixture,0.1,10,1e-12,width,0.0,11,unstable_fraction,1.0,,0.001
rc15,sweep_all,Input-Corner Stress,MLP,synthetic,seed,200,current_mixture,0.1,10,1e-12,width,0.0,11,g_ibp,2438.0664062493906,,0.001
rc15,sweep_all,Input-Corner Stress,MLP,synthetic,seed,200,current_mixture,0.1,10,1e-12,width,0.0,11,a_tau,0.0,,1.484
rc15,sweep_all,Input-Corner Stress,MLP,synthetic,seed,200,current_mixture,0.1,10,1e-12,width,0.0,12,margin_hat_min,4.0,,4.946
rc15,sweep_all,Input-Corner Stress,MLP,synthetic,seed,200,current_mixture,0.1,10,1e-12,width,0.0,12,d_eff,0.0,,4.946
rc15,sweep_all,Input-Corner Stress,MLP,synthetic,seed,200,current_mixture,0.1,10,1e-12,width,0.0,12,unstable_fraction,1.0,,0.001
rc15,sweep_all,Input-Corner Stress,MLP,synthetic,seed,200,current_mixture,0.1,10,1e-12,width,0.0,12,g_ibp,2438.0664062493906,,0.001
rc15,sweep_all,Input-Corner Stress,MLP,synthetic,seed,200,current_mixture,0.1,10,1e-12,width,0.0,12,a_tau,0.0,,1.376
rc15,sweep_all,Input-Corner Stress,MLP,synthetic,seed,200,current_mixture,0.1,10,1e-12,width,0.0,13,margin_hat_min,4.0,,5.094
rc15,sweep_all,Input-Corner Stress,MLP,synthetic,seed,200,current_mixture,0.1,10,1e-12,width,0.0,13,d_eff,0.0,,5.094
rc15,sweep_all,Input-Corner Stress,MLP,synthetic,seed,200,current_mixture,0.1,10,1e-12,width,0.0,13,unstable_fraction,1.0,,0.001
rc15,sweep_all,Input-Corner Stress,MLP,synthetic,seed,200,current_mixture,0.1,10,1e-12,width,0.0,13,g_ibp,2438.0664062493906,,0.001
rc15,sweep_all,Input-Corner Stress,MLP,synthetic,seed,200,current_mixture,0.1,10,1e-12,width,0.0,13,a_tau,0.0,,1.183
rc15,sweep_all,Input-Corner Stress,MLP,synthetic,seed,200,current_mixture,0.1,10,1e-12,width,0.0,14,margin_hat_min,4.0,,5.401
rc15,sweep_all,Input-Corner Stress,MLP,synthetic,seed,200,current_mixture,0.1,10,1e-12,width,0.0,14,d_eff,0.0,,5.401
rc15,sweep_all,Input-Corner Stress,MLP,synthetic,seed,200,current_mixture,0.1,10,1e-12,width,0.0,14,unstable_fraction,1.0,,0.001
rc15,sweep_all,Input-Corner Stress,MLP,synthetic,seed,200,current_mixture,0.1,10,1e-12,width,0.0,14,g_ibp,2438.0664062493906,,0.001
rc15,sweep_all,Input-Corner Stress,MLP,synthetic,seed,200,current_mixture,0.1,10,1e-12,width,0.0,14,a_tau,0.0,,0.952
rc15,sweep_all,Input-Corner Stress,MLP,synthetic,seed,200,current_mixture,0.1,10,1e-12,width,0.0,15,margin_hat_min,4.0,,6.506
rc15,sweep_all,Input-Corner Stress,MLP,synthetic,seed,200,current_mixture,0.1,10,1e-12,width,0.0,15,d_eff,0.0,,6.506
rc15,sweep_all,Input-Corner Stress,MLP,synthetic,seed,200,current_mixture,0.1,10,1e-12,width,0.0,15,unstable_fraction,1.0,,0.001
rc15,sweep_all,Input-Corner Stress,MLP,synthetic,seed,200,current_mixture,0.1,10,1e-12,width,0.0,15,g_ibp,2438.0664062493906,,0.001
rc15,sweep_all,Input-Corner Stress,MLP,synthetic,seed,200,current_mixture,0.1,10,1e-12,width,0.0,15,a_tau,0.0,,1.209
rc21,sweep_all,Input-Corner Stress,MLP,synthetic,seed,200,current_mixture,0.1,10,1e-12,width,0.0,0,margin_hat_min,4.0,,7.922
rc21,sweep_all,Input-Corner Stress,MLP,synthetic,seed,200,current_mixture,0.1,10,1e-12,width,0.0,0,d_eff,0.0,,7.922
rc21,sweep_all,Input-Corner Stress,MLP,synthetic,seed,200,current_mixture,0.1,10,1e-12,width,0.0,0,unstable_fraction,1.0,,0.001
rc21,sweep_all,Input-Corner Stress,MLP,synthetic,seed,200,current_mixture,0.1,10,1e-12,width,0.0,0,g_ibp,20.63885307311496,,0.001
rc21,sweep_all,Input-Corner Stress,MLP,synthetic,seed,200,current_mixture,0.1,10,1e-12,width,0.0,0,a_tau,0.0,,1.897
rc21,sweep_all,Input-Corner Stress,MLP,synthetic,seed,200,current_mixture,0.1,10,1e-12,width,0.0,1,margin_hat_min,4.0,,8.886
rc21,sweep_all,Input-Corner Stress,MLP,synthetic,seed,200,current_mixture,0.1,10,1e-12,width,0.0,1,d_eff,0.0,,8.886
rc21,sweep_all,Input-Corner Stress,MLP,synthetic,seed,200,current_mixture,0.1,10,1e-12,width,0.0,1,unstable_fraction,1.0,,0.002
rc21,sweep_all,Input-Corner Stress,MLP,synthetic,seed,200,current_mixture,0.1,10,1e-12,width,0.0,1,g_ibp,20.63885307311496,,0.002
rc21,sweep_all,Input-Corner Stress,MLP,synthetic,seed,200,current_mixture,0.1,10,1e-12,width,0.0,1,a_tau,0.0,,1.858
rc21,sweep_all,Input-Corner Stress,MLP,synthetic,seed,200,current_mixture,0.1,10,1e-12,width,0.0,2,margin_hat_min,4.0,,7.959
rc21,sweep_all,Input-Corner Stress,MLP,synthetic,seed,200,current_mixture,0.1,10,1e-12,width,0.0,2,d_eff,0.0,,7.959
rc21,sweep_all,Input-Corner Stress,MLP,synthetic,seed,200,current_mixture,0.1,10,1e-12,width,0.0,2,unstable_fraction,1.0,,0.001
rc21,sweep_all,Input-Corner Stress,MLP,synthetic,seed,200,current_mixture,0.1,10,1e-12,width,0.0,2,g_ibp,20.63885307311496,,0.001
rc21,sweep_all,Input-Corner Stress,MLP,synthetic,seed,200,current_mixture,0.1,10,1e-12,width,0.0,2,a_tau,0.0,,1.731
rc21,sweep_all,Input-Corner Stress,MLP,synthetic,seed,200,current_mixture,0.1,10,1e-12,width,0.0,3,margin_hat_min,4.0,,7.642
rc21,sweep_all,Input-Corner Stress,MLP,synthetic,seed,200,current_mixture,0.1,10,1e-12,width,0.0,3,d_eff,0.0,,7.642
rc21,sweep_all,Input-Corner Stress,MLP,synthetic,seed,200,current_mixture,0.1,10,1e-12,width,0.0,3,unstable_fraction,1.0,,0.001
rc21,sweep_all,Input-Corner Stress,MLP,synthetic,seed,200,current_mixture,0.1,10,1e-12,width,0.0,3,g_ibp,20.63885307311496,,0.001
rc21,sweep_all,Input-Corner Stress,MLP,synthetic,seed,200,current_mixture,0.1,10,1e-12,width,0.0,3,a_tau,0.0,,1.558
rc21,sweep_all,Input-Corner Stress,MLP,synthetic,seed,200,current_mixture,0.1,10,1e-12,width,0.0,4,margin_hat_min,4.0,,6.522
rc21,sweep_all,Input-Corner Stress,MLP,synthetic,seed,200,current_mixture,0.1,10,1e-12,width,0.0,4,d_eff,0.0,,6.522
rc21,sweep_all,Input-Corner Stress,MLP,synthetic,seed,200,current_mixture,0.1,10,1e-12,width,0.0,4,unstable_fraction,1.0,,0.001
rc21,sweep_all,Input-Corner Stress,MLP,synthetic,seed,200,current_mixture,0.1,10,1e-12,width,0.0,4,g_ibp,20.63885307311496,,0.001
rc21,sweep_all,Input-Corner Stress,MLP,synthetic,seed,200,current_mixture,0.1,10,1e-12,width,0.0,4,a_tau,0.0,,1.326
rc21,sweep_all,Input-Corner Stress,MLP,synthetic,seed,200,current_mixture,0.1,10,1e-12,width,0.0,5,margin_hat_min,4.0,,7.653
rc21,sweep_all,Input-Corner Stress,MLP,synthetic,seed,200,current_mixture,0.1,10,1e-12,width,0.0,5,d_eff,0.0,,7.653
rc21,sweep_all,Input-Corner Stress,MLP,synthetic,seed,200,current_mixture,0.1,10,1e-12,width,0.0,5,unstable_fraction,1.0,,0.001
rc21,sweep_all,Input-Corner Stress,MLP,synthetic,seed,200,current_mixture,0.1,10,1e-12,width,0.0,5,g_ibp,20.63885307311496,,0.001
rc21,sweep_all,Input-Corner Stress,MLP,synthetic,seed,200,current_mixture,0.1,10,1e-12,width,0.0,5,a_tau,0.0,,1.568
rc21,sweep_all,Input-Corner Stress,MLP,synthetic,seed,200,current_mixture,0.1,10,1e-12,width,0.0,6,margin_hat_min,4.0,,6.804
rc21,sweep_all,Input-Corner Stress,MLP,synthetic,seed,200,current_mixture,0.1,10,1e-12,width,0.0,6,d_eff,0.0,,6.804
rc21,sweep_all,Input-Corner Stress,MLP,synthetic,seed,200,current_mixture,0.1,10,1e-12,width,0.0,6,unstable_fraction,1.0,,0.001
rc21,sweep_all,Input-Corner Stress,MLP,synthetic,seed,200,current_mixture,0.1,10,1e-12,width,0.0,6,g_ibp,20.63885307311496,,0.001
rc21,sweep_all,Input-Corner Stress,MLP,synthetic,seed,200,current_mixture,0.1,10,1e-12,width,0.0,6,a_tau,0.0,,1.318
rc21,sweep_all,Input-Corner Stress,MLP,synthetic,seed,200,current_mixture,0.1,10,1e-12,width,0.0,7,margin_hat_min,4.0,,7.268
rc21,sweep_all,Input-Corner Stress,MLP,synthetic,seed,200,current_mixture,0.1,10,1e-12,width,0.0,7,d_eff,0.0,,7.268
rc21,sweep_all,Input-Corner Stress,MLP,synthetic,seed,200,current_mixture,0.1,10,1e-12,width,0.0,7,unstable_fraction,1.0,,0.001
rc21,sweep_all,Input-Corner Stress,MLP,synthetic,seed,200,current_mixture,0.1,10,1e-12,width,0.0,7,g_ibp,20.63885307311496,,0.001
rc21,sweep_all,Input-Corner Stress,MLP,synthetic,seed,200,current_mixture,0.1,10,1e-12,width,0.0,7,a_tau,0.0,,1.538
rc21,sweep_all,Input-Corner Stress,MLP,synthetic,seed,200,current_mixture,0.1,10,1e-12,width,0.0,8,margin_hat_min,4.0,,8.074
rc21,sweep_all,Input-Corner Stress,MLP,synthetic,seed,200,current_mixture,0.1,10,1e-12,width,0.0,8,d_eff,0.0,,8.074
rc21,sweep_all,Input-Corner Stress,MLP,synthetic,seed,200,current_mixture,0.1,10,1e-12,width,0.0,8,unstable_fraction,1.0,,0.002
rc21,sweep_all,Input-Corner Stress,MLP,synthetic,seed,200,current_mixture,0.1,10,1e-12,width,0.0,8,g_ibp,20.63885307311496,,0.002
rc21,sweep_all,Input-Corner Stress,MLP,synthetic,seed,200,current_mixture,0.1,10,1e-12,width,0.0,8,a_tau,0.0,,1.657
rc21,sweep_all,Input-Corner Stress,MLP,synthetic,seed,200,current_mixture,0.1,10,1e-12,width,0.0,9,margin_hat_min,4.0,,6.758
rc21,sweep_all,Input-Corner Stress,MLP,synthetic,seed,200,current_mixture,0.1,10,1e-12,width,0.0,9,d_eff,0.0,,6.758
rc21,sweep_all,Input-Corner Stress,MLP,synthetic,seed,200,current_mixture,0.1,10,1e-12,width,0.0,9,unstable_fraction,1.0,,0.001
rc21,sweep_all,Input-Corner Stress,MLP,synthetic,seed,200,current_mixture,0.1,10,1e-12,width,0.0,9,g_ibp,20.63885307311496,,0.001
rc21,sweep_all,Input-Corner Stress,MLP,synthetic,seed,200,current_mixture,0.1,10,1e-12,width,0.0,9,a_tau,0.0,,1.327
rc21,sweep_all,Input-Corner Stress,MLP,synthetic,seed,200,current_mixture,0.1,10,1e-12,width,0.0,10,margin_hat_min,4.0,,8.321
rc21,sweep_all,Input-Corner Stress,MLP,synthetic,seed,200,current_mixture,0.1,10,1e-12,width,0.0,10,d_eff,0.0,,8.321
rc21,sweep_all,Input-Corner Stress,MLP,synthetic,seed,200,current_mixture,0.1,10,1e-12,width,0.0,10,unstable_fraction,1.0,,0.001
rc21,sweep_all,Input-Corner Stress,MLP,synthetic,seed,200,current_mixture,0.1,10,1e-12,width,0.0,10,g_ibp,20.63885307311496,,0.001
rc21,sweep_all,Input-Corner Stress,MLP,synthetic,seed,200,current_mixture,0.1,10,1e-12,width,0.0,10,a_tau,0.0,,1.839
rc21,sweep_all,Input-Corner Stress,MLP,synthetic,seed,200,current_mixture,0.1,10,1e-12,width,0.0,11,margin_hat_min,4.0,,8.012
rc21,sweep_all,Input-Corner Stress,MLP,synthetic,seed,200,current_mixture,0.1,10,1e-12,width,0.0,11,d_eff,0.0,,8.012
rc21,sweep_all,Input-Corner Stress,MLP,synthetic,seed,200,current_mixture,0.1,10,1e-12,width,0.0,11,unstable_fraction,1.0,,0.001
rc21,sweep_all,Input-Corner Stress,MLP,synthetic,seed,200,current_mixture,0.1,10,1e-12,width,0.0,11,g_ibp,20.63885307311496,,0.001
rc21,sweep_all,Input-Corner Stress,MLP,synthetic,seed,200,current_mixture,0.1,10,1e-12,width,0.0,11,a_tau,0.0,,1.812
rc21,sweep_all,Input-Corner Stress,MLP,synthetic,seed,200,current_mixture,0.1,10,1e-12,width,0.0,12,margin_hat_min,4.0,,8.116
rc21,sweep_all,Input-Corner Stress,MLP,synthetic,seed,200,current_mixture,0.1,10,1e-12,width,0.0,12,d_eff,0.0,,8.116
rc21,sweep_all,Input-Corner Stress,MLP,synthetic,seed,200,current_mixture,0.1,10,1e-12,width,0.0,12,unstable_fraction,1.0,,0.001
rc21,sweep_all,Input-Corner Stress,MLP,synthetic,seed,200,current_mixture,0.1,10,1e-12,width,0.0,12,g_ibp,20.63885307311496,,0.001
rc21,sweep_all,Input-Corner Stress,MLP,synthetic,seed,200,current_mixture,0.1,10,1e-12,width,0.0,12,a_tau,0.0,,1.788
rc21,sweep_all,Input-Corner Stress,MLP,synthetic,seed,200,current_mixture,0.1,10,1e-12,width,0.0,13,margin_hat_min,4.0,,7.626
rc21,sweep_all,Input-Corner Stress,MLP,synthetic,seed,200,current_mixture,0.1,10,1e-12,width,0.0,13,d_eff,0.0,,7.626
rc21,sweep_all,Input-Corner Stress,MLP,synthetic,seed,200,current_mixture,0.1,10,1e-12,width,0.0,13,unstable_fraction,1.0,,0.001
rc21,sweep_all,Input-Corner Stress,MLP,synthetic,seed,200,current_mixture,0.1,10,1e-12,width,0.0,13,g_ibp,20.63885307311496,,0.001
rc21,sweep_all,Input-Corner Stress,MLP,synthetic,seed,200,current_mixture,0.1,10,1e-12,width,0.0,13,a_tau,0.0,,1.618
rc21,sweep_all,Input-Corner Stress,MLP,synthetic,seed,200,current_mixture,0.1,10,1e-12,width,0.0,14,margin_hat_min,4.0,,7.814
rc21,sweep_all,Input-Corner Stress,MLP,synthetic,seed,200,current_mixture,0.1,10,1e-12,width,0.0,14,d_eff,0.0,,7.814
rc21,sweep_all,Input-Corner Stress,MLP,synthetic,seed,200,current_mixture,0.1,10,1e-12,width,0.0,14,unstable_fraction,1.0,,0.001
rc21,sweep_all,Input-Corner Stress,MLP,synthetic,seed,200,current_mixture,0.1,10,1e-12,width,0.0,14,g_ibp,20.63885307311496,,0.001
rc21,sweep_all,Input-Corner Stress,MLP,synthetic,seed,200,current_mixture,0.1,10,1e-12,width,0.0,14,a_tau,0.0,,1.694
rc21,sweep_all,Input-Corner Stress,MLP,synthetic,seed,200,current_mixture,0.1,10,1e-12,width,0.0,15,margin_hat_min,4.0,,6.695
rc21,sweep_all,Input-Corner Stress,MLP,synthetic,seed,200,current_mixture,0.1,10,1e-12,width,0.0,15,d_eff,0.0,,6.695
rc21,sweep_all,Input-Corner Stress,MLP,synthetic,seed,200,current_mixture,0.1,10,1e-12,width,0.0,15,unstable_fraction,1.0,,0.001
rc21,sweep_all,Input-Corner Stress,MLP,synthetic,seed,200,current_mixture,0.1,10,1e-12,width,0.0,15,g_ibp,20.63885307311496,,0.001
rc21,sweep_all,Input-Corner Stress,MLP,synthetic,seed,200,current_mixture,0.1,10,1e-12,width,0.0,15,a_tau,0.0,,1.501
meap5,sweep_all,MEAP,MLP,synthetic,seed,200,current_mixture,0.1,10,1e-12,width,0.0,0,margin_hat_min,0.0010000000474974513,,13.562
meap5,sweep_all,MEAP,MLP,synthetic,seed,200,current_mixture,0.1,10,1e-12,width,0.0,0,d_eff,63.800604783222084,,13.562
meap5,sweep_all,MEAP,MLP,synthetic,seed,200,current_mixture,0.1,10,1e-12,width,0.0,0,unstable_fraction,0.9523809523809523,,0.002
meap5,sweep_all,MEAP,MLP,synthetic,seed,200,current_mixture,0.1,10,1e-12,width,0.0,0,g_ibp,724.0898983263686,,0.002
meap5,sweep_all,MEAP,MLP,synthetic,seed,200,current_mixture,0.1,10,1e-12,width,0.0,0,a_tau,3.6635616461296463,,2.667
meap5,sweep_all,MEAP,MLP,synthetic,seed,200,current_mixture,0.1,10,1e-12,width,0.0,1,margin_hat_min,0.0010000000474974513,,13.413
meap5,sweep_all,MEAP,MLP,synthetic,seed,200,current_mixture,0.1,10,1e-12,width,0.0,1,d_eff,63.93174589255786,,13.413
meap5,sweep_all,MEAP,MLP,synthetic,seed,200,current_mixture,0.1,10,1e-12,width,0.0,1,unstable_fraction,0.9523809523809523,,0.002
meap5,sweep_all,MEAP,MLP,synthetic,seed,200,current_mixture,0.1,10,1e-12,width,0.0,1,g_ibp,724.0898983263686,,0.002
meap5,sweep_all,MEAP,MLP,synthetic,seed,200,current_mixture,0.1,10,1e-12,width,0.0,1,a_tau,3.6375861597263857,,2.669
meap5,sweep_all,MEAP,MLP,synthetic,seed,200,current_mixture,0.1,10,1e-12,width,0.0,2,margin_hat_min,0.0010000000474974513,,13.264
meap5,sweep_all,MEAP,MLP,synthetic,seed,200,current_mixture,0.1,10,1e-12,width,0.0,2,d_eff,63.29976801663897,,13.264
meap5,sweep_all,MEAP,MLP,synthetic,seed,200,current_mixture,0.1,10,1e-12,width,0.0,2,unstable_fraction,0.9523809523809523,,0.002
meap5,sweep_all,MEAP,MLP,synthetic,seed,200,current_mixture,0.1,10,1e-12,width,0.0,2,g_ibp,724.0898983263686,,0.002
meap5,sweep_all,MEAP,MLP,synthetic,seed,200,current_mixture,0.1,10,1e-12,width,0.0,2,a_tau,3.7376696182833684,,2.64
meap5,sweep_all,MEAP,MLP,synthetic,seed,200,current_mixture,0.1,10,1e-12,width,0.0,3,margin_hat_min,0.0010000000474974513,,13.359
meap5,sweep_all,MEAP,MLP,synthetic,seed,200,current_mixture,0.1,10,1e-12,width,0.0,3,d_eff,63.991994576642185,,13.359
meap5,sweep_all,MEAP,MLP,synthetic,seed,200,current_mixture,0.1,10,1e-12,width,0.0,3,unstable_fraction,0.9523809523809523,,0.002
meap5,sweep_all,MEAP,MLP,synthetic,seed,200,current_mixture,0.1,10,1e-12,width,0.0,3,g_ibp,724.0898983263686,,0.002
meap5,sweep_all,MEAP,MLP,synthetic,seed,200,current_mixture,0.1,10,1e-12,width,0.0,3,a_tau,3.784189633918261,,2.734
meap5,sweep_all,MEAP,MLP,synthetic,seed,200,current_mixture,0.1,10,1e-12,width,0.0,4,margin_hat_min,0.0010000000474974513,,13.363
meap5,sweep_all,MEAP,MLP,synthetic,seed,200,current_mixture,0.1,10,1e-12,width,0.0,4,d_eff,63.538951006382725,,13.363
meap5,sweep_all,MEAP,MLP,synthetic,seed,200,current_mixture,0.1,10,1e-12,width,0.0,4,unstable_fraction,0.9523809523809523,,0.002
meap5,sweep_all,MEAP,MLP,synthetic,seed,200,current_mixture,0.1,10,1e-12,width,0.0,4,g_ibp,724.0898983263686,,0.002
meap5,sweep_all,MEAP,MLP,synthetic,seed,200,current_mixture,0.1,10,1e-12,width,0.0,4,a_tau,3.828641396489095,,2.778
meap5,sweep_all,MEAP,MLP,synthetic,seed,200,current_mixture,0.1,10,1e-12,width,0.0,5,margin_hat_min,0.0010000000474974513,,10.899
meap5,sweep_all,MEAP,MLP,synthetic,seed,200,current_mixture,0.1,10,1e-12,width,0.0,5,d_eff,63.73354736288928,,10.899
meap5,sweep_all,MEAP,MLP,synthetic,seed,200,current_mixture,0.1,10,1e-12,width,0.0,5,unstable_fraction,0.9523809523809523,,0.002
meap5,sweep_all,MEAP,MLP,synthetic,seed,200,current_mixture,0.1,10,1e-12,width,0.0,5,g_ibp,724.0898983263686,,0.002
meap5,sweep_all,MEAP,MLP,synthetic,seed,200,current_mixture,0.1,10,1e-12,width,0.0,5,a_tau,3.6109179126442243,,2.336
meap5,sweep_all,MEAP,MLP,synthetic,seed,200,current_mixture,0.1,10,1e-12,width,0.0,6,margin_hat_min,0.0010000000474974513,,11.644
meap5,sweep_all,MEAP,MLP,synthetic,seed,200,current_mixture,0.1,10,1e-12,width,0.0,6,d_eff,63.332286959732535,,11.644
meap5,sweep_all,MEAP,MLP,synthetic,seed,200,current_mixture,0.1,10,1e-12,width,0.0,6,unstable_fraction,0.9523809523809523,,0.004
meap5,sweep_all,MEAP,MLP,synthetic,seed,200,current_mixture,0.1,10,1e-12,width,0.0,6,g_ibp,724.0898983263686,,0.004
meap5,sweep_all,MEAP,MLP,synthetic,seed,200,current_mixture,0.1,10,1e-12,width,0.0,6,a_tau,3.6635616461296463,,2.477
meap5,sweep_all,MEAP,MLP,synthetic,seed,200,current_mixture,0.1,10,1e-12,width,0.0,7,margin_hat_min,0.0010000000474974513,,13.001
meap5,sweep_all,MEAP,MLP,synthetic,seed,200,current_mixture,0.1,10,1e-12,width,0.0,7,d_eff,63.45804036498631,,13.001
meap5,sweep_all,MEAP,MLP,synthetic,seed,200,current_mixture,0.1,10,1e-12,width,0.0,7,unstable_fraction,0.9523809523809523,,0.002
meap5,sweep_all,MEAP,MLP,synthetic,seed,200,current_mixture,0.1,10,1e-12,width,0.0,7,g_ibp,724.0898983263686,,0.002
meap5,sweep_all,MEAP,MLP,synthetic,seed,200,current_mixture,0.1,10,1e-12,width,0.0,7,a_tau,3.6109179126442243,,2.727
meap5,sweep_all,MEAP,MLP,synthetic,seed,200,current_mixture,0.1,10,1e-12,width,0.0,8,margin_hat_min,0.0010000000474974513,,11.582
meap5,sweep_all,MEAP,MLP,synthetic,seed,200,current_mixture,0.1,10,1e-12,width,0.0,8,d_eff,63.54482068655845,,11.582
meap5,sweep_all,MEAP,MLP,synthetic,seed,200,current_mixture,0.1,10,1e-12,width,0.0,8,unstable_fraction,0.9523809523809523,,0.002
meap5,sweep_all,MEAP,MLP,synthetic,seed,200,current_mixture,0.1,10,1e-12,width,0.0,8,g_ibp,724.0898983263686,,0.002
meap5,sweep_all,MEAP,MLP,synthetic,seed,200,current_mixture,0.1,10,1e-12,width,0.0,8,a_tau,3.6109179126442243,,2.215
meap5,sweep_all,MEAP,MLP,synthetic,seed,200,current_mixture,0.1,10,1e-12,width,0.0,9,margin_hat_min,0.0010000000474974513,,11.889
meap5,sweep_all,MEAP,MLP,synthetic,seed,200,current_mixture,0.1,10,1e-12,width,0.0,9,d_eff,63.921089973965174,,11.889
meap5,sweep_all,MEAP,MLP,synthetic,seed,200,current_mixture,0.1,10,1e-12,width,0.0,9,unstable_fraction,0.9523809523809523,,0.002
meap5,sweep_all,MEAP,MLP,synthetic,seed,200,current_mixture,0.1,10,1e-12,width,0.0,9,g_ibp,724.0898983263686,,0.002
meap5,sweep_all,MEAP,MLP,synthetic,seed,200,current_mixture,0.1,10,1e-12,width,0.0,9,a_tau,3.6375861597263857,,2.352
meap5,sweep_all,MEAP,MLP,synthetic,seed,200,current_mixture,0.1,10,1e-12,width,0.0,10,margin_hat_min,0.0010000000474974513,,11.596
meap5,sweep_all,MEAP,MLP,synthetic,seed,200,current_mixture,0.1,10,1e-12,width,0.0,10,d_eff,63.64873479224887,,11.596
meap5,sweep_all,MEAP,MLP,synthetic,seed,200,current_mixture,0.1,10,1e-12,width,0.0,10,unstable_fraction,0.9523809523809523,,0.002
meap5,sweep_all,MEAP,MLP,synthetic,seed,200,current_mixture,0.1,10,1e-12,width,0.0,10,g_ibp,724.0898983263686,,0.002
meap5,sweep_all,MEAP,MLP,synthetic,seed,200,current_mixture,0.1,10,1e-12,width,0.0,10,a_tau,3.6888794541139363,,2.245
meap5,sweep_all,MEAP,MLP,synthetic,seed,200,current_mixture,0.1,10,1e-12,width,0.0,11,margin_hat_min,0.0010000000474974513,,11.388
meap5,sweep_all,MEAP,MLP,synthetic,seed,200,current_mixture,0.1,10,1e-12,width,0.0,11,d_eff,64.04207259011882,,11.388
meap5,sweep_all,MEAP,MLP,synthetic,seed,200,current_mixture,0.1,10,1e-12,width,0.0,11,unstable_fraction,0.9523809523809523,,0.002
meap5,sweep_all,MEAP,MLP,synthetic,seed,200,current_mixture,0.1,10,1e-12,width,0.0,11,g_ibp,724.0898983263686,,0.002
meap5,sweep_all,MEAP,MLP,synthetic,seed,200,current_mixture,0.1,10,1e-12,width,0.0,11,a_tau,3.6635616461296463,,2.179
meap5,sweep_all,MEAP,MLP,synthetic,seed,200,current_mixture,0.1,10,1e-12,width,0.0,12,margin_hat_min,0.0010000000474974513,,12.577
meap5,sweep_all,MEAP,MLP,synthetic,seed,200,current_mixture,0.1,10,1e-12,width,0.0,12,d_eff,63.21592753902529,,12.577
meap5,sweep_all,MEAP,MLP,synthetic,seed,200,current_mixture,0.1,10,1e-12,width,0.0,12,unstable_fraction,0.9523809523809523,,0.003
meap5,sweep_all,MEAP,MLP,synthetic,seed,200,current_mixture,0.1,10,1e-12,width,0.0,12,g_ibp,724.0898983263686,,0.003
meap5,sweep_all,MEAP,MLP,synthetic,seed,200,current_mixture,0.1,10,1e-12,width,0.0,12,a_tau,3.784189633918261,,2.939
meap5,sweep_all,MEAP,MLP,synthetic,seed,200,current_mixture,0.1,10,1e-12,width,0.0,13,margin_hat_min,0.0010000000474974513,,11.628
meap5,sweep_all,MEAP,MLP,synthetic,seed,200,current_mixture,0.1,10,1e-12,width,0.0,13,d_eff,63.83757768654262,,11.628
meap5,sweep_all,MEAP,MLP,synthetic,seed,200,current_mixture,0.1,10,1e-12,width,0.0,13,unstable_fraction,0.9523809523809523,,0.002
meap5,sweep_all,MEAP,MLP,synthetic,seed,200,current_mixture,0.1,10,1e-12,width,0.0,13,g_ibp,724.0898983263686,,0.002
meap5,sweep_all,MEAP,MLP,synthetic,seed,200,current_mixture,0.1,10,1e-12,width,0.0,13,a_tau,3.6375861597263857,,2.342
meap5,sweep_all,MEAP,MLP,synthetic,seed,200,current_mixture,0.1,10,1e-12,width,0.0,14,margin_hat_min,0.0010000000474974513,,13.308
meap5,sweep_all,MEAP,MLP,synthetic,seed,200,current_mixture,0.1,10,1e-12,width,0.0,14,d_eff,63.71361274676433,,13.308
meap5,sweep_all,MEAP,MLP,synthetic,seed,200,current_mixture,0.1,10,1e-12,width,0.0,14,unstable_fraction,0.9523809523809523,,0.003
meap5,sweep_all,MEAP,MLP,synthetic,seed,200,current_mixture,0.1,10,1e-12,width,0.0,14,g_ibp,724.0898983263686,,0.003
meap5,sweep_all,MEAP,MLP,synthetic,seed,200,current_mixture,0.1,10,1e-12,width,0.0,14,a_tau,3.6375861597263857,,3.079
meap5,sweep_all,MEAP,MLP,synthetic,seed,200,current_mixture,0.1,10,1e-12,width,0.0,15,margin_hat_min,0.0010000000474974513,,12.508
meap5,sweep_all,MEAP,MLP,synthetic,seed,200,current_mixture,0.1,10,1e-12,width,0.0,15,d_eff,63.61013070088743,,12.508
meap5,sweep_all,MEAP,MLP,synthetic,seed,200,current_mixture,0.1,10,1e-12,width,0.0,15,unstable_fraction,0.9523809523809523,,0.002
meap5,sweep_all,MEAP,MLP,synthetic,seed,200,current_mixture,0.1,10,1e-12,width,0.0,15,g_ibp,724.0898983263686,,0.002
meap5,sweep_all,MEAP,MLP,synthetic,seed,200,current_mixture,0.1,10,1e-12,width,0.0,15,a_tau,3.713572066704308,,3.032
meap4,sweep_all,MEAP,MLP,synthetic,seed,200,current_mixture,0.1,10,1e-12,width,0.0,0,margin_hat_min,0.0010000000474974513,,24.313
meap4,sweep_all,MEAP,MLP,synthetic,seed,200,current_mixture,0.1,10,1e-12,width,0.0,0,d_eff,64.03259831085875,,24.313
meap4,sweep_all,MEAP,MLP,synthetic,seed,200,current_mixture,0.1,10,1e-12,width,0.0,0,unstable_fraction,0.9941291585127201,,0.004
meap4,sweep_all,MEAP,MLP,synthetic,seed,200,current_mixture,0.1,10,1e-12,width,0.0,0,g_ibp,5365.0897056746335,,0.004
meap4,sweep_all,MEAP,MLP,synthetic,seed,200,current_mixture,0.1,10,1e-12,width,0.0,0,a_tau,5.438079308923196,,5.398
meap4,sweep_all,MEAP,MLP,synthetic,seed,200,current_mixture,0.1,10,1e-12,width,0.0,1,margin_hat_min,0.0010000000474974513,,23.925
meap4,sweep_all,MEAP,MLP,synthetic,seed,200,current_mixture,0.1,10,1e-12,width,0.0,1,d_eff,64.37598967206307,,23.925
meap4,sweep_all,MEAP,MLP,synthetic,seed,200,current_mixture,0.1,10,1e-12,width,0.0,1,unstable_fraction,0.9941291585127201,,0.006
meap4,sweep_all,MEAP,MLP,synthetic,seed,200,current_mixture,0.1,10,1e-12,width,0.0,1,g_ibp,5365.0897056746335,,0.006
meap4,sweep_all,MEAP,MLP,synthetic,seed,200,current_mixture,0.1,10,1e-12,width,0.0,1,a_tau,5.493061443340548,,5.553
meap4,sweep_all,MEAP,MLP,synthetic,seed,200,current_mixture,0.1,10,1e-12,width,0.0,2,margin_hat_min,0.0010000000474974513,,24.646
meap4,sweep_all,MEAP,MLP,synthetic,seed,200,current_mixture,0.1,10,1e-12,width,0.0,2,d_eff,63.612228300048564,,24.646
meap4,sweep_all,MEAP,MLP,synthetic,seed,200,current_mixture,0.1,10,1e-12,width,0.0,2,unstable_fraction,0.9941291585127201,,0.006
meap4,sweep_all,MEAP,MLP,synthetic,seed,200,current_mixture,0.1,10,1e-12,width,0.0,2,g_ibp,5365.0897056746335,,0.006
meap4,sweep_all,MEAP,MLP,synthetic,seed,200,current_mixture,0.1,10,1e-12,width,0.0,2,a_tau,5.4116460518550396,,5.774
meap4,sweep_all,MEAP,MLP,synthetic,seed,200,current_mixture,0.1,10,1e-12,width,0.0,3,margin_hat_min,0.0010000000474974513,,22.686
meap4,sweep_all,MEAP,MLP,synthetic,seed,200,current_mixture,0.1,10,1e-12,width,0.0,3,d_eff,64.14104090485228,,22.686
meap4,sweep_all,MEAP,MLP,synthetic,seed,200,current_mixture,0.1,10,1e-12,width,0.0,3,unstable_fraction,0.9941291585127201,,0.006
meap4,sweep_all,MEAP,MLP,synthetic,seed,200,current_mixture,0.1,10,1e-12,width,0.0,3,g_ibp,5365.0897056746335,,0.006
meap4,sweep_all,MEAP,MLP,synthetic,seed,200,current_mixture,0.1,10,1e-12,width,0.0,3,a_tau,5.429345628954441,,5.341
meap4,sweep_all,MEAP,MLP,synthetic,seed,200,current_mixture,0.1,10,1e-12,width,0.0,4,margin_hat_min,0.0010000000474974513,,22.998
meap4,sweep_all,MEAP,MLP,synthetic,seed,200,current_mixture,0.1,10,1e-12,width,0.0,4,d_eff,64.93242304596117,,22.998
meap4,sweep_all,MEAP,MLP,synthetic,seed,200,current_mixture,0.1,10,1e-12,width,0.0,4,unstable_fraction,0.9941291585127201,,0.004
meap4,sweep_all,MEAP,MLP,synthetic,seed,200,current_mixture,0.1,10,1e-12,width,0.0,4,g_ibp,5365.0897056746335,,0.004
meap4,sweep_all,MEAP,MLP,synthetic,seed,200,current_mixture,0.1,10,1e-12,width,0.0,4,a_tau,5.459585514144159,,5.23
meap4,sweep_all,MEAP,MLP,synthetic,seed,200,current_mixture,0.1,10,1e-12,width,0.0,5,margin_hat_min,0.0010000000474974513,,24.265
meap4,sweep_all,MEAP,MLP,synthetic,seed,200,current_mixture,0.1,10,1e-12,width,0.0,5,d_eff,63.86278269322348,,24.265
meap4,sweep_all,MEAP,MLP,synthetic,seed,200,current_mixture,0.1,10,1e-12,width,0.0,5,unstable_fraction,0.9941291585127201,,0.004
meap4,sweep_all,MEAP,MLP,synthetic,seed,200,current_mixture,0.1,10,1e-12,width,0.0,5,g_ibp,5365.0897056746335,,0.004
meap4,sweep_all,MEAP,MLP,synthetic,seed,200,current_mixture,0.1,10,1e-12,width,0.0,5,a_tau,5.476463551931511,,5.58
meap4,sweep_all,MEAP,MLP,synthetic,seed,200,current_mixture,0.1,10,1e-12,width,0.0,6,margin_hat_min,0.0010000000474974513,,22.948
meap4,sweep_all,MEAP,MLP,synthetic,seed,200,current_mixture,0.1,10,1e-12,width,0.0,6,d_eff,63.76064223423219,,22.948
meap4,sweep_all,MEAP,MLP,synthetic,seed,200,current_mixture,0.1,10,1e-12,width,0.0,6,unstable_fraction,0.9941291585127201,,0.004
meap4,sweep_all,MEAP,MLP,synthetic,seed,200,current_mixture,0.1,10,1e-12,width,0.0,6,g_ibp,5365.0897056746335,,0.004
meap4,sweep_all,MEAP,MLP,synthetic,seed,200,current_mixture,0.1,10,1e-12,width,0.0,6,a_tau,5.44673737166631,,5.205
meap4,sweep_all,MEAP,MLP,synthetic,seed,200,current_mixture,0.1,10,1e-12,width,0.0,7,margin_hat_min,0.0010000000474974513,,23.607
meap4,sweep_all,MEAP,MLP,synthetic,seed,200,current_mixture,0.1,10,1e-12,width,0.0,7,d_eff,64.22782598026969,,23.607
meap4,sweep_all,MEAP,MLP,synthetic,seed,200,current_mixture,0.1,10,1e-12,width,0.0,7,unstable_fraction,0.9941291585127201,,0.006
meap4,sweep_all,MEAP,MLP,synthetic,seed,200,current_mixture,0.1,10,1e-12,width,0.0,7,g_ibp,5365.0897056746335,,0.006
meap4,sweep_all,MEAP,MLP,synthetic,seed,200,current_mixture,0.1,10,1e-12,width,0.0,7,a_tau,5.420534999272286,,5.506
meap4,sweep_all,MEAP,MLP,synthetic,seed,200,current_mixture,0.1,10,1e-12,width,0.0,8,margin_hat_min,0.0010000000474974513,,20.214
meap4,sweep_all,MEAP,MLP,synthetic,seed,200,current_mixture,0.1,10,1e-12,width,0.0,8,d_eff,64.38201956525987,,20.214
meap4,sweep_all,MEAP,MLP,synthetic,seed,200,current_mixture,0.1,10,1e-12,width,0.0,8,unstable_fraction,0.9941291585127201,,0.007
meap4,sweep_all,MEAP,MLP,synthetic,seed,200,current_mixture,0.1,10,1e-12,width,0.0,8,g_ibp,5365.0897056746335,,0.007
meap4,sweep_all,MEAP,MLP,synthetic,seed,200,current_mixture,0.1,10,1e-12,width,0.0,8,a_tau,5.4510384535657,,4.78
meap4,sweep_all,MEAP,MLP,synthetic,seed,200,current_mixture,0.1,10,1e-12,width,0.0,9,margin_hat_min,0.0010000000474974513,,24.449
meap4,sweep_all,MEAP,MLP,synthetic,seed,200,current_mixture,0.1,10,1e-12,width,0.0,9,d_eff,63.7324400679445,,24.449
meap4,sweep_all,MEAP,MLP,synthetic,seed,200,current_mixture,0.1,10,1e-12,width,0.0,9,unstable_fraction,0.9941291585127201,,0.004
meap4,sweep_all,MEAP,MLP,synthetic,seed,200,current_mixture,0.1,10,1e-12,width,0.0,9,g_ibp,5365.0897056746335,,0.004
meap4,sweep_all,MEAP,MLP,synthetic,seed,200,current_mixture,0.1,10,1e-12,width,0.0,9,a_tau,5.402677381872279,,31.562
meap4,sweep_all,MEAP,MLP,synthetic,seed,200,current_mixture,0.1,10,1e-12,width,0.0,10,margin_hat_min,0.0010000000474974513,,24.14
meap4,sweep_all,MEAP,MLP,synthetic,seed,200,current_mixture,0.1,10,1e-12,width,0.0,10,d_eff,64.65012603010115,,24.14
meap4,sweep_all,MEAP,MLP,synthetic,seed,200,current_mixture,0.1,10,1e-12,width,0.0,10,unstable_fraction,0.9941291585127201,,0.005
meap4,sweep_all,MEAP,MLP,synthetic,seed,200,current_mixture,0.1,10,1e-12,width,0.0,10,g_ibp,5365.0897056746335,,0.005
meap4,sweep_all,MEAP,MLP,synthetic,seed,200,current_mixture,0.1,10,1e-12,width,0.0,10,a_tau,5.455321115357702,,24.511
meap4,sweep_all,MEAP,MLP,synthetic,seed,200,current_mixture,0.1,10,1e-12,width,0.0,11,margin_hat_min,0.0010000000474974513,,21.305
meap4,sweep_all,MEAP,MLP,synthetic,seed,200,current_mixture,0.1,10,1e-12,width,0.0,11,d_eff,63.6686596938486,,21.305
meap4,sweep_all,MEAP,MLP,synthetic,seed,200,current_mixture,0.1,10,1e-12,width,0.0,11,unstable_fraction,0.9941291585127201,,0.006
meap4,sweep_all,MEAP,MLP,synthetic,seed,200,current_mixture,0.1,10,1e-12,width,0.0,11,g_ibp,5365.0897056746335,,0.006
meap4,sweep_all,MEAP,MLP,synthetic,seed,200,current_mixture,0.1,10,1e-12,width,0.0,11,a_tau,5.4638318050256105,,5.255
meap4,sweep_all,MEAP,MLP,synthetic,seed,200,current_mixture,0.1,10,1e-12,width,0.0,12,margin_hat_min,0.0010000000474974513,,24.257
meap4,sweep_all,MEAP,MLP,synthetic,seed,200,current_mixture,0.1,10,1e-12,width,0.0,12,d_eff,64.47558458927307,,24.257
meap4,sweep_all,MEAP,MLP,synthetic,seed,200,current_mixture,0.1,10,1e-12,width,0.0,12,unstable_fraction,0.9941291585127201,,0.004
meap4,sweep_all,MEAP,MLP,synthetic,seed,200,current_mixture,0.1,10,1e-12,width,0.0,12,g_ibp,5365.0897056746335,,0.004
meap4,sweep_all,MEAP,MLP,synthetic,seed,200,current_mixture,0.1,10,1e-12,width,0.0,12,a_tau,5.438079308923196,,25.346
meap4,sweep_all,MEAP,MLP,synthetic,seed,200,current_mixture,0.1,10,1e-12,width,0.0,13,margin_hat_min,0.0010000000474974513,,24.449
meap4,sweep_all,MEAP,MLP,synthetic,seed,200,current_mixture,0.1,10,1e-12,width,0.0,13,d_eff,63.651349885583734,,24.449
meap4,sweep_all,MEAP,MLP,synthetic,seed,200,current_mixture,0.1,10,1e-12,width,0.0,13,unstable_fraction,0.9941291585127201,,0.004
meap4,sweep_all,MEAP,MLP,synthetic,seed,200,current_mixture,0.1,10,1e-12,width,0.0,13,g_ibp,5365.0897056746335,,0.004
meap4,sweep_all,MEAP,MLP,synthetic,seed,200,current_mixture,0.1,10,1e-12,width,0.0,13,a_tau,5.407171771460119,,29.84
meap4,sweep_all,MEAP,MLP,synthetic,seed,200,current_mixture,0.1,10,1e-12,width,0.0,14,margin_hat_min,0.0010000000474974513,,24.954
meap4,sweep_all,MEAP,MLP,synthetic,seed,200,current_mixture,0.1,10,1e-12,width,0.0,14,d_eff,64.04237598759045,,24.954
meap4,sweep_all,MEAP,MLP,synthetic,seed,200,current_mixture,0.1,10,1e-12,width,0.0,14,unstable_fraction,0.9941291585127201,,0.005
meap4,sweep_all,MEAP,MLP,synthetic,seed,200,current_mixture,0.1,10,1e-12,width,0.0,14,g_ibp,5365.0897056746335,,0.005
meap4,sweep_all,MEAP,MLP,synthetic,seed,200,current_mixture,0.1,10,1e-12,width,0.0,14,a_tau,5.438079308923196,,46.127
meap4,sweep_all,MEAP,MLP,synthetic,seed,200,current_mixture,0.1,10,1e-12,width,0.0,15,margin_hat_min,0.0010000000474974513,,21.739
meap4,sweep_all,MEAP,MLP,synthetic,seed,200,current_mixture,0.1,10,1e-12,width,0.0,15,d_eff,63.74049184907069,,21.739
meap4,sweep_all,MEAP,MLP,synthetic,seed,200,current_mixture,0.1,10,1e-12,width,0.0,15,unstable_fraction,0.9941291585127201,,0.007
meap4,sweep_all,MEAP,MLP,synthetic,seed,200,current_mixture,0.1,10,1e-12,width,0.0,15,g_ibp,5365.0897056746335,,0.007
meap4,sweep_all,MEAP,MLP,synthetic,seed,200,current_mixture,0.1,10,1e-12,width,0.0,15,a_tau,5.459585514144159,,53.079
milp16,sweep_all,MILP,MLP,synthetic,seed,200,current_mixture,0.1,10,1e-12,width,0.0,0,margin_hat_min,0.004393190145492554,,2.673
milp16,sweep_all,MILP,MLP,synthetic,seed,200,current_mixture,0.1,10,1e-12,width,0.0,0,d_eff,32.11740105565865,,2.673
milp16,sweep_all,MILP,MLP,synthetic,seed,200,current_mixture,0.1,10,1e-12,width,0.0,0,unstable_fraction,0.6666666666666666,,0.001
milp16,sweep_all,MILP,MLP,synthetic,seed,200,current_mixture,0.1,10,1e-12,width,0.0,0,g_ibp,64.87429701869723,,0.001
milp16,sweep_all,MILP,MLP,synthetic,seed,200,current_mixture,0.1,10,1e-12,width,0.0,0,a_tau,3.8066624897703196,,0.538
milp16,sweep_all,MILP,MLP,synthetic,seed,200,current_mixture,0.1,10,1e-12,width,0.0,1,margin_hat_min,0.011149108409881592,,2.161
milp16,sweep_all,MILP,MLP,synthetic,seed,200,current_mixture,0.1,10,1e-12,width,0.0,1,d_eff,31.990459610608582,,2.161
milp16,sweep_all,MILP,MLP,synthetic,seed,200,current_mixture,0.1,10,1e-12,width,0.0,1,unstable_fraction,0.6666666666666666,,0.001
milp16,sweep_all,MILP,MLP,synthetic,seed,200,current_mixture,0.1,10,1e-12,width,0.0,1,g_ibp,26.169002034530457,,0.001
milp16,sweep_all,MILP,MLP,synthetic,seed,200,current_mixture,0.1,10,1e-12,width,0.0,1,a_tau,4.30406509320417,,0.478
milp16,sweep_all,MILP,MLP,synthetic,seed,200,current_mixture,0.1,10,1e-12,width,0.0,2,margin_hat_min,0.004395008087158203,,2.83
milp16,sweep_all,MILP,MLP,synthetic,seed,200,current_mixture,0.1,10,1e-12,width,0.0,2,d_eff,32.113944904199705,,2.83
milp16,sweep_all,MILP,MLP,synthetic,seed,200,current_mixture,0.1,10,1e-12,width,0.0,2,unstable_fraction,0.6666666666666666,,0.001
milp16,sweep_all,MILP,MLP,synthetic,seed,200,current_mixture,0.1,10,1e-12,width,0.0,2,g_ibp,64.84787619225389,,0.001
milp16,sweep_all,MILP,MLP,synthetic,seed,200,current_mixture,0.1,10,1e-12,width,0.0,2,a_tau,3.2188758248682006,,0.636
milp16,sweep_all,MILP,MLP,synthetic,seed,200,current_mixture,0.1,10,1e-12,width,0.0,3,margin_hat_min,0.004390209913253784,,2.128
milp16,sweep_all,MILP,MLP,synthetic,seed,200,current_mixture,0.1,10,1e-12,width,0.0,3,d_eff,32.00460454793186,,2.128
milp16,sweep_all,MILP,MLP,synthetic,seed,200,current_mixture,0.1,10,1e-12,width,0.0,3,unstable_fraction,0.6666666666666666,,0.001
milp16,sweep_all,MILP,MLP,synthetic,seed,200,current_mixture,0.1,10,1e-12,width,0.0,3,g_ibp,64.91765718664406,,0.001
milp16,sweep_all,MILP,MLP,synthetic,seed,200,current_mixture,0.1,10,1e-12,width,0.0,3,a_tau,3.6109179126442243,,0.547
milp16,sweep_all,MILP,MLP,synthetic,seed,200,current_mixture,0.1,10,1e-12,width,0.0,4,margin_hat_min,0.004390209913253784,,2.209
milp16,sweep_all,MILP,MLP,synthetic,seed,200,current_mixture,0.1,10,1e-12,width,0.0,4,d_eff,32.0270356166144,,2.209
milp16,sweep_all,MILP,MLP,synthetic,seed,200,current_mixture,0.1,10,1e-12,width,0.0,4,unstable_fraction,0.6666666666666666,,0.001
milp16,sweep_all,MILP,MLP,synthetic,seed,200,current_mixture,0.1,10,1e-12,width,0.0,4,g_ibp,64.91765718664406,,0.001
milp16,sweep_all,MILP,MLP,synthetic,seed,200,current_mixture,0.1,10,1e-12,width,0.0,4,a_tau,3.367295829986474,,0.528
milp16,sweep_all,MILP,MLP,synthetic,seed,200,current_mixture,0.1,10,1e-12,width,0.0,5,margin_hat_min,0.004391312599182129,,2.786
milp16,sweep_all,MILP,MLP,synthetic,seed,200,current_mixture,0.1,10,1e-12,width,0.0,5,d_eff,32.02897708661888,,2.786
milp16,sweep_all,MILP,MLP,synthetic,seed,200,current_mixture,0.1,10,1e-12,width,0.0,5,unstable_fraction,0.6666666666666666,,0.001
milp16,sweep_all,MILP,MLP,synthetic,seed,200,current_mixture,0.1,10,1e-12,width,0.0,5,g_ibp,64.90160706505866,,0.001
milp16,sweep_all,MILP,MLP,synthetic,seed,200,current_mixture,0.1,10,1e-12,width,0.0,5,a_tau,3.367295829986474,,0.581
milp16,sweep_all,MILP,MLP,synthetic,seed,200,current_mixture,0.1,10,1e-12,width,0.0,6,margin_hat_min,0.004390209913253784,,2.776
milp16,sweep_all,MILP,MLP,synthetic,seed,200,current_mixture,0.1,10,1e-12,width,0.0,6,d_eff,31.976318327370045,,2.776
milp16,sweep_all,MILP,MLP,synthetic,seed,200,current_mixture,0.1,10,1e-12,width,0.0,6,unstable_fraction,0.6666666666666666,,0.001
milp16,sweep_all,MILP,MLP,synthetic,seed,200,current_mixture,0.1,10,1e-12,width,0.0,6,g_ibp,64.91765718664406,,0.001
milp16,sweep_all,MILP,MLP,synthetic,seed,200,current_mixture,0.1,10,1e-12,width,0.0,6,a_tau,4.04305126783455,,0.609
milp16,sweep_all,MILP,MLP,synthetic,seed,200,current_mixture,0.1,10,1e-12,width,0.0,7,margin_hat_min,0.011149108409881592,,2.195
milp16,sweep_all,MILP,MLP,synthetic,seed,200,current_mixture,0.1,10,1e-12,width,0.0,7,d_eff,32.02342072567874,,2.195
milp16,sweep_all,MILP,MLP,synthetic,seed,200,current_mixture,0.1,10,1e-12,width,0.0,7,unstable_fraction,0.6666666666666666,,0.001
milp16,sweep_all,MILP,MLP,synthetic,seed,200,current_mixture,0.1,10,1e-12,width,0.0,7,g_ibp,26.169002034530457,,0.001
milp16,sweep_all,MILP,MLP,synthetic,seed,200,current_mixture,0.1,10,1e-12,width,0.0,7,a_tau,3.8501476017100584,,0.434
milp16,sweep_all,MILP,MLP,synthetic,seed,200,current_mixture,0.1,10,1e-12,width,0.0,8,margin_hat_min,0.011149108409881592,,2.882
milp16,sweep_all,MILP,MLP,synthetic,seed,200,current_mixture,0.1,10,1e-12,width,0.0,8,d_eff,32.02820591179574,,2.882
milp16,sweep_all,MILP,MLP,synthetic,seed,200,current_mixture,0.1,10,1e-12,width,0.0,8,unstable_fraction,0.6666666666666666,,0.001
milp16,sweep_all,MILP,MLP,synthetic,seed,200,current_mixture,0.1,10,1e-12,width,0.0,8,g_ibp,26.169002034530457,,0.001
milp16,sweep_all,MILP,MLP,synthetic,seed,200,current_mixture,0.1,10,1e-12,width,0.0,8,a_tau,3.5553480614894135,,0.743
milp16,sweep_all,MILP,MLP,synthetic,seed,200,current_mixture,0.1,10,1e-12,width,0.0,9,margin_hat_min,0.004390209913253784,,2.844
milp16,sweep_all,MILP,MLP,synthetic,seed,200,current_mixture,0.1,10,1e-12,width,0.0,9,d_eff,32.03785124202966,,2.844
milp16,sweep_all,MILP,MLP,synthetic,seed,200,current_mixture,0.1,10,1e-12,width,0.0,9,unstable_fraction,0.6666666666666666,,0.001
milp16,sweep_all,MILP,MLP,synthetic,seed,200,current_mixture,0.1,10,1e-12,width,0.0,9,g_ibp,64.91765718664406,,0.001
milp16,sweep_all,MILP,MLP,synthetic,seed,200,current_mixture,0.1,10,1e-12,width,0.0,9,a_tau,3.9889840465642745,,0.64
milp16,sweep_all,MILP,MLP,synthetic,seed,200,current_mixture,0.1,10,1e-12,width,0.0,10,margin_hat_min,0.004390209913253784,,2.184
milp16,sweep_all,MILP,MLP,synthetic,seed,200,current_mixture,0.1,10,1e-12,width,0.0,10,d_eff,32.115079607161235,,2.184
milp16,sweep_all,MILP,MLP,synthetic,seed,200,current_mixture,0.1,10,1e-12,width,0.0,10,unstable_fraction,0.6666666666666666,,0.001
milp16,sweep_all,MILP,MLP,synthetic,seed,200,current_mixture,0.1,10,1e-12,width,0.0,10,g_ibp,64.91765718664406,,0.001
milp16,sweep_all,MILP,MLP,synthetic,seed,200,current_mixture,0.1,10,1e-12,width,0.0,10,a_tau,3.9889840465642745,,0.492
milp16,sweep_all,MILP,MLP,synthetic,seed,200,current_mixture,0.1,10,1e-12,width,0.0,11,margin_hat_min,0.011149108409881592,,2.134
milp16,sweep_all,MILP,MLP,synthetic,seed,200,current_mixture,0.1,10,1e-12,width,0.0,11,d_eff,31.915385549025274,,2.134
milp16,sweep_all,MILP,MLP,synthetic,seed,200,current_mixture,0.1,10,1e-12,width,0.0,11,unstable_fraction,0.6666666666666666,,0.001
milp16,sweep_all,MILP,MLP,synthetic,seed,200,current_mixture,0.1,10,1e-12,width,0.0,11,g_ibp,26.169002034530457,,0.001
milp16,sweep_all,MILP,MLP,synthetic,seed,200,current_mixture,0.1,10,1e-12,width,0.0,11,a_tau,4.110873864173311,,0.559
milp16,sweep_all,MILP,MLP,synthetic,seed,200,current_mixture,0.1,10,1e-12,width,0.0,12,margin_hat_min,0.004390239715576172,,2.818
milp16,sweep_all,MILP,MLP,synthetic,seed,200,current_mixture,0.1,10,1e-12,width,0.0,12,d_eff,32.070575787590485,,2.818
milp16,sweep_all,MILP,MLP,synthetic,seed,200,current_mixture,0.1,10,1e-12,width,0.0,12,unstable_fraction,0.6666666666666666,,0.001
milp16,sweep_all,MILP,MLP,synthetic,seed,200,current_mixture,0.1,10,1e-12,width,0.0,12,g_ibp,64.91722329356561,,0.001
milp16,sweep_all,MILP,MLP,synthetic,seed,200,current_mixture,0.1,10,1e-12,width,0.0,12,a_tau,4.0943445622221,,0.622
milp16,sweep_all,MILP,MLP,synthetic,seed,200,current_mixture,0.1,10,1e-12,width,0.0,13,margin_hat_min,0.004413768649101257,,2.324
milp16,sweep_all,MILP,MLP,synthetic,seed,200,current_mixture,0.1,10,1e-12,width,0.0,13,d_eff,31.999174680375457,,2.324
milp16,sweep_all,MILP,MLP,synthetic,seed,200,current_mixture,0.1,10,1e-12,width,0.0,13,unstable_fraction,0.6666666666666666,,0.001
milp16,sweep_all,MILP,MLP,synthetic,seed,200,current_mixture,0.1,10,1e-12,width,0.0,13,g_ibp,64.57649313364936,,0.001
milp16,sweep_all,MILP,MLP,synthetic,seed,200,current_mixture,0.1,10,1e-12,width,0.0,13,a_tau,3.970291913552122,,0.464
milp16,sweep_all,MILP,MLP,synthetic,seed,200,current_mixture,0.1,10,1e-12,width,0.0,14,margin_hat_min,0.011149108409881592,,2.804
milp16,sweep_all,MILP,MLP,synthetic,seed,200,current_mixture,0.1,10,1e-12,width,0.0,14,d_eff,32.016756201027924,,2.804
milp16,sweep_all,MILP,MLP,synthetic,seed,200,current_mixture,0.1,10,1e-12,width,0.0,14,unstable_fraction,0.6666666666666666,,0.001
milp16,sweep_all,MILP,MLP,synthetic,seed,200,current_mixture,0.1,10,1e-12,width,0.0,14,g_ibp,26.169002034530457,,0.001
milp16,sweep_all,MILP,MLP,synthetic,seed,200,current_mixture,0.1,10,1e-12,width,0.0,14,a_tau,4.5217885770490405,,0.58
milp16,sweep_all,MILP,MLP,synthetic,seed,200,current_mixture,0.1,10,1e-12,width,0.0,15,margin_hat_min,0.011149108409881592,,2.383
milp16,sweep_all,MILP,MLP,synthetic,seed,200,current_mixture,0.1,10,1e-12,width,0.0,15,d_eff,32.06859202760994,,2.383
milp16,sweep_all,MILP,MLP,synthetic,seed,200,current_mixture,0.1,10,1e-12,width,0.0,15,unstable_fraction,0.6666666666666666,,0.001
milp16,sweep_all,MILP,MLP,synthetic,seed,200,current_mixture,0.1,10,1e-12,width,0.0,15,g_ibp,26.169002034530457,,0.001
milp16,sweep_all,MILP,MLP,synthetic,seed,200,current_mixture,0.1,10,1e-12,width,0.0,15,a_tau,3.367295829986474,,0.462
milp14,sweep_all,MILP,MLP,synthetic,seed,200,current_mixture,0.1,10,1e-12,width,0.0,0,margin_hat_min,0.011491924524307251,,2.95
milp14,sweep_all,MILP,MLP,synthetic,seed,200,current_mixture,0.1,10,1e-12,width,0.0,0,d_eff,33.74279879767281,,2.95
milp14,sweep_all,MILP,MLP,synthetic,seed,200,current_mixture,0.1,10,1e-12,width,0.0,0,unstable_fraction,1.0,,0.001
milp14,sweep_all,MILP,MLP,synthetic,seed,200,current_mixture,0.1,10,1e-12,width,0.0,0,g_ibp,168.88159903095985,,0.001
milp14,sweep_all,MILP,MLP,synthetic,seed,200,current_mixture,0.1,10,1e-12,width,0.0,0,a_tau,4.543294782270004,,0.59
milp14,sweep_all,MILP,MLP,synthetic,seed,200,current_mixture,0.1,10,1e-12,width,0.0,1,margin_hat_min,0.00977487862110138,,2.322
milp14,sweep_all,MILP,MLP,synthetic,seed,200,current_mixture,0.1,10,1e-12,width,0.0,1,d_eff,33.7872572191349,,2.322
milp14,sweep_all,MILP,MLP,synthetic,seed,200,current_mixture,0.1,10,1e-12,width,0.0,1,unstable_fraction,1.0,,0.001
milp14,sweep_all,MILP,MLP,synthetic,seed,200,current_mixture,0.1,10,1e-12,width,0.0,1,g_ibp,198.37152141096695,,0.001
milp14,sweep_all,MILP,MLP,synthetic,seed,200,current_mixture,0.1,10,1e-12,width,0.0,1,a_tau,4.465908118654584,,0.491
milp14,sweep_all,MILP,MLP,synthetic,seed,200,current_mixture,0.1,10,1e-12,width,0.0,2,margin_hat_min,0.008949607610702515,,3.194
milp14,sweep_all,MILP,MLP,synthetic,seed,200,current_mixture,0.1,10,1e-12,width,0.0,2,d_eff,33.446160049752024,,3.194
milp14,sweep_all,MILP,MLP,synthetic,seed,200,current_mixture,0.1,10,1e-12,width,0.0,2,unstable_fraction,1.0,,0.001
milp14,sweep_all,MILP,MLP,synthetic,seed,200,current_mixture,0.1,10,1e-12,width,0.0,2,g_ibp,216.5717601215224,,0.001
milp14,sweep_all,MILP,MLP,synthetic,seed,200,current_mixture,0.1,10,1e-12,width,0.0,2,a_tau,4.442651256490317,,0.47
milp14,sweep_all,MILP,MLP,synthetic,seed,200,current_mixture,0.1,10,1e-12,width,0.0,3,margin_hat_min,0.009690150618553162,,2.899
milp14,sweep_all,MILP,MLP,synthetic,seed,200,current_mixture,0.1,10,1e-12,width,0.0,3,d_eff,33.95755417482681,,2.899
milp14,sweep_all,MILP,MLP,synthetic,seed,200,current_mixture,0.1,10,1e-12,width,0.0,3,unstable_fraction,1.0,,0.001
milp14,sweep_all,MILP,MLP,synthetic,seed,200,current_mixture,0.1,10,1e-12,width,0.0,3,g_ibp,200.09728351989742,,0.001
milp14,sweep_all,MILP,MLP,synthetic,seed,200,current_mixture,0.1,10,1e-12,width,0.0,3,a_tau,4.454347296253507,,0.603
milp14,sweep_all,MILP,MLP,synthetic,seed,200,current_mixture,0.1,10,1e-12,width,0.0,4,margin_hat_min,0.010240688920021057,,2.797
milp14,sweep_all,MILP,MLP,synthetic,seed,200,current_mixture,0.1,10,1e-12,width,0.0,4,d_eff,33.696660293469556,,2.797
milp14,sweep_all,MILP,MLP,synthetic,seed,200,current_mixture,0.1,10,1e-12,width,0.0,4,unstable_fraction,1.0,,0.001
milp14,sweep_all,MILP,MLP,synthetic,seed,200,current_mixture,0.1,10,1e-12,width,0.0,4,g_ibp,189.39383562286008,,0.001
milp14,sweep_all,MILP,MLP,synthetic,seed,200,current_mixture,0.1,10,1e-12,width,0.0,4,a_tau,4.442651256490317,,0.618
milp14,sweep_all,MILP,MLP,synthetic,seed,200,current_mixture,0.1,10,1e-12,width,0.0,5,margin_hat_min,0.008197739720344543,,2.342
milp14,sweep_all,MILP,MLP,synthetic,seed,200,current_mixture,0.1,10,1e-12,width,0.0,5,d_eff,33.80695107224969,,2.342
milp14,sweep_all,MILP,MLP,synthetic,seed,200,current_mixture,0.1,10,1e-12,width,0.0,5,unstable_fraction,1.0,,0.001
milp14,sweep_all,MILP,MLP,synthetic,seed,200,current_mixture,0.1,10,1e-12,width,0.0,5,g_ibp,236.3432447029748,,0.001
milp14,sweep_all,MILP,MLP,synthetic,seed,200,current_mixture,0.1,10,1e-12,width,0.0,5,a_tau,4.356708826689592,,0.485
milp14,sweep_all,MILP,MLP,synthetic,seed,200,current_mixture,0.1,10,1e-12,width,0.0,6,margin_hat_min,0.00823606550693512,,2.439
milp14,sweep_all,MILP,MLP,synthetic,seed,200,current_mixture,0.1,10,1e-12,width,0.0,6,d_eff,33.64963450958192,,2.439
milp14,sweep_all,MILP,MLP,synthetic,seed,200,current_mixture,0.1,10,1e-12,width,0.0,6,unstable_fraction,1.0,,0.001
milp14,sweep_all,MILP,MLP,synthetic,seed,200,current_mixture,0.1,10,1e-12,width,0.0,6,g_ibp,235.2480961805001,,0.001
milp14,sweep_all,MILP,MLP,synthetic,seed,200,current_mixture,0.1,10,1e-12,width,0.0,6,a_tau,4.3694478524670215,,0.478
milp14,sweep_all,MILP,MLP,synthetic,seed,200,current_mixture,0.1,10,1e-12,width,0.0,7,margin_hat_min,0.005842357873916626,,2.799
milp14,sweep_all,MILP,MLP,synthetic,seed,200,current_mixture,0.1,10,1e-12,width,0.0,7,d_eff,33.59850913789287,,2.799
milp14,sweep_all,MILP,MLP,synthetic,seed,200,current_mixture,0.1,10,1e-12,width,0.0,7,unstable_fraction,1.0,,0.001
milp14,sweep_all,MILP,MLP,synthetic,seed,200,current_mixture,0.1,10,1e-12,width,0.0,7,g_ibp,331.22329452545176,,0.001
milp14,sweep_all,MILP,MLP,synthetic,seed,200,current_mixture,0.1,10,1e-12,width,0.0,7,a_tau,4.624972813284271,,0.59
milp14,sweep_all,MILP,MLP,synthetic,seed,200,current_mixture,0.1,10,1e-12,width,0.0,8,margin_hat_min,0.008645161986351013,,2.405
milp14,sweep_all,MILP,MLP,synthetic,seed,200,current_mixture,0.1,10,1e-12,width,0.0,8,d_eff,33.855905416344676,,2.405
milp14,sweep_all,MILP,MLP,synthetic,seed,200,current_mixture,0.1,10,1e-12,width,0.0,8,unstable_fraction,1.0,,0.001
milp14,sweep_all,MILP,MLP,synthetic,seed,200,current_mixture,0.1,10,1e-12,width,0.0,8,g_ibp,224.16327537580844,,0.001
milp14,sweep_all,MILP,MLP,synthetic,seed,200,current_mixture,0.1,10,1e-12,width,0.0,8,a_tau,4.605170185988092,,0.508
milp14,sweep_all,MILP,MLP,synthetic,seed,200,current_mixture,0.1,10,1e-12,width,0.0,9,margin_hat_min,0.009419307112693787,,2.8
milp14,sweep_all,MILP,MLP,synthetic,seed,200,current_mixture,0.1,10,1e-12,width,0.0,9,d_eff,33.75287125250706,,2.8
milp14,sweep_all,MILP,MLP,synthetic,seed,200,current_mixture,0.1,10,1e-12,width,0.0,9,unstable_fraction,1.0,,0.001
milp14,sweep_all,MILP,MLP,synthetic,seed,200,current_mixture,0.1,10,1e-12,width,0.0,9,g_ibp,205.8221426443241,,0.001
milp14,sweep_all,MILP,MLP,synthetic,seed,200,current_mixture,0.1,10,1e-12,width,0.0,9,a_tau,4.61512051684126,,0.584
milp14,sweep_all,MILP,MLP,synthetic,seed,200,current_mixture,0.1,10,1e-12,width,0.0,10,margin_hat_min,0.007394373416900635,,2.884
milp14,sweep_all,MILP,MLP,synthetic,seed,200,current_mixture,0.1,10,1e-12,width,0.0,10,d_eff,33.63502611771492,,2.884
milp14,sweep_all,MILP,MLP,synthetic,seed,200,current_mixture,0.1,10,1e-12,width,0.0,10,unstable_fraction,1.0,,0.001
milp14,sweep_all,MILP,MLP,synthetic,seed,200,current_mixture,0.1,10,1e-12,width,0.0,10,g_ibp,261.9122580394967,,0.001
milp14,sweep_all,MILP,MLP,synthetic,seed,200,current_mixture,0.1,10,1e-12,width,0.0,10,a_tau,4.59511985013459,,0.598
milp14,sweep_all,MILP,MLP,synthetic,seed,200,current_mixture,0.1,10,1e-12,width,0.0,11,margin_hat_min,0.008821293711662292,,2.441
milp14,sweep_all,MILP,MLP,synthetic,seed,200,current_mixture,0.1,10,1e-12,width,0.0,11,d_eff,33.773814787983206,,2.441
milp14,sweep_all,MILP,MLP,synthetic,seed,200,current_mixture,0.1,10,1e-12,width,0.0,11,unstable_fraction,1.0,,0.001
milp14,sweep_all,MILP,MLP,synthetic,seed,200,current_mixture,0.1,10,1e-12,width,0.0,11,g_ibp,219.70745132115346,,0.001
milp14,sweep_all,MILP,MLP,synthetic,seed,200,current_mixture,0.1,10,1e-12,width,0.0,11,a_tau,4.442651256490317,,0.507
milp14,sweep_all,MILP,MLP,synthetic,seed,200,current_mixture,0.1,10,1e-12,width,0.0,12,margin_hat_min,0.008519425988197327,,2.828
milp14,sweep_all,MILP,MLP,synthetic,seed,200,current_mixture,0.1,10,1e-12,width,0.0,12,d_eff,33.717865875028345,,2.828
milp14,sweep_all,MILP,MLP,synthetic,seed,200,current_mixture,0.1,10,1e-12,width,0.0,12,unstable_fraction,1.0,,0.001
milp14,sweep_all,MILP,MLP,synthetic,seed,200,current_mixture,0.1,10,1e-12,width,0.0,12,g_ibp,227.4568842663843,,0.001
milp14,sweep_all,MILP,MLP,synthetic,seed,200,current_mixture,0.1,10,1e-12,width,0.0,12,a_tau,4.5217885770490405,,0.619
milp14,sweep_all,MILP,MLP,synthetic,seed,200,current_mixture,0.1,10,1e-12,width,0.0,13,margin_hat_min,0.009245336055755615,,2.339
milp14,sweep_all,MILP,MLP,synthetic,seed,200,current_mixture,0.1,10,1e-12,width,0.0,13,d_eff,33.80619771649919,,2.339
milp14,sweep_all,MILP,MLP,synthetic,seed,200,current_mixture,0.1,10,1e-12,width,0.0,13,unstable_fraction,1.0,,0.001
milp14,sweep_all,MILP,MLP,synthetic,seed,200,current_mixture,0.1,10,1e-12,width,0.0,13,g_ibp,209.67631564803406,,0.001
milp14,sweep_all,MILP,MLP,synthetic,seed,200,current_mixture,0.1,10,1e-12,width,0.0,13,a_tau,4.356708826689592,,0.502
milp14,sweep_all,MILP,MLP,synthetic,seed,200,current_mixture,0.1,10,1e-12,width,0.0,14,margin_hat_min,0.008293241262435913,,2.474
milp14,sweep_all,MILP,MLP,synthetic,seed,200,current_mixture,0.1,10,1e-12,width,0.0,14,d_eff,33.83548852513103,,2.474
milp14,sweep_all,MILP,MLP,synthetic,seed,200,current_mixture,0.1,10,1e-12,width,0.0,14,unstable_fraction,1.0,,0.001
milp14,sweep_all,MILP,MLP,synthetic,seed,200,current_mixture,0.1,10,1e-12,width,0.0,14,g_ibp,233.63312907074143,,0.001
milp14,sweep_all,MILP,MLP,synthetic,seed,200,current_mixture,0.1,10,1e-12,width,0.0,14,a_tau,4.553876891600541,,0.476
milp14,sweep_all,MILP,MLP,synthetic,seed,200,current_mixture,0.1,10,1e-12,width,0.0,15,margin_hat_min,0.008230030536651611,,2.441
milp14,sweep_all,MILP,MLP,synthetic,seed,200,current_mixture,0.1,10,1e-12,width,0.0,15,d_eff,33.81674592264708,,2.441
milp14,sweep_all,MILP,MLP,synthetic,seed,200,current_mixture,0.1,10,1e-12,width,0.0,15,unstable_fraction,1.0,,0.001
milp14,sweep_all,MILP,MLP,synthetic,seed,200,current_mixture,0.1,10,1e-12,width,0.0,15,g_ibp,235.41986714695648,,0.001
milp14,sweep_all,MILP,MLP,synthetic,seed,200,current_mixture,0.1,10,1e-12,width,0.0,15,a_tau,4.543294782270004,,0.51
milp30,sweep_all,MILP,MLP,synthetic,seed,200,current_mixture,0.1,10,1e-12,width,0.0,0,margin_hat_min,0.004749450832605362,,2.912
milp30,sweep_all,MILP,MLP,synthetic,seed,200,current_mixture,0.1,10,1e-12,width,0.0,0,d_eff,30.170694641075094,,2.912
milp30,sweep_all,MILP,MLP,synthetic,seed,200,current_mixture,0.1,10,1e-12,width,0.0,0,unstable_fraction,0.87,,0.001
milp30,sweep_all,MILP,MLP,synthetic,seed,200,current_mixture,0.1,10,1e-12,width,0.0,0,g_ibp,477.46848696651045,,0.001
milp30,sweep_all,MILP,MLP,synthetic,seed,200,current_mixture,0.1,10,1e-12,width,0.0,0,a_tau,4.174387269895637,,0.611
milp30,sweep_all,MILP,MLP,synthetic,seed,200,current_mixture,0.1,10,1e-12,width,0.0,1,margin_hat_min,0.005011856555938721,,2.911
milp30,sweep_all,MILP,MLP,synthetic,seed,200,current_mixture,0.1,10,1e-12,width,0.0,1,d_eff,29.965019325260812,,2.911
milp30,sweep_all,MILP,MLP,synthetic,seed,200,current_mixture,0.1,10,1e-12,width,0.0,1,unstable_fraction,0.87,,0.001
milp30,sweep_all,MILP,MLP,synthetic,seed,200,current_mixture,0.1,10,1e-12,width,0.0,1,g_ibp,452.52203118758325,,0.001
milp30,sweep_all,MILP,MLP,synthetic,seed,200,current_mixture,0.1,10,1e-12,width,0.0,1,a_tau,4.624972813284271,,0.681
milp30,sweep_all,MILP,MLP,synthetic,seed,200,current_mixture,0.1,10,1e-12,width,0.0,2,margin_hat_min,0.00431428849697113,,2.543
milp30,sweep_all,MILP,MLP,synthetic,seed,200,current_mixture,0.1,10,1e-12,width,0.0,2,d_eff,30.059612738911266,,2.543
milp30,sweep_all,MILP,MLP,synthetic,seed,200,current_mixture,0.1,10,1e-12,width,0.0,2,unstable_fraction,0.87,,0.001
milp30,sweep_all,MILP,MLP,synthetic,seed,200,current_mixture,0.1,10,1e-12,width,0.0,2,g_ibp,525.5276605108761,,0.001
milp30,sweep_all,MILP,MLP,synthetic,seed,200,current_mixture,0.1,10,1e-12,width,0.0,2,a_tau,4.382026634673881,,0.639
milp30,sweep_all,MILP,MLP,synthetic,seed,200,current_mixture,0.1,10,1e-12,width,0.0,3,margin_hat_min,0.004787374287843704,,3.024
milp30,sweep_all,MILP,MLP,synthetic,seed,200,current_mixture,0.1,10,1e-12,width,0.0,3,d_eff,30.06407848782906,,3.024
milp30,sweep_all,MILP,MLP,synthetic,seed,200,current_mixture,0.1,10,1e-12,width,0.0,3,unstable_fraction,0.87,,0.001
milp30,sweep_all,MILP,MLP,synthetic,seed,200,current_mixture,0.1,10,1e-12,width,0.0,3,g_ibp,473.6941149939527,,0.001
milp30,sweep_all,MILP,MLP,synthetic,seed,200,current_mixture,0.1,10,1e-12,width,0.0,3,a_tau,4.174387269895637,,0.677
milp30,sweep_all,MILP,MLP,synthetic,seed,200,current_mixture,0.1,10,1e-12,width,0.0,4,margin_hat_min,0.0046857669949531555,,2.505
milp30,sweep_all,MILP,MLP,synthetic,seed,200,current_mixture,0.1,10,1e-12,width,0.0,4,d_eff,30.052091197700975,,2.505
milp30,sweep_all,MILP,MLP,synthetic,seed,200,current_mixture,0.1,10,1e-12,width,0.0,4,unstable_fraction,0.87,,0.001
milp30,sweep_all,MILP,MLP,synthetic,seed,200,current_mixture,0.1,10,1e-12,width,0.0,4,g_ibp,483.9441273038498,,0.001
milp30,sweep_all,MILP,MLP,synthetic,seed,200,current_mixture,0.1,10,1e-12,width,0.0,4,a_tau,4.219507705176107,,0.608
milp30,sweep_all,MILP,MLP,synthetic,seed,200,current_mixture,0.1,10,1e-12,width,0.0,5,margin_hat_min,0.0033903345465660095,,3.007
milp30,sweep_all,MILP,MLP,synthetic,seed,200,current_mixture,0.1,10,1e-12,width,0.0,5,d_eff,30.138889793801596,,3.007
milp30,sweep_all,MILP,MLP,synthetic,seed,200,current_mixture,0.1,10,1e-12,width,0.0,5,unstable_fraction,0.87,,0.001
milp30,sweep_all,MILP,MLP,synthetic,seed,200,current_mixture,0.1,10,1e-12,width,0.0,5,g_ibp,668.4750296351747,,0.001
milp30,sweep_all,MILP,MLP,synthetic,seed,200,current_mixture,0.1,10,1e-12,width,0.0,5,a_tau,4.330733340286331,,0.682
milp30,sweep_all,MILP,MLP,synthetic,seed,200,current_mixture,0.1,10,1e-12,width,0.0,6,margin_hat_min,0.0032354816794395447,,2.711
milp30,sweep_all,MILP,MLP,synthetic,seed,200,current_mixture,0.1,10,1e-12,width,0.0,6,d_eff,30.140238926323974,,2.711
milp30,sweep_all,MILP,MLP,synthetic,seed,200,current_mixture,0.1,10,1e-12,width,0.0,6,unstable_fraction,0.87,,0.001
milp30,sweep_all,MILP,MLP,synthetic,seed,200,current_mixture,0.1,10,1e-12,width,0.0,6,g_ibp,700.4209444271531,,0.001
milp30,sweep_all,MILP,MLP,synthetic,seed,200,current_mixture,0.1,10,1e-12,width,0.0,6,a_tau,4.143134726391533,,0.728
milp30,sweep_all,MILP,MLP,synthetic,seed,200,current_mixture,0.1,10,1e-12,width,0.0,7,margin_hat_min,0.004439949989318848,,2.693
milp30,sweep_all,MILP,MLP,synthetic,seed,200,current_mixture,0.1,10,1e-12,width,0.0,7,d_eff,30.016018832172655,,2.693
milp30,sweep_all,MILP,MLP,synthetic,seed,200,current_mixture,0.1,10,1e-12,width,0.0,7,unstable_fraction,0.87,,0.001
milp30,sweep_all,MILP,MLP,synthetic,seed,200,current_mixture,0.1,10,1e-12,width,0.0,7,g_ibp,510.68223911172197,,0.001
milp30,sweep_all,MILP,MLP,synthetic,seed,200,current_mixture,0.1,10,1e-12,width,0.0,7,a_tau,4.1588830833596715,,0.677
milp30,sweep_all,MILP,MLP,synthetic,seed,200,current_mixture,0.1,10,1e-12,width,0.0,8,margin_hat_min,0.00456557422876358,,3.081
milp30,sweep_all,MILP,MLP,synthetic,seed,200,current_mixture,0.1,10,1e-12,width,0.0,8,d_eff,30.06471037078658,,3.081
milp30,sweep_all,MILP,MLP,synthetic,seed,200,current_mixture,0.1,10,1e-12,width,0.0,8,unstable_fraction,0.87,,0.001
milp30,sweep_all,MILP,MLP,synthetic,seed,200,current_mixture,0.1,10,1e-12,width,0.0,8,g_ibp,496.65805717432437,,0.001
milp30,sweep_all,MILP,MLP,synthetic,seed,200,current_mixture,0.1,10,1e-12,width,0.0,8,a_tau,4.276666119016055,,0.587
milp30,sweep_all,MILP,MLP,synthetic,seed,200,current_mixture,0.1,10,1e-12,width,0.0,9,margin_hat_min,0.0047813765704631805,,2.95
milp30,sweep_all,MILP,MLP,synthetic,seed,200,current_mixture,0.1,10,1e-12,width,0.0,9,d_eff,30.073666473940833,,2.95
milp30,sweep_all,MILP,MLP,synthetic,seed,200,current_mixture,0.1,10,1e-12,width,0.0,9,unstable_fraction,0.87,,0.001
milp30,sweep_all,MILP,MLP,synthetic,seed,200,current_mixture,0.1,10,1e-12,width,0.0,9,g_ibp,474.287058399852,,0.001
milp30,sweep_all,MILP,MLP,synthetic,seed,200,current_mixture,0.1,10,1e-12,width,0.0,9,a_tau,4.204692619390966,,0.555
milp30,sweep_all,MILP,MLP,synthetic,seed,200,current_mixture,0.1,10,1e-12,width,0.0,10,margin_hat_min,0.0041130222380161285,,3.055
milp30,sweep_all,MILP,MLP,synthetic,seed,200,current_mixture,0.1,10,1e-12,width,0.0,10,d_eff,30.077604223127363,,3.055
milp30,sweep_all,MILP,MLP,synthetic,seed,200,current_mixture,0.1,10,1e-12,width,0.0,10,unstable_fraction,0.87,,0.001
milp30,sweep_all,MILP,MLP,synthetic,seed,200,current_mixture,0.1,10,1e-12,width,0.0,10,g_ibp,551.194849700375,,0.001
milp30,sweep_all,MILP,MLP,synthetic,seed,200,current_mixture,0.1,10,1e-12,width,0.0,10,a_tau,4.23410650459726,,0.607
milp30,sweep_all,MILP,MLP,synthetic,seed,200,current_mixture,0.1,10,1e-12,width,0.0,11,margin_hat_min,0.004681982100009918,,3.064
milp30,sweep_all,MILP,MLP,synthetic,seed,200,current_mixture,0.1,10,1e-12,width,0.0,11,d_eff,30.026273002711182,,3.064
milp30,sweep_all,MILP,MLP,synthetic,seed,200,current_mixture,0.1,10,1e-12,width,0.0,11,unstable_fraction,0.87,,0.001
milp30,sweep_all,MILP,MLP,synthetic,seed,200,current_mixture,0.1,10,1e-12,width,0.0,11,g_ibp,484.33453733658024,,0.001
milp30,sweep_all,MILP,MLP,synthetic,seed,200,current_mixture,0.1,10,1e-12,width,0.0,11,a_tau,4.127134385045092,,0.676
milp30,sweep_all,MILP,MLP,synthetic,seed,200,current_mixture,0.1,10,1e-12,width,0.0,12,margin_hat_min,0.0046861544251441956,,2.951
milp30,sweep_all,MILP,MLP,synthetic,seed,200,current_mixture,0.1,10,1e-12,width,0.0,12,d_eff,30.092749657976796,,2.951
milp30,sweep_all,MILP,MLP,synthetic,seed,200,current_mixture,0.1,10,1e-12,width,0.0,12,unstable_fraction,0.87,,0.001
milp30,sweep_all,MILP,MLP,synthetic,seed,200,current_mixture,0.1,10,1e-12,width,0.0,12,g_ibp,483.90419965348065,,0.001
milp30,sweep_all,MILP,MLP,synthetic,seed,200,current_mixture,0.1,10,1e-12,width,0.0,12,a_tau,4.060443010546419,,0.598
milp30,sweep_all,MILP,MLP,synthetic,seed,200,current_mixture,0.1,10,1e-12,width,0.0,13,margin_hat_min,0.004763200879096985,,2.86
milp30,sweep_all,MILP,MLP,synthetic,seed,200,current_mixture,0.1,10,1e-12,width,0.0,13,d_eff,30.073922072622455,,2.86
milp30,sweep_all,MILP,MLP,synthetic,seed,200,current_mixture,0.1,10,1e-12,width,0.0,13,unstable_fraction,0.87,,0.001
milp30,sweep_all,MILP,MLP,synthetic,seed,200,current_mixture,0.1,10,1e-12,width,0.0,13,g_ibp,476.0930539305119,,0.001
milp30,sweep_all,MILP,MLP,synthetic,seed,200,current_mixture,0.1,10,1e-12,width,0.0,13,a_tau,4.477336814478207,,0.67
milp30,sweep_all,MILP,MLP,synthetic,seed,200,current_mixture,0.1,10,1e-12,width,0.0,14,margin_hat_min,0.004556961357593536,,2.851
milp30,sweep_all,MILP,MLP,synthetic,seed,200,current_mixture,0.1,10,1e-12,width,0.0,14,d_eff,30.199939315007875,,2.851
milp30,sweep_all,MILP,MLP,synthetic,seed,200,current_mixture,0.1,10,1e-12,width,0.0,14,unstable_fraction,0.87,,0.001
milp30,sweep_all,MILP,MLP,synthetic,seed,200,current_mixture,0.1,10,1e-12,width,0.0,14,g_ibp,497.5948742010446,,0.001
milp30,sweep_all,MILP,MLP,synthetic,seed,200,current_mixture,0.1,10,1e-12,width,0.0,14,a_tau,4.290459441148391,,0.714
milp30,sweep_all,MILP,MLP,synthetic,seed,200,current_mixture,0.1,10,1e-12,width,0.0,15,margin_hat_min,0.004843343049287796,,3.049
milp30,sweep_all,MILP,MLP,synthetic,seed,200,current_mixture,0.1,10,1e-12,width,0.0,15,d_eff,30.001769668032782,,3.049
milp30,sweep_all,MILP,MLP,synthetic,seed,200,current_mixture,0.1,10,1e-12,width,0.0,15,unstable_fraction,0.87,,0.001
milp30,sweep_all,MILP,MLP,synthetic,seed,200,current_mixture,0.1,10,1e-12,width,0.0,15,g_ibp,468.2317506965176,,0.001
milp30,sweep_all,MILP,MLP,synthetic,seed,200,current_mixture,0.1,10,1e-12,width,0.0,15,a_tau,4.406719247264253,,0.725
milp26,sweep_all,MILP,MLP,synthetic,seed,200,current_mixture,0.1,10,1e-12,width,0.0,0,margin_hat_min,0.0009584873914718628,,2.824
milp26,sweep_all,MILP,MLP,synthetic,seed,200,current_mixture,0.1,10,1e-12,width,0.0,0,d_eff,31.828317280000594,,2.824
milp26,sweep_all,MILP,MLP,synthetic,seed,200,current_mixture,0.1,10,1e-12,width,0.0,0,unstable_fraction,0.96,,0.001
milp26,sweep_all,MILP,MLP,synthetic,seed,200,current_mixture,0.1,10,1e-12,width,0.0,0,g_ibp,5679.881638276038,,0.001
milp26,sweep_all,MILP,MLP,synthetic,seed,200,current_mixture,0.1,10,1e-12,width,0.0,0,a_tau,5.991464547107982,,0.69
milp26,sweep_all,MILP,MLP,synthetic,seed,200,current_mixture,0.1,10,1e-12,width,0.0,1,margin_hat_min,0.0016117095947265625,,3.07
milp26,sweep_all,MILP,MLP,synthetic,seed,200,current_mixture,0.1,10,1e-12,width,0.0,1,d_eff,31.872401109605597,,3.07
milp26,sweep_all,MILP,MLP,synthetic,seed,200,current_mixture,0.1,10,1e-12,width,0.0,1,unstable_fraction,0.96,,0.001
milp26,sweep_all,MILP,MLP,synthetic,seed,200,current_mixture,0.1,10,1e-12,width,0.0,1,g_ibp,3378.24393281518,,0.001
milp26,sweep_all,MILP,MLP,synthetic,seed,200,current_mixture,0.1,10,1e-12,width,0.0,1,a_tau,5.991464547107982,,1.167
milp26,sweep_all,MILP,MLP,synthetic,seed,200,current_mixture,0.1,10,1e-12,width,0.0,2,margin_hat_min,0.0018818750977516174,,3.084
milp26,sweep_all,MILP,MLP,synthetic,seed,200,current_mixture,0.1,10,1e-12,width,0.0,2,d_eff,31.906546122542625,,3.084
milp26,sweep_all,MILP,MLP,synthetic,seed,200,current_mixture,0.1,10,1e-12,width,0.0,2,unstable_fraction,0.96,,0.001
milp26,sweep_all,MILP,MLP,synthetic,seed,200,current_mixture,0.1,10,1e-12,width,0.0,2,g_ibp,2893.4004878104624,,0.001
milp26,sweep_all,MILP,MLP,synthetic,seed,200,current_mixture,0.1,10,1e-12,width,0.0,2,a_tau,5.988961416889864,,1.3
milp26,sweep_all,MILP,MLP,synthetic,seed,200,current_mixture,0.1,10,1e-12,width,0.0,3,margin_hat_min,0.0015273764729499817,,3.264
milp26,sweep_all,MILP,MLP,synthetic,seed,200,current_mixture,0.1,10,1e-12,width,0.0,3,d_eff,31.773209886884057,,3.264
milp26,sweep_all,MILP,MLP,synthetic,seed,200,current_mixture,0.1,10,1e-12,width,0.0,3,unstable_fraction,0.96,,0.001
milp26,sweep_all,MILP,MLP,synthetic,seed,200,current_mixture,0.1,10,1e-12,width,0.0,3,g_ibp,3564.716311245076,,0.001
milp26,sweep_all,MILP,MLP,synthetic,seed,200,current_mixture,0.1,10,1e-12,width,0.0,3,a_tau,5.991464547107982,,2.431
milp26,sweep_all,MILP,MLP,synthetic,seed,200,current_mixture,0.1,10,1e-12,width,0.0,4,margin_hat_min,0.001558065414428711,,3.372
milp26,sweep_all,MILP,MLP,synthetic,seed,200,current_mixture,0.1,10,1e-12,width,0.0,4,d_eff,31.885831768143635,,3.372
milp26,sweep_all,MILP,MLP,synthetic,seed,200,current_mixture,0.1,10,1e-12,width,0.0,4,unstable_fraction,0.96,,0.001
milp26,sweep_all,MILP,MLP,synthetic,seed,200,current_mixture,0.1,10,1e-12,width,0.0,4,g_ibp,3494.522415507714,,0.001
milp26,sweep_all,MILP,MLP,synthetic,seed,200,current_mixture,0.1,10,1e-12,width,0.0,4,a_tau,5.988961416889864,,2.153
milp26,sweep_all,MILP,MLP,synthetic,seed,200,current_mixture,0.1,10,1e-12,width,0.0,5,margin_hat_min,0.0015702620148658752,,2.736
milp26,sweep_all,MILP,MLP,synthetic,seed,200,current_mixture,0.1,10,1e-12,width,0.0,5,d_eff,31.871612417583883,,2.736
milp26,sweep_all,MILP,MLP,synthetic,seed,200,current_mixture,0.1,10,1e-12,width,0.0,5,unstable_fraction,0.96,,0.001
milp26,sweep_all,MILP,MLP,synthetic,seed,200,current_mixture,0.1,10,1e-12,width,0.0,5,g_ibp,3467.3873918048516,,0.001
milp26,sweep_all,MILP,MLP,synthetic,seed,200,current_mixture,0.1,10,1e-12,width,0.0,5,a_tau,5.991464547107982,,1.143
milp26,sweep_all,MILP,MLP,synthetic,seed,200,current_mixture,0.1,10,1e-12,width,0.0,6,margin_hat_min,0.0022009611129760742,,3.04
milp26,sweep_all,MILP,MLP,synthetic,seed,200,current_mixture,0.1,10,1e-12,width,0.0,6,d_eff,31.521498096308257,,3.04
milp26,sweep_all,MILP,MLP,synthetic,seed,200,current_mixture,0.1,10,1e-12,width,0.0,6,unstable_fraction,0.96,,0.002
milp26,sweep_all,MILP,MLP,synthetic,seed,200,current_mixture,0.1,10,1e-12,width,0.0,6,g_ibp,2474.0725223011414,,0.002
milp26,sweep_all,MILP,MLP,synthetic,seed,200,current_mixture,0.1,10,1e-12,width,0.0,6,a_tau,5.988961416889864,,2.123
milp26,sweep_all,MILP,MLP,synthetic,seed,200,current_mixture,0.1,10,1e-12,width,0.0,7,margin_hat_min,0.002053655683994293,,3.115
milp26,sweep_all,MILP,MLP,synthetic,seed,200,current_mixture,0.1,10,1e-12,width,0.0,7,d_eff,31.73983350087383,,3.115
milp26,sweep_all,MILP,MLP,synthetic,seed,200,current_mixture,0.1,10,1e-12,width,0.0,7,unstable_fraction,0.96,,0.001
milp26,sweep_all,MILP,MLP,synthetic,seed,200,current_mixture,0.1,10,1e-12,width,0.0,7,g_ibp,2651.4620484337256,,0.001
milp26,sweep_all,MILP,MLP,synthetic,seed,200,current_mixture,0.1,10,1e-12,width,0.0,7,a_tau,5.983936280687191,,2.314
milp26,sweep_all,MILP,MLP,synthetic,seed,200,current_mixture,0.1,10,1e-12,width,0.0,8,margin_hat_min,0.0022238418459892273,,3.635
milp26,sweep_all,MILP,MLP,synthetic,seed,200,current_mixture,0.1,10,1e-12,width,0.0,8,d_eff,31.651837610449906,,3.635
milp26,sweep_all,MILP,MLP,synthetic,seed,200,current_mixture,0.1,10,1e-12,width,0.0,8,unstable_fraction,0.96,,0.002
milp26,sweep_all,MILP,MLP,synthetic,seed,200,current_mixture,0.1,10,1e-12,width,0.0,8,g_ibp,2448.6274969808624,,0.002
milp26,sweep_all,MILP,MLP,synthetic,seed,200,current_mixture,0.1,10,1e-12,width,0.0,8,a_tau,5.988961416889864,,3.588
milp26,sweep_all,MILP,MLP,synthetic,seed,200,current_mixture,0.1,10,1e-12,width,0.0,9,margin_hat_min,0.0013316795229911804,,11.911
milp26,sweep_all,MILP,MLP,synthetic,seed,200,current_mixture,0.1,10,1e-12,width,0.0,9,d_eff,31.836089321281325,,11.911
milp26,sweep_all,MILP,MLP,synthetic,seed,200,current_mixture,0.1,10,1e-12,width,0.0,9,unstable_fraction,0.96,,0.001
milp26,sweep_all,MILP,MLP,synthetic,seed,200,current_mixture,0.1,10,1e-12,width,0.0,9,g_ibp,4088.4222029891253,,0.001
milp26,sweep_all,MILP,MLP,synthetic,seed,200,current_mixture,0.1,10,1e-12,width,0.0,9,a_tau,5.988961416889864,,5.367
milp26,sweep_all,MILP,MLP,synthetic,seed,200,current_mixture,0.1,10,1e-12,width,0.0,10,margin_hat_min,0.0019370689988136292,,6.523
milp26,sweep_all,MILP,MLP,synthetic,seed,200,current_mixture,0.1,10,1e-12,width,0.0,10,d_eff,31.79416892891484,,6.523
milp26,sweep_all,MILP,MLP,synthetic,seed,200,current_mixture,0.1,10,1e-12,width,0.0,10,unstable_fraction,0.96,,0.003
milp26,sweep_all,MILP,MLP,synthetic,seed,200,current_mixture,0.1,10,1e-12,width,0.0,10,g_ibp,2810.985836411217,,0.003
milp26,sweep_all,MILP,MLP,synthetic,seed,200,current_mixture,0.1,10,1e-12,width,0.0,10,a_tau,5.991464547107982,,3.933
milp26,sweep_all,MILP,MLP,synthetic,seed,200,current_mixture,0.1,10,1e-12,width,0.0,11,margin_hat_min,0.0018904879689216614,,12.486
milp26,sweep_all,MILP,MLP,synthetic,seed,200,current_mixture,0.1,10,1e-12,width,0.0,11,d_eff,31.89697814428433,,12.486
milp26,sweep_all,MILP,MLP,synthetic,seed,200,current_mixture,0.1,10,1e-12,width,0.0,11,unstable_fraction,0.96,,0.001
milp26,sweep_all,MILP,MLP,synthetic,seed,200,current_mixture,0.1,10,1e-12,width,0.0,11,g_ibp,2880.223004975321,,0.001
milp26,sweep_all,MILP,MLP,synthetic,seed,200,current_mixture,0.1,10,1e-12,width,0.0,11,a_tau,5.988961416889864,,4.95
milp26,sweep_all,MILP,MLP,synthetic,seed,200,current_mixture,0.1,10,1e-12,width,0.0,12,margin_hat_min,0.0017834827303886414,,11.384
milp26,sweep_all,MILP,MLP,synthetic,seed,200,current_mixture,0.1,10,1e-12,width,0.0,12,d_eff,31.801650397973514,,11.384
milp26,sweep_all,MILP,MLP,synthetic,seed,200,current_mixture,0.1,10,1e-12,width,0.0,12,unstable_fraction,0.96,,0.002
milp26,sweep_all,MILP,MLP,synthetic,seed,200,current_mixture,0.1,10,1e-12,width,0.0,12,g_ibp,3052.9703711341504,,0.002
milp26,sweep_all,MILP,MLP,synthetic,seed,200,current_mixture,0.1,10,1e-12,width,0.0,12,a_tau,5.991464547107982,,5.674
milp26,sweep_all,MILP,MLP,synthetic,seed,200,current_mixture,0.1,10,1e-12,width,0.0,13,margin_hat_min,0.0016178786754608154,,15.161
milp26,sweep_all,MILP,MLP,synthetic,seed,200,current_mixture,0.1,10,1e-12,width,0.0,13,d_eff,31.78370622626802,,15.161
milp26,sweep_all,MILP,MLP,synthetic,seed,200,current_mixture,0.1,10,1e-12,width,0.0,13,unstable_fraction,0.96,,0.003
milp26,sweep_all,MILP,MLP,synthetic,seed,200,current_mixture,0.1,10,1e-12,width,0.0,13,g_ibp,3365.366273455469,,0.003
milp26,sweep_all,MILP,MLP,synthetic,seed,200,current_mixture,0.1,10,1e-12,width,0.0,13,a_tau,5.988961416889864,,7.029
milp26,sweep_all,MILP,MLP,synthetic,seed,200,current_mixture,0.1,10,1e-12,width,0.0,14,margin_hat_min,0.0019735917448997498,,15.796
milp26,sweep_all,MILP,MLP,synthetic,seed,200,current_mixture,0.1,10,1e-12,width,0.0,14,d_eff,31.714274059196217,,15.796
milp26,sweep_all,MILP,MLP,synthetic,seed,200,current_mixture,0.1,10,1e-12,width,0.0,14,unstable_fraction,0.96,,0.002
milp26,sweep_all,MILP,MLP,synthetic,seed,200,current_mixture,0.1,10,1e-12,width,0.0,14,g_ibp,2758.985011305387,,0.002
milp26,sweep_all,MILP,MLP,synthetic,seed,200,current_mixture,0.1,10,1e-12,width,0.0,14,a_tau,5.988961416889864,,4.589
milp26,sweep_all,MILP,MLP,synthetic,seed,200,current_mixture,0.1,10,1e-12,width,0.0,15,margin_hat_min,0.0015979930758476257,,10.527
milp26,sweep_all,MILP,MLP,synthetic,seed,200,current_mixture,0.1,10,1e-12,width,0.0,15,d_eff,31.813581474070077,,10.527
milp26,sweep_all,MILP,MLP,synthetic,seed,200,current_mixture,0.1,10,1e-12,width,0.0,15,unstable_fraction,0.96,,0.01
milp26,sweep_all,MILP,MLP,synthetic,seed,200,current_mixture,0.1,10,1e-12,width,0.0,15,g_ibp,3407.2328132017074,,0.01
milp26,sweep_all,MILP,MLP,synthetic,seed,200,current_mixture,0.1,10,1e-12,width,0.0,15,a_tau,5.988961416889864,,5.176
pb_cnn_25,sweep_all,Paired-Biases,CNN,synthetic,seed,200,current_mixture,0.1,10,1e-12,width,0.0,0,margin_hat_min,0.16188497841358185,,10.422
pb_cnn_25,sweep_all,Paired-Biases,CNN,synthetic,seed,200,current_mixture,0.1,10,1e-12,width,0.0,0,d_eff,27.21204271463214,,10.422
pb_cnn_25,sweep_all,Paired-Biases,CNN,synthetic,seed,200,current_mixture,0.1,10,1e-12,width,0.0,0,unstable_fraction,0.903125,,0.002
pb_cnn_25,sweep_all,Paired-Biases,CNN,synthetic,seed,200,current_mixture,0.1,10,1e-12,width,0.0,0,g_ibp,5.089675942816798,,0.002
pb_cnn_25,sweep_all,Paired-Biases,CNN,synthetic,seed,200,current_mixture,0.1,10,1e-12,width,0.0,0,a_tau,5.973809611869261,,0.694
pb_cnn_25,sweep_all,Paired-Biases,CNN,synthetic,seed,200,current_mixture,0.1,10,1e-12,width,0.0,1,margin_hat_min,0.16223521530628204,,6.769
pb_cnn_25,sweep_all,Paired-Biases,CNN,synthetic,seed,200,current_mixture,0.1,10,1e-12,width,0.0,1,d_eff,27.383239173797342,,6.769
pb_cnn_25,sweep_all,Paired-Biases,CNN,synthetic,seed,200,current_mixture,0.1,10,1e-12,width,0.0,1,unstable_fraction,0.903125,,0.012
pb_cnn_25,sweep_all,Paired-Biases,CNN,synthetic,seed,200,current_mixture,0.1,10,1e-12,width,0.0,1,g_ibp,5.0808470619129205,,0.012
pb_cnn_25,sweep_all,Paired-Biases,CNN,synthetic,seed,200,current_mixture,0.1,10,1e-12,width,0.0,1,a_tau,5.934894195619588,,0.516
pb_cnn_25,sweep_all,Paired-Biases,CNN,synthetic,seed,200,current_mixture,0.1,10,1e-12,width,0.0,2,margin_hat_min,0.16194386780261993,,11.84
pb_cnn_25,sweep_all,Paired-Biases,CNN,synthetic,seed,200,current_mixture,0.1,10,1e-12,width,0.0,2,d_eff,27.13854388043503,,11.84
pb_cnn_25,sweep_all,Paired-Biases,CNN,synthetic,seed,200,current_mixture,0.1,10,1e-12,width,0.0,2,unstable_fraction,0.903125,,0.003
pb_cnn_25,sweep_all,Paired-Biases,CNN,synthetic,seed,200,current_mixture,0.1,10,1e-12,width,0.0,2,g_ibp,5.088188770002522,,0.003
pb_cnn_25,sweep_all,Paired-Biases,CNN,synthetic,seed,200,current_mixture,0.1,10,1e-12,width,0.0,2,a_tau,5.932245187448011,,0.758
pb_cnn_25,sweep_all,Paired-Biases,CNN,synthetic,seed,200,current_mixture,0.1,10,1e-12,width,0.0,3,margin_hat_min,0.16190919280052185,,12.356
pb_cnn_25,sweep_all,Paired-Biases,CNN,synthetic,seed,200,current_mixture,0.1,10,1e-12,width,0.0,3,d_eff,27.167814720650604,,12.356
pb_cnn_25,sweep_all,Paired-Biases,CNN,synthetic,seed,200,current_mixture,0.1,10,1e-12,width,0.0,3,unstable_fraction,0.903125,,0.02
pb_cnn_25,sweep_all,Paired-Biases,CNN,synthetic,seed,200,current_mixture,0.1,10,1e-12,width,0.0,3,g_ibp,5.0890643098759805,,0.02
pb_cnn_25,sweep_all,Paired-Biases,CNN,synthetic,seed,200,current_mixture,0.1,10,1e-12,width,0.0,3,a_tau,5.966146739123692,,0.7
pb_cnn_25,sweep_all,Paired-Biases,CNN,synthetic,seed,200,current_mixture,0.1,10,1e-12,width,0.0,4,margin_hat_min,0.16185393929481506,,12.287
pb_cnn_25,sweep_all,Paired-Biases,CNN,synthetic,seed,200,current_mixture,0.1,10,1e-12,width,0.0,4,d_eff,27.39736598728512,,12.287
pb_cnn_25,sweep_all,Paired-Biases,CNN,synthetic,seed,200,current_mixture,0.1,10,1e-12,width,0.0,4,unstable_fraction,0.903125,,0.003
pb_cnn_25,sweep_all,Paired-Biases,CNN,synthetic,seed,200,current_mixture,0.1,10,1e-12,width,0.0,4,g_ibp,5.09046022979714,,0.003
pb_cnn_25,sweep_all,Paired-Biases,CNN,synthetic,seed,200,current_mixture,0.1,10,1e-12,width,0.0,4,a_tau,5.971261839790462,,0.774
pb_cnn_25,sweep_all,Paired-Biases,CNN,synthetic,seed,200,current_mixture,0.1,10,1e-12,width,0.0,5,margin_hat_min,0.16206444799900055,,12.599
pb_cnn_25,sweep_all,Paired-Biases,CNN,synthetic,seed,200,current_mixture,0.1,10,1e-12,width,0.0,5,d_eff,27.57182387197373,,12.599
pb_cnn_25,sweep_all,Paired-Biases,CNN,synthetic,seed,200,current_mixture,0.1,10,1e-12,width,0.0,5,unstable_fraction,0.903125,,0.002
pb_cnn_25,sweep_all,Paired-Biases,CNN,synthetic,seed,200,current_mixture,0.1,10,1e-12,width,0.0,5,g_ibp,5.085147050422371,,0.002
pb_cnn_25,sweep_all,Paired-Biases,CNN,synthetic,seed,200,current_mixture,0.1,10,1e-12,width,0.0,5,a_tau,5.961005339623274,,0.681
pb_cnn_25,sweep_all,Paired-Biases,CNN,synthetic,seed,200,current_mixture,0.1,10,1e-12,width,0.0,6,margin_hat_min,0.16189663112163544,,14.05
pb_cnn_25,sweep_all,Paired-Biases,CNN,synthetic,seed,200,current_mixture,0.1,10,1e-12,width,0.0,6,d_eff,27.051798639754534,,14.05
pb_cnn_25,sweep_all,Paired-Biases,CNN,synthetic,seed,200,current_mixture,0.1,10,1e-12,width,0.0,6,unstable_fraction,0.903125,,0.003
pb_cnn_25,sweep_all,Paired-Biases,CNN,synthetic,seed,200,current_mixture,0.1,10,1e-12,width,0.0,6,g_ibp,5.089381583388408,,0.003
pb_cnn_25,sweep_all,Paired-Biases,CNN,synthetic,seed,200,current_mixture,0.1,10,1e-12,width,0.0,6,a_tau,5.963579343618446,,1.011
pb_cnn_25,sweep_all,Paired-Biases,CNN,synthetic,seed,200,current_mixture,0.1,10,1e-12,width,0.0,7,margin_hat_min,0.16195367276668549,,13.923
pb_cnn_25,sweep_all,Paired-Biases,CNN,synthetic,seed,200,current_mixture,0.1,10,1e-12,width,0.0,7,d_eff,27.17510386963085,,13.923
pb_cnn_25,sweep_all,Paired-Biases,CNN,synthetic,seed,200,current_mixture,0.1,10,1e-12,width,0.0,7,unstable_fraction,0.903125,,0.027
pb_cnn_25,sweep_all,Paired-Biases,CNN,synthetic,seed,200,current_mixture,0.1,10,1e-12,width,0.0,7,g_ibp,5.087941263766337,,0.027
pb_cnn_25,sweep_all,Paired-Biases,CNN,synthetic,seed,200,current_mixture,0.1,10,1e-12,width,0.0,7,a_tau,5.934894195619588,,0.87
pb_cnn_25,sweep_all,Paired-Biases,CNN,synthetic,seed,200,current_mixture,0.1,10,1e-12,width,0.0,8,margin_hat_min,0.1618756651878357,,13.83
pb_cnn_25,sweep_all,Paired-Biases,CNN,synthetic,seed,200,current_mixture,0.1,10,1e-12,width,0.0,8,d_eff,27.023466083899205,,13.83
pb_cnn_25,sweep_all,Paired-Biases,CNN,synthetic,seed,200,current_mixture,0.1,10,1e-12,width,0.0,8,unstable_fraction,0.903125,,0.035
pb_cnn_25,sweep_all,Paired-Biases,CNN,synthetic,seed,200,current_mixture,0.1,10,1e-12,width,0.0,8,g_ibp,5.089911234979086,,0.035
pb_cnn_25,sweep_all,Paired-Biases,CNN,synthetic,seed,200,current_mixture,0.1,10,1e-12,width,0.0,8,a_tau,5.961005339623274,,0.916
pb_cnn_25,sweep_all,Paired-Biases,CNN,synthetic,seed,200,current_mixture,0.1,10,1e-12,width,0.0,9,margin_hat_min,0.16189375519752502,,14.801
pb_cnn_25,sweep_all,Paired-Biases,CNN,synthetic,seed,200,current_mixture,0.1,10,1e-12,width,0.0,9,d_eff,27.217343634283697,,14.801
pb_cnn_25,sweep_all,Paired-Biases,CNN,synthetic,seed,200,current_mixture,0.1,10,1e-12,width,0.0,9,unstable_fraction,0.903125,,0.031
pb_cnn_25,sweep_all,Paired-Biases,CNN,synthetic,seed,200,current_mixture,0.1,10,1e-12,width,0.0,9,g_ibp,5.089454228260212,,0.031
pb_cnn_25,sweep_all,Paired-Biases,CNN,synthetic,seed,200,current_mixture,0.1,10,1e-12,width,0.0,9,a_tau,5.961005339623274,,0.794
pb_cnn_25,sweep_all,Paired-Biases,CNN,synthetic,seed,200,current_mixture,0.1,10,1e-12,width,0.0,10,margin_hat_min,0.1615680456161499,,14.151
pb_cnn_25,sweep_all,Paired-Biases,CNN,synthetic,seed,200,current_mixture,0.1,10,1e-12,width,0.0,10,d_eff,26.90894821869258,,14.151
pb_cnn_25,sweep_all,Paired-Biases,CNN,synthetic,seed,200,current_mixture,0.1,10,1e-12,width,0.0,10,unstable_fraction,0.903125,,0.003
pb_cnn_25,sweep_all,Paired-Biases,CNN,synthetic,seed,200,current_mixture,0.1,10,1e-12,width,0.0,10,g_ibp,5.097698274412108,,0.003
pb_cnn_25,sweep_all,Paired-Biases,CNN,synthetic,seed,200,current_mixture,0.1,10,1e-12,width,0.0,10,a_tau,5.955837369464831,,1.011
pb_cnn_25,sweep_all,Paired-Biases,CNN,synthetic,seed,200,current_mixture,0.1,10,1e-12,width,0.0,11,margin_hat_min,0.16180990636348724,,13.273
pb_cnn_25,sweep_all,Paired-Biases,CNN,synthetic,seed,200,current_mixture,0.1,10,1e-12,width,0.0,11,d_eff,27.367336958531457,,13.273
pb_cnn_25,sweep_all,Paired-Biases,CNN,synthetic,seed,200,current_mixture,0.1,10,1e-12,width,0.0,11,unstable_fraction,0.903125,,0.031
pb_cnn_25,sweep_all,Paired-Biases,CNN,synthetic,seed,200,current_mixture,0.1,10,1e-12,width,0.0,11,g_ibp,5.09157335666585,,0.031
pb_cnn_25,sweep_all,Paired-Biases,CNN,synthetic,seed,200,current_mixture,0.1,10,1e-12,width,0.0,11,a_tau,5.929589143389895,,0.624
pb_cnn_25,sweep_all,Paired-Biases,CNN,synthetic,seed,200,current_mixture,0.1,10,1e-12,width,0.0,12,margin_hat_min,0.16187013685703278,,15.071
pb_cnn_25,sweep_all,Paired-Biases,CNN,synthetic,seed,200,current_mixture,0.1,10,1e-12,width,0.0,12,d_eff,27.14692637830169,,15.071
pb_cnn_25,sweep_all,Paired-Biases,CNN,synthetic,seed,200,current_mixture,0.1,10,1e-12,width,0.0,12,unstable_fraction,0.903125,,0.004
pb_cnn_25,sweep_all,Paired-Biases,CNN,synthetic,seed,200,current_mixture,0.1,10,1e-12,width,0.0,12,g_ibp,5.090050917212636,,0.004
pb_cnn_25,sweep_all,Paired-Biases,CNN,synthetic,seed,200,current_mixture,0.1,10,1e-12,width,0.0,12,a_tau,5.940171252720432,,0.85
pb_cnn_25,sweep_all,Paired-Biases,CNN,synthetic,seed,200,current_mixture,0.1,10,1e-12,width,0.0,13,margin_hat_min,0.16189606487751007,,17.597
pb_cnn_25,sweep_all,Paired-Biases,CNN,synthetic,seed,200,current_mixture,0.1,10,1e-12,width,0.0,13,d_eff,27.119389657695766,,17.597
pb_cnn_25,sweep_all,Paired-Biases,CNN,synthetic,seed,200,current_mixture,0.1,10,1e-12,width,0.0,13,unstable_fraction,0.903125,,0.043
pb_cnn_25,sweep_all,Paired-Biases,CNN,synthetic,seed,200,current_mixture,0.1,10,1e-12,width,0.0,13,g_ibp,5.089395886319735,,0.043
pb_cnn_25,sweep_all,Paired-Biases,CNN,synthetic,seed,200,current_mixture,0.1,10,1e-12,width,0.0,13,a_tau,5.978885764901122,,1.311
pb_cnn_25,sweep_all,Paired-Biases,CNN,synthetic,seed,200,current_mixture,0.1,10,1e-12,width,0.0,14,margin_hat_min,0.16202184557914734,,20.112
pb_cnn_25,sweep_all,Paired-Biases,CNN,synthetic,seed,200,current_mixture,0.1,10,1e-12,width,0.0,14,d_eff,27.11029495714244,,20.112
pb_cnn_25,sweep_all,Paired-Biases,CNN,synthetic,seed,200,current_mixture,0.1,10,1e-12,width,0.0,14,unstable_fraction,0.903125,,0.051
pb_cnn_25,sweep_all,Paired-Biases,CNN,synthetic,seed,200,current_mixture,0.1,10,1e-12,width,0.0,14,g_ibp,5.086221208966739,,0.051
pb_cnn_25,sweep_all,Paired-Biases,CNN,synthetic,seed,200,current_mixture,0.1,10,1e-12,width,0.0,14,a_tau,5.976350909297934,,1.365
pb_cnn_25,sweep_all,Paired-Biases,CNN,synthetic,seed,200,current_mixture,0.1,10,1e-12,width,0.0,15,margin_hat_min,0.1618935763835907,,15.05
pb_cnn_25,sweep_all,Paired-Biases,CNN,synthetic,seed,200,current_mixture,0.1,10,1e-12,width,0.0,15,d_eff,27.17551666667315,,15.05
pb_cnn_25,sweep_all,Paired-Biases,CNN,synthetic,seed,200,current_mixture,0.1,10,1e-12,width,0.0,15,unstable_fraction,0.903125,,0.047
pb_cnn_25,sweep_all,Paired-Biases,CNN,synthetic,seed,200,current_mixture,0.1,10,1e-12,width,0.0,15,g_ibp,5.089458745125033,,0.047
pb_cnn_25,sweep_all,Paired-Biases,CNN,synthetic,seed,200,current_mixture,0.1,10,1e-12,width,0.0,15,a_tau,5.932245187448011,,1.59
pb_cnn_24,sweep_all,Paired-Biases,CNN,synthetic,seed,200,current_mixture,0.1,10,1e-12,width,0.0,0,margin_hat_min,0.12899471819400787,,19.868
pb_cnn_24,sweep_all,Paired-Biases,CNN,synthetic,seed,200,current_mixture,0.1,10,1e-12,width,0.0,0,d_eff,28.196998066766493,,19.868
pb_cnn_24,sweep_all,Paired-Biases,CNN,synthetic,seed,200,current_mixture,0.1,10,1e-12,width,0.0,0,unstable_fraction,0.9125,,0.047
pb_cnn_24,sweep_all,Paired-Biases,CNN,synthetic,seed,200,current_mixture,0.1,10,1e-12,width,0.0,0,g_ibp,6.51525415774585,,0.047
pb_cnn_24,sweep_all,Paired-Biases,CNN,synthetic,seed,200,current_mixture,0.1,10,1e-12,width,0.0,0,a_tau,5.981414211254481,,1.243
pb_cnn_24,sweep_all,Paired-Biases,CNN,synthetic,seed,200,current_mixture,0.1,10,1e-12,width,0.0,1,margin_hat_min,0.12897402048110962,,21.386
pb_cnn_24,sweep_all,Paired-Biases,CNN,synthetic,seed,200,current_mixture,0.1,10,1e-12,width,0.0,1,d_eff,28.4632908533853,,21.386
pb_cnn_24,sweep_all,Paired-Biases,CNN,synthetic,seed,200,current_mixture,0.1,10,1e-12,width,0.0,1,unstable_fraction,0.9125,,0.003
pb_cnn_24,sweep_all,Paired-Biases,CNN,synthetic,seed,200,current_mixture,0.1,10,1e-12,width,0.0,1,g_ibp,6.516139244112013,,0.003
pb_cnn_24,sweep_all,Paired-Biases,CNN,synthetic,seed,200,current_mixture,0.1,10,1e-12,width,0.0,1,a_tau,5.976350909297934,,1.277
pb_cnn_24,sweep_all,Paired-Biases,CNN,synthetic,seed,200,current_mixture,0.1,10,1e-12,width,0.0,2,margin_hat_min,0.1290636658668518,,13.873
pb_cnn_24,sweep_all,Paired-Biases,CNN,synthetic,seed,200,current_mixture,0.1,10,1e-12,width,0.0,2,d_eff,28.18588825036511,,13.873
pb_cnn_24,sweep_all,Paired-Biases,CNN,synthetic,seed,200,current_mixture,0.1,10,1e-12,width,0.0,2,unstable_fraction,0.9125,,0.003
pb_cnn_24,sweep_all,Paired-Biases,CNN,synthetic,seed,200,current_mixture,0.1,10,1e-12,width,0.0,2,g_ibp,6.512307829383314,,0.003
pb_cnn_24,sweep_all,Paired-Biases,CNN,synthetic,seed,200,current_mixture,0.1,10,1e-12,width,0.0,2,a_tau,5.988961416889864,,0.496
pb_cnn_24,sweep_all,Paired-Biases,CNN,synthetic,seed,200,current_mixture,0.1,10,1e-12,width,0.0,3,margin_hat_min,0.12917035818099976,,17.692
pb_cnn_24,sweep_all,Paired-Biases,CNN,synthetic,seed,200,current_mixture,0.1,10,1e-12,width,0.0,3,d_eff,28.216201137747532,,17.692
pb_cnn_24,sweep_all,Paired-Biases,CNN,synthetic,seed,200,current_mixture,0.1,10,1e-12,width,0.0,3,unstable_fraction,0.9125,,0.003
pb_cnn_24,sweep_all,Paired-Biases,CNN,synthetic,seed,200,current_mixture,0.1,10,1e-12,width,0.0,3,g_ibp,6.507754765608542,,0.003
pb_cnn_24,sweep_all,Paired-Biases,CNN,synthetic,seed,200,current_mixture,0.1,10,1e-12,width,0.0,3,a_tau,5.981414211254481,,1.311
pb_cnn_24,sweep_all,Paired-Biases,CNN,synthetic,seed,200,current_mixture,0.1,10,1e-12,width,0.0,4,margin_hat_min,0.12929120659828186,,21.279
pb_cnn_24,sweep_all,Paired-Biases,CNN,synthetic,seed,200,current_mixture,0.1,10,1e-12,width,0.0,4,d_eff,28.577974117182162,,21.279
pb_cnn_24,sweep_all,Paired-Biases,CNN,synthetic,seed,200,current_mixture,0.1,10,1e-12,width,0.0,4,unstable_fraction,0.9125,,0.043
pb_cnn_24,sweep_all,Paired-Biases,CNN,synthetic,seed,200,current_mixture,0.1,10,1e-12,width,0.0,4,g_ibp,6.502606670361317,,0.043
pb_cnn_24,sweep_all,Paired-Biases,CNN,synthetic,seed,200,current_mixture,0.1,10,1e-12,width,0.0,4,a_tau,5.986452005284438,,1.263
pb_cnn_24,sweep_all,Paired-Biases,CNN,synthetic,seed,200,current_mixture,0.1,10,1e-12,width,0.0,5,margin_hat_min,0.12915770709514618,,19.788
pb_cnn_24,sweep_all,Paired-Biases,CNN,synthetic,seed,200,current_mixture,0.1,10,1e-12,width,0.0,5,d_eff,28.5949191189819,,19.788
pb_cnn_24,sweep_all,Paired-Biases,CNN,synthetic,seed,200,current_mixture,0.1,10,1e-12,width,0.0,5,unstable_fraction,0.9125,,0.039
pb_cnn_24,sweep_all,Paired-Biases,CNN,synthetic,seed,200,current_mixture,0.1,10,1e-12,width,0.0,5,g_ibp,6.508294253959386,,0.039
pb_cnn_24,sweep_all,Paired-Biases,CNN,synthetic,seed,200,current_mixture,0.1,10,1e-12,width,0.0,5,a_tau,5.983936280687191,,1.301
pb_cnn_24,sweep_all,Paired-Biases,CNN,synthetic,seed,200,current_mixture,0.1,10,1e-12,width,0.0,6,margin_hat_min,0.1291009783744812,,17.763
pb_cnn_24,sweep_all,Paired-Biases,CNN,synthetic,seed,200,current_mixture,0.1,10,1e-12,width,0.0,6,d_eff,28.57926839003133,,17.763
pb_cnn_24,sweep_all,Paired-Biases,CNN,synthetic,seed,200,current_mixture,0.1,10,1e-12,width,0.0,6,unstable_fraction,0.9125,,0.02
pb_cnn_24,sweep_all,Paired-Biases,CNN,synthetic,seed,200,current_mixture,0.1,10,1e-12,width,0.0,6,g_ibp,6.5107146731537675,,0.02
pb_cnn_24,sweep_all,Paired-Biases,CNN,synthetic,seed,200,current_mixture,0.1,10,1e-12,width,0.0,6,a_tau,5.986452005284438,,0.529
pb_cnn_24,sweep_all,Paired-Biases,CNN,synthetic,seed,200,current_mixture,0.1,10,1e-12,width,0.0,7,margin_hat_min,0.12878578901290894,,22.305
pb_cnn_24,sweep_all,Paired-Biases,CNN,synthetic,seed,200,current_mixture,0.1,10,1e-12,width,0.0,7,d_eff,28.502299826189176,,22.305
pb_cnn_24,sweep_all,Paired-Biases,CNN,synthetic,seed,200,current_mixture,0.1,10,1e-12,width,0.0,7,unstable_fraction,0.9125,,0.003
pb_cnn_24,sweep_all,Paired-Biases,CNN,synthetic,seed,200,current_mixture,0.1,10,1e-12,width,0.0,7,g_ibp,6.524201554376746,,0.003
pb_cnn_24,sweep_all,Paired-Biases,CNN,synthetic,seed,200,current_mixture,0.1,10,1e-12,width,0.0,7,a_tau,5.986452005284438,,1.281
pb_cnn_24,sweep_all,Paired-Biases,CNN,synthetic,seed,200,current_mixture,0.1,10,1e-12,width,0.0,8,margin_hat_min,0.12896932661533356,,13.402
pb_cnn_24,sweep_all,Paired-Biases,CNN,synthetic,seed,200,current_mixture,0.1,10,1e-12,width,0.0,8,d_eff,28.461766023602415,,13.402
pb_cnn_24,sweep_all,Paired-Biases,CNN,synthetic,seed,200,current_mixture,0.1,10,1e-12,width,0.0,8,unstable_fraction,0.9125,,0.003
pb_cnn_24,sweep_all,Paired-Biases,CNN,synthetic,seed,200,current_mixture,0.1,10,1e-12,width,0.0,8,g_ibp,6.516340005160343,,0.003
pb_cnn_24,sweep_all,Paired-Biases,CNN,synthetic,seed,200,current_mixture,0.1,10,1e-12,width,0.0,8,a_tau,5.988961416889864,,0.424
pb_cnn_24,sweep_all,Paired-Biases,CNN,synthetic,seed,200,current_mixture,0.1,10,1e-12,width,0.0,9,margin_hat_min,0.12904661893844604,,21.713
pb_cnn_24,sweep_all,Paired-Biases,CNN,synthetic,seed,200,current_mixture,0.1,10,1e-12,width,0.0,9,d_eff,28.64681773105762,,21.713
pb_cnn_24,sweep_all,Paired-Biases,CNN,synthetic,seed,200,current_mixture,0.1,10,1e-12,width,0.0,9,unstable_fraction,0.9125,,0.043
pb_cnn_24,sweep_all,Paired-Biases,CNN,synthetic,seed,200,current_mixture,0.1,10,1e-12,width,0.0,9,g_ibp,6.513035999696417,,0.043
pb_cnn_24,sweep_all,Paired-Biases,CNN,synthetic,seed,200,current_mixture,0.1,10,1e-12,width,0.0,9,a_tau,5.986452005284438,,1.311
pb_cnn_24,sweep_all,Paired-Biases,CNN,synthetic,seed,200,current_mixture,0.1,10,1e-12,width,0.0,10,margin_hat_min,0.12882186472415924,,11.637
pb_cnn_24,sweep_all,Paired-Biases,CNN,synthetic,seed,200,current_mixture,0.1,10,1e-12,width,0.0,10,d_eff,28.710503638308143,,11.637
pb_cnn_24,sweep_all,Paired-Biases,CNN,synthetic,seed,200,current_mixture,0.1,10,1e-12,width,0.0,10,unstable_fraction,0.9125,,0.003
pb_cnn_24,sweep_all,Paired-Biases,CNN,synthetic,seed,200,current_mixture,0.1,10,1e-12,width,0.0,10,g_ibp,6.5226545382658605,,0.003
pb_cnn_24,sweep_all,Paired-Biases,CNN,synthetic,seed,200,current_mixture,0.1,10,1e-12,width,0.0,10,a_tau,5.986452005284438,,0.256
pb_cnn_24,sweep_all,Paired-Biases,CNN,synthetic,seed,200,current_mixture,0.1,10,1e-12,width,0.0,11,margin_hat_min,0.12923133373260498,,22.741
pb_cnn_24,sweep_all,Paired-Biases,CNN,synthetic,seed,200,current_mixture,0.1,10,1e-12,width,0.0,11,d_eff,28.34089171505566,,22.741
pb_cnn_24,sweep_all,Paired-Biases,CNN,synthetic,seed,200,current_mixture,0.1,10,1e-12,width,0.0,11,unstable_fraction,0.9125,,0.003
pb_cnn_24,sweep_all,Paired-Biases,CNN,synthetic,seed,200,current_mixture,0.1,10,1e-12,width,0.0,11,g_ibp,6.505156027553021,,0.003
pb_cnn_24,sweep_all,Paired-Biases,CNN,synthetic,seed,200,current_mixture,0.1,10,1e-12,width,0.0,11,a_tau,5.978885764901122,,1.302
pb_cnn_24,sweep_all,Paired-Biases,CNN,synthetic,seed,200,current_mixture,0.1,10,1e-12,width,0.0,12,margin_hat_min,0.1292000412940979,,20.805
pb_cnn_24,sweep_all,Paired-Biases,CNN,synthetic,seed,200,current_mixture,0.1,10,1e-12,width,0.0,12,d_eff,28.533126544838318,,20.805
pb_cnn_24,sweep_all,Paired-Biases,CNN,synthetic,seed,200,current_mixture,0.1,10,1e-12,width,0.0,12,unstable_fraction,0.9125,,0.003
pb_cnn_24,sweep_all,Paired-Biases,CNN,synthetic,seed,200,current_mixture,0.1,10,1e-12,width,0.0,12,g_ibp,6.506489384375025,,0.003
pb_cnn_24,sweep_all,Paired-Biases,CNN,synthetic,seed,200,current_mixture,0.1,10,1e-12,width,0.0,12,a_tau,5.973809611869261,,1.228
pb_cnn_24,sweep_all,Paired-Biases,CNN,synthetic,seed,200,current_mixture,0.1,10,1e-12,width,0.0,13,margin_hat_min,0.1289716511964798,,22.421
pb_cnn_24,sweep_all,Paired-Biases,CNN,synthetic,seed,200,current_mixture,0.1,10,1e-12,width,0.0,13,d_eff,28.531702355925653,,22.421
pb_cnn_24,sweep_all,Paired-Biases,CNN,synthetic,seed,200,current_mixture,0.1,10,1e-12,width,0.0,13,unstable_fraction,0.9125,,0.003
pb_cnn_24,sweep_all,Paired-Biases,CNN,synthetic,seed,200,current_mixture,0.1,10,1e-12,width,0.0,13,g_ibp,6.516240578814684,,0.003
pb_cnn_24,sweep_all,Paired-Biases,CNN,synthetic,seed,200,current_mixture,0.1,10,1e-12,width,0.0,13,a_tau,5.981414211254481,,1.336
pb_cnn_24,sweep_all,Paired-Biases,CNN,synthetic,seed,200,current_mixture,0.1,10,1e-12,width,0.0,14,margin_hat_min,0.12904290854930878,,9.836
pb_cnn_24,sweep_all,Paired-Biases,CNN,synthetic,seed,200,current_mixture,0.1,10,1e-12,width,0.0,14,d_eff,28.52652767745029,,9.836
pb_cnn_24,sweep_all,Paired-Biases,CNN,synthetic,seed,200,current_mixture,0.1,10,1e-12,width,0.0,14,unstable_fraction,0.9125,,0.003
pb_cnn_24,sweep_all,Paired-Biases,CNN,synthetic,seed,200,current_mixture,0.1,10,1e-12,width,0.0,14,g_ibp,6.513194516806085,,0.003
pb_cnn_24,sweep_all,Paired-Biases,CNN,synthetic,seed,200,current_mixture,0.1,10,1e-12,width,0.0,14,a_tau,5.991464547107982,,0.278
pb_cnn_24,sweep_all,Paired-Biases,CNN,synthetic,seed,200,current_mixture,0.1,10,1e-12,width,0.0,15,margin_hat_min,0.12893575429916382,,15.261
pb_cnn_24,sweep_all,Paired-Biases,CNN,synthetic,seed,200,current_mixture,0.1,10,1e-12,width,0.0,15,d_eff,28.093155980341447,,15.261
pb_cnn_24,sweep_all,Paired-Biases,CNN,synthetic,seed,200,current_mixture,0.1,10,1e-12,width,0.0,15,unstable_fraction,0.9125,,0.029
pb_cnn_24,sweep_all,Paired-Biases,CNN,synthetic,seed,200,current_mixture,0.1,10,1e-12,width,0.0,15,g_ibp,6.517776350817591,,0.029
pb_cnn_24,sweep_all,Paired-Biases,CNN,synthetic,seed,200,current_mixture,0.1,10,1e-12,width,0.0,15,a_tau,5.983936280687191,,0.543
pb_cnn_22,sweep_all,Paired-Biases,CNN,synthetic,seed,200,current_mixture,0.1,10,1e-12,width,0.0,0,margin_hat_min,0.10578851401805878,,22.082
pb_cnn_22,sweep_all,Paired-Biases,CNN,synthetic,seed,200,current_mixture,0.1,10,1e-12,width,0.0,0,d_eff,28.58360275226737,,22.082
pb_cnn_22,sweep_all,Paired-Biases,CNN,synthetic,seed,200,current_mixture,0.1,10,1e-12,width,0.0,0,unstable_fraction,0.925,,0.043
pb_cnn_22,sweep_all,Paired-Biases,CNN,synthetic,seed,200,current_mixture,0.1,10,1e-12,width,0.0,0,g_ibp,8.102795228836712,,0.043
pb_cnn_22,sweep_all,Paired-Biases,CNN,synthetic,seed,200,current_mixture,0.1,10,1e-12,width,0.0,0,a_tau,5.983936280687191,,1.125
pb_cnn_22,sweep_all,Paired-Biases,CNN,synthetic,seed,200,current_mixture,0.1,10,1e-12,width,0.0,1,margin_hat_min,0.10579808056354523,,6.924
pb_cnn_22,sweep_all,Paired-Biases,CNN,synthetic,seed,200,current_mixture,0.1,10,1e-12,width,0.0,1,d_eff,28.42354653803876,,6.924
pb_cnn_22,sweep_all,Paired-Biases,CNN,synthetic,seed,200,current_mixture,0.1,10,1e-12,width,0.0,1,unstable_fraction,0.925,,0.011
pb_cnn_22,sweep_all,Paired-Biases,CNN,synthetic,seed,200,current_mixture,0.1,10,1e-12,width,0.0,1,g_ibp,8.10215297509,,0.011
pb_cnn_22,sweep_all,Paired-Biases,CNN,synthetic,seed,200,current_mixture,0.1,10,1e-12,width,0.0,1,a_tau,5.983936280687191,,0.403
pb_cnn_22,sweep_all,Paired-Biases,CNN,synthetic,seed,200,current_mixture,0.1,10,1e-12,width,0.0,2,margin_hat_min,0.10559041053056717,,23.084
pb_cnn_22,sweep_all,Paired-Biases,CNN,synthetic,seed,200,current_mixture,0.1,10,1e-12,width,0.0,2,d_eff,28.58816903352145,,23.084
pb_cnn_22,sweep_all,Paired-Biases,CNN,synthetic,seed,200,current_mixture,0.1,10,1e-12,width,0.0,2,unstable_fraction,0.925,,0.047
pb_cnn_22,sweep_all,Paired-Biases,CNN,synthetic,seed,200,current_mixture,0.1,10,1e-12,width,0.0,2,g_ibp,8.11612114071344,,0.047
pb_cnn_22,sweep_all,Paired-Biases,CNN,synthetic,seed,200,current_mixture,0.1,10,1e-12,width,0.0,2,a_tau,5.983936280687191,,1.191
pb_cnn_22,sweep_all,Paired-Biases,CNN,synthetic,seed,200,current_mixture,0.1,10,1e-12,width,0.0,3,margin_hat_min,0.10562499612569809,,19.67
pb_cnn_22,sweep_all,Paired-Biases,CNN,synthetic,seed,200,current_mixture,0.1,10,1e-12,width,0.0,3,d_eff,28.042621384870248,,19.67
pb_cnn_22,sweep_all,Paired-Biases,CNN,synthetic,seed,200,current_mixture,0.1,10,1e-12,width,0.0,3,unstable_fraction,0.925,,0.002
pb_cnn_22,sweep_all,Paired-Biases,CNN,synthetic,seed,200,current_mixture,0.1,10,1e-12,width,0.0,3,g_ibp,8.113791055092609,,0.002
pb_cnn_22,sweep_all,Paired-Biases,CNN,synthetic,seed,200,current_mixture,0.1,10,1e-12,width,0.0,3,a_tau,5.983936280687191,,0.523
pb_cnn_22,sweep_all,Paired-Biases,CNN,synthetic,seed,200,current_mixture,0.1,10,1e-12,width,0.0,4,margin_hat_min,0.10544765740633011,,24.731
pb_cnn_22,sweep_all,Paired-Biases,CNN,synthetic,seed,200,current_mixture,0.1,10,1e-12,width,0.0,4,d_eff,28.538514448272373,,24.731
pb_cnn_22,sweep_all,Paired-Biases,CNN,synthetic,seed,200,current_mixture,0.1,10,1e-12,width,0.0,4,unstable_fraction,0.925,,0.055
pb_cnn_22,sweep_all,Paired-Biases,CNN,synthetic,seed,200,current_mixture,0.1,10,1e-12,width,0.0,4,g_ibp,8.125754816323344,,0.055
pb_cnn_22,sweep_all,Paired-Biases,CNN,synthetic,seed,200,current_mixture,0.1,10,1e-12,width,0.0,4,a_tau,5.978885764901122,,1.581
pb_cnn_22,sweep_all,Paired-Biases,CNN,synthetic,seed,200,current_mixture,0.1,10,1e-12,width,0.0,5,margin_hat_min,0.105661541223526,,12.299
pb_cnn_22,sweep_all,Paired-Biases,CNN,synthetic,seed,200,current_mixture,0.1,10,1e-12,width,0.0,5,d_eff,28.399794056895207,,12.299
pb_cnn_22,sweep_all,Paired-Biases,CNN,synthetic,seed,200,current_mixture,0.1,10,1e-12,width,0.0,5,unstable_fraction,0.925,,0.019
pb_cnn_22,sweep_all,Paired-Biases,CNN,synthetic,seed,200,current_mixture,0.1,10,1e-12,width,0.0,5,g_ibp,8.111330612181945,,0.019
pb_cnn_22,sweep_all,Paired-Biases,CNN,synthetic,seed,200,current_mixture,0.1,10,1e-12,width,0.0,5,a_tau,5.988961416889864,,0.722
pb_cnn_22,sweep_all,Paired-Biases,CNN,synthetic,seed,200,current_mixture,0.1,10,1e-12,width,0.0,6,margin_hat_min,0.10563430935144424,,18.667
pb_cnn_22,sweep_all,Paired-Biases,CNN,synthetic,seed,200,current_mixture,0.1,10,1e-12,width,0.0,6,d_eff,28.64940353745577,,18.667
pb_cnn_22,sweep_all,Paired-Biases,CNN,synthetic,seed,200,current_mixture,0.1,10,1e-12,width,0.0,6,unstable_fraction,0.925,,0.047
pb_cnn_22,sweep_all,Paired-Biases,CNN,synthetic,seed,200,current_mixture,0.1,10,1e-12,width,0.0,6,g_ibp,8.113163869262426,,0.047
pb_cnn_22,sweep_all,Paired-Biases,CNN,synthetic,seed,200,current_mixture,0.1,10,1e-12,width,0.0,6,a_tau,5.973809611869261,,1.513
pb_cnn_22,sweep_all,Paired-Biases,CNN,synthetic,seed,200,current_mixture,0.1,10,1e-12,width,0.0,7,margin_hat_min,0.10572408139705658,,6.603
pb_cnn_22,sweep_all,Paired-Biases,CNN,synthetic,seed,200,current_mixture,0.1,10,1e-12,width,0.0,7,d_eff,28.71735428882233,,6.603
pb_cnn_22,sweep_all,Paired-Biases,CNN,synthetic,seed,200,current_mixture,0.1,10,1e-12,width,0.0,7,unstable_fraction,0.925,,0.022
pb_cnn_22,sweep_all,Paired-Biases,CNN,synthetic,seed,200,current_mixture,0.1,10,1e-12,width,0.0,7,g_ibp,8.107123965553873,,0.022
pb_cnn_22,sweep_all,Paired-Biases,CNN,synthetic,seed,200,current_mixture,0.1,10,1e-12,width,0.0,7,a_tau,5.988961416889864,,0.476
pb_cnn_22,sweep_all,Paired-Biases,CNN,synthetic,seed,200,current_mixture,0.1,10,1e-12,width,0.0,8,margin_hat_min,0.10558915138244629,,7.945
pb_cnn_22,sweep_all,Paired-Biases,CNN,synthetic,seed,200,current_mixture,0.1,10,1e-12,width,0.0,8,d_eff,28.393538236712754,,7.945
pb_cnn_22,sweep_all,Paired-Biases,CNN,synthetic,seed,200,current_mixture,0.1,10,1e-12,width,0.0,8,unstable_fraction,0.925,,0.011
pb_cnn_22,sweep_all,Paired-Biases,CNN,synthetic,seed,200,current_mixture,0.1,10,1e-12,width,0.0,8,g_ibp,8.116206000288926,,0.011
pb_cnn_22,sweep_all,Paired-Biases,CNN,synthetic,seed,200,current_mixture,0.1,10,1e-12,width,0.0,8,a_tau,5.988961416889864,,0.572
pb_cnn_22,sweep_all,Paired-Biases,CNN,synthetic,seed,200,current_mixture,0.1,10,1e-12,width,0.0,9,margin_hat_min,0.10570947080850601,,12.171
pb_cnn_22,sweep_all,Paired-Biases,CNN,synthetic,seed,200,current_mixture,0.1,10,1e-12,width,0.0,9,d_eff,28.382122818668066,,12.171
pb_cnn_22,sweep_all,Paired-Biases,CNN,synthetic,seed,200,current_mixture,0.1,10,1e-12,width,0.0,9,unstable_fraction,0.925,,0.011
pb_cnn_22,sweep_all,Paired-Biases,CNN,synthetic,seed,200,current_mixture,0.1,10,1e-12,width,0.0,9,g_ibp,8.108106273602939,,0.011
pb_cnn_22,sweep_all,Paired-Biases,CNN,synthetic,seed,200,current_mixture,0.1,10,1e-12,width,0.0,9,a_tau,5.983936280687191,,0.798
pb_cnn_22,sweep_all,Paired-Biases,CNN,synthetic,seed,200,current_mixture,0.1,10,1e-12,width,0.0,10,margin_hat_min,0.10578599572181702,,24.616
pb_cnn_22,sweep_all,Paired-Biases,CNN,synthetic,seed,200,current_mixture,0.1,10,1e-12,width,0.0,10,d_eff,28.70191059630549,,24.616
pb_cnn_22,sweep_all,Paired-Biases,CNN,synthetic,seed,200,current_mixture,0.1,10,1e-12,width,0.0,10,unstable_fraction,0.925,,0.047
pb_cnn_22,sweep_all,Paired-Biases,CNN,synthetic,seed,200,current_mixture,0.1,10,1e-12,width,0.0,10,g_ibp,8.102964314946917,,0.047
pb_cnn_22,sweep_all,Paired-Biases,CNN,synthetic,seed,200,current_mixture,0.1,10,1e-12,width,0.0,10,a_tau,5.988961416889864,,1.479
pb_cnn_22,sweep_all,Paired-Biases,CNN,synthetic,seed,200,current_mixture,0.1,10,1e-12,width,0.0,11,margin_hat_min,0.10567864030599594,,17.245
pb_cnn_22,sweep_all,Paired-Biases,CNN,synthetic,seed,200,current_mixture,0.1,10,1e-12,width,0.0,11,d_eff,28.4375036669654,,17.245
pb_cnn_22,sweep_all,Paired-Biases,CNN,synthetic,seed,200,current_mixture,0.1,10,1e-12,width,0.0,11,unstable_fraction,0.925,,0.012
pb_cnn_22,sweep_all,Paired-Biases,CNN,synthetic,seed,200,current_mixture,0.1,10,1e-12,width,0.0,11,g_ibp,8.110179980150198,,0.012
pb_cnn_22,sweep_all,Paired-Biases,CNN,synthetic,seed,200,current_mixture,0.1,10,1e-12,width,0.0,11,a_tau,5.983936280687191,,0.365
pb_cnn_22,sweep_all,Paired-Biases,CNN,synthetic,seed,200,current_mixture,0.1,10,1e-12,width,0.0,12,margin_hat_min,0.10582826286554337,,24.191
pb_cnn_22,sweep_all,Paired-Biases,CNN,synthetic,seed,200,current_mixture,0.1,10,1e-12,width,0.0,12,d_eff,28.618719766322947,,24.191
pb_cnn_22,sweep_all,Paired-Biases,CNN,synthetic,seed,200,current_mixture,0.1,10,1e-12,width,0.0,12,unstable_fraction,0.925,,0.047
pb_cnn_22,sweep_all,Paired-Biases,CNN,synthetic,seed,200,current_mixture,0.1,10,1e-12,width,0.0,12,g_ibp,8.100127435596816,,0.047
pb_cnn_22,sweep_all,Paired-Biases,CNN,synthetic,seed,200,current_mixture,0.1,10,1e-12,width,0.0,12,a_tau,5.981414211254481,,1.352
pb_cnn_22,sweep_all,Paired-Biases,CNN,synthetic,seed,200,current_mixture,0.1,10,1e-12,width,0.0,13,margin_hat_min,0.10576903074979782,,12.828
pb_cnn_22,sweep_all,Paired-Biases,CNN,synthetic,seed,200,current_mixture,0.1,10,1e-12,width,0.0,13,d_eff,28.765981600535643,,12.828
pb_cnn_22,sweep_all,Paired-Biases,CNN,synthetic,seed,200,current_mixture,0.1,10,1e-12,width,0.0,13,unstable_fraction,0.925,,0.013
pb_cnn_22,sweep_all,Paired-Biases,CNN,synthetic,seed,200,current_mixture,0.1,10,1e-12,width,0.0,13,g_ibp,8.104103604869506,,0.013
pb_cnn_22,sweep_all,Paired-Biases,CNN,synthetic,seed,200,current_mixture,0.1,10,1e-12,width,0.0,13,a_tau,5.981414211254481,,0.692
pb_cnn_22,sweep_all,Paired-Biases,CNN,synthetic,seed,200,current_mixture,0.1,10,1e-12,width,0.0,14,margin_hat_min,0.10558132827281952,,26.253
pb_cnn_22,sweep_all,Paired-Biases,CNN,synthetic,seed,200,current_mixture,0.1,10,1e-12,width,0.0,14,d_eff,28.963442199888863,,26.253
pb_cnn_22,sweep_all,Paired-Biases,CNN,synthetic,seed,200,current_mixture,0.1,10,1e-12,width,0.0,14,unstable_fraction,0.925,,0.047
pb_cnn_22,sweep_all,Paired-Biases,CNN,synthetic,seed,200,current_mixture,0.1,10,1e-12,width,0.0,14,g_ibp,8.116733279691234,,0.047
pb_cnn_22,sweep_all,Paired-Biases,CNN,synthetic,seed,200,current_mixture,0.1,10,1e-12,width,0.0,14,a_tau,5.978885764901122,,1.408
pb_cnn_22,sweep_all,Paired-Biases,CNN,synthetic,seed,200,current_mixture,0.1,10,1e-12,width,0.0,15,margin_hat_min,0.10572034120559692,,25.204
pb_cnn_22,sweep_all,Paired-Biases,CNN,synthetic,seed,200,current_mixture,0.1,10,1e-12,width,0.0,15,d_eff,28.114284338007952,,25.204
pb_cnn_22,sweep_all,Paired-Biases,CNN,synthetic,seed,200,current_mixture,0.1,10,1e-12,width,0.0,15,unstable_fraction,0.925,,0.004
pb_cnn_22,sweep_all,Paired-Biases,CNN,synthetic,seed,200,current_mixture,0.1,10,1e-12,width,0.0,15,g_ibp,8.10737540254372,,0.004
pb_cnn_22,sweep_all,Paired-Biases,CNN,synthetic,seed,200,current_mixture,0.1,10,1e-12,width,0.0,15,a_tau,5.983936280687191,,0.614
pb_cnn_33,sweep_all,Paired-Biases,CNN,synthetic,seed,200,current_mixture,0.1,10,1e-12,width,0.0,0,margin_hat_min,0.12360879778862,,20.088
pb_cnn_33,sweep_all,Paired-Biases,CNN,synthetic,seed,200,current_mixture,0.1,10,1e-12,width,0.0,0,d_eff,28.03232551921248,,20.088
pb_cnn_33,sweep_all,Paired-Biases,CNN,synthetic,seed,200,current_mixture,0.1,10,1e-12,width,0.0,0,unstable_fraction,0.9488636363636364,,0.03
pb_cnn_33,sweep_all,Paired-Biases,CNN,synthetic,seed,200,current_mixture,0.1,10,1e-12,width,0.0,0,g_ibp,9.192923995187494,,0.03
pb_cnn_33,sweep_all,Paired-Biases,CNN,synthetic,seed,200,current_mixture,0.1,10,1e-12,width,0.0,0,a_tau,5.978885764901122,,0.878
pb_cnn_33,sweep_all,Paired-Biases,CNN,synthetic,seed,200,current_mixture,0.1,10,1e-12,width,0.0,1,margin_hat_min,0.12352452427148819,,14.528
pb_cnn_33,sweep_all,Paired-Biases,CNN,synthetic,seed,200,current_mixture,0.1,10,1e-12,width,0.0,1,d_eff,28.156512138287695,,14.528
pb_cnn_33,sweep_all,Paired-Biases,CNN,synthetic,seed,200,current_mixture,0.1,10,1e-12,width,0.0,1,unstable_fraction,0.9488636363636364,,0.003
pb_cnn_33,sweep_all,Paired-Biases,CNN,synthetic,seed,200,current_mixture,0.1,10,1e-12,width,0.0,1,g_ibp,9.198513545317189,,0.003
pb_cnn_33,sweep_all,Paired-Biases,CNN,synthetic,seed,200,current_mixture,0.1,10,1e-12,width,0.0,1,a_tau,5.968707559985366,,0.325
pb_cnn_33,sweep_all,Paired-Biases,CNN,synthetic,seed,200,current_mixture,0.1,10,1e-12,width,0.0,2,margin_hat_min,0.12348413467407227,,26.685
pb_cnn_33,sweep_all,Paired-Biases,CNN,synthetic,seed,200,current_mixture,0.1,10,1e-12,width,0.0,2,d_eff,28.16282103397794,,26.685
pb_cnn_33,sweep_all,Paired-Biases,CNN,synthetic,seed,200,current_mixture,0.1,10,1e-12,width,0.0,2,unstable_fraction,0.9488636363636364,,0.047
pb_cnn_33,sweep_all,Paired-Biases,CNN,synthetic,seed,200,current_mixture,0.1,10,1e-12,width,0.0,2,g_ibp,9.20119514212617,,0.047
pb_cnn_33,sweep_all,Paired-Biases,CNN,synthetic,seed,200,current_mixture,0.1,10,1e-12,width,0.0,2,a_tau,5.973809611869261,,1.757
pb_cnn_33,sweep_all,Paired-Biases,CNN,synthetic,seed,200,current_mixture,0.1,10,1e-12,width,0.0,3,margin_hat_min,0.12358991801738739,,13.259
pb_cnn_33,sweep_all,Paired-Biases,CNN,synthetic,seed,200,current_mixture,0.1,10,1e-12,width,0.0,3,d_eff,27.849497069769242,,13.259
pb_cnn_33,sweep_all,Paired-Biases,CNN,synthetic,seed,200,current_mixture,0.1,10,1e-12,width,0.0,3,unstable_fraction,0.9488636363636364,,0.012
pb_cnn_33,sweep_all,Paired-Biases,CNN,synthetic,seed,200,current_mixture,0.1,10,1e-12,width,0.0,3,g_ibp,9.194175557881564,,0.012
pb_cnn_33,sweep_all,Paired-Biases,CNN,synthetic,seed,200,current_mixture,0.1,10,1e-12,width,0.0,3,a_tau,5.981414211254481,,0.574
pb_cnn_33,sweep_all,Paired-Biases,CNN,synthetic,seed,200,current_mixture,0.1,10,1e-12,width,0.0,4,margin_hat_min,0.12356816232204437,,28.951
pb_cnn_33,sweep_all,Paired-Biases,CNN,synthetic,seed,200,current_mixture,0.1,10,1e-12,width,0.0,4,d_eff,27.956569382213168,,28.951
pb_cnn_33,sweep_all,Paired-Biases,CNN,synthetic,seed,200,current_mixture,0.1,10,1e-12,width,0.0,4,unstable_fraction,0.9488636363636364,,0.047
pb_cnn_33,sweep_all,Paired-Biases,CNN,synthetic,seed,200,current_mixture,0.1,10,1e-12,width,0.0,4,g_ibp,9.195618243308564,,0.047
pb_cnn_33,sweep_all,Paired-Biases,CNN,synthetic,seed,200,current_mixture,0.1,10,1e-12,width,0.0,4,a_tau,5.971261839790462,,1.741
pb_cnn_33,sweep_all,Paired-Biases,CNN,synthetic,seed,200,current_mixture,0.1,10,1e-12,width,0.0,5,margin_hat_min,0.12360066920518875,,29.756
pb_cnn_33,sweep_all,Paired-Biases,CNN,synthetic,seed,200,current_mixture,0.1,10,1e-12,width,0.0,5,d_eff,28.055233397011023,,29.756
pb_cnn_33,sweep_all,Paired-Biases,CNN,synthetic,seed,200,current_mixture,0.1,10,1e-12,width,0.0,5,unstable_fraction,0.9488636363636364,,0.047
pb_cnn_33,sweep_all,Paired-Biases,CNN,synthetic,seed,200,current_mixture,0.1,10,1e-12,width,0.0,5,g_ibp,9.193462801867655,,0.047
pb_cnn_33,sweep_all,Paired-Biases,CNN,synthetic,seed,200,current_mixture,0.1,10,1e-12,width,0.0,5,a_tau,5.971261839790462,,1.551
pb_cnn_33,sweep_all,Paired-Biases,CNN,synthetic,seed,200,current_mixture,0.1,10,1e-12,width,0.0,6,margin_hat_min,0.12354404479265213,,28.533
pb_cnn_33,sweep_all,Paired-Biases,CNN,synthetic,seed,200,current_mixture,0.1,10,1e-12,width,0.0,6,d_eff,27.98130236413167,,28.533
pb_cnn_33,sweep_all,Paired-Biases,CNN,synthetic,seed,200,current_mixture,0.1,10,1e-12,width,0.0,6,unstable_fraction,0.9488636363636364,,0.003
pb_cnn_33,sweep_all,Paired-Biases,CNN,synthetic,seed,200,current_mixture,0.1,10,1e-12,width,0.0,6,g_ibp,9.197218142876372,,0.003
pb_cnn_33,sweep_all,Paired-Biases,CNN,synthetic,seed,200,current_mixture,0.1,10,1e-12,width,0.0,6,a_tau,5.981414211254481,,1.592
pb_cnn_33,sweep_all,Paired-Biases,CNN,synthetic,seed,200,current_mixture,0.1,10,1e-12,width,0.0,7,margin_hat_min,0.12363468110561371,,11.66
pb_cnn_33,sweep_all,Paired-Biases,CNN,synthetic,seed,200,current_mixture,0.1,10,1e-12,width,0.0,7,d_eff,28.0529004656528,,11.66
pb_cnn_33,sweep_all,Paired-Biases,CNN,synthetic,seed,200,current_mixture,0.1,10,1e-12,width,0.0,7,unstable_fraction,0.9488636363636364,,0.018
pb_cnn_33,sweep_all,Paired-Biases,CNN,synthetic,seed,200,current_mixture,0.1,10,1e-12,width,0.0,7,g_ibp,9.191208780273888,,0.018
pb_cnn_33,sweep_all,Paired-Biases,CNN,synthetic,seed,200,current_mixture,0.1,10,1e-12,width,0.0,7,a_tau,5.986452005284438,,0.824
pb_cnn_33,sweep_all,Paired-Biases,CNN,synthetic,seed,200,current_mixture,0.1,10,1e-12,width,0.0,8,margin_hat_min,0.1236349418759346,,20.836
pb_cnn_33,sweep_all,Paired-Biases,CNN,synthetic,seed,200,current_mixture,0.1,10,1e-12,width,0.0,8,d_eff,27.817643581100633,,20.836
pb_cnn_33,sweep_all,Paired-Biases,CNN,synthetic,seed,200,current_mixture,0.1,10,1e-12,width,0.0,8,unstable_fraction,0.9488636363636364,,0.04
pb_cnn_33,sweep_all,Paired-Biases,CNN,synthetic,seed,200,current_mixture,0.1,10,1e-12,width,0.0,8,g_ibp,9.191191503409357,,0.04
pb_cnn_33,sweep_all,Paired-Biases,CNN,synthetic,seed,200,current_mixture,0.1,10,1e-12,width,0.0,8,a_tau,5.973809611869261,,1.07
pb_cnn_33,sweep_all,Paired-Biases,CNN,synthetic,seed,200,current_mixture,0.1,10,1e-12,width,0.0,9,margin_hat_min,0.12366261333227158,,30.501
pb_cnn_33,sweep_all,Paired-Biases,CNN,synthetic,seed,200,current_mixture,0.1,10,1e-12,width,0.0,9,d_eff,27.93240508542232,,30.501
pb_cnn_33,sweep_all,Paired-Biases,CNN,synthetic,seed,200,current_mixture,0.1,10,1e-12,width,0.0,9,unstable_fraction,0.9488636363636364,,0.051
pb_cnn_33,sweep_all,Paired-Biases,CNN,synthetic,seed,200,current_mixture,0.1,10,1e-12,width,0.0,9,g_ibp,9.189358595370907,,0.051
pb_cnn_33,sweep_all,Paired-Biases,CNN,synthetic,seed,200,current_mixture,0.1,10,1e-12,width,0.0,9,a_tau,5.968707559985366,,1.586
pb_cnn_33,sweep_all,Paired-Biases,CNN,synthetic,seed,200,current_mixture,0.1,10,1e-12,width,0.0,10,margin_hat_min,0.12353415787220001,,29.976
pb_cnn_33,sweep_all,Paired-Biases,CNN,synthetic,seed,200,current_mixture,0.1,10,1e-12,width,0.0,10,d_eff,27.74993708773241,,29.976
pb_cnn_33,sweep_all,Paired-Biases,CNN,synthetic,seed,200,current_mixture,0.1,10,1e-12,width,0.0,10,unstable_fraction,0.9488636363636364,,0.047
pb_cnn_33,sweep_all,Paired-Biases,CNN,synthetic,seed,200,current_mixture,0.1,10,1e-12,width,0.0,10,g_ibp,9.197874198214446,,0.047
pb_cnn_33,sweep_all,Paired-Biases,CNN,synthetic,seed,200,current_mixture,0.1,10,1e-12,width,0.0,10,a_tau,5.961005339623274,,1.525
pb_cnn_33,sweep_all,Paired-Biases,CNN,synthetic,seed,200,current_mixture,0.1,10,1e-12,width,0.0,11,margin_hat_min,0.12351330369710922,,19.179
pb_cnn_33,sweep_all,Paired-Biases,CNN,synthetic,seed,200,current_mixture,0.1,10,1e-12,width,0.0,11,d_eff,28.018955111772605,,19.179
pb_cnn_33,sweep_all,Paired-Biases,CNN,synthetic,seed,200,current_mixture,0.1,10,1e-12,width,0.0,11,unstable_fraction,0.9488636363636364,,0.003
pb_cnn_33,sweep_all,Paired-Biases,CNN,synthetic,seed,200,current_mixture,0.1,10,1e-12,width,0.0,11,g_ibp,9.199258339831447,,0.003
pb_cnn_33,sweep_all,Paired-Biases,CNN,synthetic,seed,200,current_mixture,0.1,10,1e-12,width,0.0,11,a_tau,5.976350909297934,,1.174
pb_cnn_33,sweep_all,Paired-Biases,CNN,synthetic,seed,200,current_mixture,0.1,10,1e-12,width,0.0,12,margin_hat_min,0.12358136475086212,,27.403
pb_cnn_33,sweep_all,Paired-Biases,CNN,synthetic,seed,200,current_mixture,0.1,10,1e-12,width,0.0,12,d_eff,28.1223921763668,,27.403
pb_cnn_33,sweep_all,Paired-Biases,CNN,synthetic,seed,200,current_mixture,0.1,10,1e-12,width,0.0,12,unstable_fraction,0.9488636363636364,,0.057
pb_cnn_33,sweep_all,Paired-Biases,CNN,synthetic,seed,200,current_mixture,0.1,10,1e-12,width,0.0,12,g_ibp,9.194742690051065,,0.057
pb_cnn_33,sweep_all,Paired-Biases,CNN,synthetic,seed,200,current_mixture,0.1,10,1e-12,width,0.0,12,a_tau,5.988961416889864,,1.509
pb_cnn_33,sweep_all,Paired-Biases,CNN,synthetic,seed,200,current_mixture,0.1,10,1e-12,width,0.0,13,margin_hat_min,0.12345489859580994,,30.439
pb_cnn_33,sweep_all,Paired-Biases,CNN,synthetic,seed,200,current_mixture,0.1,10,1e-12,width,0.0,13,d_eff,27.657474805081222,,30.439
pb_cnn_33,sweep_all,Paired-Biases,CNN,synthetic,seed,200,current_mixture,0.1,10,1e-12,width,0.0,13,unstable_fraction,0.9488636363636364,,0.033
pb_cnn_33,sweep_all,Paired-Biases,CNN,synthetic,seed,200,current_mixture,0.1,10,1e-12,width,0.0,13,g_ibp,9.203137315225375,,0.033
pb_cnn_33,sweep_all,Paired-Biases,CNN,synthetic,seed,200,current_mixture,0.1,10,1e-12,width,0.0,13,a_tau,5.973809611869261,,1.582
pb_cnn_33,sweep_all,Paired-Biases,CNN,synthetic,seed,200,current_mixture,0.1,10,1e-12,width,0.0,14,margin_hat_min,0.12355823069810867,,17.769
pb_cnn_33,sweep_all,Paired-Biases,CNN,synthetic,seed,200,current_mixture,0.1,10,1e-12,width,0.0,14,d_eff,28.094184072511293,,17.769
pb_cnn_33,sweep_all,Paired-Biases,CNN,synthetic,seed,200,current_mixture,0.1,10,1e-12,width,0.0,14,unstable_fraction,0.9488636363636364,,0.005
pb_cnn_33,sweep_all,Paired-Biases,CNN,synthetic,seed,200,current_mixture,0.1,10,1e-12,width,0.0,14,g_ibp,9.196277007988606,,0.005
pb_cnn_33,sweep_all,Paired-Biases,CNN,synthetic,seed,200,current_mixture,0.1,10,1e-12,width,0.0,14,a_tau,5.986452005284438,,1.091
pb_cnn_33,sweep_all,Paired-Biases,CNN,synthetic,seed,200,current_mixture,0.1,10,1e-12,width,0.0,15,margin_hat_min,0.12375928461551666,,16.743
pb_cnn_33,sweep_all,Paired-Biases,CNN,synthetic,seed,200,current_mixture,0.1,10,1e-12,width,0.0,15,d_eff,27.838915307240566,,16.743
pb_cnn_33,sweep_all,Paired-Biases,CNN,synthetic,seed,200,current_mixture,0.1,10,1e-12,width,0.0,15,unstable_fraction,0.9488636363636364,,0.003
pb_cnn_33,sweep_all,Paired-Biases,CNN,synthetic,seed,200,current_mixture,0.1,10,1e-12,width,0.0,15,g_ibp,9.182961695075129,,0.003
pb_cnn_33,sweep_all,Paired-Biases,CNN,synthetic,seed,200,current_mixture,0.1,10,1e-12,width,0.0,15,a_tau,5.963579343618446,,1.038
pb_cnn_40,sweep_all,Paired-Biases,CNN,synthetic,seed,200,current_mixture,0.1,10,1e-12,width,0.0,0,margin_hat_min,0.11120115965604782,,146.026
pb_cnn_40,sweep_all,Paired-Biases,CNN,synthetic,seed,200,current_mixture,0.1,10,1e-12,width,0.0,0,d_eff,107.65737048873348,,146.026
pb_cnn_40,sweep_all,Paired-Biases,CNN,synthetic,seed,200,current_mixture,0.1,10,1e-12,width,0.0,0,unstable_fraction,0.95,,0.04
pb_cnn_40,sweep_all,Paired-Biases,CNN,synthetic,seed,200,current_mixture,0.1,10,1e-12,width,0.0,0,g_ibp,15.135285990298707,,0.04
pb_cnn_40,sweep_all,Paired-Biases,CNN,synthetic,seed,200,current_mixture,0.1,10,1e-12,width,0.0,0,a_tau,5.991464547107982,,11.411
pb_cnn_40,sweep_all,Paired-Biases,CNN,synthetic,seed,200,current_mixture,0.1,10,1e-12,width,0.0,1,margin_hat_min,0.11118560284376144,,103.449
pb_cnn_40,sweep_all,Paired-Biases,CNN,synthetic,seed,200,current_mixture,0.1,10,1e-12,width,0.0,1,d_eff,108.38804627317795,,103.449
pb_cnn_40,sweep_all,Paired-Biases,CNN,synthetic,seed,200,current_mixture,0.1,10,1e-12,width,0.0,1,unstable_fraction,0.95,,0.047
pb_cnn_40,sweep_all,Paired-Biases,CNN,synthetic,seed,200,current_mixture,0.1,10,1e-12,width,0.0,1,g_ibp,15.13726376426529,,0.047
pb_cnn_40,sweep_all,Paired-Biases,CNN,synthetic,seed,200,current_mixture,0.1,10,1e-12,width,0.0,1,a_tau,5.991464547107982,,11.124
pb_cnn_40,sweep_all,Paired-Biases,CNN,synthetic,seed,200,current_mixture,0.1,10,1e-12,width,0.0,2,margin_hat_min,0.11130516231060028,,128.47
pb_cnn_40,sweep_all,Paired-Biases,CNN,synthetic,seed,200,current_mixture,0.1,10,1e-12,width,0.0,2,d_eff,109.09672339524259,,128.47
pb_cnn_40,sweep_all,Paired-Biases,CNN,synthetic,seed,200,current_mixture,0.1,10,1e-12,width,0.0,2,unstable_fraction,0.95,,0.048
pb_cnn_40,sweep_all,Paired-Biases,CNN,synthetic,seed,200,current_mixture,0.1,10,1e-12,width,0.0,2,g_ibp,15.12207809198278,,0.048
pb_cnn_40,sweep_all,Paired-Biases,CNN,synthetic,seed,200,current_mixture,0.1,10,1e-12,width,0.0,2,a_tau,5.991464547107982,,11.244
pb_cnn_40,sweep_all,Paired-Biases,CNN,synthetic,seed,200,current_mixture,0.1,10,1e-12,width,0.0,3,margin_hat_min,0.1111268475651741,,106.727
pb_cnn_40,sweep_all,Paired-Biases,CNN,synthetic,seed,200,current_mixture,0.1,10,1e-12,width,0.0,3,d_eff,108.93268216688868,,106.727
pb_cnn_40,sweep_all,Paired-Biases,CNN,synthetic,seed,200,current_mixture,0.1,10,1e-12,width,0.0,3,unstable_fraction,0.95,,0.02
pb_cnn_40,sweep_all,Paired-Biases,CNN,synthetic,seed,200,current_mixture,0.1,10,1e-12,width,0.0,3,g_ibp,15.144738455477398,,0.02
pb_cnn_40,sweep_all,Paired-Biases,CNN,synthetic,seed,200,current_mixture,0.1,10,1e-12,width,0.0,3,a_tau,5.991464547107982,,3.964
pb_cnn_40,sweep_all,Paired-Biases,CNN,synthetic,seed,200,current_mixture,0.1,10,1e-12,width,0.0,4,margin_hat_min,0.11123020946979523,,103.031
pb_cnn_40,sweep_all,Paired-Biases,CNN,synthetic,seed,200,current_mixture,0.1,10,1e-12,width,0.0,4,d_eff,108.3240749211943,,103.031
pb_cnn_40,sweep_all,Paired-Biases,CNN,synthetic,seed,200,current_mixture,0.1,10,1e-12,width,0.0,4,unstable_fraction,0.95,,0.014
pb_cnn_40,sweep_all,Paired-Biases,CNN,synthetic,seed,200,current_mixture,0.1,10,1e-12,width,0.0,4,g_ibp,15.131594300538898,,0.014
pb_cnn_40,sweep_all,Paired-Biases,CNN,synthetic,seed,200,current_mixture,0.1,10,1e-12,width,0.0,4,a_tau,5.991464547107982,,5.94
pb_cnn_40,sweep_all,Paired-Biases,CNN,synthetic,seed,200,current_mixture,0.1,10,1e-12,width,0.0,5,margin_hat_min,0.11123368889093399,,84.319
pb_cnn_40,sweep_all,Paired-Biases,CNN,synthetic,seed,200,current_mixture,0.1,10,1e-12,width,0.0,5,d_eff,108.50390177041507,,84.319
pb_cnn_40,sweep_all,Paired-Biases,CNN,synthetic,seed,200,current_mixture,0.1,10,1e-12,width,0.0,5,unstable_fraction,0.95,,0.004
pb_cnn_40,sweep_all,Paired-Biases,CNN,synthetic,seed,200,current_mixture,0.1,10,1e-12,width,0.0,5,g_ibp,15.131152260286314,,0.004
pb_cnn_40,sweep_all,Paired-Biases,CNN,synthetic,seed,200,current_mixture,0.1,10,1e-12,width,0.0,5,a_tau,5.991464547107982,,7.67
pb_cnn_40,sweep_all,Paired-Biases,CNN,synthetic,seed,200,current_mixture,0.1,10,1e-12,width,0.0,6,margin_hat_min,0.1111091673374176,,147.949
pb_cnn_40,sweep_all,Paired-Biases,CNN,synthetic,seed,200,current_mixture,0.1,10,1e-12,width,0.0,6,d_eff,107.6632254737418,,147.949
pb_cnn_40,sweep_all,Paired-Biases,CNN,synthetic,seed,200,current_mixture,0.1,10,1e-12,width,0.0,6,unstable_fraction,0.95,,0.003
pb_cnn_40,sweep_all,Paired-Biases,CNN,synthetic,seed,200,current_mixture,0.1,10,1e-12,width,0.0,6,g_ibp,15.146989234629466,,0.003
pb_cnn_40,sweep_all,Paired-Biases,CNN,synthetic,seed,200,current_mixture,0.1,10,1e-12,width,0.0,6,a_tau,5.991464547107982,,11.326
pb_cnn_40,sweep_all,Paired-Biases,CNN,synthetic,seed,200,current_mixture,0.1,10,1e-12,width,0.0,7,margin_hat_min,0.11113551259040833,,87.629
pb_cnn_40,sweep_all,Paired-Biases,CNN,synthetic,seed,200,current_mixture,0.1,10,1e-12,width,0.0,7,d_eff,108.83307934526024,,87.629
pb_cnn_40,sweep_all,Paired-Biases,CNN,synthetic,seed,200,current_mixture,0.1,10,1e-12,width,0.0,7,unstable_fraction,0.95,,0.004
pb_cnn_40,sweep_all,Paired-Biases,CNN,synthetic,seed,200,current_mixture,0.1,10,1e-12,width,0.0,7,g_ibp,15.14363561703458,,0.004
pb_cnn_40,sweep_all,Paired-Biases,CNN,synthetic,seed,200,current_mixture,0.1,10,1e-12,width,0.0,7,a_tau,5.991464547107982,,2.307
pb_cnn_40,sweep_all,Paired-Biases,CNN,synthetic,seed,200,current_mixture,0.1,10,1e-12,width,0.0,8,margin_hat_min,0.11104085296392441,,148.767
pb_cnn_40,sweep_all,Paired-Biases,CNN,synthetic,seed,200,current_mixture,0.1,10,1e-12,width,0.0,8,d_eff,108.04070882856124,,148.767
pb_cnn_40,sweep_all,Paired-Biases,CNN,synthetic,seed,200,current_mixture,0.1,10,1e-12,width,0.0,8,unstable_fraction,0.95,,0.04
pb_cnn_40,sweep_all,Paired-Biases,CNN,synthetic,seed,200,current_mixture,0.1,10,1e-12,width,0.0,8,g_ibp,15.155692722405123,,0.04
pb_cnn_40,sweep_all,Paired-Biases,CNN,synthetic,seed,200,current_mixture,0.1,10,1e-12,width,0.0,8,a_tau,5.991464547107982,,10.321
pb_cnn_40,sweep_all,Paired-Biases,CNN,synthetic,seed,200,current_mixture,0.1,10,1e-12,width,0.0,9,margin_hat_min,0.1112653911113739,,93.58
pb_cnn_40,sweep_all,Paired-Biases,CNN,synthetic,seed,200,current_mixture,0.1,10,1e-12,width,0.0,9,d_eff,108.61599776118405,,93.58
pb_cnn_40,sweep_all,Paired-Biases,CNN,synthetic,seed,200,current_mixture,0.1,10,1e-12,width,0.0,9,unstable_fraction,0.95,,0.01
pb_cnn_40,sweep_all,Paired-Biases,CNN,synthetic,seed,200,current_mixture,0.1,10,1e-12,width,0.0,9,g_ibp,15.127125950761432,,0.01
pb_cnn_40,sweep_all,Paired-Biases,CNN,synthetic,seed,200,current_mixture,0.1,10,1e-12,width,0.0,9,a_tau,5.991464547107982,,4.628
pb_cnn_40,sweep_all,Paired-Biases,CNN,synthetic,seed,200,current_mixture,0.1,10,1e-12,width,0.0,10,margin_hat_min,0.11124399304389954,,114.656
pb_cnn_40,sweep_all,Paired-Biases,CNN,synthetic,seed,200,current_mixture,0.1,10,1e-12,width,0.0,10,d_eff,108.17939933152539,,114.656
pb_cnn_40,sweep_all,Paired-Biases,CNN,synthetic,seed,200,current_mixture,0.1,10,1e-12,width,0.0,10,unstable_fraction,0.95,,0.035
pb_cnn_40,sweep_all,Paired-Biases,CNN,synthetic,seed,200,current_mixture,0.1,10,1e-12,width,0.0,10,g_ibp,15.129843339683198,,0.035
pb_cnn_40,sweep_all,Paired-Biases,CNN,synthetic,seed,200,current_mixture,0.1,10,1e-12,width,0.0,10,a_tau,5.991464547107982,,4.056
pb_cnn_40,sweep_all,Paired-Biases,CNN,synthetic,seed,200,current_mixture,0.1,10,1e-12,width,0.0,11,margin_hat_min,0.11106853187084198,,146.917
pb_cnn_40,sweep_all,Paired-Biases,CNN,synthetic,seed,200,current_mixture,0.1,10,1e-12,width,0.0,11,d_eff,108.54728543673824,,146.917
pb_cnn_40,sweep_all,Paired-Biases,CNN,synthetic,seed,200,current_mixture,0.1,10,1e-12,width,0.0,11,unstable_fraction,0.95,,0.003
pb_cnn_40,sweep_all,Paired-Biases,CNN,synthetic,seed,200,current_mixture,0.1,10,1e-12,width,0.0,11,g_ibp,15.152165043641265,,0.003
pb_cnn_40,sweep_all,Paired-Biases,CNN,synthetic,seed,200,current_mixture,0.1,10,1e-12,width,0.0,11,a_tau,5.991464547107982,,9.376
pb_cnn_40,sweep_all,Paired-Biases,CNN,synthetic,seed,200,current_mixture,0.1,10,1e-12,width,0.0,12,margin_hat_min,0.11128628253936768,,82.701
pb_cnn_40,sweep_all,Paired-Biases,CNN,synthetic,seed,200,current_mixture,0.1,10,1e-12,width,0.0,12,d_eff,108.00811674480238,,82.701
pb_cnn_40,sweep_all,Paired-Biases,CNN,synthetic,seed,200,current_mixture,0.1,10,1e-12,width,0.0,12,unstable_fraction,0.95,,0.004
pb_cnn_40,sweep_all,Paired-Biases,CNN,synthetic,seed,200,current_mixture,0.1,10,1e-12,width,0.0,12,g_ibp,15.124473909307426,,0.004
pb_cnn_40,sweep_all,Paired-Biases,CNN,synthetic,seed,200,current_mixture,0.1,10,1e-12,width,0.0,12,a_tau,5.991464547107982,,3.468
pb_cnn_40,sweep_all,Paired-Biases,CNN,synthetic,seed,200,current_mixture,0.1,10,1e-12,width,0.0,13,margin_hat_min,0.11113370209932327,,107.915
pb_cnn_40,sweep_all,Paired-Biases,CNN,synthetic,seed,200,current_mixture,0.1,10,1e-12,width,0.0,13,d_eff,108.7496782855233,,107.915
pb_cnn_40,sweep_all,Paired-Biases,CNN,synthetic,seed,200,current_mixture,0.1,10,1e-12,width,0.0,13,unstable_fraction,0.95,,0.005
pb_cnn_40,sweep_all,Paired-Biases,CNN,synthetic,seed,200,current_mixture,0.1,10,1e-12,width,0.0,13,g_ibp,15.143866032522508,,0.005
pb_cnn_40,sweep_all,Paired-Biases,CNN,synthetic,seed,200,current_mixture,0.1,10,1e-12,width,0.0,13,a_tau,5.991464547107982,,4.93
pb_cnn_40,sweep_all,Paired-Biases,CNN,synthetic,seed,200,current_mixture,0.1,10,1e-12,width,0.0,14,margin_hat_min,0.11110640317201614,,114.335
pb_cnn_40,sweep_all,Paired-Biases,CNN,synthetic,seed,200,current_mixture,0.1,10,1e-12,width,0.0,14,d_eff,107.70935645207089,,114.335
pb_cnn_40,sweep_all,Paired-Biases,CNN,synthetic,seed,200,current_mixture,0.1,10,1e-12,width,0.0,14,unstable_fraction,0.95,,0.005
pb_cnn_40,sweep_all,Paired-Biases,CNN,synthetic,seed,200,current_mixture,0.1,10,1e-12,width,0.0,14,g_ibp,15.147341191105964,,0.005
pb_cnn_40,sweep_all,Paired-Biases,CNN,synthetic,seed,200,current_mixture,0.1,10,1e-12,width,0.0,14,a_tau,5.991464547107982,,3.228
pb_cnn_40,sweep_all,Paired-Biases,CNN,synthetic,seed,200,current_mixture,0.1,10,1e-12,width,0.0,15,margin_hat_min,0.11111289262771606,,107.291
pb_cnn_40,sweep_all,Paired-Biases,CNN,synthetic,seed,200,current_mixture,0.1,10,1e-12,width,0.0,15,d_eff,108.82799650023641,,107.291
pb_cnn_40,sweep_all,Paired-Biases,CNN,synthetic,seed,200,current_mixture,0.1,10,1e-12,width,0.0,15,unstable_fraction,0.95,,0.016
pb_cnn_40,sweep_all,Paired-Biases,CNN,synthetic,seed,200,current_mixture,0.1,10,1e-12,width,0.0,15,g_ibp,15.146514927458611,,0.016
pb_cnn_40,sweep_all,Paired-Biases,CNN,synthetic,seed,200,current_mixture,0.1,10,1e-12,width,0.0,15,a_tau,5.991464547107982,,11.9
pb_cnn_41,sweep_all,Paired-Biases,CNN,synthetic,seed,200,current_mixture,0.1,10,1e-12,width,0.0,0,margin_hat_min,0.11218319088220596,,285.346
pb_cnn_41,sweep_all,Paired-Biases,CNN,synthetic,seed,200,current_mixture,0.1,10,1e-12,width,0.0,0,d_eff,244.8663344957709,,285.346
pb_cnn_41,sweep_all,Paired-Biases,CNN,synthetic,seed,200,current_mixture,0.1,10,1e-12,width,0.0,0,unstable_fraction,0.9496527777777778,,0.004
pb_cnn_41,sweep_all,Paired-Biases,CNN,synthetic,seed,200,current_mixture,0.1,10,1e-12,width,0.0,0,g_ibp,17.13414435940745,,0.004
pb_cnn_41,sweep_all,Paired-Biases,CNN,synthetic,seed,200,current_mixture,0.1,10,1e-12,width,0.0,0,a_tau,5.991464547107982,,46.077
pb_cnn_41,sweep_all,Paired-Biases,CNN,synthetic,seed,200,current_mixture,0.1,10,1e-12,width,0.0,1,margin_hat_min,0.11203736066818237,,277.764
pb_cnn_41,sweep_all,Paired-Biases,CNN,synthetic,seed,200,current_mixture,0.1,10,1e-12,width,0.0,1,d_eff,245.44897946479296,,277.764
pb_cnn_41,sweep_all,Paired-Biases,CNN,synthetic,seed,200,current_mixture,0.1,10,1e-12,width,0.0,1,unstable_fraction,0.9496527777777778,,0.005
pb_cnn_41,sweep_all,Paired-Biases,CNN,synthetic,seed,200,current_mixture,0.1,10,1e-12,width,0.0,1,g_ibp,17.155144905216158,,0.005
pb_cnn_41,sweep_all,Paired-Biases,CNN,synthetic,seed,200,current_mixture,0.1,10,1e-12,width,0.0,1,a_tau,5.991464547107982,,53.783
pb_cnn_41,sweep_all,Paired-Biases,CNN,synthetic,seed,200,current_mixture,0.1,10,1e-12,width,0.0,2,margin_hat_min,0.11212916672229767,,300.002
pb_cnn_41,sweep_all,Paired-Biases,CNN,synthetic,seed,200,current_mixture,0.1,10,1e-12,width,0.0,2,d_eff,246.07515998955665,,300.002
pb_cnn_41,sweep_all,Paired-Biases,CNN,synthetic,seed,200,current_mixture,0.1,10,1e-12,width,0.0,2,unstable_fraction,0.9496527777777778,,0.036
pb_cnn_41,sweep_all,Paired-Biases,CNN,synthetic,seed,200,current_mixture,0.1,10,1e-12,width,0.0,2,g_ibp,17.141917837266313,,0.036
pb_cnn_41,sweep_all,Paired-Biases,CNN,synthetic,seed,200,current_mixture,0.1,10,1e-12,width,0.0,2,a_tau,5.991464547107982,,16.151
pb_cnn_41,sweep_all,Paired-Biases,CNN,synthetic,seed,200,current_mixture,0.1,10,1e-12,width,0.0,3,margin_hat_min,0.1122954711318016,,263.341
pb_cnn_41,sweep_all,Paired-Biases,CNN,synthetic,seed,200,current_mixture,0.1,10,1e-12,width,0.0,3,d_eff,244.8282964724003,,263.341
pb_cnn_41,sweep_all,Paired-Biases,CNN,synthetic,seed,200,current_mixture,0.1,10,1e-12,width,0.0,3,unstable_fraction,0.9496527777777778,,0.032
pb_cnn_41,sweep_all,Paired-Biases,CNN,synthetic,seed,200,current_mixture,0.1,10,1e-12,width,0.0,3,g_ibp,17.11801240201494,,0.032
pb_cnn_41,sweep_all,Paired-Biases,CNN,synthetic,seed,200,current_mixture,0.1,10,1e-12,width,0.0,3,a_tau,5.991464547107982,,35.813
pb_cnn_41,sweep_all,Paired-Biases,CNN,synthetic,seed,200,current_mixture,0.1,10,1e-12,width,0.0,4,margin_hat_min,0.11225159466266632,,299.97
pb_cnn_41,sweep_all,Paired-Biases,CNN,synthetic,seed,200,current_mixture,0.1,10,1e-12,width,0.0,4,d_eff,245.31065583140983,,299.97
pb_cnn_41,sweep_all,Paired-Biases,CNN,synthetic,seed,200,current_mixture,0.1,10,1e-12,width,0.0,4,unstable_fraction,0.9496527777777778,,0.036
pb_cnn_41,sweep_all,Paired-Biases,CNN,synthetic,seed,200,current_mixture,0.1,10,1e-12,width,0.0,4,g_ibp,17.1243125483585,,0.036
pb_cnn_41,sweep_all,Paired-Biases,CNN,synthetic,seed,200,current_mixture,0.1,10,1e-12,width,0.0,4,a_tau,5.991464547107982,,29.725
pb_cnn_41,sweep_all,Paired-Biases,CNN,synthetic,seed,200,current_mixture,0.1,10,1e-12,width,0.0,5,margin_hat_min,0.11204259097576141,,299.889
pb_cnn_41,sweep_all,Paired-Biases,CNN,synthetic,seed,200,current_mixture,0.1,10,1e-12,width,0.0,5,d_eff,245.47034444996004,,299.889
pb_cnn_41,sweep_all,Paired-Biases,CNN,synthetic,seed,200,current_mixture,0.1,10,1e-12,width,0.0,5,unstable_fraction,0.9496527777777778,,0.036
pb_cnn_41,sweep_all,Paired-Biases,CNN,synthetic,seed,200,current_mixture,0.1,10,1e-12,width,0.0,5,g_ibp,17.15439076006384,,0.036
pb_cnn_41,sweep_all,Paired-Biases,CNN,synthetic,seed,200,current_mixture,0.1,10,1e-12,width,0.0,5,a_tau,5.991464547107982,,32.19
pb_cnn_41,sweep_all,Paired-Biases,CNN,synthetic,seed,200,current_mixture,0.1,10,1e-12,width,0.0,6,margin_hat_min,0.1120109036564827,,299.908
pb_cnn_41,sweep_all,Paired-Biases,CNN,synthetic,seed,200,current_mixture,0.1,10,1e-12,width,0.0,6,d_eff,246.4283793852712,,299.908
pb_cnn_41,sweep_all,Paired-Biases,CNN,synthetic,seed,200,current_mixture,0.1,10,1e-12,width,0.0,6,unstable_fraction,0.9496527777777778,,0.005
pb_cnn_41,sweep_all,Paired-Biases,CNN,synthetic,seed,200,current_mixture,0.1,10,1e-12,width,0.0,6,g_ibp,17.15896075567188,,0.005
pb_cnn_41,sweep_all,Paired-Biases,CNN,synthetic,seed,200,current_mixture,0.1,10,1e-12,width,0.0,6,a_tau,5.991464547107982,,29.506
pb_cnn_41,sweep_all,Paired-Biases,CNN,synthetic,seed,200,current_mixture,0.1,10,1e-12,width,0.0,7,margin_hat_min,0.11216346174478531,,299.891
pb_cnn_41,sweep_all,Paired-Biases,CNN,synthetic,seed,200,current_mixture,0.1,10,1e-12,width,0.0,7,d_eff,245.7929459359971,,299.891
pb_cnn_41,sweep_all,Paired-Biases,CNN,synthetic,seed,200,current_mixture,0.1,10,1e-12,width,0.0,7,unstable_fraction,0.9496527777777778,,0.004
pb_cnn_41,sweep_all,Paired-Biases,CNN,synthetic,seed,200,current_mixture,0.1,10,1e-12,width,0.0,7,g_ibp,17.136982295632645,,0.004
pb_cnn_41,sweep_all,Paired-Biases,CNN,synthetic,seed,200,current_mixture,0.1,10,1e-12,width,0.0,7,a_tau,5.991464547107982,,15.506
pb_cnn_41,sweep_all,Paired-Biases,CNN,synthetic,seed,200,current_mixture,0.1,10,1e-12,width,0.0,8,margin_hat_min,0.1123087927699089,,235.0
pb_cnn_41,sweep_all,Paired-Biases,CNN,synthetic,seed,200,current_mixture,0.1,10,1e-12,width,0.0,8,d_eff,246.76777981917942,,235.0
pb_cnn_41,sweep_all,Paired-Biases,CNN,synthetic,seed,200,current_mixture,0.1,10,1e-12,width,0.0,8,unstable_fraction,0.9496527777777778,,0.032
pb_cnn_41,sweep_all,Paired-Biases,CNN,synthetic,seed,200,current_mixture,0.1,10,1e-12,width,0.0,8,g_ibp,17.116100545223222,,0.032
pb_cnn_41,sweep_all,Paired-Biases,CNN,synthetic,seed,200,current_mixture,0.1,10,1e-12,width,0.0,8,a_tau,5.991464547107982,,22.783
pb_cnn_41,sweep_all,Paired-Biases,CNN,synthetic,seed,200,current_mixture,0.1,10,1e-12,width,0.0,9,margin_hat_min,0.11229071766138077,,281.52
pb_cnn_41,sweep_all,Paired-Biases,CNN,synthetic,seed,200,current_mixture,0.1,10,1e-12,width,0.0,9,d_eff,245.16936358751826,,281.52
pb_cnn_41,sweep_all,Paired-Biases,CNN,synthetic,seed,200,current_mixture,0.1,10,1e-12,width,0.0,9,unstable_fraction,0.9496527777777778,,0.003
pb_cnn_41,sweep_all,Paired-Biases,CNN,synthetic,seed,200,current_mixture,0.1,10,1e-12,width,0.0,9,g_ibp,17.118694706810835,,0.003
pb_cnn_41,sweep_all,Paired-Biases,CNN,synthetic,seed,200,current_mixture,0.1,10,1e-12,width,0.0,9,a_tau,5.991464547107982,,0.733
pb_cnn_41,sweep_all,Paired-Biases,CNN,synthetic,seed,200,current_mixture,0.1,10,1e-12,width,0.0,10,margin_hat_min,0.11221713572740555,,245.574
pb_cnn_41,sweep_all,Paired-Biases,CNN,synthetic,seed,200,current_mixture,0.1,10,1e-12,width,0.0,10,d_eff,245.75387638375977,,245.574
pb_cnn_41,sweep_all,Paired-Biases,CNN,synthetic,seed,200,current_mixture,0.1,10,1e-12,width,0.0,10,unstable_fraction,0.9496527777777778,,0.028
pb_cnn_41,sweep_all,Paired-Biases,CNN,synthetic,seed,200,current_mixture,0.1,10,1e-12,width,0.0,10,g_ibp,17.129263901274626,,0.028
pb_cnn_41,sweep_all,Paired-Biases,CNN,synthetic,seed,200,current_mixture,0.1,10,1e-12,width,0.0,10,a_tau,5.991464547107982,,16.317
pb_cnn_41,sweep_all,Paired-Biases,CNN,synthetic,seed,200,current_mixture,0.1,10,1e-12,width,0.0,11,margin_hat_min,0.11216969043016434,,246.45
pb_cnn_41,sweep_all,Paired-Biases,CNN,synthetic,seed,200,current_mixture,0.1,10,1e-12,width,0.0,11,d_eff,244.14845070312003,,246.45
pb_cnn_41,sweep_all,Paired-Biases,CNN,synthetic,seed,200,current_mixture,0.1,10,1e-12,width,0.0,11,unstable_fraction,0.9496527777777778,,0.005
pb_cnn_41,sweep_all,Paired-Biases,CNN,synthetic,seed,200,current_mixture,0.1,10,1e-12,width,0.0,11,g_ibp,17.136086223036738,,0.005
pb_cnn_41,sweep_all,Paired-Biases,CNN,synthetic,seed,200,current_mixture,0.1,10,1e-12,width,0.0,11,a_tau,5.991464547107982,,9.499
pb_cnn_41,sweep_all,Paired-Biases,CNN,synthetic,seed,200,current_mixture,0.1,10,1e-12,width,0.0,12,margin_hat_min,0.11220908910036087,,248.852
pb_cnn_41,sweep_all,Paired-Biases,CNN,synthetic,seed,200,current_mixture,0.1,10,1e-12,width,0.0,12,d_eff,244.12280960518495,,248.852
pb_cnn_41,sweep_all,Paired-Biases,CNN,synthetic,seed,200,current_mixture,0.1,10,1e-12,width,0.0,12,unstable_fraction,0.9496527777777778,,0.028
pb_cnn_41,sweep_all,Paired-Biases,CNN,synthetic,seed,200,current_mixture,0.1,10,1e-12,width,0.0,12,g_ibp,17.130420547070063,,0.028
pb_cnn_41,sweep_all,Paired-Biases,CNN,synthetic,seed,200,current_mixture,0.1,10,1e-12,width,0.0,12,a_tau,5.991464547107982,,6.959
pb_cnn_41,sweep_all,Paired-Biases,CNN,synthetic,seed,200,current_mixture,0.1,10,1e-12,width,0.0,13,margin_hat_min,0.11225134879350662,,257.898
pb_cnn_41,sweep_all,Paired-Biases,CNN,synthetic,seed,200,current_mixture,0.1,10,1e-12,width,0.0,13,d_eff,244.7713174989655,,257.898
pb_cnn_41,sweep_all,Paired-Biases,CNN,synthetic,seed,200,current_mixture,0.1,10,1e-12,width,0.0,13,unstable_fraction,0.9496527777777778,,0.005
pb_cnn_41,sweep_all,Paired-Biases,CNN,synthetic,seed,200,current_mixture,0.1,10,1e-12,width,0.0,13,g_ibp,17.124347866162868,,0.005
pb_cnn_41,sweep_all,Paired-Biases,CNN,synthetic,seed,200,current_mixture,0.1,10,1e-12,width,0.0,13,a_tau,5.991464547107982,,1.134
pb_cnn_41,sweep_all,Paired-Biases,CNN,synthetic,seed,200,current_mixture,0.1,10,1e-12,width,0.0,14,margin_hat_min,0.11223343759775162,,246.934
pb_cnn_41,sweep_all,Paired-Biases,CNN,synthetic,seed,200,current_mixture,0.1,10,1e-12,width,0.0,14,d_eff,244.77992361095687,,246.934
pb_cnn_41,sweep_all,Paired-Biases,CNN,synthetic,seed,200,current_mixture,0.1,10,1e-12,width,0.0,14,unstable_fraction,0.9496527777777778,,0.005
pb_cnn_41,sweep_all,Paired-Biases,CNN,synthetic,seed,200,current_mixture,0.1,10,1e-12,width,0.0,14,g_ibp,17.126921130933436,,0.005
pb_cnn_41,sweep_all,Paired-Biases,CNN,synthetic,seed,200,current_mixture,0.1,10,1e-12,width,0.0,14,a_tau,5.991464547107982,,5.77
pb_cnn_41,sweep_all,Paired-Biases,CNN,synthetic,seed,200,current_mixture,0.1,10,1e-12,width,0.0,15,margin_hat_min,0.11225518584251404,,226.446
pb_cnn_41,sweep_all,Paired-Biases,CNN,synthetic,seed,200,current_mixture,0.1,10,1e-12,width,0.0,15,d_eff,245.9720303413163,,226.446
pb_cnn_41,sweep_all,Paired-Biases,CNN,synthetic,seed,200,current_mixture,0.1,10,1e-12,width,0.0,15,unstable_fraction,0.9496527777777778,,0.004
pb_cnn_41,sweep_all,Paired-Biases,CNN,synthetic,seed,200,current_mixture,0.1,10,1e-12,width,0.0,15,g_ibp,17.123796712000054,,0.004
pb_cnn_41,sweep_all,Paired-Biases,CNN,synthetic,seed,200,current_mixture,0.1,10,1e-12,width,0.0,15,a_tau,5.991464547107982,,9.882
poly11_deg18_b,polynomial_stress_22,Polynomial Net,POLYNOMIAL,synthetic,seed,200,current_mixture,0.1,10,1e-12,width,0.0,0,margin_hat_min,,no_committed_onnx,0.0
poly11_deg18_b,polynomial_stress_22,Polynomial Net,POLYNOMIAL,synthetic,seed,200,current_mixture,0.1,10,1e-12,width,0.0,0,g_ibp,,no_committed_onnx,0.0
poly11_deg18_b,polynomial_stress_22,Polynomial Net,POLYNOMIAL,synthetic,seed,200,current_mixture,0.1,10,1e-12,width,0.0,0,unstable_fraction,,no_committed_onnx,0.0
poly11_deg18_b,polynomial_stress_22,Polynomial Net,POLYNOMIAL,synthetic,seed,200,current_mixture,0.1,10,1e-12,width,0.0,0,a_tau,,no_committed_onnx,0.0
poly11_deg18_b,polynomial_stress_22,Polynomial Net,POLYNOMIAL,synthetic,seed,200,current_mixture,0.1,10,1e-12,width,0.0,0,d_eff,,no_committed_onnx,0.0
poly11_deg18_b,polynomial_stress_22,Polynomial Net,POLYNOMIAL,synthetic,seed,200,current_mixture,0.1,10,1e-12,width,0.0,1,margin_hat_min,,no_committed_onnx,0.0
poly11_deg18_b,polynomial_stress_22,Polynomial Net,POLYNOMIAL,synthetic,seed,200,current_mixture,0.1,10,1e-12,width,0.0,1,g_ibp,,no_committed_onnx,0.0
poly11_deg18_b,polynomial_stress_22,Polynomial Net,POLYNOMIAL,synthetic,seed,200,current_mixture,0.1,10,1e-12,width,0.0,1,unstable_fraction,,no_committed_onnx,0.0
poly11_deg18_b,polynomial_stress_22,Polynomial Net,POLYNOMIAL,synthetic,seed,200,current_mixture,0.1,10,1e-12,width,0.0,1,a_tau,,no_committed_onnx,0.0
poly11_deg18_b,polynomial_stress_22,Polynomial Net,POLYNOMIAL,synthetic,seed,200,current_mixture,0.1,10,1e-12,width,0.0,1,d_eff,,no_committed_onnx,0.0
poly11_deg18_b,polynomial_stress_22,Polynomial Net,POLYNOMIAL,synthetic,seed,200,current_mixture,0.1,10,1e-12,width,0.0,2,margin_hat_min,,no_committed_onnx,0.0
poly11_deg18_b,polynomial_stress_22,Polynomial Net,POLYNOMIAL,synthetic,seed,200,current_mixture,0.1,10,1e-12,width,0.0,2,g_ibp,,no_committed_onnx,0.0
poly11_deg18_b,polynomial_stress_22,Polynomial Net,POLYNOMIAL,synthetic,seed,200,current_mixture,0.1,10,1e-12,width,0.0,2,unstable_fraction,,no_committed_onnx,0.0
poly11_deg18_b,polynomial_stress_22,Polynomial Net,POLYNOMIAL,synthetic,seed,200,current_mixture,0.1,10,1e-12,width,0.0,2,a_tau,,no_committed_onnx,0.0
poly11_deg18_b,polynomial_stress_22,Polynomial Net,POLYNOMIAL,synthetic,seed,200,current_mixture,0.1,10,1e-12,width,0.0,2,d_eff,,no_committed_onnx,0.0
poly11_deg18_b,polynomial_stress_22,Polynomial Net,POLYNOMIAL,synthetic,seed,200,current_mixture,0.1,10,1e-12,width,0.0,3,margin_hat_min,,no_committed_onnx,0.0
poly11_deg18_b,polynomial_stress_22,Polynomial Net,POLYNOMIAL,synthetic,seed,200,current_mixture,0.1,10,1e-12,width,0.0,3,g_ibp,,no_committed_onnx,0.0
poly11_deg18_b,polynomial_stress_22,Polynomial Net,POLYNOMIAL,synthetic,seed,200,current_mixture,0.1,10,1e-12,width,0.0,3,unstable_fraction,,no_committed_onnx,0.0
poly11_deg18_b,polynomial_stress_22,Polynomial Net,POLYNOMIAL,synthetic,seed,200,current_mixture,0.1,10,1e-12,width,0.0,3,a_tau,,no_committed_onnx,0.0
poly11_deg18_b,polynomial_stress_22,Polynomial Net,POLYNOMIAL,synthetic,seed,200,current_mixture,0.1,10,1e-12,width,0.0,3,d_eff,,no_committed_onnx,0.0
poly11_deg18_b,polynomial_stress_22,Polynomial Net,POLYNOMIAL,synthetic,seed,200,current_mixture,0.1,10,1e-12,width,0.0,4,margin_hat_min,,no_committed_onnx,0.0
poly11_deg18_b,polynomial_stress_22,Polynomial Net,POLYNOMIAL,synthetic,seed,200,current_mixture,0.1,10,1e-12,width,0.0,4,g_ibp,,no_committed_onnx,0.0
poly11_deg18_b,polynomial_stress_22,Polynomial Net,POLYNOMIAL,synthetic,seed,200,current_mixture,0.1,10,1e-12,width,0.0,4,unstable_fraction,,no_committed_onnx,0.0
poly11_deg18_b,polynomial_stress_22,Polynomial Net,POLYNOMIAL,synthetic,seed,200,current_mixture,0.1,10,1e-12,width,0.0,4,a_tau,,no_committed_onnx,0.0
poly11_deg18_b,polynomial_stress_22,Polynomial Net,POLYNOMIAL,synthetic,seed,200,current_mixture,0.1,10,1e-12,width,0.0,4,d_eff,,no_committed_onnx,0.0
poly11_deg18_b,polynomial_stress_22,Polynomial Net,POLYNOMIAL,synthetic,seed,200,current_mixture,0.1,10,1e-12,width,0.0,5,margin_hat_min,,no_committed_onnx,0.0
poly11_deg18_b,polynomial_stress_22,Polynomial Net,POLYNOMIAL,synthetic,seed,200,current_mixture,0.1,10,1e-12,width,0.0,5,g_ibp,,no_committed_onnx,0.0
poly11_deg18_b,polynomial_stress_22,Polynomial Net,POLYNOMIAL,synthetic,seed,200,current_mixture,0.1,10,1e-12,width,0.0,5,unstable_fraction,,no_committed_onnx,0.0
poly11_deg18_b,polynomial_stress_22,Polynomial Net,POLYNOMIAL,synthetic,seed,200,current_mixture,0.1,10,1e-12,width,0.0,5,a_tau,,no_committed_onnx,0.0
poly11_deg18_b,polynomial_stress_22,Polynomial Net,POLYNOMIAL,synthetic,seed,200,current_mixture,0.1,10,1e-12,width,0.0,5,d_eff,,no_committed_onnx,0.0
poly11_deg18_b,polynomial_stress_22,Polynomial Net,POLYNOMIAL,synthetic,seed,200,current_mixture,0.1,10,1e-12,width,0.0,6,margin_hat_min,,no_committed_onnx,0.0
poly11_deg18_b,polynomial_stress_22,Polynomial Net,POLYNOMIAL,synthetic,seed,200,current_mixture,0.1,10,1e-12,width,0.0,6,g_ibp,,no_committed_onnx,0.0
poly11_deg18_b,polynomial_stress_22,Polynomial Net,POLYNOMIAL,synthetic,seed,200,current_mixture,0.1,10,1e-12,width,0.0,6,unstable_fraction,,no_committed_onnx,0.0
poly11_deg18_b,polynomial_stress_22,Polynomial Net,POLYNOMIAL,synthetic,seed,200,current_mixture,0.1,10,1e-12,width,0.0,6,a_tau,,no_committed_onnx,0.0
poly11_deg18_b,polynomial_stress_22,Polynomial Net,POLYNOMIAL,synthetic,seed,200,current_mixture,0.1,10,1e-12,width,0.0,6,d_eff,,no_committed_onnx,0.0
poly11_deg18_b,polynomial_stress_22,Polynomial Net,POLYNOMIAL,synthetic,seed,200,current_mixture,0.1,10,1e-12,width,0.0,7,margin_hat_min,,no_committed_onnx,0.0
poly11_deg18_b,polynomial_stress_22,Polynomial Net,POLYNOMIAL,synthetic,seed,200,current_mixture,0.1,10,1e-12,width,0.0,7,g_ibp,,no_committed_onnx,0.0
poly11_deg18_b,polynomial_stress_22,Polynomial Net,POLYNOMIAL,synthetic,seed,200,current_mixture,0.1,10,1e-12,width,0.0,7,unstable_fraction,,no_committed_onnx,0.0
poly11_deg18_b,polynomial_stress_22,Polynomial Net,POLYNOMIAL,synthetic,seed,200,current_mixture,0.1,10,1e-12,width,0.0,7,a_tau,,no_committed_onnx,0.0
poly11_deg18_b,polynomial_stress_22,Polynomial Net,POLYNOMIAL,synthetic,seed,200,current_mixture,0.1,10,1e-12,width,0.0,7,d_eff,,no_committed_onnx,0.0
poly11_deg18_b,polynomial_stress_22,Polynomial Net,POLYNOMIAL,synthetic,seed,200,current_mixture,0.1,10,1e-12,width,0.0,8,margin_hat_min,,no_committed_onnx,0.0
poly11_deg18_b,polynomial_stress_22,Polynomial Net,POLYNOMIAL,synthetic,seed,200,current_mixture,0.1,10,1e-12,width,0.0,8,g_ibp,,no_committed_onnx,0.0
poly11_deg18_b,polynomial_stress_22,Polynomial Net,POLYNOMIAL,synthetic,seed,200,current_mixture,0.1,10,1e-12,width,0.0,8,unstable_fraction,,no_committed_onnx,0.0
poly11_deg18_b,polynomial_stress_22,Polynomial Net,POLYNOMIAL,synthetic,seed,200,current_mixture,0.1,10,1e-12,width,0.0,8,a_tau,,no_committed_onnx,0.0
poly11_deg18_b,polynomial_stress_22,Polynomial Net,POLYNOMIAL,synthetic,seed,200,current_mixture,0.1,10,1e-12,width,0.0,8,d_eff,,no_committed_onnx,0.0
poly11_deg18_b,polynomial_stress_22,Polynomial Net,POLYNOMIAL,synthetic,seed,200,current_mixture,0.1,10,1e-12,width,0.0,9,margin_hat_min,,no_committed_onnx,0.0
poly11_deg18_b,polynomial_stress_22,Polynomial Net,POLYNOMIAL,synthetic,seed,200,current_mixture,0.1,10,1e-12,width,0.0,9,g_ibp,,no_committed_onnx,0.0
poly11_deg18_b,polynomial_stress_22,Polynomial Net,POLYNOMIAL,synthetic,seed,200,current_mixture,0.1,10,1e-12,width,0.0,9,unstable_fraction,,no_committed_onnx,0.0
poly11_deg18_b,polynomial_stress_22,Polynomial Net,POLYNOMIAL,synthetic,seed,200,current_mixture,0.1,10,1e-12,width,0.0,9,a_tau,,no_committed_onnx,0.0
poly11_deg18_b,polynomial_stress_22,Polynomial Net,POLYNOMIAL,synthetic,seed,200,current_mixture,0.1,10,1e-12,width,0.0,9,d_eff,,no_committed_onnx,0.0
poly11_deg18_b,polynomial_stress_22,Polynomial Net,POLYNOMIAL,synthetic,seed,200,current_mixture,0.1,10,1e-12,width,0.0,10,margin_hat_min,,no_committed_onnx,0.0
poly11_deg18_b,polynomial_stress_22,Polynomial Net,POLYNOMIAL,synthetic,seed,200,current_mixture,0.1,10,1e-12,width,0.0,10,g_ibp,,no_committed_onnx,0.0
poly11_deg18_b,polynomial_stress_22,Polynomial Net,POLYNOMIAL,synthetic,seed,200,current_mixture,0.1,10,1e-12,width,0.0,10,unstable_fraction,,no_committed_onnx,0.0
poly11_deg18_b,polynomial_stress_22,Polynomial Net,POLYNOMIAL,synthetic,seed,200,current_mixture,0.1,10,1e-12,width,0.0,10,a_tau,,no_committed_onnx,0.0
poly11_deg18_b,polynomial_stress_22,Polynomial Net,POLYNOMIAL,synthetic,seed,200,current_mixture,0.1,10,1e-12,width,0.0,10,d_eff,,no_committed_onnx,0.0
poly11_deg18_b,polynomial_stress_22,Polynomial Net,POLYNOMIAL,synthetic,seed,200,current_mixture,0.1,10,1e-12,width,0.0,11,margin_hat_min,,no_committed_onnx,0.0
poly11_deg18_b,polynomial_stress_22,Polynomial Net,POLYNOMIAL,synthetic,seed,200,current_mixture,0.1,10,1e-12,width,0.0,11,g_ibp,,no_committed_onnx,0.0
poly11_deg18_b,polynomial_stress_22,Polynomial Net,POLYNOMIAL,synthetic,seed,200,current_mixture,0.1,10,1e-12,width,0.0,11,unstable_fraction,,no_committed_onnx,0.0
poly11_deg18_b,polynomial_stress_22,Polynomial Net,POLYNOMIAL,synthetic,seed,200,current_mixture,0.1,10,1e-12,width,0.0,11,a_tau,,no_committed_onnx,0.0
poly11_deg18_b,polynomial_stress_22,Polynomial Net,POLYNOMIAL,synthetic,seed,200,current_mixture,0.1,10,1e-12,width,0.0,11,d_eff,,no_committed_onnx,0.0
poly11_deg18_b,polynomial_stress_22,Polynomial Net,POLYNOMIAL,synthetic,seed,200,current_mixture,0.1,10,1e-12,width,0.0,12,margin_hat_min,,no_committed_onnx,0.0
poly11_deg18_b,polynomial_stress_22,Polynomial Net,POLYNOMIAL,synthetic,seed,200,current_mixture,0.1,10,1e-12,width,0.0,12,g_ibp,,no_committed_onnx,0.0
poly11_deg18_b,polynomial_stress_22,Polynomial Net,POLYNOMIAL,synthetic,seed,200,current_mixture,0.1,10,1e-12,width,0.0,12,unstable_fraction,,no_committed_onnx,0.0
poly11_deg18_b,polynomial_stress_22,Polynomial Net,POLYNOMIAL,synthetic,seed,200,current_mixture,0.1,10,1e-12,width,0.0,12,a_tau,,no_committed_onnx,0.0
poly11_deg18_b,polynomial_stress_22,Polynomial Net,POLYNOMIAL,synthetic,seed,200,current_mixture,0.1,10,1e-12,width,0.0,12,d_eff,,no_committed_onnx,0.0
poly11_deg18_b,polynomial_stress_22,Polynomial Net,POLYNOMIAL,synthetic,seed,200,current_mixture,0.1,10,1e-12,width,0.0,13,margin_hat_min,,no_committed_onnx,0.0
poly11_deg18_b,polynomial_stress_22,Polynomial Net,POLYNOMIAL,synthetic,seed,200,current_mixture,0.1,10,1e-12,width,0.0,13,g_ibp,,no_committed_onnx,0.0
poly11_deg18_b,polynomial_stress_22,Polynomial Net,POLYNOMIAL,synthetic,seed,200,current_mixture,0.1,10,1e-12,width,0.0,13,unstable_fraction,,no_committed_onnx,0.0
poly11_deg18_b,polynomial_stress_22,Polynomial Net,POLYNOMIAL,synthetic,seed,200,current_mixture,0.1,10,1e-12,width,0.0,13,a_tau,,no_committed_onnx,0.0
poly11_deg18_b,polynomial_stress_22,Polynomial Net,POLYNOMIAL,synthetic,seed,200,current_mixture,0.1,10,1e-12,width,0.0,13,d_eff,,no_committed_onnx,0.0
poly11_deg18_b,polynomial_stress_22,Polynomial Net,POLYNOMIAL,synthetic,seed,200,current_mixture,0.1,10,1e-12,width,0.0,14,margin_hat_min,,no_committed_onnx,0.0
poly11_deg18_b,polynomial_stress_22,Polynomial Net,POLYNOMIAL,synthetic,seed,200,current_mixture,0.1,10,1e-12,width,0.0,14,g_ibp,,no_committed_onnx,0.0
poly11_deg18_b,polynomial_stress_22,Polynomial Net,POLYNOMIAL,synthetic,seed,200,current_mixture,0.1,10,1e-12,width,0.0,14,unstable_fraction,,no_committed_onnx,0.0
poly11_deg18_b,polynomial_stress_22,Polynomial Net,POLYNOMIAL,synthetic,seed,200,current_mixture,0.1,10,1e-12,width,0.0,14,a_tau,,no_committed_onnx,0.0
poly11_deg18_b,polynomial_stress_22,Polynomial Net,POLYNOMIAL,synthetic,seed,200,current_mixture,0.1,10,1e-12,width,0.0,14,d_eff,,no_committed_onnx,0.0
poly11_deg18_b,polynomial_stress_22,Polynomial Net,POLYNOMIAL,synthetic,seed,200,current_mixture,0.1,10,1e-12,width,0.0,15,margin_hat_min,,no_committed_onnx,0.0
poly11_deg18_b,polynomial_stress_22,Polynomial Net,POLYNOMIAL,synthetic,seed,200,current_mixture,0.1,10,1e-12,width,0.0,15,g_ibp,,no_committed_onnx,0.0
poly11_deg18_b,polynomial_stress_22,Polynomial Net,POLYNOMIAL,synthetic,seed,200,current_mixture,0.1,10,1e-12,width,0.0,15,unstable_fraction,,no_committed_onnx,0.0
poly11_deg18_b,polynomial_stress_22,Polynomial Net,POLYNOMIAL,synthetic,seed,200,current_mixture,0.1,10,1e-12,width,0.0,15,a_tau,,no_committed_onnx,0.0
poly11_deg18_b,polynomial_stress_22,Polynomial Net,POLYNOMIAL,synthetic,seed,200,current_mixture,0.1,10,1e-12,width,0.0,15,d_eff,,no_committed_onnx,0.0
poly13_deg19_b,polynomial_stress_22,Polynomial Net,POLYNOMIAL,synthetic,seed,200,current_mixture,0.1,10,1e-12,width,0.0,0,margin_hat_min,,no_committed_onnx,0.0
poly13_deg19_b,polynomial_stress_22,Polynomial Net,POLYNOMIAL,synthetic,seed,200,current_mixture,0.1,10,1e-12,width,0.0,0,g_ibp,,no_committed_onnx,0.0
poly13_deg19_b,polynomial_stress_22,Polynomial Net,POLYNOMIAL,synthetic,seed,200,current_mixture,0.1,10,1e-12,width,0.0,0,unstable_fraction,,no_committed_onnx,0.0
poly13_deg19_b,polynomial_stress_22,Polynomial Net,POLYNOMIAL,synthetic,seed,200,current_mixture,0.1,10,1e-12,width,0.0,0,a_tau,,no_committed_onnx,0.0
poly13_deg19_b,polynomial_stress_22,Polynomial Net,POLYNOMIAL,synthetic,seed,200,current_mixture,0.1,10,1e-12,width,0.0,0,d_eff,,no_committed_onnx,0.0
poly13_deg19_b,polynomial_stress_22,Polynomial Net,POLYNOMIAL,synthetic,seed,200,current_mixture,0.1,10,1e-12,width,0.0,1,margin_hat_min,,no_committed_onnx,0.0
poly13_deg19_b,polynomial_stress_22,Polynomial Net,POLYNOMIAL,synthetic,seed,200,current_mixture,0.1,10,1e-12,width,0.0,1,g_ibp,,no_committed_onnx,0.0
poly13_deg19_b,polynomial_stress_22,Polynomial Net,POLYNOMIAL,synthetic,seed,200,current_mixture,0.1,10,1e-12,width,0.0,1,unstable_fraction,,no_committed_onnx,0.0
poly13_deg19_b,polynomial_stress_22,Polynomial Net,POLYNOMIAL,synthetic,seed,200,current_mixture,0.1,10,1e-12,width,0.0,1,a_tau,,no_committed_onnx,0.0
poly13_deg19_b,polynomial_stress_22,Polynomial Net,POLYNOMIAL,synthetic,seed,200,current_mixture,0.1,10,1e-12,width,0.0,1,d_eff,,no_committed_onnx,0.0
poly13_deg19_b,polynomial_stress_22,Polynomial Net,POLYNOMIAL,synthetic,seed,200,current_mixture,0.1,10,1e-12,width,0.0,2,margin_hat_min,,no_committed_onnx,0.0
poly13_deg19_b,polynomial_stress_22,Polynomial Net,POLYNOMIAL,synthetic,seed,200,current_mixture,0.1,10,1e-12,width,0.0,2,g_ibp,,no_committed_onnx,0.0
poly13_deg19_b,polynomial_stress_22,Polynomial Net,POLYNOMIAL,synthetic,seed,200,current_mixture,0.1,10,1e-12,width,0.0,2,unstable_fraction,,no_committed_onnx,0.0
poly13_deg19_b,polynomial_stress_22,Polynomial Net,POLYNOMIAL,synthetic,seed,200,current_mixture,0.1,10,1e-12,width,0.0,2,a_tau,,no_committed_onnx,0.0
poly13_deg19_b,polynomial_stress_22,Polynomial Net,POLYNOMIAL,synthetic,seed,200,current_mixture,0.1,10,1e-12,width,0.0,2,d_eff,,no_committed_onnx,0.0
poly13_deg19_b,polynomial_stress_22,Polynomial Net,POLYNOMIAL,synthetic,seed,200,current_mixture,0.1,10,1e-12,width,0.0,3,margin_hat_min,,no_committed_onnx,0.0
poly13_deg19_b,polynomial_stress_22,Polynomial Net,POLYNOMIAL,synthetic,seed,200,current_mixture,0.1,10,1e-12,width,0.0,3,g_ibp,,no_committed_onnx,0.0
poly13_deg19_b,polynomial_stress_22,Polynomial Net,POLYNOMIAL,synthetic,seed,200,current_mixture,0.1,10,1e-12,width,0.0,3,unstable_fraction,,no_committed_onnx,0.0
poly13_deg19_b,polynomial_stress_22,Polynomial Net,POLYNOMIAL,synthetic,seed,200,current_mixture,0.1,10,1e-12,width,0.0,3,a_tau,,no_committed_onnx,0.0
poly13_deg19_b,polynomial_stress_22,Polynomial Net,POLYNOMIAL,synthetic,seed,200,current_mixture,0.1,10,1e-12,width,0.0,3,d_eff,,no_committed_onnx,0.0
poly13_deg19_b,polynomial_stress_22,Polynomial Net,POLYNOMIAL,synthetic,seed,200,current_mixture,0.1,10,1e-12,width,0.0,4,margin_hat_min,,no_committed_onnx,0.0
poly13_deg19_b,polynomial_stress_22,Polynomial Net,POLYNOMIAL,synthetic,seed,200,current_mixture,0.1,10,1e-12,width,0.0,4,g_ibp,,no_committed_onnx,0.0
poly13_deg19_b,polynomial_stress_22,Polynomial Net,POLYNOMIAL,synthetic,seed,200,current_mixture,0.1,10,1e-12,width,0.0,4,unstable_fraction,,no_committed_onnx,0.0
poly13_deg19_b,polynomial_stress_22,Polynomial Net,POLYNOMIAL,synthetic,seed,200,current_mixture,0.1,10,1e-12,width,0.0,4,a_tau,,no_committed_onnx,0.0
poly13_deg19_b,polynomial_stress_22,Polynomial Net,POLYNOMIAL,synthetic,seed,200,current_mixture,0.1,10,1e-12,width,0.0,4,d_eff,,no_committed_onnx,0.0
poly13_deg19_b,polynomial_stress_22,Polynomial Net,POLYNOMIAL,synthetic,seed,200,current_mixture,0.1,10,1e-12,width,0.0,5,margin_hat_min,,no_committed_onnx,0.0
poly13_deg19_b,polynomial_stress_22,Polynomial Net,POLYNOMIAL,synthetic,seed,200,current_mixture,0.1,10,1e-12,width,0.0,5,g_ibp,,no_committed_onnx,0.0
poly13_deg19_b,polynomial_stress_22,Polynomial Net,POLYNOMIAL,synthetic,seed,200,current_mixture,0.1,10,1e-12,width,0.0,5,unstable_fraction,,no_committed_onnx,0.0
poly13_deg19_b,polynomial_stress_22,Polynomial Net,POLYNOMIAL,synthetic,seed,200,current_mixture,0.1,10,1e-12,width,0.0,5,a_tau,,no_committed_onnx,0.0
poly13_deg19_b,polynomial_stress_22,Polynomial Net,POLYNOMIAL,synthetic,seed,200,current_mixture,0.1,10,1e-12,width,0.0,5,d_eff,,no_committed_onnx,0.0
poly13_deg19_b,polynomial_stress_22,Polynomial Net,POLYNOMIAL,synthetic,seed,200,current_mixture,0.1,10,1e-12,width,0.0,6,margin_hat_min,,no_committed_onnx,0.0
poly13_deg19_b,polynomial_stress_22,Polynomial Net,POLYNOMIAL,synthetic,seed,200,current_mixture,0.1,10,1e-12,width,0.0,6,g_ibp,,no_committed_onnx,0.0
poly13_deg19_b,polynomial_stress_22,Polynomial Net,POLYNOMIAL,synthetic,seed,200,current_mixture,0.1,10,1e-12,width,0.0,6,unstable_fraction,,no_committed_onnx,0.0
poly13_deg19_b,polynomial_stress_22,Polynomial Net,POLYNOMIAL,synthetic,seed,200,current_mixture,0.1,10,1e-12,width,0.0,6,a_tau,,no_committed_onnx,0.0
poly13_deg19_b,polynomial_stress_22,Polynomial Net,POLYNOMIAL,synthetic,seed,200,current_mixture,0.1,10,1e-12,width,0.0,6,d_eff,,no_committed_onnx,0.0
poly13_deg19_b,polynomial_stress_22,Polynomial Net,POLYNOMIAL,synthetic,seed,200,current_mixture,0.1,10,1e-12,width,0.0,7,margin_hat_min,,no_committed_onnx,0.0
poly13_deg19_b,polynomial_stress_22,Polynomial Net,POLYNOMIAL,synthetic,seed,200,current_mixture,0.1,10,1e-12,width,0.0,7,g_ibp,,no_committed_onnx,0.0
poly13_deg19_b,polynomial_stress_22,Polynomial Net,POLYNOMIAL,synthetic,seed,200,current_mixture,0.1,10,1e-12,width,0.0,7,unstable_fraction,,no_committed_onnx,0.0
poly13_deg19_b,polynomial_stress_22,Polynomial Net,POLYNOMIAL,synthetic,seed,200,current_mixture,0.1,10,1e-12,width,0.0,7,a_tau,,no_committed_onnx,0.0
poly13_deg19_b,polynomial_stress_22,Polynomial Net,POLYNOMIAL,synthetic,seed,200,current_mixture,0.1,10,1e-12,width,0.0,7,d_eff,,no_committed_onnx,0.0
poly13_deg19_b,polynomial_stress_22,Polynomial Net,POLYNOMIAL,synthetic,seed,200,current_mixture,0.1,10,1e-12,width,0.0,8,margin_hat_min,,no_committed_onnx,0.0
poly13_deg19_b,polynomial_stress_22,Polynomial Net,POLYNOMIAL,synthetic,seed,200,current_mixture,0.1,10,1e-12,width,0.0,8,g_ibp,,no_committed_onnx,0.0
poly13_deg19_b,polynomial_stress_22,Polynomial Net,POLYNOMIAL,synthetic,seed,200,current_mixture,0.1,10,1e-12,width,0.0,8,unstable_fraction,,no_committed_onnx,0.0
poly13_deg19_b,polynomial_stress_22,Polynomial Net,POLYNOMIAL,synthetic,seed,200,current_mixture,0.1,10,1e-12,width,0.0,8,a_tau,,no_committed_onnx,0.0
poly13_deg19_b,polynomial_stress_22,Polynomial Net,POLYNOMIAL,synthetic,seed,200,current_mixture,0.1,10,1e-12,width,0.0,8,d_eff,,no_committed_onnx,0.0
poly13_deg19_b,polynomial_stress_22,Polynomial Net,POLYNOMIAL,synthetic,seed,200,current_mixture,0.1,10,1e-12,width,0.0,9,margin_hat_min,,no_committed_onnx,0.0
poly13_deg19_b,polynomial_stress_22,Polynomial Net,POLYNOMIAL,synthetic,seed,200,current_mixture,0.1,10,1e-12,width,0.0,9,g_ibp,,no_committed_onnx,0.0
poly13_deg19_b,polynomial_stress_22,Polynomial Net,POLYNOMIAL,synthetic,seed,200,current_mixture,0.1,10,1e-12,width,0.0,9,unstable_fraction,,no_committed_onnx,0.0
poly13_deg19_b,polynomial_stress_22,Polynomial Net,POLYNOMIAL,synthetic,seed,200,current_mixture,0.1,10,1e-12,width,0.0,9,a_tau,,no_committed_onnx,0.0
poly13_deg19_b,polynomial_stress_22,Polynomial Net,POLYNOMIAL,synthetic,seed,200,current_mixture,0.1,10,1e-12,width,0.0,9,d_eff,,no_committed_onnx,0.0
poly13_deg19_b,polynomial_stress_22,Polynomial Net,POLYNOMIAL,synthetic,seed,200,current_mixture,0.1,10,1e-12,width,0.0,10,margin_hat_min,,no_committed_onnx,0.0
poly13_deg19_b,polynomial_stress_22,Polynomial Net,POLYNOMIAL,synthetic,seed,200,current_mixture,0.1,10,1e-12,width,0.0,10,g_ibp,,no_committed_onnx,0.0
poly13_deg19_b,polynomial_stress_22,Polynomial Net,POLYNOMIAL,synthetic,seed,200,current_mixture,0.1,10,1e-12,width,0.0,10,unstable_fraction,,no_committed_onnx,0.0
poly13_deg19_b,polynomial_stress_22,Polynomial Net,POLYNOMIAL,synthetic,seed,200,current_mixture,0.1,10,1e-12,width,0.0,10,a_tau,,no_committed_onnx,0.0
poly13_deg19_b,polynomial_stress_22,Polynomial Net,POLYNOMIAL,synthetic,seed,200,current_mixture,0.1,10,1e-12,width,0.0,10,d_eff,,no_committed_onnx,0.0
poly13_deg19_b,polynomial_stress_22,Polynomial Net,POLYNOMIAL,synthetic,seed,200,current_mixture,0.1,10,1e-12,width,0.0,11,margin_hat_min,,no_committed_onnx,0.0
poly13_deg19_b,polynomial_stress_22,Polynomial Net,POLYNOMIAL,synthetic,seed,200,current_mixture,0.1,10,1e-12,width,0.0,11,g_ibp,,no_committed_onnx,0.0
poly13_deg19_b,polynomial_stress_22,Polynomial Net,POLYNOMIAL,synthetic,seed,200,current_mixture,0.1,10,1e-12,width,0.0,11,unstable_fraction,,no_committed_onnx,0.0
poly13_deg19_b,polynomial_stress_22,Polynomial Net,POLYNOMIAL,synthetic,seed,200,current_mixture,0.1,10,1e-12,width,0.0,11,a_tau,,no_committed_onnx,0.0
poly13_deg19_b,polynomial_stress_22,Polynomial Net,POLYNOMIAL,synthetic,seed,200,current_mixture,0.1,10,1e-12,width,0.0,11,d_eff,,no_committed_onnx,0.0
poly13_deg19_b,polynomial_stress_22,Polynomial Net,POLYNOMIAL,synthetic,seed,200,current_mixture,0.1,10,1e-12,width,0.0,12,margin_hat_min,,no_committed_onnx,0.0
poly13_deg19_b,polynomial_stress_22,Polynomial Net,POLYNOMIAL,synthetic,seed,200,current_mixture,0.1,10,1e-12,width,0.0,12,g_ibp,,no_committed_onnx,0.0
poly13_deg19_b,polynomial_stress_22,Polynomial Net,POLYNOMIAL,synthetic,seed,200,current_mixture,0.1,10,1e-12,width,0.0,12,unstable_fraction,,no_committed_onnx,0.0
poly13_deg19_b,polynomial_stress_22,Polynomial Net,POLYNOMIAL,synthetic,seed,200,current_mixture,0.1,10,1e-12,width,0.0,12,a_tau,,no_committed_onnx,0.0
poly13_deg19_b,polynomial_stress_22,Polynomial Net,POLYNOMIAL,synthetic,seed,200,current_mixture,0.1,10,1e-12,width,0.0,12,d_eff,,no_committed_onnx,0.0
poly13_deg19_b,polynomial_stress_22,Polynomial Net,POLYNOMIAL,synthetic,seed,200,current_mixture,0.1,10,1e-12,width,0.0,13,margin_hat_min,,no_committed_onnx,0.0
poly13_deg19_b,polynomial_stress_22,Polynomial Net,POLYNOMIAL,synthetic,seed,200,current_mixture,0.1,10,1e-12,width,0.0,13,g_ibp,,no_committed_onnx,0.0
poly13_deg19_b,polynomial_stress_22,Polynomial Net,POLYNOMIAL,synthetic,seed,200,current_mixture,0.1,10,1e-12,width,0.0,13,unstable_fraction,,no_committed_onnx,0.0
poly13_deg19_b,polynomial_stress_22,Polynomial Net,POLYNOMIAL,synthetic,seed,200,current_mixture,0.1,10,1e-12,width,0.0,13,a_tau,,no_committed_onnx,0.0
poly13_deg19_b,polynomial_stress_22,Polynomial Net,POLYNOMIAL,synthetic,seed,200,current_mixture,0.1,10,1e-12,width,0.0,13,d_eff,,no_committed_onnx,0.0
poly13_deg19_b,polynomial_stress_22,Polynomial Net,POLYNOMIAL,synthetic,seed,200,current_mixture,0.1,10,1e-12,width,0.0,14,margin_hat_min,,no_committed_onnx,0.0
poly13_deg19_b,polynomial_stress_22,Polynomial Net,POLYNOMIAL,synthetic,seed,200,current_mixture,0.1,10,1e-12,width,0.0,14,g_ibp,,no_committed_onnx,0.0
poly13_deg19_b,polynomial_stress_22,Polynomial Net,POLYNOMIAL,synthetic,seed,200,current_mixture,0.1,10,1e-12,width,0.0,14,unstable_fraction,,no_committed_onnx,0.0
poly13_deg19_b,polynomial_stress_22,Polynomial Net,POLYNOMIAL,synthetic,seed,200,current_mixture,0.1,10,1e-12,width,0.0,14,a_tau,,no_committed_onnx,0.0
poly13_deg19_b,polynomial_stress_22,Polynomial Net,POLYNOMIAL,synthetic,seed,200,current_mixture,0.1,10,1e-12,width,0.0,14,d_eff,,no_committed_onnx,0.0
poly13_deg19_b,polynomial_stress_22,Polynomial Net,POLYNOMIAL,synthetic,seed,200,current_mixture,0.1,10,1e-12,width,0.0,15,margin_hat_min,,no_committed_onnx,0.0
poly13_deg19_b,polynomial_stress_22,Polynomial Net,POLYNOMIAL,synthetic,seed,200,current_mixture,0.1,10,1e-12,width,0.0,15,g_ibp,,no_committed_onnx,0.0
poly13_deg19_b,polynomial_stress_22,Polynomial Net,POLYNOMIAL,synthetic,seed,200,current_mixture,0.1,10,1e-12,width,0.0,15,unstable_fraction,,no_committed_onnx,0.0
poly13_deg19_b,polynomial_stress_22,Polynomial Net,POLYNOMIAL,synthetic,seed,200,current_mixture,0.1,10,1e-12,width,0.0,15,a_tau,,no_committed_onnx,0.0
poly13_deg19_b,polynomial_stress_22,Polynomial Net,POLYNOMIAL,synthetic,seed,200,current_mixture,0.1,10,1e-12,width,0.0,15,d_eff,,no_committed_onnx,0.0
poly12_deg19_a,polynomial_stress_22,Polynomial Net,POLYNOMIAL,synthetic,seed,200,current_mixture,0.1,10,1e-12,width,0.0,0,margin_hat_min,,no_committed_onnx,0.0
poly12_deg19_a,polynomial_stress_22,Polynomial Net,POLYNOMIAL,synthetic,seed,200,current_mixture,0.1,10,1e-12,width,0.0,0,g_ibp,,no_committed_onnx,0.0
poly12_deg19_a,polynomial_stress_22,Polynomial Net,POLYNOMIAL,synthetic,seed,200,current_mixture,0.1,10,1e-12,width,0.0,0,unstable_fraction,,no_committed_onnx,0.0
poly12_deg19_a,polynomial_stress_22,Polynomial Net,POLYNOMIAL,synthetic,seed,200,current_mixture,0.1,10,1e-12,width,0.0,0,a_tau,,no_committed_onnx,0.0
poly12_deg19_a,polynomial_stress_22,Polynomial Net,POLYNOMIAL,synthetic,seed,200,current_mixture,0.1,10,1e-12,width,0.0,0,d_eff,,no_committed_onnx,0.0
poly12_deg19_a,polynomial_stress_22,Polynomial Net,POLYNOMIAL,synthetic,seed,200,current_mixture,0.1,10,1e-12,width,0.0,1,margin_hat_min,,no_committed_onnx,0.0
poly12_deg19_a,polynomial_stress_22,Polynomial Net,POLYNOMIAL,synthetic,seed,200,current_mixture,0.1,10,1e-12,width,0.0,1,g_ibp,,no_committed_onnx,0.0
poly12_deg19_a,polynomial_stress_22,Polynomial Net,POLYNOMIAL,synthetic,seed,200,current_mixture,0.1,10,1e-12,width,0.0,1,unstable_fraction,,no_committed_onnx,0.0
poly12_deg19_a,polynomial_stress_22,Polynomial Net,POLYNOMIAL,synthetic,seed,200,current_mixture,0.1,10,1e-12,width,0.0,1,a_tau,,no_committed_onnx,0.0
poly12_deg19_a,polynomial_stress_22,Polynomial Net,POLYNOMIAL,synthetic,seed,200,current_mixture,0.1,10,1e-12,width,0.0,1,d_eff,,no_committed_onnx,0.0
poly12_deg19_a,polynomial_stress_22,Polynomial Net,POLYNOMIAL,synthetic,seed,200,current_mixture,0.1,10,1e-12,width,0.0,2,margin_hat_min,,no_committed_onnx,0.0
poly12_deg19_a,polynomial_stress_22,Polynomial Net,POLYNOMIAL,synthetic,seed,200,current_mixture,0.1,10,1e-12,width,0.0,2,g_ibp,,no_committed_onnx,0.0
poly12_deg19_a,polynomial_stress_22,Polynomial Net,POLYNOMIAL,synthetic,seed,200,current_mixture,0.1,10,1e-12,width,0.0,2,unstable_fraction,,no_committed_onnx,0.0
poly12_deg19_a,polynomial_stress_22,Polynomial Net,POLYNOMIAL,synthetic,seed,200,current_mixture,0.1,10,1e-12,width,0.0,2,a_tau,,no_committed_onnx,0.0
poly12_deg19_a,polynomial_stress_22,Polynomial Net,POLYNOMIAL,synthetic,seed,200,current_mixture,0.1,10,1e-12,width,0.0,2,d_eff,,no_committed_onnx,0.0
poly12_deg19_a,polynomial_stress_22,Polynomial Net,POLYNOMIAL,synthetic,seed,200,current_mixture,0.1,10,1e-12,width,0.0,3,margin_hat_min,,no_committed_onnx,0.0
poly12_deg19_a,polynomial_stress_22,Polynomial Net,POLYNOMIAL,synthetic,seed,200,current_mixture,0.1,10,1e-12,width,0.0,3,g_ibp,,no_committed_onnx,0.0
poly12_deg19_a,polynomial_stress_22,Polynomial Net,POLYNOMIAL,synthetic,seed,200,current_mixture,0.1,10,1e-12,width,0.0,3,unstable_fraction,,no_committed_onnx,0.0
poly12_deg19_a,polynomial_stress_22,Polynomial Net,POLYNOMIAL,synthetic,seed,200,current_mixture,0.1,10,1e-12,width,0.0,3,a_tau,,no_committed_onnx,0.0
poly12_deg19_a,polynomial_stress_22,Polynomial Net,POLYNOMIAL,synthetic,seed,200,current_mixture,0.1,10,1e-12,width,0.0,3,d_eff,,no_committed_onnx,0.0
poly12_deg19_a,polynomial_stress_22,Polynomial Net,POLYNOMIAL,synthetic,seed,200,current_mixture,0.1,10,1e-12,width,0.0,4,margin_hat_min,,no_committed_onnx,0.0
poly12_deg19_a,polynomial_stress_22,Polynomial Net,POLYNOMIAL,synthetic,seed,200,current_mixture,0.1,10,1e-12,width,0.0,4,g_ibp,,no_committed_onnx,0.0
poly12_deg19_a,polynomial_stress_22,Polynomial Net,POLYNOMIAL,synthetic,seed,200,current_mixture,0.1,10,1e-12,width,0.0,4,unstable_fraction,,no_committed_onnx,0.0
poly12_deg19_a,polynomial_stress_22,Polynomial Net,POLYNOMIAL,synthetic,seed,200,current_mixture,0.1,10,1e-12,width,0.0,4,a_tau,,no_committed_onnx,0.0
poly12_deg19_a,polynomial_stress_22,Polynomial Net,POLYNOMIAL,synthetic,seed,200,current_mixture,0.1,10,1e-12,width,0.0,4,d_eff,,no_committed_onnx,0.0
poly12_deg19_a,polynomial_stress_22,Polynomial Net,POLYNOMIAL,synthetic,seed,200,current_mixture,0.1,10,1e-12,width,0.0,5,margin_hat_min,,no_committed_onnx,0.0
poly12_deg19_a,polynomial_stress_22,Polynomial Net,POLYNOMIAL,synthetic,seed,200,current_mixture,0.1,10,1e-12,width,0.0,5,g_ibp,,no_committed_onnx,0.0
poly12_deg19_a,polynomial_stress_22,Polynomial Net,POLYNOMIAL,synthetic,seed,200,current_mixture,0.1,10,1e-12,width,0.0,5,unstable_fraction,,no_committed_onnx,0.0
poly12_deg19_a,polynomial_stress_22,Polynomial Net,POLYNOMIAL,synthetic,seed,200,current_mixture,0.1,10,1e-12,width,0.0,5,a_tau,,no_committed_onnx,0.0
poly12_deg19_a,polynomial_stress_22,Polynomial Net,POLYNOMIAL,synthetic,seed,200,current_mixture,0.1,10,1e-12,width,0.0,5,d_eff,,no_committed_onnx,0.0
poly12_deg19_a,polynomial_stress_22,Polynomial Net,POLYNOMIAL,synthetic,seed,200,current_mixture,0.1,10,1e-12,width,0.0,6,margin_hat_min,,no_committed_onnx,0.0
poly12_deg19_a,polynomial_stress_22,Polynomial Net,POLYNOMIAL,synthetic,seed,200,current_mixture,0.1,10,1e-12,width,0.0,6,g_ibp,,no_committed_onnx,0.0
poly12_deg19_a,polynomial_stress_22,Polynomial Net,POLYNOMIAL,synthetic,seed,200,current_mixture,0.1,10,1e-12,width,0.0,6,unstable_fraction,,no_committed_onnx,0.0
poly12_deg19_a,polynomial_stress_22,Polynomial Net,POLYNOMIAL,synthetic,seed,200,current_mixture,0.1,10,1e-12,width,0.0,6,a_tau,,no_committed_onnx,0.0
poly12_deg19_a,polynomial_stress_22,Polynomial Net,POLYNOMIAL,synthetic,seed,200,current_mixture,0.1,10,1e-12,width,0.0,6,d_eff,,no_committed_onnx,0.0
poly12_deg19_a,polynomial_stress_22,Polynomial Net,POLYNOMIAL,synthetic,seed,200,current_mixture,0.1,10,1e-12,width,0.0,7,margin_hat_min,,no_committed_onnx,0.0
poly12_deg19_a,polynomial_stress_22,Polynomial Net,POLYNOMIAL,synthetic,seed,200,current_mixture,0.1,10,1e-12,width,0.0,7,g_ibp,,no_committed_onnx,0.0
poly12_deg19_a,polynomial_stress_22,Polynomial Net,POLYNOMIAL,synthetic,seed,200,current_mixture,0.1,10,1e-12,width,0.0,7,unstable_fraction,,no_committed_onnx,0.0
poly12_deg19_a,polynomial_stress_22,Polynomial Net,POLYNOMIAL,synthetic,seed,200,current_mixture,0.1,10,1e-12,width,0.0,7,a_tau,,no_committed_onnx,0.0
poly12_deg19_a,polynomial_stress_22,Polynomial Net,POLYNOMIAL,synthetic,seed,200,current_mixture,0.1,10,1e-12,width,0.0,7,d_eff,,no_committed_onnx,0.0
poly12_deg19_a,polynomial_stress_22,Polynomial Net,POLYNOMIAL,synthetic,seed,200,current_mixture,0.1,10,1e-12,width,0.0,8,margin_hat_min,,no_committed_onnx,0.0
poly12_deg19_a,polynomial_stress_22,Polynomial Net,POLYNOMIAL,synthetic,seed,200,current_mixture,0.1,10,1e-12,width,0.0,8,g_ibp,,no_committed_onnx,0.0
poly12_deg19_a,polynomial_stress_22,Polynomial Net,POLYNOMIAL,synthetic,seed,200,current_mixture,0.1,10,1e-12,width,0.0,8,unstable_fraction,,no_committed_onnx,0.0
poly12_deg19_a,polynomial_stress_22,Polynomial Net,POLYNOMIAL,synthetic,seed,200,current_mixture,0.1,10,1e-12,width,0.0,8,a_tau,,no_committed_onnx,0.0
poly12_deg19_a,polynomial_stress_22,Polynomial Net,POLYNOMIAL,synthetic,seed,200,current_mixture,0.1,10,1e-12,width,0.0,8,d_eff,,no_committed_onnx,0.0
poly12_deg19_a,polynomial_stress_22,Polynomial Net,POLYNOMIAL,synthetic,seed,200,current_mixture,0.1,10,1e-12,width,0.0,9,margin_hat_min,,no_committed_onnx,0.0
poly12_deg19_a,polynomial_stress_22,Polynomial Net,POLYNOMIAL,synthetic,seed,200,current_mixture,0.1,10,1e-12,width,0.0,9,g_ibp,,no_committed_onnx,0.0
poly12_deg19_a,polynomial_stress_22,Polynomial Net,POLYNOMIAL,synthetic,seed,200,current_mixture,0.1,10,1e-12,width,0.0,9,unstable_fraction,,no_committed_onnx,0.0
poly12_deg19_a,polynomial_stress_22,Polynomial Net,POLYNOMIAL,synthetic,seed,200,current_mixture,0.1,10,1e-12,width,0.0,9,a_tau,,no_committed_onnx,0.0
poly12_deg19_a,polynomial_stress_22,Polynomial Net,POLYNOMIAL,synthetic,seed,200,current_mixture,0.1,10,1e-12,width,0.0,9,d_eff,,no_committed_onnx,0.0
poly12_deg19_a,polynomial_stress_22,Polynomial Net,POLYNOMIAL,synthetic,seed,200,current_mixture,0.1,10,1e-12,width,0.0,10,margin_hat_min,,no_committed_onnx,0.0
poly12_deg19_a,polynomial_stress_22,Polynomial Net,POLYNOMIAL,synthetic,seed,200,current_mixture,0.1,10,1e-12,width,0.0,10,g_ibp,,no_committed_onnx,0.0
poly12_deg19_a,polynomial_stress_22,Polynomial Net,POLYNOMIAL,synthetic,seed,200,current_mixture,0.1,10,1e-12,width,0.0,10,unstable_fraction,,no_committed_onnx,0.0
poly12_deg19_a,polynomial_stress_22,Polynomial Net,POLYNOMIAL,synthetic,seed,200,current_mixture,0.1,10,1e-12,width,0.0,10,a_tau,,no_committed_onnx,0.0
poly12_deg19_a,polynomial_stress_22,Polynomial Net,POLYNOMIAL,synthetic,seed,200,current_mixture,0.1,10,1e-12,width,0.0,10,d_eff,,no_committed_onnx,0.0
poly12_deg19_a,polynomial_stress_22,Polynomial Net,POLYNOMIAL,synthetic,seed,200,current_mixture,0.1,10,1e-12,width,0.0,11,margin_hat_min,,no_committed_onnx,0.0
poly12_deg19_a,polynomial_stress_22,Polynomial Net,POLYNOMIAL,synthetic,seed,200,current_mixture,0.1,10,1e-12,width,0.0,11,g_ibp,,no_committed_onnx,0.0
poly12_deg19_a,polynomial_stress_22,Polynomial Net,POLYNOMIAL,synthetic,seed,200,current_mixture,0.1,10,1e-12,width,0.0,11,unstable_fraction,,no_committed_onnx,0.0
poly12_deg19_a,polynomial_stress_22,Polynomial Net,POLYNOMIAL,synthetic,seed,200,current_mixture,0.1,10,1e-12,width,0.0,11,a_tau,,no_committed_onnx,0.0
poly12_deg19_a,polynomial_stress_22,Polynomial Net,POLYNOMIAL,synthetic,seed,200,current_mixture,0.1,10,1e-12,width,0.0,11,d_eff,,no_committed_onnx,0.0
poly12_deg19_a,polynomial_stress_22,Polynomial Net,POLYNOMIAL,synthetic,seed,200,current_mixture,0.1,10,1e-12,width,0.0,12,margin_hat_min,,no_committed_onnx,0.0
poly12_deg19_a,polynomial_stress_22,Polynomial Net,POLYNOMIAL,synthetic,seed,200,current_mixture,0.1,10,1e-12,width,0.0,12,g_ibp,,no_committed_onnx,0.0
poly12_deg19_a,polynomial_stress_22,Polynomial Net,POLYNOMIAL,synthetic,seed,200,current_mixture,0.1,10,1e-12,width,0.0,12,unstable_fraction,,no_committed_onnx,0.0
poly12_deg19_a,polynomial_stress_22,Polynomial Net,POLYNOMIAL,synthetic,seed,200,current_mixture,0.1,10,1e-12,width,0.0,12,a_tau,,no_committed_onnx,0.0
poly12_deg19_a,polynomial_stress_22,Polynomial Net,POLYNOMIAL,synthetic,seed,200,current_mixture,0.1,10,1e-12,width,0.0,12,d_eff,,no_committed_onnx,0.0
poly12_deg19_a,polynomial_stress_22,Polynomial Net,POLYNOMIAL,synthetic,seed,200,current_mixture,0.1,10,1e-12,width,0.0,13,margin_hat_min,,no_committed_onnx,0.0
poly12_deg19_a,polynomial_stress_22,Polynomial Net,POLYNOMIAL,synthetic,seed,200,current_mixture,0.1,10,1e-12,width,0.0,13,g_ibp,,no_committed_onnx,0.0
poly12_deg19_a,polynomial_stress_22,Polynomial Net,POLYNOMIAL,synthetic,seed,200,current_mixture,0.1,10,1e-12,width,0.0,13,unstable_fraction,,no_committed_onnx,0.0
poly12_deg19_a,polynomial_stress_22,Polynomial Net,POLYNOMIAL,synthetic,seed,200,current_mixture,0.1,10,1e-12,width,0.0,13,a_tau,,no_committed_onnx,0.0
poly12_deg19_a,polynomial_stress_22,Polynomial Net,POLYNOMIAL,synthetic,seed,200,current_mixture,0.1,10,1e-12,width,0.0,13,d_eff,,no_committed_onnx,0.0
poly12_deg19_a,polynomial_stress_22,Polynomial Net,POLYNOMIAL,synthetic,seed,200,current_mixture,0.1,10,1e-12,width,0.0,14,margin_hat_min,,no_committed_onnx,0.0
poly12_deg19_a,polynomial_stress_22,Polynomial Net,POLYNOMIAL,synthetic,seed,200,current_mixture,0.1,10,1e-12,width,0.0,14,g_ibp,,no_committed_onnx,0.0
poly12_deg19_a,polynomial_stress_22,Polynomial Net,POLYNOMIAL,synthetic,seed,200,current_mixture,0.1,10,1e-12,width,0.0,14,unstable_fraction,,no_committed_onnx,0.0
poly12_deg19_a,polynomial_stress_22,Polynomial Net,POLYNOMIAL,synthetic,seed,200,current_mixture,0.1,10,1e-12,width,0.0,14,a_tau,,no_committed_onnx,0.0
poly12_deg19_a,polynomial_stress_22,Polynomial Net,POLYNOMIAL,synthetic,seed,200,current_mixture,0.1,10,1e-12,width,0.0,14,d_eff,,no_committed_onnx,0.0
poly12_deg19_a,polynomial_stress_22,Polynomial Net,POLYNOMIAL,synthetic,seed,200,current_mixture,0.1,10,1e-12,width,0.0,15,margin_hat_min,,no_committed_onnx,0.0
poly12_deg19_a,polynomial_stress_22,Polynomial Net,POLYNOMIAL,synthetic,seed,200,current_mixture,0.1,10,1e-12,width,0.0,15,g_ibp,,no_committed_onnx,0.0
poly12_deg19_a,polynomial_stress_22,Polynomial Net,POLYNOMIAL,synthetic,seed,200,current_mixture,0.1,10,1e-12,width,0.0,15,unstable_fraction,,no_committed_onnx,0.0
poly12_deg19_a,polynomial_stress_22,Polynomial Net,POLYNOMIAL,synthetic,seed,200,current_mixture,0.1,10,1e-12,width,0.0,15,a_tau,,no_committed_onnx,0.0
poly12_deg19_a,polynomial_stress_22,Polynomial Net,POLYNOMIAL,synthetic,seed,200,current_mixture,0.1,10,1e-12,width,0.0,15,d_eff,,no_committed_onnx,0.0
