instance_id,benchmark,family,arch,domain,axis,n_samples,dist_preset,atau_width,proj_dim,eta,u_mode,u_tau,seed,component,value,na_reason,wall_time_s
ep3,sweep_all,Constant-on-Box,MLP,synthetic,N,50,current_mixture,0.1,10,1e-12,width,0.0,0,margin_hat_min,0.8342132568359375,,5.422
ep3,sweep_all,Constant-on-Box,MLP,synthetic,N,50,current_mixture,0.1,10,1e-12,width,0.0,0,d_eff,12.686404630127685,,5.422
ep3,sweep_all,Constant-on-Box,MLP,synthetic,N,50,current_mixture,0.1,10,1e-12,width,0.0,0,g_ibp,1.1432020632497135e-06,,0.006
ep3,sweep_all,Constant-on-Box,MLP,synthetic,N,50,current_mixture,0.1,10,1e-12,width,0.0,0,a_tau,1.9459101490553132,,0.883
ep3,sweep_all,Constant-on-Box,MLP,synthetic,N,50,current_mixture,0.1,10,1e-12,width,0.0,1,margin_hat_min,0.8342132568359375,,8.207
ep3,sweep_all,Constant-on-Box,MLP,synthetic,N,50,current_mixture,0.1,10,1e-12,width,0.0,1,d_eff,12.852482581866044,,8.207
ep3,sweep_all,Constant-on-Box,MLP,synthetic,N,50,current_mixture,0.1,10,1e-12,width,0.0,1,g_ibp,1.1432020632497135e-06,,0.008
ep3,sweep_all,Constant-on-Box,MLP,synthetic,N,50,current_mixture,0.1,10,1e-12,width,0.0,1,a_tau,2.1972245773362196,,1.192
ep3,sweep_all,Constant-on-Box,MLP,synthetic,N,50,current_mixture,0.1,10,1e-12,width,0.0,2,margin_hat_min,0.8342132568359375,,8.261
ep3,sweep_all,Constant-on-Box,MLP,synthetic,N,50,current_mixture,0.1,10,1e-12,width,0.0,2,d_eff,12.765546169131072,,8.261
ep3,sweep_all,Constant-on-Box,MLP,synthetic,N,50,current_mixture,0.1,10,1e-12,width,0.0,2,g_ibp,1.1432020632497135e-06,,0.007
ep3,sweep_all,Constant-on-Box,MLP,synthetic,N,50,current_mixture,0.1,10,1e-12,width,0.0,2,a_tau,1.3862943611198906,,1.152
ep3,sweep_all,Constant-on-Box,MLP,synthetic,N,50,current_mixture,0.1,10,1e-12,width,0.0,3,margin_hat_min,0.8342132568359375,,7.892
ep3,sweep_all,Constant-on-Box,MLP,synthetic,N,50,current_mixture,0.1,10,1e-12,width,0.0,3,d_eff,12.722546280756898,,7.892
ep3,sweep_all,Constant-on-Box,MLP,synthetic,N,50,current_mixture,0.1,10,1e-12,width,0.0,3,g_ibp,1.1432020632497135e-06,,0.008
ep3,sweep_all,Constant-on-Box,MLP,synthetic,N,50,current_mixture,0.1,10,1e-12,width,0.0,3,a_tau,2.0794415416798357,,1.183
ep3,sweep_all,Constant-on-Box,MLP,synthetic,N,50,current_mixture,0.1,10,1e-12,width,0.0,4,margin_hat_min,0.8342132568359375,,8.196
ep3,sweep_all,Constant-on-Box,MLP,synthetic,N,50,current_mixture,0.1,10,1e-12,width,0.0,4,d_eff,12.606976210957253,,8.196
ep3,sweep_all,Constant-on-Box,MLP,synthetic,N,50,current_mixture,0.1,10,1e-12,width,0.0,4,g_ibp,1.1432020632497135e-06,,0.009
ep3,sweep_all,Constant-on-Box,MLP,synthetic,N,50,current_mixture,0.1,10,1e-12,width,0.0,4,a_tau,1.6094379124341003,,1.193
ep3,sweep_all,Constant-on-Box,MLP,synthetic,N,50,current_mixture,0.1,10,1e-12,width,0.0,5,margin_hat_min,0.8342132568359375,,8.326
ep3,sweep_all,Constant-on-Box,MLP,synthetic,N,50,current_mixture,0.1,10,1e-12,width,0.0,5,d_eff,12.66637939202772,,8.326
ep3,sweep_all,Constant-on-Box,MLP,synthetic,N,50,current_mixture,0.1,10,1e-12,width,0.0,5,g_ibp,1.1432020632497135e-06,,0.009
ep3,sweep_all,Constant-on-Box,MLP,synthetic,N,50,current_mixture,0.1,10,1e-12,width,0.0,5,a_tau,2.1972245773362196,,1.149
ep3,sweep_all,Constant-on-Box,MLP,synthetic,N,50,current_mixture,0.1,10,1e-12,width,0.0,6,margin_hat_min,0.8342132568359375,,8.74
ep3,sweep_all,Constant-on-Box,MLP,synthetic,N,50,current_mixture,0.1,10,1e-12,width,0.0,6,d_eff,12.559884755194322,,8.74
ep3,sweep_all,Constant-on-Box,MLP,synthetic,N,50,current_mixture,0.1,10,1e-12,width,0.0,6,g_ibp,1.1432020632497135e-06,,0.008
ep3,sweep_all,Constant-on-Box,MLP,synthetic,N,50,current_mixture,0.1,10,1e-12,width,0.0,6,a_tau,1.3862943611198906,,1.164
ep3,sweep_all,Constant-on-Box,MLP,synthetic,N,50,current_mixture,0.1,10,1e-12,width,0.0,7,margin_hat_min,0.8342132568359375,,8.881
ep3,sweep_all,Constant-on-Box,MLP,synthetic,N,50,current_mixture,0.1,10,1e-12,width,0.0,7,d_eff,12.860318857429593,,8.881
ep3,sweep_all,Constant-on-Box,MLP,synthetic,N,50,current_mixture,0.1,10,1e-12,width,0.0,7,g_ibp,1.1432020632497135e-06,,0.008
ep3,sweep_all,Constant-on-Box,MLP,synthetic,N,50,current_mixture,0.1,10,1e-12,width,0.0,7,a_tau,1.9459101490553132,,0.937
ep3,sweep_all,Constant-on-Box,MLP,synthetic,N,100,current_mixture,0.1,10,1e-12,width,0.0,0,margin_hat_min,0.8342132568359375,,15.01
ep3,sweep_all,Constant-on-Box,MLP,synthetic,N,100,current_mixture,0.1,10,1e-12,width,0.0,0,d_eff,11.704746686136525,,15.01
ep3,sweep_all,Constant-on-Box,MLP,synthetic,N,100,current_mixture,0.1,10,1e-12,width,0.0,0,g_ibp,1.1432020632497135e-06,,0.009
ep3,sweep_all,Constant-on-Box,MLP,synthetic,N,100,current_mixture,0.1,10,1e-12,width,0.0,0,a_tau,2.4849066497880004,,3.062
ep3,sweep_all,Constant-on-Box,MLP,synthetic,N,100,current_mixture,0.1,10,1e-12,width,0.0,1,margin_hat_min,0.8342132568359375,,11.614
ep3,sweep_all,Constant-on-Box,MLP,synthetic,N,100,current_mixture,0.1,10,1e-12,width,0.0,1,d_eff,11.885271224123425,,11.614
ep3,sweep_all,Constant-on-Box,MLP,synthetic,N,100,current_mixture,0.1,10,1e-12,width,0.0,1,g_ibp,1.1432020632497135e-06,,0.007
ep3,sweep_all,Constant-on-Box,MLP,synthetic,N,100,current_mixture,0.1,10,1e-12,width,0.0,1,a_tau,2.6390573296152584,,2.073
ep3,sweep_all,Constant-on-Box,MLP,synthetic,N,100,current_mixture,0.1,10,1e-12,width,0.0,2,margin_hat_min,0.8342132568359375,,14.465
ep3,sweep_all,Constant-on-Box,MLP,synthetic,N,100,current_mixture,0.1,10,1e-12,width,0.0,2,d_eff,11.730212724263247,,14.465
ep3,sweep_all,Constant-on-Box,MLP,synthetic,N,100,current_mixture,0.1,10,1e-12,width,0.0,2,g_ibp,1.1432020632497135e-06,,0.008
ep3,sweep_all,Constant-on-Box,MLP,synthetic,N,100,current_mixture,0.1,10,1e-12,width,0.0,2,a_tau,2.0794415416798357,,2.173
ep3,sweep_all,Constant-on-Box,MLP,synthetic,N,100,current_mixture,0.1,10,1e-12,width,0.0,3,margin_hat_min,0.8342132568359375,,14.805
ep3,sweep_all,Constant-on-Box,MLP,synthetic,N,100,current_mixture,0.1,10,1e-12,width,0.0,3,d_eff,11.711896616324777,,14.805
ep3,sweep_all,Constant-on-Box,MLP,synthetic,N,100,current_mixture,0.1,10,1e-12,width,0.0,3,g_ibp,1.1432020632497135e-06,,0.008
ep3,sweep_all,Constant-on-Box,MLP,synthetic,N,100,current_mixture,0.1,10,1e-12,width,0.0,3,a_tau,2.772588722239781,,2.635
ep3,sweep_all,Constant-on-Box,MLP,synthetic,N,100,current_mixture,0.1,10,1e-12,width,0.0,4,margin_hat_min,0.8342132568359375,,13.339
ep3,sweep_all,Constant-on-Box,MLP,synthetic,N,100,current_mixture,0.1,10,1e-12,width,0.0,4,d_eff,11.733888240261571,,13.339
ep3,sweep_all,Constant-on-Box,MLP,synthetic,N,100,current_mixture,0.1,10,1e-12,width,0.0,4,g_ibp,1.1432020632497135e-06,,0.008
ep3,sweep_all,Constant-on-Box,MLP,synthetic,N,100,current_mixture,0.1,10,1e-12,width,0.0,4,a_tau,2.4849066497880004,,2.127
ep3,sweep_all,Constant-on-Box,MLP,synthetic,N,100,current_mixture,0.1,10,1e-12,width,0.0,5,margin_hat_min,0.8342132568359375,,14.617
ep3,sweep_all,Constant-on-Box,MLP,synthetic,N,100,current_mixture,0.1,10,1e-12,width,0.0,5,d_eff,11.841219555839016,,14.617
ep3,sweep_all,Constant-on-Box,MLP,synthetic,N,100,current_mixture,0.1,10,1e-12,width,0.0,5,g_ibp,1.1432020632497135e-06,,0.008
ep3,sweep_all,Constant-on-Box,MLP,synthetic,N,100,current_mixture,0.1,10,1e-12,width,0.0,5,a_tau,2.5649493574615367,,2.63
ep3,sweep_all,Constant-on-Box,MLP,synthetic,N,100,current_mixture,0.1,10,1e-12,width,0.0,6,margin_hat_min,0.8342132568359375,,7.861
ep3,sweep_all,Constant-on-Box,MLP,synthetic,N,100,current_mixture,0.1,10,1e-12,width,0.0,6,d_eff,11.752653684418334,,7.861
ep3,sweep_all,Constant-on-Box,MLP,synthetic,N,100,current_mixture,0.1,10,1e-12,width,0.0,6,g_ibp,1.1432020632497135e-06,,0.008
ep3,sweep_all,Constant-on-Box,MLP,synthetic,N,100,current_mixture,0.1,10,1e-12,width,0.0,6,a_tau,1.791759469228055,,1.138
ep3,sweep_all,Constant-on-Box,MLP,synthetic,N,100,current_mixture,0.1,10,1e-12,width,0.0,7,margin_hat_min,0.8342132568359375,,14.364
ep3,sweep_all,Constant-on-Box,MLP,synthetic,N,100,current_mixture,0.1,10,1e-12,width,0.0,7,d_eff,11.803110625688191,,14.364
ep3,sweep_all,Constant-on-Box,MLP,synthetic,N,100,current_mixture,0.1,10,1e-12,width,0.0,7,g_ibp,1.1432020632497135e-06,,0.006
ep3,sweep_all,Constant-on-Box,MLP,synthetic,N,100,current_mixture,0.1,10,1e-12,width,0.0,7,a_tau,2.3978952727983707,,1.875
ep3,sweep_all,Constant-on-Box,MLP,synthetic,N,200,current_mixture,0.1,10,1e-12,width,0.0,0,margin_hat_min,0.8342132568359375,,41.505
ep3,sweep_all,Constant-on-Box,MLP,synthetic,N,200,current_mixture,0.1,10,1e-12,width,0.0,0,d_eff,11.630883863526343,,41.505
ep3,sweep_all,Constant-on-Box,MLP,synthetic,N,200,current_mixture,0.1,10,1e-12,width,0.0,0,g_ibp,1.1432020632497135e-06,,0.006
ep3,sweep_all,Constant-on-Box,MLP,synthetic,N,200,current_mixture,0.1,10,1e-12,width,0.0,0,a_tau,3.044522437723423,,4.175
ep3,sweep_all,Constant-on-Box,MLP,synthetic,N,200,current_mixture,0.1,10,1e-12,width,0.0,1,margin_hat_min,0.8342132568359375,,38.354
ep3,sweep_all,Constant-on-Box,MLP,synthetic,N,200,current_mixture,0.1,10,1e-12,width,0.0,1,d_eff,11.563159058802086,,38.354
ep3,sweep_all,Constant-on-Box,MLP,synthetic,N,200,current_mixture,0.1,10,1e-12,width,0.0,1,g_ibp,1.1432020632497135e-06,,0.008
ep3,sweep_all,Constant-on-Box,MLP,synthetic,N,200,current_mixture,0.1,10,1e-12,width,0.0,1,a_tau,3.2188758248682006,,4.404
ep3,sweep_all,Constant-on-Box,MLP,synthetic,N,200,current_mixture,0.1,10,1e-12,width,0.0,2,margin_hat_min,0.8342132568359375,,33.552
ep3,sweep_all,Constant-on-Box,MLP,synthetic,N,200,current_mixture,0.1,10,1e-12,width,0.0,2,d_eff,11.563031444400869,,33.552
ep3,sweep_all,Constant-on-Box,MLP,synthetic,N,200,current_mixture,0.1,10,1e-12,width,0.0,2,g_ibp,1.1432020632497135e-06,,0.006
ep3,sweep_all,Constant-on-Box,MLP,synthetic,N,200,current_mixture,0.1,10,1e-12,width,0.0,2,a_tau,2.8903717578961645,,4.146
ep3,sweep_all,Constant-on-Box,MLP,synthetic,N,200,current_mixture,0.1,10,1e-12,width,0.0,3,margin_hat_min,0.8342132568359375,,40.323
ep3,sweep_all,Constant-on-Box,MLP,synthetic,N,200,current_mixture,0.1,10,1e-12,width,0.0,3,d_eff,11.651156620339497,,40.323
ep3,sweep_all,Constant-on-Box,MLP,synthetic,N,200,current_mixture,0.1,10,1e-12,width,0.0,3,g_ibp,1.1432020632497135e-06,,0.006
ep3,sweep_all,Constant-on-Box,MLP,synthetic,N,200,current_mixture,0.1,10,1e-12,width,0.0,3,a_tau,2.8903717578961645,,4.466
ep3,sweep_all,Constant-on-Box,MLP,synthetic,N,200,current_mixture,0.1,10,1e-12,width,0.0,4,margin_hat_min,0.8342132568359375,,30.921
ep3,sweep_all,Constant-on-Box,MLP,synthetic,N,200,current_mixture,0.1,10,1e-12,width,0.0,4,d_eff,11.595402289503749,,30.921
ep3,sweep_all,Constant-on-Box,MLP,synthetic,N,200,current_mixture,0.1,10,1e-12,width,0.0,4,g_ibp,1.1432020632497135e-06,,0.007
ep3,sweep_all,Constant-on-Box,MLP,synthetic,N,200,current_mixture,0.1,10,1e-12,width,0.0,4,a_tau,3.1780538303479458,,3.702
ep3,sweep_all,Constant-on-Box,MLP,synthetic,N,200,current_mixture,0.1,10,1e-12,width,0.0,5,margin_hat_min,0.8342132568359375,,41.559
ep3,sweep_all,Constant-on-Box,MLP,synthetic,N,200,current_mixture,0.1,10,1e-12,width,0.0,5,d_eff,11.56730691666344,,41.559
ep3,sweep_all,Constant-on-Box,MLP,synthetic,N,200,current_mixture,0.1,10,1e-12,width,0.0,5,g_ibp,1.1432020632497135e-06,,0.006
ep3,sweep_all,Constant-on-Box,MLP,synthetic,N,200,current_mixture,0.1,10,1e-12,width,0.0,5,a_tau,3.044522437723423,,4.604
ep3,sweep_all,Constant-on-Box,MLP,synthetic,N,200,current_mixture,0.1,10,1e-12,width,0.0,6,margin_hat_min,0.8342132568359375,,34.642
ep3,sweep_all,Constant-on-Box,MLP,synthetic,N,200,current_mixture,0.1,10,1e-12,width,0.0,6,d_eff,11.606792341031644,,34.642
ep3,sweep_all,Constant-on-Box,MLP,synthetic,N,200,current_mixture,0.1,10,1e-12,width,0.0,6,g_ibp,1.1432020632497135e-06,,0.007
ep3,sweep_all,Constant-on-Box,MLP,synthetic,N,200,current_mixture,0.1,10,1e-12,width,0.0,6,a_tau,2.5649493574615367,,3.568
ep3,sweep_all,Constant-on-Box,MLP,synthetic,N,200,current_mixture,0.1,10,1e-12,width,0.0,7,margin_hat_min,0.8342132568359375,,43.846
ep3,sweep_all,Constant-on-Box,MLP,synthetic,N,200,current_mixture,0.1,10,1e-12,width,0.0,7,d_eff,11.584711262384308,,43.846
ep3,sweep_all,Constant-on-Box,MLP,synthetic,N,200,current_mixture,0.1,10,1e-12,width,0.0,7,g_ibp,1.1432020632497135e-06,,0.007
ep3,sweep_all,Constant-on-Box,MLP,synthetic,N,200,current_mixture,0.1,10,1e-12,width,0.0,7,a_tau,2.772588722239781,,5.533
ep3,sweep_all,Constant-on-Box,MLP,synthetic,N,400,current_mixture,0.1,10,1e-12,width,0.0,0,margin_hat_min,0.8342132568359375,,66.35
ep3,sweep_all,Constant-on-Box,MLP,synthetic,N,400,current_mixture,0.1,10,1e-12,width,0.0,0,d_eff,11.5010557561012,,66.35
ep3,sweep_all,Constant-on-Box,MLP,synthetic,N,400,current_mixture,0.1,10,1e-12,width,0.0,0,g_ibp,1.1432020632497135e-06,,0.005
ep3,sweep_all,Constant-on-Box,MLP,synthetic,N,400,current_mixture,0.1,10,1e-12,width,0.0,0,a_tau,3.5263605246161616,,7.012
ep3,sweep_all,Constant-on-Box,MLP,synthetic,N,400,current_mixture,0.1,10,1e-12,width,0.0,1,margin_hat_min,0.8342132568359375,,38.368
ep3,sweep_all,Constant-on-Box,MLP,synthetic,N,400,current_mixture,0.1,10,1e-12,width,0.0,1,d_eff,11.47584062037494,,38.368
ep3,sweep_all,Constant-on-Box,MLP,synthetic,N,400,current_mixture,0.1,10,1e-12,width,0.0,1,g_ibp,1.1432020632497135e-06,,0.006
ep3,sweep_all,Constant-on-Box,MLP,synthetic,N,400,current_mixture,0.1,10,1e-12,width,0.0,1,a_tau,3.784189633918261,,3.988
ep3,sweep_all,Constant-on-Box,MLP,synthetic,N,400,current_mixture,0.1,10,1e-12,width,0.0,2,margin_hat_min,0.8342132568359375,,84.762
ep3,sweep_all,Constant-on-Box,MLP,synthetic,N,400,current_mixture,0.1,10,1e-12,width,0.0,2,d_eff,11.461903850223134,,84.762
ep3,sweep_all,Constant-on-Box,MLP,synthetic,N,400,current_mixture,0.1,10,1e-12,width,0.0,2,g_ibp,1.1432020632497135e-06,,0.005
ep3,sweep_all,Constant-on-Box,MLP,synthetic,N,400,current_mixture,0.1,10,1e-12,width,0.0,2,a_tau,3.5263605246161616,,9.993
ep3,sweep_all,Constant-on-Box,MLP,synthetic,N,400,current_mixture,0.1,10,1e-12,width,0.0,3,margin_hat_min,0.8342132568359375,,73.691
ep3,sweep_all,Constant-on-Box,MLP,synthetic,N,400,current_mixture,0.1,10,1e-12,width,0.0,3,d_eff,11.479433808547753,,73.691
ep3,sweep_all,Constant-on-Box,MLP,synthetic,N,400,current_mixture,0.1,10,1e-12,width,0.0,3,g_ibp,1.1432020632497135e-06,,0.006
ep3,sweep_all,Constant-on-Box,MLP,synthetic,N,400,current_mixture,0.1,10,1e-12,width,0.0,3,a_tau,3.58351893845611,,7.729
ep3,sweep_all,Constant-on-Box,MLP,synthetic,N,400,current_mixture,0.1,10,1e-12,width,0.0,4,margin_hat_min,0.8342132568359375,,70.838
ep3,sweep_all,Constant-on-Box,MLP,synthetic,N,400,current_mixture,0.1,10,1e-12,width,0.0,4,d_eff,11.47156936021787,,70.838
ep3,sweep_all,Constant-on-Box,MLP,synthetic,N,400,current_mixture,0.1,10,1e-12,width,0.0,4,g_ibp,1.1432020632497135e-06,,0.007
ep3,sweep_all,Constant-on-Box,MLP,synthetic,N,400,current_mixture,0.1,10,1e-12,width,0.0,4,a_tau,3.6888794541139363,,6.772
ep3,sweep_all,Constant-on-Box,MLP,synthetic,N,400,current_mixture,0.1,10,1e-12,width,0.0,5,margin_hat_min,0.8342132568359375,,85.31
ep3,sweep_all,Constant-on-Box,MLP,synthetic,N,400,current_mixture,0.1,10,1e-12,width,0.0,5,d_eff,11.412018311268607,,85.31
ep3,sweep_all,Constant-on-Box,MLP,synthetic,N,400,current_mixture,0.1,10,1e-12,width,0.0,5,g_ibp,1.1432020632497135e-06,,0.007
ep3,sweep_all,Constant-on-Box,MLP,synthetic,N,400,current_mixture,0.1,10,1e-12,width,0.0,5,a_tau,3.6375861597263857,,9.466
ep3,sweep_all,Constant-on-Box,MLP,synthetic,N,400,current_mixture,0.1,10,1e-12,width,0.0,6,margin_hat_min,0.8342132568359375,,78.974
ep3,sweep_all,Constant-on-Box,MLP,synthetic,N,400,current_mixture,0.1,10,1e-12,width,0.0,6,d_eff,11.451826718809523,,78.974
ep3,sweep_all,Constant-on-Box,MLP,synthetic,N,400,current_mixture,0.1,10,1e-12,width,0.0,6,g_ibp,1.1432020632497135e-06,,0.006
ep3,sweep_all,Constant-on-Box,MLP,synthetic,N,400,current_mixture,0.1,10,1e-12,width,0.0,6,a_tau,3.4339872044851463,,9.039
ep3,sweep_all,Constant-on-Box,MLP,synthetic,N,400,current_mixture,0.1,10,1e-12,width,0.0,7,margin_hat_min,0.8342132568359375,,86.189
ep3,sweep_all,Constant-on-Box,MLP,synthetic,N,400,current_mixture,0.1,10,1e-12,width,0.0,7,d_eff,11.479076902920891,,86.189
ep3,sweep_all,Constant-on-Box,MLP,synthetic,N,400,current_mixture,0.1,10,1e-12,width,0.0,7,g_ibp,1.1432020632497135e-06,,0.007
ep3,sweep_all,Constant-on-Box,MLP,synthetic,N,400,current_mixture,0.1,10,1e-12,width,0.0,7,a_tau,3.4965075614664802,,9.384
ep3,sweep_all,Constant-on-Box,MLP,synthetic,N,800,current_mixture,0.1,10,1e-12,width,0.0,0,margin_hat_min,0.8342132568359375,,131.589
ep3,sweep_all,Constant-on-Box,MLP,synthetic,N,800,current_mixture,0.1,10,1e-12,width,0.0,0,d_eff,11.432686611850682,,131.589
ep3,sweep_all,Constant-on-Box,MLP,synthetic,N,800,current_mixture,0.1,10,1e-12,width,0.0,0,g_ibp,1.1432020632497135e-06,,0.006
ep3,sweep_all,Constant-on-Box,MLP,synthetic,N,800,current_mixture,0.1,10,1e-12,width,0.0,0,a_tau,4.04305126783455,,18.065
ep3,sweep_all,Constant-on-Box,MLP,synthetic,N,800,current_mixture,0.1,10,1e-12,width,0.0,1,margin_hat_min,0.8342132568359375,,107.961
ep3,sweep_all,Constant-on-Box,MLP,synthetic,N,800,current_mixture,0.1,10,1e-12,width,0.0,1,d_eff,11.442532752255536,,107.961
ep3,sweep_all,Constant-on-Box,MLP,synthetic,N,800,current_mixture,0.1,10,1e-12,width,0.0,1,g_ibp,1.1432020632497135e-06,,0.006
ep3,sweep_all,Constant-on-Box,MLP,synthetic,N,800,current_mixture,0.1,10,1e-12,width,0.0,1,a_tau,4.219507705176107,,14.833
ep3,sweep_all,Constant-on-Box,MLP,synthetic,N,800,current_mixture,0.1,10,1e-12,width,0.0,2,margin_hat_min,0.8342132568359375,,119.988
ep3,sweep_all,Constant-on-Box,MLP,synthetic,N,800,current_mixture,0.1,10,1e-12,width,0.0,2,d_eff,11.396259656609258,,119.988
ep3,sweep_all,Constant-on-Box,MLP,synthetic,N,800,current_mixture,0.1,10,1e-12,width,0.0,2,g_ibp,1.1432020632497135e-06,,0.006
ep3,sweep_all,Constant-on-Box,MLP,synthetic,N,800,current_mixture,0.1,10,1e-12,width,0.0,2,a_tau,4.143134726391533,,14.736
ep3,sweep_all,Constant-on-Box,MLP,synthetic,N,800,current_mixture,0.1,10,1e-12,width,0.0,3,margin_hat_min,0.8342132568359375,,108.06
ep3,sweep_all,Constant-on-Box,MLP,synthetic,N,800,current_mixture,0.1,10,1e-12,width,0.0,3,d_eff,11.406623847364905,,108.06
ep3,sweep_all,Constant-on-Box,MLP,synthetic,N,800,current_mixture,0.1,10,1e-12,width,0.0,3,g_ibp,1.1432020632497135e-06,,0.007
ep3,sweep_all,Constant-on-Box,MLP,synthetic,N,800,current_mixture,0.1,10,1e-12,width,0.0,3,a_tau,4.189654742026425,,14.346
ep3,sweep_all,Constant-on-Box,MLP,synthetic,N,800,current_mixture,0.1,10,1e-12,width,0.0,4,margin_hat_min,0.8342132568359375,,116.545
ep3,sweep_all,Constant-on-Box,MLP,synthetic,N,800,current_mixture,0.1,10,1e-12,width,0.0,4,d_eff,11.440195449867165,,116.545
ep3,sweep_all,Constant-on-Box,MLP,synthetic,N,800,current_mixture,0.1,10,1e-12,width,0.0,4,g_ibp,1.1432020632497135e-06,,0.006
ep3,sweep_all,Constant-on-Box,MLP,synthetic,N,800,current_mixture,0.1,10,1e-12,width,0.0,4,a_tau,4.356708826689592,,14.306
ep3,sweep_all,Constant-on-Box,MLP,synthetic,N,800,current_mixture,0.1,10,1e-12,width,0.0,5,margin_hat_min,0.8342132568359375,,130.91
ep3,sweep_all,Constant-on-Box,MLP,synthetic,N,800,current_mixture,0.1,10,1e-12,width,0.0,5,d_eff,11.40999870512423,,130.91
ep3,sweep_all,Constant-on-Box,MLP,synthetic,N,800,current_mixture,0.1,10,1e-12,width,0.0,5,g_ibp,1.1432020632497135e-06,,0.006
ep3,sweep_all,Constant-on-Box,MLP,synthetic,N,800,current_mixture,0.1,10,1e-12,width,0.0,5,a_tau,4.1588830833596715,,17.51
ep3,sweep_all,Constant-on-Box,MLP,synthetic,N,800,current_mixture,0.1,10,1e-12,width,0.0,6,margin_hat_min,0.8342132568359375,,133.775
ep3,sweep_all,Constant-on-Box,MLP,synthetic,N,800,current_mixture,0.1,10,1e-12,width,0.0,6,d_eff,11.374061547835794,,133.775
ep3,sweep_all,Constant-on-Box,MLP,synthetic,N,800,current_mixture,0.1,10,1e-12,width,0.0,6,g_ibp,1.1432020632497135e-06,,0.006
ep3,sweep_all,Constant-on-Box,MLP,synthetic,N,800,current_mixture,0.1,10,1e-12,width,0.0,6,a_tau,4.02535169073515,,18.793
ep3,sweep_all,Constant-on-Box,MLP,synthetic,N,800,current_mixture,0.1,10,1e-12,width,0.0,7,margin_hat_min,0.8342132568359375,,135.92
ep3,sweep_all,Constant-on-Box,MLP,synthetic,N,800,current_mixture,0.1,10,1e-12,width,0.0,7,d_eff,11.435465300195604,,135.92
ep3,sweep_all,Constant-on-Box,MLP,synthetic,N,800,current_mixture,0.1,10,1e-12,width,0.0,7,g_ibp,1.1432020632497135e-06,,0.006
ep3,sweep_all,Constant-on-Box,MLP,synthetic,N,800,current_mixture,0.1,10,1e-12,width,0.0,7,a_tau,4.060443010546419,,17.958
ep3,sweep_all,Constant-on-Box,MLP,synthetic,N,1600,current_mixture,0.1,10,1e-12,width,0.0,0,margin_hat_min,0.8342132568359375,,192.566
ep3,sweep_all,Constant-on-Box,MLP,synthetic,N,1600,current_mixture,0.1,10,1e-12,width,0.0,0,d_eff,11.387426280907775,,192.566
ep3,sweep_all,Constant-on-Box,MLP,synthetic,N,1600,current_mixture,0.1,10,1e-12,width,0.0,0,g_ibp,1.1432020632497135e-06,,0.007
ep3,sweep_all,Constant-on-Box,MLP,synthetic,N,1600,current_mixture,0.1,10,1e-12,width,0.0,0,a_tau,4.653960350157523,,32.639
ep3,sweep_all,Constant-on-Box,MLP,synthetic,N,1600,current_mixture,0.1,10,1e-12,width,0.0,1,margin_hat_min,0.8342132568359375,,209.608
ep3,sweep_all,Constant-on-Box,MLP,synthetic,N,1600,current_mixture,0.1,10,1e-12,width,0.0,1,d_eff,11.393028790250117,,209.608
ep3,sweep_all,Constant-on-Box,MLP,synthetic,N,1600,current_mixture,0.1,10,1e-12,width,0.0,1,g_ibp,1.1432020632497135e-06,,0.009
ep3,sweep_all,Constant-on-Box,MLP,synthetic,N,1600,current_mixture,0.1,10,1e-12,width,0.0,1,a_tau,4.7535901911063645,,47.613
ep3,sweep_all,Constant-on-Box,MLP,synthetic,N,1600,current_mixture,0.1,10,1e-12,width,0.0,2,margin_hat_min,0.8342132568359375,,200.023
ep3,sweep_all,Constant-on-Box,MLP,synthetic,N,1600,current_mixture,0.1,10,1e-12,width,0.0,2,d_eff,11.361198309861479,,200.023
ep3,sweep_all,Constant-on-Box,MLP,synthetic,N,1600,current_mixture,0.1,10,1e-12,width,0.0,2,g_ibp,1.1432020632497135e-06,,0.004
ep3,sweep_all,Constant-on-Box,MLP,synthetic,N,1600,current_mixture,0.1,10,1e-12,width,0.0,2,a_tau,4.6443908991413725,,41.102
ep3,sweep_all,Constant-on-Box,MLP,synthetic,N,1600,current_mixture,0.1,10,1e-12,width,0.0,3,margin_hat_min,0.8342132568359375,,209.15
ep3,sweep_all,Constant-on-Box,MLP,synthetic,N,1600,current_mixture,0.1,10,1e-12,width,0.0,3,d_eff,11.39723983058787,,209.15
ep3,sweep_all,Constant-on-Box,MLP,synthetic,N,1600,current_mixture,0.1,10,1e-12,width,0.0,3,g_ibp,1.1432020632497135e-06,,0.007
ep3,sweep_all,Constant-on-Box,MLP,synthetic,N,1600,current_mixture,0.1,10,1e-12,width,0.0,3,a_tau,4.68213122712422,,57.286
ep3,sweep_all,Constant-on-Box,MLP,synthetic,N,1600,current_mixture,0.1,10,1e-12,width,0.0,4,margin_hat_min,0.8342132568359375,,247.606
ep3,sweep_all,Constant-on-Box,MLP,synthetic,N,1600,current_mixture,0.1,10,1e-12,width,0.0,4,d_eff,11.413357603251542,,247.606
ep3,sweep_all,Constant-on-Box,MLP,synthetic,N,1600,current_mixture,0.1,10,1e-12,width,0.0,4,g_ibp,1.1432020632497135e-06,,0.005
ep3,sweep_all,Constant-on-Box,MLP,synthetic,N,1600,current_mixture,0.1,10,1e-12,width,0.0,4,a_tau,4.762173934797756,,232.107
ep3,sweep_all,Constant-on-Box,MLP,synthetic,N,1600,current_mixture,0.1,10,1e-12,width,0.0,5,margin_hat_min,0.8342132568359375,,250.477
ep3,sweep_all,Constant-on-Box,MLP,synthetic,N,1600,current_mixture,0.1,10,1e-12,width,0.0,5,d_eff,11.410197088926406,,250.477
ep3,sweep_all,Constant-on-Box,MLP,synthetic,N,1600,current_mixture,0.1,10,1e-12,width,0.0,5,g_ibp,1.1432020632497135e-06,,0.033
ep3,sweep_all,Constant-on-Box,MLP,synthetic,N,1600,current_mixture,0.1,10,1e-12,width,0.0,5,a_tau,4.672828834461906,,188.01
ep3,sweep_all,Constant-on-Box,MLP,synthetic,N,1600,current_mixture,0.1,10,1e-12,width,0.0,6,margin_hat_min,0.8342132568359375,,253.085
ep3,sweep_all,Constant-on-Box,MLP,synthetic,N,1600,current_mixture,0.1,10,1e-12,width,0.0,6,d_eff,11.391967525659155,,253.085
ep3,sweep_all,Constant-on-Box,MLP,synthetic,N,1600,current_mixture,0.1,10,1e-12,width,0.0,6,g_ibp,1.1432020632497135e-06,,0.033
ep3,sweep_all,Constant-on-Box,MLP,synthetic,N,1600,current_mixture,0.1,10,1e-12,width,0.0,6,a_tau,4.564348191467836,,188.404
ep3,sweep_all,Constant-on-Box,MLP,synthetic,N,1600,current_mixture,0.1,10,1e-12,width,0.0,7,margin_hat_min,0.8342132568359375,,282.044
ep3,sweep_all,Constant-on-Box,MLP,synthetic,N,1600,current_mixture,0.1,10,1e-12,width,0.0,7,d_eff,11.401314388980339,,282.044
ep3,sweep_all,Constant-on-Box,MLP,synthetic,N,1600,current_mixture,0.1,10,1e-12,width,0.0,7,g_ibp,1.1432020632497135e-06,,0.059
ep3,sweep_all,Constant-on-Box,MLP,synthetic,N,1600,current_mixture,0.1,10,1e-12,width,0.0,7,a_tau,4.68213122712422,,180.172
ep4,sweep_all,Constant-on-Box,MLP,synthetic,N,50,current_mixture,0.1,10,1e-12,width,0.0,0,margin_hat_min,0.8342132568359375,,3.485
ep4,sweep_all,Constant-on-Box,MLP,synthetic,N,50,current_mixture,0.1,10,1e-12,width,0.0,0,d_eff,12.686404630127685,,3.485
ep4,sweep_all,Constant-on-Box,MLP,synthetic,N,50,current_mixture,0.1,10,1e-12,width,0.0,0,g_ibp,1.1432020632497135e-06,,0.006
ep4,sweep_all,Constant-on-Box,MLP,synthetic,N,50,current_mixture,0.1,10,1e-12,width,0.0,0,a_tau,1.9459101490553132,,0.526
ep4,sweep_all,Constant-on-Box,MLP,synthetic,N,50,current_mixture,0.1,10,1e-12,width,0.0,1,margin_hat_min,0.8342132568359375,,3.474
ep4,sweep_all,Constant-on-Box,MLP,synthetic,N,50,current_mixture,0.1,10,1e-12,width,0.0,1,d_eff,12.852482581866044,,3.474
ep4,sweep_all,Constant-on-Box,MLP,synthetic,N,50,current_mixture,0.1,10,1e-12,width,0.0,1,g_ibp,1.1432020632497135e-06,,0.006
ep4,sweep_all,Constant-on-Box,MLP,synthetic,N,50,current_mixture,0.1,10,1e-12,width,0.0,1,a_tau,2.1972245773362196,,0.482
ep4,sweep_all,Constant-on-Box,MLP,synthetic,N,50,current_mixture,0.1,10,1e-12,width,0.0,2,margin_hat_min,0.8342132568359375,,3.338
ep4,sweep_all,Constant-on-Box,MLP,synthetic,N,50,current_mixture,0.1,10,1e-12,width,0.0,2,d_eff,12.765546169131072,,3.338
ep4,sweep_all,Constant-on-Box,MLP,synthetic,N,50,current_mixture,0.1,10,1e-12,width,0.0,2,g_ibp,1.1432020632497135e-06,,0.006
ep4,sweep_all,Constant-on-Box,MLP,synthetic,N,50,current_mixture,0.1,10,1e-12,width,0.0,2,a_tau,1.3862943611198906,,0.495
ep4,sweep_all,Constant-on-Box,MLP,synthetic,N,50,current_mixture,0.1,10,1e-12,width,0.0,3,margin_hat_min,0.8342132568359375,,3.243
ep4,sweep_all,Constant-on-Box,MLP,synthetic,N,50,current_mixture,0.1,10,1e-12,width,0.0,3,d_eff,12.722546280756898,,3.243
ep4,sweep_all,Constant-on-Box,MLP,synthetic,N,50,current_mixture,0.1,10,1e-12,width,0.0,3,g_ibp,1.1432020632497135e-06,,0.006
ep4,sweep_all,Constant-on-Box,MLP,synthetic,N,50,current_mixture,0.1,10,1e-12,width,0.0,3,a_tau,2.0794415416798357,,0.479
ep4,sweep_all,Constant-on-Box,MLP,synthetic,N,50,current_mixture,0.1,10,1e-12,width,0.0,4,margin_hat_min,0.8342132568359375,,3.322
ep4,sweep_all,Constant-on-Box,MLP,synthetic,N,50,current_mixture,0.1,10,1e-12,width,0.0,4,d_eff,12.606976210957253,,3.322
ep4,sweep_all,Constant-on-Box,MLP,synthetic,N,50,current_mixture,0.1,10,1e-12,width,0.0,4,g_ibp,1.1432020632497135e-06,,0.007
ep4,sweep_all,Constant-on-Box,MLP,synthetic,N,50,current_mixture,0.1,10,1e-12,width,0.0,4,a_tau,1.6094379124341003,,0.501
ep4,sweep_all,Constant-on-Box,MLP,synthetic,N,50,current_mixture,0.1,10,1e-12,width,0.0,5,margin_hat_min,0.8342132568359375,,3.341
ep4,sweep_all,Constant-on-Box,MLP,synthetic,N,50,current_mixture,0.1,10,1e-12,width,0.0,5,d_eff,12.66637939202772,,3.341
ep4,sweep_all,Constant-on-Box,MLP,synthetic,N,50,current_mixture,0.1,10,1e-12,width,0.0,5,g_ibp,1.1432020632497135e-06,,0.006
ep4,sweep_all,Constant-on-Box,MLP,synthetic,N,50,current_mixture,0.1,10,1e-12,width,0.0,5,a_tau,2.1972245773362196,,0.489
ep4,sweep_all,Constant-on-Box,MLP,synthetic,N,50,current_mixture,0.1,10,1e-12,width,0.0,6,margin_hat_min,0.8342132568359375,,3.37
ep4,sweep_all,Constant-on-Box,MLP,synthetic,N,50,current_mixture,0.1,10,1e-12,width,0.0,6,d_eff,12.559884755194322,,3.37
ep4,sweep_all,Constant-on-Box,MLP,synthetic,N,50,current_mixture,0.1,10,1e-12,width,0.0,6,g_ibp,1.1432020632497135e-06,,0.006
ep4,sweep_all,Constant-on-Box,MLP,synthetic,N,50,current_mixture,0.1,10,1e-12,width,0.0,6,a_tau,1.3862943611198906,,0.49
ep4,sweep_all,Constant-on-Box,MLP,synthetic,N,50,current_mixture,0.1,10,1e-12,width,0.0,7,margin_hat_min,0.8342132568359375,,3.317
ep4,sweep_all,Constant-on-Box,MLP,synthetic,N,50,current_mixture,0.1,10,1e-12,width,0.0,7,d_eff,12.860318857429593,,3.317
ep4,sweep_all,Constant-on-Box,MLP,synthetic,N,50,current_mixture,0.1,10,1e-12,width,0.0,7,g_ibp,1.1432020632497135e-06,,0.006
ep4,sweep_all,Constant-on-Box,MLP,synthetic,N,50,current_mixture,0.1,10,1e-12,width,0.0,7,a_tau,1.9459101490553132,,0.475
ep4,sweep_all,Constant-on-Box,MLP,synthetic,N,100,current_mixture,0.1,10,1e-12,width,0.0,0,margin_hat_min,0.8342132568359375,,11.404
ep4,sweep_all,Constant-on-Box,MLP,synthetic,N,100,current_mixture,0.1,10,1e-12,width,0.0,0,d_eff,11.704746686136525,,11.404
ep4,sweep_all,Constant-on-Box,MLP,synthetic,N,100,current_mixture,0.1,10,1e-12,width,0.0,0,g_ibp,1.1432020632497135e-06,,0.006
ep4,sweep_all,Constant-on-Box,MLP,synthetic,N,100,current_mixture,0.1,10,1e-12,width,0.0,0,a_tau,2.4849066497880004,,2.12
ep4,sweep_all,Constant-on-Box,MLP,synthetic,N,100,current_mixture,0.1,10,1e-12,width,0.0,1,margin_hat_min,0.8342132568359375,,5.951
ep4,sweep_all,Constant-on-Box,MLP,synthetic,N,100,current_mixture,0.1,10,1e-12,width,0.0,1,d_eff,11.885271224123425,,5.951
ep4,sweep_all,Constant-on-Box,MLP,synthetic,N,100,current_mixture,0.1,10,1e-12,width,0.0,1,g_ibp,1.1432020632497135e-06,,0.007
ep4,sweep_all,Constant-on-Box,MLP,synthetic,N,100,current_mixture,0.1,10,1e-12,width,0.0,1,a_tau,2.6390573296152584,,0.916
ep4,sweep_all,Constant-on-Box,MLP,synthetic,N,100,current_mixture,0.1,10,1e-12,width,0.0,2,margin_hat_min,0.8342132568359375,,11.081
ep4,sweep_all,Constant-on-Box,MLP,synthetic,N,100,current_mixture,0.1,10,1e-12,width,0.0,2,d_eff,11.730212724263247,,11.081
ep4,sweep_all,Constant-on-Box,MLP,synthetic,N,100,current_mixture,0.1,10,1e-12,width,0.0,2,g_ibp,1.1432020632497135e-06,,0.006
ep4,sweep_all,Constant-on-Box,MLP,synthetic,N,100,current_mixture,0.1,10,1e-12,width,0.0,2,a_tau,2.0794415416798357,,2.276
ep4,sweep_all,Constant-on-Box,MLP,synthetic,N,100,current_mixture,0.1,10,1e-12,width,0.0,3,margin_hat_min,0.8342132568359375,,6.014
ep4,sweep_all,Constant-on-Box,MLP,synthetic,N,100,current_mixture,0.1,10,1e-12,width,0.0,3,d_eff,11.711896616324777,,6.014
ep4,sweep_all,Constant-on-Box,MLP,synthetic,N,100,current_mixture,0.1,10,1e-12,width,0.0,3,g_ibp,1.1432020632497135e-06,,0.006
ep4,sweep_all,Constant-on-Box,MLP,synthetic,N,100,current_mixture,0.1,10,1e-12,width,0.0,3,a_tau,2.772588722239781,,0.933
ep4,sweep_all,Constant-on-Box,MLP,synthetic,N,100,current_mixture,0.1,10,1e-12,width,0.0,4,margin_hat_min,0.8342132568359375,,11.222
ep4,sweep_all,Constant-on-Box,MLP,synthetic,N,100,current_mixture,0.1,10,1e-12,width,0.0,4,d_eff,11.733888240261571,,11.222
ep4,sweep_all,Constant-on-Box,MLP,synthetic,N,100,current_mixture,0.1,10,1e-12,width,0.0,4,g_ibp,1.1432020632497135e-06,,0.006
ep4,sweep_all,Constant-on-Box,MLP,synthetic,N,100,current_mixture,0.1,10,1e-12,width,0.0,4,a_tau,2.4849066497880004,,1.722
ep4,sweep_all,Constant-on-Box,MLP,synthetic,N,100,current_mixture,0.1,10,1e-12,width,0.0,5,margin_hat_min,0.8342132568359375,,10.425
ep4,sweep_all,Constant-on-Box,MLP,synthetic,N,100,current_mixture,0.1,10,1e-12,width,0.0,5,d_eff,11.841219555839016,,10.425
ep4,sweep_all,Constant-on-Box,MLP,synthetic,N,100,current_mixture,0.1,10,1e-12,width,0.0,5,g_ibp,1.1432020632497135e-06,,0.006
ep4,sweep_all,Constant-on-Box,MLP,synthetic,N,100,current_mixture,0.1,10,1e-12,width,0.0,5,a_tau,2.5649493574615367,,1.912
ep4,sweep_all,Constant-on-Box,MLP,synthetic,N,100,current_mixture,0.1,10,1e-12,width,0.0,6,margin_hat_min,0.8342132568359375,,5.965
ep4,sweep_all,Constant-on-Box,MLP,synthetic,N,100,current_mixture,0.1,10,1e-12,width,0.0,6,d_eff,11.752653684418334,,5.965
ep4,sweep_all,Constant-on-Box,MLP,synthetic,N,100,current_mixture,0.1,10,1e-12,width,0.0,6,g_ibp,1.1432020632497135e-06,,0.007
ep4,sweep_all,Constant-on-Box,MLP,synthetic,N,100,current_mixture,0.1,10,1e-12,width,0.0,6,a_tau,1.791759469228055,,0.956
ep4,sweep_all,Constant-on-Box,MLP,synthetic,N,100,current_mixture,0.1,10,1e-12,width,0.0,7,margin_hat_min,0.8342132568359375,,13.06
ep4,sweep_all,Constant-on-Box,MLP,synthetic,N,100,current_mixture,0.1,10,1e-12,width,0.0,7,d_eff,11.803110625688191,,13.06
ep4,sweep_all,Constant-on-Box,MLP,synthetic,N,100,current_mixture,0.1,10,1e-12,width,0.0,7,g_ibp,1.1432020632497135e-06,,0.006
ep4,sweep_all,Constant-on-Box,MLP,synthetic,N,100,current_mixture,0.1,10,1e-12,width,0.0,7,a_tau,2.3978952727983707,,1.928
ep4,sweep_all,Constant-on-Box,MLP,synthetic,N,200,current_mixture,0.1,10,1e-12,width,0.0,0,margin_hat_min,0.8342132568359375,,34.096
ep4,sweep_all,Constant-on-Box,MLP,synthetic,N,200,current_mixture,0.1,10,1e-12,width,0.0,0,d_eff,11.630883863526343,,34.096
ep4,sweep_all,Constant-on-Box,MLP,synthetic,N,200,current_mixture,0.1,10,1e-12,width,0.0,0,g_ibp,1.1432020632497135e-06,,0.006
ep4,sweep_all,Constant-on-Box,MLP,synthetic,N,200,current_mixture,0.1,10,1e-12,width,0.0,0,a_tau,3.044522437723423,,4.054
ep4,sweep_all,Constant-on-Box,MLP,synthetic,N,200,current_mixture,0.1,10,1e-12,width,0.0,1,margin_hat_min,0.8342132568359375,,40.016
ep4,sweep_all,Constant-on-Box,MLP,synthetic,N,200,current_mixture,0.1,10,1e-12,width,0.0,1,d_eff,11.563159058802086,,40.016
ep4,sweep_all,Constant-on-Box,MLP,synthetic,N,200,current_mixture,0.1,10,1e-12,width,0.0,1,g_ibp,1.1432020632497135e-06,,0.006
ep4,sweep_all,Constant-on-Box,MLP,synthetic,N,200,current_mixture,0.1,10,1e-12,width,0.0,1,a_tau,3.2188758248682006,,4.701
ep4,sweep_all,Constant-on-Box,MLP,synthetic,N,200,current_mixture,0.1,10,1e-12,width,0.0,2,margin_hat_min,0.8342132568359375,,33.309
ep4,sweep_all,Constant-on-Box,MLP,synthetic,N,200,current_mixture,0.1,10,1e-12,width,0.0,2,d_eff,11.563031444400869,,33.309
ep4,sweep_all,Constant-on-Box,MLP,synthetic,N,200,current_mixture,0.1,10,1e-12,width,0.0,2,g_ibp,1.1432020632497135e-06,,0.006
ep4,sweep_all,Constant-on-Box,MLP,synthetic,N,200,current_mixture,0.1,10,1e-12,width,0.0,2,a_tau,2.8903717578961645,,4.149
ep4,sweep_all,Constant-on-Box,MLP,synthetic,N,200,current_mixture,0.1,10,1e-12,width,0.0,3,margin_hat_min,0.8342132568359375,,17.567
ep4,sweep_all,Constant-on-Box,MLP,synthetic,N,200,current_mixture,0.1,10,1e-12,width,0.0,3,d_eff,11.651156620339497,,17.567
ep4,sweep_all,Constant-on-Box,MLP,synthetic,N,200,current_mixture,0.1,10,1e-12,width,0.0,3,g_ibp,1.1432020632497135e-06,,0.006
ep4,sweep_all,Constant-on-Box,MLP,synthetic,N,200,current_mixture,0.1,10,1e-12,width,0.0,3,a_tau,2.8903717578961645,,1.864
ep4,sweep_all,Constant-on-Box,MLP,synthetic,N,200,current_mixture,0.1,10,1e-12,width,0.0,4,margin_hat_min,0.8342132568359375,,40.414
ep4,sweep_all,Constant-on-Box,MLP,synthetic,N,200,current_mixture,0.1,10,1e-12,width,0.0,4,d_eff,11.595402289503749,,40.414
ep4,sweep_all,Constant-on-Box,MLP,synthetic,N,200,current_mixture,0.1,10,1e-12,width,0.0,4,g_ibp,1.1432020632497135e-06,,0.006
ep4,sweep_all,Constant-on-Box,MLP,synthetic,N,200,current_mixture,0.1,10,1e-12,width,0.0,4,a_tau,3.1780538303479458,,4.411
ep4,sweep_all,Constant-on-Box,MLP,synthetic,N,200,current_mixture,0.1,10,1e-12,width,0.0,5,margin_hat_min,0.8342132568359375,,42.476
ep4,sweep_all,Constant-on-Box,MLP,synthetic,N,200,current_mixture,0.1,10,1e-12,width,0.0,5,d_eff,11.56730691666344,,42.476
ep4,sweep_all,Constant-on-Box,MLP,synthetic,N,200,current_mixture,0.1,10,1e-12,width,0.0,5,g_ibp,1.1432020632497135e-06,,0.006
ep4,sweep_all,Constant-on-Box,MLP,synthetic,N,200,current_mixture,0.1,10,1e-12,width,0.0,5,a_tau,3.044522437723423,,4.496
ep4,sweep_all,Constant-on-Box,MLP,synthetic,N,200,current_mixture,0.1,10,1e-12,width,0.0,6,margin_hat_min,0.8342132568359375,,34.606
ep4,sweep_all,Constant-on-Box,MLP,synthetic,N,200,current_mixture,0.1,10,1e-12,width,0.0,6,d_eff,11.606792341031644,,34.606
ep4,sweep_all,Constant-on-Box,MLP,synthetic,N,200,current_mixture,0.1,10,1e-12,width,0.0,6,g_ibp,1.1432020632497135e-06,,0.006
ep4,sweep_all,Constant-on-Box,MLP,synthetic,N,200,current_mixture,0.1,10,1e-12,width,0.0,6,a_tau,2.5649493574615367,,3.848
ep4,sweep_all,Constant-on-Box,MLP,synthetic,N,200,current_mixture,0.1,10,1e-12,width,0.0,7,margin_hat_min,0.8342132568359375,,34.303
ep4,sweep_all,Constant-on-Box,MLP,synthetic,N,200,current_mixture,0.1,10,1e-12,width,0.0,7,d_eff,11.584711262384308,,34.303
ep4,sweep_all,Constant-on-Box,MLP,synthetic,N,200,current_mixture,0.1,10,1e-12,width,0.0,7,g_ibp,1.1432020632497135e-06,,0.007
ep4,sweep_all,Constant-on-Box,MLP,synthetic,N,200,current_mixture,0.1,10,1e-12,width,0.0,7,a_tau,2.772588722239781,,3.719
ep4,sweep_all,Constant-on-Box,MLP,synthetic,N,400,current_mixture,0.1,10,1e-12,width,0.0,0,margin_hat_min,0.8342132568359375,,34.988
ep4,sweep_all,Constant-on-Box,MLP,synthetic,N,400,current_mixture,0.1,10,1e-12,width,0.0,0,d_eff,11.5010557561012,,34.988
ep4,sweep_all,Constant-on-Box,MLP,synthetic,N,400,current_mixture,0.1,10,1e-12,width,0.0,0,g_ibp,1.1432020632497135e-06,,0.007
ep4,sweep_all,Constant-on-Box,MLP,synthetic,N,400,current_mixture,0.1,10,1e-12,width,0.0,0,a_tau,3.5263605246161616,,3.703
ep4,sweep_all,Constant-on-Box,MLP,synthetic,N,400,current_mixture,0.1,10,1e-12,width,0.0,1,margin_hat_min,0.8342132568359375,,70.24
ep4,sweep_all,Constant-on-Box,MLP,synthetic,N,400,current_mixture,0.1,10,1e-12,width,0.0,1,d_eff,11.47584062037494,,70.24
ep4,sweep_all,Constant-on-Box,MLP,synthetic,N,400,current_mixture,0.1,10,1e-12,width,0.0,1,g_ibp,1.1432020632497135e-06,,0.005
ep4,sweep_all,Constant-on-Box,MLP,synthetic,N,400,current_mixture,0.1,10,1e-12,width,0.0,1,a_tau,3.784189633918261,,7.614
ep4,sweep_all,Constant-on-Box,MLP,synthetic,N,400,current_mixture,0.1,10,1e-12,width,0.0,2,margin_hat_min,0.8342132568359375,,69.226
ep4,sweep_all,Constant-on-Box,MLP,synthetic,N,400,current_mixture,0.1,10,1e-12,width,0.0,2,d_eff,11.461903850223134,,69.226
ep4,sweep_all,Constant-on-Box,MLP,synthetic,N,400,current_mixture,0.1,10,1e-12,width,0.0,2,g_ibp,1.1432020632497135e-06,,0.007
ep4,sweep_all,Constant-on-Box,MLP,synthetic,N,400,current_mixture,0.1,10,1e-12,width,0.0,2,a_tau,3.5263605246161616,,7.422
ep4,sweep_all,Constant-on-Box,MLP,synthetic,N,400,current_mixture,0.1,10,1e-12,width,0.0,3,margin_hat_min,0.8342132568359375,,73.698
ep4,sweep_all,Constant-on-Box,MLP,synthetic,N,400,current_mixture,0.1,10,1e-12,width,0.0,3,d_eff,11.479433808547753,,73.698
ep4,sweep_all,Constant-on-Box,MLP,synthetic,N,400,current_mixture,0.1,10,1e-12,width,0.0,3,g_ibp,1.1432020632497135e-06,,0.005
ep4,sweep_all,Constant-on-Box,MLP,synthetic,N,400,current_mixture,0.1,10,1e-12,width,0.0,3,a_tau,3.58351893845611,,8.2
ep4,sweep_all,Constant-on-Box,MLP,synthetic,N,400,current_mixture,0.1,10,1e-12,width,0.0,4,margin_hat_min,0.8342132568359375,,71.213
ep4,sweep_all,Constant-on-Box,MLP,synthetic,N,400,current_mixture,0.1,10,1e-12,width,0.0,4,d_eff,11.47156936021787,,71.213
ep4,sweep_all,Constant-on-Box,MLP,synthetic,N,400,current_mixture,0.1,10,1e-12,width,0.0,4,g_ibp,1.1432020632497135e-06,,0.005
ep4,sweep_all,Constant-on-Box,MLP,synthetic,N,400,current_mixture,0.1,10,1e-12,width,0.0,4,a_tau,3.6888794541139363,,7.398
ep4,sweep_all,Constant-on-Box,MLP,synthetic,N,400,current_mixture,0.1,10,1e-12,width,0.0,5,margin_hat_min,0.8342132568359375,,66.987
ep4,sweep_all,Constant-on-Box,MLP,synthetic,N,400,current_mixture,0.1,10,1e-12,width,0.0,5,d_eff,11.412018311268607,,66.987
ep4,sweep_all,Constant-on-Box,MLP,synthetic,N,400,current_mixture,0.1,10,1e-12,width,0.0,5,g_ibp,1.1432020632497135e-06,,0.005
ep4,sweep_all,Constant-on-Box,MLP,synthetic,N,400,current_mixture,0.1,10,1e-12,width,0.0,5,a_tau,3.6375861597263857,,8.218
ep4,sweep_all,Constant-on-Box,MLP,synthetic,N,400,current_mixture,0.1,10,1e-12,width,0.0,6,margin_hat_min,0.8342132568359375,,72.34
ep4,sweep_all,Constant-on-Box,MLP,synthetic,N,400,current_mixture,0.1,10,1e-12,width,0.0,6,d_eff,11.451826718809523,,72.34
ep4,sweep_all,Constant-on-Box,MLP,synthetic,N,400,current_mixture,0.1,10,1e-12,width,0.0,6,g_ibp,1.1432020632497135e-06,,0.006
ep4,sweep_all,Constant-on-Box,MLP,synthetic,N,400,current_mixture,0.1,10,1e-12,width,0.0,6,a_tau,3.4339872044851463,,7.389
ep4,sweep_all,Constant-on-Box,MLP,synthetic,N,400,current_mixture,0.1,10,1e-12,width,0.0,7,margin_hat_min,0.8342132568359375,,84.267
ep4,sweep_all,Constant-on-Box,MLP,synthetic,N,400,current_mixture,0.1,10,1e-12,width,0.0,7,d_eff,11.479076902920891,,84.267
ep4,sweep_all,Constant-on-Box,MLP,synthetic,N,400,current_mixture,0.1,10,1e-12,width,0.0,7,g_ibp,1.1432020632497135e-06,,0.005
ep4,sweep_all,Constant-on-Box,MLP,synthetic,N,400,current_mixture,0.1,10,1e-12,width,0.0,7,a_tau,3.4965075614664802,,9.574
ep4,sweep_all,Constant-on-Box,MLP,synthetic,N,800,current_mixture,0.1,10,1e-12,width,0.0,0,margin_hat_min,0.8342132568359375,,152.128
ep4,sweep_all,Constant-on-Box,MLP,synthetic,N,800,current_mixture,0.1,10,1e-12,width,0.0,0,d_eff,11.432686611850682,,152.128
ep4,sweep_all,Constant-on-Box,MLP,synthetic,N,800,current_mixture,0.1,10,1e-12,width,0.0,0,g_ibp,1.1432020632497135e-06,,0.055
ep4,sweep_all,Constant-on-Box,MLP,synthetic,N,800,current_mixture,0.1,10,1e-12,width,0.0,0,a_tau,4.04305126783455,,55.104
ep4,sweep_all,Constant-on-Box,MLP,synthetic,N,800,current_mixture,0.1,10,1e-12,width,0.0,1,margin_hat_min,0.8342132568359375,,127.98
ep4,sweep_all,Constant-on-Box,MLP,synthetic,N,800,current_mixture,0.1,10,1e-12,width,0.0,1,d_eff,11.442532752255536,,127.98
ep4,sweep_all,Constant-on-Box,MLP,synthetic,N,800,current_mixture,0.1,10,1e-12,width,0.0,1,g_ibp,1.1432020632497135e-06,,0.008
ep4,sweep_all,Constant-on-Box,MLP,synthetic,N,800,current_mixture,0.1,10,1e-12,width,0.0,1,a_tau,4.219507705176107,,35.291
ep4,sweep_all,Constant-on-Box,MLP,synthetic,N,800,current_mixture,0.1,10,1e-12,width,0.0,2,margin_hat_min,0.8342132568359375,,116.578
ep4,sweep_all,Constant-on-Box,MLP,synthetic,N,800,current_mixture,0.1,10,1e-12,width,0.0,2,d_eff,11.396259656609258,,116.578
ep4,sweep_all,Constant-on-Box,MLP,synthetic,N,800,current_mixture,0.1,10,1e-12,width,0.0,2,g_ibp,1.1432020632497135e-06,,0.007
ep4,sweep_all,Constant-on-Box,MLP,synthetic,N,800,current_mixture,0.1,10,1e-12,width,0.0,2,a_tau,4.143134726391533,,27.259
ep4,sweep_all,Constant-on-Box,MLP,synthetic,N,800,current_mixture,0.1,10,1e-12,width,0.0,3,margin_hat_min,0.8342132568359375,,154.17
ep4,sweep_all,Constant-on-Box,MLP,synthetic,N,800,current_mixture,0.1,10,1e-12,width,0.0,3,d_eff,11.406623847364905,,154.17
ep4,sweep_all,Constant-on-Box,MLP,synthetic,N,800,current_mixture,0.1,10,1e-12,width,0.0,3,g_ibp,1.1432020632497135e-06,,0.007
ep4,sweep_all,Constant-on-Box,MLP,synthetic,N,800,current_mixture,0.1,10,1e-12,width,0.0,3,a_tau,4.189654742026425,,55.51
ep4,sweep_all,Constant-on-Box,MLP,synthetic,N,800,current_mixture,0.1,10,1e-12,width,0.0,4,margin_hat_min,0.8342132568359375,,177.18
ep4,sweep_all,Constant-on-Box,MLP,synthetic,N,800,current_mixture,0.1,10,1e-12,width,0.0,4,d_eff,11.440195449867165,,177.18
ep4,sweep_all,Constant-on-Box,MLP,synthetic,N,800,current_mixture,0.1,10,1e-12,width,0.0,4,g_ibp,1.1432020632497135e-06,,0.028
ep4,sweep_all,Constant-on-Box,MLP,synthetic,N,800,current_mixture,0.1,10,1e-12,width,0.0,4,a_tau,4.356708826689592,,62.121
ep4,sweep_all,Constant-on-Box,MLP,synthetic,N,800,current_mixture,0.1,10,1e-12,width,0.0,5,margin_hat_min,0.8342132568359375,,56.619
ep4,sweep_all,Constant-on-Box,MLP,synthetic,N,800,current_mixture,0.1,10,1e-12,width,0.0,5,d_eff,11.40999870512423,,56.619
ep4,sweep_all,Constant-on-Box,MLP,synthetic,N,800,current_mixture,0.1,10,1e-12,width,0.0,5,g_ibp,1.1432020632497135e-06,,0.005
ep4,sweep_all,Constant-on-Box,MLP,synthetic,N,800,current_mixture,0.1,10,1e-12,width,0.0,5,a_tau,4.1588830833596715,,7.562
ep4,sweep_all,Constant-on-Box,MLP,synthetic,N,800,current_mixture,0.1,10,1e-12,width,0.0,6,margin_hat_min,0.8342132568359375,,183.554
ep4,sweep_all,Constant-on-Box,MLP,synthetic,N,800,current_mixture,0.1,10,1e-12,width,0.0,6,d_eff,11.374061547835794,,183.554
ep4,sweep_all,Constant-on-Box,MLP,synthetic,N,800,current_mixture,0.1,10,1e-12,width,0.0,6,g_ibp,1.1432020632497135e-06,,0.032
ep4,sweep_all,Constant-on-Box,MLP,synthetic,N,800,current_mixture,0.1,10,1e-12,width,0.0,6,a_tau,4.02535169073515,,84.641
ep4,sweep_all,Constant-on-Box,MLP,synthetic,N,800,current_mixture,0.1,10,1e-12,width,0.0,7,margin_hat_min,0.8342132568359375,,211.78
ep4,sweep_all,Constant-on-Box,MLP,synthetic,N,800,current_mixture,0.1,10,1e-12,width,0.0,7,d_eff,11.435465300195604,,211.78
ep4,sweep_all,Constant-on-Box,MLP,synthetic,N,800,current_mixture,0.1,10,1e-12,width,0.0,7,g_ibp,1.1432020632497135e-06,,0.064
ep4,sweep_all,Constant-on-Box,MLP,synthetic,N,800,current_mixture,0.1,10,1e-12,width,0.0,7,a_tau,4.060443010546419,,191.714
ep4,sweep_all,Constant-on-Box,MLP,synthetic,N,1600,current_mixture,0.1,10,1e-12,width,0.0,0,margin_hat_min,0.8342132568359375,,664.925
ep4,sweep_all,Constant-on-Box,MLP,synthetic,N,1600,current_mixture,0.1,10,1e-12,width,0.0,0,d_eff,11.387426280907775,,664.925
ep4,sweep_all,Constant-on-Box,MLP,synthetic,N,1600,current_mixture,0.1,10,1e-12,width,0.0,0,g_ibp,1.1432020632497135e-06,,0.038
ep4,sweep_all,Constant-on-Box,MLP,synthetic,N,1600,current_mixture,0.1,10,1e-12,width,0.0,0,a_tau,4.653960350157523,,264.722
ep4,sweep_all,Constant-on-Box,MLP,synthetic,N,1600,current_mixture,0.1,10,1e-12,width,0.0,1,margin_hat_min,0.8342132568359375,,684.036
ep4,sweep_all,Constant-on-Box,MLP,synthetic,N,1600,current_mixture,0.1,10,1e-12,width,0.0,1,d_eff,11.393028790250117,,684.036
ep4,sweep_all,Constant-on-Box,MLP,synthetic,N,1600,current_mixture,0.1,10,1e-12,width,0.0,1,g_ibp,1.1432020632497135e-06,,0.007
ep4,sweep_all,Constant-on-Box,MLP,synthetic,N,1600,current_mixture,0.1,10,1e-12,width,0.0,1,a_tau,4.7535901911063645,,298.578
ep4,sweep_all,Constant-on-Box,MLP,synthetic,N,1600,current_mixture,0.1,10,1e-12,width,0.0,2,margin_hat_min,0.8342132568359375,,751.337
ep4,sweep_all,Constant-on-Box,MLP,synthetic,N,1600,current_mixture,0.1,10,1e-12,width,0.0,2,d_eff,11.361198309861479,,751.337
ep4,sweep_all,Constant-on-Box,MLP,synthetic,N,1600,current_mixture,0.1,10,1e-12,width,0.0,2,g_ibp,1.1432020632497135e-06,,0.06
ep4,sweep_all,Constant-on-Box,MLP,synthetic,N,1600,current_mixture,0.1,10,1e-12,width,0.0,2,a_tau,4.6443908991413725,,333.962
ep4,sweep_all,Constant-on-Box,MLP,synthetic,N,1600,current_mixture,0.1,10,1e-12,width,0.0,3,margin_hat_min,0.8342132568359375,,681.272
ep4,sweep_all,Constant-on-Box,MLP,synthetic,N,1600,current_mixture,0.1,10,1e-12,width,0.0,3,d_eff,11.39723983058787,,681.272
ep4,sweep_all,Constant-on-Box,MLP,synthetic,N,1600,current_mixture,0.1,10,1e-12,width,0.0,3,g_ibp,1.1432020632497135e-06,,0.073
ep4,sweep_all,Constant-on-Box,MLP,synthetic,N,1600,current_mixture,0.1,10,1e-12,width,0.0,3,a_tau,4.68213122712422,,310.875
ep4,sweep_all,Constant-on-Box,MLP,synthetic,N,1600,current_mixture,0.1,10,1e-12,width,0.0,4,margin_hat_min,0.8342132568359375,,698.805
ep4,sweep_all,Constant-on-Box,MLP,synthetic,N,1600,current_mixture,0.1,10,1e-12,width,0.0,4,d_eff,11.413357603251542,,698.805
ep4,sweep_all,Constant-on-Box,MLP,synthetic,N,1600,current_mixture,0.1,10,1e-12,width,0.0,4,g_ibp,1.1432020632497135e-06,,0.082
ep4,sweep_all,Constant-on-Box,MLP,synthetic,N,1600,current_mixture,0.1,10,1e-12,width,0.0,4,a_tau,4.762173934797756,,272.26
ep4,sweep_all,Constant-on-Box,MLP,synthetic,N,1600,current_mixture,0.1,10,1e-12,width,0.0,5,margin_hat_min,0.8342132568359375,,699.443
ep4,sweep_all,Constant-on-Box,MLP,synthetic,N,1600,current_mixture,0.1,10,1e-12,width,0.0,5,d_eff,11.410197088926406,,699.443
ep4,sweep_all,Constant-on-Box,MLP,synthetic,N,1600,current_mixture,0.1,10,1e-12,width,0.0,5,g_ibp,1.1432020632497135e-06,,0.067
ep4,sweep_all,Constant-on-Box,MLP,synthetic,N,1600,current_mixture,0.1,10,1e-12,width,0.0,5,a_tau,4.672828834461906,,231.546
ep4,sweep_all,Constant-on-Box,MLP,synthetic,N,1600,current_mixture,0.1,10,1e-12,width,0.0,6,margin_hat_min,0.8342132568359375,,796.883
ep4,sweep_all,Constant-on-Box,MLP,synthetic,N,1600,current_mixture,0.1,10,1e-12,width,0.0,6,d_eff,11.391967525659155,,796.883
ep4,sweep_all,Constant-on-Box,MLP,synthetic,N,1600,current_mixture,0.1,10,1e-12,width,0.0,6,g_ibp,1.1432020632497135e-06,,0.119
ep4,sweep_all,Constant-on-Box,MLP,synthetic,N,1600,current_mixture,0.1,10,1e-12,width,0.0,6,a_tau,4.564348191467836,,325.551
ep4,sweep_all,Constant-on-Box,MLP,synthetic,N,1600,current_mixture,0.1,10,1e-12,width,0.0,7,margin_hat_min,0.8342132568359375,,734.718
ep4,sweep_all,Constant-on-Box,MLP,synthetic,N,1600,current_mixture,0.1,10,1e-12,width,0.0,7,d_eff,11.401314388980339,,734.718
ep4,sweep_all,Constant-on-Box,MLP,synthetic,N,1600,current_mixture,0.1,10,1e-12,width,0.0,7,g_ibp,1.1432020632497135e-06,,0.073
ep4,sweep_all,Constant-on-Box,MLP,synthetic,N,1600,current_mixture,0.1,10,1e-12,width,0.0,7,a_tau,4.68213122712422,,236.786
dc_cnn26,sweep_all,Deep Contractive,CNN,synthetic,N,50,current_mixture,0.1,10,1e-12,width,0.0,0,margin_hat_min,8.643418312072754,,6.424
dc_cnn26,sweep_all,Deep Contractive,CNN,synthetic,N,50,current_mixture,0.1,10,1e-12,width,0.0,0,d_eff,21.661553307770653,,6.424
dc_cnn26,sweep_all,Deep Contractive,CNN,synthetic,N,50,current_mixture,0.1,10,1e-12,width,0.0,0,g_ibp,0.9765111518388292,,0.007
dc_cnn26,sweep_all,Deep Contractive,CNN,synthetic,N,50,current_mixture,0.1,10,1e-12,width,0.0,0,a_tau,3.912023005428146,,0.482
dc_cnn26,sweep_all,Deep Contractive,CNN,synthetic,N,50,current_mixture,0.1,10,1e-12,width,0.0,1,margin_hat_min,8.6434326171875,,7.239
dc_cnn26,sweep_all,Deep Contractive,CNN,synthetic,N,50,current_mixture,0.1,10,1e-12,width,0.0,1,d_eff,21.1625304265219,,7.239
dc_cnn26,sweep_all,Deep Contractive,CNN,synthetic,N,50,current_mixture,0.1,10,1e-12,width,0.0,1,g_ibp,0.9765111907135082,,0.005
dc_cnn26,sweep_all,Deep Contractive,CNN,synthetic,N,50,current_mixture,0.1,10,1e-12,width,0.0,1,a_tau,3.871201010907891,,0.584
dc_cnn26,sweep_all,Deep Contractive,CNN,synthetic,N,50,current_mixture,0.1,10,1e-12,width,0.0,2,margin_hat_min,8.643444061279297,,8.417
dc_cnn26,sweep_all,Deep Contractive,CNN,synthetic,N,50,current_mixture,0.1,10,1e-12,width,0.0,2,d_eff,19.271506243407124,,8.417
dc_cnn26,sweep_all,Deep Contractive,CNN,synthetic,N,50,current_mixture,0.1,10,1e-12,width,0.0,2,g_ibp,0.9765112218131587,,0.005
dc_cnn26,sweep_all,Deep Contractive,CNN,synthetic,N,50,current_mixture,0.1,10,1e-12,width,0.0,2,a_tau,3.912023005428146,,0.587
dc_cnn26,sweep_all,Deep Contractive,CNN,synthetic,N,50,current_mixture,0.1,10,1e-12,width,0.0,3,margin_hat_min,8.643425941467285,,6.724
dc_cnn26,sweep_all,Deep Contractive,CNN,synthetic,N,50,current_mixture,0.1,10,1e-12,width,0.0,3,d_eff,21.125159493525857,,6.724
dc_cnn26,sweep_all,Deep Contractive,CNN,synthetic,N,50,current_mixture,0.1,10,1e-12,width,0.0,3,g_ibp,0.9765111725720074,,0.024
dc_cnn26,sweep_all,Deep Contractive,CNN,synthetic,N,50,current_mixture,0.1,10,1e-12,width,0.0,3,a_tau,3.912023005428146,,0.52
dc_cnn26,sweep_all,Deep Contractive,CNN,synthetic,N,50,current_mixture,0.1,10,1e-12,width,0.0,4,margin_hat_min,8.64340877532959,,6.686
dc_cnn26,sweep_all,Deep Contractive,CNN,synthetic,N,50,current_mixture,0.1,10,1e-12,width,0.0,4,d_eff,24.486629491429525,,6.686
dc_cnn26,sweep_all,Deep Contractive,CNN,synthetic,N,50,current_mixture,0.1,10,1e-12,width,0.0,4,g_ibp,0.976511125922305,,0.013
dc_cnn26,sweep_all,Deep Contractive,CNN,synthetic,N,50,current_mixture,0.1,10,1e-12,width,0.0,4,a_tau,3.912023005428146,,0.465
dc_cnn26,sweep_all,Deep Contractive,CNN,synthetic,N,50,current_mixture,0.1,10,1e-12,width,0.0,5,margin_hat_min,8.643387794494629,,7.287
dc_cnn26,sweep_all,Deep Contractive,CNN,synthetic,N,50,current_mixture,0.1,10,1e-12,width,0.0,5,d_eff,22.093945978669694,,7.287
dc_cnn26,sweep_all,Deep Contractive,CNN,synthetic,N,50,current_mixture,0.1,10,1e-12,width,0.0,5,g_ibp,0.9765110689057507,,0.023
dc_cnn26,sweep_all,Deep Contractive,CNN,synthetic,N,50,current_mixture,0.1,10,1e-12,width,0.0,5,a_tau,3.912023005428146,,0.411
dc_cnn26,sweep_all,Deep Contractive,CNN,synthetic,N,50,current_mixture,0.1,10,1e-12,width,0.0,6,margin_hat_min,8.643426895141602,,7.486
dc_cnn26,sweep_all,Deep Contractive,CNN,synthetic,N,50,current_mixture,0.1,10,1e-12,width,0.0,6,d_eff,20.40953352139225,,7.486
dc_cnn26,sweep_all,Deep Contractive,CNN,synthetic,N,50,current_mixture,0.1,10,1e-12,width,0.0,6,g_ibp,0.976511175163652,,0.008
dc_cnn26,sweep_all,Deep Contractive,CNN,synthetic,N,50,current_mixture,0.1,10,1e-12,width,0.0,6,a_tau,3.871201010907891,,0.663
dc_cnn26,sweep_all,Deep Contractive,CNN,synthetic,N,50,current_mixture,0.1,10,1e-12,width,0.0,7,margin_hat_min,8.643424987792969,,6.749
dc_cnn26,sweep_all,Deep Contractive,CNN,synthetic,N,50,current_mixture,0.1,10,1e-12,width,0.0,7,d_eff,18.935184312612822,,6.749
dc_cnn26,sweep_all,Deep Contractive,CNN,synthetic,N,50,current_mixture,0.1,10,1e-12,width,0.0,7,g_ibp,0.9765111699803621,,0.007
dc_cnn26,sweep_all,Deep Contractive,CNN,synthetic,N,50,current_mixture,0.1,10,1e-12,width,0.0,7,a_tau,3.912023005428146,,0.516
dc_cnn26,sweep_all,Deep Contractive,CNN,synthetic,N,100,current_mixture,0.1,10,1e-12,width,0.0,0,margin_hat_min,8.643414497375488,,13.842
dc_cnn26,sweep_all,Deep Contractive,CNN,synthetic,N,100,current_mixture,0.1,10,1e-12,width,0.0,0,d_eff,19.68171258761054,,13.842
dc_cnn26,sweep_all,Deep Contractive,CNN,synthetic,N,100,current_mixture,0.1,10,1e-12,width,0.0,0,g_ibp,0.9765111414722264,,0.008
dc_cnn26,sweep_all,Deep Contractive,CNN,synthetic,N,100,current_mixture,0.1,10,1e-12,width,0.0,0,a_tau,4.605170185988092,,0.885
dc_cnn26,sweep_all,Deep Contractive,CNN,synthetic,N,100,current_mixture,0.1,10,1e-12,width,0.0,1,margin_hat_min,8.643392562866211,,13.694
dc_cnn26,sweep_all,Deep Contractive,CNN,synthetic,N,100,current_mixture,0.1,10,1e-12,width,0.0,1,d_eff,19.025863916035682,,13.694
dc_cnn26,sweep_all,Deep Contractive,CNN,synthetic,N,100,current_mixture,0.1,10,1e-12,width,0.0,1,g_ibp,0.9765110818640828,,0.006
dc_cnn26,sweep_all,Deep Contractive,CNN,synthetic,N,100,current_mixture,0.1,10,1e-12,width,0.0,1,a_tau,4.574710978503383,,1.276
dc_cnn26,sweep_all,Deep Contractive,CNN,synthetic,N,100,current_mixture,0.1,10,1e-12,width,0.0,2,margin_hat_min,8.64338493347168,,14.567
dc_cnn26,sweep_all,Deep Contractive,CNN,synthetic,N,100,current_mixture,0.1,10,1e-12,width,0.0,2,d_eff,19.70019076424629,,14.567
dc_cnn26,sweep_all,Deep Contractive,CNN,synthetic,N,100,current_mixture,0.1,10,1e-12,width,0.0,2,g_ibp,0.9765110611307446,,0.018
dc_cnn26,sweep_all,Deep Contractive,CNN,synthetic,N,100,current_mixture,0.1,10,1e-12,width,0.0,2,a_tau,4.59511985013459,,1.181
dc_cnn26,sweep_all,Deep Contractive,CNN,synthetic,N,100,current_mixture,0.1,10,1e-12,width,0.0,3,margin_hat_min,8.643418312072754,,17.812
dc_cnn26,sweep_all,Deep Contractive,CNN,synthetic,N,100,current_mixture,0.1,10,1e-12,width,0.0,3,d_eff,19.336064091656137,,17.812
dc_cnn26,sweep_all,Deep Contractive,CNN,synthetic,N,100,current_mixture,0.1,10,1e-12,width,0.0,3,g_ibp,0.9765111518388292,,0.025
dc_cnn26,sweep_all,Deep Contractive,CNN,synthetic,N,100,current_mixture,0.1,10,1e-12,width,0.0,3,a_tau,4.605170185988092,,1.399
dc_cnn26,sweep_all,Deep Contractive,CNN,synthetic,N,100,current_mixture,0.1,10,1e-12,width,0.0,4,margin_hat_min,8.643379211425781,,16.731
dc_cnn26,sweep_all,Deep Contractive,CNN,synthetic,N,100,current_mixture,0.1,10,1e-12,width,0.0,4,d_eff,21.453389081581246,,16.731
dc_cnn26,sweep_all,Deep Contractive,CNN,synthetic,N,100,current_mixture,0.1,10,1e-12,width,0.0,4,g_ibp,0.9765110455807168,,0.031
dc_cnn26,sweep_all,Deep Contractive,CNN,synthetic,N,100,current_mixture,0.1,10,1e-12,width,0.0,4,a_tau,4.584967478670572,,1.392
dc_cnn26,sweep_all,Deep Contractive,CNN,synthetic,N,100,current_mixture,0.1,10,1e-12,width,0.0,5,margin_hat_min,8.643426895141602,,18.612
dc_cnn26,sweep_all,Deep Contractive,CNN,synthetic,N,100,current_mixture,0.1,10,1e-12,width,0.0,5,d_eff,19.991781344244963,,18.612
dc_cnn26,sweep_all,Deep Contractive,CNN,synthetic,N,100,current_mixture,0.1,10,1e-12,width,0.0,5,g_ibp,0.976511175163652,,0.052
dc_cnn26,sweep_all,Deep Contractive,CNN,synthetic,N,100,current_mixture,0.1,10,1e-12,width,0.0,5,a_tau,4.59511985013459,,1.715
dc_cnn26,sweep_all,Deep Contractive,CNN,synthetic,N,100,current_mixture,0.1,10,1e-12,width,0.0,6,margin_hat_min,8.643410682678223,,18.864
dc_cnn26,sweep_all,Deep Contractive,CNN,synthetic,N,100,current_mixture,0.1,10,1e-12,width,0.0,6,d_eff,21.84761815497353,,18.864
dc_cnn26,sweep_all,Deep Contractive,CNN,synthetic,N,100,current_mixture,0.1,10,1e-12,width,0.0,6,g_ibp,0.9765111311056145,,0.034
dc_cnn26,sweep_all,Deep Contractive,CNN,synthetic,N,100,current_mixture,0.1,10,1e-12,width,0.0,6,a_tau,4.584967478670572,,1.868
dc_cnn26,sweep_all,Deep Contractive,CNN,synthetic,N,100,current_mixture,0.1,10,1e-12,width,0.0,7,margin_hat_min,8.64338207244873,,18.828
dc_cnn26,sweep_all,Deep Contractive,CNN,synthetic,N,100,current_mixture,0.1,10,1e-12,width,0.0,7,d_eff,19.180792981878895,,18.828
dc_cnn26,sweep_all,Deep Contractive,CNN,synthetic,N,100,current_mixture,0.1,10,1e-12,width,0.0,7,g_ibp,0.9765110533557333,,0.031
dc_cnn26,sweep_all,Deep Contractive,CNN,synthetic,N,100,current_mixture,0.1,10,1e-12,width,0.0,7,a_tau,4.59511985013459,,1.725
dc_cnn26,sweep_all,Deep Contractive,CNN,synthetic,N,200,current_mixture,0.1,10,1e-12,width,0.0,0,margin_hat_min,8.643403053283691,,51.618
dc_cnn26,sweep_all,Deep Contractive,CNN,synthetic,N,200,current_mixture,0.1,10,1e-12,width,0.0,0,d_eff,19.469178097251483,,51.618
dc_cnn26,sweep_all,Deep Contractive,CNN,synthetic,N,200,current_mixture,0.1,10,1e-12,width,0.0,0,g_ibp,0.9765111103723632,,0.039
dc_cnn26,sweep_all,Deep Contractive,CNN,synthetic,N,200,current_mixture,0.1,10,1e-12,width,0.0,0,a_tau,5.288267030694535,,3.596
dc_cnn26,sweep_all,Deep Contractive,CNN,synthetic,N,200,current_mixture,0.1,10,1e-12,width,0.0,1,margin_hat_min,8.643383026123047,,56.312
dc_cnn26,sweep_all,Deep Contractive,CNN,synthetic,N,200,current_mixture,0.1,10,1e-12,width,0.0,1,d_eff,19.5229289365324,,56.312
dc_cnn26,sweep_all,Deep Contractive,CNN,synthetic,N,200,current_mixture,0.1,10,1e-12,width,0.0,1,g_ibp,0.9765110559474043,,0.035
dc_cnn26,sweep_all,Deep Contractive,CNN,synthetic,N,200,current_mixture,0.1,10,1e-12,width,0.0,1,a_tau,5.278114659230517,,3.461
dc_cnn26,sweep_all,Deep Contractive,CNN,synthetic,N,200,current_mixture,0.1,10,1e-12,width,0.0,2,margin_hat_min,8.643393516540527,,51.968
dc_cnn26,sweep_all,Deep Contractive,CNN,synthetic,N,200,current_mixture,0.1,10,1e-12,width,0.0,2,d_eff,19.133692775389083,,51.968
dc_cnn26,sweep_all,Deep Contractive,CNN,synthetic,N,200,current_mixture,0.1,10,1e-12,width,0.0,2,g_ibp,0.9765110844557475,,0.039
dc_cnn26,sweep_all,Deep Contractive,CNN,synthetic,N,200,current_mixture,0.1,10,1e-12,width,0.0,2,a_tau,5.288267030694535,,3.341
dc_cnn26,sweep_all,Deep Contractive,CNN,synthetic,N,200,current_mixture,0.1,10,1e-12,width,0.0,3,margin_hat_min,8.643389701843262,,49.242
dc_cnn26,sweep_all,Deep Contractive,CNN,synthetic,N,200,current_mixture,0.1,10,1e-12,width,0.0,3,d_eff,21.04193506902281,,49.242
dc_cnn26,sweep_all,Deep Contractive,CNN,synthetic,N,200,current_mixture,0.1,10,1e-12,width,0.0,3,g_ibp,0.9765110740890852,,0.031
dc_cnn26,sweep_all,Deep Contractive,CNN,synthetic,N,200,current_mixture,0.1,10,1e-12,width,0.0,3,a_tau,5.288267030694535,,3.645
dc_cnn26,sweep_all,Deep Contractive,CNN,synthetic,N,200,current_mixture,0.1,10,1e-12,width,0.0,4,margin_hat_min,8.643369674682617,,57.132
dc_cnn26,sweep_all,Deep Contractive,CNN,synthetic,N,200,current_mixture,0.1,10,1e-12,width,0.0,4,d_eff,21.098321799693522,,57.132
dc_cnn26,sweep_all,Deep Contractive,CNN,synthetic,N,200,current_mixture,0.1,10,1e-12,width,0.0,4,g_ibp,0.9765110196639583,,0.071
dc_cnn26,sweep_all,Deep Contractive,CNN,synthetic,N,200,current_mixture,0.1,10,1e-12,width,0.0,4,a_tau,5.288267030694535,,3.346
dc_cnn26,sweep_all,Deep Contractive,CNN,synthetic,N,200,current_mixture,0.1,10,1e-12,width,0.0,5,margin_hat_min,8.6433744430542,,52.346
dc_cnn26,sweep_all,Deep Contractive,CNN,synthetic,N,200,current_mixture,0.1,10,1e-12,width,0.0,5,d_eff,18.98072480394677,,52.346
dc_cnn26,sweep_all,Deep Contractive,CNN,synthetic,N,200,current_mixture,0.1,10,1e-12,width,0.0,5,g_ibp,0.9765110326223446,,0.064
dc_cnn26,sweep_all,Deep Contractive,CNN,synthetic,N,200,current_mixture,0.1,10,1e-12,width,0.0,5,a_tau,5.288267030694535,,3.672
dc_cnn26,sweep_all,Deep Contractive,CNN,synthetic,N,200,current_mixture,0.1,10,1e-12,width,0.0,6,margin_hat_min,8.643377304077148,,57.764
dc_cnn26,sweep_all,Deep Contractive,CNN,synthetic,N,200,current_mixture,0.1,10,1e-12,width,0.0,6,d_eff,19.220748441907975,,57.764
dc_cnn26,sweep_all,Deep Contractive,CNN,synthetic,N,200,current_mixture,0.1,10,1e-12,width,0.0,6,g_ibp,0.9765110403973697,,0.034
dc_cnn26,sweep_all,Deep Contractive,CNN,synthetic,N,200,current_mixture,0.1,10,1e-12,width,0.0,6,a_tau,5.288267030694535,,4.182
dc_cnn26,sweep_all,Deep Contractive,CNN,synthetic,N,200,current_mixture,0.1,10,1e-12,width,0.0,7,margin_hat_min,8.643376350402832,,65.223
dc_cnn26,sweep_all,Deep Contractive,CNN,synthetic,N,200,current_mixture,0.1,10,1e-12,width,0.0,7,d_eff,19.30252738631985,,65.223
dc_cnn26,sweep_all,Deep Contractive,CNN,synthetic,N,200,current_mixture,0.1,10,1e-12,width,0.0,7,g_ibp,0.9765110378056953,,0.04
dc_cnn26,sweep_all,Deep Contractive,CNN,synthetic,N,200,current_mixture,0.1,10,1e-12,width,0.0,7,a_tau,5.278114659230517,,4.159
dc_cnn26,sweep_all,Deep Contractive,CNN,synthetic,N,400,current_mixture,0.1,10,1e-12,width,0.0,0,margin_hat_min,8.64335823059082,,100.844
dc_cnn26,sweep_all,Deep Contractive,CNN,synthetic,N,400,current_mixture,0.1,10,1e-12,width,0.0,0,d_eff,18.496261877872765,,100.844
dc_cnn26,sweep_all,Deep Contractive,CNN,synthetic,N,400,current_mixture,0.1,10,1e-12,width,0.0,0,g_ibp,0.9765109885637724,,0.117
dc_cnn26,sweep_all,Deep Contractive,CNN,synthetic,N,400,current_mixture,0.1,10,1e-12,width,0.0,0,a_tau,5.981414211254481,,8.677
dc_cnn26,sweep_all,Deep Contractive,CNN,synthetic,N,400,current_mixture,0.1,10,1e-12,width,0.0,1,margin_hat_min,8.643355369567871,,110.02
dc_cnn26,sweep_all,Deep Contractive,CNN,synthetic,N,400,current_mixture,0.1,10,1e-12,width,0.0,1,d_eff,19.984167615193694,,110.02
dc_cnn26,sweep_all,Deep Contractive,CNN,synthetic,N,400,current_mixture,0.1,10,1e-12,width,0.0,1,g_ibp,0.976510980788713,,0.043
dc_cnn26,sweep_all,Deep Contractive,CNN,synthetic,N,400,current_mixture,0.1,10,1e-12,width,0.0,1,a_tau,5.963579343618446,,8.977
dc_cnn26,sweep_all,Deep Contractive,CNN,synthetic,N,400,current_mixture,0.1,10,1e-12,width,0.0,2,margin_hat_min,8.64337158203125,,117.672
dc_cnn26,sweep_all,Deep Contractive,CNN,synthetic,N,400,current_mixture,0.1,10,1e-12,width,0.0,2,d_eff,19.768119586018198,,117.672
dc_cnn26,sweep_all,Deep Contractive,CNN,synthetic,N,400,current_mixture,0.1,10,1e-12,width,0.0,2,g_ibp,0.9765110248473146,,0.031
dc_cnn26,sweep_all,Deep Contractive,CNN,synthetic,N,400,current_mixture,0.1,10,1e-12,width,0.0,2,a_tau,5.966146739123692,,9.833
dc_cnn26,sweep_all,Deep Contractive,CNN,synthetic,N,400,current_mixture,0.1,10,1e-12,width,0.0,3,margin_hat_min,8.643349647521973,,101.171
dc_cnn26,sweep_all,Deep Contractive,CNN,synthetic,N,400,current_mixture,0.1,10,1e-12,width,0.0,3,d_eff,20.30101440331823,,101.171
dc_cnn26,sweep_all,Deep Contractive,CNN,synthetic,N,400,current_mixture,0.1,10,1e-12,width,0.0,3,g_ibp,0.9765109652385789,,0.033
dc_cnn26,sweep_all,Deep Contractive,CNN,synthetic,N,400,current_mixture,0.1,10,1e-12,width,0.0,3,a_tau,5.986452005284438,,4.266
dc_cnn26,sweep_all,Deep Contractive,CNN,synthetic,N,400,current_mixture,0.1,10,1e-12,width,0.0,4,margin_hat_min,8.643349647521973,,117.312
dc_cnn26,sweep_all,Deep Contractive,CNN,synthetic,N,400,current_mixture,0.1,10,1e-12,width,0.0,4,d_eff,20.11700242087513,,117.312
dc_cnn26,sweep_all,Deep Contractive,CNN,synthetic,N,400,current_mixture,0.1,10,1e-12,width,0.0,4,g_ibp,0.9765109652385789,,0.055
dc_cnn26,sweep_all,Deep Contractive,CNN,synthetic,N,400,current_mixture,0.1,10,1e-12,width,0.0,4,a_tau,5.983936280687191,,8.969
dc_cnn26,sweep_all,Deep Contractive,CNN,synthetic,N,400,current_mixture,0.1,10,1e-12,width,0.0,5,margin_hat_min,8.643367767333984,,106.797
dc_cnn26,sweep_all,Deep Contractive,CNN,synthetic,N,400,current_mixture,0.1,10,1e-12,width,0.0,5,d_eff,18.34780658349373,,106.797
dc_cnn26,sweep_all,Deep Contractive,CNN,synthetic,N,400,current_mixture,0.1,10,1e-12,width,0.0,5,g_ibp,0.9765110144805996,,0.021
dc_cnn26,sweep_all,Deep Contractive,CNN,synthetic,N,400,current_mixture,0.1,10,1e-12,width,0.0,5,a_tau,5.976350909297934,,4.29
dc_cnn26,sweep_all,Deep Contractive,CNN,synthetic,N,400,current_mixture,0.1,10,1e-12,width,0.0,6,margin_hat_min,8.643370628356934,,123.653
dc_cnn26,sweep_all,Deep Contractive,CNN,synthetic,N,400,current_mixture,0.1,10,1e-12,width,0.0,6,d_eff,18.954837311660047,,123.653
dc_cnn26,sweep_all,Deep Contractive,CNN,synthetic,N,400,current_mixture,0.1,10,1e-12,width,0.0,6,g_ibp,0.9765110222556367,,0.052
dc_cnn26,sweep_all,Deep Contractive,CNN,synthetic,N,400,current_mixture,0.1,10,1e-12,width,0.0,6,a_tau,5.973809611869261,,10.904
dc_cnn26,sweep_all,Deep Contractive,CNN,synthetic,N,400,current_mixture,0.1,10,1e-12,width,0.0,7,margin_hat_min,8.643362045288086,,118.522
dc_cnn26,sweep_all,Deep Contractive,CNN,synthetic,N,400,current_mixture,0.1,10,1e-12,width,0.0,7,d_eff,19.67851864885364,,118.522
dc_cnn26,sweep_all,Deep Contractive,CNN,synthetic,N,400,current_mixture,0.1,10,1e-12,width,0.0,7,g_ibp,0.9765109989305102,,0.055
dc_cnn26,sweep_all,Deep Contractive,CNN,synthetic,N,400,current_mixture,0.1,10,1e-12,width,0.0,7,a_tau,5.971261839790462,,10.46
dc_cnn26,sweep_all,Deep Contractive,CNN,synthetic,N,800,current_mixture,0.1,10,1e-12,width,0.0,0,margin_hat_min,8.643365859985352,,177.101
dc_cnn26,sweep_all,Deep Contractive,CNN,synthetic,N,800,current_mixture,0.1,10,1e-12,width,0.0,0,d_eff,19.022288141970815,,177.101
dc_cnn26,sweep_all,Deep Contractive,CNN,synthetic,N,800,current_mixture,0.1,10,1e-12,width,0.0,0,g_ibp,0.9765110092972388,,0.118
dc_cnn26,sweep_all,Deep Contractive,CNN,synthetic,N,800,current_mixture,0.1,10,1e-12,width,0.0,0,a_tau,6.672032945461067,,22.343
dc_cnn26,sweep_all,Deep Contractive,CNN,synthetic,N,800,current_mixture,0.1,10,1e-12,width,0.0,1,margin_hat_min,8.643363952636719,,142.503
dc_cnn26,sweep_all,Deep Contractive,CNN,synthetic,N,800,current_mixture,0.1,10,1e-12,width,0.0,1,d_eff,18.62616289098355,,142.503
dc_cnn26,sweep_all,Deep Contractive,CNN,synthetic,N,800,current_mixture,0.1,10,1e-12,width,0.0,1,g_ibp,0.9765110041138756,,0.057
dc_cnn26,sweep_all,Deep Contractive,CNN,synthetic,N,800,current_mixture,0.1,10,1e-12,width,0.0,1,a_tau,6.655440350367647,,18.108
dc_cnn26,sweep_all,Deep Contractive,CNN,synthetic,N,800,current_mixture,0.1,10,1e-12,width,0.0,2,margin_hat_min,8.643357276916504,,160.625
dc_cnn26,sweep_all,Deep Contractive,CNN,synthetic,N,800,current_mixture,0.1,10,1e-12,width,0.0,2,d_eff,18.43453696259,,160.625
dc_cnn26,sweep_all,Deep Contractive,CNN,synthetic,N,800,current_mixture,0.1,10,1e-12,width,0.0,2,g_ibp,0.9765109859720865,,0.073
dc_cnn26,sweep_all,Deep Contractive,CNN,synthetic,N,800,current_mixture,0.1,10,1e-12,width,0.0,2,a_tau,6.665683717782408,,19.522
dc_cnn26,sweep_all,Deep Contractive,CNN,synthetic,N,800,current_mixture,0.1,10,1e-12,width,0.0,3,margin_hat_min,8.64336109161377,,202.621
dc_cnn26,sweep_all,Deep Contractive,CNN,synthetic,N,800,current_mixture,0.1,10,1e-12,width,0.0,3,d_eff,19.735196683234122,,202.621
dc_cnn26,sweep_all,Deep Contractive,CNN,synthetic,N,800,current_mixture,0.1,10,1e-12,width,0.0,3,g_ibp,0.9765109963388265,,0.027
dc_cnn26,sweep_all,Deep Contractive,CNN,synthetic,N,800,current_mixture,0.1,10,1e-12,width,0.0,3,a_tau,6.672032945461067,,14.524
dc_cnn26,sweep_all,Deep Contractive,CNN,synthetic,N,800,current_mixture,0.1,10,1e-12,width,0.0,4,margin_hat_min,8.643356323242188,,144.814
dc_cnn26,sweep_all,Deep Contractive,CNN,synthetic,N,800,current_mixture,0.1,10,1e-12,width,0.0,4,d_eff,19.339964900083437,,144.814
dc_cnn26,sweep_all,Deep Contractive,CNN,synthetic,N,800,current_mixture,0.1,10,1e-12,width,0.0,4,g_ibp,0.9765109833804001,,0.063
dc_cnn26,sweep_all,Deep Contractive,CNN,synthetic,N,800,current_mixture,0.1,10,1e-12,width,0.0,4,a_tau,6.674561391814426,,21.522
dc_cnn26,sweep_all,Deep Contractive,CNN,synthetic,N,800,current_mixture,0.1,10,1e-12,width,0.0,5,margin_hat_min,8.643363952636719,,192.261
dc_cnn26,sweep_all,Deep Contractive,CNN,synthetic,N,800,current_mixture,0.1,10,1e-12,width,0.0,5,d_eff,18.41986563836192,,192.261
dc_cnn26,sweep_all,Deep Contractive,CNN,synthetic,N,800,current_mixture,0.1,10,1e-12,width,0.0,5,g_ibp,0.9765110041138756,,0.103
dc_cnn26,sweep_all,Deep Contractive,CNN,synthetic,N,800,current_mixture,0.1,10,1e-12,width,0.0,5,a_tau,6.669498089857879,,20.957
dc_cnn26,sweep_all,Deep Contractive,CNN,synthetic,N,800,current_mixture,0.1,10,1e-12,width,0.0,6,margin_hat_min,8.643367767333984,,159.326
dc_cnn26,sweep_all,Deep Contractive,CNN,synthetic,N,800,current_mixture,0.1,10,1e-12,width,0.0,6,d_eff,18.552540241925833,,159.326
dc_cnn26,sweep_all,Deep Contractive,CNN,synthetic,N,800,current_mixture,0.1,10,1e-12,width,0.0,6,g_ibp,0.9765110144805996,,0.081
dc_cnn26,sweep_all,Deep Contractive,CNN,synthetic,N,800,current_mixture,0.1,10,1e-12,width,0.0,6,a_tau,6.661854740545311,,19.693
dc_cnn26,sweep_all,Deep Contractive,CNN,synthetic,N,800,current_mixture,0.1,10,1e-12,width,0.0,7,margin_hat_min,8.64336109161377,,212.325
dc_cnn26,sweep_all,Deep Contractive,CNN,synthetic,N,800,current_mixture,0.1,10,1e-12,width,0.0,7,d_eff,18.719464661005357,,212.325
dc_cnn26,sweep_all,Deep Contractive,CNN,synthetic,N,800,current_mixture,0.1,10,1e-12,width,0.0,7,g_ibp,0.9765109963388265,,0.094
dc_cnn26,sweep_all,Deep Contractive,CNN,synthetic,N,800,current_mixture,0.1,10,1e-12,width,0.0,7,a_tau,6.668228248417403,,19.561
dc_cnn26,sweep_all,Deep Contractive,CNN,synthetic,N,1600,current_mixture,0.1,10,1e-12,width,0.0,0,margin_hat_min,8.643357276916504,,300.006
dc_cnn26,sweep_all,Deep Contractive,CNN,synthetic,N,1600,current_mixture,0.1,10,1e-12,width,0.0,0,d_eff,19.11294823738864,,300.006
dc_cnn26,sweep_all,Deep Contractive,CNN,synthetic,N,1600,current_mixture,0.1,10,1e-12,width,0.0,0,g_ibp,0.9765109859720865,,0.069
dc_cnn26,sweep_all,Deep Contractive,CNN,synthetic,N,1600,current_mixture,0.1,10,1e-12,width,0.0,0,a_tau,7.357556200910353,,33.284
dc_cnn26,sweep_all,Deep Contractive,CNN,synthetic,N,1600,current_mixture,0.1,10,1e-12,width,0.0,1,margin_hat_min,8.643335342407227,,274.335
dc_cnn26,sweep_all,Deep Contractive,CNN,synthetic,N,1600,current_mixture,0.1,10,1e-12,width,0.0,1,d_eff,18.849041967309336,,274.335
dc_cnn26,sweep_all,Deep Contractive,CNN,synthetic,N,1600,current_mixture,0.1,10,1e-12,width,0.0,1,g_ibp,0.9765109263631536,,0.071
dc_cnn26,sweep_all,Deep Contractive,CNN,synthetic,N,1600,current_mixture,0.1,10,1e-12,width,0.0,1,a_tau,7.351158226430694,,77.718
dc_cnn26,sweep_all,Deep Contractive,CNN,synthetic,N,1600,current_mixture,0.1,10,1e-12,width,0.0,2,margin_hat_min,8.643355369567871,,299.589
dc_cnn26,sweep_all,Deep Contractive,CNN,synthetic,N,1600,current_mixture,0.1,10,1e-12,width,0.0,2,d_eff,18.9739028478865,,299.589
dc_cnn26,sweep_all,Deep Contractive,CNN,synthetic,N,1600,current_mixture,0.1,10,1e-12,width,0.0,2,g_ibp,0.976510980788713,,0.104
dc_cnn26,sweep_all,Deep Contractive,CNN,synthetic,N,1600,current_mixture,0.1,10,1e-12,width,0.0,2,a_tau,7.356279876550748,,50.487
dc_cnn26,sweep_all,Deep Contractive,CNN,synthetic,N,1600,current_mixture,0.1,10,1e-12,width,0.0,3,margin_hat_min,8.643354415893555,,370.155
dc_cnn26,sweep_all,Deep Contractive,CNN,synthetic,N,1600,current_mixture,0.1,10,1e-12,width,0.0,3,d_eff,19.49634131505188,,370.155
dc_cnn26,sweep_all,Deep Contractive,CNN,synthetic,N,1600,current_mixture,0.1,10,1e-12,width,0.0,3,g_ibp,0.9765109781970255,,0.064
dc_cnn26,sweep_all,Deep Contractive,CNN,synthetic,N,1600,current_mixture,0.1,10,1e-12,width,0.0,3,a_tau,7.355001921105257,,30.263
dc_cnn26,sweep_all,Deep Contractive,CNN,synthetic,N,1600,current_mixture,0.1,10,1e-12,width,0.0,4,margin_hat_min,8.643360137939453,,281.886
dc_cnn26,sweep_all,Deep Contractive,CNN,synthetic,N,1600,current_mixture,0.1,10,1e-12,width,0.0,4,d_eff,18.61845972095577,,281.886
dc_cnn26,sweep_all,Deep Contractive,CNN,synthetic,N,1600,current_mixture,0.1,10,1e-12,width,0.0,4,g_ibp,0.9765109937471425,,0.094
dc_cnn26,sweep_all,Deep Contractive,CNN,synthetic,N,1600,current_mixture,0.1,10,1e-12,width,0.0,4,a_tau,7.362645270417825,,73.815
dc_cnn26,sweep_all,Deep Contractive,CNN,synthetic,N,1600,current_mixture,0.1,10,1e-12,width,0.0,5,margin_hat_min,8.643350601196289,,299.939
dc_cnn26,sweep_all,Deep Contractive,CNN,synthetic,N,1600,current_mixture,0.1,10,1e-12,width,0.0,5,d_eff,18.356077160380043,,299.939
dc_cnn26,sweep_all,Deep Contractive,CNN,synthetic,N,1600,current_mixture,0.1,10,1e-12,width,0.0,5,g_ibp,0.9765109678302694,,0.043
dc_cnn26,sweep_all,Deep Contractive,CNN,synthetic,N,1600,current_mixture,0.1,10,1e-12,width,0.0,5,a_tau,7.357556200910353,,24.736
dc_cnn26,sweep_all,Deep Contractive,CNN,synthetic,N,1600,current_mixture,0.1,10,1e-12,width,0.0,6,margin_hat_min,8.643359184265137,,299.981
dc_cnn26,sweep_all,Deep Contractive,CNN,synthetic,N,1600,current_mixture,0.1,10,1e-12,width,0.0,6,d_eff,18.971828517116393,,299.981
dc_cnn26,sweep_all,Deep Contractive,CNN,synthetic,N,1600,current_mixture,0.1,10,1e-12,width,0.0,6,g_ibp,0.9765109911554577,,0.046
dc_cnn26,sweep_all,Deep Contractive,CNN,synthetic,N,1600,current_mixture,0.1,10,1e-12,width,0.0,6,a_tau,7.351799869057777,,33.672
dc_cnn26,sweep_all,Deep Contractive,CNN,synthetic,N,1600,current_mixture,0.1,10,1e-12,width,0.0,7,margin_hat_min,8.643330574035645,,299.98
dc_cnn26,sweep_all,Deep Contractive,CNN,synthetic,N,1600,current_mixture,0.1,10,1e-12,width,0.0,7,d_eff,18.94093535187776,,299.98
dc_cnn26,sweep_all,Deep Contractive,CNN,synthetic,N,1600,current_mixture,0.1,10,1e-12,width,0.0,7,g_ibp,0.9765109134046499,,0.009
dc_cnn26,sweep_all,Deep Contractive,CNN,synthetic,N,1600,current_mixture,0.1,10,1e-12,width,0.0,7,a_tau,7.358193752733032,,26.925
dc_cnn25,sweep_all,Deep Contractive,CNN,synthetic,N,50,current_mixture,0.1,10,1e-12,width,0.0,0,margin_hat_min,10.468145370483398,,24.63
dc_cnn25,sweep_all,Deep Contractive,CNN,synthetic,N,50,current_mixture,0.1,10,1e-12,width,0.0,0,d_eff,21.724553385391353,,24.63
dc_cnn25,sweep_all,Deep Contractive,CNN,synthetic,N,50,current_mixture,0.1,10,1e-12,width,0.0,0,g_ibp,0.9850381522506025,,0.069
dc_cnn25,sweep_all,Deep Contractive,CNN,synthetic,N,50,current_mixture,0.1,10,1e-12,width,0.0,0,a_tau,3.912023005428146,,2.01
dc_cnn25,sweep_all,Deep Contractive,CNN,synthetic,N,50,current_mixture,0.1,10,1e-12,width,0.0,1,margin_hat_min,10.468146324157715,,25.993
dc_cnn25,sweep_all,Deep Contractive,CNN,synthetic,N,50,current_mixture,0.1,10,1e-12,width,0.0,1,d_eff,22.10820668374958,,25.993
dc_cnn25,sweep_all,Deep Contractive,CNN,synthetic,N,50,current_mixture,0.1,10,1e-12,width,0.0,1,g_ibp,0.9850381536136643,,0.071
dc_cnn25,sweep_all,Deep Contractive,CNN,synthetic,N,50,current_mixture,0.1,10,1e-12,width,0.0,1,a_tau,3.912023005428146,,2.337
dc_cnn25,sweep_all,Deep Contractive,CNN,synthetic,N,50,current_mixture,0.1,10,1e-12,width,0.0,2,margin_hat_min,10.468143463134766,,25.479
dc_cnn25,sweep_all,Deep Contractive,CNN,synthetic,N,50,current_mixture,0.1,10,1e-12,width,0.0,2,d_eff,24.72299107787146,,25.479
dc_cnn25,sweep_all,Deep Contractive,CNN,synthetic,N,50,current_mixture,0.1,10,1e-12,width,0.0,2,g_ibp,0.9850381495244782,,0.065
dc_cnn25,sweep_all,Deep Contractive,CNN,synthetic,N,50,current_mixture,0.1,10,1e-12,width,0.0,2,a_tau,3.912023005428146,,1.994
dc_cnn25,sweep_all,Deep Contractive,CNN,synthetic,N,50,current_mixture,0.1,10,1e-12,width,0.0,3,margin_hat_min,10.468147277832031,,25.235
dc_cnn25,sweep_all,Deep Contractive,CNN,synthetic,N,50,current_mixture,0.1,10,1e-12,width,0.0,3,d_eff,22.72051763960641,,25.235
dc_cnn25,sweep_all,Deep Contractive,CNN,synthetic,N,50,current_mixture,0.1,10,1e-12,width,0.0,3,g_ibp,0.9850381549767258,,0.035
dc_cnn25,sweep_all,Deep Contractive,CNN,synthetic,N,50,current_mixture,0.1,10,1e-12,width,0.0,3,a_tau,3.912023005428146,,1.955
dc_cnn25,sweep_all,Deep Contractive,CNN,synthetic,N,50,current_mixture,0.1,10,1e-12,width,0.0,4,margin_hat_min,10.468135833740234,,15.695
dc_cnn25,sweep_all,Deep Contractive,CNN,synthetic,N,50,current_mixture,0.1,10,1e-12,width,0.0,4,d_eff,23.228269111576648,,15.695
dc_cnn25,sweep_all,Deep Contractive,CNN,synthetic,N,50,current_mixture,0.1,10,1e-12,width,0.0,4,g_ibp,0.9850381386199712,,0.008
dc_cnn25,sweep_all,Deep Contractive,CNN,synthetic,N,50,current_mixture,0.1,10,1e-12,width,0.0,4,a_tau,3.912023005428146,,1.135
dc_cnn25,sweep_all,Deep Contractive,CNN,synthetic,N,50,current_mixture,0.1,10,1e-12,width,0.0,5,margin_hat_min,10.46812629699707,,21.452
dc_cnn25,sweep_all,Deep Contractive,CNN,synthetic,N,50,current_mixture,0.1,10,1e-12,width,0.0,5,d_eff,23.28389471741746,,21.452
dc_cnn25,sweep_all,Deep Contractive,CNN,synthetic,N,50,current_mixture,0.1,10,1e-12,width,0.0,5,g_ibp,0.9850381249893152,,0.022
dc_cnn25,sweep_all,Deep Contractive,CNN,synthetic,N,50,current_mixture,0.1,10,1e-12,width,0.0,5,a_tau,3.912023005428146,,0.769
dc_cnn25,sweep_all,Deep Contractive,CNN,synthetic,N,50,current_mixture,0.1,10,1e-12,width,0.0,6,margin_hat_min,10.468147277832031,,22.18
dc_cnn25,sweep_all,Deep Contractive,CNN,synthetic,N,50,current_mixture,0.1,10,1e-12,width,0.0,6,d_eff,26.05328214904105,,22.18
dc_cnn25,sweep_all,Deep Contractive,CNN,synthetic,N,50,current_mixture,0.1,10,1e-12,width,0.0,6,g_ibp,0.9850381549767258,,0.007
dc_cnn25,sweep_all,Deep Contractive,CNN,synthetic,N,50,current_mixture,0.1,10,1e-12,width,0.0,6,a_tau,3.912023005428146,,0.937
dc_cnn25,sweep_all,Deep Contractive,CNN,synthetic,N,50,current_mixture,0.1,10,1e-12,width,0.0,7,margin_hat_min,10.468132019042969,,24.428
dc_cnn25,sweep_all,Deep Contractive,CNN,synthetic,N,50,current_mixture,0.1,10,1e-12,width,0.0,7,d_eff,24.680500765277785,,24.428
dc_cnn25,sweep_all,Deep Contractive,CNN,synthetic,N,50,current_mixture,0.1,10,1e-12,width,0.0,7,g_ibp,0.9850381331677118,,0.063
dc_cnn25,sweep_all,Deep Contractive,CNN,synthetic,N,50,current_mixture,0.1,10,1e-12,width,0.0,7,a_tau,3.912023005428146,,1.985
dc_cnn25,sweep_all,Deep Contractive,CNN,synthetic,N,100,current_mixture,0.1,10,1e-12,width,0.0,0,margin_hat_min,10.468130111694336,,44.106
dc_cnn25,sweep_all,Deep Contractive,CNN,synthetic,N,100,current_mixture,0.1,10,1e-12,width,0.0,0,d_eff,22.626826903223392,,44.106
dc_cnn25,sweep_all,Deep Contractive,CNN,synthetic,N,100,current_mixture,0.1,10,1e-12,width,0.0,0,g_ibp,0.9850381304415806,,0.03
dc_cnn25,sweep_all,Deep Contractive,CNN,synthetic,N,100,current_mixture,0.1,10,1e-12,width,0.0,0,a_tau,4.605170185988092,,2.33
dc_cnn25,sweep_all,Deep Contractive,CNN,synthetic,N,100,current_mixture,0.1,10,1e-12,width,0.0,1,margin_hat_min,10.468149185180664,,35.501
dc_cnn25,sweep_all,Deep Contractive,CNN,synthetic,N,100,current_mixture,0.1,10,1e-12,width,0.0,1,d_eff,21.494243644637784,,35.501
dc_cnn25,sweep_all,Deep Contractive,CNN,synthetic,N,100,current_mixture,0.1,10,1e-12,width,0.0,1,g_ibp,0.9850381577028481,,0.053
dc_cnn25,sweep_all,Deep Contractive,CNN,synthetic,N,100,current_mixture,0.1,10,1e-12,width,0.0,1,a_tau,4.605170185988092,,3.303
dc_cnn25,sweep_all,Deep Contractive,CNN,synthetic,N,100,current_mixture,0.1,10,1e-12,width,0.0,2,margin_hat_min,10.468137741088867,,44.194
dc_cnn25,sweep_all,Deep Contractive,CNN,synthetic,N,100,current_mixture,0.1,10,1e-12,width,0.0,2,d_eff,23.139089691732874,,44.194
dc_cnn25,sweep_all,Deep Contractive,CNN,synthetic,N,100,current_mixture,0.1,10,1e-12,width,0.0,2,g_ibp,0.9850381413460995,,0.071
dc_cnn25,sweep_all,Deep Contractive,CNN,synthetic,N,100,current_mixture,0.1,10,1e-12,width,0.0,2,a_tau,4.605170185988092,,3.657
dc_cnn25,sweep_all,Deep Contractive,CNN,synthetic,N,100,current_mixture,0.1,10,1e-12,width,0.0,3,margin_hat_min,10.468117713928223,,26.998
dc_cnn25,sweep_all,Deep Contractive,CNN,synthetic,N,100,current_mixture,0.1,10,1e-12,width,0.0,3,d_eff,22.733066138020067,,26.998
dc_cnn25,sweep_all,Deep Contractive,CNN,synthetic,N,100,current_mixture,0.1,10,1e-12,width,0.0,3,g_ibp,0.9850381127217035,,0.034
dc_cnn25,sweep_all,Deep Contractive,CNN,synthetic,N,100,current_mixture,0.1,10,1e-12,width,0.0,3,a_tau,4.605170185988092,,2.635
dc_cnn25,sweep_all,Deep Contractive,CNN,synthetic,N,100,current_mixture,0.1,10,1e-12,width,0.0,4,margin_hat_min,10.468125343322754,,44.987
dc_cnn25,sweep_all,Deep Contractive,CNN,synthetic,N,100,current_mixture,0.1,10,1e-12,width,0.0,4,d_eff,23.17334466629067,,44.987
dc_cnn25,sweep_all,Deep Contractive,CNN,synthetic,N,100,current_mixture,0.1,10,1e-12,width,0.0,4,g_ibp,0.9850381236262482,,0.039
dc_cnn25,sweep_all,Deep Contractive,CNN,synthetic,N,100,current_mixture,0.1,10,1e-12,width,0.0,4,a_tau,4.605170185988092,,3.772
dc_cnn25,sweep_all,Deep Contractive,CNN,synthetic,N,100,current_mixture,0.1,10,1e-12,width,0.0,5,margin_hat_min,10.468144416809082,,44.14
dc_cnn25,sweep_all,Deep Contractive,CNN,synthetic,N,100,current_mixture,0.1,10,1e-12,width,0.0,5,d_eff,25.5631364650262,,44.14
dc_cnn25,sweep_all,Deep Contractive,CNN,synthetic,N,100,current_mixture,0.1,10,1e-12,width,0.0,5,g_ibp,0.9850381508875405,,0.035
dc_cnn25,sweep_all,Deep Contractive,CNN,synthetic,N,100,current_mixture,0.1,10,1e-12,width,0.0,5,a_tau,4.605170185988092,,3.527
dc_cnn25,sweep_all,Deep Contractive,CNN,synthetic,N,100,current_mixture,0.1,10,1e-12,width,0.0,6,margin_hat_min,10.468124389648438,,41.797
dc_cnn25,sweep_all,Deep Contractive,CNN,synthetic,N,100,current_mixture,0.1,10,1e-12,width,0.0,6,d_eff,24.449609659583377,,41.797
dc_cnn25,sweep_all,Deep Contractive,CNN,synthetic,N,100,current_mixture,0.1,10,1e-12,width,0.0,6,g_ibp,0.985038122263181,,0.061
dc_cnn25,sweep_all,Deep Contractive,CNN,synthetic,N,100,current_mixture,0.1,10,1e-12,width,0.0,6,a_tau,4.605170185988092,,3.469
dc_cnn25,sweep_all,Deep Contractive,CNN,synthetic,N,100,current_mixture,0.1,10,1e-12,width,0.0,7,margin_hat_min,10.468120574951172,,42.368
dc_cnn25,sweep_all,Deep Contractive,CNN,synthetic,N,100,current_mixture,0.1,10,1e-12,width,0.0,7,d_eff,23.062788366343046,,42.368
dc_cnn25,sweep_all,Deep Contractive,CNN,synthetic,N,100,current_mixture,0.1,10,1e-12,width,0.0,7,g_ibp,0.9850381168109097,,0.056
dc_cnn25,sweep_all,Deep Contractive,CNN,synthetic,N,100,current_mixture,0.1,10,1e-12,width,0.0,7,a_tau,4.605170185988092,,3.498
dc_cnn25,sweep_all,Deep Contractive,CNN,synthetic,N,200,current_mixture,0.1,10,1e-12,width,0.0,0,margin_hat_min,10.468109130859375,,94.164
dc_cnn25,sweep_all,Deep Contractive,CNN,synthetic,N,200,current_mixture,0.1,10,1e-12,width,0.0,0,d_eff,21.000700908163196,,94.164
dc_cnn25,sweep_all,Deep Contractive,CNN,synthetic,N,200,current_mixture,0.1,10,1e-12,width,0.0,0,g_ibp,0.9850381004540717,,0.067
dc_cnn25,sweep_all,Deep Contractive,CNN,synthetic,N,200,current_mixture,0.1,10,1e-12,width,0.0,0,a_tau,5.298317366548036,,6.56
dc_cnn25,sweep_all,Deep Contractive,CNN,synthetic,N,200,current_mixture,0.1,10,1e-12,width,0.0,1,margin_hat_min,10.468103408813477,,97.455
dc_cnn25,sweep_all,Deep Contractive,CNN,synthetic,N,200,current_mixture,0.1,10,1e-12,width,0.0,1,d_eff,22.794493229607752,,97.455
dc_cnn25,sweep_all,Deep Contractive,CNN,synthetic,N,200,current_mixture,0.1,10,1e-12,width,0.0,1,g_ibp,0.9850380922756393,,0.094
dc_cnn25,sweep_all,Deep Contractive,CNN,synthetic,N,200,current_mixture,0.1,10,1e-12,width,0.0,1,a_tau,5.298317366548036,,6.128
dc_cnn25,sweep_all,Deep Contractive,CNN,synthetic,N,200,current_mixture,0.1,10,1e-12,width,0.0,2,margin_hat_min,10.468119621276855,,101.206
dc_cnn25,sweep_all,Deep Contractive,CNN,synthetic,N,200,current_mixture,0.1,10,1e-12,width,0.0,2,d_eff,22.35422554556627,,101.206
dc_cnn25,sweep_all,Deep Contractive,CNN,synthetic,N,200,current_mixture,0.1,10,1e-12,width,0.0,2,g_ibp,0.9850381154478411,,0.071
dc_cnn25,sweep_all,Deep Contractive,CNN,synthetic,N,200,current_mixture,0.1,10,1e-12,width,0.0,2,a_tau,5.298317366548036,,6.658
dc_cnn25,sweep_all,Deep Contractive,CNN,synthetic,N,200,current_mixture,0.1,10,1e-12,width,0.0,3,margin_hat_min,10.468116760253906,,97.744
dc_cnn25,sweep_all,Deep Contractive,CNN,synthetic,N,200,current_mixture,0.1,10,1e-12,width,0.0,3,d_eff,21.133870898999657,,97.744
dc_cnn25,sweep_all,Deep Contractive,CNN,synthetic,N,200,current_mixture,0.1,10,1e-12,width,0.0,3,g_ibp,0.9850381113586343,,0.066
dc_cnn25,sweep_all,Deep Contractive,CNN,synthetic,N,200,current_mixture,0.1,10,1e-12,width,0.0,3,a_tau,5.298317366548036,,6.753
dc_cnn25,sweep_all,Deep Contractive,CNN,synthetic,N,200,current_mixture,0.1,10,1e-12,width,0.0,4,margin_hat_min,10.468124389648438,,102.466
dc_cnn25,sweep_all,Deep Contractive,CNN,synthetic,N,200,current_mixture,0.1,10,1e-12,width,0.0,4,d_eff,22.102930865028792,,102.466
dc_cnn25,sweep_all,Deep Contractive,CNN,synthetic,N,200,current_mixture,0.1,10,1e-12,width,0.0,4,g_ibp,0.985038122263181,,0.039
dc_cnn25,sweep_all,Deep Contractive,CNN,synthetic,N,200,current_mixture,0.1,10,1e-12,width,0.0,4,a_tau,5.298317366548036,,6.991
dc_cnn25,sweep_all,Deep Contractive,CNN,synthetic,N,200,current_mixture,0.1,10,1e-12,width,0.0,5,margin_hat_min,10.46811580657959,,82.581
dc_cnn25,sweep_all,Deep Contractive,CNN,synthetic,N,200,current_mixture,0.1,10,1e-12,width,0.0,5,d_eff,22.119019880450047,,82.581
dc_cnn25,sweep_all,Deep Contractive,CNN,synthetic,N,200,current_mixture,0.1,10,1e-12,width,0.0,5,g_ibp,0.9850381099955648,,0.047
dc_cnn25,sweep_all,Deep Contractive,CNN,synthetic,N,200,current_mixture,0.1,10,1e-12,width,0.0,5,a_tau,5.298317366548036,,5.613
dc_cnn25,sweep_all,Deep Contractive,CNN,synthetic,N,200,current_mixture,0.1,10,1e-12,width,0.0,6,margin_hat_min,10.468111991882324,,97.171
dc_cnn25,sweep_all,Deep Contractive,CNN,synthetic,N,200,current_mixture,0.1,10,1e-12,width,0.0,6,d_eff,21.982887502691646,,97.171
dc_cnn25,sweep_all,Deep Contractive,CNN,synthetic,N,200,current_mixture,0.1,10,1e-12,width,0.0,6,g_ibp,0.9850381045432846,,0.08
dc_cnn25,sweep_all,Deep Contractive,CNN,synthetic,N,200,current_mixture,0.1,10,1e-12,width,0.0,6,a_tau,5.298317366548036,,6.997
dc_cnn25,sweep_all,Deep Contractive,CNN,synthetic,N,200,current_mixture,0.1,10,1e-12,width,0.0,7,margin_hat_min,10.468122482299805,,89.384
dc_cnn25,sweep_all,Deep Contractive,CNN,synthetic,N,200,current_mixture,0.1,10,1e-12,width,0.0,7,d_eff,23.110533202712485,,89.384
dc_cnn25,sweep_all,Deep Contractive,CNN,synthetic,N,200,current_mixture,0.1,10,1e-12,width,0.0,7,g_ibp,0.9850381195370458,,0.043
dc_cnn25,sweep_all,Deep Contractive,CNN,synthetic,N,200,current_mixture,0.1,10,1e-12,width,0.0,7,a_tau,5.298317366548036,,6.842
dc_cnn25,sweep_all,Deep Contractive,CNN,synthetic,N,400,current_mixture,0.1,10,1e-12,width,0.0,0,margin_hat_min,10.468097686767578,,151.223
dc_cnn25,sweep_all,Deep Contractive,CNN,synthetic,N,400,current_mixture,0.1,10,1e-12,width,0.0,0,d_eff,21.691728858144184,,151.223
dc_cnn25,sweep_all,Deep Contractive,CNN,synthetic,N,400,current_mixture,0.1,10,1e-12,width,0.0,0,g_ibp,0.985038084097198,,0.038
dc_cnn25,sweep_all,Deep Contractive,CNN,synthetic,N,400,current_mixture,0.1,10,1e-12,width,0.0,0,a_tau,5.988961416889864,,10.894
dc_cnn25,sweep_all,Deep Contractive,CNN,synthetic,N,400,current_mixture,0.1,10,1e-12,width,0.0,1,margin_hat_min,10.468107223510742,,164.244
dc_cnn25,sweep_all,Deep Contractive,CNN,synthetic,N,400,current_mixture,0.1,10,1e-12,width,0.0,1,d_eff,22.269364165544406,,164.244
dc_cnn25,sweep_all,Deep Contractive,CNN,synthetic,N,400,current_mixture,0.1,10,1e-12,width,0.0,1,g_ibp,0.9850380977279286,,0.071
dc_cnn25,sweep_all,Deep Contractive,CNN,synthetic,N,400,current_mixture,0.1,10,1e-12,width,0.0,1,a_tau,5.988961416889864,,11.206
dc_cnn25,sweep_all,Deep Contractive,CNN,synthetic,N,400,current_mixture,0.1,10,1e-12,width,0.0,2,margin_hat_min,10.468107223510742,,176.735
dc_cnn25,sweep_all,Deep Contractive,CNN,synthetic,N,400,current_mixture,0.1,10,1e-12,width,0.0,2,d_eff,22.34127224411718,,176.735
dc_cnn25,sweep_all,Deep Contractive,CNN,synthetic,N,400,current_mixture,0.1,10,1e-12,width,0.0,2,g_ibp,0.9850380977279286,,0.065
dc_cnn25,sweep_all,Deep Contractive,CNN,synthetic,N,400,current_mixture,0.1,10,1e-12,width,0.0,2,a_tau,5.991464547107982,,11.724
dc_cnn25,sweep_all,Deep Contractive,CNN,synthetic,N,400,current_mixture,0.1,10,1e-12,width,0.0,3,margin_hat_min,10.468100547790527,,147.458
dc_cnn25,sweep_all,Deep Contractive,CNN,synthetic,N,400,current_mixture,0.1,10,1e-12,width,0.0,3,d_eff,22.37575325257958,,147.458
dc_cnn25,sweep_all,Deep Contractive,CNN,synthetic,N,400,current_mixture,0.1,10,1e-12,width,0.0,3,g_ibp,0.9850380881864198,,0.097
dc_cnn25,sweep_all,Deep Contractive,CNN,synthetic,N,400,current_mixture,0.1,10,1e-12,width,0.0,3,a_tau,5.991464547107982,,12.93
dc_cnn25,sweep_all,Deep Contractive,CNN,synthetic,N,400,current_mixture,0.1,10,1e-12,width,0.0,4,margin_hat_min,10.46807861328125,,154.504
dc_cnn25,sweep_all,Deep Contractive,CNN,synthetic,N,400,current_mixture,0.1,10,1e-12,width,0.0,4,d_eff,22.724791106869848,,154.504
dc_cnn25,sweep_all,Deep Contractive,CNN,synthetic,N,400,current_mixture,0.1,10,1e-12,width,0.0,4,g_ibp,0.9850380568356624,,0.071
dc_cnn25,sweep_all,Deep Contractive,CNN,synthetic,N,400,current_mixture,0.1,10,1e-12,width,0.0,4,a_tau,5.991464547107982,,12.029
dc_cnn25,sweep_all,Deep Contractive,CNN,synthetic,N,400,current_mixture,0.1,10,1e-12,width,0.0,5,margin_hat_min,10.468103408813477,,176.848
dc_cnn25,sweep_all,Deep Contractive,CNN,synthetic,N,400,current_mixture,0.1,10,1e-12,width,0.0,5,d_eff,21.49289996165406,,176.848
dc_cnn25,sweep_all,Deep Contractive,CNN,synthetic,N,400,current_mixture,0.1,10,1e-12,width,0.0,5,g_ibp,0.9850380922756393,,0.106
dc_cnn25,sweep_all,Deep Contractive,CNN,synthetic,N,400,current_mixture,0.1,10,1e-12,width,0.0,5,a_tau,5.991464547107982,,13.448
dc_cnn25,sweep_all,Deep Contractive,CNN,synthetic,N,400,current_mixture,0.1,10,1e-12,width,0.0,6,margin_hat_min,10.468109130859375,,171.501
dc_cnn25,sweep_all,Deep Contractive,CNN,synthetic,N,400,current_mixture,0.1,10,1e-12,width,0.0,6,d_eff,21.778688460169974,,171.501
dc_cnn25,sweep_all,Deep Contractive,CNN,synthetic,N,400,current_mixture,0.1,10,1e-12,width,0.0,6,g_ibp,0.9850381004540717,,0.075
dc_cnn25,sweep_all,Deep Contractive,CNN,synthetic,N,400,current_mixture,0.1,10,1e-12,width,0.0,6,a_tau,5.988961416889864,,13.021
dc_cnn25,sweep_all,Deep Contractive,CNN,synthetic,N,400,current_mixture,0.1,10,1e-12,width,0.0,7,margin_hat_min,10.468097686767578,,163.538
dc_cnn25,sweep_all,Deep Contractive,CNN,synthetic,N,400,current_mixture,0.1,10,1e-12,width,0.0,7,d_eff,22.540996753407363,,163.538
dc_cnn25,sweep_all,Deep Contractive,CNN,synthetic,N,400,current_mixture,0.1,10,1e-12,width,0.0,7,g_ibp,0.985038084097198,,0.146
dc_cnn25,sweep_all,Deep Contractive,CNN,synthetic,N,400,current_mixture,0.1,10,1e-12,width,0.0,7,a_tau,5.983936280687191,,13.256
dc_cnn25,sweep_all,Deep Contractive,CNN,synthetic,N,800,current_mixture,0.1,10,1e-12,width,0.0,0,margin_hat_min,10.468094825744629,,234.071
dc_cnn25,sweep_all,Deep Contractive,CNN,synthetic,N,800,current_mixture,0.1,10,1e-12,width,0.0,0,d_eff,22.819021523457288,,234.071
dc_cnn25,sweep_all,Deep Contractive,CNN,synthetic,N,800,current_mixture,0.1,10,1e-12,width,0.0,0,g_ibp,0.985038080007974,,0.058
dc_cnn25,sweep_all,Deep Contractive,CNN,synthetic,N,800,current_mixture,0.1,10,1e-12,width,0.0,0,a_tau,6.682108597449809,,21.409
dc_cnn25,sweep_all,Deep Contractive,CNN,synthetic,N,800,current_mixture,0.1,10,1e-12,width,0.0,1,margin_hat_min,10.468086242675781,,229.823
dc_cnn25,sweep_all,Deep Contractive,CNN,synthetic,N,800,current_mixture,0.1,10,1e-12,width,0.0,1,d_eff,22.149280959346132,,229.823
dc_cnn25,sweep_all,Deep Contractive,CNN,synthetic,N,800,current_mixture,0.1,10,1e-12,width,0.0,1,g_ibp,0.9850380677402885,,0.072
dc_cnn25,sweep_all,Deep Contractive,CNN,synthetic,N,800,current_mixture,0.1,10,1e-12,width,0.0,1,a_tau,6.679599185844383,,22.923
dc_cnn25,sweep_all,Deep Contractive,CNN,synthetic,N,800,current_mixture,0.1,10,1e-12,width,0.0,2,margin_hat_min,10.468084335327148,,249.593
dc_cnn25,sweep_all,Deep Contractive,CNN,synthetic,N,800,current_mixture,0.1,10,1e-12,width,0.0,2,d_eff,22.195860831966442,,249.593
dc_cnn25,sweep_all,Deep Contractive,CNN,synthetic,N,800,current_mixture,0.1,10,1e-12,width,0.0,2,g_ibp,0.9850380650141335,,0.051
dc_cnn25,sweep_all,Deep Contractive,CNN,synthetic,N,800,current_mixture,0.1,10,1e-12,width,0.0,2,a_tau,6.682108597449809,,23.376
dc_cnn25,sweep_all,Deep Contractive,CNN,synthetic,N,800,current_mixture,0.1,10,1e-12,width,0.0,3,margin_hat_min,10.468103408813477,,225.37
dc_cnn25,sweep_all,Deep Contractive,CNN,synthetic,N,800,current_mixture,0.1,10,1e-12,width,0.0,3,d_eff,22.73832087678997,,225.37
dc_cnn25,sweep_all,Deep Contractive,CNN,synthetic,N,800,current_mixture,0.1,10,1e-12,width,0.0,3,g_ibp,0.9850380922756393,,0.064
dc_cnn25,sweep_all,Deep Contractive,CNN,synthetic,N,800,current_mixture,0.1,10,1e-12,width,0.0,3,a_tau,6.682108597449809,,23.36
dc_cnn25,sweep_all,Deep Contractive,CNN,synthetic,N,800,current_mixture,0.1,10,1e-12,width,0.0,4,margin_hat_min,10.468101501464844,,230.751
dc_cnn25,sweep_all,Deep Contractive,CNN,synthetic,N,800,current_mixture,0.1,10,1e-12,width,0.0,4,d_eff,22.32983348935291,,230.751
dc_cnn25,sweep_all,Deep Contractive,CNN,synthetic,N,800,current_mixture,0.1,10,1e-12,width,0.0,4,g_ibp,0.9850380895494932,,0.068
dc_cnn25,sweep_all,Deep Contractive,CNN,synthetic,N,800,current_mixture,0.1,10,1e-12,width,0.0,4,a_tau,6.683360945766275,,21.63
dc_cnn25,sweep_all,Deep Contractive,CNN,synthetic,N,800,current_mixture,0.1,10,1e-12,width,0.0,5,margin_hat_min,10.468107223510742,,231.41
dc_cnn25,sweep_all,Deep Contractive,CNN,synthetic,N,800,current_mixture,0.1,10,1e-12,width,0.0,5,d_eff,22.287010575689788,,231.41
dc_cnn25,sweep_all,Deep Contractive,CNN,synthetic,N,800,current_mixture,0.1,10,1e-12,width,0.0,5,g_ibp,0.9850380977279286,,0.035
dc_cnn25,sweep_all,Deep Contractive,CNN,synthetic,N,800,current_mixture,0.1,10,1e-12,width,0.0,5,a_tau,6.679599185844383,,21.865
dc_cnn25,sweep_all,Deep Contractive,CNN,synthetic,N,800,current_mixture,0.1,10,1e-12,width,0.0,6,margin_hat_min,10.468097686767578,,257.022
dc_cnn25,sweep_all,Deep Contractive,CNN,synthetic,N,800,current_mixture,0.1,10,1e-12,width,0.0,6,d_eff,22.07860409013841,,257.022
dc_cnn25,sweep_all,Deep Contractive,CNN,synthetic,N,800,current_mixture,0.1,10,1e-12,width,0.0,6,g_ibp,0.985038084097198,,0.061
dc_cnn25,sweep_all,Deep Contractive,CNN,synthetic,N,800,current_mixture,0.1,10,1e-12,width,0.0,6,a_tau,6.682108597449809,,22.732
dc_cnn25,sweep_all,Deep Contractive,CNN,synthetic,N,800,current_mixture,0.1,10,1e-12,width,0.0,7,margin_hat_min,10.468080520629883,,249.234
dc_cnn25,sweep_all,Deep Contractive,CNN,synthetic,N,800,current_mixture,0.1,10,1e-12,width,0.0,7,d_eff,22.03574838851856,,249.234
dc_cnn25,sweep_all,Deep Contractive,CNN,synthetic,N,800,current_mixture,0.1,10,1e-12,width,0.0,7,g_ibp,0.9850380595618203,,0.071
dc_cnn25,sweep_all,Deep Contractive,CNN,synthetic,N,800,current_mixture,0.1,10,1e-12,width,0.0,7,a_tau,6.678342114654332,,23.732
dc_cnn25,sweep_all,Deep Contractive,CNN,synthetic,N,1600,current_mixture,0.1,10,1e-12,width,0.0,0,margin_hat_min,10.468099594116211,,372.245
dc_cnn25,sweep_all,Deep Contractive,CNN,synthetic,N,1600,current_mixture,0.1,10,1e-12,width,0.0,0,d_eff,22.107051354275598,,372.245
dc_cnn25,sweep_all,Deep Contractive,CNN,synthetic,N,1600,current_mixture,0.1,10,1e-12,width,0.0,0,g_ibp,0.985038086823346,,0.035
dc_cnn25,sweep_all,Deep Contractive,CNN,synthetic,N,1600,current_mixture,0.1,10,1e-12,width,0.0,0,a_tau,7.374001859350161,,38.676
dc_cnn25,sweep_all,Deep Contractive,CNN,synthetic,N,1600,current_mixture,0.1,10,1e-12,width,0.0,1,margin_hat_min,10.468103408813477,,382.811
dc_cnn25,sweep_all,Deep Contractive,CNN,synthetic,N,1600,current_mixture,0.1,10,1e-12,width,0.0,1,d_eff,22.415500025291635,,382.811
dc_cnn25,sweep_all,Deep Contractive,CNN,synthetic,N,1600,current_mixture,0.1,10,1e-12,width,0.0,1,g_ibp,0.9850380922756393,,0.095
dc_cnn25,sweep_all,Deep Contractive,CNN,synthetic,N,1600,current_mixture,0.1,10,1e-12,width,0.0,1,a_tau,7.374629015218945,,44.258
dc_cnn25,sweep_all,Deep Contractive,CNN,synthetic,N,1600,current_mixture,0.1,10,1e-12,width,0.0,2,margin_hat_min,10.46809196472168,,364.084
dc_cnn25,sweep_all,Deep Contractive,CNN,synthetic,N,1600,current_mixture,0.1,10,1e-12,width,0.0,2,d_eff,22.387374908121473,,364.084
dc_cnn25,sweep_all,Deep Contractive,CNN,synthetic,N,1600,current_mixture,0.1,10,1e-12,width,0.0,2,g_ibp,0.9850380759187477,,0.13
dc_cnn25,sweep_all,Deep Contractive,CNN,synthetic,N,1600,current_mixture,0.1,10,1e-12,width,0.0,2,a_tau,7.3752557780097545,,43.751
dc_cnn25,sweep_all,Deep Contractive,CNN,synthetic,N,1600,current_mixture,0.1,10,1e-12,width,0.0,3,margin_hat_min,10.468093872070312,,386.644
dc_cnn25,sweep_all,Deep Contractive,CNN,synthetic,N,1600,current_mixture,0.1,10,1e-12,width,0.0,3,d_eff,22.538392829931777,,386.644
dc_cnn25,sweep_all,Deep Contractive,CNN,synthetic,N,1600,current_mixture,0.1,10,1e-12,width,0.0,3,g_ibp,0.9850380786448988,,0.055
dc_cnn25,sweep_all,Deep Contractive,CNN,synthetic,N,1600,current_mixture,0.1,10,1e-12,width,0.0,3,a_tau,7.3727463664043285,,32.945
dc_cnn25,sweep_all,Deep Contractive,CNN,synthetic,N,1600,current_mixture,0.1,10,1e-12,width,0.0,4,margin_hat_min,10.468095779418945,,376.211
dc_cnn25,sweep_all,Deep Contractive,CNN,synthetic,N,1600,current_mixture,0.1,10,1e-12,width,0.0,4,d_eff,22.547405112312124,,376.211
dc_cnn25,sweep_all,Deep Contractive,CNN,synthetic,N,1600,current_mixture,0.1,10,1e-12,width,0.0,4,g_ibp,0.9850380813710489,,0.053
dc_cnn25,sweep_all,Deep Contractive,CNN,synthetic,N,1600,current_mixture,0.1,10,1e-12,width,0.0,4,a_tau,7.374629015218945,,38.129
dc_cnn25,sweep_all,Deep Contractive,CNN,synthetic,N,1600,current_mixture,0.1,10,1e-12,width,0.0,5,margin_hat_min,10.468094825744629,,370.379
dc_cnn25,sweep_all,Deep Contractive,CNN,synthetic,N,1600,current_mixture,0.1,10,1e-12,width,0.0,5,d_eff,22.19485760918565,,370.379
dc_cnn25,sweep_all,Deep Contractive,CNN,synthetic,N,1600,current_mixture,0.1,10,1e-12,width,0.0,5,g_ibp,0.985038080007974,,0.053
dc_cnn25,sweep_all,Deep Contractive,CNN,synthetic,N,1600,current_mixture,0.1,10,1e-12,width,0.0,5,a_tau,7.370860166536716,,36.233
dc_cnn25,sweep_all,Deep Contractive,CNN,synthetic,N,1600,current_mixture,0.1,10,1e-12,width,0.0,6,margin_hat_min,10.468096733093262,,366.676
dc_cnn25,sweep_all,Deep Contractive,CNN,synthetic,N,1600,current_mixture,0.1,10,1e-12,width,0.0,6,d_eff,22.443759494486343,,366.676
dc_cnn25,sweep_all,Deep Contractive,CNN,synthetic,N,1600,current_mixture,0.1,10,1e-12,width,0.0,6,g_ibp,0.9850380827341235,,0.128
dc_cnn25,sweep_all,Deep Contractive,CNN,synthetic,N,1600,current_mixture,0.1,10,1e-12,width,0.0,6,a_tau,7.374001859350161,,38.203
dc_cnn25,sweep_all,Deep Contractive,CNN,synthetic,N,1600,current_mixture,0.1,10,1e-12,width,0.0,7,margin_hat_min,10.468076705932617,,388.33
dc_cnn25,sweep_all,Deep Contractive,CNN,synthetic,N,1600,current_mixture,0.1,10,1e-12,width,0.0,7,d_eff,22.616012273941056,,388.33
dc_cnn25,sweep_all,Deep Contractive,CNN,synthetic,N,1600,current_mixture,0.1,10,1e-12,width,0.0,7,g_ibp,0.9850380541095033,,0.111
dc_cnn25,sweep_all,Deep Contractive,CNN,synthetic,N,1600,current_mixture,0.1,10,1e-12,width,0.0,7,a_tau,7.370860166536716,,38.879
dc_cnn27,sweep_all,Deep Contractive,CNN,synthetic,N,50,current_mixture,0.1,10,1e-12,width,0.0,0,margin_hat_min,8.55362606048584,,29.472
dc_cnn27,sweep_all,Deep Contractive,CNN,synthetic,N,50,current_mixture,0.1,10,1e-12,width,0.0,0,d_eff,19.572209728245227,,29.472
dc_cnn27,sweep_all,Deep Contractive,CNN,synthetic,N,50,current_mixture,0.1,10,1e-12,width,0.0,0,g_ibp,0.9867621174278127,,0.101
dc_cnn27,sweep_all,Deep Contractive,CNN,synthetic,N,50,current_mixture,0.1,10,1e-12,width,0.0,0,a_tau,3.912023005428146,,2.343
dc_cnn27,sweep_all,Deep Contractive,CNN,synthetic,N,50,current_mixture,0.1,10,1e-12,width,0.0,1,margin_hat_min,8.553607940673828,,29.616
dc_cnn27,sweep_all,Deep Contractive,CNN,synthetic,N,50,current_mixture,0.1,10,1e-12,width,0.0,1,d_eff,17.25634685634444,,29.616
dc_cnn27,sweep_all,Deep Contractive,CNN,synthetic,N,50,current_mixture,0.1,10,1e-12,width,0.0,1,g_ibp,0.986762089384916,,0.069
dc_cnn27,sweep_all,Deep Contractive,CNN,synthetic,N,50,current_mixture,0.1,10,1e-12,width,0.0,1,a_tau,3.912023005428146,,2.318
dc_cnn27,sweep_all,Deep Contractive,CNN,synthetic,N,50,current_mixture,0.1,10,1e-12,width,0.0,2,margin_hat_min,8.553657531738281,,30.051
dc_cnn27,sweep_all,Deep Contractive,CNN,synthetic,N,50,current_mixture,0.1,10,1e-12,width,0.0,2,d_eff,16.204590441281127,,30.051
dc_cnn27,sweep_all,Deep Contractive,CNN,synthetic,N,50,current_mixture,0.1,10,1e-12,width,0.0,2,g_ibp,0.986762166133614,,0.063
dc_cnn27,sweep_all,Deep Contractive,CNN,synthetic,N,50,current_mixture,0.1,10,1e-12,width,0.0,2,a_tau,3.912023005428146,,2.235
dc_cnn27,sweep_all,Deep Contractive,CNN,synthetic,N,50,current_mixture,0.1,10,1e-12,width,0.0,3,margin_hat_min,8.553633689880371,,29.557
dc_cnn27,sweep_all,Deep Contractive,CNN,synthetic,N,50,current_mixture,0.1,10,1e-12,width,0.0,3,d_eff,20.75122208626056,,29.557
dc_cnn27,sweep_all,Deep Contractive,CNN,synthetic,N,50,current_mixture,0.1,10,1e-12,width,0.0,3,g_ibp,0.9867621292353126,,0.087
dc_cnn27,sweep_all,Deep Contractive,CNN,synthetic,N,50,current_mixture,0.1,10,1e-12,width,0.0,3,a_tau,3.912023005428146,,2.476
dc_cnn27,sweep_all,Deep Contractive,CNN,synthetic,N,50,current_mixture,0.1,10,1e-12,width,0.0,4,margin_hat_min,8.55362606048584,,25.073
dc_cnn27,sweep_all,Deep Contractive,CNN,synthetic,N,50,current_mixture,0.1,10,1e-12,width,0.0,4,d_eff,19.020617687262515,,25.073
dc_cnn27,sweep_all,Deep Contractive,CNN,synthetic,N,50,current_mixture,0.1,10,1e-12,width,0.0,4,g_ibp,0.9867621174278127,,0.038
dc_cnn27,sweep_all,Deep Contractive,CNN,synthetic,N,50,current_mixture,0.1,10,1e-12,width,0.0,4,a_tau,3.912023005428146,,2.276
dc_cnn27,sweep_all,Deep Contractive,CNN,synthetic,N,50,current_mixture,0.1,10,1e-12,width,0.0,5,margin_hat_min,8.553595542907715,,28.087
dc_cnn27,sweep_all,Deep Contractive,CNN,synthetic,N,50,current_mixture,0.1,10,1e-12,width,0.0,5,d_eff,21.155241959529956,,28.087
dc_cnn27,sweep_all,Deep Contractive,CNN,synthetic,N,50,current_mixture,0.1,10,1e-12,width,0.0,5,g_ibp,0.9867620701976024,,0.071
dc_cnn27,sweep_all,Deep Contractive,CNN,synthetic,N,50,current_mixture,0.1,10,1e-12,width,0.0,5,a_tau,3.8918202981106265,,2.246
dc_cnn27,sweep_all,Deep Contractive,CNN,synthetic,N,50,current_mixture,0.1,10,1e-12,width,0.0,6,margin_hat_min,8.553634643554688,,29.43
dc_cnn27,sweep_all,Deep Contractive,CNN,synthetic,N,50,current_mixture,0.1,10,1e-12,width,0.0,6,d_eff,19.327241386683998,,29.43
dc_cnn27,sweep_all,Deep Contractive,CNN,synthetic,N,50,current_mixture,0.1,10,1e-12,width,0.0,6,g_ibp,0.9867621307112486,,0.032
dc_cnn27,sweep_all,Deep Contractive,CNN,synthetic,N,50,current_mixture,0.1,10,1e-12,width,0.0,6,a_tau,3.912023005428146,,2.432
dc_cnn27,sweep_all,Deep Contractive,CNN,synthetic,N,50,current_mixture,0.1,10,1e-12,width,0.0,7,margin_hat_min,8.553632736206055,,28.4
dc_cnn27,sweep_all,Deep Contractive,CNN,synthetic,N,50,current_mixture,0.1,10,1e-12,width,0.0,7,d_eff,16.1436962646941,,28.4
dc_cnn27,sweep_all,Deep Contractive,CNN,synthetic,N,50,current_mixture,0.1,10,1e-12,width,0.0,7,g_ibp,0.9867621277593762,,0.071
dc_cnn27,sweep_all,Deep Contractive,CNN,synthetic,N,50,current_mixture,0.1,10,1e-12,width,0.0,7,a_tau,3.912023005428146,,2.34
dc_cnn27,sweep_all,Deep Contractive,CNN,synthetic,N,100,current_mixture,0.1,10,1e-12,width,0.0,0,margin_hat_min,8.553622245788574,,51.969
dc_cnn27,sweep_all,Deep Contractive,CNN,synthetic,N,100,current_mixture,0.1,10,1e-12,width,0.0,0,d_eff,19.87208812368244,,51.969
dc_cnn27,sweep_all,Deep Contractive,CNN,synthetic,N,100,current_mixture,0.1,10,1e-12,width,0.0,0,g_ibp,0.9867621115240548,,0.087
dc_cnn27,sweep_all,Deep Contractive,CNN,synthetic,N,100,current_mixture,0.1,10,1e-12,width,0.0,0,a_tau,4.605170185988092,,4.015
dc_cnn27,sweep_all,Deep Contractive,CNN,synthetic,N,100,current_mixture,0.1,10,1e-12,width,0.0,1,margin_hat_min,8.55363655090332,,47.187
dc_cnn27,sweep_all,Deep Contractive,CNN,synthetic,N,100,current_mixture,0.1,10,1e-12,width,0.0,1,d_eff,19.252398858747195,,47.187
dc_cnn27,sweep_all,Deep Contractive,CNN,synthetic,N,100,current_mixture,0.1,10,1e-12,width,0.0,1,g_ibp,0.9867621336631196,,0.071
dc_cnn27,sweep_all,Deep Contractive,CNN,synthetic,N,100,current_mixture,0.1,10,1e-12,width,0.0,1,a_tau,4.59511985013459,,3.885
dc_cnn27,sweep_all,Deep Contractive,CNN,synthetic,N,100,current_mixture,0.1,10,1e-12,width,0.0,2,margin_hat_min,8.55361557006836,,52.117
dc_cnn27,sweep_all,Deep Contractive,CNN,synthetic,N,100,current_mixture,0.1,10,1e-12,width,0.0,2,d_eff,16.124079853998623,,52.117
dc_cnn27,sweep_all,Deep Contractive,CNN,synthetic,N,100,current_mixture,0.1,10,1e-12,width,0.0,2,g_ibp,0.9867621011924659,,0.106
dc_cnn27,sweep_all,Deep Contractive,CNN,synthetic,N,100,current_mixture,0.1,10,1e-12,width,0.0,2,a_tau,4.59511985013459,,4.271
dc_cnn27,sweep_all,Deep Contractive,CNN,synthetic,N,100,current_mixture,0.1,10,1e-12,width,0.0,3,margin_hat_min,8.553611755371094,,47.8
dc_cnn27,sweep_all,Deep Contractive,CNN,synthetic,N,100,current_mixture,0.1,10,1e-12,width,0.0,3,d_eff,18.907167175009473,,47.8
dc_cnn27,sweep_all,Deep Contractive,CNN,synthetic,N,100,current_mixture,0.1,10,1e-12,width,0.0,3,g_ibp,0.9867620952886936,,0.076
dc_cnn27,sweep_all,Deep Contractive,CNN,synthetic,N,100,current_mixture,0.1,10,1e-12,width,0.0,3,a_tau,4.59511985013459,,4.093
dc_cnn27,sweep_all,Deep Contractive,CNN,synthetic,N,100,current_mixture,0.1,10,1e-12,width,0.0,4,margin_hat_min,8.553625106811523,,53.962
dc_cnn27,sweep_all,Deep Contractive,CNN,synthetic,N,100,current_mixture,0.1,10,1e-12,width,0.0,4,d_eff,18.223219926141322,,53.962
dc_cnn27,sweep_all,Deep Contractive,CNN,synthetic,N,100,current_mixture,0.1,10,1e-12,width,0.0,4,g_ibp,0.9867621159518737,,0.076
dc_cnn27,sweep_all,Deep Contractive,CNN,synthetic,N,100,current_mixture,0.1,10,1e-12,width,0.0,4,a_tau,4.605170185988092,,4.779
dc_cnn27,sweep_all,Deep Contractive,CNN,synthetic,N,100,current_mixture,0.1,10,1e-12,width,0.0,5,margin_hat_min,8.55362606048584,,56.765
dc_cnn27,sweep_all,Deep Contractive,CNN,synthetic,N,100,current_mixture,0.1,10,1e-12,width,0.0,5,d_eff,19.36238572541497,,56.765
dc_cnn27,sweep_all,Deep Contractive,CNN,synthetic,N,100,current_mixture,0.1,10,1e-12,width,0.0,5,g_ibp,0.9867621174278127,,0.114
dc_cnn27,sweep_all,Deep Contractive,CNN,synthetic,N,100,current_mixture,0.1,10,1e-12,width,0.0,5,a_tau,4.584967478670572,,4.649
dc_cnn27,sweep_all,Deep Contractive,CNN,synthetic,N,100,current_mixture,0.1,10,1e-12,width,0.0,6,margin_hat_min,8.553618431091309,,57.887
dc_cnn27,sweep_all,Deep Contractive,CNN,synthetic,N,100,current_mixture,0.1,10,1e-12,width,0.0,6,d_eff,21.15190997227195,,57.887
dc_cnn27,sweep_all,Deep Contractive,CNN,synthetic,N,100,current_mixture,0.1,10,1e-12,width,0.0,6,g_ibp,0.9867621056202918,,0.08
dc_cnn27,sweep_all,Deep Contractive,CNN,synthetic,N,100,current_mixture,0.1,10,1e-12,width,0.0,6,a_tau,4.574710978503383,,5.152
dc_cnn27,sweep_all,Deep Contractive,CNN,synthetic,N,100,current_mixture,0.1,10,1e-12,width,0.0,7,margin_hat_min,8.553589820861816,,57.666
dc_cnn27,sweep_all,Deep Contractive,CNN,synthetic,N,100,current_mixture,0.1,10,1e-12,width,0.0,7,d_eff,18.66126220162002,,57.666
dc_cnn27,sweep_all,Deep Contractive,CNN,synthetic,N,100,current_mixture,0.1,10,1e-12,width,0.0,7,g_ibp,0.9867620613419005,,0.081
dc_cnn27,sweep_all,Deep Contractive,CNN,synthetic,N,100,current_mixture,0.1,10,1e-12,width,0.0,7,a_tau,4.605170185988092,,5.34
dc_cnn27,sweep_all,Deep Contractive,CNN,synthetic,N,200,current_mixture,0.1,10,1e-12,width,0.0,0,margin_hat_min,8.5535888671875,,138.638
dc_cnn27,sweep_all,Deep Contractive,CNN,synthetic,N,200,current_mixture,0.1,10,1e-12,width,0.0,0,d_eff,19.842890919383866,,138.638
dc_cnn27,sweep_all,Deep Contractive,CNN,synthetic,N,200,current_mixture,0.1,10,1e-12,width,0.0,0,g_ibp,0.986762059865949,,0.051
dc_cnn27,sweep_all,Deep Contractive,CNN,synthetic,N,200,current_mixture,0.1,10,1e-12,width,0.0,0,a_tau,5.298317366548036,,7.243
dc_cnn27,sweep_all,Deep Contractive,CNN,synthetic,N,200,current_mixture,0.1,10,1e-12,width,0.0,1,margin_hat_min,8.553592681884766,,141.576
dc_cnn27,sweep_all,Deep Contractive,CNN,synthetic,N,200,current_mixture,0.1,10,1e-12,width,0.0,1,d_eff,19.36990962303119,,141.576
dc_cnn27,sweep_all,Deep Contractive,CNN,synthetic,N,200,current_mixture,0.1,10,1e-12,width,0.0,1,g_ibp,0.986762065769753,,0.051
dc_cnn27,sweep_all,Deep Contractive,CNN,synthetic,N,200,current_mixture,0.1,10,1e-12,width,0.0,1,a_tau,5.278114659230517,,9.268
dc_cnn27,sweep_all,Deep Contractive,CNN,synthetic,N,200,current_mixture,0.1,10,1e-12,width,0.0,2,margin_hat_min,8.553597450256348,,135.391
dc_cnn27,sweep_all,Deep Contractive,CNN,synthetic,N,200,current_mixture,0.1,10,1e-12,width,0.0,2,d_eff,17.92138321584736,,135.391
dc_cnn27,sweep_all,Deep Contractive,CNN,synthetic,N,200,current_mixture,0.1,10,1e-12,width,0.0,2,g_ibp,0.9867620731495005,,0.099
dc_cnn27,sweep_all,Deep Contractive,CNN,synthetic,N,200,current_mixture,0.1,10,1e-12,width,0.0,2,a_tau,5.2832037287379885,,8.04
dc_cnn27,sweep_all,Deep Contractive,CNN,synthetic,N,200,current_mixture,0.1,10,1e-12,width,0.0,3,margin_hat_min,8.553604125976562,,130.568
dc_cnn27,sweep_all,Deep Contractive,CNN,synthetic,N,200,current_mixture,0.1,10,1e-12,width,0.0,3,d_eff,20.284407438817894,,130.568
dc_cnn27,sweep_all,Deep Contractive,CNN,synthetic,N,200,current_mixture,0.1,10,1e-12,width,0.0,3,g_ibp,0.9867620834811331,,0.092
dc_cnn27,sweep_all,Deep Contractive,CNN,synthetic,N,200,current_mixture,0.1,10,1e-12,width,0.0,3,a_tau,5.272999558563747,,9.326
dc_cnn27,sweep_all,Deep Contractive,CNN,synthetic,N,200,current_mixture,0.1,10,1e-12,width,0.0,4,margin_hat_min,8.553574562072754,,139.634
dc_cnn27,sweep_all,Deep Contractive,CNN,synthetic,N,200,current_mixture,0.1,10,1e-12,width,0.0,4,d_eff,18.128588970840795,,139.634
dc_cnn27,sweep_all,Deep Contractive,CNN,synthetic,N,200,current_mixture,0.1,10,1e-12,width,0.0,4,g_ibp,0.9867620377266374,,0.104
dc_cnn27,sweep_all,Deep Contractive,CNN,synthetic,N,200,current_mixture,0.1,10,1e-12,width,0.0,4,a_tau,5.298317366548036,,9.682
dc_cnn27,sweep_all,Deep Contractive,CNN,synthetic,N,200,current_mixture,0.1,10,1e-12,width,0.0,5,margin_hat_min,8.553603172302246,,131.743
dc_cnn27,sweep_all,Deep Contractive,CNN,synthetic,N,200,current_mixture,0.1,10,1e-12,width,0.0,5,d_eff,18.388059238962033,,131.743
dc_cnn27,sweep_all,Deep Contractive,CNN,synthetic,N,200,current_mixture,0.1,10,1e-12,width,0.0,5,g_ibp,0.9867620820051866,,0.012
dc_cnn27,sweep_all,Deep Contractive,CNN,synthetic,N,200,current_mixture,0.1,10,1e-12,width,0.0,5,a_tau,5.2832037287379885,,3.992
dc_cnn27,sweep_all,Deep Contractive,CNN,synthetic,N,200,current_mixture,0.1,10,1e-12,width,0.0,6,margin_hat_min,8.553585052490234,,130.126
dc_cnn27,sweep_all,Deep Contractive,CNN,synthetic,N,200,current_mixture,0.1,10,1e-12,width,0.0,6,d_eff,19.666129742384427,,130.126
dc_cnn27,sweep_all,Deep Contractive,CNN,synthetic,N,200,current_mixture,0.1,10,1e-12,width,0.0,6,g_ibp,0.9867620539621399,,0.095
dc_cnn27,sweep_all,Deep Contractive,CNN,synthetic,N,200,current_mixture,0.1,10,1e-12,width,0.0,6,a_tau,5.278114659230517,,9.066
dc_cnn27,sweep_all,Deep Contractive,CNN,synthetic,N,200,current_mixture,0.1,10,1e-12,width,0.0,7,margin_hat_min,8.553600311279297,,133.637
dc_cnn27,sweep_all,Deep Contractive,CNN,synthetic,N,200,current_mixture,0.1,10,1e-12,width,0.0,7,d_eff,19.448898220406523,,133.637
dc_cnn27,sweep_all,Deep Contractive,CNN,synthetic,N,200,current_mixture,0.1,10,1e-12,width,0.0,7,g_ibp,0.986762077577345,,0.025
dc_cnn27,sweep_all,Deep Contractive,CNN,synthetic,N,200,current_mixture,0.1,10,1e-12,width,0.0,7,a_tau,5.293304824724492,,4.954
dc_cnn27,sweep_all,Deep Contractive,CNN,synthetic,N,400,current_mixture,0.1,10,1e-12,width,0.0,0,margin_hat_min,8.553585052490234,,215.139
dc_cnn27,sweep_all,Deep Contractive,CNN,synthetic,N,400,current_mixture,0.1,10,1e-12,width,0.0,0,d_eff,18.18664760379223,,215.139
dc_cnn27,sweep_all,Deep Contractive,CNN,synthetic,N,400,current_mixture,0.1,10,1e-12,width,0.0,0,g_ibp,0.9867620539621399,,0.055
dc_cnn27,sweep_all,Deep Contractive,CNN,synthetic,N,400,current_mixture,0.1,10,1e-12,width,0.0,0,a_tau,5.981414211254481,,16.76
dc_cnn27,sweep_all,Deep Contractive,CNN,synthetic,N,400,current_mixture,0.1,10,1e-12,width,0.0,1,margin_hat_min,8.553565979003906,,228.581
dc_cnn27,sweep_all,Deep Contractive,CNN,synthetic,N,400,current_mixture,0.1,10,1e-12,width,0.0,1,d_eff,17.723677974905826,,228.581
dc_cnn27,sweep_all,Deep Contractive,CNN,synthetic,N,400,current_mixture,0.1,10,1e-12,width,0.0,1,g_ibp,0.986762024443015,,0.103
dc_cnn27,sweep_all,Deep Contractive,CNN,synthetic,N,400,current_mixture,0.1,10,1e-12,width,0.0,1,a_tau,5.953243334287785,,15.964
dc_cnn27,sweep_all,Deep Contractive,CNN,synthetic,N,400,current_mixture,0.1,10,1e-12,width,0.0,2,margin_hat_min,8.553577423095703,,225.907
dc_cnn27,sweep_all,Deep Contractive,CNN,synthetic,N,400,current_mixture,0.1,10,1e-12,width,0.0,2,d_eff,18.35255979068617,,225.907
dc_cnn27,sweep_all,Deep Contractive,CNN,synthetic,N,400,current_mixture,0.1,10,1e-12,width,0.0,2,g_ibp,0.9867620421545057,,0.008
dc_cnn27,sweep_all,Deep Contractive,CNN,synthetic,N,400,current_mixture,0.1,10,1e-12,width,0.0,2,a_tau,5.968707559985366,,6.454
dc_cnn27,sweep_all,Deep Contractive,CNN,synthetic,N,400,current_mixture,0.1,10,1e-12,width,0.0,3,margin_hat_min,8.553569793701172,,223.865
dc_cnn27,sweep_all,Deep Contractive,CNN,synthetic,N,400,current_mixture,0.1,10,1e-12,width,0.0,3,d_eff,18.29069451464056,,223.865
dc_cnn27,sweep_all,Deep Contractive,CNN,synthetic,N,400,current_mixture,0.1,10,1e-12,width,0.0,3,g_ibp,0.9867620303468504,,0.047
dc_cnn27,sweep_all,Deep Contractive,CNN,synthetic,N,400,current_mixture,0.1,10,1e-12,width,0.0,3,a_tau,5.966146739123692,,14.447
dc_cnn27,sweep_all,Deep Contractive,CNN,synthetic,N,400,current_mixture,0.1,10,1e-12,width,0.0,4,margin_hat_min,8.553581237792969,,206.27
dc_cnn27,sweep_all,Deep Contractive,CNN,synthetic,N,400,current_mixture,0.1,10,1e-12,width,0.0,4,d_eff,17.624347173345512,,206.27
dc_cnn27,sweep_all,Deep Contractive,CNN,synthetic,N,400,current_mixture,0.1,10,1e-12,width,0.0,4,g_ibp,0.9867620480583255,,0.024
dc_cnn27,sweep_all,Deep Contractive,CNN,synthetic,N,400,current_mixture,0.1,10,1e-12,width,0.0,4,a_tau,5.986452005284438,,15.703
dc_cnn27,sweep_all,Deep Contractive,CNN,synthetic,N,400,current_mixture,0.1,10,1e-12,width,0.0,5,margin_hat_min,8.55357837677002,,194.074
dc_cnn27,sweep_all,Deep Contractive,CNN,synthetic,N,400,current_mixture,0.1,10,1e-12,width,0.0,5,d_eff,18.018052416451003,,194.074
dc_cnn27,sweep_all,Deep Contractive,CNN,synthetic,N,400,current_mixture,0.1,10,1e-12,width,0.0,5,g_ibp,0.9867620436304612,,0.06
dc_cnn27,sweep_all,Deep Contractive,CNN,synthetic,N,400,current_mixture,0.1,10,1e-12,width,0.0,5,a_tau,5.978885764901122,,5.447
dc_cnn27,sweep_all,Deep Contractive,CNN,synthetic,N,400,current_mixture,0.1,10,1e-12,width,0.0,6,margin_hat_min,8.553572654724121,,209.587
dc_cnn27,sweep_all,Deep Contractive,CNN,synthetic,N,400,current_mixture,0.1,10,1e-12,width,0.0,6,d_eff,17.748958798775305,,209.587
dc_cnn27,sweep_all,Deep Contractive,CNN,synthetic,N,400,current_mixture,0.1,10,1e-12,width,0.0,6,g_ibp,0.9867620347747236,,0.009
dc_cnn27,sweep_all,Deep Contractive,CNN,synthetic,N,400,current_mixture,0.1,10,1e-12,width,0.0,6,a_tau,5.976350909297934,,17.926
dc_cnn27,sweep_all,Deep Contractive,CNN,synthetic,N,400,current_mixture,0.1,10,1e-12,width,0.0,7,margin_hat_min,8.553570747375488,,209.781
dc_cnn27,sweep_all,Deep Contractive,CNN,synthetic,N,400,current_mixture,0.1,10,1e-12,width,0.0,7,d_eff,18.409647781546283,,209.781
dc_cnn27,sweep_all,Deep Contractive,CNN,synthetic,N,400,current_mixture,0.1,10,1e-12,width,0.0,7,g_ibp,0.9867620318228085,,0.072
dc_cnn27,sweep_all,Deep Contractive,CNN,synthetic,N,400,current_mixture,0.1,10,1e-12,width,0.0,7,a_tau,5.973809611869261,,16.463
dc_cnn27,sweep_all,Deep Contractive,CNN,synthetic,N,800,current_mixture,0.1,10,1e-12,width,0.0,0,margin_hat_min,8.553555488586426,,283.136
dc_cnn27,sweep_all,Deep Contractive,CNN,synthetic,N,800,current_mixture,0.1,10,1e-12,width,0.0,0,d_eff,18.21430957493111,,283.136
dc_cnn27,sweep_all,Deep Contractive,CNN,synthetic,N,800,current_mixture,0.1,10,1e-12,width,0.0,0,g_ibp,0.9867620082074401,,0.119
dc_cnn27,sweep_all,Deep Contractive,CNN,synthetic,N,800,current_mixture,0.1,10,1e-12,width,0.0,0,a_tau,6.665683717782408,,53.062
dc_cnn27,sweep_all,Deep Contractive,CNN,synthetic,N,800,current_mixture,0.1,10,1e-12,width,0.0,1,margin_hat_min,8.553545951843262,,289.947
dc_cnn27,sweep_all,Deep Contractive,CNN,synthetic,N,800,current_mixture,0.1,10,1e-12,width,0.0,1,d_eff,18.42517111769942,,289.947
dc_cnn27,sweep_all,Deep Contractive,CNN,synthetic,N,800,current_mixture,0.1,10,1e-12,width,0.0,1,g_ibp,0.986761993447792,,0.008
dc_cnn27,sweep_all,Deep Contractive,CNN,synthetic,N,800,current_mixture,0.1,10,1e-12,width,0.0,1,a_tau,6.647688373563329,,45.859
dc_cnn27,sweep_all,Deep Contractive,CNN,synthetic,N,800,current_mixture,0.1,10,1e-12,width,0.0,2,margin_hat_min,8.553567886352539,,241.877
dc_cnn27,sweep_all,Deep Contractive,CNN,synthetic,N,800,current_mixture,0.1,10,1e-12,width,0.0,2,d_eff,18.11970976340526,,241.877
dc_cnn27,sweep_all,Deep Contractive,CNN,synthetic,N,800,current_mixture,0.1,10,1e-12,width,0.0,2,g_ibp,0.9867620273949333,,0.114
dc_cnn27,sweep_all,Deep Contractive,CNN,synthetic,N,800,current_mixture,0.1,10,1e-12,width,0.0,2,a_tau,6.659293919683638,,30.599
dc_cnn27,sweep_all,Deep Contractive,CNN,synthetic,N,800,current_mixture,0.1,10,1e-12,width,0.0,3,margin_hat_min,8.553558349609375,,299.985
dc_cnn27,sweep_all,Deep Contractive,CNN,synthetic,N,800,current_mixture,0.1,10,1e-12,width,0.0,3,d_eff,18.240018408727117,,299.985
dc_cnn27,sweep_all,Deep Contractive,CNN,synthetic,N,800,current_mixture,0.1,10,1e-12,width,0.0,3,g_ibp,0.986762012635328,,0.055
dc_cnn27,sweep_all,Deep Contractive,CNN,synthetic,N,800,current_mixture,0.1,10,1e-12,width,0.0,3,a_tau,6.663132695990803,,30.38
dc_cnn27,sweep_all,Deep Contractive,CNN,synthetic,N,800,current_mixture,0.1,10,1e-12,width,0.0,4,margin_hat_min,8.553570747375488,,277.176
dc_cnn27,sweep_all,Deep Contractive,CNN,synthetic,N,800,current_mixture,0.1,10,1e-12,width,0.0,4,d_eff,18.301447005400796,,277.176
dc_cnn27,sweep_all,Deep Contractive,CNN,synthetic,N,800,current_mixture,0.1,10,1e-12,width,0.0,4,g_ibp,0.9867620318228085,,0.119
dc_cnn27,sweep_all,Deep Contractive,CNN,synthetic,N,800,current_mixture,0.1,10,1e-12,width,0.0,4,a_tau,6.672032945461067,,58.875
dc_cnn27,sweep_all,Deep Contractive,CNN,synthetic,N,800,current_mixture,0.1,10,1e-12,width,0.0,5,margin_hat_min,8.553544998168945,,299.91
dc_cnn27,sweep_all,Deep Contractive,CNN,synthetic,N,800,current_mixture,0.1,10,1e-12,width,0.0,5,d_eff,17.661672773647243,,299.91
dc_cnn27,sweep_all,Deep Contractive,CNN,synthetic,N,800,current_mixture,0.1,10,1e-12,width,0.0,5,g_ibp,0.9867619919718255,,0.009
dc_cnn27,sweep_all,Deep Contractive,CNN,synthetic,N,800,current_mixture,0.1,10,1e-12,width,0.0,5,a_tau,6.668228248417403,,26.886
dc_cnn27,sweep_all,Deep Contractive,CNN,synthetic,N,800,current_mixture,0.1,10,1e-12,width,0.0,6,margin_hat_min,8.55357551574707,,299.96
dc_cnn27,sweep_all,Deep Contractive,CNN,synthetic,N,800,current_mixture,0.1,10,1e-12,width,0.0,6,d_eff,17.754781240907846,,299.96
dc_cnn27,sweep_all,Deep Contractive,CNN,synthetic,N,800,current_mixture,0.1,10,1e-12,width,0.0,6,g_ibp,0.9867620392025939,,0.05
dc_cnn27,sweep_all,Deep Contractive,CNN,synthetic,N,800,current_mixture,0.1,10,1e-12,width,0.0,6,a_tau,6.660575149839686,,31.023
dc_cnn27,sweep_all,Deep Contractive,CNN,synthetic,N,800,current_mixture,0.1,10,1e-12,width,0.0,7,margin_hat_min,8.553546905517578,,299.896
dc_cnn27,sweep_all,Deep Contractive,CNN,synthetic,N,800,current_mixture,0.1,10,1e-12,width,0.0,7,d_eff,18.65081784317202,,299.896
dc_cnn27,sweep_all,Deep Contractive,CNN,synthetic,N,800,current_mixture,0.1,10,1e-12,width,0.0,7,g_ibp,0.9867619949237584,,0.104
dc_cnn27,sweep_all,Deep Contractive,CNN,synthetic,N,800,current_mixture,0.1,10,1e-12,width,0.0,7,a_tau,6.668228248417403,,31.808
dc_cnn27,sweep_all,Deep Contractive,CNN,synthetic,N,1600,current_mixture,0.1,10,1e-12,width,0.0,0,margin_hat_min,8.553555488586426,,464.37
dc_cnn27,sweep_all,Deep Contractive,CNN,synthetic,N,1600,current_mixture,0.1,10,1e-12,width,0.0,0,d_eff,18.39700461797505,,464.37
dc_cnn27,sweep_all,Deep Contractive,CNN,synthetic,N,1600,current_mixture,0.1,10,1e-12,width,0.0,0,g_ibp,0.9867620082074401,,0.092
dc_cnn27,sweep_all,Deep Contractive,CNN,synthetic,N,1600,current_mixture,0.1,10,1e-12,width,0.0,0,a_tau,7.355641102974253,,42.59
dc_cnn27,sweep_all,Deep Contractive,CNN,synthetic,N,1600,current_mixture,0.1,10,1e-12,width,0.0,1,margin_hat_min,8.553565979003906,,390.045
dc_cnn27,sweep_all,Deep Contractive,CNN,synthetic,N,1600,current_mixture,0.1,10,1e-12,width,0.0,1,d_eff,17.41678585401687,,390.045
dc_cnn27,sweep_all,Deep Contractive,CNN,synthetic,N,1600,current_mixture,0.1,10,1e-12,width,0.0,1,g_ibp,0.986762024443015,,0.113
dc_cnn27,sweep_all,Deep Contractive,CNN,synthetic,N,1600,current_mixture,0.1,10,1e-12,width,0.0,1,a_tau,7.347943823148687,,42.282
dc_cnn27,sweep_all,Deep Contractive,CNN,synthetic,N,1600,current_mixture,0.1,10,1e-12,width,0.0,2,margin_hat_min,8.553560256958008,,382.077
dc_cnn27,sweep_all,Deep Contractive,CNN,synthetic,N,1600,current_mixture,0.1,10,1e-12,width,0.0,2,d_eff,18.017097134480707,,382.077
dc_cnn27,sweep_all,Deep Contractive,CNN,synthetic,N,1600,current_mixture,0.1,10,1e-12,width,0.0,2,g_ibp,0.9867620155872517,,0.085
dc_cnn27,sweep_all,Deep Contractive,CNN,synthetic,N,1600,current_mixture,0.1,10,1e-12,width,0.0,2,a_tau,7.355001921105257,,44.911
dc_cnn27,sweep_all,Deep Contractive,CNN,synthetic,N,1600,current_mixture,0.1,10,1e-12,width,0.0,3,margin_hat_min,8.553560256958008,,383.796
dc_cnn27,sweep_all,Deep Contractive,CNN,synthetic,N,1600,current_mixture,0.1,10,1e-12,width,0.0,3,d_eff,18.86337839332929,,383.796
dc_cnn27,sweep_all,Deep Contractive,CNN,synthetic,N,1600,current_mixture,0.1,10,1e-12,width,0.0,3,g_ibp,0.9867620155872517,,0.084
dc_cnn27,sweep_all,Deep Contractive,CNN,synthetic,N,1600,current_mixture,0.1,10,1e-12,width,0.0,3,a_tau,7.355641102974253,,40.524
dc_cnn27,sweep_all,Deep Contractive,CNN,synthetic,N,1600,current_mixture,0.1,10,1e-12,width,0.0,4,margin_hat_min,8.553580284118652,,378.808
dc_cnn27,sweep_all,Deep Contractive,CNN,synthetic,N,1600,current_mixture,0.1,10,1e-12,width,0.0,4,d_eff,17.662975961125866,,378.808
dc_cnn27,sweep_all,Deep Contractive,CNN,synthetic,N,1600,current_mixture,0.1,10,1e-12,width,0.0,4,g_ibp,0.986762046582371,,0.136
dc_cnn27,sweep_all,Deep Contractive,CNN,synthetic,N,1600,current_mixture,0.1,10,1e-12,width,0.0,4,a_tau,7.359467638255621,,44.296
dc_cnn27,sweep_all,Deep Contractive,CNN,synthetic,N,1600,current_mixture,0.1,10,1e-12,width,0.0,5,margin_hat_min,8.553550720214844,,471.317
dc_cnn27,sweep_all,Deep Contractive,CNN,synthetic,N,1600,current_mixture,0.1,10,1e-12,width,0.0,5,d_eff,17.93927141380861,,471.317
dc_cnn27,sweep_all,Deep Contractive,CNN,synthetic,N,1600,current_mixture,0.1,10,1e-12,width,0.0,5,g_ibp,0.9867620008276202,,0.103
dc_cnn27,sweep_all,Deep Contractive,CNN,synthetic,N,1600,current_mixture,0.1,10,1e-12,width,0.0,5,a_tau,7.359467638255621,,44.019
dc_cnn27,sweep_all,Deep Contractive,CNN,synthetic,N,1600,current_mixture,0.1,10,1e-12,width,0.0,6,margin_hat_min,8.553566932678223,,460.81
dc_cnn27,sweep_all,Deep Contractive,CNN,synthetic,N,1600,current_mixture,0.1,10,1e-12,width,0.0,6,d_eff,17.94473059085629,,460.81
dc_cnn27,sweep_all,Deep Contractive,CNN,synthetic,N,1600,current_mixture,0.1,10,1e-12,width,0.0,6,g_ibp,0.9867620259189743,,0.141
dc_cnn27,sweep_all,Deep Contractive,CNN,synthetic,N,1600,current_mixture,0.1,10,1e-12,width,0.0,6,a_tau,7.355641102974253,,45.467
dc_cnn27,sweep_all,Deep Contractive,CNN,synthetic,N,1600,current_mixture,0.1,10,1e-12,width,0.0,7,margin_hat_min,8.55355453491211,,384.881
dc_cnn27,sweep_all,Deep Contractive,CNN,synthetic,N,1600,current_mixture,0.1,10,1e-12,width,0.0,7,d_eff,18.17761559304239,,384.881
dc_cnn27,sweep_all,Deep Contractive,CNN,synthetic,N,1600,current_mixture,0.1,10,1e-12,width,0.0,7,g_ibp,0.9867620067314767,,0.062
dc_cnn27,sweep_all,Deep Contractive,CNN,synthetic,N,1600,current_mixture,0.1,10,1e-12,width,0.0,7,a_tau,7.360739903058278,,43.709
dc_cnn24,sweep_all,Deep Contractive,CNN,synthetic,N,50,current_mixture,0.1,10,1e-12,width,0.0,0,margin_hat_min,10.468145370483398,,20.123
dc_cnn24,sweep_all,Deep Contractive,CNN,synthetic,N,50,current_mixture,0.1,10,1e-12,width,0.0,0,d_eff,21.724553385391353,,20.123
dc_cnn24,sweep_all,Deep Contractive,CNN,synthetic,N,50,current_mixture,0.1,10,1e-12,width,0.0,0,g_ibp,0.9850381522506025,,0.035
dc_cnn24,sweep_all,Deep Contractive,CNN,synthetic,N,50,current_mixture,0.1,10,1e-12,width,0.0,0,a_tau,3.912023005428146,,2.314
dc_cnn24,sweep_all,Deep Contractive,CNN,synthetic,N,50,current_mixture,0.1,10,1e-12,width,0.0,1,margin_hat_min,10.468146324157715,,29.487
dc_cnn24,sweep_all,Deep Contractive,CNN,synthetic,N,50,current_mixture,0.1,10,1e-12,width,0.0,1,d_eff,22.10820668374958,,29.487
dc_cnn24,sweep_all,Deep Contractive,CNN,synthetic,N,50,current_mixture,0.1,10,1e-12,width,0.0,1,g_ibp,0.9850381536136643,,0.075
dc_cnn24,sweep_all,Deep Contractive,CNN,synthetic,N,50,current_mixture,0.1,10,1e-12,width,0.0,1,a_tau,3.912023005428146,,3.177
dc_cnn24,sweep_all,Deep Contractive,CNN,synthetic,N,50,current_mixture,0.1,10,1e-12,width,0.0,2,margin_hat_min,10.468143463134766,,28.901
dc_cnn24,sweep_all,Deep Contractive,CNN,synthetic,N,50,current_mixture,0.1,10,1e-12,width,0.0,2,d_eff,24.72299107787146,,28.901
dc_cnn24,sweep_all,Deep Contractive,CNN,synthetic,N,50,current_mixture,0.1,10,1e-12,width,0.0,2,g_ibp,0.9850381495244782,,0.063
dc_cnn24,sweep_all,Deep Contractive,CNN,synthetic,N,50,current_mixture,0.1,10,1e-12,width,0.0,2,a_tau,3.912023005428146,,2.861
dc_cnn24,sweep_all,Deep Contractive,CNN,synthetic,N,50,current_mixture,0.1,10,1e-12,width,0.0,3,margin_hat_min,10.468147277832031,,30.576
dc_cnn24,sweep_all,Deep Contractive,CNN,synthetic,N,50,current_mixture,0.1,10,1e-12,width,0.0,3,d_eff,22.72051763960641,,30.576
dc_cnn24,sweep_all,Deep Contractive,CNN,synthetic,N,50,current_mixture,0.1,10,1e-12,width,0.0,3,g_ibp,0.9850381549767258,,0.071
dc_cnn24,sweep_all,Deep Contractive,CNN,synthetic,N,50,current_mixture,0.1,10,1e-12,width,0.0,3,a_tau,3.912023005428146,,2.783
dc_cnn24,sweep_all,Deep Contractive,CNN,synthetic,N,50,current_mixture,0.1,10,1e-12,width,0.0,4,margin_hat_min,10.468135833740234,,32.656
dc_cnn24,sweep_all,Deep Contractive,CNN,synthetic,N,50,current_mixture,0.1,10,1e-12,width,0.0,4,d_eff,23.228269111576648,,32.656
dc_cnn24,sweep_all,Deep Contractive,CNN,synthetic,N,50,current_mixture,0.1,10,1e-12,width,0.0,4,g_ibp,0.9850381386199712,,0.108
dc_cnn24,sweep_all,Deep Contractive,CNN,synthetic,N,50,current_mixture,0.1,10,1e-12,width,0.0,4,a_tau,3.912023005428146,,3.143
dc_cnn24,sweep_all,Deep Contractive,CNN,synthetic,N,50,current_mixture,0.1,10,1e-12,width,0.0,5,margin_hat_min,10.46812629699707,,33.08
dc_cnn24,sweep_all,Deep Contractive,CNN,synthetic,N,50,current_mixture,0.1,10,1e-12,width,0.0,5,d_eff,23.28389471741746,,33.08
dc_cnn24,sweep_all,Deep Contractive,CNN,synthetic,N,50,current_mixture,0.1,10,1e-12,width,0.0,5,g_ibp,0.9850381249893152,,0.043
dc_cnn24,sweep_all,Deep Contractive,CNN,synthetic,N,50,current_mixture,0.1,10,1e-12,width,0.0,5,a_tau,3.912023005428146,,2.399
dc_cnn24,sweep_all,Deep Contractive,CNN,synthetic,N,50,current_mixture,0.1,10,1e-12,width,0.0,6,margin_hat_min,10.468147277832031,,33.126
dc_cnn24,sweep_all,Deep Contractive,CNN,synthetic,N,50,current_mixture,0.1,10,1e-12,width,0.0,6,d_eff,26.05328214904105,,33.126
dc_cnn24,sweep_all,Deep Contractive,CNN,synthetic,N,50,current_mixture,0.1,10,1e-12,width,0.0,6,g_ibp,0.9850381549767258,,0.102
dc_cnn24,sweep_all,Deep Contractive,CNN,synthetic,N,50,current_mixture,0.1,10,1e-12,width,0.0,6,a_tau,3.912023005428146,,2.997
dc_cnn24,sweep_all,Deep Contractive,CNN,synthetic,N,50,current_mixture,0.1,10,1e-12,width,0.0,7,margin_hat_min,10.468132019042969,,33.043
dc_cnn24,sweep_all,Deep Contractive,CNN,synthetic,N,50,current_mixture,0.1,10,1e-12,width,0.0,7,d_eff,24.680500765277785,,33.043
dc_cnn24,sweep_all,Deep Contractive,CNN,synthetic,N,50,current_mixture,0.1,10,1e-12,width,0.0,7,g_ibp,0.9850381331677118,,0.017
dc_cnn24,sweep_all,Deep Contractive,CNN,synthetic,N,50,current_mixture,0.1,10,1e-12,width,0.0,7,a_tau,3.912023005428146,,0.415
dc_cnn24,sweep_all,Deep Contractive,CNN,synthetic,N,100,current_mixture,0.1,10,1e-12,width,0.0,0,margin_hat_min,10.468130111694336,,51.566
dc_cnn24,sweep_all,Deep Contractive,CNN,synthetic,N,100,current_mixture,0.1,10,1e-12,width,0.0,0,d_eff,22.626826903223392,,51.566
dc_cnn24,sweep_all,Deep Contractive,CNN,synthetic,N,100,current_mixture,0.1,10,1e-12,width,0.0,0,g_ibp,0.9850381304415806,,0.073
dc_cnn24,sweep_all,Deep Contractive,CNN,synthetic,N,100,current_mixture,0.1,10,1e-12,width,0.0,0,a_tau,4.605170185988092,,4.47
dc_cnn24,sweep_all,Deep Contractive,CNN,synthetic,N,100,current_mixture,0.1,10,1e-12,width,0.0,1,margin_hat_min,10.468149185180664,,58.974
dc_cnn24,sweep_all,Deep Contractive,CNN,synthetic,N,100,current_mixture,0.1,10,1e-12,width,0.0,1,d_eff,21.494243644637784,,58.974
dc_cnn24,sweep_all,Deep Contractive,CNN,synthetic,N,100,current_mixture,0.1,10,1e-12,width,0.0,1,g_ibp,0.9850381577028481,,0.126
dc_cnn24,sweep_all,Deep Contractive,CNN,synthetic,N,100,current_mixture,0.1,10,1e-12,width,0.0,1,a_tau,4.605170185988092,,5.017
dc_cnn24,sweep_all,Deep Contractive,CNN,synthetic,N,100,current_mixture,0.1,10,1e-12,width,0.0,2,margin_hat_min,10.468137741088867,,50.836
dc_cnn24,sweep_all,Deep Contractive,CNN,synthetic,N,100,current_mixture,0.1,10,1e-12,width,0.0,2,d_eff,23.139089691732874,,50.836
dc_cnn24,sweep_all,Deep Contractive,CNN,synthetic,N,100,current_mixture,0.1,10,1e-12,width,0.0,2,g_ibp,0.9850381413460995,,0.069
dc_cnn24,sweep_all,Deep Contractive,CNN,synthetic,N,100,current_mixture,0.1,10,1e-12,width,0.0,2,a_tau,4.605170185988092,,4.085
dc_cnn24,sweep_all,Deep Contractive,CNN,synthetic,N,100,current_mixture,0.1,10,1e-12,width,0.0,3,margin_hat_min,10.468117713928223,,62.782
dc_cnn24,sweep_all,Deep Contractive,CNN,synthetic,N,100,current_mixture,0.1,10,1e-12,width,0.0,3,d_eff,22.733066138020067,,62.782
dc_cnn24,sweep_all,Deep Contractive,CNN,synthetic,N,100,current_mixture,0.1,10,1e-12,width,0.0,3,g_ibp,0.9850381127217035,,0.11
dc_cnn24,sweep_all,Deep Contractive,CNN,synthetic,N,100,current_mixture,0.1,10,1e-12,width,0.0,3,a_tau,4.605170185988092,,4.169
dc_cnn24,sweep_all,Deep Contractive,CNN,synthetic,N,100,current_mixture,0.1,10,1e-12,width,0.0,4,margin_hat_min,10.468125343322754,,53.664
dc_cnn24,sweep_all,Deep Contractive,CNN,synthetic,N,100,current_mixture,0.1,10,1e-12,width,0.0,4,d_eff,23.17334466629067,,53.664
dc_cnn24,sweep_all,Deep Contractive,CNN,synthetic,N,100,current_mixture,0.1,10,1e-12,width,0.0,4,g_ibp,0.9850381236262482,,0.028
dc_cnn24,sweep_all,Deep Contractive,CNN,synthetic,N,100,current_mixture,0.1,10,1e-12,width,0.0,4,a_tau,4.605170185988092,,3.191
dc_cnn24,sweep_all,Deep Contractive,CNN,synthetic,N,100,current_mixture,0.1,10,1e-12,width,0.0,5,margin_hat_min,10.468144416809082,,55.509
dc_cnn24,sweep_all,Deep Contractive,CNN,synthetic,N,100,current_mixture,0.1,10,1e-12,width,0.0,5,d_eff,25.5631364650262,,55.509
dc_cnn24,sweep_all,Deep Contractive,CNN,synthetic,N,100,current_mixture,0.1,10,1e-12,width,0.0,5,g_ibp,0.9850381508875405,,0.081
dc_cnn24,sweep_all,Deep Contractive,CNN,synthetic,N,100,current_mixture,0.1,10,1e-12,width,0.0,5,a_tau,4.605170185988092,,4.96
dc_cnn24,sweep_all,Deep Contractive,CNN,synthetic,N,100,current_mixture,0.1,10,1e-12,width,0.0,6,margin_hat_min,10.468124389648438,,54.505
dc_cnn24,sweep_all,Deep Contractive,CNN,synthetic,N,100,current_mixture,0.1,10,1e-12,width,0.0,6,d_eff,24.449609659583377,,54.505
dc_cnn24,sweep_all,Deep Contractive,CNN,synthetic,N,100,current_mixture,0.1,10,1e-12,width,0.0,6,g_ibp,0.985038122263181,,0.081
dc_cnn24,sweep_all,Deep Contractive,CNN,synthetic,N,100,current_mixture,0.1,10,1e-12,width,0.0,6,a_tau,4.605170185988092,,4.609
dc_cnn24,sweep_all,Deep Contractive,CNN,synthetic,N,100,current_mixture,0.1,10,1e-12,width,0.0,7,margin_hat_min,10.468120574951172,,58.995
dc_cnn24,sweep_all,Deep Contractive,CNN,synthetic,N,100,current_mixture,0.1,10,1e-12,width,0.0,7,d_eff,23.062788366343046,,58.995
dc_cnn24,sweep_all,Deep Contractive,CNN,synthetic,N,100,current_mixture,0.1,10,1e-12,width,0.0,7,g_ibp,0.9850381168109097,,0.041
dc_cnn24,sweep_all,Deep Contractive,CNN,synthetic,N,100,current_mixture,0.1,10,1e-12,width,0.0,7,a_tau,4.605170185988092,,3.244
dc_cnn24,sweep_all,Deep Contractive,CNN,synthetic,N,200,current_mixture,0.1,10,1e-12,width,0.0,0,margin_hat_min,10.468109130859375,,116.452
dc_cnn24,sweep_all,Deep Contractive,CNN,synthetic,N,200,current_mixture,0.1,10,1e-12,width,0.0,0,d_eff,21.000700908163196,,116.452
dc_cnn24,sweep_all,Deep Contractive,CNN,synthetic,N,200,current_mixture,0.1,10,1e-12,width,0.0,0,g_ibp,0.9850381004540717,,0.095
dc_cnn24,sweep_all,Deep Contractive,CNN,synthetic,N,200,current_mixture,0.1,10,1e-12,width,0.0,0,a_tau,5.298317366548036,,9.796
dc_cnn24,sweep_all,Deep Contractive,CNN,synthetic,N,200,current_mixture,0.1,10,1e-12,width,0.0,1,margin_hat_min,10.468103408813477,,126.934
dc_cnn24,sweep_all,Deep Contractive,CNN,synthetic,N,200,current_mixture,0.1,10,1e-12,width,0.0,1,d_eff,22.794493229607752,,126.934
dc_cnn24,sweep_all,Deep Contractive,CNN,synthetic,N,200,current_mixture,0.1,10,1e-12,width,0.0,1,g_ibp,0.9850380922756393,,0.064
dc_cnn24,sweep_all,Deep Contractive,CNN,synthetic,N,200,current_mixture,0.1,10,1e-12,width,0.0,1,a_tau,5.298317366548036,,8.178
dc_cnn24,sweep_all,Deep Contractive,CNN,synthetic,N,200,current_mixture,0.1,10,1e-12,width,0.0,2,margin_hat_min,10.468119621276855,,76.299
dc_cnn24,sweep_all,Deep Contractive,CNN,synthetic,N,200,current_mixture,0.1,10,1e-12,width,0.0,2,d_eff,22.35422554556627,,76.299
dc_cnn24,sweep_all,Deep Contractive,CNN,synthetic,N,200,current_mixture,0.1,10,1e-12,width,0.0,2,g_ibp,0.9850381154478411,,0.064
dc_cnn24,sweep_all,Deep Contractive,CNN,synthetic,N,200,current_mixture,0.1,10,1e-12,width,0.0,2,a_tau,5.298317366548036,,7.915
dc_cnn24,sweep_all,Deep Contractive,CNN,synthetic,N,200,current_mixture,0.1,10,1e-12,width,0.0,3,margin_hat_min,10.468116760253906,,122.152
dc_cnn24,sweep_all,Deep Contractive,CNN,synthetic,N,200,current_mixture,0.1,10,1e-12,width,0.0,3,d_eff,21.133870898999657,,122.152
dc_cnn24,sweep_all,Deep Contractive,CNN,synthetic,N,200,current_mixture,0.1,10,1e-12,width,0.0,3,g_ibp,0.9850381113586343,,0.079
dc_cnn24,sweep_all,Deep Contractive,CNN,synthetic,N,200,current_mixture,0.1,10,1e-12,width,0.0,3,a_tau,5.298317366548036,,7.913
dc_cnn24,sweep_all,Deep Contractive,CNN,synthetic,N,200,current_mixture,0.1,10,1e-12,width,0.0,4,margin_hat_min,10.468124389648438,,124.559
dc_cnn24,sweep_all,Deep Contractive,CNN,synthetic,N,200,current_mixture,0.1,10,1e-12,width,0.0,4,d_eff,22.102930865028792,,124.559
dc_cnn24,sweep_all,Deep Contractive,CNN,synthetic,N,200,current_mixture,0.1,10,1e-12,width,0.0,4,g_ibp,0.985038122263181,,0.085
dc_cnn24,sweep_all,Deep Contractive,CNN,synthetic,N,200,current_mixture,0.1,10,1e-12,width,0.0,4,a_tau,5.298317366548036,,9.448
dc_cnn24,sweep_all,Deep Contractive,CNN,synthetic,N,200,current_mixture,0.1,10,1e-12,width,0.0,5,margin_hat_min,10.46811580657959,,134.258
dc_cnn24,sweep_all,Deep Contractive,CNN,synthetic,N,200,current_mixture,0.1,10,1e-12,width,0.0,5,d_eff,22.119019880450047,,134.258
dc_cnn24,sweep_all,Deep Contractive,CNN,synthetic,N,200,current_mixture,0.1,10,1e-12,width,0.0,5,g_ibp,0.9850381099955648,,0.098
dc_cnn24,sweep_all,Deep Contractive,CNN,synthetic,N,200,current_mixture,0.1,10,1e-12,width,0.0,5,a_tau,5.298317366548036,,10.083
dc_cnn24,sweep_all,Deep Contractive,CNN,synthetic,N,200,current_mixture,0.1,10,1e-12,width,0.0,6,margin_hat_min,10.468111991882324,,127.902
dc_cnn24,sweep_all,Deep Contractive,CNN,synthetic,N,200,current_mixture,0.1,10,1e-12,width,0.0,6,d_eff,21.982887502691646,,127.902
dc_cnn24,sweep_all,Deep Contractive,CNN,synthetic,N,200,current_mixture,0.1,10,1e-12,width,0.0,6,g_ibp,0.9850381045432846,,0.125
dc_cnn24,sweep_all,Deep Contractive,CNN,synthetic,N,200,current_mixture,0.1,10,1e-12,width,0.0,6,a_tau,5.298317366548036,,9.247
dc_cnn24,sweep_all,Deep Contractive,CNN,synthetic,N,200,current_mixture,0.1,10,1e-12,width,0.0,7,margin_hat_min,10.468122482299805,,136.185
dc_cnn24,sweep_all,Deep Contractive,CNN,synthetic,N,200,current_mixture,0.1,10,1e-12,width,0.0,7,d_eff,23.110533202712485,,136.185
dc_cnn24,sweep_all,Deep Contractive,CNN,synthetic,N,200,current_mixture,0.1,10,1e-12,width,0.0,7,g_ibp,0.9850381195370458,,0.085
dc_cnn24,sweep_all,Deep Contractive,CNN,synthetic,N,200,current_mixture,0.1,10,1e-12,width,0.0,7,a_tau,5.298317366548036,,9.753
dc_cnn24,sweep_all,Deep Contractive,CNN,synthetic,N,400,current_mixture,0.1,10,1e-12,width,0.0,0,margin_hat_min,10.468097686767578,,236.962
dc_cnn24,sweep_all,Deep Contractive,CNN,synthetic,N,400,current_mixture,0.1,10,1e-12,width,0.0,0,d_eff,21.691728858144184,,236.962
dc_cnn24,sweep_all,Deep Contractive,CNN,synthetic,N,400,current_mixture,0.1,10,1e-12,width,0.0,0,g_ibp,0.985038084097198,,0.122
dc_cnn24,sweep_all,Deep Contractive,CNN,synthetic,N,400,current_mixture,0.1,10,1e-12,width,0.0,0,a_tau,5.988961416889864,,16.455
dc_cnn24,sweep_all,Deep Contractive,CNN,synthetic,N,400,current_mixture,0.1,10,1e-12,width,0.0,1,margin_hat_min,10.468107223510742,,233.147
dc_cnn24,sweep_all,Deep Contractive,CNN,synthetic,N,400,current_mixture,0.1,10,1e-12,width,0.0,1,d_eff,22.269364165544406,,233.147
dc_cnn24,sweep_all,Deep Contractive,CNN,synthetic,N,400,current_mixture,0.1,10,1e-12,width,0.0,1,g_ibp,0.9850380977279286,,0.103
dc_cnn24,sweep_all,Deep Contractive,CNN,synthetic,N,400,current_mixture,0.1,10,1e-12,width,0.0,1,a_tau,5.988961416889864,,15.267
dc_cnn24,sweep_all,Deep Contractive,CNN,synthetic,N,400,current_mixture,0.1,10,1e-12,width,0.0,2,margin_hat_min,10.468107223510742,,245.185
dc_cnn24,sweep_all,Deep Contractive,CNN,synthetic,N,400,current_mixture,0.1,10,1e-12,width,0.0,2,d_eff,22.34127224411718,,245.185
dc_cnn24,sweep_all,Deep Contractive,CNN,synthetic,N,400,current_mixture,0.1,10,1e-12,width,0.0,2,g_ibp,0.9850380977279286,,0.131
dc_cnn24,sweep_all,Deep Contractive,CNN,synthetic,N,400,current_mixture,0.1,10,1e-12,width,0.0,2,a_tau,5.991464547107982,,17.667
dc_cnn24,sweep_all,Deep Contractive,CNN,synthetic,N,400,current_mixture,0.1,10,1e-12,width,0.0,3,margin_hat_min,10.468100547790527,,240.198
dc_cnn24,sweep_all,Deep Contractive,CNN,synthetic,N,400,current_mixture,0.1,10,1e-12,width,0.0,3,d_eff,22.37575325257958,,240.198
dc_cnn24,sweep_all,Deep Contractive,CNN,synthetic,N,400,current_mixture,0.1,10,1e-12,width,0.0,3,g_ibp,0.9850380881864198,,0.128
dc_cnn24,sweep_all,Deep Contractive,CNN,synthetic,N,400,current_mixture,0.1,10,1e-12,width,0.0,3,a_tau,5.991464547107982,,15.956
dc_cnn24,sweep_all,Deep Contractive,CNN,synthetic,N,400,current_mixture,0.1,10,1e-12,width,0.0,4,margin_hat_min,10.46807861328125,,233.813
dc_cnn24,sweep_all,Deep Contractive,CNN,synthetic,N,400,current_mixture,0.1,10,1e-12,width,0.0,4,d_eff,22.724791106869848,,233.813
dc_cnn24,sweep_all,Deep Contractive,CNN,synthetic,N,400,current_mixture,0.1,10,1e-12,width,0.0,4,g_ibp,0.9850380568356624,,0.127
dc_cnn24,sweep_all,Deep Contractive,CNN,synthetic,N,400,current_mixture,0.1,10,1e-12,width,0.0,4,a_tau,5.991464547107982,,17.593
dc_cnn24,sweep_all,Deep Contractive,CNN,synthetic,N,400,current_mixture,0.1,10,1e-12,width,0.0,5,margin_hat_min,10.468103408813477,,235.067
dc_cnn24,sweep_all,Deep Contractive,CNN,synthetic,N,400,current_mixture,0.1,10,1e-12,width,0.0,5,d_eff,21.49289996165406,,235.067
dc_cnn24,sweep_all,Deep Contractive,CNN,synthetic,N,400,current_mixture,0.1,10,1e-12,width,0.0,5,g_ibp,0.9850380922756393,,0.103
dc_cnn24,sweep_all,Deep Contractive,CNN,synthetic,N,400,current_mixture,0.1,10,1e-12,width,0.0,5,a_tau,5.991464547107982,,16.983
dc_cnn24,sweep_all,Deep Contractive,CNN,synthetic,N,400,current_mixture,0.1,10,1e-12,width,0.0,6,margin_hat_min,10.468109130859375,,230.615
dc_cnn24,sweep_all,Deep Contractive,CNN,synthetic,N,400,current_mixture,0.1,10,1e-12,width,0.0,6,d_eff,21.778688460169974,,230.615
dc_cnn24,sweep_all,Deep Contractive,CNN,synthetic,N,400,current_mixture,0.1,10,1e-12,width,0.0,6,g_ibp,0.9850381004540717,,0.119
dc_cnn24,sweep_all,Deep Contractive,CNN,synthetic,N,400,current_mixture,0.1,10,1e-12,width,0.0,6,a_tau,5.988961416889864,,17.759
dc_cnn24,sweep_all,Deep Contractive,CNN,synthetic,N,400,current_mixture,0.1,10,1e-12,width,0.0,7,margin_hat_min,10.468097686767578,,250.287
dc_cnn24,sweep_all,Deep Contractive,CNN,synthetic,N,400,current_mixture,0.1,10,1e-12,width,0.0,7,d_eff,22.540996753407363,,250.287
dc_cnn24,sweep_all,Deep Contractive,CNN,synthetic,N,400,current_mixture,0.1,10,1e-12,width,0.0,7,g_ibp,0.985038084097198,,0.09
dc_cnn24,sweep_all,Deep Contractive,CNN,synthetic,N,400,current_mixture,0.1,10,1e-12,width,0.0,7,a_tau,5.983936280687191,,12.572
dc_cnn24,sweep_all,Deep Contractive,CNN,synthetic,N,800,current_mixture,0.1,10,1e-12,width,0.0,0,margin_hat_min,10.468094825744629,,299.97
dc_cnn24,sweep_all,Deep Contractive,CNN,synthetic,N,800,current_mixture,0.1,10,1e-12,width,0.0,0,d_eff,22.819021523457288,,299.97
dc_cnn24,sweep_all,Deep Contractive,CNN,synthetic,N,800,current_mixture,0.1,10,1e-12,width,0.0,0,g_ibp,0.985038080007974,,0.111
dc_cnn24,sweep_all,Deep Contractive,CNN,synthetic,N,800,current_mixture,0.1,10,1e-12,width,0.0,0,a_tau,6.682108597449809,,29.51
dc_cnn24,sweep_all,Deep Contractive,CNN,synthetic,N,800,current_mixture,0.1,10,1e-12,width,0.0,1,margin_hat_min,10.468086242675781,,385.838
dc_cnn24,sweep_all,Deep Contractive,CNN,synthetic,N,800,current_mixture,0.1,10,1e-12,width,0.0,1,d_eff,22.149280959346132,,385.838
dc_cnn24,sweep_all,Deep Contractive,CNN,synthetic,N,800,current_mixture,0.1,10,1e-12,width,0.0,1,g_ibp,0.9850380677402885,,0.104
dc_cnn24,sweep_all,Deep Contractive,CNN,synthetic,N,800,current_mixture,0.1,10,1e-12,width,0.0,1,a_tau,6.679599185844383,,32.287
dc_cnn24,sweep_all,Deep Contractive,CNN,synthetic,N,800,current_mixture,0.1,10,1e-12,width,0.0,2,margin_hat_min,10.468084335327148,,299.955
dc_cnn24,sweep_all,Deep Contractive,CNN,synthetic,N,800,current_mixture,0.1,10,1e-12,width,0.0,2,d_eff,22.195860831966442,,299.955
dc_cnn24,sweep_all,Deep Contractive,CNN,synthetic,N,800,current_mixture,0.1,10,1e-12,width,0.0,2,g_ibp,0.9850380650141335,,0.098
dc_cnn24,sweep_all,Deep Contractive,CNN,synthetic,N,800,current_mixture,0.1,10,1e-12,width,0.0,2,a_tau,6.682108597449809,,31.092
dc_cnn24,sweep_all,Deep Contractive,CNN,synthetic,N,800,current_mixture,0.1,10,1e-12,width,0.0,3,margin_hat_min,10.468103408813477,,299.933
dc_cnn24,sweep_all,Deep Contractive,CNN,synthetic,N,800,current_mixture,0.1,10,1e-12,width,0.0,3,d_eff,22.73832087678997,,299.933
dc_cnn24,sweep_all,Deep Contractive,CNN,synthetic,N,800,current_mixture,0.1,10,1e-12,width,0.0,3,g_ibp,0.9850380922756393,,0.081
dc_cnn24,sweep_all,Deep Contractive,CNN,synthetic,N,800,current_mixture,0.1,10,1e-12,width,0.0,3,a_tau,6.682108597449809,,30.925
dc_cnn24,sweep_all,Deep Contractive,CNN,synthetic,N,800,current_mixture,0.1,10,1e-12,width,0.0,4,margin_hat_min,10.468101501464844,,299.921
dc_cnn24,sweep_all,Deep Contractive,CNN,synthetic,N,800,current_mixture,0.1,10,1e-12,width,0.0,4,d_eff,22.32983348935291,,299.921
dc_cnn24,sweep_all,Deep Contractive,CNN,synthetic,N,800,current_mixture,0.1,10,1e-12,width,0.0,4,g_ibp,0.9850380895494932,,0.114
dc_cnn24,sweep_all,Deep Contractive,CNN,synthetic,N,800,current_mixture,0.1,10,1e-12,width,0.0,4,a_tau,6.683360945766275,,31.025
dc_cnn24,sweep_all,Deep Contractive,CNN,synthetic,N,800,current_mixture,0.1,10,1e-12,width,0.0,5,margin_hat_min,10.468107223510742,,299.936
dc_cnn24,sweep_all,Deep Contractive,CNN,synthetic,N,800,current_mixture,0.1,10,1e-12,width,0.0,5,d_eff,22.287010575689788,,299.936
dc_cnn24,sweep_all,Deep Contractive,CNN,synthetic,N,800,current_mixture,0.1,10,1e-12,width,0.0,5,g_ibp,0.9850380977279286,,0.09
dc_cnn24,sweep_all,Deep Contractive,CNN,synthetic,N,800,current_mixture,0.1,10,1e-12,width,0.0,5,a_tau,6.679599185844383,,31.204
dc_cnn24,sweep_all,Deep Contractive,CNN,synthetic,N,800,current_mixture,0.1,10,1e-12,width,0.0,6,margin_hat_min,10.468097686767578,,299.916
dc_cnn24,sweep_all,Deep Contractive,CNN,synthetic,N,800,current_mixture,0.1,10,1e-12,width,0.0,6,d_eff,22.07860409013841,,299.916
dc_cnn24,sweep_all,Deep Contractive,CNN,synthetic,N,800,current_mixture,0.1,10,1e-12,width,0.0,6,g_ibp,0.985038084097198,,0.085
dc_cnn24,sweep_all,Deep Contractive,CNN,synthetic,N,800,current_mixture,0.1,10,1e-12,width,0.0,6,a_tau,6.682108597449809,,30.901
dc_cnn24,sweep_all,Deep Contractive,CNN,synthetic,N,800,current_mixture,0.1,10,1e-12,width,0.0,7,margin_hat_min,10.468080520629883,,299.931
dc_cnn24,sweep_all,Deep Contractive,CNN,synthetic,N,800,current_mixture,0.1,10,1e-12,width,0.0,7,d_eff,22.03574838851856,,299.931
dc_cnn24,sweep_all,Deep Contractive,CNN,synthetic,N,800,current_mixture,0.1,10,1e-12,width,0.0,7,g_ibp,0.9850380595618203,,0.084
dc_cnn24,sweep_all,Deep Contractive,CNN,synthetic,N,800,current_mixture,0.1,10,1e-12,width,0.0,7,a_tau,6.678342114654332,,29.655
dc_cnn24,sweep_all,Deep Contractive,CNN,synthetic,N,1600,current_mixture,0.1,10,1e-12,width,0.0,0,margin_hat_min,10.46809196472168,,464.189
dc_cnn24,sweep_all,Deep Contractive,CNN,synthetic,N,1600,current_mixture,0.1,10,1e-12,width,0.0,0,d_eff,22.22411579684132,,464.189
dc_cnn24,sweep_all,Deep Contractive,CNN,synthetic,N,1600,current_mixture,0.1,10,1e-12,width,0.0,0,g_ibp,0.9850380759187477,,0.102
dc_cnn24,sweep_all,Deep Contractive,CNN,synthetic,N,1600,current_mixture,0.1,10,1e-12,width,0.0,0,a_tau,7.374001859350161,,42.997
dc_cnn24,sweep_all,Deep Contractive,CNN,synthetic,N,1600,current_mixture,0.1,10,1e-12,width,0.0,1,margin_hat_min,10.468096733093262,,408.235
dc_cnn24,sweep_all,Deep Contractive,CNN,synthetic,N,1600,current_mixture,0.1,10,1e-12,width,0.0,1,d_eff,22.37993115755304,,408.235
dc_cnn24,sweep_all,Deep Contractive,CNN,synthetic,N,1600,current_mixture,0.1,10,1e-12,width,0.0,1,g_ibp,0.9850380827341235,,0.007
dc_cnn24,sweep_all,Deep Contractive,CNN,synthetic,N,1600,current_mixture,0.1,10,1e-12,width,0.0,1,a_tau,7.374629015218945,,26.697
dc_cnn24,sweep_all,Deep Contractive,CNN,synthetic,N,1600,current_mixture,0.1,10,1e-12,width,0.0,2,margin_hat_min,10.46809196472168,,450.276
dc_cnn24,sweep_all,Deep Contractive,CNN,synthetic,N,1600,current_mixture,0.1,10,1e-12,width,0.0,2,d_eff,22.615824526968364,,450.276
dc_cnn24,sweep_all,Deep Contractive,CNN,synthetic,N,1600,current_mixture,0.1,10,1e-12,width,0.0,2,g_ibp,0.9850380759187477,,0.008
dc_cnn24,sweep_all,Deep Contractive,CNN,synthetic,N,1600,current_mixture,0.1,10,1e-12,width,0.0,2,a_tau,7.3752557780097545,,34.022
dc_cnn24,sweep_all,Deep Contractive,CNN,synthetic,N,1600,current_mixture,0.1,10,1e-12,width,0.0,3,margin_hat_min,10.468094825744629,,420.872
dc_cnn24,sweep_all,Deep Contractive,CNN,synthetic,N,1600,current_mixture,0.1,10,1e-12,width,0.0,3,d_eff,22.618009533285708,,420.872
dc_cnn24,sweep_all,Deep Contractive,CNN,synthetic,N,1600,current_mixture,0.1,10,1e-12,width,0.0,3,g_ibp,0.985038080007974,,0.115
dc_cnn24,sweep_all,Deep Contractive,CNN,synthetic,N,1600,current_mixture,0.1,10,1e-12,width,0.0,3,a_tau,7.3727463664043285,,21.125
dc_cnn24,sweep_all,Deep Contractive,CNN,synthetic,N,1600,current_mixture,0.1,10,1e-12,width,0.0,4,margin_hat_min,10.468093872070312,,419.352
dc_cnn24,sweep_all,Deep Contractive,CNN,synthetic,N,1600,current_mixture,0.1,10,1e-12,width,0.0,4,d_eff,22.544228948454514,,419.352
dc_cnn24,sweep_all,Deep Contractive,CNN,synthetic,N,1600,current_mixture,0.1,10,1e-12,width,0.0,4,g_ibp,0.9850380786448988,,0.021
dc_cnn24,sweep_all,Deep Contractive,CNN,synthetic,N,1600,current_mixture,0.1,10,1e-12,width,0.0,4,a_tau,7.374629015218945,,34.934
dc_cnn24,sweep_all,Deep Contractive,CNN,synthetic,N,1600,current_mixture,0.1,10,1e-12,width,0.0,5,margin_hat_min,10.468093872070312,,430.755
dc_cnn24,sweep_all,Deep Contractive,CNN,synthetic,N,1600,current_mixture,0.1,10,1e-12,width,0.0,5,d_eff,22.343245131948972,,430.755
dc_cnn24,sweep_all,Deep Contractive,CNN,synthetic,N,1600,current_mixture,0.1,10,1e-12,width,0.0,5,g_ibp,0.9850380786448988,,0.103
dc_cnn24,sweep_all,Deep Contractive,CNN,synthetic,N,1600,current_mixture,0.1,10,1e-12,width,0.0,5,a_tau,7.370860166536716,,39.905
dc_cnn24,sweep_all,Deep Contractive,CNN,synthetic,N,1600,current_mixture,0.1,10,1e-12,width,0.0,6,margin_hat_min,10.468096733093262,,437.469
dc_cnn24,sweep_all,Deep Contractive,CNN,synthetic,N,1600,current_mixture,0.1,10,1e-12,width,0.0,6,d_eff,22.699366285448484,,437.469
dc_cnn24,sweep_all,Deep Contractive,CNN,synthetic,N,1600,current_mixture,0.1,10,1e-12,width,0.0,6,g_ibp,0.9850380827341235,,0.021
dc_cnn24,sweep_all,Deep Contractive,CNN,synthetic,N,1600,current_mixture,0.1,10,1e-12,width,0.0,6,a_tau,7.374001859350161,,40.218
dc_cnn24,sweep_all,Deep Contractive,CNN,synthetic,N,1600,current_mixture,0.1,10,1e-12,width,0.0,7,margin_hat_min,10.468076705932617,,398.339
dc_cnn24,sweep_all,Deep Contractive,CNN,synthetic,N,1600,current_mixture,0.1,10,1e-12,width,0.0,7,d_eff,22.482585474431197,,398.339
dc_cnn24,sweep_all,Deep Contractive,CNN,synthetic,N,1600,current_mixture,0.1,10,1e-12,width,0.0,7,g_ibp,0.9850380541095033,,0.023
dc_cnn24,sweep_all,Deep Contractive,CNN,synthetic,N,1600,current_mixture,0.1,10,1e-12,width,0.0,7,a_tau,7.370860166536716,,35.655
dc_cnn28,sweep_all,Deep Contractive,CNN,synthetic,N,50,current_mixture,0.1,10,1e-12,width,0.0,0,margin_hat_min,8.55362606048584,,33.731
dc_cnn28,sweep_all,Deep Contractive,CNN,synthetic,N,50,current_mixture,0.1,10,1e-12,width,0.0,0,d_eff,19.572209728245227,,33.731
dc_cnn28,sweep_all,Deep Contractive,CNN,synthetic,N,50,current_mixture,0.1,10,1e-12,width,0.0,0,g_ibp,0.9867621174278127,,0.094
dc_cnn28,sweep_all,Deep Contractive,CNN,synthetic,N,50,current_mixture,0.1,10,1e-12,width,0.0,0,a_tau,3.912023005428146,,3.0
dc_cnn28,sweep_all,Deep Contractive,CNN,synthetic,N,50,current_mixture,0.1,10,1e-12,width,0.0,1,margin_hat_min,8.553607940673828,,30.939
dc_cnn28,sweep_all,Deep Contractive,CNN,synthetic,N,50,current_mixture,0.1,10,1e-12,width,0.0,1,d_eff,17.25634685634444,,30.939
dc_cnn28,sweep_all,Deep Contractive,CNN,synthetic,N,50,current_mixture,0.1,10,1e-12,width,0.0,1,g_ibp,0.986762089384916,,0.081
dc_cnn28,sweep_all,Deep Contractive,CNN,synthetic,N,50,current_mixture,0.1,10,1e-12,width,0.0,1,a_tau,3.912023005428146,,3.141
dc_cnn28,sweep_all,Deep Contractive,CNN,synthetic,N,50,current_mixture,0.1,10,1e-12,width,0.0,2,margin_hat_min,8.553657531738281,,36.54
dc_cnn28,sweep_all,Deep Contractive,CNN,synthetic,N,50,current_mixture,0.1,10,1e-12,width,0.0,2,d_eff,16.204590441281127,,36.54
dc_cnn28,sweep_all,Deep Contractive,CNN,synthetic,N,50,current_mixture,0.1,10,1e-12,width,0.0,2,g_ibp,0.986762166133614,,0.079
dc_cnn28,sweep_all,Deep Contractive,CNN,synthetic,N,50,current_mixture,0.1,10,1e-12,width,0.0,2,a_tau,3.912023005428146,,3.13
dc_cnn28,sweep_all,Deep Contractive,CNN,synthetic,N,50,current_mixture,0.1,10,1e-12,width,0.0,3,margin_hat_min,8.553633689880371,,31.8
dc_cnn28,sweep_all,Deep Contractive,CNN,synthetic,N,50,current_mixture,0.1,10,1e-12,width,0.0,3,d_eff,20.75122208626056,,31.8
dc_cnn28,sweep_all,Deep Contractive,CNN,synthetic,N,50,current_mixture,0.1,10,1e-12,width,0.0,3,g_ibp,0.9867621292353126,,0.085
dc_cnn28,sweep_all,Deep Contractive,CNN,synthetic,N,50,current_mixture,0.1,10,1e-12,width,0.0,3,a_tau,3.912023005428146,,2.776
dc_cnn28,sweep_all,Deep Contractive,CNN,synthetic,N,50,current_mixture,0.1,10,1e-12,width,0.0,4,margin_hat_min,8.55362606048584,,31.185
dc_cnn28,sweep_all,Deep Contractive,CNN,synthetic,N,50,current_mixture,0.1,10,1e-12,width,0.0,4,d_eff,19.020617687262515,,31.185
dc_cnn28,sweep_all,Deep Contractive,CNN,synthetic,N,50,current_mixture,0.1,10,1e-12,width,0.0,4,g_ibp,0.9867621174278127,,0.037
dc_cnn28,sweep_all,Deep Contractive,CNN,synthetic,N,50,current_mixture,0.1,10,1e-12,width,0.0,4,a_tau,3.912023005428146,,3.152
dc_cnn28,sweep_all,Deep Contractive,CNN,synthetic,N,50,current_mixture,0.1,10,1e-12,width,0.0,5,margin_hat_min,8.553595542907715,,28.234
dc_cnn28,sweep_all,Deep Contractive,CNN,synthetic,N,50,current_mixture,0.1,10,1e-12,width,0.0,5,d_eff,21.155241959529956,,28.234
dc_cnn28,sweep_all,Deep Contractive,CNN,synthetic,N,50,current_mixture,0.1,10,1e-12,width,0.0,5,g_ibp,0.9867620701976024,,0.085
dc_cnn28,sweep_all,Deep Contractive,CNN,synthetic,N,50,current_mixture,0.1,10,1e-12,width,0.0,5,a_tau,3.8918202981106265,,2.871
dc_cnn28,sweep_all,Deep Contractive,CNN,synthetic,N,50,current_mixture,0.1,10,1e-12,width,0.0,6,margin_hat_min,8.553634643554688,,33.529
dc_cnn28,sweep_all,Deep Contractive,CNN,synthetic,N,50,current_mixture,0.1,10,1e-12,width,0.0,6,d_eff,19.327241386683998,,33.529
dc_cnn28,sweep_all,Deep Contractive,CNN,synthetic,N,50,current_mixture,0.1,10,1e-12,width,0.0,6,g_ibp,0.9867621307112486,,0.095
dc_cnn28,sweep_all,Deep Contractive,CNN,synthetic,N,50,current_mixture,0.1,10,1e-12,width,0.0,6,a_tau,3.912023005428146,,3.317
dc_cnn28,sweep_all,Deep Contractive,CNN,synthetic,N,50,current_mixture,0.1,10,1e-12,width,0.0,7,margin_hat_min,8.553632736206055,,34.993
dc_cnn28,sweep_all,Deep Contractive,CNN,synthetic,N,50,current_mixture,0.1,10,1e-12,width,0.0,7,d_eff,16.1436962646941,,34.993
dc_cnn28,sweep_all,Deep Contractive,CNN,synthetic,N,50,current_mixture,0.1,10,1e-12,width,0.0,7,g_ibp,0.9867621277593762,,0.081
dc_cnn28,sweep_all,Deep Contractive,CNN,synthetic,N,50,current_mixture,0.1,10,1e-12,width,0.0,7,a_tau,3.912023005428146,,3.187
dc_cnn28,sweep_all,Deep Contractive,CNN,synthetic,N,100,current_mixture,0.1,10,1e-12,width,0.0,0,margin_hat_min,8.553622245788574,,69.628
dc_cnn28,sweep_all,Deep Contractive,CNN,synthetic,N,100,current_mixture,0.1,10,1e-12,width,0.0,0,d_eff,19.87208812368244,,69.628
dc_cnn28,sweep_all,Deep Contractive,CNN,synthetic,N,100,current_mixture,0.1,10,1e-12,width,0.0,0,g_ibp,0.9867621115240548,,0.098
dc_cnn28,sweep_all,Deep Contractive,CNN,synthetic,N,100,current_mixture,0.1,10,1e-12,width,0.0,0,a_tau,4.605170185988092,,5.897
dc_cnn28,sweep_all,Deep Contractive,CNN,synthetic,N,100,current_mixture,0.1,10,1e-12,width,0.0,1,margin_hat_min,8.55363655090332,,68.152
dc_cnn28,sweep_all,Deep Contractive,CNN,synthetic,N,100,current_mixture,0.1,10,1e-12,width,0.0,1,d_eff,19.252398858747195,,68.152
dc_cnn28,sweep_all,Deep Contractive,CNN,synthetic,N,100,current_mixture,0.1,10,1e-12,width,0.0,1,g_ibp,0.9867621336631196,,0.098
dc_cnn28,sweep_all,Deep Contractive,CNN,synthetic,N,100,current_mixture,0.1,10,1e-12,width,0.0,1,a_tau,4.59511985013459,,6.013
dc_cnn28,sweep_all,Deep Contractive,CNN,synthetic,N,100,current_mixture,0.1,10,1e-12,width,0.0,2,margin_hat_min,8.55361557006836,,70.148
dc_cnn28,sweep_all,Deep Contractive,CNN,synthetic,N,100,current_mixture,0.1,10,1e-12,width,0.0,2,d_eff,16.124079853998623,,70.148
dc_cnn28,sweep_all,Deep Contractive,CNN,synthetic,N,100,current_mixture,0.1,10,1e-12,width,0.0,2,g_ibp,0.9867621011924659,,0.009
dc_cnn28,sweep_all,Deep Contractive,CNN,synthetic,N,100,current_mixture,0.1,10,1e-12,width,0.0,2,a_tau,4.59511985013459,,5.27
dc_cnn28,sweep_all,Deep Contractive,CNN,synthetic,N,100,current_mixture,0.1,10,1e-12,width,0.0,3,margin_hat_min,8.553611755371094,,69.759
dc_cnn28,sweep_all,Deep Contractive,CNN,synthetic,N,100,current_mixture,0.1,10,1e-12,width,0.0,3,d_eff,18.907167175009473,,69.759
dc_cnn28,sweep_all,Deep Contractive,CNN,synthetic,N,100,current_mixture,0.1,10,1e-12,width,0.0,3,g_ibp,0.9867620952886936,,0.09
dc_cnn28,sweep_all,Deep Contractive,CNN,synthetic,N,100,current_mixture,0.1,10,1e-12,width,0.0,3,a_tau,4.59511985013459,,5.525
dc_cnn28,sweep_all,Deep Contractive,CNN,synthetic,N,100,current_mixture,0.1,10,1e-12,width,0.0,4,margin_hat_min,8.553625106811523,,68.944
dc_cnn28,sweep_all,Deep Contractive,CNN,synthetic,N,100,current_mixture,0.1,10,1e-12,width,0.0,4,d_eff,18.223219926141322,,68.944
dc_cnn28,sweep_all,Deep Contractive,CNN,synthetic,N,100,current_mixture,0.1,10,1e-12,width,0.0,4,g_ibp,0.9867621159518737,,0.085
dc_cnn28,sweep_all,Deep Contractive,CNN,synthetic,N,100,current_mixture,0.1,10,1e-12,width,0.0,4,a_tau,4.605170185988092,,5.619
dc_cnn28,sweep_all,Deep Contractive,CNN,synthetic,N,100,current_mixture,0.1,10,1e-12,width,0.0,5,margin_hat_min,8.55362606048584,,71.43
dc_cnn28,sweep_all,Deep Contractive,CNN,synthetic,N,100,current_mixture,0.1,10,1e-12,width,0.0,5,d_eff,19.36238572541497,,71.43
dc_cnn28,sweep_all,Deep Contractive,CNN,synthetic,N,100,current_mixture,0.1,10,1e-12,width,0.0,5,g_ibp,0.9867621174278127,,0.081
dc_cnn28,sweep_all,Deep Contractive,CNN,synthetic,N,100,current_mixture,0.1,10,1e-12,width,0.0,5,a_tau,4.584967478670572,,5.676
dc_cnn28,sweep_all,Deep Contractive,CNN,synthetic,N,100,current_mixture,0.1,10,1e-12,width,0.0,6,margin_hat_min,8.553618431091309,,69.573
dc_cnn28,sweep_all,Deep Contractive,CNN,synthetic,N,100,current_mixture,0.1,10,1e-12,width,0.0,6,d_eff,21.15190997227195,,69.573
dc_cnn28,sweep_all,Deep Contractive,CNN,synthetic,N,100,current_mixture,0.1,10,1e-12,width,0.0,6,g_ibp,0.9867621056202918,,0.085
dc_cnn28,sweep_all,Deep Contractive,CNN,synthetic,N,100,current_mixture,0.1,10,1e-12,width,0.0,6,a_tau,4.574710978503383,,5.124
dc_cnn28,sweep_all,Deep Contractive,CNN,synthetic,N,100,current_mixture,0.1,10,1e-12,width,0.0,7,margin_hat_min,8.553589820861816,,71.042
dc_cnn28,sweep_all,Deep Contractive,CNN,synthetic,N,100,current_mixture,0.1,10,1e-12,width,0.0,7,d_eff,18.66126220162002,,71.042
dc_cnn28,sweep_all,Deep Contractive,CNN,synthetic,N,100,current_mixture,0.1,10,1e-12,width,0.0,7,g_ibp,0.9867620613419005,,0.137
dc_cnn28,sweep_all,Deep Contractive,CNN,synthetic,N,100,current_mixture,0.1,10,1e-12,width,0.0,7,a_tau,4.605170185988092,,5.662
dc_cnn28,sweep_all,Deep Contractive,CNN,synthetic,N,200,current_mixture,0.1,10,1e-12,width,0.0,0,margin_hat_min,8.5535888671875,,147.161
dc_cnn28,sweep_all,Deep Contractive,CNN,synthetic,N,200,current_mixture,0.1,10,1e-12,width,0.0,0,d_eff,19.842890919383866,,147.161
dc_cnn28,sweep_all,Deep Contractive,CNN,synthetic,N,200,current_mixture,0.1,10,1e-12,width,0.0,0,g_ibp,0.986762059865949,,0.103
dc_cnn28,sweep_all,Deep Contractive,CNN,synthetic,N,200,current_mixture,0.1,10,1e-12,width,0.0,0,a_tau,5.298317366548036,,13.0
dc_cnn28,sweep_all,Deep Contractive,CNN,synthetic,N,200,current_mixture,0.1,10,1e-12,width,0.0,1,margin_hat_min,8.553592681884766,,155.516
dc_cnn28,sweep_all,Deep Contractive,CNN,synthetic,N,200,current_mixture,0.1,10,1e-12,width,0.0,1,d_eff,19.36990962303119,,155.516
dc_cnn28,sweep_all,Deep Contractive,CNN,synthetic,N,200,current_mixture,0.1,10,1e-12,width,0.0,1,g_ibp,0.986762065769753,,0.161
dc_cnn28,sweep_all,Deep Contractive,CNN,synthetic,N,200,current_mixture,0.1,10,1e-12,width,0.0,1,a_tau,5.278114659230517,,13.351
dc_cnn28,sweep_all,Deep Contractive,CNN,synthetic,N,200,current_mixture,0.1,10,1e-12,width,0.0,2,margin_hat_min,8.553597450256348,,142.994
dc_cnn28,sweep_all,Deep Contractive,CNN,synthetic,N,200,current_mixture,0.1,10,1e-12,width,0.0,2,d_eff,17.92138321584736,,142.994
dc_cnn28,sweep_all,Deep Contractive,CNN,synthetic,N,200,current_mixture,0.1,10,1e-12,width,0.0,2,g_ibp,0.9867620731495005,,0.184
dc_cnn28,sweep_all,Deep Contractive,CNN,synthetic,N,200,current_mixture,0.1,10,1e-12,width,0.0,2,a_tau,5.2832037287379885,,16.423
dc_cnn28,sweep_all,Deep Contractive,CNN,synthetic,N,200,current_mixture,0.1,10,1e-12,width,0.0,3,margin_hat_min,8.553604125976562,,160.0
dc_cnn28,sweep_all,Deep Contractive,CNN,synthetic,N,200,current_mixture,0.1,10,1e-12,width,0.0,3,d_eff,20.284407438817894,,160.0
dc_cnn28,sweep_all,Deep Contractive,CNN,synthetic,N,200,current_mixture,0.1,10,1e-12,width,0.0,3,g_ibp,0.9867620834811331,,0.107
dc_cnn28,sweep_all,Deep Contractive,CNN,synthetic,N,200,current_mixture,0.1,10,1e-12,width,0.0,3,a_tau,5.272999558563747,,10.171
dc_cnn28,sweep_all,Deep Contractive,CNN,synthetic,N,200,current_mixture,0.1,10,1e-12,width,0.0,4,margin_hat_min,8.553574562072754,,146.592
dc_cnn28,sweep_all,Deep Contractive,CNN,synthetic,N,200,current_mixture,0.1,10,1e-12,width,0.0,4,d_eff,18.128588970840795,,146.592
dc_cnn28,sweep_all,Deep Contractive,CNN,synthetic,N,200,current_mixture,0.1,10,1e-12,width,0.0,4,g_ibp,0.9867620377266374,,0.051
dc_cnn28,sweep_all,Deep Contractive,CNN,synthetic,N,200,current_mixture,0.1,10,1e-12,width,0.0,4,a_tau,5.298317366548036,,9.237
dc_cnn28,sweep_all,Deep Contractive,CNN,synthetic,N,200,current_mixture,0.1,10,1e-12,width,0.0,5,margin_hat_min,8.553603172302246,,146.767
dc_cnn28,sweep_all,Deep Contractive,CNN,synthetic,N,200,current_mixture,0.1,10,1e-12,width,0.0,5,d_eff,18.388059238962033,,146.767
dc_cnn28,sweep_all,Deep Contractive,CNN,synthetic,N,200,current_mixture,0.1,10,1e-12,width,0.0,5,g_ibp,0.9867620820051866,,0.095
dc_cnn28,sweep_all,Deep Contractive,CNN,synthetic,N,200,current_mixture,0.1,10,1e-12,width,0.0,5,a_tau,5.2832037287379885,,8.864
dc_cnn28,sweep_all,Deep Contractive,CNN,synthetic,N,200,current_mixture,0.1,10,1e-12,width,0.0,6,margin_hat_min,8.553585052490234,,145.657
dc_cnn28,sweep_all,Deep Contractive,CNN,synthetic,N,200,current_mixture,0.1,10,1e-12,width,0.0,6,d_eff,19.666129742384427,,145.657
dc_cnn28,sweep_all,Deep Contractive,CNN,synthetic,N,200,current_mixture,0.1,10,1e-12,width,0.0,6,g_ibp,0.9867620539621399,,0.143
dc_cnn28,sweep_all,Deep Contractive,CNN,synthetic,N,200,current_mixture,0.1,10,1e-12,width,0.0,6,a_tau,5.278114659230517,,5.994
dc_cnn28,sweep_all,Deep Contractive,CNN,synthetic,N,200,current_mixture,0.1,10,1e-12,width,0.0,7,margin_hat_min,8.553600311279297,,150.177
dc_cnn28,sweep_all,Deep Contractive,CNN,synthetic,N,200,current_mixture,0.1,10,1e-12,width,0.0,7,d_eff,19.448898220406523,,150.177
dc_cnn28,sweep_all,Deep Contractive,CNN,synthetic,N,200,current_mixture,0.1,10,1e-12,width,0.0,7,g_ibp,0.986762077577345,,0.051
dc_cnn28,sweep_all,Deep Contractive,CNN,synthetic,N,200,current_mixture,0.1,10,1e-12,width,0.0,7,a_tau,5.293304824724492,,9.453
dc_cnn28,sweep_all,Deep Contractive,CNN,synthetic,N,400,current_mixture,0.1,10,1e-12,width,0.0,0,margin_hat_min,8.553585052490234,,227.086
dc_cnn28,sweep_all,Deep Contractive,CNN,synthetic,N,400,current_mixture,0.1,10,1e-12,width,0.0,0,d_eff,18.18664760379223,,227.086
dc_cnn28,sweep_all,Deep Contractive,CNN,synthetic,N,400,current_mixture,0.1,10,1e-12,width,0.0,0,g_ibp,0.9867620539621399,,0.032
dc_cnn28,sweep_all,Deep Contractive,CNN,synthetic,N,400,current_mixture,0.1,10,1e-12,width,0.0,0,a_tau,5.981414211254481,,10.708
dc_cnn28,sweep_all,Deep Contractive,CNN,synthetic,N,400,current_mixture,0.1,10,1e-12,width,0.0,1,margin_hat_min,8.553565979003906,,229.142
dc_cnn28,sweep_all,Deep Contractive,CNN,synthetic,N,400,current_mixture,0.1,10,1e-12,width,0.0,1,d_eff,17.723677974905826,,229.142
dc_cnn28,sweep_all,Deep Contractive,CNN,synthetic,N,400,current_mixture,0.1,10,1e-12,width,0.0,1,g_ibp,0.986762024443015,,0.006
dc_cnn28,sweep_all,Deep Contractive,CNN,synthetic,N,400,current_mixture,0.1,10,1e-12,width,0.0,1,a_tau,5.953243334287785,,11.942
dc_cnn28,sweep_all,Deep Contractive,CNN,synthetic,N,400,current_mixture,0.1,10,1e-12,width,0.0,2,margin_hat_min,8.553577423095703,,209.518
dc_cnn28,sweep_all,Deep Contractive,CNN,synthetic,N,400,current_mixture,0.1,10,1e-12,width,0.0,2,d_eff,18.35255979068617,,209.518
dc_cnn28,sweep_all,Deep Contractive,CNN,synthetic,N,400,current_mixture,0.1,10,1e-12,width,0.0,2,g_ibp,0.9867620421545057,,0.034
dc_cnn28,sweep_all,Deep Contractive,CNN,synthetic,N,400,current_mixture,0.1,10,1e-12,width,0.0,2,a_tau,5.968707559985366,,4.841
dc_cnn28,sweep_all,Deep Contractive,CNN,synthetic,N,400,current_mixture,0.1,10,1e-12,width,0.0,3,margin_hat_min,8.553569793701172,,197.022
dc_cnn28,sweep_all,Deep Contractive,CNN,synthetic,N,400,current_mixture,0.1,10,1e-12,width,0.0,3,d_eff,18.29069451464056,,197.022
dc_cnn28,sweep_all,Deep Contractive,CNN,synthetic,N,400,current_mixture,0.1,10,1e-12,width,0.0,3,g_ibp,0.9867620303468504,,0.008
dc_cnn28,sweep_all,Deep Contractive,CNN,synthetic,N,400,current_mixture,0.1,10,1e-12,width,0.0,3,a_tau,5.966146739123692,,11.51
dc_cnn28,sweep_all,Deep Contractive,CNN,synthetic,N,400,current_mixture,0.1,10,1e-12,width,0.0,4,margin_hat_min,8.553581237792969,,242.491
dc_cnn28,sweep_all,Deep Contractive,CNN,synthetic,N,400,current_mixture,0.1,10,1e-12,width,0.0,4,d_eff,17.624347173345512,,242.491
dc_cnn28,sweep_all,Deep Contractive,CNN,synthetic,N,400,current_mixture,0.1,10,1e-12,width,0.0,4,g_ibp,0.9867620480583255,,0.103
dc_cnn28,sweep_all,Deep Contractive,CNN,synthetic,N,400,current_mixture,0.1,10,1e-12,width,0.0,4,a_tau,5.986452005284438,,17.207
dc_cnn28,sweep_all,Deep Contractive,CNN,synthetic,N,400,current_mixture,0.1,10,1e-12,width,0.0,5,margin_hat_min,8.55357837677002,,251.22
dc_cnn28,sweep_all,Deep Contractive,CNN,synthetic,N,400,current_mixture,0.1,10,1e-12,width,0.0,5,d_eff,18.018052416451003,,251.22
dc_cnn28,sweep_all,Deep Contractive,CNN,synthetic,N,400,current_mixture,0.1,10,1e-12,width,0.0,5,g_ibp,0.9867620436304612,,0.008
dc_cnn28,sweep_all,Deep Contractive,CNN,synthetic,N,400,current_mixture,0.1,10,1e-12,width,0.0,5,a_tau,5.978885764901122,,6.601
dc_cnn28,sweep_all,Deep Contractive,CNN,synthetic,N,400,current_mixture,0.1,10,1e-12,width,0.0,6,margin_hat_min,8.553572654724121,,214.987
dc_cnn28,sweep_all,Deep Contractive,CNN,synthetic,N,400,current_mixture,0.1,10,1e-12,width,0.0,6,d_eff,17.748958798775305,,214.987
dc_cnn28,sweep_all,Deep Contractive,CNN,synthetic,N,400,current_mixture,0.1,10,1e-12,width,0.0,6,g_ibp,0.9867620347747236,,0.055
dc_cnn28,sweep_all,Deep Contractive,CNN,synthetic,N,400,current_mixture,0.1,10,1e-12,width,0.0,6,a_tau,5.976350909297934,,7.874
dc_cnn28,sweep_all,Deep Contractive,CNN,synthetic,N,400,current_mixture,0.1,10,1e-12,width,0.0,7,margin_hat_min,8.553570747375488,,256.39
dc_cnn28,sweep_all,Deep Contractive,CNN,synthetic,N,400,current_mixture,0.1,10,1e-12,width,0.0,7,d_eff,18.409647781546283,,256.39
dc_cnn28,sweep_all,Deep Contractive,CNN,synthetic,N,400,current_mixture,0.1,10,1e-12,width,0.0,7,g_ibp,0.9867620318228085,,0.099
dc_cnn28,sweep_all,Deep Contractive,CNN,synthetic,N,400,current_mixture,0.1,10,1e-12,width,0.0,7,a_tau,5.973809611869261,,16.441
dc_cnn28,sweep_all,Deep Contractive,CNN,synthetic,N,800,current_mixture,0.1,10,1e-12,width,0.0,0,margin_hat_min,8.553555488586426,,287.147
dc_cnn28,sweep_all,Deep Contractive,CNN,synthetic,N,800,current_mixture,0.1,10,1e-12,width,0.0,0,d_eff,18.21430957493111,,287.147
dc_cnn28,sweep_all,Deep Contractive,CNN,synthetic,N,800,current_mixture,0.1,10,1e-12,width,0.0,0,g_ibp,0.9867620082074401,,0.032
dc_cnn28,sweep_all,Deep Contractive,CNN,synthetic,N,800,current_mixture,0.1,10,1e-12,width,0.0,0,a_tau,6.665683717782408,,44.325
dc_cnn28,sweep_all,Deep Contractive,CNN,synthetic,N,800,current_mixture,0.1,10,1e-12,width,0.0,1,margin_hat_min,8.553545951843262,,293.551
dc_cnn28,sweep_all,Deep Contractive,CNN,synthetic,N,800,current_mixture,0.1,10,1e-12,width,0.0,1,d_eff,18.42517111769942,,293.551
dc_cnn28,sweep_all,Deep Contractive,CNN,synthetic,N,800,current_mixture,0.1,10,1e-12,width,0.0,1,g_ibp,0.986761993447792,,0.107
dc_cnn28,sweep_all,Deep Contractive,CNN,synthetic,N,800,current_mixture,0.1,10,1e-12,width,0.0,1,a_tau,6.647688373563329,,50.286
dc_cnn28,sweep_all,Deep Contractive,CNN,synthetic,N,800,current_mixture,0.1,10,1e-12,width,0.0,2,margin_hat_min,8.553567886352539,,247.728
dc_cnn28,sweep_all,Deep Contractive,CNN,synthetic,N,800,current_mixture,0.1,10,1e-12,width,0.0,2,d_eff,18.11970976340526,,247.728
dc_cnn28,sweep_all,Deep Contractive,CNN,synthetic,N,800,current_mixture,0.1,10,1e-12,width,0.0,2,g_ibp,0.9867620273949333,,0.017
dc_cnn28,sweep_all,Deep Contractive,CNN,synthetic,N,800,current_mixture,0.1,10,1e-12,width,0.0,2,a_tau,6.659293919683638,,6.707
dc_cnn28,sweep_all,Deep Contractive,CNN,synthetic,N,800,current_mixture,0.1,10,1e-12,width,0.0,3,margin_hat_min,8.553558349609375,,263.53
dc_cnn28,sweep_all,Deep Contractive,CNN,synthetic,N,800,current_mixture,0.1,10,1e-12,width,0.0,3,d_eff,18.240018408727117,,263.53
dc_cnn28,sweep_all,Deep Contractive,CNN,synthetic,N,800,current_mixture,0.1,10,1e-12,width,0.0,3,g_ibp,0.986762012635328,,0.006
dc_cnn28,sweep_all,Deep Contractive,CNN,synthetic,N,800,current_mixture,0.1,10,1e-12,width,0.0,3,a_tau,6.663132695990803,,25.215
dc_cnn28,sweep_all,Deep Contractive,CNN,synthetic,N,800,current_mixture,0.1,10,1e-12,width,0.0,4,margin_hat_min,8.553570747375488,,197.536
dc_cnn28,sweep_all,Deep Contractive,CNN,synthetic,N,800,current_mixture,0.1,10,1e-12,width,0.0,4,d_eff,18.301447005400796,,197.536
dc_cnn28,sweep_all,Deep Contractive,CNN,synthetic,N,800,current_mixture,0.1,10,1e-12,width,0.0,4,g_ibp,0.9867620318228085,,0.007
dc_cnn28,sweep_all,Deep Contractive,CNN,synthetic,N,800,current_mixture,0.1,10,1e-12,width,0.0,4,a_tau,6.672032945461067,,22.542
dc_cnn28,sweep_all,Deep Contractive,CNN,synthetic,N,800,current_mixture,0.1,10,1e-12,width,0.0,5,margin_hat_min,8.553544998168945,,271.235
dc_cnn28,sweep_all,Deep Contractive,CNN,synthetic,N,800,current_mixture,0.1,10,1e-12,width,0.0,5,d_eff,17.661672773647243,,271.235
dc_cnn28,sweep_all,Deep Contractive,CNN,synthetic,N,800,current_mixture,0.1,10,1e-12,width,0.0,5,g_ibp,0.9867619919718255,,0.014
dc_cnn28,sweep_all,Deep Contractive,CNN,synthetic,N,800,current_mixture,0.1,10,1e-12,width,0.0,5,a_tau,6.668228248417403,,16.848
dc_cnn28,sweep_all,Deep Contractive,CNN,synthetic,N,800,current_mixture,0.1,10,1e-12,width,0.0,6,margin_hat_min,8.55357551574707,,206.932
dc_cnn28,sweep_all,Deep Contractive,CNN,synthetic,N,800,current_mixture,0.1,10,1e-12,width,0.0,6,d_eff,17.754781240907846,,206.932
dc_cnn28,sweep_all,Deep Contractive,CNN,synthetic,N,800,current_mixture,0.1,10,1e-12,width,0.0,6,g_ibp,0.9867620392025939,,0.007
dc_cnn28,sweep_all,Deep Contractive,CNN,synthetic,N,800,current_mixture,0.1,10,1e-12,width,0.0,6,a_tau,6.660575149839686,,14.756
dc_cnn28,sweep_all,Deep Contractive,CNN,synthetic,N,800,current_mixture,0.1,10,1e-12,width,0.0,7,margin_hat_min,8.553546905517578,,227.85
dc_cnn28,sweep_all,Deep Contractive,CNN,synthetic,N,800,current_mixture,0.1,10,1e-12,width,0.0,7,d_eff,18.65081784317202,,227.85
dc_cnn28,sweep_all,Deep Contractive,CNN,synthetic,N,800,current_mixture,0.1,10,1e-12,width,0.0,7,g_ibp,0.9867619949237584,,0.099
dc_cnn28,sweep_all,Deep Contractive,CNN,synthetic,N,800,current_mixture,0.1,10,1e-12,width,0.0,7,a_tau,6.668228248417403,,27.865
dc_cnn28,sweep_all,Deep Contractive,CNN,synthetic,N,1600,current_mixture,0.1,10,1e-12,width,0.0,0,margin_hat_min,8.553543090820312,,300.005
dc_cnn28,sweep_all,Deep Contractive,CNN,synthetic,N,1600,current_mixture,0.1,10,1e-12,width,0.0,0,d_eff,18.314397336240674,,300.005
dc_cnn28,sweep_all,Deep Contractive,CNN,synthetic,N,1600,current_mixture,0.1,10,1e-12,width,0.0,0,g_ibp,0.9867619890198912,,0.059
dc_cnn28,sweep_all,Deep Contractive,CNN,synthetic,N,1600,current_mixture,0.1,10,1e-12,width,0.0,0,a_tau,7.355641102974253,,31.024
dc_cnn28,sweep_all,Deep Contractive,CNN,synthetic,N,1600,current_mixture,0.1,10,1e-12,width,0.0,1,margin_hat_min,8.553565979003906,,383.504
dc_cnn28,sweep_all,Deep Contractive,CNN,synthetic,N,1600,current_mixture,0.1,10,1e-12,width,0.0,1,d_eff,17.41678585401687,,383.504
dc_cnn28,sweep_all,Deep Contractive,CNN,synthetic,N,1600,current_mixture,0.1,10,1e-12,width,0.0,1,g_ibp,0.986762024443015,,0.031
dc_cnn28,sweep_all,Deep Contractive,CNN,synthetic,N,1600,current_mixture,0.1,10,1e-12,width,0.0,1,a_tau,7.347943823148687,,37.32
dc_cnn28,sweep_all,Deep Contractive,CNN,synthetic,N,1600,current_mixture,0.1,10,1e-12,width,0.0,2,margin_hat_min,8.553560256958008,,300.029
dc_cnn28,sweep_all,Deep Contractive,CNN,synthetic,N,1600,current_mixture,0.1,10,1e-12,width,0.0,2,d_eff,18.017097134480707,,300.029
dc_cnn28,sweep_all,Deep Contractive,CNN,synthetic,N,1600,current_mixture,0.1,10,1e-12,width,0.0,2,g_ibp,0.9867620155872517,,0.058
dc_cnn28,sweep_all,Deep Contractive,CNN,synthetic,N,1600,current_mixture,0.1,10,1e-12,width,0.0,2,a_tau,7.355001921105257,,31.331
dc_cnn28,sweep_all,Deep Contractive,CNN,synthetic,N,1600,current_mixture,0.1,10,1e-12,width,0.0,3,margin_hat_min,8.553560256958008,,386.048
dc_cnn28,sweep_all,Deep Contractive,CNN,synthetic,N,1600,current_mixture,0.1,10,1e-12,width,0.0,3,d_eff,18.86337839332929,,386.048
dc_cnn28,sweep_all,Deep Contractive,CNN,synthetic,N,1600,current_mixture,0.1,10,1e-12,width,0.0,3,g_ibp,0.9867620155872517,,0.011
dc_cnn28,sweep_all,Deep Contractive,CNN,synthetic,N,1600,current_mixture,0.1,10,1e-12,width,0.0,3,a_tau,7.355641102974253,,26.096
dc_cnn28,sweep_all,Deep Contractive,CNN,synthetic,N,1600,current_mixture,0.1,10,1e-12,width,0.0,4,margin_hat_min,8.553580284118652,,369.595
dc_cnn28,sweep_all,Deep Contractive,CNN,synthetic,N,1600,current_mixture,0.1,10,1e-12,width,0.0,4,d_eff,17.662975961125866,,369.595
dc_cnn28,sweep_all,Deep Contractive,CNN,synthetic,N,1600,current_mixture,0.1,10,1e-12,width,0.0,4,g_ibp,0.986762046582371,,0.104
dc_cnn28,sweep_all,Deep Contractive,CNN,synthetic,N,1600,current_mixture,0.1,10,1e-12,width,0.0,4,a_tau,7.359467638255621,,32.632
dc_cnn28,sweep_all,Deep Contractive,CNN,synthetic,N,1600,current_mixture,0.1,10,1e-12,width,0.0,5,margin_hat_min,8.553550720214844,,384.103
dc_cnn28,sweep_all,Deep Contractive,CNN,synthetic,N,1600,current_mixture,0.1,10,1e-12,width,0.0,5,d_eff,17.835369377604078,,384.103
dc_cnn28,sweep_all,Deep Contractive,CNN,synthetic,N,1600,current_mixture,0.1,10,1e-12,width,0.0,5,g_ibp,0.9867620008276202,,0.111
dc_cnn28,sweep_all,Deep Contractive,CNN,synthetic,N,1600,current_mixture,0.1,10,1e-12,width,0.0,5,a_tau,7.359467638255621,,25.739
dc_cnn28,sweep_all,Deep Contractive,CNN,synthetic,N,1600,current_mixture,0.1,10,1e-12,width,0.0,6,margin_hat_min,8.553569793701172,,299.993
dc_cnn28,sweep_all,Deep Contractive,CNN,synthetic,N,1600,current_mixture,0.1,10,1e-12,width,0.0,6,d_eff,17.7507302057276,,299.993
dc_cnn28,sweep_all,Deep Contractive,CNN,synthetic,N,1600,current_mixture,0.1,10,1e-12,width,0.0,6,g_ibp,0.9867620303468504,,0.009
dc_cnn28,sweep_all,Deep Contractive,CNN,synthetic,N,1600,current_mixture,0.1,10,1e-12,width,0.0,6,a_tau,7.355641102974253,,30.997
dc_cnn28,sweep_all,Deep Contractive,CNN,synthetic,N,1600,current_mixture,0.1,10,1e-12,width,0.0,7,margin_hat_min,8.55355453491211,,379.323
dc_cnn28,sweep_all,Deep Contractive,CNN,synthetic,N,1600,current_mixture,0.1,10,1e-12,width,0.0,7,d_eff,18.17761559304239,,379.323
dc_cnn28,sweep_all,Deep Contractive,CNN,synthetic,N,1600,current_mixture,0.1,10,1e-12,width,0.0,7,g_ibp,0.9867620067314767,,0.095
dc_cnn28,sweep_all,Deep Contractive,CNN,synthetic,N,1600,current_mixture,0.1,10,1e-12,width,0.0,7,a_tau,7.360739903058278,,42.323
dc_cnn23,sweep_all,Deep Contractive,CNN,synthetic,N,50,current_mixture,0.1,10,1e-12,width,0.0,0,margin_hat_min,10.468145370483398,,15.232
dc_cnn23,sweep_all,Deep Contractive,CNN,synthetic,N,50,current_mixture,0.1,10,1e-12,width,0.0,0,d_eff,21.724553385391353,,15.232
dc_cnn23,sweep_all,Deep Contractive,CNN,synthetic,N,50,current_mixture,0.1,10,1e-12,width,0.0,0,g_ibp,0.9850381522506025,,0.006
dc_cnn23,sweep_all,Deep Contractive,CNN,synthetic,N,50,current_mixture,0.1,10,1e-12,width,0.0,0,a_tau,3.912023005428146,,0.526
dc_cnn23,sweep_all,Deep Contractive,CNN,synthetic,N,50,current_mixture,0.1,10,1e-12,width,0.0,1,margin_hat_min,10.468146324157715,,25.206
dc_cnn23,sweep_all,Deep Contractive,CNN,synthetic,N,50,current_mixture,0.1,10,1e-12,width,0.0,1,d_eff,22.10820668374958,,25.206
dc_cnn23,sweep_all,Deep Contractive,CNN,synthetic,N,50,current_mixture,0.1,10,1e-12,width,0.0,1,g_ibp,0.9850381536136643,,0.053
dc_cnn23,sweep_all,Deep Contractive,CNN,synthetic,N,50,current_mixture,0.1,10,1e-12,width,0.0,1,a_tau,3.912023005428146,,3.189
dc_cnn23,sweep_all,Deep Contractive,CNN,synthetic,N,50,current_mixture,0.1,10,1e-12,width,0.0,2,margin_hat_min,10.468143463134766,,14.627
dc_cnn23,sweep_all,Deep Contractive,CNN,synthetic,N,50,current_mixture,0.1,10,1e-12,width,0.0,2,d_eff,24.72299107787146,,14.627
dc_cnn23,sweep_all,Deep Contractive,CNN,synthetic,N,50,current_mixture,0.1,10,1e-12,width,0.0,2,g_ibp,0.9850381495244782,,0.007
dc_cnn23,sweep_all,Deep Contractive,CNN,synthetic,N,50,current_mixture,0.1,10,1e-12,width,0.0,2,a_tau,3.912023005428146,,0.63
dc_cnn23,sweep_all,Deep Contractive,CNN,synthetic,N,50,current_mixture,0.1,10,1e-12,width,0.0,3,margin_hat_min,10.468147277832031,,23.583
dc_cnn23,sweep_all,Deep Contractive,CNN,synthetic,N,50,current_mixture,0.1,10,1e-12,width,0.0,3,d_eff,22.72051763960641,,23.583
dc_cnn23,sweep_all,Deep Contractive,CNN,synthetic,N,50,current_mixture,0.1,10,1e-12,width,0.0,3,g_ibp,0.9850381549767258,,0.111
dc_cnn23,sweep_all,Deep Contractive,CNN,synthetic,N,50,current_mixture,0.1,10,1e-12,width,0.0,3,a_tau,3.912023005428146,,3.194
dc_cnn23,sweep_all,Deep Contractive,CNN,synthetic,N,50,current_mixture,0.1,10,1e-12,width,0.0,4,margin_hat_min,10.468135833740234,,34.962
dc_cnn23,sweep_all,Deep Contractive,CNN,synthetic,N,50,current_mixture,0.1,10,1e-12,width,0.0,4,d_eff,23.228269111576648,,34.962
dc_cnn23,sweep_all,Deep Contractive,CNN,synthetic,N,50,current_mixture,0.1,10,1e-12,width,0.0,4,g_ibp,0.9850381386199712,,0.012
dc_cnn23,sweep_all,Deep Contractive,CNN,synthetic,N,50,current_mixture,0.1,10,1e-12,width,0.0,4,a_tau,3.912023005428146,,0.876
dc_cnn23,sweep_all,Deep Contractive,CNN,synthetic,N,50,current_mixture,0.1,10,1e-12,width,0.0,5,margin_hat_min,10.46812629699707,,23.245
dc_cnn23,sweep_all,Deep Contractive,CNN,synthetic,N,50,current_mixture,0.1,10,1e-12,width,0.0,5,d_eff,23.28389471741746,,23.245
dc_cnn23,sweep_all,Deep Contractive,CNN,synthetic,N,50,current_mixture,0.1,10,1e-12,width,0.0,5,g_ibp,0.9850381249893152,,0.014
dc_cnn23,sweep_all,Deep Contractive,CNN,synthetic,N,50,current_mixture,0.1,10,1e-12,width,0.0,5,a_tau,3.912023005428146,,0.942
dc_cnn23,sweep_all,Deep Contractive,CNN,synthetic,N,50,current_mixture,0.1,10,1e-12,width,0.0,6,margin_hat_min,10.468147277832031,,18.192
dc_cnn23,sweep_all,Deep Contractive,CNN,synthetic,N,50,current_mixture,0.1,10,1e-12,width,0.0,6,d_eff,26.05328214904105,,18.192
dc_cnn23,sweep_all,Deep Contractive,CNN,synthetic,N,50,current_mixture,0.1,10,1e-12,width,0.0,6,g_ibp,0.9850381549767258,,0.053
dc_cnn23,sweep_all,Deep Contractive,CNN,synthetic,N,50,current_mixture,0.1,10,1e-12,width,0.0,6,a_tau,3.912023005428146,,3.084
dc_cnn23,sweep_all,Deep Contractive,CNN,synthetic,N,50,current_mixture,0.1,10,1e-12,width,0.0,7,margin_hat_min,10.468132019042969,,33.86
dc_cnn23,sweep_all,Deep Contractive,CNN,synthetic,N,50,current_mixture,0.1,10,1e-12,width,0.0,7,d_eff,24.680500765277785,,33.86
dc_cnn23,sweep_all,Deep Contractive,CNN,synthetic,N,50,current_mixture,0.1,10,1e-12,width,0.0,7,g_ibp,0.9850381331677118,,0.103
dc_cnn23,sweep_all,Deep Contractive,CNN,synthetic,N,50,current_mixture,0.1,10,1e-12,width,0.0,7,a_tau,3.912023005428146,,3.221
dc_cnn23,sweep_all,Deep Contractive,CNN,synthetic,N,100,current_mixture,0.1,10,1e-12,width,0.0,0,margin_hat_min,10.468130111694336,,58.816
dc_cnn23,sweep_all,Deep Contractive,CNN,synthetic,N,100,current_mixture,0.1,10,1e-12,width,0.0,0,d_eff,22.626826903223392,,58.816
dc_cnn23,sweep_all,Deep Contractive,CNN,synthetic,N,100,current_mixture,0.1,10,1e-12,width,0.0,0,g_ibp,0.9850381304415806,,0.095
dc_cnn23,sweep_all,Deep Contractive,CNN,synthetic,N,100,current_mixture,0.1,10,1e-12,width,0.0,0,a_tau,4.605170185988092,,5.729
dc_cnn23,sweep_all,Deep Contractive,CNN,synthetic,N,100,current_mixture,0.1,10,1e-12,width,0.0,1,margin_hat_min,10.468149185180664,,46.619
dc_cnn23,sweep_all,Deep Contractive,CNN,synthetic,N,100,current_mixture,0.1,10,1e-12,width,0.0,1,d_eff,21.494243644637784,,46.619
dc_cnn23,sweep_all,Deep Contractive,CNN,synthetic,N,100,current_mixture,0.1,10,1e-12,width,0.0,1,g_ibp,0.9850381577028481,,0.02
dc_cnn23,sweep_all,Deep Contractive,CNN,synthetic,N,100,current_mixture,0.1,10,1e-12,width,0.0,1,a_tau,4.605170185988092,,1.487
dc_cnn23,sweep_all,Deep Contractive,CNN,synthetic,N,100,current_mixture,0.1,10,1e-12,width,0.0,2,margin_hat_min,10.468137741088867,,54.215
dc_cnn23,sweep_all,Deep Contractive,CNN,synthetic,N,100,current_mixture,0.1,10,1e-12,width,0.0,2,d_eff,23.139089691732874,,54.215
dc_cnn23,sweep_all,Deep Contractive,CNN,synthetic,N,100,current_mixture,0.1,10,1e-12,width,0.0,2,g_ibp,0.9850381413460995,,0.009
dc_cnn23,sweep_all,Deep Contractive,CNN,synthetic,N,100,current_mixture,0.1,10,1e-12,width,0.0,2,a_tau,4.605170185988092,,1.262
dc_cnn23,sweep_all,Deep Contractive,CNN,synthetic,N,100,current_mixture,0.1,10,1e-12,width,0.0,3,margin_hat_min,10.468117713928223,,45.416
dc_cnn23,sweep_all,Deep Contractive,CNN,synthetic,N,100,current_mixture,0.1,10,1e-12,width,0.0,3,d_eff,22.733066138020067,,45.416
dc_cnn23,sweep_all,Deep Contractive,CNN,synthetic,N,100,current_mixture,0.1,10,1e-12,width,0.0,3,g_ibp,0.9850381127217035,,0.097
dc_cnn23,sweep_all,Deep Contractive,CNN,synthetic,N,100,current_mixture,0.1,10,1e-12,width,0.0,3,a_tau,4.605170185988092,,4.854
dc_cnn23,sweep_all,Deep Contractive,CNN,synthetic,N,100,current_mixture,0.1,10,1e-12,width,0.0,4,margin_hat_min,10.468125343322754,,41.693
dc_cnn23,sweep_all,Deep Contractive,CNN,synthetic,N,100,current_mixture,0.1,10,1e-12,width,0.0,4,d_eff,23.17334466629067,,41.693
dc_cnn23,sweep_all,Deep Contractive,CNN,synthetic,N,100,current_mixture,0.1,10,1e-12,width,0.0,4,g_ibp,0.9850381236262482,,0.103
dc_cnn23,sweep_all,Deep Contractive,CNN,synthetic,N,100,current_mixture,0.1,10,1e-12,width,0.0,4,a_tau,4.605170185988092,,4.533
dc_cnn23,sweep_all,Deep Contractive,CNN,synthetic,N,100,current_mixture,0.1,10,1e-12,width,0.0,5,margin_hat_min,10.468144416809082,,66.864
dc_cnn23,sweep_all,Deep Contractive,CNN,synthetic,N,100,current_mixture,0.1,10,1e-12,width,0.0,5,d_eff,25.5631364650262,,66.864
dc_cnn23,sweep_all,Deep Contractive,CNN,synthetic,N,100,current_mixture,0.1,10,1e-12,width,0.0,5,g_ibp,0.9850381508875405,,0.099
dc_cnn23,sweep_all,Deep Contractive,CNN,synthetic,N,100,current_mixture,0.1,10,1e-12,width,0.0,5,a_tau,4.605170185988092,,5.131
dc_cnn23,sweep_all,Deep Contractive,CNN,synthetic,N,100,current_mixture,0.1,10,1e-12,width,0.0,6,margin_hat_min,10.468124389648438,,63.785
dc_cnn23,sweep_all,Deep Contractive,CNN,synthetic,N,100,current_mixture,0.1,10,1e-12,width,0.0,6,d_eff,24.449609659583377,,63.785
dc_cnn23,sweep_all,Deep Contractive,CNN,synthetic,N,100,current_mixture,0.1,10,1e-12,width,0.0,6,g_ibp,0.985038122263181,,0.055
dc_cnn23,sweep_all,Deep Contractive,CNN,synthetic,N,100,current_mixture,0.1,10,1e-12,width,0.0,6,a_tau,4.605170185988092,,5.48
dc_cnn23,sweep_all,Deep Contractive,CNN,synthetic,N,100,current_mixture,0.1,10,1e-12,width,0.0,7,margin_hat_min,10.468120574951172,,33.288
dc_cnn23,sweep_all,Deep Contractive,CNN,synthetic,N,100,current_mixture,0.1,10,1e-12,width,0.0,7,d_eff,23.062788366343046,,33.288
dc_cnn23,sweep_all,Deep Contractive,CNN,synthetic,N,100,current_mixture,0.1,10,1e-12,width,0.0,7,g_ibp,0.9850381168109097,,0.008
dc_cnn23,sweep_all,Deep Contractive,CNN,synthetic,N,100,current_mixture,0.1,10,1e-12,width,0.0,7,a_tau,4.605170185988092,,1.228
dc_cnn23,sweep_all,Deep Contractive,CNN,synthetic,N,200,current_mixture,0.1,10,1e-12,width,0.0,0,margin_hat_min,10.468109130859375,,101.091
dc_cnn23,sweep_all,Deep Contractive,CNN,synthetic,N,200,current_mixture,0.1,10,1e-12,width,0.0,0,d_eff,21.000700908163196,,101.091
dc_cnn23,sweep_all,Deep Contractive,CNN,synthetic,N,200,current_mixture,0.1,10,1e-12,width,0.0,0,g_ibp,0.9850381004540717,,0.054
dc_cnn23,sweep_all,Deep Contractive,CNN,synthetic,N,200,current_mixture,0.1,10,1e-12,width,0.0,0,a_tau,5.298317366548036,,10.471
dc_cnn23,sweep_all,Deep Contractive,CNN,synthetic,N,200,current_mixture,0.1,10,1e-12,width,0.0,1,margin_hat_min,10.468103408813477,,129.545
dc_cnn23,sweep_all,Deep Contractive,CNN,synthetic,N,200,current_mixture,0.1,10,1e-12,width,0.0,1,d_eff,22.794493229607752,,129.545
dc_cnn23,sweep_all,Deep Contractive,CNN,synthetic,N,200,current_mixture,0.1,10,1e-12,width,0.0,1,g_ibp,0.9850380922756393,,0.008
dc_cnn23,sweep_all,Deep Contractive,CNN,synthetic,N,200,current_mixture,0.1,10,1e-12,width,0.0,1,a_tau,5.298317366548036,,4.022
dc_cnn23,sweep_all,Deep Contractive,CNN,synthetic,N,200,current_mixture,0.1,10,1e-12,width,0.0,2,margin_hat_min,10.468119621276855,,125.634
dc_cnn23,sweep_all,Deep Contractive,CNN,synthetic,N,200,current_mixture,0.1,10,1e-12,width,0.0,2,d_eff,22.35422554556627,,125.634
dc_cnn23,sweep_all,Deep Contractive,CNN,synthetic,N,200,current_mixture,0.1,10,1e-12,width,0.0,2,g_ibp,0.9850381154478411,,0.095
dc_cnn23,sweep_all,Deep Contractive,CNN,synthetic,N,200,current_mixture,0.1,10,1e-12,width,0.0,2,a_tau,5.298317366548036,,10.077
dc_cnn23,sweep_all,Deep Contractive,CNN,synthetic,N,200,current_mixture,0.1,10,1e-12,width,0.0,3,margin_hat_min,10.468116760253906,,109.87
dc_cnn23,sweep_all,Deep Contractive,CNN,synthetic,N,200,current_mixture,0.1,10,1e-12,width,0.0,3,d_eff,21.133870898999657,,109.87
dc_cnn23,sweep_all,Deep Contractive,CNN,synthetic,N,200,current_mixture,0.1,10,1e-12,width,0.0,3,g_ibp,0.9850381113586343,,0.016
dc_cnn23,sweep_all,Deep Contractive,CNN,synthetic,N,200,current_mixture,0.1,10,1e-12,width,0.0,3,a_tau,5.298317366548036,,9.187
dc_cnn23,sweep_all,Deep Contractive,CNN,synthetic,N,200,current_mixture,0.1,10,1e-12,width,0.0,4,margin_hat_min,10.468124389648438,,128.971
dc_cnn23,sweep_all,Deep Contractive,CNN,synthetic,N,200,current_mixture,0.1,10,1e-12,width,0.0,4,d_eff,22.102930865028792,,128.971
dc_cnn23,sweep_all,Deep Contractive,CNN,synthetic,N,200,current_mixture,0.1,10,1e-12,width,0.0,4,g_ibp,0.985038122263181,,0.104
dc_cnn23,sweep_all,Deep Contractive,CNN,synthetic,N,200,current_mixture,0.1,10,1e-12,width,0.0,4,a_tau,5.298317366548036,,10.041
dc_cnn23,sweep_all,Deep Contractive,CNN,synthetic,N,200,current_mixture,0.1,10,1e-12,width,0.0,5,margin_hat_min,10.46811580657959,,80.943
dc_cnn23,sweep_all,Deep Contractive,CNN,synthetic,N,200,current_mixture,0.1,10,1e-12,width,0.0,5,d_eff,22.119019880450047,,80.943
dc_cnn23,sweep_all,Deep Contractive,CNN,synthetic,N,200,current_mixture,0.1,10,1e-12,width,0.0,5,g_ibp,0.9850381099955648,,0.008
dc_cnn23,sweep_all,Deep Contractive,CNN,synthetic,N,200,current_mixture,0.1,10,1e-12,width,0.0,5,a_tau,5.298317366548036,,1.914
dc_cnn23,sweep_all,Deep Contractive,CNN,synthetic,N,200,current_mixture,0.1,10,1e-12,width,0.0,6,margin_hat_min,10.468111991882324,,112.315
dc_cnn23,sweep_all,Deep Contractive,CNN,synthetic,N,200,current_mixture,0.1,10,1e-12,width,0.0,6,d_eff,21.982887502691646,,112.315
dc_cnn23,sweep_all,Deep Contractive,CNN,synthetic,N,200,current_mixture,0.1,10,1e-12,width,0.0,6,g_ibp,0.9850381045432846,,0.055
dc_cnn23,sweep_all,Deep Contractive,CNN,synthetic,N,200,current_mixture,0.1,10,1e-12,width,0.0,6,a_tau,5.298317366548036,,9.991
dc_cnn23,sweep_all,Deep Contractive,CNN,synthetic,N,200,current_mixture,0.1,10,1e-12,width,0.0,7,margin_hat_min,10.468122482299805,,90.836
dc_cnn23,sweep_all,Deep Contractive,CNN,synthetic,N,200,current_mixture,0.1,10,1e-12,width,0.0,7,d_eff,23.110533202712485,,90.836
dc_cnn23,sweep_all,Deep Contractive,CNN,synthetic,N,200,current_mixture,0.1,10,1e-12,width,0.0,7,g_ibp,0.9850381195370458,,0.021
dc_cnn23,sweep_all,Deep Contractive,CNN,synthetic,N,200,current_mixture,0.1,10,1e-12,width,0.0,7,a_tau,5.298317366548036,,3.007
dc_cnn23,sweep_all,Deep Contractive,CNN,synthetic,N,400,current_mixture,0.1,10,1e-12,width,0.0,0,margin_hat_min,10.468097686767578,,174.322
dc_cnn23,sweep_all,Deep Contractive,CNN,synthetic,N,400,current_mixture,0.1,10,1e-12,width,0.0,0,d_eff,21.691728858144184,,174.322
dc_cnn23,sweep_all,Deep Contractive,CNN,synthetic,N,400,current_mixture,0.1,10,1e-12,width,0.0,0,g_ibp,0.985038084097198,,0.103
dc_cnn23,sweep_all,Deep Contractive,CNN,synthetic,N,400,current_mixture,0.1,10,1e-12,width,0.0,0,a_tau,5.988961416889864,,6.384
dc_cnn23,sweep_all,Deep Contractive,CNN,synthetic,N,400,current_mixture,0.1,10,1e-12,width,0.0,1,margin_hat_min,10.468107223510742,,181.264
dc_cnn23,sweep_all,Deep Contractive,CNN,synthetic,N,400,current_mixture,0.1,10,1e-12,width,0.0,1,d_eff,22.269364165544406,,181.264
dc_cnn23,sweep_all,Deep Contractive,CNN,synthetic,N,400,current_mixture,0.1,10,1e-12,width,0.0,1,g_ibp,0.9850380977279286,,0.041
dc_cnn23,sweep_all,Deep Contractive,CNN,synthetic,N,400,current_mixture,0.1,10,1e-12,width,0.0,1,a_tau,5.988961416889864,,7.658
dc_cnn23,sweep_all,Deep Contractive,CNN,synthetic,N,400,current_mixture,0.1,10,1e-12,width,0.0,2,margin_hat_min,10.468107223510742,,243.569
dc_cnn23,sweep_all,Deep Contractive,CNN,synthetic,N,400,current_mixture,0.1,10,1e-12,width,0.0,2,d_eff,22.34127224411718,,243.569
dc_cnn23,sweep_all,Deep Contractive,CNN,synthetic,N,400,current_mixture,0.1,10,1e-12,width,0.0,2,g_ibp,0.9850380977279286,,0.095
dc_cnn23,sweep_all,Deep Contractive,CNN,synthetic,N,400,current_mixture,0.1,10,1e-12,width,0.0,2,a_tau,5.991464547107982,,12.659
dc_cnn23,sweep_all,Deep Contractive,CNN,synthetic,N,400,current_mixture,0.1,10,1e-12,width,0.0,3,margin_hat_min,10.468100547790527,,186.566
dc_cnn23,sweep_all,Deep Contractive,CNN,synthetic,N,400,current_mixture,0.1,10,1e-12,width,0.0,3,d_eff,22.37575325257958,,186.566
dc_cnn23,sweep_all,Deep Contractive,CNN,synthetic,N,400,current_mixture,0.1,10,1e-12,width,0.0,3,g_ibp,0.9850380881864198,,0.095
dc_cnn23,sweep_all,Deep Contractive,CNN,synthetic,N,400,current_mixture,0.1,10,1e-12,width,0.0,3,a_tau,5.991464547107982,,14.859
dc_cnn23,sweep_all,Deep Contractive,CNN,synthetic,N,400,current_mixture,0.1,10,1e-12,width,0.0,4,margin_hat_min,10.46807861328125,,159.877
dc_cnn23,sweep_all,Deep Contractive,CNN,synthetic,N,400,current_mixture,0.1,10,1e-12,width,0.0,4,d_eff,22.724791106869848,,159.877
dc_cnn23,sweep_all,Deep Contractive,CNN,synthetic,N,400,current_mixture,0.1,10,1e-12,width,0.0,4,g_ibp,0.9850380568356624,,0.035
dc_cnn23,sweep_all,Deep Contractive,CNN,synthetic,N,400,current_mixture,0.1,10,1e-12,width,0.0,4,a_tau,5.991464547107982,,14.202
dc_cnn23,sweep_all,Deep Contractive,CNN,synthetic,N,400,current_mixture,0.1,10,1e-12,width,0.0,5,margin_hat_min,10.468103408813477,,153.656
dc_cnn23,sweep_all,Deep Contractive,CNN,synthetic,N,400,current_mixture,0.1,10,1e-12,width,0.0,5,d_eff,21.49289996165406,,153.656
dc_cnn23,sweep_all,Deep Contractive,CNN,synthetic,N,400,current_mixture,0.1,10,1e-12,width,0.0,5,g_ibp,0.9850380922756393,,0.055
dc_cnn23,sweep_all,Deep Contractive,CNN,synthetic,N,400,current_mixture,0.1,10,1e-12,width,0.0,5,a_tau,5.991464547107982,,14.787
dc_cnn23,sweep_all,Deep Contractive,CNN,synthetic,N,400,current_mixture,0.1,10,1e-12,width,0.0,6,margin_hat_min,10.468109130859375,,119.093
dc_cnn23,sweep_all,Deep Contractive,CNN,synthetic,N,400,current_mixture,0.1,10,1e-12,width,0.0,6,d_eff,21.778688460169974,,119.093
dc_cnn23,sweep_all,Deep Contractive,CNN,synthetic,N,400,current_mixture,0.1,10,1e-12,width,0.0,6,g_ibp,0.9850381004540717,,0.027
dc_cnn23,sweep_all,Deep Contractive,CNN,synthetic,N,400,current_mixture,0.1,10,1e-12,width,0.0,6,a_tau,5.988961416889864,,8.666
dc_cnn23,sweep_all,Deep Contractive,CNN,synthetic,N,400,current_mixture,0.1,10,1e-12,width,0.0,7,margin_hat_min,10.468097686767578,,192.317
dc_cnn23,sweep_all,Deep Contractive,CNN,synthetic,N,400,current_mixture,0.1,10,1e-12,width,0.0,7,d_eff,22.540996753407363,,192.317
dc_cnn23,sweep_all,Deep Contractive,CNN,synthetic,N,400,current_mixture,0.1,10,1e-12,width,0.0,7,g_ibp,0.985038084097198,,0.087
dc_cnn23,sweep_all,Deep Contractive,CNN,synthetic,N,400,current_mixture,0.1,10,1e-12,width,0.0,7,a_tau,5.983936280687191,,14.822
dc_cnn23,sweep_all,Deep Contractive,CNN,synthetic,N,800,current_mixture,0.1,10,1e-12,width,0.0,0,margin_hat_min,10.468094825744629,,276.385
dc_cnn23,sweep_all,Deep Contractive,CNN,synthetic,N,800,current_mixture,0.1,10,1e-12,width,0.0,0,d_eff,22.819021523457288,,276.385
dc_cnn23,sweep_all,Deep Contractive,CNN,synthetic,N,800,current_mixture,0.1,10,1e-12,width,0.0,0,g_ibp,0.985038080007974,,0.103
dc_cnn23,sweep_all,Deep Contractive,CNN,synthetic,N,800,current_mixture,0.1,10,1e-12,width,0.0,0,a_tau,6.682108597449809,,21.228
dc_cnn23,sweep_all,Deep Contractive,CNN,synthetic,N,800,current_mixture,0.1,10,1e-12,width,0.0,1,margin_hat_min,10.468086242675781,,270.403
dc_cnn23,sweep_all,Deep Contractive,CNN,synthetic,N,800,current_mixture,0.1,10,1e-12,width,0.0,1,d_eff,22.149280959346132,,270.403
dc_cnn23,sweep_all,Deep Contractive,CNN,synthetic,N,800,current_mixture,0.1,10,1e-12,width,0.0,1,g_ibp,0.9850380677402885,,0.051
dc_cnn23,sweep_all,Deep Contractive,CNN,synthetic,N,800,current_mixture,0.1,10,1e-12,width,0.0,1,a_tau,6.679599185844383,,21.903
dc_cnn23,sweep_all,Deep Contractive,CNN,synthetic,N,800,current_mixture,0.1,10,1e-12,width,0.0,2,margin_hat_min,10.468084335327148,,235.706
dc_cnn23,sweep_all,Deep Contractive,CNN,synthetic,N,800,current_mixture,0.1,10,1e-12,width,0.0,2,d_eff,22.195860831966442,,235.706
dc_cnn23,sweep_all,Deep Contractive,CNN,synthetic,N,800,current_mixture,0.1,10,1e-12,width,0.0,2,g_ibp,0.9850380650141335,,0.008
dc_cnn23,sweep_all,Deep Contractive,CNN,synthetic,N,800,current_mixture,0.1,10,1e-12,width,0.0,2,a_tau,6.682108597449809,,30.013
dc_cnn23,sweep_all,Deep Contractive,CNN,synthetic,N,800,current_mixture,0.1,10,1e-12,width,0.0,3,margin_hat_min,10.468103408813477,,225.58
dc_cnn23,sweep_all,Deep Contractive,CNN,synthetic,N,800,current_mixture,0.1,10,1e-12,width,0.0,3,d_eff,22.73832087678997,,225.58
dc_cnn23,sweep_all,Deep Contractive,CNN,synthetic,N,800,current_mixture,0.1,10,1e-12,width,0.0,3,g_ibp,0.9850380922756393,,0.019
dc_cnn23,sweep_all,Deep Contractive,CNN,synthetic,N,800,current_mixture,0.1,10,1e-12,width,0.0,3,a_tau,6.682108597449809,,22.842
dc_cnn23,sweep_all,Deep Contractive,CNN,synthetic,N,800,current_mixture,0.1,10,1e-12,width,0.0,4,margin_hat_min,10.468101501464844,,171.792
dc_cnn23,sweep_all,Deep Contractive,CNN,synthetic,N,800,current_mixture,0.1,10,1e-12,width,0.0,4,d_eff,22.32983348935291,,171.792
dc_cnn23,sweep_all,Deep Contractive,CNN,synthetic,N,800,current_mixture,0.1,10,1e-12,width,0.0,4,g_ibp,0.9850380895494932,,0.019
dc_cnn23,sweep_all,Deep Contractive,CNN,synthetic,N,800,current_mixture,0.1,10,1e-12,width,0.0,4,a_tau,6.683360945766275,,32.77
dc_cnn23,sweep_all,Deep Contractive,CNN,synthetic,N,800,current_mixture,0.1,10,1e-12,width,0.0,5,margin_hat_min,10.468107223510742,,242.205
dc_cnn23,sweep_all,Deep Contractive,CNN,synthetic,N,800,current_mixture,0.1,10,1e-12,width,0.0,5,d_eff,22.287010575689788,,242.205
dc_cnn23,sweep_all,Deep Contractive,CNN,synthetic,N,800,current_mixture,0.1,10,1e-12,width,0.0,5,g_ibp,0.9850380977279286,,0.055
dc_cnn23,sweep_all,Deep Contractive,CNN,synthetic,N,800,current_mixture,0.1,10,1e-12,width,0.0,5,a_tau,6.679599185844383,,34.346
dc_cnn23,sweep_all,Deep Contractive,CNN,synthetic,N,800,current_mixture,0.1,10,1e-12,width,0.0,6,margin_hat_min,10.468097686767578,,242.732
dc_cnn23,sweep_all,Deep Contractive,CNN,synthetic,N,800,current_mixture,0.1,10,1e-12,width,0.0,6,d_eff,22.07860409013841,,242.732
dc_cnn23,sweep_all,Deep Contractive,CNN,synthetic,N,800,current_mixture,0.1,10,1e-12,width,0.0,6,g_ibp,0.985038084097198,,0.103
dc_cnn23,sweep_all,Deep Contractive,CNN,synthetic,N,800,current_mixture,0.1,10,1e-12,width,0.0,6,a_tau,6.682108597449809,,32.546
dc_cnn23,sweep_all,Deep Contractive,CNN,synthetic,N,800,current_mixture,0.1,10,1e-12,width,0.0,7,margin_hat_min,10.468080520629883,,268.113
dc_cnn23,sweep_all,Deep Contractive,CNN,synthetic,N,800,current_mixture,0.1,10,1e-12,width,0.0,7,d_eff,22.03574838851856,,268.113
dc_cnn23,sweep_all,Deep Contractive,CNN,synthetic,N,800,current_mixture,0.1,10,1e-12,width,0.0,7,g_ibp,0.9850380595618203,,0.031
dc_cnn23,sweep_all,Deep Contractive,CNN,synthetic,N,800,current_mixture,0.1,10,1e-12,width,0.0,7,a_tau,6.678342114654332,,10.487
dc_cnn23,sweep_all,Deep Contractive,CNN,synthetic,N,1600,current_mixture,0.1,10,1e-12,width,0.0,0,margin_hat_min,10.468099594116211,,299.938
dc_cnn23,sweep_all,Deep Contractive,CNN,synthetic,N,1600,current_mixture,0.1,10,1e-12,width,0.0,0,d_eff,22.107051354275598,,299.938
dc_cnn23,sweep_all,Deep Contractive,CNN,synthetic,N,1600,current_mixture,0.1,10,1e-12,width,0.0,0,g_ibp,0.985038086823346,,0.008
dc_cnn23,sweep_all,Deep Contractive,CNN,synthetic,N,1600,current_mixture,0.1,10,1e-12,width,0.0,0,a_tau,7.374001859350161,,23.049
dc_cnn23,sweep_all,Deep Contractive,CNN,synthetic,N,1600,current_mixture,0.1,10,1e-12,width,0.0,1,margin_hat_min,10.468103408813477,,372.073
dc_cnn23,sweep_all,Deep Contractive,CNN,synthetic,N,1600,current_mixture,0.1,10,1e-12,width,0.0,1,d_eff,22.415500025291635,,372.073
dc_cnn23,sweep_all,Deep Contractive,CNN,synthetic,N,1600,current_mixture,0.1,10,1e-12,width,0.0,1,g_ibp,0.9850380922756393,,0.112
dc_cnn23,sweep_all,Deep Contractive,CNN,synthetic,N,1600,current_mixture,0.1,10,1e-12,width,0.0,1,a_tau,7.374629015218945,,30.299
dc_cnn23,sweep_all,Deep Contractive,CNN,synthetic,N,1600,current_mixture,0.1,10,1e-12,width,0.0,2,margin_hat_min,10.46809196472168,,419.678
dc_cnn23,sweep_all,Deep Contractive,CNN,synthetic,N,1600,current_mixture,0.1,10,1e-12,width,0.0,2,d_eff,22.387374908121473,,419.678
dc_cnn23,sweep_all,Deep Contractive,CNN,synthetic,N,1600,current_mixture,0.1,10,1e-12,width,0.0,2,g_ibp,0.9850380759187477,,0.088
dc_cnn23,sweep_all,Deep Contractive,CNN,synthetic,N,1600,current_mixture,0.1,10,1e-12,width,0.0,2,a_tau,7.3752557780097545,,34.475
dc_cnn23,sweep_all,Deep Contractive,CNN,synthetic,N,1600,current_mixture,0.1,10,1e-12,width,0.0,3,margin_hat_min,10.468093872070312,,368.546
dc_cnn23,sweep_all,Deep Contractive,CNN,synthetic,N,1600,current_mixture,0.1,10,1e-12,width,0.0,3,d_eff,22.538392829931777,,368.546
dc_cnn23,sweep_all,Deep Contractive,CNN,synthetic,N,1600,current_mixture,0.1,10,1e-12,width,0.0,3,g_ibp,0.9850380786448988,,0.071
dc_cnn23,sweep_all,Deep Contractive,CNN,synthetic,N,1600,current_mixture,0.1,10,1e-12,width,0.0,3,a_tau,7.3727463664043285,,31.936
dc_cnn23,sweep_all,Deep Contractive,CNN,synthetic,N,1600,current_mixture,0.1,10,1e-12,width,0.0,4,margin_hat_min,10.468095779418945,,411.395
dc_cnn23,sweep_all,Deep Contractive,CNN,synthetic,N,1600,current_mixture,0.1,10,1e-12,width,0.0,4,d_eff,22.547405112312124,,411.395
dc_cnn23,sweep_all,Deep Contractive,CNN,synthetic,N,1600,current_mixture,0.1,10,1e-12,width,0.0,4,g_ibp,0.9850380813710489,,0.019
dc_cnn23,sweep_all,Deep Contractive,CNN,synthetic,N,1600,current_mixture,0.1,10,1e-12,width,0.0,4,a_tau,7.374629015218945,,32.187
dc_cnn23,sweep_all,Deep Contractive,CNN,synthetic,N,1600,current_mixture,0.1,10,1e-12,width,0.0,5,margin_hat_min,10.468094825744629,,374.403
dc_cnn23,sweep_all,Deep Contractive,CNN,synthetic,N,1600,current_mixture,0.1,10,1e-12,width,0.0,5,d_eff,22.19485760918565,,374.403
dc_cnn23,sweep_all,Deep Contractive,CNN,synthetic,N,1600,current_mixture,0.1,10,1e-12,width,0.0,5,g_ibp,0.985038080007974,,0.103
dc_cnn23,sweep_all,Deep Contractive,CNN,synthetic,N,1600,current_mixture,0.1,10,1e-12,width,0.0,5,a_tau,7.370860166536716,,41.309
dc_cnn23,sweep_all,Deep Contractive,CNN,synthetic,N,1600,current_mixture,0.1,10,1e-12,width,0.0,6,margin_hat_min,10.468096733093262,,346.94
dc_cnn23,sweep_all,Deep Contractive,CNN,synthetic,N,1600,current_mixture,0.1,10,1e-12,width,0.0,6,d_eff,22.443759494486343,,346.94
dc_cnn23,sweep_all,Deep Contractive,CNN,synthetic,N,1600,current_mixture,0.1,10,1e-12,width,0.0,6,g_ibp,0.9850380827341235,,0.008
dc_cnn23,sweep_all,Deep Contractive,CNN,synthetic,N,1600,current_mixture,0.1,10,1e-12,width,0.0,6,a_tau,7.374001859350161,,38.156
dc_cnn23,sweep_all,Deep Contractive,CNN,synthetic,N,1600,current_mixture,0.1,10,1e-12,width,0.0,7,margin_hat_min,10.468076705932617,,359.952
dc_cnn23,sweep_all,Deep Contractive,CNN,synthetic,N,1600,current_mixture,0.1,10,1e-12,width,0.0,7,d_eff,22.616012273941056,,359.952
dc_cnn23,sweep_all,Deep Contractive,CNN,synthetic,N,1600,current_mixture,0.1,10,1e-12,width,0.0,7,g_ibp,0.9850380541095033,,0.112
dc_cnn23,sweep_all,Deep Contractive,CNN,synthetic,N,1600,current_mixture,0.1,10,1e-12,width,0.0,7,a_tau,7.370860166536716,,29.115
dc_cnn29,sweep_all,Deep Contractive,CNN,synthetic,N,50,current_mixture,0.1,10,1e-12,width,0.0,0,margin_hat_min,8.55362606048584,,34.542
dc_cnn29,sweep_all,Deep Contractive,CNN,synthetic,N,50,current_mixture,0.1,10,1e-12,width,0.0,0,d_eff,19.572209728245227,,34.542
dc_cnn29,sweep_all,Deep Contractive,CNN,synthetic,N,50,current_mixture,0.1,10,1e-12,width,0.0,0,g_ibp,0.9867621174278127,,0.103
dc_cnn29,sweep_all,Deep Contractive,CNN,synthetic,N,50,current_mixture,0.1,10,1e-12,width,0.0,0,a_tau,3.912023005428146,,3.224
dc_cnn29,sweep_all,Deep Contractive,CNN,synthetic,N,50,current_mixture,0.1,10,1e-12,width,0.0,1,margin_hat_min,8.553607940673828,,33.415
dc_cnn29,sweep_all,Deep Contractive,CNN,synthetic,N,50,current_mixture,0.1,10,1e-12,width,0.0,1,d_eff,17.25634685634444,,33.415
dc_cnn29,sweep_all,Deep Contractive,CNN,synthetic,N,50,current_mixture,0.1,10,1e-12,width,0.0,1,g_ibp,0.986762089384916,,0.102
dc_cnn29,sweep_all,Deep Contractive,CNN,synthetic,N,50,current_mixture,0.1,10,1e-12,width,0.0,1,a_tau,3.912023005428146,,3.549
dc_cnn29,sweep_all,Deep Contractive,CNN,synthetic,N,50,current_mixture,0.1,10,1e-12,width,0.0,2,margin_hat_min,8.553657531738281,,27.776
dc_cnn29,sweep_all,Deep Contractive,CNN,synthetic,N,50,current_mixture,0.1,10,1e-12,width,0.0,2,d_eff,16.204590441281127,,27.776
dc_cnn29,sweep_all,Deep Contractive,CNN,synthetic,N,50,current_mixture,0.1,10,1e-12,width,0.0,2,g_ibp,0.986762166133614,,0.058
dc_cnn29,sweep_all,Deep Contractive,CNN,synthetic,N,50,current_mixture,0.1,10,1e-12,width,0.0,2,a_tau,3.912023005428146,,3.419
dc_cnn29,sweep_all,Deep Contractive,CNN,synthetic,N,50,current_mixture,0.1,10,1e-12,width,0.0,3,margin_hat_min,8.553633689880371,,31.463
dc_cnn29,sweep_all,Deep Contractive,CNN,synthetic,N,50,current_mixture,0.1,10,1e-12,width,0.0,3,d_eff,20.75122208626056,,31.463
dc_cnn29,sweep_all,Deep Contractive,CNN,synthetic,N,50,current_mixture,0.1,10,1e-12,width,0.0,3,g_ibp,0.9867621292353126,,0.101
dc_cnn29,sweep_all,Deep Contractive,CNN,synthetic,N,50,current_mixture,0.1,10,1e-12,width,0.0,3,a_tau,3.912023005428146,,3.204
dc_cnn29,sweep_all,Deep Contractive,CNN,synthetic,N,50,current_mixture,0.1,10,1e-12,width,0.0,4,margin_hat_min,8.55362606048584,,22.541
dc_cnn29,sweep_all,Deep Contractive,CNN,synthetic,N,50,current_mixture,0.1,10,1e-12,width,0.0,4,d_eff,19.020617687262515,,22.541
dc_cnn29,sweep_all,Deep Contractive,CNN,synthetic,N,50,current_mixture,0.1,10,1e-12,width,0.0,4,g_ibp,0.9867621174278127,,0.005
dc_cnn29,sweep_all,Deep Contractive,CNN,synthetic,N,50,current_mixture,0.1,10,1e-12,width,0.0,4,a_tau,3.912023005428146,,0.226
dc_cnn29,sweep_all,Deep Contractive,CNN,synthetic,N,50,current_mixture,0.1,10,1e-12,width,0.0,5,margin_hat_min,8.553595542907715,,26.325
dc_cnn29,sweep_all,Deep Contractive,CNN,synthetic,N,50,current_mixture,0.1,10,1e-12,width,0.0,5,d_eff,21.155241959529956,,26.325
dc_cnn29,sweep_all,Deep Contractive,CNN,synthetic,N,50,current_mixture,0.1,10,1e-12,width,0.0,5,g_ibp,0.9867620701976024,,0.005
dc_cnn29,sweep_all,Deep Contractive,CNN,synthetic,N,50,current_mixture,0.1,10,1e-12,width,0.0,5,a_tau,3.8918202981106265,,0.763
dc_cnn29,sweep_all,Deep Contractive,CNN,synthetic,N,50,current_mixture,0.1,10,1e-12,width,0.0,6,margin_hat_min,8.553634643554688,,35.553
dc_cnn29,sweep_all,Deep Contractive,CNN,synthetic,N,50,current_mixture,0.1,10,1e-12,width,0.0,6,d_eff,19.327241386683998,,35.553
dc_cnn29,sweep_all,Deep Contractive,CNN,synthetic,N,50,current_mixture,0.1,10,1e-12,width,0.0,6,g_ibp,0.9867621307112486,,0.12
dc_cnn29,sweep_all,Deep Contractive,CNN,synthetic,N,50,current_mixture,0.1,10,1e-12,width,0.0,6,a_tau,3.912023005428146,,3.245
dc_cnn29,sweep_all,Deep Contractive,CNN,synthetic,N,50,current_mixture,0.1,10,1e-12,width,0.0,7,margin_hat_min,8.553632736206055,,21.969
dc_cnn29,sweep_all,Deep Contractive,CNN,synthetic,N,50,current_mixture,0.1,10,1e-12,width,0.0,7,d_eff,16.1436962646941,,21.969
dc_cnn29,sweep_all,Deep Contractive,CNN,synthetic,N,50,current_mixture,0.1,10,1e-12,width,0.0,7,g_ibp,0.9867621277593762,,0.007
dc_cnn29,sweep_all,Deep Contractive,CNN,synthetic,N,50,current_mixture,0.1,10,1e-12,width,0.0,7,a_tau,3.912023005428146,,0.579
dc_cnn29,sweep_all,Deep Contractive,CNN,synthetic,N,100,current_mixture,0.1,10,1e-12,width,0.0,0,margin_hat_min,8.553622245788574,,47.459
dc_cnn29,sweep_all,Deep Contractive,CNN,synthetic,N,100,current_mixture,0.1,10,1e-12,width,0.0,0,d_eff,19.87208812368244,,47.459
dc_cnn29,sweep_all,Deep Contractive,CNN,synthetic,N,100,current_mixture,0.1,10,1e-12,width,0.0,0,g_ibp,0.9867621115240548,,0.008
dc_cnn29,sweep_all,Deep Contractive,CNN,synthetic,N,100,current_mixture,0.1,10,1e-12,width,0.0,0,a_tau,4.605170185988092,,1.225
dc_cnn29,sweep_all,Deep Contractive,CNN,synthetic,N,100,current_mixture,0.1,10,1e-12,width,0.0,1,margin_hat_min,8.55363655090332,,28.462
dc_cnn29,sweep_all,Deep Contractive,CNN,synthetic,N,100,current_mixture,0.1,10,1e-12,width,0.0,1,d_eff,19.252398858747195,,28.462
dc_cnn29,sweep_all,Deep Contractive,CNN,synthetic,N,100,current_mixture,0.1,10,1e-12,width,0.0,1,g_ibp,0.9867621336631196,,0.052
dc_cnn29,sweep_all,Deep Contractive,CNN,synthetic,N,100,current_mixture,0.1,10,1e-12,width,0.0,1,a_tau,4.59511985013459,,1.503
dc_cnn29,sweep_all,Deep Contractive,CNN,synthetic,N,100,current_mixture,0.1,10,1e-12,width,0.0,2,margin_hat_min,8.55361557006836,,56.736
dc_cnn29,sweep_all,Deep Contractive,CNN,synthetic,N,100,current_mixture,0.1,10,1e-12,width,0.0,2,d_eff,16.124079853998623,,56.736
dc_cnn29,sweep_all,Deep Contractive,CNN,synthetic,N,100,current_mixture,0.1,10,1e-12,width,0.0,2,g_ibp,0.9867621011924659,,0.103
dc_cnn29,sweep_all,Deep Contractive,CNN,synthetic,N,100,current_mixture,0.1,10,1e-12,width,0.0,2,a_tau,4.59511985013459,,5.022
dc_cnn29,sweep_all,Deep Contractive,CNN,synthetic,N,100,current_mixture,0.1,10,1e-12,width,0.0,3,margin_hat_min,8.553611755371094,,59.093
dc_cnn29,sweep_all,Deep Contractive,CNN,synthetic,N,100,current_mixture,0.1,10,1e-12,width,0.0,3,d_eff,18.907167175009473,,59.093
dc_cnn29,sweep_all,Deep Contractive,CNN,synthetic,N,100,current_mixture,0.1,10,1e-12,width,0.0,3,g_ibp,0.9867620952886936,,0.049
dc_cnn29,sweep_all,Deep Contractive,CNN,synthetic,N,100,current_mixture,0.1,10,1e-12,width,0.0,3,a_tau,4.59511985013459,,5.607
dc_cnn29,sweep_all,Deep Contractive,CNN,synthetic,N,100,current_mixture,0.1,10,1e-12,width,0.0,4,margin_hat_min,8.553625106811523,,20.66
dc_cnn29,sweep_all,Deep Contractive,CNN,synthetic,N,100,current_mixture,0.1,10,1e-12,width,0.0,4,d_eff,18.223219926141322,,20.66
dc_cnn29,sweep_all,Deep Contractive,CNN,synthetic,N,100,current_mixture,0.1,10,1e-12,width,0.0,4,g_ibp,0.9867621159518737,,0.008
dc_cnn29,sweep_all,Deep Contractive,CNN,synthetic,N,100,current_mixture,0.1,10,1e-12,width,0.0,4,a_tau,4.605170185988092,,3.354
dc_cnn29,sweep_all,Deep Contractive,CNN,synthetic,N,100,current_mixture,0.1,10,1e-12,width,0.0,5,margin_hat_min,8.55362606048584,,25.401
dc_cnn29,sweep_all,Deep Contractive,CNN,synthetic,N,100,current_mixture,0.1,10,1e-12,width,0.0,5,d_eff,19.36238572541497,,25.401
dc_cnn29,sweep_all,Deep Contractive,CNN,synthetic,N,100,current_mixture,0.1,10,1e-12,width,0.0,5,g_ibp,0.9867621174278127,,0.008
dc_cnn29,sweep_all,Deep Contractive,CNN,synthetic,N,100,current_mixture,0.1,10,1e-12,width,0.0,5,a_tau,4.584967478670572,,1.292
dc_cnn29,sweep_all,Deep Contractive,CNN,synthetic,N,100,current_mixture,0.1,10,1e-12,width,0.0,6,margin_hat_min,8.553618431091309,,46.784
dc_cnn29,sweep_all,Deep Contractive,CNN,synthetic,N,100,current_mixture,0.1,10,1e-12,width,0.0,6,d_eff,21.15190997227195,,46.784
dc_cnn29,sweep_all,Deep Contractive,CNN,synthetic,N,100,current_mixture,0.1,10,1e-12,width,0.0,6,g_ibp,0.9867621056202918,,0.017
dc_cnn29,sweep_all,Deep Contractive,CNN,synthetic,N,100,current_mixture,0.1,10,1e-12,width,0.0,6,a_tau,4.574710978503383,,1.353
dc_cnn29,sweep_all,Deep Contractive,CNN,synthetic,N,100,current_mixture,0.1,10,1e-12,width,0.0,7,margin_hat_min,8.553589820861816,,63.415
dc_cnn29,sweep_all,Deep Contractive,CNN,synthetic,N,100,current_mixture,0.1,10,1e-12,width,0.0,7,d_eff,18.66126220162002,,63.415
dc_cnn29,sweep_all,Deep Contractive,CNN,synthetic,N,100,current_mixture,0.1,10,1e-12,width,0.0,7,g_ibp,0.9867620613419005,,0.103
dc_cnn29,sweep_all,Deep Contractive,CNN,synthetic,N,100,current_mixture,0.1,10,1e-12,width,0.0,7,a_tau,4.605170185988092,,5.64
dc_cnn29,sweep_all,Deep Contractive,CNN,synthetic,N,200,current_mixture,0.1,10,1e-12,width,0.0,0,margin_hat_min,8.5535888671875,,140.34
dc_cnn29,sweep_all,Deep Contractive,CNN,synthetic,N,200,current_mixture,0.1,10,1e-12,width,0.0,0,d_eff,19.842890919383866,,140.34
dc_cnn29,sweep_all,Deep Contractive,CNN,synthetic,N,200,current_mixture,0.1,10,1e-12,width,0.0,0,g_ibp,0.986762059865949,,0.095
dc_cnn29,sweep_all,Deep Contractive,CNN,synthetic,N,200,current_mixture,0.1,10,1e-12,width,0.0,0,a_tau,5.298317366548036,,10.165
dc_cnn29,sweep_all,Deep Contractive,CNN,synthetic,N,200,current_mixture,0.1,10,1e-12,width,0.0,1,margin_hat_min,8.553592681884766,,75.958
dc_cnn29,sweep_all,Deep Contractive,CNN,synthetic,N,200,current_mixture,0.1,10,1e-12,width,0.0,1,d_eff,19.36990962303119,,75.958
dc_cnn29,sweep_all,Deep Contractive,CNN,synthetic,N,200,current_mixture,0.1,10,1e-12,width,0.0,1,g_ibp,0.986762065769753,,0.128
dc_cnn29,sweep_all,Deep Contractive,CNN,synthetic,N,200,current_mixture,0.1,10,1e-12,width,0.0,1,a_tau,5.278114659230517,,6.266
dc_cnn29,sweep_all,Deep Contractive,CNN,synthetic,N,200,current_mixture,0.1,10,1e-12,width,0.0,2,margin_hat_min,8.553597450256348,,109.15
dc_cnn29,sweep_all,Deep Contractive,CNN,synthetic,N,200,current_mixture,0.1,10,1e-12,width,0.0,2,d_eff,17.92138321584736,,109.15
dc_cnn29,sweep_all,Deep Contractive,CNN,synthetic,N,200,current_mixture,0.1,10,1e-12,width,0.0,2,g_ibp,0.9867620731495005,,0.099
dc_cnn29,sweep_all,Deep Contractive,CNN,synthetic,N,200,current_mixture,0.1,10,1e-12,width,0.0,2,a_tau,5.2832037287379885,,9.67
dc_cnn29,sweep_all,Deep Contractive,CNN,synthetic,N,200,current_mixture,0.1,10,1e-12,width,0.0,3,margin_hat_min,8.553604125976562,,108.651
dc_cnn29,sweep_all,Deep Contractive,CNN,synthetic,N,200,current_mixture,0.1,10,1e-12,width,0.0,3,d_eff,20.284407438817894,,108.651
dc_cnn29,sweep_all,Deep Contractive,CNN,synthetic,N,200,current_mixture,0.1,10,1e-12,width,0.0,3,g_ibp,0.9867620834811331,,0.094
dc_cnn29,sweep_all,Deep Contractive,CNN,synthetic,N,200,current_mixture,0.1,10,1e-12,width,0.0,3,a_tau,5.272999558563747,,9.848
dc_cnn29,sweep_all,Deep Contractive,CNN,synthetic,N,200,current_mixture,0.1,10,1e-12,width,0.0,4,margin_hat_min,8.553574562072754,,94.381
dc_cnn29,sweep_all,Deep Contractive,CNN,synthetic,N,200,current_mixture,0.1,10,1e-12,width,0.0,4,d_eff,18.128588970840795,,94.381
dc_cnn29,sweep_all,Deep Contractive,CNN,synthetic,N,200,current_mixture,0.1,10,1e-12,width,0.0,4,g_ibp,0.9867620377266374,,0.099
dc_cnn29,sweep_all,Deep Contractive,CNN,synthetic,N,200,current_mixture,0.1,10,1e-12,width,0.0,4,a_tau,5.298317366548036,,9.764
dc_cnn29,sweep_all,Deep Contractive,CNN,synthetic,N,200,current_mixture,0.1,10,1e-12,width,0.0,5,margin_hat_min,8.553603172302246,,89.743
dc_cnn29,sweep_all,Deep Contractive,CNN,synthetic,N,200,current_mixture,0.1,10,1e-12,width,0.0,5,d_eff,18.388059238962033,,89.743
dc_cnn29,sweep_all,Deep Contractive,CNN,synthetic,N,200,current_mixture,0.1,10,1e-12,width,0.0,5,g_ibp,0.9867620820051866,,0.007
dc_cnn29,sweep_all,Deep Contractive,CNN,synthetic,N,200,current_mixture,0.1,10,1e-12,width,0.0,5,a_tau,5.2832037287379885,,2.074
dc_cnn29,sweep_all,Deep Contractive,CNN,synthetic,N,200,current_mixture,0.1,10,1e-12,width,0.0,6,margin_hat_min,8.553585052490234,,53.966
dc_cnn29,sweep_all,Deep Contractive,CNN,synthetic,N,200,current_mixture,0.1,10,1e-12,width,0.0,6,d_eff,19.666129742384427,,53.966
dc_cnn29,sweep_all,Deep Contractive,CNN,synthetic,N,200,current_mixture,0.1,10,1e-12,width,0.0,6,g_ibp,0.9867620539621399,,0.107
dc_cnn29,sweep_all,Deep Contractive,CNN,synthetic,N,200,current_mixture,0.1,10,1e-12,width,0.0,6,a_tau,5.278114659230517,,10.008
dc_cnn29,sweep_all,Deep Contractive,CNN,synthetic,N,200,current_mixture,0.1,10,1e-12,width,0.0,7,margin_hat_min,8.553600311279297,,75.12
dc_cnn29,sweep_all,Deep Contractive,CNN,synthetic,N,200,current_mixture,0.1,10,1e-12,width,0.0,7,d_eff,19.448898220406523,,75.12
dc_cnn29,sweep_all,Deep Contractive,CNN,synthetic,N,200,current_mixture,0.1,10,1e-12,width,0.0,7,g_ibp,0.986762077577345,,0.046
dc_cnn29,sweep_all,Deep Contractive,CNN,synthetic,N,200,current_mixture,0.1,10,1e-12,width,0.0,7,a_tau,5.293304824724492,,7.467
dc_cnn29,sweep_all,Deep Contractive,CNN,synthetic,N,400,current_mixture,0.1,10,1e-12,width,0.0,0,margin_hat_min,8.553585052490234,,207.887
dc_cnn29,sweep_all,Deep Contractive,CNN,synthetic,N,400,current_mixture,0.1,10,1e-12,width,0.0,0,d_eff,18.18664760379223,,207.887
dc_cnn29,sweep_all,Deep Contractive,CNN,synthetic,N,400,current_mixture,0.1,10,1e-12,width,0.0,0,g_ibp,0.9867620539621399,,0.017
dc_cnn29,sweep_all,Deep Contractive,CNN,synthetic,N,400,current_mixture,0.1,10,1e-12,width,0.0,0,a_tau,5.981414211254481,,12.104
dc_cnn29,sweep_all,Deep Contractive,CNN,synthetic,N,400,current_mixture,0.1,10,1e-12,width,0.0,1,margin_hat_min,8.553565979003906,,167.79
dc_cnn29,sweep_all,Deep Contractive,CNN,synthetic,N,400,current_mixture,0.1,10,1e-12,width,0.0,1,d_eff,17.723677974905826,,167.79
dc_cnn29,sweep_all,Deep Contractive,CNN,synthetic,N,400,current_mixture,0.1,10,1e-12,width,0.0,1,g_ibp,0.986762024443015,,0.023
dc_cnn29,sweep_all,Deep Contractive,CNN,synthetic,N,400,current_mixture,0.1,10,1e-12,width,0.0,1,a_tau,5.953243334287785,,8.899
dc_cnn29,sweep_all,Deep Contractive,CNN,synthetic,N,400,current_mixture,0.1,10,1e-12,width,0.0,2,margin_hat_min,8.553577423095703,,199.205
dc_cnn29,sweep_all,Deep Contractive,CNN,synthetic,N,400,current_mixture,0.1,10,1e-12,width,0.0,2,d_eff,18.35255979068617,,199.205
dc_cnn29,sweep_all,Deep Contractive,CNN,synthetic,N,400,current_mixture,0.1,10,1e-12,width,0.0,2,g_ibp,0.9867620421545057,,0.015
dc_cnn29,sweep_all,Deep Contractive,CNN,synthetic,N,400,current_mixture,0.1,10,1e-12,width,0.0,2,a_tau,5.968707559985366,,5.066
dc_cnn29,sweep_all,Deep Contractive,CNN,synthetic,N,400,current_mixture,0.1,10,1e-12,width,0.0,3,margin_hat_min,8.553569793701172,,122.027
dc_cnn29,sweep_all,Deep Contractive,CNN,synthetic,N,400,current_mixture,0.1,10,1e-12,width,0.0,3,d_eff,18.29069451464056,,122.027
dc_cnn29,sweep_all,Deep Contractive,CNN,synthetic,N,400,current_mixture,0.1,10,1e-12,width,0.0,3,g_ibp,0.9867620303468504,,0.047
dc_cnn29,sweep_all,Deep Contractive,CNN,synthetic,N,400,current_mixture,0.1,10,1e-12,width,0.0,3,a_tau,5.966146739123692,,12.908
dc_cnn29,sweep_all,Deep Contractive,CNN,synthetic,N,400,current_mixture,0.1,10,1e-12,width,0.0,4,margin_hat_min,8.553581237792969,,240.44
dc_cnn29,sweep_all,Deep Contractive,CNN,synthetic,N,400,current_mixture,0.1,10,1e-12,width,0.0,4,d_eff,17.624347173345512,,240.44
dc_cnn29,sweep_all,Deep Contractive,CNN,synthetic,N,400,current_mixture,0.1,10,1e-12,width,0.0,4,g_ibp,0.9867620480583255,,0.087
dc_cnn29,sweep_all,Deep Contractive,CNN,synthetic,N,400,current_mixture,0.1,10,1e-12,width,0.0,4,a_tau,5.986452005284438,,12.211
dc_cnn29,sweep_all,Deep Contractive,CNN,synthetic,N,400,current_mixture,0.1,10,1e-12,width,0.0,5,margin_hat_min,8.55357837677002,,164.969
dc_cnn29,sweep_all,Deep Contractive,CNN,synthetic,N,400,current_mixture,0.1,10,1e-12,width,0.0,5,d_eff,18.018052416451003,,164.969
dc_cnn29,sweep_all,Deep Contractive,CNN,synthetic,N,400,current_mixture,0.1,10,1e-12,width,0.0,5,g_ibp,0.9867620436304612,,0.018
dc_cnn29,sweep_all,Deep Contractive,CNN,synthetic,N,400,current_mixture,0.1,10,1e-12,width,0.0,5,a_tau,5.978885764901122,,4.335
dc_cnn29,sweep_all,Deep Contractive,CNN,synthetic,N,400,current_mixture,0.1,10,1e-12,width,0.0,6,margin_hat_min,8.553572654724121,,128.722
dc_cnn29,sweep_all,Deep Contractive,CNN,synthetic,N,400,current_mixture,0.1,10,1e-12,width,0.0,6,d_eff,17.748958798775305,,128.722
dc_cnn29,sweep_all,Deep Contractive,CNN,synthetic,N,400,current_mixture,0.1,10,1e-12,width,0.0,6,g_ibp,0.9867620347747236,,0.103
dc_cnn29,sweep_all,Deep Contractive,CNN,synthetic,N,400,current_mixture,0.1,10,1e-12,width,0.0,6,a_tau,5.976350909297934,,17.487
dc_cnn29,sweep_all,Deep Contractive,CNN,synthetic,N,400,current_mixture,0.1,10,1e-12,width,0.0,7,margin_hat_min,8.553570747375488,,132.871
dc_cnn29,sweep_all,Deep Contractive,CNN,synthetic,N,400,current_mixture,0.1,10,1e-12,width,0.0,7,d_eff,18.409647781546283,,132.871
dc_cnn29,sweep_all,Deep Contractive,CNN,synthetic,N,400,current_mixture,0.1,10,1e-12,width,0.0,7,g_ibp,0.9867620318228085,,0.095
dc_cnn29,sweep_all,Deep Contractive,CNN,synthetic,N,400,current_mixture,0.1,10,1e-12,width,0.0,7,a_tau,5.973809611869261,,11.743
dc_cnn29,sweep_all,Deep Contractive,CNN,synthetic,N,800,current_mixture,0.1,10,1e-12,width,0.0,0,margin_hat_min,8.553555488586426,,277.274
dc_cnn29,sweep_all,Deep Contractive,CNN,synthetic,N,800,current_mixture,0.1,10,1e-12,width,0.0,0,d_eff,18.21430957493111,,277.274
dc_cnn29,sweep_all,Deep Contractive,CNN,synthetic,N,800,current_mixture,0.1,10,1e-12,width,0.0,0,g_ibp,0.9867620082074401,,0.063
dc_cnn29,sweep_all,Deep Contractive,CNN,synthetic,N,800,current_mixture,0.1,10,1e-12,width,0.0,0,a_tau,6.665683717782408,,18.028
dc_cnn29,sweep_all,Deep Contractive,CNN,synthetic,N,800,current_mixture,0.1,10,1e-12,width,0.0,1,margin_hat_min,8.553545951843262,,229.389
dc_cnn29,sweep_all,Deep Contractive,CNN,synthetic,N,800,current_mixture,0.1,10,1e-12,width,0.0,1,d_eff,18.42517111769942,,229.389
dc_cnn29,sweep_all,Deep Contractive,CNN,synthetic,N,800,current_mixture,0.1,10,1e-12,width,0.0,1,g_ibp,0.986761993447792,,0.063
dc_cnn29,sweep_all,Deep Contractive,CNN,synthetic,N,800,current_mixture,0.1,10,1e-12,width,0.0,1,a_tau,6.647688373563329,,18.058
dc_cnn29,sweep_all,Deep Contractive,CNN,synthetic,N,800,current_mixture,0.1,10,1e-12,width,0.0,2,margin_hat_min,8.553567886352539,,246.605
dc_cnn29,sweep_all,Deep Contractive,CNN,synthetic,N,800,current_mixture,0.1,10,1e-12,width,0.0,2,d_eff,18.11970976340526,,246.605
dc_cnn29,sweep_all,Deep Contractive,CNN,synthetic,N,800,current_mixture,0.1,10,1e-12,width,0.0,2,g_ibp,0.9867620273949333,,0.009
dc_cnn29,sweep_all,Deep Contractive,CNN,synthetic,N,800,current_mixture,0.1,10,1e-12,width,0.0,2,a_tau,6.659293919683638,,8.056
dc_cnn29,sweep_all,Deep Contractive,CNN,synthetic,N,800,current_mixture,0.1,10,1e-12,width,0.0,3,margin_hat_min,8.553558349609375,,218.228
dc_cnn29,sweep_all,Deep Contractive,CNN,synthetic,N,800,current_mixture,0.1,10,1e-12,width,0.0,3,d_eff,18.240018408727117,,218.228
dc_cnn29,sweep_all,Deep Contractive,CNN,synthetic,N,800,current_mixture,0.1,10,1e-12,width,0.0,3,g_ibp,0.986762012635328,,0.063
dc_cnn29,sweep_all,Deep Contractive,CNN,synthetic,N,800,current_mixture,0.1,10,1e-12,width,0.0,3,a_tau,6.663132695990803,,18.341
dc_cnn29,sweep_all,Deep Contractive,CNN,synthetic,N,800,current_mixture,0.1,10,1e-12,width,0.0,4,margin_hat_min,8.553570747375488,,235.477
dc_cnn29,sweep_all,Deep Contractive,CNN,synthetic,N,800,current_mixture,0.1,10,1e-12,width,0.0,4,d_eff,18.301447005400796,,235.477
dc_cnn29,sweep_all,Deep Contractive,CNN,synthetic,N,800,current_mixture,0.1,10,1e-12,width,0.0,4,g_ibp,0.9867620318228085,,0.006
dc_cnn29,sweep_all,Deep Contractive,CNN,synthetic,N,800,current_mixture,0.1,10,1e-12,width,0.0,4,a_tau,6.672032945461067,,16.299
dc_cnn29,sweep_all,Deep Contractive,CNN,synthetic,N,800,current_mixture,0.1,10,1e-12,width,0.0,5,margin_hat_min,8.553544998168945,,230.987
dc_cnn29,sweep_all,Deep Contractive,CNN,synthetic,N,800,current_mixture,0.1,10,1e-12,width,0.0,5,d_eff,17.661672773647243,,230.987
dc_cnn29,sweep_all,Deep Contractive,CNN,synthetic,N,800,current_mixture,0.1,10,1e-12,width,0.0,5,g_ibp,0.9867619919718255,,0.036
dc_cnn29,sweep_all,Deep Contractive,CNN,synthetic,N,800,current_mixture,0.1,10,1e-12,width,0.0,5,a_tau,6.668228248417403,,16.114
dc_cnn29,sweep_all,Deep Contractive,CNN,synthetic,N,800,current_mixture,0.1,10,1e-12,width,0.0,6,margin_hat_min,8.55357551574707,,211.574
dc_cnn29,sweep_all,Deep Contractive,CNN,synthetic,N,800,current_mixture,0.1,10,1e-12,width,0.0,6,d_eff,17.754781240907846,,211.574
dc_cnn29,sweep_all,Deep Contractive,CNN,synthetic,N,800,current_mixture,0.1,10,1e-12,width,0.0,6,g_ibp,0.9867620392025939,,0.084
dc_cnn29,sweep_all,Deep Contractive,CNN,synthetic,N,800,current_mixture,0.1,10,1e-12,width,0.0,6,a_tau,6.660575149839686,,19.299
dc_cnn29,sweep_all,Deep Contractive,CNN,synthetic,N,800,current_mixture,0.1,10,1e-12,width,0.0,7,margin_hat_min,8.553546905517578,,235.161
dc_cnn29,sweep_all,Deep Contractive,CNN,synthetic,N,800,current_mixture,0.1,10,1e-12,width,0.0,7,d_eff,18.65081784317202,,235.161
dc_cnn29,sweep_all,Deep Contractive,CNN,synthetic,N,800,current_mixture,0.1,10,1e-12,width,0.0,7,g_ibp,0.9867619949237584,,0.02
dc_cnn29,sweep_all,Deep Contractive,CNN,synthetic,N,800,current_mixture,0.1,10,1e-12,width,0.0,7,a_tau,6.668228248417403,,8.189
dc_cnn29,sweep_all,Deep Contractive,CNN,synthetic,N,1600,current_mixture,0.1,10,1e-12,width,0.0,0,margin_hat_min,8.553543090820312,,273.996
dc_cnn29,sweep_all,Deep Contractive,CNN,synthetic,N,1600,current_mixture,0.1,10,1e-12,width,0.0,0,d_eff,18.314397336240674,,273.996
dc_cnn29,sweep_all,Deep Contractive,CNN,synthetic,N,1600,current_mixture,0.1,10,1e-12,width,0.0,0,g_ibp,0.9867619890198912,,0.031
dc_cnn29,sweep_all,Deep Contractive,CNN,synthetic,N,1600,current_mixture,0.1,10,1e-12,width,0.0,0,a_tau,7.355641102974253,,15.018
dc_cnn29,sweep_all,Deep Contractive,CNN,synthetic,N,1600,current_mixture,0.1,10,1e-12,width,0.0,1,margin_hat_min,8.553565979003906,,237.04
dc_cnn29,sweep_all,Deep Contractive,CNN,synthetic,N,1600,current_mixture,0.1,10,1e-12,width,0.0,1,d_eff,17.41678585401687,,237.04
dc_cnn29,sweep_all,Deep Contractive,CNN,synthetic,N,1600,current_mixture,0.1,10,1e-12,width,0.0,1,g_ibp,0.986762024443015,,0.008
dc_cnn29,sweep_all,Deep Contractive,CNN,synthetic,N,1600,current_mixture,0.1,10,1e-12,width,0.0,1,a_tau,7.347943823148687,,13.753
dc_cnn29,sweep_all,Deep Contractive,CNN,synthetic,N,1600,current_mixture,0.1,10,1e-12,width,0.0,2,margin_hat_min,8.553560256958008,,227.468
dc_cnn29,sweep_all,Deep Contractive,CNN,synthetic,N,1600,current_mixture,0.1,10,1e-12,width,0.0,2,d_eff,18.017097134480707,,227.468
dc_cnn29,sweep_all,Deep Contractive,CNN,synthetic,N,1600,current_mixture,0.1,10,1e-12,width,0.0,2,g_ibp,0.9867620155872517,,0.031
dc_cnn29,sweep_all,Deep Contractive,CNN,synthetic,N,1600,current_mixture,0.1,10,1e-12,width,0.0,2,a_tau,7.355001921105257,,11.976
dc_cnn29,sweep_all,Deep Contractive,CNN,synthetic,N,1600,current_mixture,0.1,10,1e-12,width,0.0,3,margin_hat_min,8.553560256958008,,214.772
dc_cnn29,sweep_all,Deep Contractive,CNN,synthetic,N,1600,current_mixture,0.1,10,1e-12,width,0.0,3,d_eff,18.86337839332929,,214.772
dc_cnn29,sweep_all,Deep Contractive,CNN,synthetic,N,1600,current_mixture,0.1,10,1e-12,width,0.0,3,g_ibp,0.9867620155872517,,0.03
dc_cnn29,sweep_all,Deep Contractive,CNN,synthetic,N,1600,current_mixture,0.1,10,1e-12,width,0.0,3,a_tau,7.355641102974253,,16.279
dc_cnn29,sweep_all,Deep Contractive,CNN,synthetic,N,1600,current_mixture,0.1,10,1e-12,width,0.0,4,margin_hat_min,8.553580284118652,,233.047
dc_cnn29,sweep_all,Deep Contractive,CNN,synthetic,N,1600,current_mixture,0.1,10,1e-12,width,0.0,4,d_eff,17.662975961125866,,233.047
dc_cnn29,sweep_all,Deep Contractive,CNN,synthetic,N,1600,current_mixture,0.1,10,1e-12,width,0.0,4,g_ibp,0.986762046582371,,0.019
dc_cnn29,sweep_all,Deep Contractive,CNN,synthetic,N,1600,current_mixture,0.1,10,1e-12,width,0.0,4,a_tau,7.359467638255621,,5.091
dc_cnn29,sweep_all,Deep Contractive,CNN,synthetic,N,1600,current_mixture,0.1,10,1e-12,width,0.0,5,margin_hat_min,8.553550720214844,,216.74
dc_cnn29,sweep_all,Deep Contractive,CNN,synthetic,N,1600,current_mixture,0.1,10,1e-12,width,0.0,5,d_eff,17.835369377604078,,216.74
dc_cnn29,sweep_all,Deep Contractive,CNN,synthetic,N,1600,current_mixture,0.1,10,1e-12,width,0.0,5,g_ibp,0.9867620008276202,,0.018
dc_cnn29,sweep_all,Deep Contractive,CNN,synthetic,N,1600,current_mixture,0.1,10,1e-12,width,0.0,5,a_tau,7.359467638255621,,6.692
dc_cnn29,sweep_all,Deep Contractive,CNN,synthetic,N,1600,current_mixture,0.1,10,1e-12,width,0.0,6,margin_hat_min,8.553569793701172,,206.803
dc_cnn29,sweep_all,Deep Contractive,CNN,synthetic,N,1600,current_mixture,0.1,10,1e-12,width,0.0,6,d_eff,17.7507302057276,,206.803
dc_cnn29,sweep_all,Deep Contractive,CNN,synthetic,N,1600,current_mixture,0.1,10,1e-12,width,0.0,6,g_ibp,0.9867620303468504,,0.006
dc_cnn29,sweep_all,Deep Contractive,CNN,synthetic,N,1600,current_mixture,0.1,10,1e-12,width,0.0,6,a_tau,7.355641102974253,,2.72
dc_cnn29,sweep_all,Deep Contractive,CNN,synthetic,N,1600,current_mixture,0.1,10,1e-12,width,0.0,7,margin_hat_min,8.55355453491211,,206.751
dc_cnn29,sweep_all,Deep Contractive,CNN,synthetic,N,1600,current_mixture,0.1,10,1e-12,width,0.0,7,d_eff,18.17761559304239,,206.751
dc_cnn29,sweep_all,Deep Contractive,CNN,synthetic,N,1600,current_mixture,0.1,10,1e-12,width,0.0,7,g_ibp,0.9867620067314767,,0.006
dc_cnn29,sweep_all,Deep Contractive,CNN,synthetic,N,1600,current_mixture,0.1,10,1e-12,width,0.0,7,a_tau,7.360739903058278,,0.387
ld10,sweep_all,Dominant Key Attn,MLP,synthetic,N,50,current_mixture,0.1,10,1e-12,width,0.0,0,margin_hat_min,0.4016059637069702,,1.339
ld10,sweep_all,Dominant Key Attn,MLP,synthetic,N,50,current_mixture,0.1,10,1e-12,width,0.0,0,d_eff,7.078327543946555,,1.339
ld10,sweep_all,Dominant Key Attn,MLP,synthetic,N,50,current_mixture,0.1,10,1e-12,width,0.0,0,g_ibp,-0.06114281229995031,,0.002
ld10,sweep_all,Dominant Key Attn,MLP,synthetic,N,50,current_mixture,0.1,10,1e-12,width,0.0,0,a_tau,3.6635616461296463,,0.078
ld10,sweep_all,Dominant Key Attn,MLP,synthetic,N,50,current_mixture,0.1,10,1e-12,width,0.0,1,margin_hat_min,0.39972108602523804,,1.712
ld10,sweep_all,Dominant Key Attn,MLP,synthetic,N,50,current_mixture,0.1,10,1e-12,width,0.0,1,d_eff,7.084630759997977,,1.712
ld10,sweep_all,Dominant Key Attn,MLP,synthetic,N,50,current_mixture,0.1,10,1e-12,width,0.0,1,g_ibp,-0.06614661238445074,,0.002
ld10,sweep_all,Dominant Key Attn,MLP,synthetic,N,50,current_mixture,0.1,10,1e-12,width,0.0,1,a_tau,3.6635616461296463,,0.22
ld10,sweep_all,Dominant Key Attn,MLP,synthetic,N,50,current_mixture,0.1,10,1e-12,width,0.0,2,margin_hat_min,0.40233659744262695,,0.815
ld10,sweep_all,Dominant Key Attn,MLP,synthetic,N,50,current_mixture,0.1,10,1e-12,width,0.0,2,d_eff,7.316618715473153,,0.815
ld10,sweep_all,Dominant Key Attn,MLP,synthetic,N,50,current_mixture,0.1,10,1e-12,width,0.0,2,g_ibp,-0.05921580207532206,,0.002
ld10,sweep_all,Dominant Key Attn,MLP,synthetic,N,50,current_mixture,0.1,10,1e-12,width,0.0,2,a_tau,3.6635616461296463,,0.059
ld10,sweep_all,Dominant Key Attn,MLP,synthetic,N,50,current_mixture,0.1,10,1e-12,width,0.0,3,margin_hat_min,0.39972108602523804,,0.464
ld10,sweep_all,Dominant Key Attn,MLP,synthetic,N,50,current_mixture,0.1,10,1e-12,width,0.0,3,d_eff,7.283622440698293,,0.464
ld10,sweep_all,Dominant Key Attn,MLP,synthetic,N,50,current_mixture,0.1,10,1e-12,width,0.0,3,g_ibp,-0.06614661238445074,,0.002
ld10,sweep_all,Dominant Key Attn,MLP,synthetic,N,50,current_mixture,0.1,10,1e-12,width,0.0,3,a_tau,3.713572066704308,,0.049
ld10,sweep_all,Dominant Key Attn,MLP,synthetic,N,50,current_mixture,0.1,10,1e-12,width,0.0,4,margin_hat_min,0.4074383080005646,,0.964
ld10,sweep_all,Dominant Key Attn,MLP,synthetic,N,50,current_mixture,0.1,10,1e-12,width,0.0,4,d_eff,7.68521215209227,,0.964
ld10,sweep_all,Dominant Key Attn,MLP,synthetic,N,50,current_mixture,0.1,10,1e-12,width,0.0,4,g_ibp,-0.04595290476189299,,0.007
ld10,sweep_all,Dominant Key Attn,MLP,synthetic,N,50,current_mixture,0.1,10,1e-12,width,0.0,4,a_tau,3.6635616461296463,,0.126
ld10,sweep_all,Dominant Key Attn,MLP,synthetic,N,50,current_mixture,0.1,10,1e-12,width,0.0,5,margin_hat_min,0.39972108602523804,,1.587
ld10,sweep_all,Dominant Key Attn,MLP,synthetic,N,50,current_mixture,0.1,10,1e-12,width,0.0,5,d_eff,7.263715331599073,,1.587
ld10,sweep_all,Dominant Key Attn,MLP,synthetic,N,50,current_mixture,0.1,10,1e-12,width,0.0,5,g_ibp,-0.06614661238445074,,0.001
ld10,sweep_all,Dominant Key Attn,MLP,synthetic,N,50,current_mixture,0.1,10,1e-12,width,0.0,5,a_tau,3.713572066704308,,0.135
ld10,sweep_all,Dominant Key Attn,MLP,synthetic,N,50,current_mixture,0.1,10,1e-12,width,0.0,6,margin_hat_min,0.39972108602523804,,0.628
ld10,sweep_all,Dominant Key Attn,MLP,synthetic,N,50,current_mixture,0.1,10,1e-12,width,0.0,6,d_eff,7.488654204475081,,0.628
ld10,sweep_all,Dominant Key Attn,MLP,synthetic,N,50,current_mixture,0.1,10,1e-12,width,0.0,6,g_ibp,-0.06614661238445074,,0.002
ld10,sweep_all,Dominant Key Attn,MLP,synthetic,N,50,current_mixture,0.1,10,1e-12,width,0.0,6,a_tau,3.784189633918261,,0.046
ld10,sweep_all,Dominant Key Attn,MLP,synthetic,N,50,current_mixture,0.1,10,1e-12,width,0.0,7,margin_hat_min,0.39972108602523804,,0.724
ld10,sweep_all,Dominant Key Attn,MLP,synthetic,N,50,current_mixture,0.1,10,1e-12,width,0.0,7,d_eff,8.026157784235794,,0.724
ld10,sweep_all,Dominant Key Attn,MLP,synthetic,N,50,current_mixture,0.1,10,1e-12,width,0.0,7,g_ibp,-0.06614661238445074,,0.001
ld10,sweep_all,Dominant Key Attn,MLP,synthetic,N,50,current_mixture,0.1,10,1e-12,width,0.0,7,a_tau,3.784189633918261,,0.196
ld10,sweep_all,Dominant Key Attn,MLP,synthetic,N,100,current_mixture,0.1,10,1e-12,width,0.0,0,margin_hat_min,0.39972108602523804,,2.67
ld10,sweep_all,Dominant Key Attn,MLP,synthetic,N,100,current_mixture,0.1,10,1e-12,width,0.0,0,d_eff,7.535472712250675,,2.67
ld10,sweep_all,Dominant Key Attn,MLP,synthetic,N,100,current_mixture,0.1,10,1e-12,width,0.0,0,g_ibp,-0.06614661238445074,,0.002
ld10,sweep_all,Dominant Key Attn,MLP,synthetic,N,100,current_mixture,0.1,10,1e-12,width,0.0,0,a_tau,4.248495242049359,,0.346
ld10,sweep_all,Dominant Key Attn,MLP,synthetic,N,100,current_mixture,0.1,10,1e-12,width,0.0,1,margin_hat_min,0.39972108602523804,,7.006
ld10,sweep_all,Dominant Key Attn,MLP,synthetic,N,100,current_mixture,0.1,10,1e-12,width,0.0,1,d_eff,7.320504004065285,,7.006
ld10,sweep_all,Dominant Key Attn,MLP,synthetic,N,100,current_mixture,0.1,10,1e-12,width,0.0,1,g_ibp,-0.06614661238445074,,0.01
ld10,sweep_all,Dominant Key Attn,MLP,synthetic,N,100,current_mixture,0.1,10,1e-12,width,0.0,1,a_tau,4.189654742026425,,0.232
ld10,sweep_all,Dominant Key Attn,MLP,synthetic,N,100,current_mixture,0.1,10,1e-12,width,0.0,2,margin_hat_min,0.39972108602523804,,0.822
ld10,sweep_all,Dominant Key Attn,MLP,synthetic,N,100,current_mixture,0.1,10,1e-12,width,0.0,2,d_eff,7.340364317198612,,0.822
ld10,sweep_all,Dominant Key Attn,MLP,synthetic,N,100,current_mixture,0.1,10,1e-12,width,0.0,2,g_ibp,-0.06614661238445074,,0.002
ld10,sweep_all,Dominant Key Attn,MLP,synthetic,N,100,current_mixture,0.1,10,1e-12,width,0.0,2,a_tau,4.189654742026425,,0.133
ld10,sweep_all,Dominant Key Attn,MLP,synthetic,N,100,current_mixture,0.1,10,1e-12,width,0.0,3,margin_hat_min,0.39972108602523804,,5.549
ld10,sweep_all,Dominant Key Attn,MLP,synthetic,N,100,current_mixture,0.1,10,1e-12,width,0.0,3,d_eff,7.406159331769016,,5.549
ld10,sweep_all,Dominant Key Attn,MLP,synthetic,N,100,current_mixture,0.1,10,1e-12,width,0.0,3,g_ibp,-0.06614661238445074,,0.058
ld10,sweep_all,Dominant Key Attn,MLP,synthetic,N,100,current_mixture,0.1,10,1e-12,width,0.0,3,a_tau,4.174387269895637,,1.226
ld10,sweep_all,Dominant Key Attn,MLP,synthetic,N,100,current_mixture,0.1,10,1e-12,width,0.0,4,margin_hat_min,0.39972108602523804,,1.098
ld10,sweep_all,Dominant Key Attn,MLP,synthetic,N,100,current_mixture,0.1,10,1e-12,width,0.0,4,d_eff,7.339003541133265,,1.098
ld10,sweep_all,Dominant Key Attn,MLP,synthetic,N,100,current_mixture,0.1,10,1e-12,width,0.0,4,g_ibp,-0.06614661238445074,,0.001
ld10,sweep_all,Dominant Key Attn,MLP,synthetic,N,100,current_mixture,0.1,10,1e-12,width,0.0,4,a_tau,4.2626798770413155,,0.107
ld10,sweep_all,Dominant Key Attn,MLP,synthetic,N,100,current_mixture,0.1,10,1e-12,width,0.0,5,margin_hat_min,0.39972108602523804,,8.235
ld10,sweep_all,Dominant Key Attn,MLP,synthetic,N,100,current_mixture,0.1,10,1e-12,width,0.0,5,d_eff,7.438089063599056,,8.235
ld10,sweep_all,Dominant Key Attn,MLP,synthetic,N,100,current_mixture,0.1,10,1e-12,width,0.0,5,g_ibp,-0.06614661238445074,,0.042
ld10,sweep_all,Dominant Key Attn,MLP,synthetic,N,100,current_mixture,0.1,10,1e-12,width,0.0,5,a_tau,4.2626798770413155,,1.09
ld10,sweep_all,Dominant Key Attn,MLP,synthetic,N,100,current_mixture,0.1,10,1e-12,width,0.0,6,margin_hat_min,0.39972108602523804,,4.59
ld10,sweep_all,Dominant Key Attn,MLP,synthetic,N,100,current_mixture,0.1,10,1e-12,width,0.0,6,d_eff,7.457547550220996,,4.59
ld10,sweep_all,Dominant Key Attn,MLP,synthetic,N,100,current_mixture,0.1,10,1e-12,width,0.0,6,g_ibp,-0.06614661238445074,,0.001
ld10,sweep_all,Dominant Key Attn,MLP,synthetic,N,100,current_mixture,0.1,10,1e-12,width,0.0,6,a_tau,4.406719247264253,,1.178
ld10,sweep_all,Dominant Key Attn,MLP,synthetic,N,100,current_mixture,0.1,10,1e-12,width,0.0,7,margin_hat_min,0.39972108602523804,,8.555
ld10,sweep_all,Dominant Key Attn,MLP,synthetic,N,100,current_mixture,0.1,10,1e-12,width,0.0,7,d_eff,7.442062633393287,,8.555
ld10,sweep_all,Dominant Key Attn,MLP,synthetic,N,100,current_mixture,0.1,10,1e-12,width,0.0,7,g_ibp,-0.06614661238445074,,0.001
ld10,sweep_all,Dominant Key Attn,MLP,synthetic,N,100,current_mixture,0.1,10,1e-12,width,0.0,7,a_tau,4.2626798770413155,,1.101
ld10,sweep_all,Dominant Key Attn,MLP,synthetic,N,200,current_mixture,0.1,10,1e-12,width,0.0,0,margin_hat_min,0.39972108602523804,,9.801
ld10,sweep_all,Dominant Key Attn,MLP,synthetic,N,200,current_mixture,0.1,10,1e-12,width,0.0,0,d_eff,7.498851682763584,,9.801
ld10,sweep_all,Dominant Key Attn,MLP,synthetic,N,200,current_mixture,0.1,10,1e-12,width,0.0,0,g_ibp,-0.06614661238445074,,0.014
ld10,sweep_all,Dominant Key Attn,MLP,synthetic,N,200,current_mixture,0.1,10,1e-12,width,0.0,0,a_tau,4.836281906951478,,0.837
ld10,sweep_all,Dominant Key Attn,MLP,synthetic,N,200,current_mixture,0.1,10,1e-12,width,0.0,1,margin_hat_min,0.39972108602523804,,15.282
ld10,sweep_all,Dominant Key Attn,MLP,synthetic,N,200,current_mixture,0.1,10,1e-12,width,0.0,1,d_eff,7.3101026810538166,,15.282
ld10,sweep_all,Dominant Key Attn,MLP,synthetic,N,200,current_mixture,0.1,10,1e-12,width,0.0,1,g_ibp,-0.06614661238445074,,0.002
ld10,sweep_all,Dominant Key Attn,MLP,synthetic,N,200,current_mixture,0.1,10,1e-12,width,0.0,1,a_tau,4.672828834461906,,0.373
ld10,sweep_all,Dominant Key Attn,MLP,synthetic,N,200,current_mixture,0.1,10,1e-12,width,0.0,2,margin_hat_min,0.39972108602523804,,10.916
ld10,sweep_all,Dominant Key Attn,MLP,synthetic,N,200,current_mixture,0.1,10,1e-12,width,0.0,2,d_eff,7.531008367594432,,10.916
ld10,sweep_all,Dominant Key Attn,MLP,synthetic,N,200,current_mixture,0.1,10,1e-12,width,0.0,2,g_ibp,-0.06614661238445074,,0.002
ld10,sweep_all,Dominant Key Attn,MLP,synthetic,N,200,current_mixture,0.1,10,1e-12,width,0.0,2,a_tau,4.74493212836325,,2.013
ld10,sweep_all,Dominant Key Attn,MLP,synthetic,N,200,current_mixture,0.1,10,1e-12,width,0.0,3,margin_hat_min,0.39972108602523804,,19.877
ld10,sweep_all,Dominant Key Attn,MLP,synthetic,N,200,current_mixture,0.1,10,1e-12,width,0.0,3,d_eff,7.518846176116697,,19.877
ld10,sweep_all,Dominant Key Attn,MLP,synthetic,N,200,current_mixture,0.1,10,1e-12,width,0.0,3,g_ibp,-0.06614661238445074,,0.034
ld10,sweep_all,Dominant Key Attn,MLP,synthetic,N,200,current_mixture,0.1,10,1e-12,width,0.0,3,a_tau,4.727387818712341,,1.89
ld10,sweep_all,Dominant Key Attn,MLP,synthetic,N,200,current_mixture,0.1,10,1e-12,width,0.0,4,margin_hat_min,0.39972108602523804,,18.67
ld10,sweep_all,Dominant Key Attn,MLP,synthetic,N,200,current_mixture,0.1,10,1e-12,width,0.0,4,d_eff,7.339361855783755,,18.67
ld10,sweep_all,Dominant Key Attn,MLP,synthetic,N,200,current_mixture,0.1,10,1e-12,width,0.0,4,g_ibp,-0.06614661238445074,,0.002
ld10,sweep_all,Dominant Key Attn,MLP,synthetic,N,200,current_mixture,0.1,10,1e-12,width,0.0,4,a_tau,4.812184355372417,,1.494
ld10,sweep_all,Dominant Key Attn,MLP,synthetic,N,200,current_mixture,0.1,10,1e-12,width,0.0,5,margin_hat_min,0.39972108602523804,,3.807
ld10,sweep_all,Dominant Key Attn,MLP,synthetic,N,200,current_mixture,0.1,10,1e-12,width,0.0,5,d_eff,7.4518213391721355,,3.807
ld10,sweep_all,Dominant Key Attn,MLP,synthetic,N,200,current_mixture,0.1,10,1e-12,width,0.0,5,g_ibp,-0.06614661238445074,,0.001
ld10,sweep_all,Dominant Key Attn,MLP,synthetic,N,200,current_mixture,0.1,10,1e-12,width,0.0,5,a_tau,4.77912349311153,,1.349
ld10,sweep_all,Dominant Key Attn,MLP,synthetic,N,200,current_mixture,0.1,10,1e-12,width,0.0,6,margin_hat_min,0.39972108602523804,,17.985
ld10,sweep_all,Dominant Key Attn,MLP,synthetic,N,200,current_mixture,0.1,10,1e-12,width,0.0,6,d_eff,7.282005215386695,,17.985
ld10,sweep_all,Dominant Key Attn,MLP,synthetic,N,200,current_mixture,0.1,10,1e-12,width,0.0,6,g_ibp,-0.06614661238445074,,0.001
ld10,sweep_all,Dominant Key Attn,MLP,synthetic,N,200,current_mixture,0.1,10,1e-12,width,0.0,6,a_tau,4.90527477843843,,1.673
ld10,sweep_all,Dominant Key Attn,MLP,synthetic,N,200,current_mixture,0.1,10,1e-12,width,0.0,7,margin_hat_min,0.39972108602523804,,14.416
ld10,sweep_all,Dominant Key Attn,MLP,synthetic,N,200,current_mixture,0.1,10,1e-12,width,0.0,7,d_eff,7.475005552877364,,14.416
ld10,sweep_all,Dominant Key Attn,MLP,synthetic,N,200,current_mixture,0.1,10,1e-12,width,0.0,7,g_ibp,-0.06614661238445074,,0.002
ld10,sweep_all,Dominant Key Attn,MLP,synthetic,N,200,current_mixture,0.1,10,1e-12,width,0.0,7,a_tau,4.718498871295094,,0.402
ld10,sweep_all,Dominant Key Attn,MLP,synthetic,N,400,current_mixture,0.1,10,1e-12,width,0.0,0,margin_hat_min,0.39972108602523804,,30.835
ld10,sweep_all,Dominant Key Attn,MLP,synthetic,N,400,current_mixture,0.1,10,1e-12,width,0.0,0,d_eff,7.470383462566535,,30.835
ld10,sweep_all,Dominant Key Attn,MLP,synthetic,N,400,current_mixture,0.1,10,1e-12,width,0.0,0,g_ibp,-0.06614661238445074,,0.002
ld10,sweep_all,Dominant Key Attn,MLP,synthetic,N,400,current_mixture,0.1,10,1e-12,width,0.0,0,a_tau,5.262690188904886,,3.174
ld10,sweep_all,Dominant Key Attn,MLP,synthetic,N,400,current_mixture,0.1,10,1e-12,width,0.0,1,margin_hat_min,0.39972108602523804,,31.345
ld10,sweep_all,Dominant Key Attn,MLP,synthetic,N,400,current_mixture,0.1,10,1e-12,width,0.0,1,d_eff,7.290334055862019,,31.345
ld10,sweep_all,Dominant Key Attn,MLP,synthetic,N,400,current_mixture,0.1,10,1e-12,width,0.0,1,g_ibp,-0.06614661238445074,,0.002
ld10,sweep_all,Dominant Key Attn,MLP,synthetic,N,400,current_mixture,0.1,10,1e-12,width,0.0,1,a_tau,5.209486152841421,,3.06
ld10,sweep_all,Dominant Key Attn,MLP,synthetic,N,400,current_mixture,0.1,10,1e-12,width,0.0,2,margin_hat_min,0.39972108602523804,,28.261
ld10,sweep_all,Dominant Key Attn,MLP,synthetic,N,400,current_mixture,0.1,10,1e-12,width,0.0,2,d_eff,7.524351432879224,,28.261
ld10,sweep_all,Dominant Key Attn,MLP,synthetic,N,400,current_mixture,0.1,10,1e-12,width,0.0,2,g_ibp,-0.06614661238445074,,0.001
ld10,sweep_all,Dominant Key Attn,MLP,synthetic,N,400,current_mixture,0.1,10,1e-12,width,0.0,2,a_tau,5.198497031265826,,3.291
ld10,sweep_all,Dominant Key Attn,MLP,synthetic,N,400,current_mixture,0.1,10,1e-12,width,0.0,3,margin_hat_min,0.39972108602523804,,30.463
ld10,sweep_all,Dominant Key Attn,MLP,synthetic,N,400,current_mixture,0.1,10,1e-12,width,0.0,3,d_eff,7.489717841204692,,30.463
ld10,sweep_all,Dominant Key Attn,MLP,synthetic,N,400,current_mixture,0.1,10,1e-12,width,0.0,3,g_ibp,-0.06614661238445074,,0.001
ld10,sweep_all,Dominant Key Attn,MLP,synthetic,N,400,current_mixture,0.1,10,1e-12,width,0.0,3,a_tau,5.187385805840755,,3.122
ld10,sweep_all,Dominant Key Attn,MLP,synthetic,N,400,current_mixture,0.1,10,1e-12,width,0.0,4,margin_hat_min,0.39972108602523804,,27.209
ld10,sweep_all,Dominant Key Attn,MLP,synthetic,N,400,current_mixture,0.1,10,1e-12,width,0.0,4,d_eff,7.350348175941646,,27.209
ld10,sweep_all,Dominant Key Attn,MLP,synthetic,N,400,current_mixture,0.1,10,1e-12,width,0.0,4,g_ibp,-0.06614661238445074,,0.03
ld10,sweep_all,Dominant Key Attn,MLP,synthetic,N,400,current_mixture,0.1,10,1e-12,width,0.0,4,a_tau,5.209486152841421,,3.35
ld10,sweep_all,Dominant Key Attn,MLP,synthetic,N,400,current_mixture,0.1,10,1e-12,width,0.0,5,margin_hat_min,0.39972108602523804,,31.789
ld10,sweep_all,Dominant Key Attn,MLP,synthetic,N,400,current_mixture,0.1,10,1e-12,width,0.0,5,d_eff,7.3832353203936885,,31.789
ld10,sweep_all,Dominant Key Attn,MLP,synthetic,N,400,current_mixture,0.1,10,1e-12,width,0.0,5,g_ibp,-0.06614661238445074,,0.033
ld10,sweep_all,Dominant Key Attn,MLP,synthetic,N,400,current_mixture,0.1,10,1e-12,width,0.0,5,a_tau,5.204006687076795,,3.085
ld10,sweep_all,Dominant Key Attn,MLP,synthetic,N,400,current_mixture,0.1,10,1e-12,width,0.0,6,margin_hat_min,0.39972108602523804,,30.685
ld10,sweep_all,Dominant Key Attn,MLP,synthetic,N,400,current_mixture,0.1,10,1e-12,width,0.0,6,d_eff,7.386780659637146,,30.685
ld10,sweep_all,Dominant Key Attn,MLP,synthetic,N,400,current_mixture,0.1,10,1e-12,width,0.0,6,g_ibp,-0.06614661238445074,,0.03
ld10,sweep_all,Dominant Key Attn,MLP,synthetic,N,400,current_mixture,0.1,10,1e-12,width,0.0,6,a_tau,5.4116460518550396,,2.385
ld10,sweep_all,Dominant Key Attn,MLP,synthetic,N,400,current_mixture,0.1,10,1e-12,width,0.0,7,margin_hat_min,0.39972108602523804,,17.06
ld10,sweep_all,Dominant Key Attn,MLP,synthetic,N,400,current_mixture,0.1,10,1e-12,width,0.0,7,d_eff,7.422428229421247,,17.06
ld10,sweep_all,Dominant Key Attn,MLP,synthetic,N,400,current_mixture,0.1,10,1e-12,width,0.0,7,g_ibp,-0.06614661238445074,,0.001
ld10,sweep_all,Dominant Key Attn,MLP,synthetic,N,400,current_mixture,0.1,10,1e-12,width,0.0,7,a_tau,5.093750200806762,,0.862
ld10,sweep_all,Dominant Key Attn,MLP,synthetic,N,800,current_mixture,0.1,10,1e-12,width,0.0,0,margin_hat_min,0.39972108602523804,,16.23
ld10,sweep_all,Dominant Key Attn,MLP,synthetic,N,800,current_mixture,0.1,10,1e-12,width,0.0,0,d_eff,7.472658686802465,,16.23
ld10,sweep_all,Dominant Key Attn,MLP,synthetic,N,800,current_mixture,0.1,10,1e-12,width,0.0,0,g_ibp,-0.06614661238445074,,0.002
ld10,sweep_all,Dominant Key Attn,MLP,synthetic,N,800,current_mixture,0.1,10,1e-12,width,0.0,0,a_tau,5.631211781821365,,1.41
ld10,sweep_all,Dominant Key Attn,MLP,synthetic,N,800,current_mixture,0.1,10,1e-12,width,0.0,1,margin_hat_min,0.39972108602523804,,30.511
ld10,sweep_all,Dominant Key Attn,MLP,synthetic,N,800,current_mixture,0.1,10,1e-12,width,0.0,1,d_eff,7.37883144520278,,30.511
ld10,sweep_all,Dominant Key Attn,MLP,synthetic,N,800,current_mixture,0.1,10,1e-12,width,0.0,1,g_ibp,-0.06614661238445074,,0.001
ld10,sweep_all,Dominant Key Attn,MLP,synthetic,N,800,current_mixture,0.1,10,1e-12,width,0.0,1,a_tau,5.676753802268282,,3.972
ld10,sweep_all,Dominant Key Attn,MLP,synthetic,N,800,current_mixture,0.1,10,1e-12,width,0.0,2,margin_hat_min,0.39972108602523804,,33.676
ld10,sweep_all,Dominant Key Attn,MLP,synthetic,N,800,current_mixture,0.1,10,1e-12,width,0.0,2,d_eff,7.352348157269701,,33.676
ld10,sweep_all,Dominant Key Attn,MLP,synthetic,N,800,current_mixture,0.1,10,1e-12,width,0.0,2,g_ibp,-0.06614661238445074,,0.001
ld10,sweep_all,Dominant Key Attn,MLP,synthetic,N,800,current_mixture,0.1,10,1e-12,width,0.0,2,a_tau,5.627621113690637,,3.64
ld10,sweep_all,Dominant Key Attn,MLP,synthetic,N,800,current_mixture,0.1,10,1e-12,width,0.0,3,margin_hat_min,0.39972108602523804,,30.031
ld10,sweep_all,Dominant Key Attn,MLP,synthetic,N,800,current_mixture,0.1,10,1e-12,width,0.0,3,d_eff,7.494476677896423,,30.031
ld10,sweep_all,Dominant Key Attn,MLP,synthetic,N,800,current_mixture,0.1,10,1e-12,width,0.0,3,g_ibp,-0.06614661238445074,,0.002
ld10,sweep_all,Dominant Key Attn,MLP,synthetic,N,800,current_mixture,0.1,10,1e-12,width,0.0,3,a_tau,5.6240175061873385,,3.958
ld10,sweep_all,Dominant Key Attn,MLP,synthetic,N,800,current_mixture,0.1,10,1e-12,width,0.0,4,margin_hat_min,0.39972108602523804,,34.754
ld10,sweep_all,Dominant Key Attn,MLP,synthetic,N,800,current_mixture,0.1,10,1e-12,width,0.0,4,d_eff,7.377020017087813,,34.754
ld10,sweep_all,Dominant Key Attn,MLP,synthetic,N,800,current_mixture,0.1,10,1e-12,width,0.0,4,g_ibp,-0.06614661238445074,,0.004
ld10,sweep_all,Dominant Key Attn,MLP,synthetic,N,800,current_mixture,0.1,10,1e-12,width,0.0,4,a_tau,5.645446897643238,,0.786
ld10,sweep_all,Dominant Key Attn,MLP,synthetic,N,800,current_mixture,0.1,10,1e-12,width,0.0,5,margin_hat_min,0.39972108602523804,,33.556
ld10,sweep_all,Dominant Key Attn,MLP,synthetic,N,800,current_mixture,0.1,10,1e-12,width,0.0,5,d_eff,7.403181790029977,,33.556
ld10,sweep_all,Dominant Key Attn,MLP,synthetic,N,800,current_mixture,0.1,10,1e-12,width,0.0,5,g_ibp,-0.06614661238445074,,0.001
ld10,sweep_all,Dominant Key Attn,MLP,synthetic,N,800,current_mixture,0.1,10,1e-12,width,0.0,5,a_tau,5.6937321388027,,4.501
ld10,sweep_all,Dominant Key Attn,MLP,synthetic,N,800,current_mixture,0.1,10,1e-12,width,0.0,6,margin_hat_min,0.39972108602523804,,18.926
ld10,sweep_all,Dominant Key Attn,MLP,synthetic,N,800,current_mixture,0.1,10,1e-12,width,0.0,6,d_eff,7.348488329240889,,18.926
ld10,sweep_all,Dominant Key Attn,MLP,synthetic,N,800,current_mixture,0.1,10,1e-12,width,0.0,6,g_ibp,-0.06614661238445074,,0.002
ld10,sweep_all,Dominant Key Attn,MLP,synthetic,N,800,current_mixture,0.1,10,1e-12,width,0.0,6,a_tau,5.814130531825066,,1.041
ld10,sweep_all,Dominant Key Attn,MLP,synthetic,N,800,current_mixture,0.1,10,1e-12,width,0.0,7,margin_hat_min,0.39972108602523804,,22.583
ld10,sweep_all,Dominant Key Attn,MLP,synthetic,N,800,current_mixture,0.1,10,1e-12,width,0.0,7,d_eff,7.4380345012745,,22.583
ld10,sweep_all,Dominant Key Attn,MLP,synthetic,N,800,current_mixture,0.1,10,1e-12,width,0.0,7,g_ibp,-0.06614661238445074,,0.042
ld10,sweep_all,Dominant Key Attn,MLP,synthetic,N,800,current_mixture,0.1,10,1e-12,width,0.0,7,a_tau,5.488937726156687,,4.177
ld10,sweep_all,Dominant Key Attn,MLP,synthetic,N,1600,current_mixture,0.1,10,1e-12,width,0.0,0,margin_hat_min,0.39972108602523804,,50.076
ld10,sweep_all,Dominant Key Attn,MLP,synthetic,N,1600,current_mixture,0.1,10,1e-12,width,0.0,0,d_eff,7.422690831988936,,50.076
ld10,sweep_all,Dominant Key Attn,MLP,synthetic,N,1600,current_mixture,0.1,10,1e-12,width,0.0,0,g_ibp,-0.06614661238445074,,0.002
ld10,sweep_all,Dominant Key Attn,MLP,synthetic,N,1600,current_mixture,0.1,10,1e-12,width,0.0,0,a_tau,5.948034989180646,,2.613
ld10,sweep_all,Dominant Key Attn,MLP,synthetic,N,1600,current_mixture,0.1,10,1e-12,width,0.0,1,margin_hat_min,0.39972108602523804,,38.152
ld10,sweep_all,Dominant Key Attn,MLP,synthetic,N,1600,current_mixture,0.1,10,1e-12,width,0.0,1,d_eff,7.3470677191316,,38.152
ld10,sweep_all,Dominant Key Attn,MLP,synthetic,N,1600,current_mixture,0.1,10,1e-12,width,0.0,1,g_ibp,-0.06614661238445074,,0.029
ld10,sweep_all,Dominant Key Attn,MLP,synthetic,N,1600,current_mixture,0.1,10,1e-12,width,0.0,1,a_tau,6.052089168924417,,6.751
ld10,sweep_all,Dominant Key Attn,MLP,synthetic,N,1600,current_mixture,0.1,10,1e-12,width,0.0,2,margin_hat_min,0.39972108602523804,,53.476
ld10,sweep_all,Dominant Key Attn,MLP,synthetic,N,1600,current_mixture,0.1,10,1e-12,width,0.0,2,d_eff,7.428927588832168,,53.476
ld10,sweep_all,Dominant Key Attn,MLP,synthetic,N,1600,current_mixture,0.1,10,1e-12,width,0.0,2,g_ibp,-0.06614661238445074,,0.001
ld10,sweep_all,Dominant Key Attn,MLP,synthetic,N,1600,current_mixture,0.1,10,1e-12,width,0.0,2,a_tau,6.0014148779611505,,5.67
ld10,sweep_all,Dominant Key Attn,MLP,synthetic,N,1600,current_mixture,0.1,10,1e-12,width,0.0,3,margin_hat_min,0.39972108602523804,,49.63
ld10,sweep_all,Dominant Key Attn,MLP,synthetic,N,1600,current_mixture,0.1,10,1e-12,width,0.0,3,d_eff,7.488938869905977,,49.63
ld10,sweep_all,Dominant Key Attn,MLP,synthetic,N,1600,current_mixture,0.1,10,1e-12,width,0.0,3,g_ibp,-0.06614661238445074,,0.002
ld10,sweep_all,Dominant Key Attn,MLP,synthetic,N,1600,current_mixture,0.1,10,1e-12,width,0.0,3,a_tau,5.976350909297934,,5.844
ld10,sweep_all,Dominant Key Attn,MLP,synthetic,N,1600,current_mixture,0.1,10,1e-12,width,0.0,4,margin_hat_min,0.39972108602523804,,49.147
ld10,sweep_all,Dominant Key Attn,MLP,synthetic,N,1600,current_mixture,0.1,10,1e-12,width,0.0,4,d_eff,7.454676370452996,,49.147
ld10,sweep_all,Dominant Key Attn,MLP,synthetic,N,1600,current_mixture,0.1,10,1e-12,width,0.0,4,g_ibp,-0.06614661238445074,,0.025
ld10,sweep_all,Dominant Key Attn,MLP,synthetic,N,1600,current_mixture,0.1,10,1e-12,width,0.0,4,a_tau,5.998936561946683,,6.826
ld10,sweep_all,Dominant Key Attn,MLP,synthetic,N,1600,current_mixture,0.1,10,1e-12,width,0.0,5,margin_hat_min,0.39972108602523804,,33.638
ld10,sweep_all,Dominant Key Attn,MLP,synthetic,N,1600,current_mixture,0.1,10,1e-12,width,0.0,5,d_eff,7.426594054972096,,33.638
ld10,sweep_all,Dominant Key Attn,MLP,synthetic,N,1600,current_mixture,0.1,10,1e-12,width,0.0,5,g_ibp,-0.06614661238445074,,0.034
ld10,sweep_all,Dominant Key Attn,MLP,synthetic,N,1600,current_mixture,0.1,10,1e-12,width,0.0,5,a_tau,5.998936561946683,,7.531
ld10,sweep_all,Dominant Key Attn,MLP,synthetic,N,1600,current_mixture,0.1,10,1e-12,width,0.0,6,margin_hat_min,0.39972108602523804,,49.137
ld10,sweep_all,Dominant Key Attn,MLP,synthetic,N,1600,current_mixture,0.1,10,1e-12,width,0.0,6,d_eff,7.356612163556714,,49.137
ld10,sweep_all,Dominant Key Attn,MLP,synthetic,N,1600,current_mixture,0.1,10,1e-12,width,0.0,6,g_ibp,-0.06614661238445074,,0.001
ld10,sweep_all,Dominant Key Attn,MLP,synthetic,N,1600,current_mixture,0.1,10,1e-12,width,0.0,6,a_tau,6.20455776256869,,6.7
ld10,sweep_all,Dominant Key Attn,MLP,synthetic,N,1600,current_mixture,0.1,10,1e-12,width,0.0,7,margin_hat_min,0.39972108602523804,,40.992
ld10,sweep_all,Dominant Key Attn,MLP,synthetic,N,1600,current_mixture,0.1,10,1e-12,width,0.0,7,d_eff,7.346224471158463,,40.992
ld10,sweep_all,Dominant Key Attn,MLP,synthetic,N,1600,current_mixture,0.1,10,1e-12,width,0.0,7,g_ibp,-0.06614661238445074,,0.001
ld10,sweep_all,Dominant Key Attn,MLP,synthetic,N,1600,current_mixture,0.1,10,1e-12,width,0.0,7,a_tau,5.87493073085203,,6.407
ld9,sweep_all,Dominant Key Attn,MLP,synthetic,N,50,current_mixture,0.1,10,1e-12,width,0.0,0,margin_hat_min,0.5711484551429749,,4.061
ld9,sweep_all,Dominant Key Attn,MLP,synthetic,N,50,current_mixture,0.1,10,1e-12,width,0.0,0,d_eff,15.469466034316003,,4.061
ld9,sweep_all,Dominant Key Attn,MLP,synthetic,N,50,current_mixture,0.1,10,1e-12,width,0.0,0,g_ibp,-0.07621053379656904,,0.001
ld9,sweep_all,Dominant Key Attn,MLP,synthetic,N,50,current_mixture,0.1,10,1e-12,width,0.0,0,a_tau,3.784189633918261,,0.549
ld9,sweep_all,Dominant Key Attn,MLP,synthetic,N,50,current_mixture,0.1,10,1e-12,width,0.0,1,margin_hat_min,0.5711484551429749,,4.497
ld9,sweep_all,Dominant Key Attn,MLP,synthetic,N,50,current_mixture,0.1,10,1e-12,width,0.0,1,d_eff,14.67181147148717,,4.497
ld9,sweep_all,Dominant Key Attn,MLP,synthetic,N,50,current_mixture,0.1,10,1e-12,width,0.0,1,g_ibp,-0.07621053379656904,,0.001
ld9,sweep_all,Dominant Key Attn,MLP,synthetic,N,50,current_mixture,0.1,10,1e-12,width,0.0,1,a_tau,3.784189633918261,,0.607
ld9,sweep_all,Dominant Key Attn,MLP,synthetic,N,50,current_mixture,0.1,10,1e-12,width,0.0,2,margin_hat_min,0.5711484551429749,,4.562
ld9,sweep_all,Dominant Key Attn,MLP,synthetic,N,50,current_mixture,0.1,10,1e-12,width,0.0,2,d_eff,15.534823444501212,,4.562
ld9,sweep_all,Dominant Key Attn,MLP,synthetic,N,50,current_mixture,0.1,10,1e-12,width,0.0,2,g_ibp,-0.07621053379656904,,0.033
ld9,sweep_all,Dominant Key Attn,MLP,synthetic,N,50,current_mixture,0.1,10,1e-12,width,0.0,2,a_tau,3.784189633918261,,0.57
ld9,sweep_all,Dominant Key Attn,MLP,synthetic,N,50,current_mixture,0.1,10,1e-12,width,0.0,3,margin_hat_min,0.5711484551429749,,4.159
ld9,sweep_all,Dominant Key Attn,MLP,synthetic,N,50,current_mixture,0.1,10,1e-12,width,0.0,3,d_eff,15.6534361452215,,4.159
ld9,sweep_all,Dominant Key Attn,MLP,synthetic,N,50,current_mixture,0.1,10,1e-12,width,0.0,3,g_ibp,-0.07621053379656904,,0.001
ld9,sweep_all,Dominant Key Attn,MLP,synthetic,N,50,current_mixture,0.1,10,1e-12,width,0.0,3,a_tau,3.8066624897703196,,0.553
ld9,sweep_all,Dominant Key Attn,MLP,synthetic,N,50,current_mixture,0.1,10,1e-12,width,0.0,4,margin_hat_min,0.5711484551429749,,5.175
ld9,sweep_all,Dominant Key Attn,MLP,synthetic,N,50,current_mixture,0.1,10,1e-12,width,0.0,4,d_eff,16.259991089576904,,5.175
ld9,sweep_all,Dominant Key Attn,MLP,synthetic,N,50,current_mixture,0.1,10,1e-12,width,0.0,4,g_ibp,-0.07621053379656904,,0.001
ld9,sweep_all,Dominant Key Attn,MLP,synthetic,N,50,current_mixture,0.1,10,1e-12,width,0.0,4,a_tau,3.784189633918261,,0.623
ld9,sweep_all,Dominant Key Attn,MLP,synthetic,N,50,current_mixture,0.1,10,1e-12,width,0.0,5,margin_hat_min,0.5711484551429749,,4.826
ld9,sweep_all,Dominant Key Attn,MLP,synthetic,N,50,current_mixture,0.1,10,1e-12,width,0.0,5,d_eff,15.416911963417665,,4.826
ld9,sweep_all,Dominant Key Attn,MLP,synthetic,N,50,current_mixture,0.1,10,1e-12,width,0.0,5,g_ibp,-0.07621053379656904,,0.001
ld9,sweep_all,Dominant Key Attn,MLP,synthetic,N,50,current_mixture,0.1,10,1e-12,width,0.0,5,a_tau,3.8501476017100584,,0.596
ld9,sweep_all,Dominant Key Attn,MLP,synthetic,N,50,current_mixture,0.1,10,1e-12,width,0.0,6,margin_hat_min,0.5711484551429749,,4.48
ld9,sweep_all,Dominant Key Attn,MLP,synthetic,N,50,current_mixture,0.1,10,1e-12,width,0.0,6,d_eff,15.353207263055273,,4.48
ld9,sweep_all,Dominant Key Attn,MLP,synthetic,N,50,current_mixture,0.1,10,1e-12,width,0.0,6,g_ibp,-0.07621053379656904,,0.001
ld9,sweep_all,Dominant Key Attn,MLP,synthetic,N,50,current_mixture,0.1,10,1e-12,width,0.0,6,a_tau,3.713572066704308,,0.543
ld9,sweep_all,Dominant Key Attn,MLP,synthetic,N,50,current_mixture,0.1,10,1e-12,width,0.0,7,margin_hat_min,0.5711484551429749,,5.24
ld9,sweep_all,Dominant Key Attn,MLP,synthetic,N,50,current_mixture,0.1,10,1e-12,width,0.0,7,d_eff,15.062590280448914,,5.24
ld9,sweep_all,Dominant Key Attn,MLP,synthetic,N,50,current_mixture,0.1,10,1e-12,width,0.0,7,g_ibp,-0.07621053379656904,,0.001
ld9,sweep_all,Dominant Key Attn,MLP,synthetic,N,50,current_mixture,0.1,10,1e-12,width,0.0,7,a_tau,3.6888794541139363,,0.644
ld9,sweep_all,Dominant Key Attn,MLP,synthetic,N,100,current_mixture,0.1,10,1e-12,width,0.0,0,margin_hat_min,0.5711484551429749,,6.812
ld9,sweep_all,Dominant Key Attn,MLP,synthetic,N,100,current_mixture,0.1,10,1e-12,width,0.0,0,d_eff,15.832786026581061,,6.812
ld9,sweep_all,Dominant Key Attn,MLP,synthetic,N,100,current_mixture,0.1,10,1e-12,width,0.0,0,g_ibp,-0.07621053379656904,,0.001
ld9,sweep_all,Dominant Key Attn,MLP,synthetic,N,100,current_mixture,0.1,10,1e-12,width,0.0,0,a_tau,4.442651256490317,,0.893
ld9,sweep_all,Dominant Key Attn,MLP,synthetic,N,100,current_mixture,0.1,10,1e-12,width,0.0,1,margin_hat_min,0.5711484551429749,,7.758
ld9,sweep_all,Dominant Key Attn,MLP,synthetic,N,100,current_mixture,0.1,10,1e-12,width,0.0,1,d_eff,15.459313582130187,,7.758
ld9,sweep_all,Dominant Key Attn,MLP,synthetic,N,100,current_mixture,0.1,10,1e-12,width,0.0,1,g_ibp,-0.07621053379656904,,0.001
ld9,sweep_all,Dominant Key Attn,MLP,synthetic,N,100,current_mixture,0.1,10,1e-12,width,0.0,1,a_tau,4.330733340286331,,1.124
ld9,sweep_all,Dominant Key Attn,MLP,synthetic,N,100,current_mixture,0.1,10,1e-12,width,0.0,2,margin_hat_min,0.5711484551429749,,7.712
ld9,sweep_all,Dominant Key Attn,MLP,synthetic,N,100,current_mixture,0.1,10,1e-12,width,0.0,2,d_eff,15.38484761480537,,7.712
ld9,sweep_all,Dominant Key Attn,MLP,synthetic,N,100,current_mixture,0.1,10,1e-12,width,0.0,2,g_ibp,-0.07621053379656904,,0.001
ld9,sweep_all,Dominant Key Attn,MLP,synthetic,N,100,current_mixture,0.1,10,1e-12,width,0.0,2,a_tau,4.454347296253507,,1.063
ld9,sweep_all,Dominant Key Attn,MLP,synthetic,N,100,current_mixture,0.1,10,1e-12,width,0.0,3,margin_hat_min,0.5711484551429749,,8.84
ld9,sweep_all,Dominant Key Attn,MLP,synthetic,N,100,current_mixture,0.1,10,1e-12,width,0.0,3,d_eff,15.512267279714345,,8.84
ld9,sweep_all,Dominant Key Attn,MLP,synthetic,N,100,current_mixture,0.1,10,1e-12,width,0.0,3,g_ibp,-0.07621053379656904,,0.005
ld9,sweep_all,Dominant Key Attn,MLP,synthetic,N,100,current_mixture,0.1,10,1e-12,width,0.0,3,a_tau,4.406719247264253,,0.519
ld9,sweep_all,Dominant Key Attn,MLP,synthetic,N,100,current_mixture,0.1,10,1e-12,width,0.0,4,margin_hat_min,0.5711484551429749,,7.859
ld9,sweep_all,Dominant Key Attn,MLP,synthetic,N,100,current_mixture,0.1,10,1e-12,width,0.0,4,d_eff,15.656523911848394,,7.859
ld9,sweep_all,Dominant Key Attn,MLP,synthetic,N,100,current_mixture,0.1,10,1e-12,width,0.0,4,g_ibp,-0.07621053379656904,,0.002
ld9,sweep_all,Dominant Key Attn,MLP,synthetic,N,100,current_mixture,0.1,10,1e-12,width,0.0,4,a_tau,4.31748811353631,,1.126
ld9,sweep_all,Dominant Key Attn,MLP,synthetic,N,100,current_mixture,0.1,10,1e-12,width,0.0,5,margin_hat_min,0.5711484551429749,,6.559
ld9,sweep_all,Dominant Key Attn,MLP,synthetic,N,100,current_mixture,0.1,10,1e-12,width,0.0,5,d_eff,15.618374340448113,,6.559
ld9,sweep_all,Dominant Key Attn,MLP,synthetic,N,100,current_mixture,0.1,10,1e-12,width,0.0,5,g_ibp,-0.07621053379656904,,0.001
ld9,sweep_all,Dominant Key Attn,MLP,synthetic,N,100,current_mixture,0.1,10,1e-12,width,0.0,5,a_tau,4.356708826689592,,1.017
ld9,sweep_all,Dominant Key Attn,MLP,synthetic,N,100,current_mixture,0.1,10,1e-12,width,0.0,6,margin_hat_min,0.5711484551429749,,8.631
ld9,sweep_all,Dominant Key Attn,MLP,synthetic,N,100,current_mixture,0.1,10,1e-12,width,0.0,6,d_eff,15.334313127004382,,8.631
ld9,sweep_all,Dominant Key Attn,MLP,synthetic,N,100,current_mixture,0.1,10,1e-12,width,0.0,6,g_ibp,-0.07621053379656904,,0.001
ld9,sweep_all,Dominant Key Attn,MLP,synthetic,N,100,current_mixture,0.1,10,1e-12,width,0.0,6,a_tau,4.382026634673881,,1.375
ld9,sweep_all,Dominant Key Attn,MLP,synthetic,N,100,current_mixture,0.1,10,1e-12,width,0.0,7,margin_hat_min,0.5711484551429749,,8.171
ld9,sweep_all,Dominant Key Attn,MLP,synthetic,N,100,current_mixture,0.1,10,1e-12,width,0.0,7,d_eff,15.58223290381772,,8.171
ld9,sweep_all,Dominant Key Attn,MLP,synthetic,N,100,current_mixture,0.1,10,1e-12,width,0.0,7,g_ibp,-0.07621053379656904,,0.002
ld9,sweep_all,Dominant Key Attn,MLP,synthetic,N,100,current_mixture,0.1,10,1e-12,width,0.0,7,a_tau,4.382026634673881,,1.144
ld9,sweep_all,Dominant Key Attn,MLP,synthetic,N,200,current_mixture,0.1,10,1e-12,width,0.0,0,margin_hat_min,0.5711484551429749,,16.365
ld9,sweep_all,Dominant Key Attn,MLP,synthetic,N,200,current_mixture,0.1,10,1e-12,width,0.0,0,d_eff,15.514039161818255,,16.365
ld9,sweep_all,Dominant Key Attn,MLP,synthetic,N,200,current_mixture,0.1,10,1e-12,width,0.0,0,g_ibp,-0.07621053379656904,,0.002
ld9,sweep_all,Dominant Key Attn,MLP,synthetic,N,200,current_mixture,0.1,10,1e-12,width,0.0,0,a_tau,4.969813299576001,,2.091
ld9,sweep_all,Dominant Key Attn,MLP,synthetic,N,200,current_mixture,0.1,10,1e-12,width,0.0,1,margin_hat_min,0.5711484551429749,,19.013
ld9,sweep_all,Dominant Key Attn,MLP,synthetic,N,200,current_mixture,0.1,10,1e-12,width,0.0,1,d_eff,15.619957372051399,,19.013
ld9,sweep_all,Dominant Key Attn,MLP,synthetic,N,200,current_mixture,0.1,10,1e-12,width,0.0,1,g_ibp,-0.07621053379656904,,0.001
ld9,sweep_all,Dominant Key Attn,MLP,synthetic,N,200,current_mixture,0.1,10,1e-12,width,0.0,1,a_tau,4.882801922586371,,2.064
ld9,sweep_all,Dominant Key Attn,MLP,synthetic,N,200,current_mixture,0.1,10,1e-12,width,0.0,2,margin_hat_min,0.5711484551429749,,11.822
ld9,sweep_all,Dominant Key Attn,MLP,synthetic,N,200,current_mixture,0.1,10,1e-12,width,0.0,2,d_eff,15.668806883632524,,11.822
ld9,sweep_all,Dominant Key Attn,MLP,synthetic,N,200,current_mixture,0.1,10,1e-12,width,0.0,2,g_ibp,-0.07621053379656904,,0.033
ld9,sweep_all,Dominant Key Attn,MLP,synthetic,N,200,current_mixture,0.1,10,1e-12,width,0.0,2,a_tau,5.0369526024136295,,2.145
ld9,sweep_all,Dominant Key Attn,MLP,synthetic,N,200,current_mixture,0.1,10,1e-12,width,0.0,3,margin_hat_min,0.5711484551429749,,21.572
ld9,sweep_all,Dominant Key Attn,MLP,synthetic,N,200,current_mixture,0.1,10,1e-12,width,0.0,3,d_eff,15.488785942102464,,21.572
ld9,sweep_all,Dominant Key Attn,MLP,synthetic,N,200,current_mixture,0.1,10,1e-12,width,0.0,3,g_ibp,-0.07621053379656904,,0.001
ld9,sweep_all,Dominant Key Attn,MLP,synthetic,N,200,current_mixture,0.1,10,1e-12,width,0.0,3,a_tau,5.043425116919247,,2.281
ld9,sweep_all,Dominant Key Attn,MLP,synthetic,N,200,current_mixture,0.1,10,1e-12,width,0.0,4,margin_hat_min,0.5711484551429749,,14.873
ld9,sweep_all,Dominant Key Attn,MLP,synthetic,N,200,current_mixture,0.1,10,1e-12,width,0.0,4,d_eff,15.50354168125838,,14.873
ld9,sweep_all,Dominant Key Attn,MLP,synthetic,N,200,current_mixture,0.1,10,1e-12,width,0.0,4,g_ibp,-0.07621053379656904,,0.001
ld9,sweep_all,Dominant Key Attn,MLP,synthetic,N,200,current_mixture,0.1,10,1e-12,width,0.0,4,a_tau,4.948759890378168,,2.513
ld9,sweep_all,Dominant Key Attn,MLP,synthetic,N,200,current_mixture,0.1,10,1e-12,width,0.0,5,margin_hat_min,0.5711484551429749,,19.892
ld9,sweep_all,Dominant Key Attn,MLP,synthetic,N,200,current_mixture,0.1,10,1e-12,width,0.0,5,d_eff,15.326128512538272,,19.892
ld9,sweep_all,Dominant Key Attn,MLP,synthetic,N,200,current_mixture,0.1,10,1e-12,width,0.0,5,g_ibp,-0.07621053379656904,,0.015
ld9,sweep_all,Dominant Key Attn,MLP,synthetic,N,200,current_mixture,0.1,10,1e-12,width,0.0,5,a_tau,4.969813299576001,,2.439
ld9,sweep_all,Dominant Key Attn,MLP,synthetic,N,200,current_mixture,0.1,10,1e-12,width,0.0,6,margin_hat_min,0.5711484551429749,,19.282
ld9,sweep_all,Dominant Key Attn,MLP,synthetic,N,200,current_mixture,0.1,10,1e-12,width,0.0,6,d_eff,15.848165395084532,,19.282
ld9,sweep_all,Dominant Key Attn,MLP,synthetic,N,200,current_mixture,0.1,10,1e-12,width,0.0,6,g_ibp,-0.07621053379656904,,0.001
ld9,sweep_all,Dominant Key Attn,MLP,synthetic,N,200,current_mixture,0.1,10,1e-12,width,0.0,6,a_tau,4.90527477843843,,2.063
ld9,sweep_all,Dominant Key Attn,MLP,synthetic,N,200,current_mixture,0.1,10,1e-12,width,0.0,7,margin_hat_min,0.5711484551429749,,21.349
ld9,sweep_all,Dominant Key Attn,MLP,synthetic,N,200,current_mixture,0.1,10,1e-12,width,0.0,7,d_eff,15.651774002216925,,21.349
ld9,sweep_all,Dominant Key Attn,MLP,synthetic,N,200,current_mixture,0.1,10,1e-12,width,0.0,7,g_ibp,-0.07621053379656904,,0.026
ld9,sweep_all,Dominant Key Attn,MLP,synthetic,N,200,current_mixture,0.1,10,1e-12,width,0.0,7,a_tau,4.962844630259907,,2.315
ld9,sweep_all,Dominant Key Attn,MLP,synthetic,N,400,current_mixture,0.1,10,1e-12,width,0.0,0,margin_hat_min,0.5711484551429749,,44.664
ld9,sweep_all,Dominant Key Attn,MLP,synthetic,N,400,current_mixture,0.1,10,1e-12,width,0.0,0,d_eff,15.47950886398026,,44.664
ld9,sweep_all,Dominant Key Attn,MLP,synthetic,N,400,current_mixture,0.1,10,1e-12,width,0.0,0,g_ibp,-0.07621053379656904,,0.002
ld9,sweep_all,Dominant Key Attn,MLP,synthetic,N,400,current_mixture,0.1,10,1e-12,width,0.0,0,a_tau,5.5053315359323625,,3.614
ld9,sweep_all,Dominant Key Attn,MLP,synthetic,N,400,current_mixture,0.1,10,1e-12,width,0.0,1,margin_hat_min,0.5711484551429749,,42.34
ld9,sweep_all,Dominant Key Attn,MLP,synthetic,N,400,current_mixture,0.1,10,1e-12,width,0.0,1,d_eff,15.579882501494895,,42.34
ld9,sweep_all,Dominant Key Attn,MLP,synthetic,N,400,current_mixture,0.1,10,1e-12,width,0.0,1,g_ibp,-0.07621053379656904,,0.001
ld9,sweep_all,Dominant Key Attn,MLP,synthetic,N,400,current_mixture,0.1,10,1e-12,width,0.0,1,a_tau,5.365976015021851,,3.237
ld9,sweep_all,Dominant Key Attn,MLP,synthetic,N,400,current_mixture,0.1,10,1e-12,width,0.0,2,margin_hat_min,0.5711484551429749,,41.18
ld9,sweep_all,Dominant Key Attn,MLP,synthetic,N,400,current_mixture,0.1,10,1e-12,width,0.0,2,d_eff,15.599193146787275,,41.18
ld9,sweep_all,Dominant Key Attn,MLP,synthetic,N,400,current_mixture,0.1,10,1e-12,width,0.0,2,g_ibp,-0.07621053379656904,,0.001
ld9,sweep_all,Dominant Key Attn,MLP,synthetic,N,400,current_mixture,0.1,10,1e-12,width,0.0,2,a_tau,5.54907608489522,,2.979
ld9,sweep_all,Dominant Key Attn,MLP,synthetic,N,400,current_mixture,0.1,10,1e-12,width,0.0,3,margin_hat_min,0.5711484551429749,,34.779
ld9,sweep_all,Dominant Key Attn,MLP,synthetic,N,400,current_mixture,0.1,10,1e-12,width,0.0,3,d_eff,15.476088392575848,,34.779
ld9,sweep_all,Dominant Key Attn,MLP,synthetic,N,400,current_mixture,0.1,10,1e-12,width,0.0,3,g_ibp,-0.07621053379656904,,0.002
ld9,sweep_all,Dominant Key Attn,MLP,synthetic,N,400,current_mixture,0.1,10,1e-12,width,0.0,3,a_tau,5.579729825986222,,3.164
ld9,sweep_all,Dominant Key Attn,MLP,synthetic,N,400,current_mixture,0.1,10,1e-12,width,0.0,4,margin_hat_min,0.5711484551429749,,32.388
ld9,sweep_all,Dominant Key Attn,MLP,synthetic,N,400,current_mixture,0.1,10,1e-12,width,0.0,4,d_eff,15.82949492205895,,32.388
ld9,sweep_all,Dominant Key Attn,MLP,synthetic,N,400,current_mixture,0.1,10,1e-12,width,0.0,4,g_ibp,-0.07621053379656904,,0.002
ld9,sweep_all,Dominant Key Attn,MLP,synthetic,N,400,current_mixture,0.1,10,1e-12,width,0.0,4,a_tau,5.429345628954441,,3.7
ld9,sweep_all,Dominant Key Attn,MLP,synthetic,N,400,current_mixture,0.1,10,1e-12,width,0.0,5,margin_hat_min,0.5711484551429749,,36.715
ld9,sweep_all,Dominant Key Attn,MLP,synthetic,N,400,current_mixture,0.1,10,1e-12,width,0.0,5,d_eff,15.459243374064664,,36.715
ld9,sweep_all,Dominant Key Attn,MLP,synthetic,N,400,current_mixture,0.1,10,1e-12,width,0.0,5,g_ibp,-0.07621053379656904,,0.001
ld9,sweep_all,Dominant Key Attn,MLP,synthetic,N,400,current_mixture,0.1,10,1e-12,width,0.0,5,a_tau,5.521460917862246,,3.026
ld9,sweep_all,Dominant Key Attn,MLP,synthetic,N,400,current_mixture,0.1,10,1e-12,width,0.0,6,margin_hat_min,0.5711484551429749,,34.88
ld9,sweep_all,Dominant Key Attn,MLP,synthetic,N,400,current_mixture,0.1,10,1e-12,width,0.0,6,d_eff,15.523146959644516,,34.88
ld9,sweep_all,Dominant Key Attn,MLP,synthetic,N,400,current_mixture,0.1,10,1e-12,width,0.0,6,g_ibp,-0.07621053379656904,,0.001
ld9,sweep_all,Dominant Key Attn,MLP,synthetic,N,400,current_mixture,0.1,10,1e-12,width,0.0,6,a_tau,5.459585514144159,,2.78
ld9,sweep_all,Dominant Key Attn,MLP,synthetic,N,400,current_mixture,0.1,10,1e-12,width,0.0,7,margin_hat_min,0.5711484551429749,,26.368
ld9,sweep_all,Dominant Key Attn,MLP,synthetic,N,400,current_mixture,0.1,10,1e-12,width,0.0,7,d_eff,15.523048603150555,,26.368
ld9,sweep_all,Dominant Key Attn,MLP,synthetic,N,400,current_mixture,0.1,10,1e-12,width,0.0,7,g_ibp,-0.07621053379656904,,0.007
ld9,sweep_all,Dominant Key Attn,MLP,synthetic,N,400,current_mixture,0.1,10,1e-12,width,0.0,7,a_tau,5.44673737166631,,2.46
ld9,sweep_all,Dominant Key Attn,MLP,synthetic,N,800,current_mixture,0.1,10,1e-12,width,0.0,0,margin_hat_min,0.5711484551429749,,47.464
ld9,sweep_all,Dominant Key Attn,MLP,synthetic,N,800,current_mixture,0.1,10,1e-12,width,0.0,0,d_eff,15.587883784052812,,47.464
ld9,sweep_all,Dominant Key Attn,MLP,synthetic,N,800,current_mixture,0.1,10,1e-12,width,0.0,0,g_ibp,-0.07621053379656904,,0.002
ld9,sweep_all,Dominant Key Attn,MLP,synthetic,N,800,current_mixture,0.1,10,1e-12,width,0.0,0,a_tau,6.028278520230698,,1.338
ld9,sweep_all,Dominant Key Attn,MLP,synthetic,N,800,current_mixture,0.1,10,1e-12,width,0.0,1,margin_hat_min,0.5711484551429749,,44.755
ld9,sweep_all,Dominant Key Attn,MLP,synthetic,N,800,current_mixture,0.1,10,1e-12,width,0.0,1,d_eff,15.662617624240527,,44.755
ld9,sweep_all,Dominant Key Attn,MLP,synthetic,N,800,current_mixture,0.1,10,1e-12,width,0.0,1,g_ibp,-0.07621053379656904,,0.002
ld9,sweep_all,Dominant Key Attn,MLP,synthetic,N,800,current_mixture,0.1,10,1e-12,width,0.0,1,a_tau,5.817111159963204,,1.512
ld9,sweep_all,Dominant Key Attn,MLP,synthetic,N,800,current_mixture,0.1,10,1e-12,width,0.0,2,margin_hat_min,0.5711484551429749,,44.302
ld9,sweep_all,Dominant Key Attn,MLP,synthetic,N,800,current_mixture,0.1,10,1e-12,width,0.0,2,d_eff,15.43521285754737,,44.302
ld9,sweep_all,Dominant Key Attn,MLP,synthetic,N,800,current_mixture,0.1,10,1e-12,width,0.0,2,g_ibp,-0.07621053379656904,,0.002
ld9,sweep_all,Dominant Key Attn,MLP,synthetic,N,800,current_mixture,0.1,10,1e-12,width,0.0,2,a_tau,6.028278520230698,,1.575
ld9,sweep_all,Dominant Key Attn,MLP,synthetic,N,800,current_mixture,0.1,10,1e-12,width,0.0,3,margin_hat_min,0.5711484551429749,,45.363
ld9,sweep_all,Dominant Key Attn,MLP,synthetic,N,800,current_mixture,0.1,10,1e-12,width,0.0,3,d_eff,15.555170422067071,,45.363
ld9,sweep_all,Dominant Key Attn,MLP,synthetic,N,800,current_mixture,0.1,10,1e-12,width,0.0,3,g_ibp,-0.07621053379656904,,0.001
ld9,sweep_all,Dominant Key Attn,MLP,synthetic,N,800,current_mixture,0.1,10,1e-12,width,0.0,3,a_tau,6.126869184114185,,1.67
ld9,sweep_all,Dominant Key Attn,MLP,synthetic,N,800,current_mixture,0.1,10,1e-12,width,0.0,4,margin_hat_min,0.5711484551429749,,43.079
ld9,sweep_all,Dominant Key Attn,MLP,synthetic,N,800,current_mixture,0.1,10,1e-12,width,0.0,4,d_eff,15.62229402798399,,43.079
ld9,sweep_all,Dominant Key Attn,MLP,synthetic,N,800,current_mixture,0.1,10,1e-12,width,0.0,4,g_ibp,-0.07621053379656904,,0.002
ld9,sweep_all,Dominant Key Attn,MLP,synthetic,N,800,current_mixture,0.1,10,1e-12,width,0.0,4,a_tau,5.869296913133774,,1.515
ld9,sweep_all,Dominant Key Attn,MLP,synthetic,N,800,current_mixture,0.1,10,1e-12,width,0.0,5,margin_hat_min,0.5711484551429749,,40.535
ld9,sweep_all,Dominant Key Attn,MLP,synthetic,N,800,current_mixture,0.1,10,1e-12,width,0.0,5,d_eff,15.398980742131098,,40.535
ld9,sweep_all,Dominant Key Attn,MLP,synthetic,N,800,current_mixture,0.1,10,1e-12,width,0.0,5,g_ibp,-0.07621053379656904,,0.001
ld9,sweep_all,Dominant Key Attn,MLP,synthetic,N,800,current_mixture,0.1,10,1e-12,width,0.0,5,a_tau,5.991464547107982,,1.659
ld9,sweep_all,Dominant Key Attn,MLP,synthetic,N,800,current_mixture,0.1,10,1e-12,width,0.0,6,margin_hat_min,0.5711484551429749,,34.327
ld9,sweep_all,Dominant Key Attn,MLP,synthetic,N,800,current_mixture,0.1,10,1e-12,width,0.0,6,d_eff,15.491960227549077,,34.327
ld9,sweep_all,Dominant Key Attn,MLP,synthetic,N,800,current_mixture,0.1,10,1e-12,width,0.0,6,g_ibp,-0.07621053379656904,,0.002
ld9,sweep_all,Dominant Key Attn,MLP,synthetic,N,800,current_mixture,0.1,10,1e-12,width,0.0,6,a_tau,5.945420608606575,,2.972
ld9,sweep_all,Dominant Key Attn,MLP,synthetic,N,800,current_mixture,0.1,10,1e-12,width,0.0,7,margin_hat_min,0.5711484551429749,,39.48
ld9,sweep_all,Dominant Key Attn,MLP,synthetic,N,800,current_mixture,0.1,10,1e-12,width,0.0,7,d_eff,15.47295724005123,,39.48
ld9,sweep_all,Dominant Key Attn,MLP,synthetic,N,800,current_mixture,0.1,10,1e-12,width,0.0,7,g_ibp,-0.07621053379656904,,0.002
ld9,sweep_all,Dominant Key Attn,MLP,synthetic,N,800,current_mixture,0.1,10,1e-12,width,0.0,7,a_tau,5.91350300563827,,1.126
ld9,sweep_all,Dominant Key Attn,MLP,synthetic,N,1600,current_mixture,0.1,10,1e-12,width,0.0,0,margin_hat_min,0.5711484551429749,,33.866
ld9,sweep_all,Dominant Key Attn,MLP,synthetic,N,1600,current_mixture,0.1,10,1e-12,width,0.0,0,d_eff,15.586260743049689,,33.866
ld9,sweep_all,Dominant Key Attn,MLP,synthetic,N,1600,current_mixture,0.1,10,1e-12,width,0.0,0,g_ibp,-0.07621053379656904,,0.002
ld9,sweep_all,Dominant Key Attn,MLP,synthetic,N,1600,current_mixture,0.1,10,1e-12,width,0.0,0,a_tau,6.516193076042964,,2.96
ld9,sweep_all,Dominant Key Attn,MLP,synthetic,N,1600,current_mixture,0.1,10,1e-12,width,0.0,1,margin_hat_min,0.5711484551429749,,33.271
ld9,sweep_all,Dominant Key Attn,MLP,synthetic,N,1600,current_mixture,0.1,10,1e-12,width,0.0,1,d_eff,15.567773624464058,,33.271
ld9,sweep_all,Dominant Key Attn,MLP,synthetic,N,1600,current_mixture,0.1,10,1e-12,width,0.0,1,g_ibp,-0.07621053379656904,,0.002
ld9,sweep_all,Dominant Key Attn,MLP,synthetic,N,1600,current_mixture,0.1,10,1e-12,width,0.0,1,a_tau,6.1779441140506,,3.003
ld9,sweep_all,Dominant Key Attn,MLP,synthetic,N,1600,current_mixture,0.1,10,1e-12,width,0.0,2,margin_hat_min,0.5711484551429749,,30.207
ld9,sweep_all,Dominant Key Attn,MLP,synthetic,N,1600,current_mixture,0.1,10,1e-12,width,0.0,2,d_eff,15.45194683707918,,30.207
ld9,sweep_all,Dominant Key Attn,MLP,synthetic,N,1600,current_mixture,0.1,10,1e-12,width,0.0,2,g_ibp,-0.07621053379656904,,0.001
ld9,sweep_all,Dominant Key Attn,MLP,synthetic,N,1600,current_mixture,0.1,10,1e-12,width,0.0,2,a_tau,6.493753839851686,,3.03
ld9,sweep_all,Dominant Key Attn,MLP,synthetic,N,1600,current_mixture,0.1,10,1e-12,width,0.0,3,margin_hat_min,0.5711484551429749,,30.134
ld9,sweep_all,Dominant Key Attn,MLP,synthetic,N,1600,current_mixture,0.1,10,1e-12,width,0.0,3,d_eff,15.601616913556006,,30.134
ld9,sweep_all,Dominant Key Attn,MLP,synthetic,N,1600,current_mixture,0.1,10,1e-12,width,0.0,3,g_ibp,-0.07621053379656904,,0.002
ld9,sweep_all,Dominant Key Attn,MLP,synthetic,N,1600,current_mixture,0.1,10,1e-12,width,0.0,3,a_tau,6.625392368007956,,2.678
ld9,sweep_all,Dominant Key Attn,MLP,synthetic,N,1600,current_mixture,0.1,10,1e-12,width,0.0,4,margin_hat_min,0.5711484551429749,,29.242
ld9,sweep_all,Dominant Key Attn,MLP,synthetic,N,1600,current_mixture,0.1,10,1e-12,width,0.0,4,d_eff,15.516454928436154,,29.242
ld9,sweep_all,Dominant Key Attn,MLP,synthetic,N,1600,current_mixture,0.1,10,1e-12,width,0.0,4,g_ibp,-0.07621053379656904,,0.002
ld9,sweep_all,Dominant Key Attn,MLP,synthetic,N,1600,current_mixture,0.1,10,1e-12,width,0.0,4,a_tau,6.335054251498059,,2.929
ld9,sweep_all,Dominant Key Attn,MLP,synthetic,N,1600,current_mixture,0.1,10,1e-12,width,0.0,5,margin_hat_min,0.5711484551429749,,27.586
ld9,sweep_all,Dominant Key Attn,MLP,synthetic,N,1600,current_mixture,0.1,10,1e-12,width,0.0,5,d_eff,15.495675343661691,,27.586
ld9,sweep_all,Dominant Key Attn,MLP,synthetic,N,1600,current_mixture,0.1,10,1e-12,width,0.0,5,g_ibp,-0.07621053379656904,,0.002
ld9,sweep_all,Dominant Key Attn,MLP,synthetic,N,1600,current_mixture,0.1,10,1e-12,width,0.0,5,a_tau,6.410174881966167,,2.91
ld9,sweep_all,Dominant Key Attn,MLP,synthetic,N,1600,current_mixture,0.1,10,1e-12,width,0.0,6,margin_hat_min,0.5711484551429749,,26.798
ld9,sweep_all,Dominant Key Attn,MLP,synthetic,N,1600,current_mixture,0.1,10,1e-12,width,0.0,6,d_eff,15.492277127178124,,26.798
ld9,sweep_all,Dominant Key Attn,MLP,synthetic,N,1600,current_mixture,0.1,10,1e-12,width,0.0,6,g_ibp,-0.07621053379656904,,0.001
ld9,sweep_all,Dominant Key Attn,MLP,synthetic,N,1600,current_mixture,0.1,10,1e-12,width,0.0,6,a_tau,6.386879319362645,,2.969
ld9,sweep_all,Dominant Key Attn,MLP,synthetic,N,1600,current_mixture,0.1,10,1e-12,width,0.0,7,margin_hat_min,0.5711484551429749,,26.731
ld9,sweep_all,Dominant Key Attn,MLP,synthetic,N,1600,current_mixture,0.1,10,1e-12,width,0.0,7,d_eff,15.49826708984229,,26.731
ld9,sweep_all,Dominant Key Attn,MLP,synthetic,N,1600,current_mixture,0.1,10,1e-12,width,0.0,7,g_ibp,-0.07621053379656904,,0.002
ld9,sweep_all,Dominant Key Attn,MLP,synthetic,N,1600,current_mixture,0.1,10,1e-12,width,0.0,7,a_tau,6.361302477572996,,3.097
ld11,sweep_all,Dominant Key Attn,MLP,synthetic,N,50,current_mixture,0.1,10,1e-12,width,0.0,0,margin_hat_min,0.4478011131286621,,2.76
ld11,sweep_all,Dominant Key Attn,MLP,synthetic,N,50,current_mixture,0.1,10,1e-12,width,0.0,0,d_eff,14.207087127816648,,2.76
ld11,sweep_all,Dominant Key Attn,MLP,synthetic,N,50,current_mixture,0.1,10,1e-12,width,0.0,0,g_ibp,-0.15509454726636554,,0.002
ld11,sweep_all,Dominant Key Attn,MLP,synthetic,N,50,current_mixture,0.1,10,1e-12,width,0.0,0,a_tau,3.784189633918261,,0.311
ld11,sweep_all,Dominant Key Attn,MLP,synthetic,N,50,current_mixture,0.1,10,1e-12,width,0.0,1,margin_hat_min,0.4478011131286621,,1.644
ld11,sweep_all,Dominant Key Attn,MLP,synthetic,N,50,current_mixture,0.1,10,1e-12,width,0.0,1,d_eff,14.697277734909584,,1.644
ld11,sweep_all,Dominant Key Attn,MLP,synthetic,N,50,current_mixture,0.1,10,1e-12,width,0.0,1,g_ibp,-0.15509454726636554,,0.002
ld11,sweep_all,Dominant Key Attn,MLP,synthetic,N,50,current_mixture,0.1,10,1e-12,width,0.0,1,a_tau,3.828641396489095,,0.15
ld11,sweep_all,Dominant Key Attn,MLP,synthetic,N,50,current_mixture,0.1,10,1e-12,width,0.0,2,margin_hat_min,0.4478011131286621,,1.939
ld11,sweep_all,Dominant Key Attn,MLP,synthetic,N,50,current_mixture,0.1,10,1e-12,width,0.0,2,d_eff,14.236492925794822,,1.939
ld11,sweep_all,Dominant Key Attn,MLP,synthetic,N,50,current_mixture,0.1,10,1e-12,width,0.0,2,g_ibp,-0.15509454726636554,,0.001
ld11,sweep_all,Dominant Key Attn,MLP,synthetic,N,50,current_mixture,0.1,10,1e-12,width,0.0,2,a_tau,3.8501476017100584,,0.271
ld11,sweep_all,Dominant Key Attn,MLP,synthetic,N,50,current_mixture,0.1,10,1e-12,width,0.0,3,margin_hat_min,0.4478011131286621,,2.062
ld11,sweep_all,Dominant Key Attn,MLP,synthetic,N,50,current_mixture,0.1,10,1e-12,width,0.0,3,d_eff,14.176523730416797,,2.062
ld11,sweep_all,Dominant Key Attn,MLP,synthetic,N,50,current_mixture,0.1,10,1e-12,width,0.0,3,g_ibp,-0.15509454726636554,,0.002
ld11,sweep_all,Dominant Key Attn,MLP,synthetic,N,50,current_mixture,0.1,10,1e-12,width,0.0,3,a_tau,3.8066624897703196,,0.346
ld11,sweep_all,Dominant Key Attn,MLP,synthetic,N,50,current_mixture,0.1,10,1e-12,width,0.0,4,margin_hat_min,0.45036888122558594,,1.883
ld11,sweep_all,Dominant Key Attn,MLP,synthetic,N,50,current_mixture,0.1,10,1e-12,width,0.0,4,d_eff,14.05692588441952,,1.883
ld11,sweep_all,Dominant Key Attn,MLP,synthetic,N,50,current_mixture,0.1,10,1e-12,width,0.0,4,g_ibp,-0.148508801556486,,0.001
ld11,sweep_all,Dominant Key Attn,MLP,synthetic,N,50,current_mixture,0.1,10,1e-12,width,0.0,4,a_tau,3.8066624897703196,,0.251
ld11,sweep_all,Dominant Key Attn,MLP,synthetic,N,50,current_mixture,0.1,10,1e-12,width,0.0,5,margin_hat_min,0.4478011131286621,,1.759
ld11,sweep_all,Dominant Key Attn,MLP,synthetic,N,50,current_mixture,0.1,10,1e-12,width,0.0,5,d_eff,14.478698144285278,,1.759
ld11,sweep_all,Dominant Key Attn,MLP,synthetic,N,50,current_mixture,0.1,10,1e-12,width,0.0,5,g_ibp,-0.15509454726636554,,0.001
ld11,sweep_all,Dominant Key Attn,MLP,synthetic,N,50,current_mixture,0.1,10,1e-12,width,0.0,5,a_tau,3.713572066704308,,0.31
ld11,sweep_all,Dominant Key Attn,MLP,synthetic,N,50,current_mixture,0.1,10,1e-12,width,0.0,6,margin_hat_min,0.4478011131286621,,2.034
ld11,sweep_all,Dominant Key Attn,MLP,synthetic,N,50,current_mixture,0.1,10,1e-12,width,0.0,6,d_eff,14.07493543527766,,2.034
ld11,sweep_all,Dominant Key Attn,MLP,synthetic,N,50,current_mixture,0.1,10,1e-12,width,0.0,6,g_ibp,-0.15509454726636554,,0.001
ld11,sweep_all,Dominant Key Attn,MLP,synthetic,N,50,current_mixture,0.1,10,1e-12,width,0.0,6,a_tau,3.784189633918261,,0.23
ld11,sweep_all,Dominant Key Attn,MLP,synthetic,N,50,current_mixture,0.1,10,1e-12,width,0.0,7,margin_hat_min,0.45036888122558594,,1.734
ld11,sweep_all,Dominant Key Attn,MLP,synthetic,N,50,current_mixture,0.1,10,1e-12,width,0.0,7,d_eff,14.85093811893432,,1.734
ld11,sweep_all,Dominant Key Attn,MLP,synthetic,N,50,current_mixture,0.1,10,1e-12,width,0.0,7,g_ibp,-0.148508801556486,,0.001
ld11,sweep_all,Dominant Key Attn,MLP,synthetic,N,50,current_mixture,0.1,10,1e-12,width,0.0,7,a_tau,3.784189633918261,,0.177
ld11,sweep_all,Dominant Key Attn,MLP,synthetic,N,100,current_mixture,0.1,10,1e-12,width,0.0,0,margin_hat_min,0.4478011131286621,,3.016
ld11,sweep_all,Dominant Key Attn,MLP,synthetic,N,100,current_mixture,0.1,10,1e-12,width,0.0,0,d_eff,13.841405227378807,,3.016
ld11,sweep_all,Dominant Key Attn,MLP,synthetic,N,100,current_mixture,0.1,10,1e-12,width,0.0,0,g_ibp,-0.15509454726636554,,0.001
ld11,sweep_all,Dominant Key Attn,MLP,synthetic,N,100,current_mixture,0.1,10,1e-12,width,0.0,0,a_tau,4.330733340286331,,0.364
ld11,sweep_all,Dominant Key Attn,MLP,synthetic,N,100,current_mixture,0.1,10,1e-12,width,0.0,1,margin_hat_min,0.4478011131286621,,2.778
ld11,sweep_all,Dominant Key Attn,MLP,synthetic,N,100,current_mixture,0.1,10,1e-12,width,0.0,1,d_eff,14.376683955022786,,2.778
ld11,sweep_all,Dominant Key Attn,MLP,synthetic,N,100,current_mixture,0.1,10,1e-12,width,0.0,1,g_ibp,-0.15509454726636554,,0.002
ld11,sweep_all,Dominant Key Attn,MLP,synthetic,N,100,current_mixture,0.1,10,1e-12,width,0.0,1,a_tau,4.356708826689592,,0.29
ld11,sweep_all,Dominant Key Attn,MLP,synthetic,N,100,current_mixture,0.1,10,1e-12,width,0.0,2,margin_hat_min,0.45036888122558594,,2.894
ld11,sweep_all,Dominant Key Attn,MLP,synthetic,N,100,current_mixture,0.1,10,1e-12,width,0.0,2,d_eff,14.370496097859212,,2.894
ld11,sweep_all,Dominant Key Attn,MLP,synthetic,N,100,current_mixture,0.1,10,1e-12,width,0.0,2,g_ibp,-0.148508801556486,,0.001
ld11,sweep_all,Dominant Key Attn,MLP,synthetic,N,100,current_mixture,0.1,10,1e-12,width,0.0,2,a_tau,4.532599493153256,,0.294
ld11,sweep_all,Dominant Key Attn,MLP,synthetic,N,100,current_mixture,0.1,10,1e-12,width,0.0,3,margin_hat_min,0.4478011131286621,,2.731
ld11,sweep_all,Dominant Key Attn,MLP,synthetic,N,100,current_mixture,0.1,10,1e-12,width,0.0,3,d_eff,14.311789391605798,,2.731
ld11,sweep_all,Dominant Key Attn,MLP,synthetic,N,100,current_mixture,0.1,10,1e-12,width,0.0,3,g_ibp,-0.15509454726636554,,0.001
ld11,sweep_all,Dominant Key Attn,MLP,synthetic,N,100,current_mixture,0.1,10,1e-12,width,0.0,3,a_tau,4.430816798843313,,0.325
ld11,sweep_all,Dominant Key Attn,MLP,synthetic,N,100,current_mixture,0.1,10,1e-12,width,0.0,4,margin_hat_min,0.4478011131286621,,2.095
ld11,sweep_all,Dominant Key Attn,MLP,synthetic,N,100,current_mixture,0.1,10,1e-12,width,0.0,4,d_eff,14.413247992866753,,2.095
ld11,sweep_all,Dominant Key Attn,MLP,synthetic,N,100,current_mixture,0.1,10,1e-12,width,0.0,4,g_ibp,-0.15509454726636554,,0.001
ld11,sweep_all,Dominant Key Attn,MLP,synthetic,N,100,current_mixture,0.1,10,1e-12,width,0.0,4,a_tau,4.454347296253507,,0.366
ld11,sweep_all,Dominant Key Attn,MLP,synthetic,N,100,current_mixture,0.1,10,1e-12,width,0.0,5,margin_hat_min,0.4478011131286621,,1.936
ld11,sweep_all,Dominant Key Attn,MLP,synthetic,N,100,current_mixture,0.1,10,1e-12,width,0.0,5,d_eff,14.195595615656607,,1.936
ld11,sweep_all,Dominant Key Attn,MLP,synthetic,N,100,current_mixture,0.1,10,1e-12,width,0.0,5,g_ibp,-0.15509454726636554,,0.001
ld11,sweep_all,Dominant Key Attn,MLP,synthetic,N,100,current_mixture,0.1,10,1e-12,width,0.0,5,a_tau,4.3694478524670215,,0.232
ld11,sweep_all,Dominant Key Attn,MLP,synthetic,N,100,current_mixture,0.1,10,1e-12,width,0.0,6,margin_hat_min,0.4478011131286621,,1.869
ld11,sweep_all,Dominant Key Attn,MLP,synthetic,N,100,current_mixture,0.1,10,1e-12,width,0.0,6,d_eff,14.505349668697281,,1.869
ld11,sweep_all,Dominant Key Attn,MLP,synthetic,N,100,current_mixture,0.1,10,1e-12,width,0.0,6,g_ibp,-0.15509454726636554,,0.001
ld11,sweep_all,Dominant Key Attn,MLP,synthetic,N,100,current_mixture,0.1,10,1e-12,width,0.0,6,a_tau,4.418840607796598,,0.192
ld11,sweep_all,Dominant Key Attn,MLP,synthetic,N,100,current_mixture,0.1,10,1e-12,width,0.0,7,margin_hat_min,0.4478011131286621,,1.943
ld11,sweep_all,Dominant Key Attn,MLP,synthetic,N,100,current_mixture,0.1,10,1e-12,width,0.0,7,d_eff,14.678737899004624,,1.943
ld11,sweep_all,Dominant Key Attn,MLP,synthetic,N,100,current_mixture,0.1,10,1e-12,width,0.0,7,g_ibp,-0.15509454726636554,,0.002
ld11,sweep_all,Dominant Key Attn,MLP,synthetic,N,100,current_mixture,0.1,10,1e-12,width,0.0,7,a_tau,4.382026634673881,,0.18
ld11,sweep_all,Dominant Key Attn,MLP,synthetic,N,200,current_mixture,0.1,10,1e-12,width,0.0,0,margin_hat_min,0.4478011131286621,,3.823
ld11,sweep_all,Dominant Key Attn,MLP,synthetic,N,200,current_mixture,0.1,10,1e-12,width,0.0,0,d_eff,14.0296531018273,,3.823
ld11,sweep_all,Dominant Key Attn,MLP,synthetic,N,200,current_mixture,0.1,10,1e-12,width,0.0,0,g_ibp,-0.15509454726636554,,0.001
ld11,sweep_all,Dominant Key Attn,MLP,synthetic,N,200,current_mixture,0.1,10,1e-12,width,0.0,0,a_tau,4.912654885736052,,0.284
ld11,sweep_all,Dominant Key Attn,MLP,synthetic,N,200,current_mixture,0.1,10,1e-12,width,0.0,1,margin_hat_min,0.4478011131286621,,3.729
ld11,sweep_all,Dominant Key Attn,MLP,synthetic,N,200,current_mixture,0.1,10,1e-12,width,0.0,1,d_eff,14.391163346862179,,3.729
ld11,sweep_all,Dominant Key Attn,MLP,synthetic,N,200,current_mixture,0.1,10,1e-12,width,0.0,1,g_ibp,-0.15509454726636554,,0.002
ld11,sweep_all,Dominant Key Attn,MLP,synthetic,N,200,current_mixture,0.1,10,1e-12,width,0.0,1,a_tau,4.962844630259907,,0.335
ld11,sweep_all,Dominant Key Attn,MLP,synthetic,N,200,current_mixture,0.1,10,1e-12,width,0.0,2,margin_hat_min,0.4478011131286621,,3.511
ld11,sweep_all,Dominant Key Attn,MLP,synthetic,N,200,current_mixture,0.1,10,1e-12,width,0.0,2,d_eff,14.314429828316083,,3.511
ld11,sweep_all,Dominant Key Attn,MLP,synthetic,N,200,current_mixture,0.1,10,1e-12,width,0.0,2,g_ibp,-0.15509454726636554,,0.002
ld11,sweep_all,Dominant Key Attn,MLP,synthetic,N,200,current_mixture,0.1,10,1e-12,width,0.0,2,a_tau,5.062595033026967,,0.319
ld11,sweep_all,Dominant Key Attn,MLP,synthetic,N,200,current_mixture,0.1,10,1e-12,width,0.0,3,margin_hat_min,0.4478011131286621,,3.484
ld11,sweep_all,Dominant Key Attn,MLP,synthetic,N,200,current_mixture,0.1,10,1e-12,width,0.0,3,d_eff,14.497697168306955,,3.484
ld11,sweep_all,Dominant Key Attn,MLP,synthetic,N,200,current_mixture,0.1,10,1e-12,width,0.0,3,g_ibp,-0.15509454726636554,,0.001
ld11,sweep_all,Dominant Key Attn,MLP,synthetic,N,200,current_mixture,0.1,10,1e-12,width,0.0,3,a_tau,4.927253685157205,,0.318
ld11,sweep_all,Dominant Key Attn,MLP,synthetic,N,200,current_mixture,0.1,10,1e-12,width,0.0,4,margin_hat_min,0.4478011131286621,,3.599
ld11,sweep_all,Dominant Key Attn,MLP,synthetic,N,200,current_mixture,0.1,10,1e-12,width,0.0,4,d_eff,14.444344169595734,,3.599
ld11,sweep_all,Dominant Key Attn,MLP,synthetic,N,200,current_mixture,0.1,10,1e-12,width,0.0,4,g_ibp,-0.15509454726636554,,0.001
ld11,sweep_all,Dominant Key Attn,MLP,synthetic,N,200,current_mixture,0.1,10,1e-12,width,0.0,4,a_tau,5.056245805348308,,0.335
ld11,sweep_all,Dominant Key Attn,MLP,synthetic,N,200,current_mixture,0.1,10,1e-12,width,0.0,5,margin_hat_min,0.4478011131286621,,2.843
ld11,sweep_all,Dominant Key Attn,MLP,synthetic,N,200,current_mixture,0.1,10,1e-12,width,0.0,5,d_eff,14.321692849799485,,2.843
ld11,sweep_all,Dominant Key Attn,MLP,synthetic,N,200,current_mixture,0.1,10,1e-12,width,0.0,5,g_ibp,-0.15509454726636554,,0.001
ld11,sweep_all,Dominant Key Attn,MLP,synthetic,N,200,current_mixture,0.1,10,1e-12,width,0.0,5,a_tau,4.90527477843843,,0.236
ld11,sweep_all,Dominant Key Attn,MLP,synthetic,N,200,current_mixture,0.1,10,1e-12,width,0.0,6,margin_hat_min,0.4478011131286621,,3.279
ld11,sweep_all,Dominant Key Attn,MLP,synthetic,N,200,current_mixture,0.1,10,1e-12,width,0.0,6,d_eff,14.131258172192828,,3.279
ld11,sweep_all,Dominant Key Attn,MLP,synthetic,N,200,current_mixture,0.1,10,1e-12,width,0.0,6,g_ibp,-0.15509454726636554,,0.001
ld11,sweep_all,Dominant Key Attn,MLP,synthetic,N,200,current_mixture,0.1,10,1e-12,width,0.0,6,a_tau,4.997212273764115,,0.225
ld11,sweep_all,Dominant Key Attn,MLP,synthetic,N,200,current_mixture,0.1,10,1e-12,width,0.0,7,margin_hat_min,0.4478011131286621,,3.146
ld11,sweep_all,Dominant Key Attn,MLP,synthetic,N,200,current_mixture,0.1,10,1e-12,width,0.0,7,d_eff,14.17270619927323,,3.146
ld11,sweep_all,Dominant Key Attn,MLP,synthetic,N,200,current_mixture,0.1,10,1e-12,width,0.0,7,g_ibp,-0.15509454726636554,,0.001
ld11,sweep_all,Dominant Key Attn,MLP,synthetic,N,200,current_mixture,0.1,10,1e-12,width,0.0,7,a_tau,4.890349128221754,,0.235
ld11,sweep_all,Dominant Key Attn,MLP,synthetic,N,400,current_mixture,0.1,10,1e-12,width,0.0,0,margin_hat_min,0.4478011131286621,,5.411
ld11,sweep_all,Dominant Key Attn,MLP,synthetic,N,400,current_mixture,0.1,10,1e-12,width,0.0,0,d_eff,14.28591243067722,,5.411
ld11,sweep_all,Dominant Key Attn,MLP,synthetic,N,400,current_mixture,0.1,10,1e-12,width,0.0,0,g_ibp,-0.15509454726636554,,0.001
ld11,sweep_all,Dominant Key Attn,MLP,synthetic,N,400,current_mixture,0.1,10,1e-12,width,0.0,0,a_tau,5.472270673671475,,0.561
ld11,sweep_all,Dominant Key Attn,MLP,synthetic,N,400,current_mixture,0.1,10,1e-12,width,0.0,1,margin_hat_min,0.4478011131286621,,4.397
ld11,sweep_all,Dominant Key Attn,MLP,synthetic,N,400,current_mixture,0.1,10,1e-12,width,0.0,1,d_eff,14.213470634599371,,4.397
ld11,sweep_all,Dominant Key Attn,MLP,synthetic,N,400,current_mixture,0.1,10,1e-12,width,0.0,1,g_ibp,-0.15509454726636554,,0.001
ld11,sweep_all,Dominant Key Attn,MLP,synthetic,N,400,current_mixture,0.1,10,1e-12,width,0.0,1,a_tau,5.459585514144159,,0.391
ld11,sweep_all,Dominant Key Attn,MLP,synthetic,N,400,current_mixture,0.1,10,1e-12,width,0.0,2,margin_hat_min,0.4478011131286621,,5.296
ld11,sweep_all,Dominant Key Attn,MLP,synthetic,N,400,current_mixture,0.1,10,1e-12,width,0.0,2,d_eff,14.228064942374665,,5.296
ld11,sweep_all,Dominant Key Attn,MLP,synthetic,N,400,current_mixture,0.1,10,1e-12,width,0.0,2,g_ibp,-0.15509454726636554,,0.002
ld11,sweep_all,Dominant Key Attn,MLP,synthetic,N,400,current_mixture,0.1,10,1e-12,width,0.0,2,a_tau,5.583496308781699,,0.553
ld11,sweep_all,Dominant Key Attn,MLP,synthetic,N,400,current_mixture,0.1,10,1e-12,width,0.0,3,margin_hat_min,0.4478011131286621,,5.83
ld11,sweep_all,Dominant Key Attn,MLP,synthetic,N,400,current_mixture,0.1,10,1e-12,width,0.0,3,d_eff,14.201295828154791,,5.83
ld11,sweep_all,Dominant Key Attn,MLP,synthetic,N,400,current_mixture,0.1,10,1e-12,width,0.0,3,g_ibp,-0.15509454726636554,,0.002
ld11,sweep_all,Dominant Key Attn,MLP,synthetic,N,400,current_mixture,0.1,10,1e-12,width,0.0,3,a_tau,5.455321115357702,,0.551
ld11,sweep_all,Dominant Key Attn,MLP,synthetic,N,400,current_mixture,0.1,10,1e-12,width,0.0,4,margin_hat_min,0.4478011131286621,,4.349
ld11,sweep_all,Dominant Key Attn,MLP,synthetic,N,400,current_mixture,0.1,10,1e-12,width,0.0,4,d_eff,14.208483861800314,,4.349
ld11,sweep_all,Dominant Key Attn,MLP,synthetic,N,400,current_mixture,0.1,10,1e-12,width,0.0,4,g_ibp,-0.15509454726636554,,0.001
ld11,sweep_all,Dominant Key Attn,MLP,synthetic,N,400,current_mixture,0.1,10,1e-12,width,0.0,4,a_tau,5.594711379601839,,0.43
ld11,sweep_all,Dominant Key Attn,MLP,synthetic,N,400,current_mixture,0.1,10,1e-12,width,0.0,5,margin_hat_min,0.4478011131286621,,4.344
ld11,sweep_all,Dominant Key Attn,MLP,synthetic,N,400,current_mixture,0.1,10,1e-12,width,0.0,5,d_eff,14.341785446111892,,4.344
ld11,sweep_all,Dominant Key Attn,MLP,synthetic,N,400,current_mixture,0.1,10,1e-12,width,0.0,5,g_ibp,-0.15509454726636554,,0.001
ld11,sweep_all,Dominant Key Attn,MLP,synthetic,N,400,current_mixture,0.1,10,1e-12,width,0.0,5,a_tau,5.375278407684165,,0.406
ld11,sweep_all,Dominant Key Attn,MLP,synthetic,N,400,current_mixture,0.1,10,1e-12,width,0.0,6,margin_hat_min,0.4478011131286621,,5.511
ld11,sweep_all,Dominant Key Attn,MLP,synthetic,N,400,current_mixture,0.1,10,1e-12,width,0.0,6,d_eff,14.236286656943104,,5.511
ld11,sweep_all,Dominant Key Attn,MLP,synthetic,N,400,current_mixture,0.1,10,1e-12,width,0.0,6,g_ibp,-0.15509454726636554,,0.001
ld11,sweep_all,Dominant Key Attn,MLP,synthetic,N,400,current_mixture,0.1,10,1e-12,width,0.0,6,a_tau,5.529429087511423,,0.536
ld11,sweep_all,Dominant Key Attn,MLP,synthetic,N,400,current_mixture,0.1,10,1e-12,width,0.0,7,margin_hat_min,0.4478011131286621,,5.688
ld11,sweep_all,Dominant Key Attn,MLP,synthetic,N,400,current_mixture,0.1,10,1e-12,width,0.0,7,d_eff,14.468394449596765,,5.688
ld11,sweep_all,Dominant Key Attn,MLP,synthetic,N,400,current_mixture,0.1,10,1e-12,width,0.0,7,g_ibp,-0.15509454726636554,,0.001
ld11,sweep_all,Dominant Key Attn,MLP,synthetic,N,400,current_mixture,0.1,10,1e-12,width,0.0,7,a_tau,5.365976015021851,,0.574
ld11,sweep_all,Dominant Key Attn,MLP,synthetic,N,800,current_mixture,0.1,10,1e-12,width,0.0,0,margin_hat_min,0.4478011131286621,,8.298
ld11,sweep_all,Dominant Key Attn,MLP,synthetic,N,800,current_mixture,0.1,10,1e-12,width,0.0,0,d_eff,14.215781140689964,,8.298
ld11,sweep_all,Dominant Key Attn,MLP,synthetic,N,800,current_mixture,0.1,10,1e-12,width,0.0,0,g_ibp,-0.15509454726636554,,0.002
ld11,sweep_all,Dominant Key Attn,MLP,synthetic,N,800,current_mixture,0.1,10,1e-12,width,0.0,0,a_tau,5.948034989180646,,1.076
ld11,sweep_all,Dominant Key Attn,MLP,synthetic,N,800,current_mixture,0.1,10,1e-12,width,0.0,1,margin_hat_min,0.4478011131286621,,8.939
ld11,sweep_all,Dominant Key Attn,MLP,synthetic,N,800,current_mixture,0.1,10,1e-12,width,0.0,1,d_eff,14.352817416316444,,8.939
ld11,sweep_all,Dominant Key Attn,MLP,synthetic,N,800,current_mixture,0.1,10,1e-12,width,0.0,1,g_ibp,-0.15509454726636554,,0.003
ld11,sweep_all,Dominant Key Attn,MLP,synthetic,N,800,current_mixture,0.1,10,1e-12,width,0.0,1,a_tau,5.905361848054571,,1.114
ld11,sweep_all,Dominant Key Attn,MLP,synthetic,N,800,current_mixture,0.1,10,1e-12,width,0.0,2,margin_hat_min,0.4478011131286621,,8.216
ld11,sweep_all,Dominant Key Attn,MLP,synthetic,N,800,current_mixture,0.1,10,1e-12,width,0.0,2,d_eff,14.315551703414542,,8.216
ld11,sweep_all,Dominant Key Attn,MLP,synthetic,N,800,current_mixture,0.1,10,1e-12,width,0.0,2,g_ibp,-0.15509454726636554,,0.002
ld11,sweep_all,Dominant Key Attn,MLP,synthetic,N,800,current_mixture,0.1,10,1e-12,width,0.0,2,a_tau,6.025865973825314,,1.072
ld11,sweep_all,Dominant Key Attn,MLP,synthetic,N,800,current_mixture,0.1,10,1e-12,width,0.0,3,margin_hat_min,0.4478011131286621,,7.196
ld11,sweep_all,Dominant Key Attn,MLP,synthetic,N,800,current_mixture,0.1,10,1e-12,width,0.0,3,d_eff,14.413487353932206,,7.196
ld11,sweep_all,Dominant Key Attn,MLP,synthetic,N,800,current_mixture,0.1,10,1e-12,width,0.0,3,g_ibp,-0.15509454726636554,,0.001
ld11,sweep_all,Dominant Key Attn,MLP,synthetic,N,800,current_mixture,0.1,10,1e-12,width,0.0,3,a_tau,5.8916442118257715,,1.044
ld11,sweep_all,Dominant Key Attn,MLP,synthetic,N,800,current_mixture,0.1,10,1e-12,width,0.0,4,margin_hat_min,0.4478011131286621,,8.655
ld11,sweep_all,Dominant Key Attn,MLP,synthetic,N,800,current_mixture,0.1,10,1e-12,width,0.0,4,d_eff,14.295437288004521,,8.655
ld11,sweep_all,Dominant Key Attn,MLP,synthetic,N,800,current_mixture,0.1,10,1e-12,width,0.0,4,g_ibp,-0.15509454726636554,,0.002
ld11,sweep_all,Dominant Key Attn,MLP,synthetic,N,800,current_mixture,0.1,10,1e-12,width,0.0,4,a_tau,6.1070228877422545,,1.234
ld11,sweep_all,Dominant Key Attn,MLP,synthetic,N,800,current_mixture,0.1,10,1e-12,width,0.0,5,margin_hat_min,0.4478011131286621,,8.617
ld11,sweep_all,Dominant Key Attn,MLP,synthetic,N,800,current_mixture,0.1,10,1e-12,width,0.0,5,d_eff,14.3439162006438,,8.617
ld11,sweep_all,Dominant Key Attn,MLP,synthetic,N,800,current_mixture,0.1,10,1e-12,width,0.0,5,g_ibp,-0.15509454726636554,,0.001
ld11,sweep_all,Dominant Key Attn,MLP,synthetic,N,800,current_mixture,0.1,10,1e-12,width,0.0,5,a_tau,5.739792912179234,,1.185
ld11,sweep_all,Dominant Key Attn,MLP,synthetic,N,800,current_mixture,0.1,10,1e-12,width,0.0,6,margin_hat_min,0.4478011131286621,,8.354
ld11,sweep_all,Dominant Key Attn,MLP,synthetic,N,800,current_mixture,0.1,10,1e-12,width,0.0,6,d_eff,14.265224024952198,,8.354
ld11,sweep_all,Dominant Key Attn,MLP,synthetic,N,800,current_mixture,0.1,10,1e-12,width,0.0,6,g_ibp,-0.15509454726636554,,0.002
ld11,sweep_all,Dominant Key Attn,MLP,synthetic,N,800,current_mixture,0.1,10,1e-12,width,0.0,6,a_tau,6.016157159698354,,1.108
ld11,sweep_all,Dominant Key Attn,MLP,synthetic,N,800,current_mixture,0.1,10,1e-12,width,0.0,7,margin_hat_min,0.4478011131286621,,8.56
ld11,sweep_all,Dominant Key Attn,MLP,synthetic,N,800,current_mixture,0.1,10,1e-12,width,0.0,7,d_eff,14.499544146291539,,8.56
ld11,sweep_all,Dominant Key Attn,MLP,synthetic,N,800,current_mixture,0.1,10,1e-12,width,0.0,7,g_ibp,-0.15509454726636554,,0.002
ld11,sweep_all,Dominant Key Attn,MLP,synthetic,N,800,current_mixture,0.1,10,1e-12,width,0.0,7,a_tau,5.82600010738045,,1.132
ld11,sweep_all,Dominant Key Attn,MLP,synthetic,N,1600,current_mixture,0.1,10,1e-12,width,0.0,0,margin_hat_min,0.4478011131286621,,11.151
ld11,sweep_all,Dominant Key Attn,MLP,synthetic,N,1600,current_mixture,0.1,10,1e-12,width,0.0,0,d_eff,14.268086011353649,,11.151
ld11,sweep_all,Dominant Key Attn,MLP,synthetic,N,1600,current_mixture,0.1,10,1e-12,width,0.0,0,g_ibp,-0.15509454726636554,,0.001
ld11,sweep_all,Dominant Key Attn,MLP,synthetic,N,1600,current_mixture,0.1,10,1e-12,width,0.0,0,a_tau,6.421622267806518,,2.359
ld11,sweep_all,Dominant Key Attn,MLP,synthetic,N,1600,current_mixture,0.1,10,1e-12,width,0.0,1,margin_hat_min,0.4478011131286621,,14.163
ld11,sweep_all,Dominant Key Attn,MLP,synthetic,N,1600,current_mixture,0.1,10,1e-12,width,0.0,1,d_eff,14.412927315595988,,14.163
ld11,sweep_all,Dominant Key Attn,MLP,synthetic,N,1600,current_mixture,0.1,10,1e-12,width,0.0,1,g_ibp,-0.15509454726636554,,0.001
ld11,sweep_all,Dominant Key Attn,MLP,synthetic,N,1600,current_mixture,0.1,10,1e-12,width,0.0,1,a_tau,6.255750041753367,,2.129
ld11,sweep_all,Dominant Key Attn,MLP,synthetic,N,1600,current_mixture,0.1,10,1e-12,width,0.0,2,margin_hat_min,0.4478011131286621,,14.904
ld11,sweep_all,Dominant Key Attn,MLP,synthetic,N,1600,current_mixture,0.1,10,1e-12,width,0.0,2,d_eff,14.38939042288877,,14.904
ld11,sweep_all,Dominant Key Attn,MLP,synthetic,N,1600,current_mixture,0.1,10,1e-12,width,0.0,2,g_ibp,-0.15509454726636554,,0.002
ld11,sweep_all,Dominant Key Attn,MLP,synthetic,N,1600,current_mixture,0.1,10,1e-12,width,0.0,2,a_tau,6.448889394146858,,2.139
ld11,sweep_all,Dominant Key Attn,MLP,synthetic,N,1600,current_mixture,0.1,10,1e-12,width,0.0,3,margin_hat_min,0.4478011131286621,,11.596
ld11,sweep_all,Dominant Key Attn,MLP,synthetic,N,1600,current_mixture,0.1,10,1e-12,width,0.0,3,d_eff,14.284103860923281,,11.596
ld11,sweep_all,Dominant Key Attn,MLP,synthetic,N,1600,current_mixture,0.1,10,1e-12,width,0.0,3,g_ibp,-0.15509454726636554,,0.001
ld11,sweep_all,Dominant Key Attn,MLP,synthetic,N,1600,current_mixture,0.1,10,1e-12,width,0.0,3,a_tau,6.293419278846481,,1.801
ld11,sweep_all,Dominant Key Attn,MLP,synthetic,N,1600,current_mixture,0.1,10,1e-12,width,0.0,4,margin_hat_min,0.4478011131286621,,14.409
ld11,sweep_all,Dominant Key Attn,MLP,synthetic,N,1600,current_mixture,0.1,10,1e-12,width,0.0,4,d_eff,14.290017721434236,,14.409
ld11,sweep_all,Dominant Key Attn,MLP,synthetic,N,1600,current_mixture,0.1,10,1e-12,width,0.0,4,g_ibp,-0.15509454726636554,,0.002
ld11,sweep_all,Dominant Key Attn,MLP,synthetic,N,1600,current_mixture,0.1,10,1e-12,width,0.0,4,a_tau,6.577861357721047,,2.086
ld11,sweep_all,Dominant Key Attn,MLP,synthetic,N,1600,current_mixture,0.1,10,1e-12,width,0.0,5,margin_hat_min,0.4478011131286621,,15.062
ld11,sweep_all,Dominant Key Attn,MLP,synthetic,N,1600,current_mixture,0.1,10,1e-12,width,0.0,5,d_eff,14.389145601647856,,15.062
ld11,sweep_all,Dominant Key Attn,MLP,synthetic,N,1600,current_mixture,0.1,10,1e-12,width,0.0,5,g_ibp,-0.15509454726636554,,0.002
ld11,sweep_all,Dominant Key Attn,MLP,synthetic,N,1600,current_mixture,0.1,10,1e-12,width,0.0,5,a_tau,6.0867747269123065,,2.271
ld11,sweep_all,Dominant Key Attn,MLP,synthetic,N,1600,current_mixture,0.1,10,1e-12,width,0.0,6,margin_hat_min,0.4478011131286621,,14.831
ld11,sweep_all,Dominant Key Attn,MLP,synthetic,N,1600,current_mixture,0.1,10,1e-12,width,0.0,6,d_eff,14.316340257372055,,14.831
ld11,sweep_all,Dominant Key Attn,MLP,synthetic,N,1600,current_mixture,0.1,10,1e-12,width,0.0,6,g_ibp,-0.15509454726636554,,0.002
ld11,sweep_all,Dominant Key Attn,MLP,synthetic,N,1600,current_mixture,0.1,10,1e-12,width,0.0,6,a_tau,6.464588303689961,,2.163
ld11,sweep_all,Dominant Key Attn,MLP,synthetic,N,1600,current_mixture,0.1,10,1e-12,width,0.0,7,margin_hat_min,0.4478011131286621,,14.408
ld11,sweep_all,Dominant Key Attn,MLP,synthetic,N,1600,current_mixture,0.1,10,1e-12,width,0.0,7,d_eff,14.325573034443908,,14.408
ld11,sweep_all,Dominant Key Attn,MLP,synthetic,N,1600,current_mixture,0.1,10,1e-12,width,0.0,7,g_ibp,-0.15509454726636554,,0.001
ld11,sweep_all,Dominant Key Attn,MLP,synthetic,N,1600,current_mixture,0.1,10,1e-12,width,0.0,7,a_tau,6.272877006546167,,2.143
fp9,sweep_all,Fixed Order Attn,ATTENTION,synthetic,N,50,current_mixture,0.1,10,1e-12,width,0.0,0,margin_hat_min,1.8341386318206787,,5.159
fp9,sweep_all,Fixed Order Attn,ATTENTION,synthetic,N,50,current_mixture,0.1,10,1e-12,width,0.0,0,d_eff,70.08849208034357,,5.159
fp9,sweep_all,Fixed Order Attn,ATTENTION,synthetic,N,50,current_mixture,0.1,10,1e-12,width,0.0,0,g_ibp,0.025389886954705,,0.002
fp9,sweep_all,Fixed Order Attn,ATTENTION,synthetic,N,50,current_mixture,0.1,10,1e-12,width,0.0,0,a_tau,1.0986122886681098,,0.325
fp9,sweep_all,Fixed Order Attn,ATTENTION,synthetic,N,50,current_mixture,0.1,10,1e-12,width,0.0,1,margin_hat_min,1.8341386318206787,,4.975
fp9,sweep_all,Fixed Order Attn,ATTENTION,synthetic,N,50,current_mixture,0.1,10,1e-12,width,0.0,1,d_eff,70.08710890078659,,4.975
fp9,sweep_all,Fixed Order Attn,ATTENTION,synthetic,N,50,current_mixture,0.1,10,1e-12,width,0.0,1,g_ibp,0.025389886954705,,0.002
fp9,sweep_all,Fixed Order Attn,ATTENTION,synthetic,N,50,current_mixture,0.1,10,1e-12,width,0.0,1,a_tau,1.9459101490553132,,0.35
fp9,sweep_all,Fixed Order Attn,ATTENTION,synthetic,N,50,current_mixture,0.1,10,1e-12,width,0.0,2,margin_hat_min,1.8341386318206787,,5.285
fp9,sweep_all,Fixed Order Attn,ATTENTION,synthetic,N,50,current_mixture,0.1,10,1e-12,width,0.0,2,d_eff,70.07285596758028,,5.285
fp9,sweep_all,Fixed Order Attn,ATTENTION,synthetic,N,50,current_mixture,0.1,10,1e-12,width,0.0,2,g_ibp,0.025389886954705,,0.002
fp9,sweep_all,Fixed Order Attn,ATTENTION,synthetic,N,50,current_mixture,0.1,10,1e-12,width,0.0,2,a_tau,1.6094379124341003,,0.432
fp9,sweep_all,Fixed Order Attn,ATTENTION,synthetic,N,50,current_mixture,0.1,10,1e-12,width,0.0,3,margin_hat_min,1.8341386318206787,,5.176
fp9,sweep_all,Fixed Order Attn,ATTENTION,synthetic,N,50,current_mixture,0.1,10,1e-12,width,0.0,3,d_eff,70.07277406853281,,5.176
fp9,sweep_all,Fixed Order Attn,ATTENTION,synthetic,N,50,current_mixture,0.1,10,1e-12,width,0.0,3,g_ibp,0.025389886954705,,0.003
fp9,sweep_all,Fixed Order Attn,ATTENTION,synthetic,N,50,current_mixture,0.1,10,1e-12,width,0.0,3,a_tau,0.6931471805599453,,0.376
fp9,sweep_all,Fixed Order Attn,ATTENTION,synthetic,N,50,current_mixture,0.1,10,1e-12,width,0.0,4,margin_hat_min,1.8341386318206787,,5.151
fp9,sweep_all,Fixed Order Attn,ATTENTION,synthetic,N,50,current_mixture,0.1,10,1e-12,width,0.0,4,d_eff,70.12142083074204,,5.151
fp9,sweep_all,Fixed Order Attn,ATTENTION,synthetic,N,50,current_mixture,0.1,10,1e-12,width,0.0,4,g_ibp,0.025389886954705,,0.002
fp9,sweep_all,Fixed Order Attn,ATTENTION,synthetic,N,50,current_mixture,0.1,10,1e-12,width,0.0,4,a_tau,1.9459101490553132,,0.354
fp9,sweep_all,Fixed Order Attn,ATTENTION,synthetic,N,50,current_mixture,0.1,10,1e-12,width,0.0,5,margin_hat_min,1.8341386318206787,,5.301
fp9,sweep_all,Fixed Order Attn,ATTENTION,synthetic,N,50,current_mixture,0.1,10,1e-12,width,0.0,5,d_eff,70.12324078481797,,5.301
fp9,sweep_all,Fixed Order Attn,ATTENTION,synthetic,N,50,current_mixture,0.1,10,1e-12,width,0.0,5,g_ibp,0.025389886954705,,0.002
fp9,sweep_all,Fixed Order Attn,ATTENTION,synthetic,N,50,current_mixture,0.1,10,1e-12,width,0.0,5,a_tau,0.6931471805599453,,0.393
fp9,sweep_all,Fixed Order Attn,ATTENTION,synthetic,N,50,current_mixture,0.1,10,1e-12,width,0.0,6,margin_hat_min,1.8341385126113892,,5.542
fp9,sweep_all,Fixed Order Attn,ATTENTION,synthetic,N,50,current_mixture,0.1,10,1e-12,width,0.0,6,d_eff,70.07706538781696,,5.542
fp9,sweep_all,Fixed Order Attn,ATTENTION,synthetic,N,50,current_mixture,0.1,10,1e-12,width,0.0,6,g_ibp,0.025389823610209278,,0.003
fp9,sweep_all,Fixed Order Attn,ATTENTION,synthetic,N,50,current_mixture,0.1,10,1e-12,width,0.0,6,a_tau,0.6931471805599453,,0.288
fp9,sweep_all,Fixed Order Attn,ATTENTION,synthetic,N,50,current_mixture,0.1,10,1e-12,width,0.0,7,margin_hat_min,1.8341386318206787,,5.287
fp9,sweep_all,Fixed Order Attn,ATTENTION,synthetic,N,50,current_mixture,0.1,10,1e-12,width,0.0,7,d_eff,70.10820751389146,,5.287
fp9,sweep_all,Fixed Order Attn,ATTENTION,synthetic,N,50,current_mixture,0.1,10,1e-12,width,0.0,7,g_ibp,0.025389886954705,,0.002
fp9,sweep_all,Fixed Order Attn,ATTENTION,synthetic,N,50,current_mixture,0.1,10,1e-12,width,0.0,7,a_tau,0.6931471805599453,,0.367
fp9,sweep_all,Fixed Order Attn,ATTENTION,synthetic,N,100,current_mixture,0.1,10,1e-12,width,0.0,0,margin_hat_min,1.8341386318206787,,10.04
fp9,sweep_all,Fixed Order Attn,ATTENTION,synthetic,N,100,current_mixture,0.1,10,1e-12,width,0.0,0,d_eff,70.10730464597057,,10.04
fp9,sweep_all,Fixed Order Attn,ATTENTION,synthetic,N,100,current_mixture,0.1,10,1e-12,width,0.0,0,g_ibp,0.025389886954705,,0.002
fp9,sweep_all,Fixed Order Attn,ATTENTION,synthetic,N,100,current_mixture,0.1,10,1e-12,width,0.0,0,a_tau,1.6094379124341003,,0.656
fp9,sweep_all,Fixed Order Attn,ATTENTION,synthetic,N,100,current_mixture,0.1,10,1e-12,width,0.0,1,margin_hat_min,1.8341383934020996,,9.658
fp9,sweep_all,Fixed Order Attn,ATTENTION,synthetic,N,100,current_mixture,0.1,10,1e-12,width,0.0,1,d_eff,70.05443004958063,,9.658
fp9,sweep_all,Fixed Order Attn,ATTENTION,synthetic,N,100,current_mixture,0.1,10,1e-12,width,0.0,1,g_ibp,0.02538976026570532,,0.001
fp9,sweep_all,Fixed Order Attn,ATTENTION,synthetic,N,100,current_mixture,0.1,10,1e-12,width,0.0,1,a_tau,2.0794415416798357,,0.647
fp9,sweep_all,Fixed Order Attn,ATTENTION,synthetic,N,100,current_mixture,0.1,10,1e-12,width,0.0,2,margin_hat_min,1.8341386318206787,,10.137
fp9,sweep_all,Fixed Order Attn,ATTENTION,synthetic,N,100,current_mixture,0.1,10,1e-12,width,0.0,2,d_eff,70.12406497209844,,10.137
fp9,sweep_all,Fixed Order Attn,ATTENTION,synthetic,N,100,current_mixture,0.1,10,1e-12,width,0.0,2,g_ibp,0.025389886954705,,0.002
fp9,sweep_all,Fixed Order Attn,ATTENTION,synthetic,N,100,current_mixture,0.1,10,1e-12,width,0.0,2,a_tau,1.6094379124341003,,0.648
fp9,sweep_all,Fixed Order Attn,ATTENTION,synthetic,N,100,current_mixture,0.1,10,1e-12,width,0.0,3,margin_hat_min,1.8341386318206787,,10.066
fp9,sweep_all,Fixed Order Attn,ATTENTION,synthetic,N,100,current_mixture,0.1,10,1e-12,width,0.0,3,d_eff,70.09317117025277,,10.066
fp9,sweep_all,Fixed Order Attn,ATTENTION,synthetic,N,100,current_mixture,0.1,10,1e-12,width,0.0,3,g_ibp,0.025389886954705,,0.002
fp9,sweep_all,Fixed Order Attn,ATTENTION,synthetic,N,100,current_mixture,0.1,10,1e-12,width,0.0,3,a_tau,0.6931471805599453,,0.655
fp9,sweep_all,Fixed Order Attn,ATTENTION,synthetic,N,100,current_mixture,0.1,10,1e-12,width,0.0,4,margin_hat_min,1.8341386318206787,,9.915
fp9,sweep_all,Fixed Order Attn,ATTENTION,synthetic,N,100,current_mixture,0.1,10,1e-12,width,0.0,4,d_eff,70.10853507567793,,9.915
fp9,sweep_all,Fixed Order Attn,ATTENTION,synthetic,N,100,current_mixture,0.1,10,1e-12,width,0.0,4,g_ibp,0.025389886954705,,0.002
fp9,sweep_all,Fixed Order Attn,ATTENTION,synthetic,N,100,current_mixture,0.1,10,1e-12,width,0.0,4,a_tau,2.1972245773362196,,0.643
fp9,sweep_all,Fixed Order Attn,ATTENTION,synthetic,N,100,current_mixture,0.1,10,1e-12,width,0.0,5,margin_hat_min,1.8341386318206787,,10.226
fp9,sweep_all,Fixed Order Attn,ATTENTION,synthetic,N,100,current_mixture,0.1,10,1e-12,width,0.0,5,d_eff,70.0922555320229,,10.226
fp9,sweep_all,Fixed Order Attn,ATTENTION,synthetic,N,100,current_mixture,0.1,10,1e-12,width,0.0,5,g_ibp,0.025389886954705,,0.002
fp9,sweep_all,Fixed Order Attn,ATTENTION,synthetic,N,100,current_mixture,0.1,10,1e-12,width,0.0,5,a_tau,0.6931471805599453,,0.727
fp9,sweep_all,Fixed Order Attn,ATTENTION,synthetic,N,100,current_mixture,0.1,10,1e-12,width,0.0,6,margin_hat_min,1.8341386318206787,,10.11
fp9,sweep_all,Fixed Order Attn,ATTENTION,synthetic,N,100,current_mixture,0.1,10,1e-12,width,0.0,6,d_eff,70.13790275256248,,10.11
fp9,sweep_all,Fixed Order Attn,ATTENTION,synthetic,N,100,current_mixture,0.1,10,1e-12,width,0.0,6,g_ibp,0.025389886954705,,0.002
fp9,sweep_all,Fixed Order Attn,ATTENTION,synthetic,N,100,current_mixture,0.1,10,1e-12,width,0.0,6,a_tau,1.0986122886681098,,0.731
fp9,sweep_all,Fixed Order Attn,ATTENTION,synthetic,N,100,current_mixture,0.1,10,1e-12,width,0.0,7,margin_hat_min,1.8341386318206787,,8.718
fp9,sweep_all,Fixed Order Attn,ATTENTION,synthetic,N,100,current_mixture,0.1,10,1e-12,width,0.0,7,d_eff,70.10437301313311,,8.718
fp9,sweep_all,Fixed Order Attn,ATTENTION,synthetic,N,100,current_mixture,0.1,10,1e-12,width,0.0,7,g_ibp,0.025389886954705,,0.001
fp9,sweep_all,Fixed Order Attn,ATTENTION,synthetic,N,100,current_mixture,0.1,10,1e-12,width,0.0,7,a_tau,0.6931471805599453,,0.447
fp9,sweep_all,Fixed Order Attn,ATTENTION,synthetic,N,200,current_mixture,0.1,10,1e-12,width,0.0,0,margin_hat_min,1.8341386318206787,,19.783
fp9,sweep_all,Fixed Order Attn,ATTENTION,synthetic,N,200,current_mixture,0.1,10,1e-12,width,0.0,0,d_eff,70.08474774461104,,19.783
fp9,sweep_all,Fixed Order Attn,ATTENTION,synthetic,N,200,current_mixture,0.1,10,1e-12,width,0.0,0,g_ibp,0.025389886954705,,0.002
fp9,sweep_all,Fixed Order Attn,ATTENTION,synthetic,N,200,current_mixture,0.1,10,1e-12,width,0.0,0,a_tau,1.6094379124341003,,1.221
fp9,sweep_all,Fixed Order Attn,ATTENTION,synthetic,N,200,current_mixture,0.1,10,1e-12,width,0.0,1,margin_hat_min,1.8341386318206787,,15.786
fp9,sweep_all,Fixed Order Attn,ATTENTION,synthetic,N,200,current_mixture,0.1,10,1e-12,width,0.0,1,d_eff,70.0713250308091,,15.786
fp9,sweep_all,Fixed Order Attn,ATTENTION,synthetic,N,200,current_mixture,0.1,10,1e-12,width,0.0,1,g_ibp,0.025389886954705,,0.003
fp9,sweep_all,Fixed Order Attn,ATTENTION,synthetic,N,200,current_mixture,0.1,10,1e-12,width,0.0,1,a_tau,2.0794415416798357,,1.294
fp9,sweep_all,Fixed Order Attn,ATTENTION,synthetic,N,200,current_mixture,0.1,10,1e-12,width,0.0,2,margin_hat_min,1.8341386318206787,,19.567
fp9,sweep_all,Fixed Order Attn,ATTENTION,synthetic,N,200,current_mixture,0.1,10,1e-12,width,0.0,2,d_eff,70.10341051792265,,19.567
fp9,sweep_all,Fixed Order Attn,ATTENTION,synthetic,N,200,current_mixture,0.1,10,1e-12,width,0.0,2,g_ibp,0.025389886954705,,0.002
fp9,sweep_all,Fixed Order Attn,ATTENTION,synthetic,N,200,current_mixture,0.1,10,1e-12,width,0.0,2,a_tau,1.6094379124341003,,1.359
fp9,sweep_all,Fixed Order Attn,ATTENTION,synthetic,N,200,current_mixture,0.1,10,1e-12,width,0.0,3,margin_hat_min,1.8341386318206787,,18.826
fp9,sweep_all,Fixed Order Attn,ATTENTION,synthetic,N,200,current_mixture,0.1,10,1e-12,width,0.0,3,d_eff,70.09952066382105,,18.826
fp9,sweep_all,Fixed Order Attn,ATTENTION,synthetic,N,200,current_mixture,0.1,10,1e-12,width,0.0,3,g_ibp,0.025389886954705,,0.002
fp9,sweep_all,Fixed Order Attn,ATTENTION,synthetic,N,200,current_mixture,0.1,10,1e-12,width,0.0,3,a_tau,0.6931471805599453,,1.25
fp9,sweep_all,Fixed Order Attn,ATTENTION,synthetic,N,200,current_mixture,0.1,10,1e-12,width,0.0,4,margin_hat_min,1.8341386318206787,,19.646
fp9,sweep_all,Fixed Order Attn,ATTENTION,synthetic,N,200,current_mixture,0.1,10,1e-12,width,0.0,4,d_eff,70.08623510318695,,19.646
fp9,sweep_all,Fixed Order Attn,ATTENTION,synthetic,N,200,current_mixture,0.1,10,1e-12,width,0.0,4,g_ibp,0.025389886954705,,0.002
fp9,sweep_all,Fixed Order Attn,ATTENTION,synthetic,N,200,current_mixture,0.1,10,1e-12,width,0.0,4,a_tau,2.302585092994046,,1.184
fp9,sweep_all,Fixed Order Attn,ATTENTION,synthetic,N,200,current_mixture,0.1,10,1e-12,width,0.0,5,margin_hat_min,1.8341386318206787,,20.018
fp9,sweep_all,Fixed Order Attn,ATTENTION,synthetic,N,200,current_mixture,0.1,10,1e-12,width,0.0,5,d_eff,70.10226269412675,,20.018
fp9,sweep_all,Fixed Order Attn,ATTENTION,synthetic,N,200,current_mixture,0.1,10,1e-12,width,0.0,5,g_ibp,0.025389886954705,,0.002
fp9,sweep_all,Fixed Order Attn,ATTENTION,synthetic,N,200,current_mixture,0.1,10,1e-12,width,0.0,5,a_tau,0.6931471805599453,,1.405
fp9,sweep_all,Fixed Order Attn,ATTENTION,synthetic,N,200,current_mixture,0.1,10,1e-12,width,0.0,6,margin_hat_min,1.8341386318206787,,19.93
fp9,sweep_all,Fixed Order Attn,ATTENTION,synthetic,N,200,current_mixture,0.1,10,1e-12,width,0.0,6,d_eff,70.10137014068586,,19.93
fp9,sweep_all,Fixed Order Attn,ATTENTION,synthetic,N,200,current_mixture,0.1,10,1e-12,width,0.0,6,g_ibp,0.025389886954705,,0.002
fp9,sweep_all,Fixed Order Attn,ATTENTION,synthetic,N,200,current_mixture,0.1,10,1e-12,width,0.0,6,a_tau,1.0986122886681098,,1.352
fp9,sweep_all,Fixed Order Attn,ATTENTION,synthetic,N,200,current_mixture,0.1,10,1e-12,width,0.0,7,margin_hat_min,1.8341386318206787,,20.057
fp9,sweep_all,Fixed Order Attn,ATTENTION,synthetic,N,200,current_mixture,0.1,10,1e-12,width,0.0,7,d_eff,70.093364210997,,20.057
fp9,sweep_all,Fixed Order Attn,ATTENTION,synthetic,N,200,current_mixture,0.1,10,1e-12,width,0.0,7,g_ibp,0.025389886954705,,0.003
fp9,sweep_all,Fixed Order Attn,ATTENTION,synthetic,N,200,current_mixture,0.1,10,1e-12,width,0.0,7,a_tau,0.6931471805599453,,1.361
fp9,sweep_all,Fixed Order Attn,ATTENTION,synthetic,N,400,current_mixture,0.1,10,1e-12,width,0.0,0,margin_hat_min,1.8341386318206787,,31.375
fp9,sweep_all,Fixed Order Attn,ATTENTION,synthetic,N,400,current_mixture,0.1,10,1e-12,width,0.0,0,d_eff,70.08465172910792,,31.375
fp9,sweep_all,Fixed Order Attn,ATTENTION,synthetic,N,400,current_mixture,0.1,10,1e-12,width,0.0,0,g_ibp,0.025389886954705,,0.002
fp9,sweep_all,Fixed Order Attn,ATTENTION,synthetic,N,400,current_mixture,0.1,10,1e-12,width,0.0,0,a_tau,1.791759469228055,,2.6
fp9,sweep_all,Fixed Order Attn,ATTENTION,synthetic,N,400,current_mixture,0.1,10,1e-12,width,0.0,1,margin_hat_min,1.8341386318206787,,23.432
fp9,sweep_all,Fixed Order Attn,ATTENTION,synthetic,N,400,current_mixture,0.1,10,1e-12,width,0.0,1,d_eff,70.08756453865003,,23.432
fp9,sweep_all,Fixed Order Attn,ATTENTION,synthetic,N,400,current_mixture,0.1,10,1e-12,width,0.0,1,g_ibp,0.025389886954705,,0.001
fp9,sweep_all,Fixed Order Attn,ATTENTION,synthetic,N,400,current_mixture,0.1,10,1e-12,width,0.0,1,a_tau,2.1972245773362196,,1.884
fp9,sweep_all,Fixed Order Attn,ATTENTION,synthetic,N,400,current_mixture,0.1,10,1e-12,width,0.0,2,margin_hat_min,1.8341385126113892,,26.669
fp9,sweep_all,Fixed Order Attn,ATTENTION,synthetic,N,400,current_mixture,0.1,10,1e-12,width,0.0,2,d_eff,70.06903856048527,,26.669
fp9,sweep_all,Fixed Order Attn,ATTENTION,synthetic,N,400,current_mixture,0.1,10,1e-12,width,0.0,2,g_ibp,0.025389823610209278,,0.003
fp9,sweep_all,Fixed Order Attn,ATTENTION,synthetic,N,400,current_mixture,0.1,10,1e-12,width,0.0,2,a_tau,1.6094379124341003,,2.631
fp9,sweep_all,Fixed Order Attn,ATTENTION,synthetic,N,400,current_mixture,0.1,10,1e-12,width,0.0,3,margin_hat_min,1.8341385126113892,,31.938
fp9,sweep_all,Fixed Order Attn,ATTENTION,synthetic,N,400,current_mixture,0.1,10,1e-12,width,0.0,3,d_eff,70.09264282727382,,31.938
fp9,sweep_all,Fixed Order Attn,ATTENTION,synthetic,N,400,current_mixture,0.1,10,1e-12,width,0.0,3,g_ibp,0.025389823610209278,,0.002
fp9,sweep_all,Fixed Order Attn,ATTENTION,synthetic,N,400,current_mixture,0.1,10,1e-12,width,0.0,3,a_tau,0.6931471805599453,,2.575
fp9,sweep_all,Fixed Order Attn,ATTENTION,synthetic,N,400,current_mixture,0.1,10,1e-12,width,0.0,4,margin_hat_min,1.8341386318206787,,31.304
fp9,sweep_all,Fixed Order Attn,ATTENTION,synthetic,N,400,current_mixture,0.1,10,1e-12,width,0.0,4,d_eff,70.08788186936701,,31.304
fp9,sweep_all,Fixed Order Attn,ATTENTION,synthetic,N,400,current_mixture,0.1,10,1e-12,width,0.0,4,g_ibp,0.025389886954705,,0.002
fp9,sweep_all,Fixed Order Attn,ATTENTION,synthetic,N,400,current_mixture,0.1,10,1e-12,width,0.0,4,a_tau,2.3978952727983707,,2.59
fp9,sweep_all,Fixed Order Attn,ATTENTION,synthetic,N,400,current_mixture,0.1,10,1e-12,width,0.0,5,margin_hat_min,1.8341386318206787,,31.152
fp9,sweep_all,Fixed Order Attn,ATTENTION,synthetic,N,400,current_mixture,0.1,10,1e-12,width,0.0,5,d_eff,70.09290591917302,,31.152
fp9,sweep_all,Fixed Order Attn,ATTENTION,synthetic,N,400,current_mixture,0.1,10,1e-12,width,0.0,5,g_ibp,0.025389886954705,,0.002
fp9,sweep_all,Fixed Order Attn,ATTENTION,synthetic,N,400,current_mixture,0.1,10,1e-12,width,0.0,5,a_tau,0.6931471805599453,,2.634
fp9,sweep_all,Fixed Order Attn,ATTENTION,synthetic,N,400,current_mixture,0.1,10,1e-12,width,0.0,6,margin_hat_min,1.8341386318206787,,31.726
fp9,sweep_all,Fixed Order Attn,ATTENTION,synthetic,N,400,current_mixture,0.1,10,1e-12,width,0.0,6,d_eff,70.0866918765776,,31.726
fp9,sweep_all,Fixed Order Attn,ATTENTION,synthetic,N,400,current_mixture,0.1,10,1e-12,width,0.0,6,g_ibp,0.025389886954705,,0.002
fp9,sweep_all,Fixed Order Attn,ATTENTION,synthetic,N,400,current_mixture,0.1,10,1e-12,width,0.0,6,a_tau,1.0986122886681098,,2.661
fp9,sweep_all,Fixed Order Attn,ATTENTION,synthetic,N,400,current_mixture,0.1,10,1e-12,width,0.0,7,margin_hat_min,1.8341385126113892,,33.325
fp9,sweep_all,Fixed Order Attn,ATTENTION,synthetic,N,400,current_mixture,0.1,10,1e-12,width,0.0,7,d_eff,70.08485088377978,,33.325
fp9,sweep_all,Fixed Order Attn,ATTENTION,synthetic,N,400,current_mixture,0.1,10,1e-12,width,0.0,7,g_ibp,0.025389823610209278,,0.002
fp9,sweep_all,Fixed Order Attn,ATTENTION,synthetic,N,400,current_mixture,0.1,10,1e-12,width,0.0,7,a_tau,0.6931471805599453,,2.701
fp9,sweep_all,Fixed Order Attn,ATTENTION,synthetic,N,800,current_mixture,0.1,10,1e-12,width,0.0,0,margin_hat_min,1.8341386318206787,,46.873
fp9,sweep_all,Fixed Order Attn,ATTENTION,synthetic,N,800,current_mixture,0.1,10,1e-12,width,0.0,0,d_eff,70.09861262018961,,46.873
fp9,sweep_all,Fixed Order Attn,ATTENTION,synthetic,N,800,current_mixture,0.1,10,1e-12,width,0.0,0,g_ibp,0.025389886954705,,0.002
fp9,sweep_all,Fixed Order Attn,ATTENTION,synthetic,N,800,current_mixture,0.1,10,1e-12,width,0.0,0,a_tau,1.9459101490553132,,5.264
fp9,sweep_all,Fixed Order Attn,ATTENTION,synthetic,N,800,current_mixture,0.1,10,1e-12,width,0.0,1,margin_hat_min,1.8341386318206787,,42.799
fp9,sweep_all,Fixed Order Attn,ATTENTION,synthetic,N,800,current_mixture,0.1,10,1e-12,width,0.0,1,d_eff,70.08906049913871,,42.799
fp9,sweep_all,Fixed Order Attn,ATTENTION,synthetic,N,800,current_mixture,0.1,10,1e-12,width,0.0,1,g_ibp,0.025389886954705,,0.002
fp9,sweep_all,Fixed Order Attn,ATTENTION,synthetic,N,800,current_mixture,0.1,10,1e-12,width,0.0,1,a_tau,2.1972245773362196,,5.219
fp9,sweep_all,Fixed Order Attn,ATTENTION,synthetic,N,800,current_mixture,0.1,10,1e-12,width,0.0,2,margin_hat_min,1.8341386318206787,,45.12
fp9,sweep_all,Fixed Order Attn,ATTENTION,synthetic,N,800,current_mixture,0.1,10,1e-12,width,0.0,2,d_eff,70.08359552439728,,45.12
fp9,sweep_all,Fixed Order Attn,ATTENTION,synthetic,N,800,current_mixture,0.1,10,1e-12,width,0.0,2,g_ibp,0.025389886954705,,0.002
fp9,sweep_all,Fixed Order Attn,ATTENTION,synthetic,N,800,current_mixture,0.1,10,1e-12,width,0.0,2,a_tau,1.9459101490553132,,5.398
fp9,sweep_all,Fixed Order Attn,ATTENTION,synthetic,N,800,current_mixture,0.1,10,1e-12,width,0.0,3,margin_hat_min,1.8341385126113892,,45.958
fp9,sweep_all,Fixed Order Attn,ATTENTION,synthetic,N,800,current_mixture,0.1,10,1e-12,width,0.0,3,d_eff,70.08557247496279,,45.958
fp9,sweep_all,Fixed Order Attn,ATTENTION,synthetic,N,800,current_mixture,0.1,10,1e-12,width,0.0,3,g_ibp,0.025389823610209278,,0.002
fp9,sweep_all,Fixed Order Attn,ATTENTION,synthetic,N,800,current_mixture,0.1,10,1e-12,width,0.0,3,a_tau,0.6931471805599453,,4.901
fp9,sweep_all,Fixed Order Attn,ATTENTION,synthetic,N,800,current_mixture,0.1,10,1e-12,width,0.0,4,margin_hat_min,1.8341383934020996,,46.562
fp9,sweep_all,Fixed Order Attn,ATTENTION,synthetic,N,800,current_mixture,0.1,10,1e-12,width,0.0,4,d_eff,70.08179052958953,,46.562
fp9,sweep_all,Fixed Order Attn,ATTENTION,synthetic,N,800,current_mixture,0.1,10,1e-12,width,0.0,4,g_ibp,0.02538976026570532,,0.002
fp9,sweep_all,Fixed Order Attn,ATTENTION,synthetic,N,800,current_mixture,0.1,10,1e-12,width,0.0,4,a_tau,2.4849066497880004,,5.033
fp9,sweep_all,Fixed Order Attn,ATTENTION,synthetic,N,800,current_mixture,0.1,10,1e-12,width,0.0,5,margin_hat_min,1.8341386318206787,,41.167
fp9,sweep_all,Fixed Order Attn,ATTENTION,synthetic,N,800,current_mixture,0.1,10,1e-12,width,0.0,5,d_eff,70.08361924628498,,41.167
fp9,sweep_all,Fixed Order Attn,ATTENTION,synthetic,N,800,current_mixture,0.1,10,1e-12,width,0.0,5,g_ibp,0.025389886954705,,0.002
fp9,sweep_all,Fixed Order Attn,ATTENTION,synthetic,N,800,current_mixture,0.1,10,1e-12,width,0.0,5,a_tau,1.0986122886681098,,3.582
fp9,sweep_all,Fixed Order Attn,ATTENTION,synthetic,N,800,current_mixture,0.1,10,1e-12,width,0.0,6,margin_hat_min,1.8341386318206787,,47.295
fp9,sweep_all,Fixed Order Attn,ATTENTION,synthetic,N,800,current_mixture,0.1,10,1e-12,width,0.0,6,d_eff,70.09358591083866,,47.295
fp9,sweep_all,Fixed Order Attn,ATTENTION,synthetic,N,800,current_mixture,0.1,10,1e-12,width,0.0,6,g_ibp,0.025389886954705,,0.001
fp9,sweep_all,Fixed Order Attn,ATTENTION,synthetic,N,800,current_mixture,0.1,10,1e-12,width,0.0,6,a_tau,1.6094379124341003,,5.339
fp9,sweep_all,Fixed Order Attn,ATTENTION,synthetic,N,800,current_mixture,0.1,10,1e-12,width,0.0,7,margin_hat_min,1.8341386318206787,,47.9
fp9,sweep_all,Fixed Order Attn,ATTENTION,synthetic,N,800,current_mixture,0.1,10,1e-12,width,0.0,7,d_eff,70.0948731445799,,47.9
fp9,sweep_all,Fixed Order Attn,ATTENTION,synthetic,N,800,current_mixture,0.1,10,1e-12,width,0.0,7,g_ibp,0.025389886954705,,0.002
fp9,sweep_all,Fixed Order Attn,ATTENTION,synthetic,N,800,current_mixture,0.1,10,1e-12,width,0.0,7,a_tau,0.6931471805599453,,5.329
fp9,sweep_all,Fixed Order Attn,ATTENTION,synthetic,N,1600,current_mixture,0.1,10,1e-12,width,0.0,0,margin_hat_min,1.8341383934020996,,55.1
fp9,sweep_all,Fixed Order Attn,ATTENTION,synthetic,N,1600,current_mixture,0.1,10,1e-12,width,0.0,0,d_eff,70.08535604539648,,55.1
fp9,sweep_all,Fixed Order Attn,ATTENTION,synthetic,N,1600,current_mixture,0.1,10,1e-12,width,0.0,0,g_ibp,0.02538976026570532,,0.002
fp9,sweep_all,Fixed Order Attn,ATTENTION,synthetic,N,1600,current_mixture,0.1,10,1e-12,width,0.0,0,a_tau,2.0794415416798357,,7.474
fp9,sweep_all,Fixed Order Attn,ATTENTION,synthetic,N,1600,current_mixture,0.1,10,1e-12,width,0.0,1,margin_hat_min,1.8341385126113892,,73.733
fp9,sweep_all,Fixed Order Attn,ATTENTION,synthetic,N,1600,current_mixture,0.1,10,1e-12,width,0.0,1,d_eff,70.08927336575604,,73.733
fp9,sweep_all,Fixed Order Attn,ATTENTION,synthetic,N,1600,current_mixture,0.1,10,1e-12,width,0.0,1,g_ibp,0.025389823610209278,,0.002
fp9,sweep_all,Fixed Order Attn,ATTENTION,synthetic,N,1600,current_mixture,0.1,10,1e-12,width,0.0,1,a_tau,2.302585092994046,,9.242
fp9,sweep_all,Fixed Order Attn,ATTENTION,synthetic,N,1600,current_mixture,0.1,10,1e-12,width,0.0,2,margin_hat_min,1.8341385126113892,,74.511
fp9,sweep_all,Fixed Order Attn,ATTENTION,synthetic,N,1600,current_mixture,0.1,10,1e-12,width,0.0,2,d_eff,70.08232551051644,,74.511
fp9,sweep_all,Fixed Order Attn,ATTENTION,synthetic,N,1600,current_mixture,0.1,10,1e-12,width,0.0,2,g_ibp,0.025389823610209278,,0.002
fp9,sweep_all,Fixed Order Attn,ATTENTION,synthetic,N,1600,current_mixture,0.1,10,1e-12,width,0.0,2,a_tau,2.302585092994046,,8.088
fp9,sweep_all,Fixed Order Attn,ATTENTION,synthetic,N,1600,current_mixture,0.1,10,1e-12,width,0.0,3,margin_hat_min,1.8341385126113892,,53.7
fp9,sweep_all,Fixed Order Attn,ATTENTION,synthetic,N,1600,current_mixture,0.1,10,1e-12,width,0.0,3,d_eff,70.09027465113196,,53.7
fp9,sweep_all,Fixed Order Attn,ATTENTION,synthetic,N,1600,current_mixture,0.1,10,1e-12,width,0.0,3,g_ibp,0.025389823610209278,,0.002
fp9,sweep_all,Fixed Order Attn,ATTENTION,synthetic,N,1600,current_mixture,0.1,10,1e-12,width,0.0,3,a_tau,1.0986122886681098,,7.415
fp9,sweep_all,Fixed Order Attn,ATTENTION,synthetic,N,1600,current_mixture,0.1,10,1e-12,width,0.0,4,margin_hat_min,1.8341385126113892,,75.157
fp9,sweep_all,Fixed Order Attn,ATTENTION,synthetic,N,1600,current_mixture,0.1,10,1e-12,width,0.0,4,d_eff,70.08185132162623,,75.157
fp9,sweep_all,Fixed Order Attn,ATTENTION,synthetic,N,1600,current_mixture,0.1,10,1e-12,width,0.0,4,g_ibp,0.025389823610209278,,0.002
fp9,sweep_all,Fixed Order Attn,ATTENTION,synthetic,N,1600,current_mixture,0.1,10,1e-12,width,0.0,4,a_tau,2.70805020110221,,10.294
fp9,sweep_all,Fixed Order Attn,ATTENTION,synthetic,N,1600,current_mixture,0.1,10,1e-12,width,0.0,5,margin_hat_min,1.8341386318206787,,77.605
fp9,sweep_all,Fixed Order Attn,ATTENTION,synthetic,N,1600,current_mixture,0.1,10,1e-12,width,0.0,5,d_eff,70.08025700913956,,77.605
fp9,sweep_all,Fixed Order Attn,ATTENTION,synthetic,N,1600,current_mixture,0.1,10,1e-12,width,0.0,5,g_ibp,0.025389886954705,,0.002
fp9,sweep_all,Fixed Order Attn,ATTENTION,synthetic,N,1600,current_mixture,0.1,10,1e-12,width,0.0,5,a_tau,1.0986122886681098,,9.89
fp9,sweep_all,Fixed Order Attn,ATTENTION,synthetic,N,1600,current_mixture,0.1,10,1e-12,width,0.0,6,margin_hat_min,1.8341383934020996,,76.446
fp9,sweep_all,Fixed Order Attn,ATTENTION,synthetic,N,1600,current_mixture,0.1,10,1e-12,width,0.0,6,d_eff,70.09474468335361,,76.446
fp9,sweep_all,Fixed Order Attn,ATTENTION,synthetic,N,1600,current_mixture,0.1,10,1e-12,width,0.0,6,g_ibp,0.02538976026570532,,0.002
fp9,sweep_all,Fixed Order Attn,ATTENTION,synthetic,N,1600,current_mixture,0.1,10,1e-12,width,0.0,6,a_tau,1.791759469228055,,10.318
fp9,sweep_all,Fixed Order Attn,ATTENTION,synthetic,N,1600,current_mixture,0.1,10,1e-12,width,0.0,7,margin_hat_min,1.8341386318206787,,76.725
fp9,sweep_all,Fixed Order Attn,ATTENTION,synthetic,N,1600,current_mixture,0.1,10,1e-12,width,0.0,7,d_eff,70.09203925928499,,76.725
fp9,sweep_all,Fixed Order Attn,ATTENTION,synthetic,N,1600,current_mixture,0.1,10,1e-12,width,0.0,7,g_ibp,0.025389886954705,,0.002
fp9,sweep_all,Fixed Order Attn,ATTENTION,synthetic,N,1600,current_mixture,0.1,10,1e-12,width,0.0,7,a_tau,1.0986122886681098,,10.669
fp10,sweep_all,Fixed Order Attn,ATTENTION,synthetic,N,50,current_mixture,0.1,10,1e-12,width,0.0,0,margin_hat_min,0.6677330732345581,,1.729
fp10,sweep_all,Fixed Order Attn,ATTENTION,synthetic,N,50,current_mixture,0.1,10,1e-12,width,0.0,0,d_eff,43.71760237709868,,1.729
fp10,sweep_all,Fixed Order Attn,ATTENTION,synthetic,N,50,current_mixture,0.1,10,1e-12,width,0.0,0,g_ibp,0.05520266449996384,,0.001
fp10,sweep_all,Fixed Order Attn,ATTENTION,synthetic,N,50,current_mixture,0.1,10,1e-12,width,0.0,0,a_tau,0.6931471805599453,,0.105
fp10,sweep_all,Fixed Order Attn,ATTENTION,synthetic,N,50,current_mixture,0.1,10,1e-12,width,0.0,1,margin_hat_min,0.6677330732345581,,1.697
fp10,sweep_all,Fixed Order Attn,ATTENTION,synthetic,N,50,current_mixture,0.1,10,1e-12,width,0.0,1,d_eff,43.40807771675994,,1.697
fp10,sweep_all,Fixed Order Attn,ATTENTION,synthetic,N,50,current_mixture,0.1,10,1e-12,width,0.0,1,g_ibp,0.05520266449996384,,0.001
fp10,sweep_all,Fixed Order Attn,ATTENTION,synthetic,N,50,current_mixture,0.1,10,1e-12,width,0.0,1,a_tau,1.3862943611198906,,0.106
fp10,sweep_all,Fixed Order Attn,ATTENTION,synthetic,N,50,current_mixture,0.1,10,1e-12,width,0.0,2,margin_hat_min,0.6677330732345581,,1.695
fp10,sweep_all,Fixed Order Attn,ATTENTION,synthetic,N,50,current_mixture,0.1,10,1e-12,width,0.0,2,d_eff,43.41279091817443,,1.695
fp10,sweep_all,Fixed Order Attn,ATTENTION,synthetic,N,50,current_mixture,0.1,10,1e-12,width,0.0,2,g_ibp,0.05520266449996384,,0.001
fp10,sweep_all,Fixed Order Attn,ATTENTION,synthetic,N,50,current_mixture,0.1,10,1e-12,width,0.0,2,a_tau,1.0986122886681098,,0.106
fp10,sweep_all,Fixed Order Attn,ATTENTION,synthetic,N,50,current_mixture,0.1,10,1e-12,width,0.0,3,margin_hat_min,0.6677330732345581,,1.744
fp10,sweep_all,Fixed Order Attn,ATTENTION,synthetic,N,50,current_mixture,0.1,10,1e-12,width,0.0,3,d_eff,43.71998095351445,,1.744
fp10,sweep_all,Fixed Order Attn,ATTENTION,synthetic,N,50,current_mixture,0.1,10,1e-12,width,0.0,3,g_ibp,0.05520266449996384,,0.001
fp10,sweep_all,Fixed Order Attn,ATTENTION,synthetic,N,50,current_mixture,0.1,10,1e-12,width,0.0,3,a_tau,1.0986122886681098,,0.105
fp10,sweep_all,Fixed Order Attn,ATTENTION,synthetic,N,50,current_mixture,0.1,10,1e-12,width,0.0,4,margin_hat_min,0.6677330732345581,,2.476
fp10,sweep_all,Fixed Order Attn,ATTENTION,synthetic,N,50,current_mixture,0.1,10,1e-12,width,0.0,4,d_eff,43.5975367764487,,2.476
fp10,sweep_all,Fixed Order Attn,ATTENTION,synthetic,N,50,current_mixture,0.1,10,1e-12,width,0.0,4,g_ibp,0.05520266449996384,,0.001
fp10,sweep_all,Fixed Order Attn,ATTENTION,synthetic,N,50,current_mixture,0.1,10,1e-12,width,0.0,4,a_tau,1.6094379124341003,,0.156
fp10,sweep_all,Fixed Order Attn,ATTENTION,synthetic,N,50,current_mixture,0.1,10,1e-12,width,0.0,5,margin_hat_min,0.6677330732345581,,1.777
fp10,sweep_all,Fixed Order Attn,ATTENTION,synthetic,N,50,current_mixture,0.1,10,1e-12,width,0.0,5,d_eff,43.33900551200625,,1.777
fp10,sweep_all,Fixed Order Attn,ATTENTION,synthetic,N,50,current_mixture,0.1,10,1e-12,width,0.0,5,g_ibp,0.05520266449996384,,0.001
fp10,sweep_all,Fixed Order Attn,ATTENTION,synthetic,N,50,current_mixture,0.1,10,1e-12,width,0.0,5,a_tau,1.6094379124341003,,0.106
fp10,sweep_all,Fixed Order Attn,ATTENTION,synthetic,N,50,current_mixture,0.1,10,1e-12,width,0.0,6,margin_hat_min,0.6677330732345581,,2.471
fp10,sweep_all,Fixed Order Attn,ATTENTION,synthetic,N,50,current_mixture,0.1,10,1e-12,width,0.0,6,d_eff,43.59887720190576,,2.471
fp10,sweep_all,Fixed Order Attn,ATTENTION,synthetic,N,50,current_mixture,0.1,10,1e-12,width,0.0,6,g_ibp,0.05520266449996384,,0.002
fp10,sweep_all,Fixed Order Attn,ATTENTION,synthetic,N,50,current_mixture,0.1,10,1e-12,width,0.0,6,a_tau,1.0986122886681098,,0.151
fp10,sweep_all,Fixed Order Attn,ATTENTION,synthetic,N,50,current_mixture,0.1,10,1e-12,width,0.0,7,margin_hat_min,0.6677330732345581,,2.479
fp10,sweep_all,Fixed Order Attn,ATTENTION,synthetic,N,50,current_mixture,0.1,10,1e-12,width,0.0,7,d_eff,43.665832299977026,,2.479
fp10,sweep_all,Fixed Order Attn,ATTENTION,synthetic,N,50,current_mixture,0.1,10,1e-12,width,0.0,7,g_ibp,0.05520266449996384,,0.001
fp10,sweep_all,Fixed Order Attn,ATTENTION,synthetic,N,50,current_mixture,0.1,10,1e-12,width,0.0,7,a_tau,1.3862943611198906,,0.154
fp10,sweep_all,Fixed Order Attn,ATTENTION,synthetic,N,100,current_mixture,0.1,10,1e-12,width,0.0,0,margin_hat_min,0.6677330732345581,,3.718
fp10,sweep_all,Fixed Order Attn,ATTENTION,synthetic,N,100,current_mixture,0.1,10,1e-12,width,0.0,0,d_eff,43.56521863906777,,3.718
fp10,sweep_all,Fixed Order Attn,ATTENTION,synthetic,N,100,current_mixture,0.1,10,1e-12,width,0.0,0,g_ibp,0.05520266449996384,,0.001
fp10,sweep_all,Fixed Order Attn,ATTENTION,synthetic,N,100,current_mixture,0.1,10,1e-12,width,0.0,0,a_tau,1.9459101490553132,,0.307
fp10,sweep_all,Fixed Order Attn,ATTENTION,synthetic,N,100,current_mixture,0.1,10,1e-12,width,0.0,1,margin_hat_min,0.6677330732345581,,4.736
fp10,sweep_all,Fixed Order Attn,ATTENTION,synthetic,N,100,current_mixture,0.1,10,1e-12,width,0.0,1,d_eff,43.465992828448286,,4.736
fp10,sweep_all,Fixed Order Attn,ATTENTION,synthetic,N,100,current_mixture,0.1,10,1e-12,width,0.0,1,g_ibp,0.05520266449996384,,0.001
fp10,sweep_all,Fixed Order Attn,ATTENTION,synthetic,N,100,current_mixture,0.1,10,1e-12,width,0.0,1,a_tau,1.6094379124341003,,0.294
fp10,sweep_all,Fixed Order Attn,ATTENTION,synthetic,N,100,current_mixture,0.1,10,1e-12,width,0.0,2,margin_hat_min,0.6677330732345581,,4.805
fp10,sweep_all,Fixed Order Attn,ATTENTION,synthetic,N,100,current_mixture,0.1,10,1e-12,width,0.0,2,d_eff,43.34188424063387,,4.805
fp10,sweep_all,Fixed Order Attn,ATTENTION,synthetic,N,100,current_mixture,0.1,10,1e-12,width,0.0,2,g_ibp,0.05520266449996384,,0.002
fp10,sweep_all,Fixed Order Attn,ATTENTION,synthetic,N,100,current_mixture,0.1,10,1e-12,width,0.0,2,a_tau,1.0986122886681098,,0.302
fp10,sweep_all,Fixed Order Attn,ATTENTION,synthetic,N,100,current_mixture,0.1,10,1e-12,width,0.0,3,margin_hat_min,0.6677330732345581,,4.65
fp10,sweep_all,Fixed Order Attn,ATTENTION,synthetic,N,100,current_mixture,0.1,10,1e-12,width,0.0,3,d_eff,43.56318492980913,,4.65
fp10,sweep_all,Fixed Order Attn,ATTENTION,synthetic,N,100,current_mixture,0.1,10,1e-12,width,0.0,3,g_ibp,0.05520266449996384,,0.002
fp10,sweep_all,Fixed Order Attn,ATTENTION,synthetic,N,100,current_mixture,0.1,10,1e-12,width,0.0,3,a_tau,1.0986122886681098,,0.319
fp10,sweep_all,Fixed Order Attn,ATTENTION,synthetic,N,100,current_mixture,0.1,10,1e-12,width,0.0,4,margin_hat_min,0.6677330732345581,,4.671
fp10,sweep_all,Fixed Order Attn,ATTENTION,synthetic,N,100,current_mixture,0.1,10,1e-12,width,0.0,4,d_eff,43.5912299962258,,4.671
fp10,sweep_all,Fixed Order Attn,ATTENTION,synthetic,N,100,current_mixture,0.1,10,1e-12,width,0.0,4,g_ibp,0.05520266449996384,,0.003
fp10,sweep_all,Fixed Order Attn,ATTENTION,synthetic,N,100,current_mixture,0.1,10,1e-12,width,0.0,4,a_tau,1.6094379124341003,,0.319
fp10,sweep_all,Fixed Order Attn,ATTENTION,synthetic,N,100,current_mixture,0.1,10,1e-12,width,0.0,5,margin_hat_min,0.6677330732345581,,4.723
fp10,sweep_all,Fixed Order Attn,ATTENTION,synthetic,N,100,current_mixture,0.1,10,1e-12,width,0.0,5,d_eff,43.59458244095729,,4.723
fp10,sweep_all,Fixed Order Attn,ATTENTION,synthetic,N,100,current_mixture,0.1,10,1e-12,width,0.0,5,g_ibp,0.05520266449996384,,0.001
fp10,sweep_all,Fixed Order Attn,ATTENTION,synthetic,N,100,current_mixture,0.1,10,1e-12,width,0.0,5,a_tau,1.6094379124341003,,0.294
fp10,sweep_all,Fixed Order Attn,ATTENTION,synthetic,N,100,current_mixture,0.1,10,1e-12,width,0.0,6,margin_hat_min,0.6677330732345581,,4.819
fp10,sweep_all,Fixed Order Attn,ATTENTION,synthetic,N,100,current_mixture,0.1,10,1e-12,width,0.0,6,d_eff,43.50296151162701,,4.819
fp10,sweep_all,Fixed Order Attn,ATTENTION,synthetic,N,100,current_mixture,0.1,10,1e-12,width,0.0,6,g_ibp,0.05520266449996384,,0.001
fp10,sweep_all,Fixed Order Attn,ATTENTION,synthetic,N,100,current_mixture,0.1,10,1e-12,width,0.0,6,a_tau,1.0986122886681098,,0.293
fp10,sweep_all,Fixed Order Attn,ATTENTION,synthetic,N,100,current_mixture,0.1,10,1e-12,width,0.0,7,margin_hat_min,0.6677330136299133,,4.686
fp10,sweep_all,Fixed Order Attn,ATTENTION,synthetic,N,100,current_mixture,0.1,10,1e-12,width,0.0,7,d_eff,43.63105134574782,,4.686
fp10,sweep_all,Fixed Order Attn,ATTENTION,synthetic,N,100,current_mixture,0.1,10,1e-12,width,0.0,7,g_ibp,0.05520258016339755,,0.002
fp10,sweep_all,Fixed Order Attn,ATTENTION,synthetic,N,100,current_mixture,0.1,10,1e-12,width,0.0,7,a_tau,1.3862943611198906,,0.314
fp10,sweep_all,Fixed Order Attn,ATTENTION,synthetic,N,200,current_mixture,0.1,10,1e-12,width,0.0,0,margin_hat_min,0.6677330732345581,,9.293
fp10,sweep_all,Fixed Order Attn,ATTENTION,synthetic,N,200,current_mixture,0.1,10,1e-12,width,0.0,0,d_eff,43.561831473200016,,9.293
fp10,sweep_all,Fixed Order Attn,ATTENTION,synthetic,N,200,current_mixture,0.1,10,1e-12,width,0.0,0,g_ibp,0.05520266449996384,,0.001
fp10,sweep_all,Fixed Order Attn,ATTENTION,synthetic,N,200,current_mixture,0.1,10,1e-12,width,0.0,0,a_tau,2.1972245773362196,,0.585
fp10,sweep_all,Fixed Order Attn,ATTENTION,synthetic,N,200,current_mixture,0.1,10,1e-12,width,0.0,1,margin_hat_min,0.6677330732345581,,9.622
fp10,sweep_all,Fixed Order Attn,ATTENTION,synthetic,N,200,current_mixture,0.1,10,1e-12,width,0.0,1,d_eff,43.56074592951178,,9.622
fp10,sweep_all,Fixed Order Attn,ATTENTION,synthetic,N,200,current_mixture,0.1,10,1e-12,width,0.0,1,g_ibp,0.05520266449996384,,0.002
fp10,sweep_all,Fixed Order Attn,ATTENTION,synthetic,N,200,current_mixture,0.1,10,1e-12,width,0.0,1,a_tau,1.6094379124341003,,0.624
fp10,sweep_all,Fixed Order Attn,ATTENTION,synthetic,N,200,current_mixture,0.1,10,1e-12,width,0.0,2,margin_hat_min,0.6677330732345581,,9.387
fp10,sweep_all,Fixed Order Attn,ATTENTION,synthetic,N,200,current_mixture,0.1,10,1e-12,width,0.0,2,d_eff,43.41381971514923,,9.387
fp10,sweep_all,Fixed Order Attn,ATTENTION,synthetic,N,200,current_mixture,0.1,10,1e-12,width,0.0,2,g_ibp,0.05520266449996384,,0.002
fp10,sweep_all,Fixed Order Attn,ATTENTION,synthetic,N,200,current_mixture,0.1,10,1e-12,width,0.0,2,a_tau,1.0986122886681098,,0.595
fp10,sweep_all,Fixed Order Attn,ATTENTION,synthetic,N,200,current_mixture,0.1,10,1e-12,width,0.0,3,margin_hat_min,0.6677330732345581,,9.054
fp10,sweep_all,Fixed Order Attn,ATTENTION,synthetic,N,200,current_mixture,0.1,10,1e-12,width,0.0,3,d_eff,43.539627319028355,,9.054
fp10,sweep_all,Fixed Order Attn,ATTENTION,synthetic,N,200,current_mixture,0.1,10,1e-12,width,0.0,3,g_ibp,0.05520266449996384,,0.002
fp10,sweep_all,Fixed Order Attn,ATTENTION,synthetic,N,200,current_mixture,0.1,10,1e-12,width,0.0,3,a_tau,1.0986122886681098,,0.576
fp10,sweep_all,Fixed Order Attn,ATTENTION,synthetic,N,200,current_mixture,0.1,10,1e-12,width,0.0,4,margin_hat_min,0.6677330732345581,,9.09
fp10,sweep_all,Fixed Order Attn,ATTENTION,synthetic,N,200,current_mixture,0.1,10,1e-12,width,0.0,4,d_eff,43.54411500506274,,9.09
fp10,sweep_all,Fixed Order Attn,ATTENTION,synthetic,N,200,current_mixture,0.1,10,1e-12,width,0.0,4,g_ibp,0.05520266449996384,,0.002
fp10,sweep_all,Fixed Order Attn,ATTENTION,synthetic,N,200,current_mixture,0.1,10,1e-12,width,0.0,4,a_tau,1.6094379124341003,,0.66
fp10,sweep_all,Fixed Order Attn,ATTENTION,synthetic,N,200,current_mixture,0.1,10,1e-12,width,0.0,5,margin_hat_min,0.6677330732345581,,9.253
fp10,sweep_all,Fixed Order Attn,ATTENTION,synthetic,N,200,current_mixture,0.1,10,1e-12,width,0.0,5,d_eff,43.49784291727564,,9.253
fp10,sweep_all,Fixed Order Attn,ATTENTION,synthetic,N,200,current_mixture,0.1,10,1e-12,width,0.0,5,g_ibp,0.05520266449996384,,0.001
fp10,sweep_all,Fixed Order Attn,ATTENTION,synthetic,N,200,current_mixture,0.1,10,1e-12,width,0.0,5,a_tau,1.6094379124341003,,0.585
fp10,sweep_all,Fixed Order Attn,ATTENTION,synthetic,N,200,current_mixture,0.1,10,1e-12,width,0.0,6,margin_hat_min,0.6677330732345581,,9.437
fp10,sweep_all,Fixed Order Attn,ATTENTION,synthetic,N,200,current_mixture,0.1,10,1e-12,width,0.0,6,d_eff,43.52881817337164,,9.437
fp10,sweep_all,Fixed Order Attn,ATTENTION,synthetic,N,200,current_mixture,0.1,10,1e-12,width,0.0,6,g_ibp,0.05520266449996384,,0.002
fp10,sweep_all,Fixed Order Attn,ATTENTION,synthetic,N,200,current_mixture,0.1,10,1e-12,width,0.0,6,a_tau,1.0986122886681098,,0.631
fp10,sweep_all,Fixed Order Attn,ATTENTION,synthetic,N,200,current_mixture,0.1,10,1e-12,width,0.0,7,margin_hat_min,0.6677330732345581,,9.15
fp10,sweep_all,Fixed Order Attn,ATTENTION,synthetic,N,200,current_mixture,0.1,10,1e-12,width,0.0,7,d_eff,43.580377863931815,,9.15
fp10,sweep_all,Fixed Order Attn,ATTENTION,synthetic,N,200,current_mixture,0.1,10,1e-12,width,0.0,7,g_ibp,0.05520266449996384,,0.002
fp10,sweep_all,Fixed Order Attn,ATTENTION,synthetic,N,200,current_mixture,0.1,10,1e-12,width,0.0,7,a_tau,1.6094379124341003,,0.599
fp10,sweep_all,Fixed Order Attn,ATTENTION,synthetic,N,400,current_mixture,0.1,10,1e-12,width,0.0,0,margin_hat_min,0.6677330732345581,,14.956
fp10,sweep_all,Fixed Order Attn,ATTENTION,synthetic,N,400,current_mixture,0.1,10,1e-12,width,0.0,0,d_eff,43.53240308910033,,14.956
fp10,sweep_all,Fixed Order Attn,ATTENTION,synthetic,N,400,current_mixture,0.1,10,1e-12,width,0.0,0,g_ibp,0.05520266449996384,,0.001
fp10,sweep_all,Fixed Order Attn,ATTENTION,synthetic,N,400,current_mixture,0.1,10,1e-12,width,0.0,0,a_tau,2.302585092994046,,1.184
fp10,sweep_all,Fixed Order Attn,ATTENTION,synthetic,N,400,current_mixture,0.1,10,1e-12,width,0.0,1,margin_hat_min,0.6677330732345581,,15.588
fp10,sweep_all,Fixed Order Attn,ATTENTION,synthetic,N,400,current_mixture,0.1,10,1e-12,width,0.0,1,d_eff,43.527332222100014,,15.588
fp10,sweep_all,Fixed Order Attn,ATTENTION,synthetic,N,400,current_mixture,0.1,10,1e-12,width,0.0,1,g_ibp,0.05520266449996384,,0.002
fp10,sweep_all,Fixed Order Attn,ATTENTION,synthetic,N,400,current_mixture,0.1,10,1e-12,width,0.0,1,a_tau,1.791759469228055,,1.227
fp10,sweep_all,Fixed Order Attn,ATTENTION,synthetic,N,400,current_mixture,0.1,10,1e-12,width,0.0,2,margin_hat_min,0.6677329540252686,,14.781
fp10,sweep_all,Fixed Order Attn,ATTENTION,synthetic,N,400,current_mixture,0.1,10,1e-12,width,0.0,2,d_eff,43.45942824702671,,14.781
fp10,sweep_all,Fixed Order Attn,ATTENTION,synthetic,N,400,current_mixture,0.1,10,1e-12,width,0.0,2,g_ibp,0.0552024958268162,,0.002
fp10,sweep_all,Fixed Order Attn,ATTENTION,synthetic,N,400,current_mixture,0.1,10,1e-12,width,0.0,2,a_tau,1.0986122886681098,,1.16
fp10,sweep_all,Fixed Order Attn,ATTENTION,synthetic,N,400,current_mixture,0.1,10,1e-12,width,0.0,3,margin_hat_min,0.6677330732345581,,12.862
fp10,sweep_all,Fixed Order Attn,ATTENTION,synthetic,N,400,current_mixture,0.1,10,1e-12,width,0.0,3,d_eff,43.51925419485591,,12.862
fp10,sweep_all,Fixed Order Attn,ATTENTION,synthetic,N,400,current_mixture,0.1,10,1e-12,width,0.0,3,g_ibp,0.05520266449996384,,0.001
fp10,sweep_all,Fixed Order Attn,ATTENTION,synthetic,N,400,current_mixture,0.1,10,1e-12,width,0.0,3,a_tau,1.0986122886681098,,0.873
fp10,sweep_all,Fixed Order Attn,ATTENTION,synthetic,N,400,current_mixture,0.1,10,1e-12,width,0.0,4,margin_hat_min,0.6677330732345581,,10.566
fp10,sweep_all,Fixed Order Attn,ATTENTION,synthetic,N,400,current_mixture,0.1,10,1e-12,width,0.0,4,d_eff,43.46415073127835,,10.566
fp10,sweep_all,Fixed Order Attn,ATTENTION,synthetic,N,400,current_mixture,0.1,10,1e-12,width,0.0,4,g_ibp,0.05520266449996384,,0.001
fp10,sweep_all,Fixed Order Attn,ATTENTION,synthetic,N,400,current_mixture,0.1,10,1e-12,width,0.0,4,a_tau,1.6094379124341003,,0.853
fp10,sweep_all,Fixed Order Attn,ATTENTION,synthetic,N,400,current_mixture,0.1,10,1e-12,width,0.0,5,margin_hat_min,0.6677330732345581,,14.733
fp10,sweep_all,Fixed Order Attn,ATTENTION,synthetic,N,400,current_mixture,0.1,10,1e-12,width,0.0,5,d_eff,43.51773717434385,,14.733
fp10,sweep_all,Fixed Order Attn,ATTENTION,synthetic,N,400,current_mixture,0.1,10,1e-12,width,0.0,5,g_ibp,0.05520266449996384,,0.002
fp10,sweep_all,Fixed Order Attn,ATTENTION,synthetic,N,400,current_mixture,0.1,10,1e-12,width,0.0,5,a_tau,1.6094379124341003,,1.19
fp10,sweep_all,Fixed Order Attn,ATTENTION,synthetic,N,400,current_mixture,0.1,10,1e-12,width,0.0,6,margin_hat_min,0.6677330732345581,,14.896
fp10,sweep_all,Fixed Order Attn,ATTENTION,synthetic,N,400,current_mixture,0.1,10,1e-12,width,0.0,6,d_eff,43.43939549882758,,14.896
fp10,sweep_all,Fixed Order Attn,ATTENTION,synthetic,N,400,current_mixture,0.1,10,1e-12,width,0.0,6,g_ibp,0.05520266449996384,,0.002
fp10,sweep_all,Fixed Order Attn,ATTENTION,synthetic,N,400,current_mixture,0.1,10,1e-12,width,0.0,6,a_tau,1.0986122886681098,,1.211
fp10,sweep_all,Fixed Order Attn,ATTENTION,synthetic,N,400,current_mixture,0.1,10,1e-12,width,0.0,7,margin_hat_min,0.6677330732345581,,14.795
fp10,sweep_all,Fixed Order Attn,ATTENTION,synthetic,N,400,current_mixture,0.1,10,1e-12,width,0.0,7,d_eff,43.49162985389651,,14.795
fp10,sweep_all,Fixed Order Attn,ATTENTION,synthetic,N,400,current_mixture,0.1,10,1e-12,width,0.0,7,g_ibp,0.05520266449996384,,0.002
fp10,sweep_all,Fixed Order Attn,ATTENTION,synthetic,N,400,current_mixture,0.1,10,1e-12,width,0.0,7,a_tau,1.791759469228055,,1.171
fp10,sweep_all,Fixed Order Attn,ATTENTION,synthetic,N,800,current_mixture,0.1,10,1e-12,width,0.0,0,margin_hat_min,0.6677329540252686,,21.325
fp10,sweep_all,Fixed Order Attn,ATTENTION,synthetic,N,800,current_mixture,0.1,10,1e-12,width,0.0,0,d_eff,43.537702857291244,,21.325
fp10,sweep_all,Fixed Order Attn,ATTENTION,synthetic,N,800,current_mixture,0.1,10,1e-12,width,0.0,0,g_ibp,0.0552024958268162,,0.002
fp10,sweep_all,Fixed Order Attn,ATTENTION,synthetic,N,800,current_mixture,0.1,10,1e-12,width,0.0,0,a_tau,2.8903717578961645,,2.349
fp10,sweep_all,Fixed Order Attn,ATTENTION,synthetic,N,800,current_mixture,0.1,10,1e-12,width,0.0,1,margin_hat_min,0.6677330136299133,,21.595
fp10,sweep_all,Fixed Order Attn,ATTENTION,synthetic,N,800,current_mixture,0.1,10,1e-12,width,0.0,1,d_eff,43.45706203926552,,21.595
fp10,sweep_all,Fixed Order Attn,ATTENTION,synthetic,N,800,current_mixture,0.1,10,1e-12,width,0.0,1,g_ibp,0.05520258016339755,,0.002
fp10,sweep_all,Fixed Order Attn,ATTENTION,synthetic,N,800,current_mixture,0.1,10,1e-12,width,0.0,1,a_tau,1.9459101490553132,,2.419
fp10,sweep_all,Fixed Order Attn,ATTENTION,synthetic,N,800,current_mixture,0.1,10,1e-12,width,0.0,2,margin_hat_min,0.6677330136299133,,21.42
fp10,sweep_all,Fixed Order Attn,ATTENTION,synthetic,N,800,current_mixture,0.1,10,1e-12,width,0.0,2,d_eff,43.476560662210076,,21.42
fp10,sweep_all,Fixed Order Attn,ATTENTION,synthetic,N,800,current_mixture,0.1,10,1e-12,width,0.0,2,g_ibp,0.05520258016339755,,0.002
fp10,sweep_all,Fixed Order Attn,ATTENTION,synthetic,N,800,current_mixture,0.1,10,1e-12,width,0.0,2,a_tau,1.0986122886681098,,2.461
fp10,sweep_all,Fixed Order Attn,ATTENTION,synthetic,N,800,current_mixture,0.1,10,1e-12,width,0.0,3,margin_hat_min,0.6677330732345581,,21.26
fp10,sweep_all,Fixed Order Attn,ATTENTION,synthetic,N,800,current_mixture,0.1,10,1e-12,width,0.0,3,d_eff,43.538584252373596,,21.26
fp10,sweep_all,Fixed Order Attn,ATTENTION,synthetic,N,800,current_mixture,0.1,10,1e-12,width,0.0,3,g_ibp,0.05520266449996384,,0.002
fp10,sweep_all,Fixed Order Attn,ATTENTION,synthetic,N,800,current_mixture,0.1,10,1e-12,width,0.0,3,a_tau,1.0986122886681098,,2.573
fp10,sweep_all,Fixed Order Attn,ATTENTION,synthetic,N,800,current_mixture,0.1,10,1e-12,width,0.0,4,margin_hat_min,0.6677330732345581,,21.818
fp10,sweep_all,Fixed Order Attn,ATTENTION,synthetic,N,800,current_mixture,0.1,10,1e-12,width,0.0,4,d_eff,43.48475992523477,,21.818
fp10,sweep_all,Fixed Order Attn,ATTENTION,synthetic,N,800,current_mixture,0.1,10,1e-12,width,0.0,4,g_ibp,0.05520266449996384,,0.001
fp10,sweep_all,Fixed Order Attn,ATTENTION,synthetic,N,800,current_mixture,0.1,10,1e-12,width,0.0,4,a_tau,1.6094379124341003,,2.536
fp10,sweep_all,Fixed Order Attn,ATTENTION,synthetic,N,800,current_mixture,0.1,10,1e-12,width,0.0,5,margin_hat_min,0.6677330732345581,,20.678
fp10,sweep_all,Fixed Order Attn,ATTENTION,synthetic,N,800,current_mixture,0.1,10,1e-12,width,0.0,5,d_eff,43.532927379157535,,20.678
fp10,sweep_all,Fixed Order Attn,ATTENTION,synthetic,N,800,current_mixture,0.1,10,1e-12,width,0.0,5,g_ibp,0.05520266449996384,,0.003
fp10,sweep_all,Fixed Order Attn,ATTENTION,synthetic,N,800,current_mixture,0.1,10,1e-12,width,0.0,5,a_tau,1.791759469228055,,2.147
fp10,sweep_all,Fixed Order Attn,ATTENTION,synthetic,N,800,current_mixture,0.1,10,1e-12,width,0.0,6,margin_hat_min,0.6677329540252686,,22.011
fp10,sweep_all,Fixed Order Attn,ATTENTION,synthetic,N,800,current_mixture,0.1,10,1e-12,width,0.0,6,d_eff,43.51937351839542,,22.011
fp10,sweep_all,Fixed Order Attn,ATTENTION,synthetic,N,800,current_mixture,0.1,10,1e-12,width,0.0,6,g_ibp,0.0552024958268162,,0.002
fp10,sweep_all,Fixed Order Attn,ATTENTION,synthetic,N,800,current_mixture,0.1,10,1e-12,width,0.0,6,a_tau,1.0986122886681098,,2.573
fp10,sweep_all,Fixed Order Attn,ATTENTION,synthetic,N,800,current_mixture,0.1,10,1e-12,width,0.0,7,margin_hat_min,0.6677330732345581,,22.28
fp10,sweep_all,Fixed Order Attn,ATTENTION,synthetic,N,800,current_mixture,0.1,10,1e-12,width,0.0,7,d_eff,43.50768169917074,,22.28
fp10,sweep_all,Fixed Order Attn,ATTENTION,synthetic,N,800,current_mixture,0.1,10,1e-12,width,0.0,7,g_ibp,0.05520266449996384,,0.002
fp10,sweep_all,Fixed Order Attn,ATTENTION,synthetic,N,800,current_mixture,0.1,10,1e-12,width,0.0,7,a_tau,1.9459101490553132,,2.552
fp10,sweep_all,Fixed Order Attn,ATTENTION,synthetic,N,1600,current_mixture,0.1,10,1e-12,width,0.0,0,margin_hat_min,0.6677330136299133,,26.598
fp10,sweep_all,Fixed Order Attn,ATTENTION,synthetic,N,1600,current_mixture,0.1,10,1e-12,width,0.0,0,d_eff,43.514527862200076,,26.598
fp10,sweep_all,Fixed Order Attn,ATTENTION,synthetic,N,1600,current_mixture,0.1,10,1e-12,width,0.0,0,g_ibp,0.05520258016339755,,0.002
fp10,sweep_all,Fixed Order Attn,ATTENTION,synthetic,N,1600,current_mixture,0.1,10,1e-12,width,0.0,0,a_tau,3.1354942159291497,,4.003
fp10,sweep_all,Fixed Order Attn,ATTENTION,synthetic,N,1600,current_mixture,0.1,10,1e-12,width,0.0,1,margin_hat_min,0.6677329540252686,,35.345
fp10,sweep_all,Fixed Order Attn,ATTENTION,synthetic,N,1600,current_mixture,0.1,10,1e-12,width,0.0,1,d_eff,43.498768248965455,,35.345
fp10,sweep_all,Fixed Order Attn,ATTENTION,synthetic,N,1600,current_mixture,0.1,10,1e-12,width,0.0,1,g_ibp,0.0552024958268162,,0.002
fp10,sweep_all,Fixed Order Attn,ATTENTION,synthetic,N,1600,current_mixture,0.1,10,1e-12,width,0.0,1,a_tau,1.9459101490553132,,4.45
fp10,sweep_all,Fixed Order Attn,ATTENTION,synthetic,N,1600,current_mixture,0.1,10,1e-12,width,0.0,2,margin_hat_min,0.6677330732345581,,35.209
fp10,sweep_all,Fixed Order Attn,ATTENTION,synthetic,N,1600,current_mixture,0.1,10,1e-12,width,0.0,2,d_eff,43.5195003395174,,35.209
fp10,sweep_all,Fixed Order Attn,ATTENTION,synthetic,N,1600,current_mixture,0.1,10,1e-12,width,0.0,2,g_ibp,0.05520266449996384,,0.002
fp10,sweep_all,Fixed Order Attn,ATTENTION,synthetic,N,1600,current_mixture,0.1,10,1e-12,width,0.0,2,a_tau,1.0986122886681098,,4.695
fp10,sweep_all,Fixed Order Attn,ATTENTION,synthetic,N,1600,current_mixture,0.1,10,1e-12,width,0.0,3,margin_hat_min,0.6677329540252686,,32.587
fp10,sweep_all,Fixed Order Attn,ATTENTION,synthetic,N,1600,current_mixture,0.1,10,1e-12,width,0.0,3,d_eff,43.48112749269498,,32.587
fp10,sweep_all,Fixed Order Attn,ATTENTION,synthetic,N,1600,current_mixture,0.1,10,1e-12,width,0.0,3,g_ibp,0.0552024958268162,,0.002
fp10,sweep_all,Fixed Order Attn,ATTENTION,synthetic,N,1600,current_mixture,0.1,10,1e-12,width,0.0,3,a_tau,1.3862943611198906,,4.643
fp10,sweep_all,Fixed Order Attn,ATTENTION,synthetic,N,1600,current_mixture,0.1,10,1e-12,width,0.0,4,margin_hat_min,0.6677330136299133,,35.982
fp10,sweep_all,Fixed Order Attn,ATTENTION,synthetic,N,1600,current_mixture,0.1,10,1e-12,width,0.0,4,d_eff,43.49200726352316,,35.982
fp10,sweep_all,Fixed Order Attn,ATTENTION,synthetic,N,1600,current_mixture,0.1,10,1e-12,width,0.0,4,g_ibp,0.05520258016339755,,0.002
fp10,sweep_all,Fixed Order Attn,ATTENTION,synthetic,N,1600,current_mixture,0.1,10,1e-12,width,0.0,4,a_tau,1.791759469228055,,4.993
fp10,sweep_all,Fixed Order Attn,ATTENTION,synthetic,N,1600,current_mixture,0.1,10,1e-12,width,0.0,5,margin_hat_min,0.6677329540252686,,34.472
fp10,sweep_all,Fixed Order Attn,ATTENTION,synthetic,N,1600,current_mixture,0.1,10,1e-12,width,0.0,5,d_eff,43.464401140158294,,34.472
fp10,sweep_all,Fixed Order Attn,ATTENTION,synthetic,N,1600,current_mixture,0.1,10,1e-12,width,0.0,5,g_ibp,0.0552024958268162,,0.002
fp10,sweep_all,Fixed Order Attn,ATTENTION,synthetic,N,1600,current_mixture,0.1,10,1e-12,width,0.0,5,a_tau,1.791759469228055,,4.398
fp10,sweep_all,Fixed Order Attn,ATTENTION,synthetic,N,1600,current_mixture,0.1,10,1e-12,width,0.0,6,margin_hat_min,0.6677330136299133,,34.67
fp10,sweep_all,Fixed Order Attn,ATTENTION,synthetic,N,1600,current_mixture,0.1,10,1e-12,width,0.0,6,d_eff,43.51129214588873,,34.67
fp10,sweep_all,Fixed Order Attn,ATTENTION,synthetic,N,1600,current_mixture,0.1,10,1e-12,width,0.0,6,g_ibp,0.05520258016339755,,0.001
fp10,sweep_all,Fixed Order Attn,ATTENTION,synthetic,N,1600,current_mixture,0.1,10,1e-12,width,0.0,6,a_tau,1.3862943611198906,,4.902
fp10,sweep_all,Fixed Order Attn,ATTENTION,synthetic,N,1600,current_mixture,0.1,10,1e-12,width,0.0,7,margin_hat_min,0.6677329540252686,,34.488
fp10,sweep_all,Fixed Order Attn,ATTENTION,synthetic,N,1600,current_mixture,0.1,10,1e-12,width,0.0,7,d_eff,43.47698918317039,,34.488
fp10,sweep_all,Fixed Order Attn,ATTENTION,synthetic,N,1600,current_mixture,0.1,10,1e-12,width,0.0,7,g_ibp,0.0552024958268162,,0.002
fp10,sweep_all,Fixed Order Attn,ATTENTION,synthetic,N,1600,current_mixture,0.1,10,1e-12,width,0.0,7,a_tau,1.9459101490553132,,5.158
rc7,sweep_all,Input-Corner Stress,MLP,synthetic,N,50,current_mixture,0.1,10,1e-12,width,0.0,0,margin_hat_min,4.0,,0.939
rc7,sweep_all,Input-Corner Stress,MLP,synthetic,N,50,current_mixture,0.1,10,1e-12,width,0.0,0,d_eff,0.0,,0.939
rc7,sweep_all,Input-Corner Stress,MLP,synthetic,N,50,current_mixture,0.1,10,1e-12,width,0.0,0,g_ibp,0.25267440080636383,,0.001
rc7,sweep_all,Input-Corner Stress,MLP,synthetic,N,50,current_mixture,0.1,10,1e-12,width,0.0,0,a_tau,0.0,,0.16
rc7,sweep_all,Input-Corner Stress,MLP,synthetic,N,50,current_mixture,0.1,10,1e-12,width,0.0,1,margin_hat_min,4.0,,1.247
rc7,sweep_all,Input-Corner Stress,MLP,synthetic,N,50,current_mixture,0.1,10,1e-12,width,0.0,1,d_eff,0.0,,1.247
rc7,sweep_all,Input-Corner Stress,MLP,synthetic,N,50,current_mixture,0.1,10,1e-12,width,0.0,1,g_ibp,0.25267440080636383,,0.001
rc7,sweep_all,Input-Corner Stress,MLP,synthetic,N,50,current_mixture,0.1,10,1e-12,width,0.0,1,a_tau,0.0,,0.181
rc7,sweep_all,Input-Corner Stress,MLP,synthetic,N,50,current_mixture,0.1,10,1e-12,width,0.0,2,margin_hat_min,4.0,,0.978
rc7,sweep_all,Input-Corner Stress,MLP,synthetic,N,50,current_mixture,0.1,10,1e-12,width,0.0,2,d_eff,0.0,,0.978
rc7,sweep_all,Input-Corner Stress,MLP,synthetic,N,50,current_mixture,0.1,10,1e-12,width,0.0,2,g_ibp,0.25267440080636383,,0.001
rc7,sweep_all,Input-Corner Stress,MLP,synthetic,N,50,current_mixture,0.1,10,1e-12,width,0.0,2,a_tau,0.0,,0.118
rc7,sweep_all,Input-Corner Stress,MLP,synthetic,N,50,current_mixture,0.1,10,1e-12,width,0.0,3,margin_hat_min,4.0,,1.271
rc7,sweep_all,Input-Corner Stress,MLP,synthetic,N,50,current_mixture,0.1,10,1e-12,width,0.0,3,d_eff,0.0,,1.271
rc7,sweep_all,Input-Corner Stress,MLP,synthetic,N,50,current_mixture,0.1,10,1e-12,width,0.0,3,g_ibp,0.25267440080636383,,0.001
rc7,sweep_all,Input-Corner Stress,MLP,synthetic,N,50,current_mixture,0.1,10,1e-12,width,0.0,3,a_tau,0.0,,0.181
rc7,sweep_all,Input-Corner Stress,MLP,synthetic,N,50,current_mixture,0.1,10,1e-12,width,0.0,4,margin_hat_min,4.0,,1.06
rc7,sweep_all,Input-Corner Stress,MLP,synthetic,N,50,current_mixture,0.1,10,1e-12,width,0.0,4,d_eff,0.0,,1.06
rc7,sweep_all,Input-Corner Stress,MLP,synthetic,N,50,current_mixture,0.1,10,1e-12,width,0.0,4,g_ibp,0.25267440080636383,,0.001
rc7,sweep_all,Input-Corner Stress,MLP,synthetic,N,50,current_mixture,0.1,10,1e-12,width,0.0,4,a_tau,0.0,,0.12
rc7,sweep_all,Input-Corner Stress,MLP,synthetic,N,50,current_mixture,0.1,10,1e-12,width,0.0,5,margin_hat_min,4.0,,1.284
rc7,sweep_all,Input-Corner Stress,MLP,synthetic,N,50,current_mixture,0.1,10,1e-12,width,0.0,5,d_eff,0.0,,1.284
rc7,sweep_all,Input-Corner Stress,MLP,synthetic,N,50,current_mixture,0.1,10,1e-12,width,0.0,5,g_ibp,0.25267440080636383,,0.001
rc7,sweep_all,Input-Corner Stress,MLP,synthetic,N,50,current_mixture,0.1,10,1e-12,width,0.0,5,a_tau,0.0,,0.162
rc7,sweep_all,Input-Corner Stress,MLP,synthetic,N,50,current_mixture,0.1,10,1e-12,width,0.0,6,margin_hat_min,4.0,,0.997
rc7,sweep_all,Input-Corner Stress,MLP,synthetic,N,50,current_mixture,0.1,10,1e-12,width,0.0,6,d_eff,0.0,,0.997
rc7,sweep_all,Input-Corner Stress,MLP,synthetic,N,50,current_mixture,0.1,10,1e-12,width,0.0,6,g_ibp,0.25267440080636383,,0.001
rc7,sweep_all,Input-Corner Stress,MLP,synthetic,N,50,current_mixture,0.1,10,1e-12,width,0.0,6,a_tau,0.0,,0.132
rc7,sweep_all,Input-Corner Stress,MLP,synthetic,N,50,current_mixture,0.1,10,1e-12,width,0.0,7,margin_hat_min,4.0,,1.316
rc7,sweep_all,Input-Corner Stress,MLP,synthetic,N,50,current_mixture,0.1,10,1e-12,width,0.0,7,d_eff,0.0,,1.316
rc7,sweep_all,Input-Corner Stress,MLP,synthetic,N,50,current_mixture,0.1,10,1e-12,width,0.0,7,g_ibp,0.25267440080636383,,0.001
rc7,sweep_all,Input-Corner Stress,MLP,synthetic,N,50,current_mixture,0.1,10,1e-12,width,0.0,7,a_tau,0.0,,0.161
rc7,sweep_all,Input-Corner Stress,MLP,synthetic,N,100,current_mixture,0.1,10,1e-12,width,0.0,0,margin_hat_min,4.0,,1.883
rc7,sweep_all,Input-Corner Stress,MLP,synthetic,N,100,current_mixture,0.1,10,1e-12,width,0.0,0,d_eff,0.0,,1.883
rc7,sweep_all,Input-Corner Stress,MLP,synthetic,N,100,current_mixture,0.1,10,1e-12,width,0.0,0,g_ibp,0.25267440080636383,,0.001
rc7,sweep_all,Input-Corner Stress,MLP,synthetic,N,100,current_mixture,0.1,10,1e-12,width,0.0,0,a_tau,0.0,,0.229
rc7,sweep_all,Input-Corner Stress,MLP,synthetic,N,100,current_mixture,0.1,10,1e-12,width,0.0,1,margin_hat_min,4.0,,2.36
rc7,sweep_all,Input-Corner Stress,MLP,synthetic,N,100,current_mixture,0.1,10,1e-12,width,0.0,1,d_eff,0.0,,2.36
rc7,sweep_all,Input-Corner Stress,MLP,synthetic,N,100,current_mixture,0.1,10,1e-12,width,0.0,1,g_ibp,0.25267440080636383,,0.001
rc7,sweep_all,Input-Corner Stress,MLP,synthetic,N,100,current_mixture,0.1,10,1e-12,width,0.0,1,a_tau,0.0,,0.316
rc7,sweep_all,Input-Corner Stress,MLP,synthetic,N,100,current_mixture,0.1,10,1e-12,width,0.0,2,margin_hat_min,4.0,,1.753
rc7,sweep_all,Input-Corner Stress,MLP,synthetic,N,100,current_mixture,0.1,10,1e-12,width,0.0,2,d_eff,0.0,,1.753
rc7,sweep_all,Input-Corner Stress,MLP,synthetic,N,100,current_mixture,0.1,10,1e-12,width,0.0,2,g_ibp,0.25267440080636383,,0.001
rc7,sweep_all,Input-Corner Stress,MLP,synthetic,N,100,current_mixture,0.1,10,1e-12,width,0.0,2,a_tau,0.0,,0.287
rc7,sweep_all,Input-Corner Stress,MLP,synthetic,N,100,current_mixture,0.1,10,1e-12,width,0.0,3,margin_hat_min,4.0,,2.323
rc7,sweep_all,Input-Corner Stress,MLP,synthetic,N,100,current_mixture,0.1,10,1e-12,width,0.0,3,d_eff,0.0,,2.323
rc7,sweep_all,Input-Corner Stress,MLP,synthetic,N,100,current_mixture,0.1,10,1e-12,width,0.0,3,g_ibp,0.25267440080636383,,0.001
rc7,sweep_all,Input-Corner Stress,MLP,synthetic,N,100,current_mixture,0.1,10,1e-12,width,0.0,3,a_tau,0.0,,0.328
rc7,sweep_all,Input-Corner Stress,MLP,synthetic,N,100,current_mixture,0.1,10,1e-12,width,0.0,4,margin_hat_min,4.0,,2.409
rc7,sweep_all,Input-Corner Stress,MLP,synthetic,N,100,current_mixture,0.1,10,1e-12,width,0.0,4,d_eff,0.0,,2.409
rc7,sweep_all,Input-Corner Stress,MLP,synthetic,N,100,current_mixture,0.1,10,1e-12,width,0.0,4,g_ibp,0.25267440080636383,,0.001
rc7,sweep_all,Input-Corner Stress,MLP,synthetic,N,100,current_mixture,0.1,10,1e-12,width,0.0,4,a_tau,0.0,,0.317
rc7,sweep_all,Input-Corner Stress,MLP,synthetic,N,100,current_mixture,0.1,10,1e-12,width,0.0,5,margin_hat_min,4.0,,2.47
rc7,sweep_all,Input-Corner Stress,MLP,synthetic,N,100,current_mixture,0.1,10,1e-12,width,0.0,5,d_eff,0.0,,2.47
rc7,sweep_all,Input-Corner Stress,MLP,synthetic,N,100,current_mixture,0.1,10,1e-12,width,0.0,5,g_ibp,0.25267440080636383,,0.001
rc7,sweep_all,Input-Corner Stress,MLP,synthetic,N,100,current_mixture,0.1,10,1e-12,width,0.0,5,a_tau,0.0,,0.322
rc7,sweep_all,Input-Corner Stress,MLP,synthetic,N,100,current_mixture,0.1,10,1e-12,width,0.0,6,margin_hat_min,4.0,,2.328
rc7,sweep_all,Input-Corner Stress,MLP,synthetic,N,100,current_mixture,0.1,10,1e-12,width,0.0,6,d_eff,0.0,,2.328
rc7,sweep_all,Input-Corner Stress,MLP,synthetic,N,100,current_mixture,0.1,10,1e-12,width,0.0,6,g_ibp,0.25267440080636383,,0.001
rc7,sweep_all,Input-Corner Stress,MLP,synthetic,N,100,current_mixture,0.1,10,1e-12,width,0.0,6,a_tau,0.0,,0.313
rc7,sweep_all,Input-Corner Stress,MLP,synthetic,N,100,current_mixture,0.1,10,1e-12,width,0.0,7,margin_hat_min,4.0,,2.406
rc7,sweep_all,Input-Corner Stress,MLP,synthetic,N,100,current_mixture,0.1,10,1e-12,width,0.0,7,d_eff,0.0,,2.406
rc7,sweep_all,Input-Corner Stress,MLP,synthetic,N,100,current_mixture,0.1,10,1e-12,width,0.0,7,g_ibp,0.25267440080636383,,0.001
rc7,sweep_all,Input-Corner Stress,MLP,synthetic,N,100,current_mixture,0.1,10,1e-12,width,0.0,7,a_tau,0.0,,0.325
rc7,sweep_all,Input-Corner Stress,MLP,synthetic,N,200,current_mixture,0.1,10,1e-12,width,0.0,0,margin_hat_min,4.0,,4.874
rc7,sweep_all,Input-Corner Stress,MLP,synthetic,N,200,current_mixture,0.1,10,1e-12,width,0.0,0,d_eff,0.0,,4.874
rc7,sweep_all,Input-Corner Stress,MLP,synthetic,N,200,current_mixture,0.1,10,1e-12,width,0.0,0,g_ibp,0.25267440080636383,,0.001
rc7,sweep_all,Input-Corner Stress,MLP,synthetic,N,200,current_mixture,0.1,10,1e-12,width,0.0,0,a_tau,0.0,,0.469
rc7,sweep_all,Input-Corner Stress,MLP,synthetic,N,200,current_mixture,0.1,10,1e-12,width,0.0,1,margin_hat_min,4.0,,4.658
rc7,sweep_all,Input-Corner Stress,MLP,synthetic,N,200,current_mixture,0.1,10,1e-12,width,0.0,1,d_eff,0.0,,4.658
rc7,sweep_all,Input-Corner Stress,MLP,synthetic,N,200,current_mixture,0.1,10,1e-12,width,0.0,1,g_ibp,0.25267440080636383,,0.001
rc7,sweep_all,Input-Corner Stress,MLP,synthetic,N,200,current_mixture,0.1,10,1e-12,width,0.0,1,a_tau,0.0,,0.449
rc7,sweep_all,Input-Corner Stress,MLP,synthetic,N,200,current_mixture,0.1,10,1e-12,width,0.0,2,margin_hat_min,4.0,,6.228
rc7,sweep_all,Input-Corner Stress,MLP,synthetic,N,200,current_mixture,0.1,10,1e-12,width,0.0,2,d_eff,0.0,,6.228
rc7,sweep_all,Input-Corner Stress,MLP,synthetic,N,200,current_mixture,0.1,10,1e-12,width,0.0,2,g_ibp,0.25267440080636383,,0.001
rc7,sweep_all,Input-Corner Stress,MLP,synthetic,N,200,current_mixture,0.1,10,1e-12,width,0.0,2,a_tau,0.0,,0.602
rc7,sweep_all,Input-Corner Stress,MLP,synthetic,N,200,current_mixture,0.1,10,1e-12,width,0.0,3,margin_hat_min,4.0,,6.216
rc7,sweep_all,Input-Corner Stress,MLP,synthetic,N,200,current_mixture,0.1,10,1e-12,width,0.0,3,d_eff,0.0,,6.216
rc7,sweep_all,Input-Corner Stress,MLP,synthetic,N,200,current_mixture,0.1,10,1e-12,width,0.0,3,g_ibp,0.25267440080636383,,0.001
rc7,sweep_all,Input-Corner Stress,MLP,synthetic,N,200,current_mixture,0.1,10,1e-12,width,0.0,3,a_tau,0.0,,0.635
rc7,sweep_all,Input-Corner Stress,MLP,synthetic,N,200,current_mixture,0.1,10,1e-12,width,0.0,4,margin_hat_min,4.0,,6.404
rc7,sweep_all,Input-Corner Stress,MLP,synthetic,N,200,current_mixture,0.1,10,1e-12,width,0.0,4,d_eff,0.0,,6.404
rc7,sweep_all,Input-Corner Stress,MLP,synthetic,N,200,current_mixture,0.1,10,1e-12,width,0.0,4,g_ibp,0.25267440080636383,,0.001
rc7,sweep_all,Input-Corner Stress,MLP,synthetic,N,200,current_mixture,0.1,10,1e-12,width,0.0,4,a_tau,0.0,,0.674
rc7,sweep_all,Input-Corner Stress,MLP,synthetic,N,200,current_mixture,0.1,10,1e-12,width,0.0,5,margin_hat_min,4.0,,6.554
rc7,sweep_all,Input-Corner Stress,MLP,synthetic,N,200,current_mixture,0.1,10,1e-12,width,0.0,5,d_eff,0.0,,6.554
rc7,sweep_all,Input-Corner Stress,MLP,synthetic,N,200,current_mixture,0.1,10,1e-12,width,0.0,5,g_ibp,0.25267440080636383,,0.002
rc7,sweep_all,Input-Corner Stress,MLP,synthetic,N,200,current_mixture,0.1,10,1e-12,width,0.0,5,a_tau,0.0,,0.628
rc7,sweep_all,Input-Corner Stress,MLP,synthetic,N,200,current_mixture,0.1,10,1e-12,width,0.0,6,margin_hat_min,4.0,,6.128
rc7,sweep_all,Input-Corner Stress,MLP,synthetic,N,200,current_mixture,0.1,10,1e-12,width,0.0,6,d_eff,0.0,,6.128
rc7,sweep_all,Input-Corner Stress,MLP,synthetic,N,200,current_mixture,0.1,10,1e-12,width,0.0,6,g_ibp,0.25267440080636383,,0.001
rc7,sweep_all,Input-Corner Stress,MLP,synthetic,N,200,current_mixture,0.1,10,1e-12,width,0.0,6,a_tau,0.0,,0.628
rc7,sweep_all,Input-Corner Stress,MLP,synthetic,N,200,current_mixture,0.1,10,1e-12,width,0.0,7,margin_hat_min,4.0,,6.297
rc7,sweep_all,Input-Corner Stress,MLP,synthetic,N,200,current_mixture,0.1,10,1e-12,width,0.0,7,d_eff,0.0,,6.297
rc7,sweep_all,Input-Corner Stress,MLP,synthetic,N,200,current_mixture,0.1,10,1e-12,width,0.0,7,g_ibp,0.25267440080636383,,0.001
rc7,sweep_all,Input-Corner Stress,MLP,synthetic,N,200,current_mixture,0.1,10,1e-12,width,0.0,7,a_tau,0.0,,0.675
rc7,sweep_all,Input-Corner Stress,MLP,synthetic,N,400,current_mixture,0.1,10,1e-12,width,0.0,0,margin_hat_min,4.0,,12.415
rc7,sweep_all,Input-Corner Stress,MLP,synthetic,N,400,current_mixture,0.1,10,1e-12,width,0.0,0,d_eff,0.0,,12.415
rc7,sweep_all,Input-Corner Stress,MLP,synthetic,N,400,current_mixture,0.1,10,1e-12,width,0.0,0,g_ibp,0.25267440080636383,,0.001
rc7,sweep_all,Input-Corner Stress,MLP,synthetic,N,400,current_mixture,0.1,10,1e-12,width,0.0,0,a_tau,0.0,,1.298
rc7,sweep_all,Input-Corner Stress,MLP,synthetic,N,400,current_mixture,0.1,10,1e-12,width,0.0,1,margin_hat_min,4.0,,12.562
rc7,sweep_all,Input-Corner Stress,MLP,synthetic,N,400,current_mixture,0.1,10,1e-12,width,0.0,1,d_eff,0.0,,12.562
rc7,sweep_all,Input-Corner Stress,MLP,synthetic,N,400,current_mixture,0.1,10,1e-12,width,0.0,1,g_ibp,0.25267440080636383,,0.001
rc7,sweep_all,Input-Corner Stress,MLP,synthetic,N,400,current_mixture,0.1,10,1e-12,width,0.0,1,a_tau,0.0,,1.318
rc7,sweep_all,Input-Corner Stress,MLP,synthetic,N,400,current_mixture,0.1,10,1e-12,width,0.0,2,margin_hat_min,4.0,,9.545
rc7,sweep_all,Input-Corner Stress,MLP,synthetic,N,400,current_mixture,0.1,10,1e-12,width,0.0,2,d_eff,0.0,,9.545
rc7,sweep_all,Input-Corner Stress,MLP,synthetic,N,400,current_mixture,0.1,10,1e-12,width,0.0,2,g_ibp,0.25267440080636383,,0.001
rc7,sweep_all,Input-Corner Stress,MLP,synthetic,N,400,current_mixture,0.1,10,1e-12,width,0.0,2,a_tau,0.0,,0.993
rc7,sweep_all,Input-Corner Stress,MLP,synthetic,N,400,current_mixture,0.1,10,1e-12,width,0.0,3,margin_hat_min,4.0,,9.238
rc7,sweep_all,Input-Corner Stress,MLP,synthetic,N,400,current_mixture,0.1,10,1e-12,width,0.0,3,d_eff,0.0,,9.238
rc7,sweep_all,Input-Corner Stress,MLP,synthetic,N,400,current_mixture,0.1,10,1e-12,width,0.0,3,g_ibp,0.25267440080636383,,0.001
rc7,sweep_all,Input-Corner Stress,MLP,synthetic,N,400,current_mixture,0.1,10,1e-12,width,0.0,3,a_tau,0.0,,0.902
rc7,sweep_all,Input-Corner Stress,MLP,synthetic,N,400,current_mixture,0.1,10,1e-12,width,0.0,4,margin_hat_min,4.0,,12.015
rc7,sweep_all,Input-Corner Stress,MLP,synthetic,N,400,current_mixture,0.1,10,1e-12,width,0.0,4,d_eff,0.0,,12.015
rc7,sweep_all,Input-Corner Stress,MLP,synthetic,N,400,current_mixture,0.1,10,1e-12,width,0.0,4,g_ibp,0.25267440080636383,,0.001
rc7,sweep_all,Input-Corner Stress,MLP,synthetic,N,400,current_mixture,0.1,10,1e-12,width,0.0,4,a_tau,0.0,,1.197
rc7,sweep_all,Input-Corner Stress,MLP,synthetic,N,400,current_mixture,0.1,10,1e-12,width,0.0,5,margin_hat_min,4.0,,12.101
rc7,sweep_all,Input-Corner Stress,MLP,synthetic,N,400,current_mixture,0.1,10,1e-12,width,0.0,5,d_eff,0.0,,12.101
rc7,sweep_all,Input-Corner Stress,MLP,synthetic,N,400,current_mixture,0.1,10,1e-12,width,0.0,5,g_ibp,0.25267440080636383,,0.001
rc7,sweep_all,Input-Corner Stress,MLP,synthetic,N,400,current_mixture,0.1,10,1e-12,width,0.0,5,a_tau,0.0,,1.241
rc7,sweep_all,Input-Corner Stress,MLP,synthetic,N,400,current_mixture,0.1,10,1e-12,width,0.0,6,margin_hat_min,4.0,,12.4
rc7,sweep_all,Input-Corner Stress,MLP,synthetic,N,400,current_mixture,0.1,10,1e-12,width,0.0,6,d_eff,0.0,,12.4
rc7,sweep_all,Input-Corner Stress,MLP,synthetic,N,400,current_mixture,0.1,10,1e-12,width,0.0,6,g_ibp,0.25267440080636383,,0.001
rc7,sweep_all,Input-Corner Stress,MLP,synthetic,N,400,current_mixture,0.1,10,1e-12,width,0.0,6,a_tau,0.0,,1.264
rc7,sweep_all,Input-Corner Stress,MLP,synthetic,N,400,current_mixture,0.1,10,1e-12,width,0.0,7,margin_hat_min,4.0,,11.93
rc7,sweep_all,Input-Corner Stress,MLP,synthetic,N,400,current_mixture,0.1,10,1e-12,width,0.0,7,d_eff,0.0,,11.93
rc7,sweep_all,Input-Corner Stress,MLP,synthetic,N,400,current_mixture,0.1,10,1e-12,width,0.0,7,g_ibp,0.25267440080636383,,0.001
rc7,sweep_all,Input-Corner Stress,MLP,synthetic,N,400,current_mixture,0.1,10,1e-12,width,0.0,7,a_tau,0.0,,1.228
rc7,sweep_all,Input-Corner Stress,MLP,synthetic,N,800,current_mixture,0.1,10,1e-12,width,0.0,0,margin_hat_min,4.0,,18.287
rc7,sweep_all,Input-Corner Stress,MLP,synthetic,N,800,current_mixture,0.1,10,1e-12,width,0.0,0,d_eff,0.0,,18.287
rc7,sweep_all,Input-Corner Stress,MLP,synthetic,N,800,current_mixture,0.1,10,1e-12,width,0.0,0,g_ibp,0.25267440080636383,,0.002
rc7,sweep_all,Input-Corner Stress,MLP,synthetic,N,800,current_mixture,0.1,10,1e-12,width,0.0,0,a_tau,0.0,,2.627
rc7,sweep_all,Input-Corner Stress,MLP,synthetic,N,800,current_mixture,0.1,10,1e-12,width,0.0,1,margin_hat_min,4.0,,19.83
rc7,sweep_all,Input-Corner Stress,MLP,synthetic,N,800,current_mixture,0.1,10,1e-12,width,0.0,1,d_eff,0.0,,19.83
rc7,sweep_all,Input-Corner Stress,MLP,synthetic,N,800,current_mixture,0.1,10,1e-12,width,0.0,1,g_ibp,0.25267440080636383,,0.001
rc7,sweep_all,Input-Corner Stress,MLP,synthetic,N,800,current_mixture,0.1,10,1e-12,width,0.0,1,a_tau,0.0,,2.655
rc7,sweep_all,Input-Corner Stress,MLP,synthetic,N,800,current_mixture,0.1,10,1e-12,width,0.0,2,margin_hat_min,4.0,,15.08
rc7,sweep_all,Input-Corner Stress,MLP,synthetic,N,800,current_mixture,0.1,10,1e-12,width,0.0,2,d_eff,0.0,,15.08
rc7,sweep_all,Input-Corner Stress,MLP,synthetic,N,800,current_mixture,0.1,10,1e-12,width,0.0,2,g_ibp,0.25267440080636383,,0.001
rc7,sweep_all,Input-Corner Stress,MLP,synthetic,N,800,current_mixture,0.1,10,1e-12,width,0.0,2,a_tau,0.0,,1.915
rc7,sweep_all,Input-Corner Stress,MLP,synthetic,N,800,current_mixture,0.1,10,1e-12,width,0.0,3,margin_hat_min,4.0,,15.258
rc7,sweep_all,Input-Corner Stress,MLP,synthetic,N,800,current_mixture,0.1,10,1e-12,width,0.0,3,d_eff,0.0,,15.258
rc7,sweep_all,Input-Corner Stress,MLP,synthetic,N,800,current_mixture,0.1,10,1e-12,width,0.0,3,g_ibp,0.25267440080636383,,0.001
rc7,sweep_all,Input-Corner Stress,MLP,synthetic,N,800,current_mixture,0.1,10,1e-12,width,0.0,3,a_tau,0.0,,1.846
rc7,sweep_all,Input-Corner Stress,MLP,synthetic,N,800,current_mixture,0.1,10,1e-12,width,0.0,4,margin_hat_min,4.0,,15.624
rc7,sweep_all,Input-Corner Stress,MLP,synthetic,N,800,current_mixture,0.1,10,1e-12,width,0.0,4,d_eff,0.0,,15.624
rc7,sweep_all,Input-Corner Stress,MLP,synthetic,N,800,current_mixture,0.1,10,1e-12,width,0.0,4,g_ibp,0.25267440080636383,,0.001
rc7,sweep_all,Input-Corner Stress,MLP,synthetic,N,800,current_mixture,0.1,10,1e-12,width,0.0,4,a_tau,0.0,,1.946
rc7,sweep_all,Input-Corner Stress,MLP,synthetic,N,800,current_mixture,0.1,10,1e-12,width,0.0,5,margin_hat_min,4.0,,19.89
rc7,sweep_all,Input-Corner Stress,MLP,synthetic,N,800,current_mixture,0.1,10,1e-12,width,0.0,5,d_eff,0.0,,19.89
rc7,sweep_all,Input-Corner Stress,MLP,synthetic,N,800,current_mixture,0.1,10,1e-12,width,0.0,5,g_ibp,0.25267440080636383,,0.001
rc7,sweep_all,Input-Corner Stress,MLP,synthetic,N,800,current_mixture,0.1,10,1e-12,width,0.0,5,a_tau,0.0,,2.648
rc7,sweep_all,Input-Corner Stress,MLP,synthetic,N,800,current_mixture,0.1,10,1e-12,width,0.0,6,margin_hat_min,4.0,,20.087
rc7,sweep_all,Input-Corner Stress,MLP,synthetic,N,800,current_mixture,0.1,10,1e-12,width,0.0,6,d_eff,0.0,,20.087
rc7,sweep_all,Input-Corner Stress,MLP,synthetic,N,800,current_mixture,0.1,10,1e-12,width,0.0,6,g_ibp,0.25267440080636383,,0.001
rc7,sweep_all,Input-Corner Stress,MLP,synthetic,N,800,current_mixture,0.1,10,1e-12,width,0.0,6,a_tau,0.0,,2.562
rc7,sweep_all,Input-Corner Stress,MLP,synthetic,N,800,current_mixture,0.1,10,1e-12,width,0.0,7,margin_hat_min,4.0,,17.906
rc7,sweep_all,Input-Corner Stress,MLP,synthetic,N,800,current_mixture,0.1,10,1e-12,width,0.0,7,d_eff,0.0,,17.906
rc7,sweep_all,Input-Corner Stress,MLP,synthetic,N,800,current_mixture,0.1,10,1e-12,width,0.0,7,g_ibp,0.25267440080636383,,0.001
rc7,sweep_all,Input-Corner Stress,MLP,synthetic,N,800,current_mixture,0.1,10,1e-12,width,0.0,7,a_tau,0.0,,2.494
rc7,sweep_all,Input-Corner Stress,MLP,synthetic,N,1600,current_mixture,0.1,10,1e-12,width,0.0,0,margin_hat_min,4.0,,32.269
rc7,sweep_all,Input-Corner Stress,MLP,synthetic,N,1600,current_mixture,0.1,10,1e-12,width,0.0,0,d_eff,0.0,,32.269
rc7,sweep_all,Input-Corner Stress,MLP,synthetic,N,1600,current_mixture,0.1,10,1e-12,width,0.0,0,g_ibp,0.25267440080636383,,0.001
rc7,sweep_all,Input-Corner Stress,MLP,synthetic,N,1600,current_mixture,0.1,10,1e-12,width,0.0,0,a_tau,0.0,,4.676
rc7,sweep_all,Input-Corner Stress,MLP,synthetic,N,1600,current_mixture,0.1,10,1e-12,width,0.0,1,margin_hat_min,4.0,,32.623
rc7,sweep_all,Input-Corner Stress,MLP,synthetic,N,1600,current_mixture,0.1,10,1e-12,width,0.0,1,d_eff,0.0,,32.623
rc7,sweep_all,Input-Corner Stress,MLP,synthetic,N,1600,current_mixture,0.1,10,1e-12,width,0.0,1,g_ibp,0.25267440080636383,,0.001
rc7,sweep_all,Input-Corner Stress,MLP,synthetic,N,1600,current_mixture,0.1,10,1e-12,width,0.0,1,a_tau,0.0,,4.886
rc7,sweep_all,Input-Corner Stress,MLP,synthetic,N,1600,current_mixture,0.1,10,1e-12,width,0.0,2,margin_hat_min,4.0,,32.979
rc7,sweep_all,Input-Corner Stress,MLP,synthetic,N,1600,current_mixture,0.1,10,1e-12,width,0.0,2,d_eff,0.0,,32.979
rc7,sweep_all,Input-Corner Stress,MLP,synthetic,N,1600,current_mixture,0.1,10,1e-12,width,0.0,2,g_ibp,0.25267440080636383,,0.001
rc7,sweep_all,Input-Corner Stress,MLP,synthetic,N,1600,current_mixture,0.1,10,1e-12,width,0.0,2,a_tau,0.0,,5.032
rc7,sweep_all,Input-Corner Stress,MLP,synthetic,N,1600,current_mixture,0.1,10,1e-12,width,0.0,3,margin_hat_min,4.0,,32.194
rc7,sweep_all,Input-Corner Stress,MLP,synthetic,N,1600,current_mixture,0.1,10,1e-12,width,0.0,3,d_eff,0.0,,32.194
rc7,sweep_all,Input-Corner Stress,MLP,synthetic,N,1600,current_mixture,0.1,10,1e-12,width,0.0,3,g_ibp,0.25267440080636383,,0.001
rc7,sweep_all,Input-Corner Stress,MLP,synthetic,N,1600,current_mixture,0.1,10,1e-12,width,0.0,3,a_tau,0.0,,4.609
rc7,sweep_all,Input-Corner Stress,MLP,synthetic,N,1600,current_mixture,0.1,10,1e-12,width,0.0,4,margin_hat_min,4.0,,32.581
rc7,sweep_all,Input-Corner Stress,MLP,synthetic,N,1600,current_mixture,0.1,10,1e-12,width,0.0,4,d_eff,0.0,,32.581
rc7,sweep_all,Input-Corner Stress,MLP,synthetic,N,1600,current_mixture,0.1,10,1e-12,width,0.0,4,g_ibp,0.25267440080636383,,0.001
rc7,sweep_all,Input-Corner Stress,MLP,synthetic,N,1600,current_mixture,0.1,10,1e-12,width,0.0,4,a_tau,0.0,,4.955
rc7,sweep_all,Input-Corner Stress,MLP,synthetic,N,1600,current_mixture,0.1,10,1e-12,width,0.0,5,margin_hat_min,4.0,,33.574
rc7,sweep_all,Input-Corner Stress,MLP,synthetic,N,1600,current_mixture,0.1,10,1e-12,width,0.0,5,d_eff,0.0,,33.574
rc7,sweep_all,Input-Corner Stress,MLP,synthetic,N,1600,current_mixture,0.1,10,1e-12,width,0.0,5,g_ibp,0.25267440080636383,,0.001
rc7,sweep_all,Input-Corner Stress,MLP,synthetic,N,1600,current_mixture,0.1,10,1e-12,width,0.0,5,a_tau,0.0,,5.268
rc7,sweep_all,Input-Corner Stress,MLP,synthetic,N,1600,current_mixture,0.1,10,1e-12,width,0.0,6,margin_hat_min,4.0,,32.073
rc7,sweep_all,Input-Corner Stress,MLP,synthetic,N,1600,current_mixture,0.1,10,1e-12,width,0.0,6,d_eff,0.0,,32.073
rc7,sweep_all,Input-Corner Stress,MLP,synthetic,N,1600,current_mixture,0.1,10,1e-12,width,0.0,6,g_ibp,0.25267440080636383,,0.001
rc7,sweep_all,Input-Corner Stress,MLP,synthetic,N,1600,current_mixture,0.1,10,1e-12,width,0.0,6,a_tau,0.0,,4.945
rc7,sweep_all,Input-Corner Stress,MLP,synthetic,N,1600,current_mixture,0.1,10,1e-12,width,0.0,7,margin_hat_min,4.0,,32.573
rc7,sweep_all,Input-Corner Stress,MLP,synthetic,N,1600,current_mixture,0.1,10,1e-12,width,0.0,7,d_eff,0.0,,32.573
rc7,sweep_all,Input-Corner Stress,MLP,synthetic,N,1600,current_mixture,0.1,10,1e-12,width,0.0,7,g_ibp,0.25267440080636383,,0.001
rc7,sweep_all,Input-Corner Stress,MLP,synthetic,N,1600,current_mixture,0.1,10,1e-12,width,0.0,7,a_tau,0.0,,5.131
rc15,sweep_all,Input-Corner Stress,MLP,synthetic,N,50,current_mixture,0.1,10,1e-12,width,0.0,0,margin_hat_min,4.0,,1.309
rc15,sweep_all,Input-Corner Stress,MLP,synthetic,N,50,current_mixture,0.1,10,1e-12,width,0.0,0,d_eff,0.0,,1.309
rc15,sweep_all,Input-Corner Stress,MLP,synthetic,N,50,current_mixture,0.1,10,1e-12,width,0.0,0,g_ibp,2438.0664062493906,,0.001
rc15,sweep_all,Input-Corner Stress,MLP,synthetic,N,50,current_mixture,0.1,10,1e-12,width,0.0,0,a_tau,0.0,,0.161
rc15,sweep_all,Input-Corner Stress,MLP,synthetic,N,50,current_mixture,0.1,10,1e-12,width,0.0,1,margin_hat_min,4.0,,1.297
rc15,sweep_all,Input-Corner Stress,MLP,synthetic,N,50,current_mixture,0.1,10,1e-12,width,0.0,1,d_eff,0.0,,1.297
rc15,sweep_all,Input-Corner Stress,MLP,synthetic,N,50,current_mixture,0.1,10,1e-12,width,0.0,1,g_ibp,2438.0664062493906,,0.001
rc15,sweep_all,Input-Corner Stress,MLP,synthetic,N,50,current_mixture,0.1,10,1e-12,width,0.0,1,a_tau,0.0,,0.163
rc15,sweep_all,Input-Corner Stress,MLP,synthetic,N,50,current_mixture,0.1,10,1e-12,width,0.0,2,margin_hat_min,4.0,,1.048
rc15,sweep_all,Input-Corner Stress,MLP,synthetic,N,50,current_mixture,0.1,10,1e-12,width,0.0,2,d_eff,0.0,,1.048
rc15,sweep_all,Input-Corner Stress,MLP,synthetic,N,50,current_mixture,0.1,10,1e-12,width,0.0,2,g_ibp,2438.0664062493906,,0.001
rc15,sweep_all,Input-Corner Stress,MLP,synthetic,N,50,current_mixture,0.1,10,1e-12,width,0.0,2,a_tau,0.0,,0.118
rc15,sweep_all,Input-Corner Stress,MLP,synthetic,N,50,current_mixture,0.1,10,1e-12,width,0.0,3,margin_hat_min,4.0,,1.279
rc15,sweep_all,Input-Corner Stress,MLP,synthetic,N,50,current_mixture,0.1,10,1e-12,width,0.0,3,d_eff,0.0,,1.279
rc15,sweep_all,Input-Corner Stress,MLP,synthetic,N,50,current_mixture,0.1,10,1e-12,width,0.0,3,g_ibp,2438.0664062493906,,0.001
rc15,sweep_all,Input-Corner Stress,MLP,synthetic,N,50,current_mixture,0.1,10,1e-12,width,0.0,3,a_tau,0.0,,0.155
rc15,sweep_all,Input-Corner Stress,MLP,synthetic,N,50,current_mixture,0.1,10,1e-12,width,0.0,4,margin_hat_min,4.0,,1.307
rc15,sweep_all,Input-Corner Stress,MLP,synthetic,N,50,current_mixture,0.1,10,1e-12,width,0.0,4,d_eff,0.0,,1.307
rc15,sweep_all,Input-Corner Stress,MLP,synthetic,N,50,current_mixture,0.1,10,1e-12,width,0.0,4,g_ibp,2438.0664062493906,,0.001
rc15,sweep_all,Input-Corner Stress,MLP,synthetic,N,50,current_mixture,0.1,10,1e-12,width,0.0,4,a_tau,0.0,,0.168
rc15,sweep_all,Input-Corner Stress,MLP,synthetic,N,50,current_mixture,0.1,10,1e-12,width,0.0,5,margin_hat_min,4.0,,1.317
rc15,sweep_all,Input-Corner Stress,MLP,synthetic,N,50,current_mixture,0.1,10,1e-12,width,0.0,5,d_eff,0.0,,1.317
rc15,sweep_all,Input-Corner Stress,MLP,synthetic,N,50,current_mixture,0.1,10,1e-12,width,0.0,5,g_ibp,2438.0664062493906,,0.001
rc15,sweep_all,Input-Corner Stress,MLP,synthetic,N,50,current_mixture,0.1,10,1e-12,width,0.0,5,a_tau,0.0,,0.192
rc15,sweep_all,Input-Corner Stress,MLP,synthetic,N,50,current_mixture,0.1,10,1e-12,width,0.0,6,margin_hat_min,4.0,,1.081
rc15,sweep_all,Input-Corner Stress,MLP,synthetic,N,50,current_mixture,0.1,10,1e-12,width,0.0,6,d_eff,0.0,,1.081
rc15,sweep_all,Input-Corner Stress,MLP,synthetic,N,50,current_mixture,0.1,10,1e-12,width,0.0,6,g_ibp,2438.0664062493906,,0.001
rc15,sweep_all,Input-Corner Stress,MLP,synthetic,N,50,current_mixture,0.1,10,1e-12,width,0.0,6,a_tau,0.0,,0.118
rc15,sweep_all,Input-Corner Stress,MLP,synthetic,N,50,current_mixture,0.1,10,1e-12,width,0.0,7,margin_hat_min,4.0,,1.341
rc15,sweep_all,Input-Corner Stress,MLP,synthetic,N,50,current_mixture,0.1,10,1e-12,width,0.0,7,d_eff,0.0,,1.341
rc15,sweep_all,Input-Corner Stress,MLP,synthetic,N,50,current_mixture,0.1,10,1e-12,width,0.0,7,g_ibp,2438.0664062493906,,0.001
rc15,sweep_all,Input-Corner Stress,MLP,synthetic,N,50,current_mixture,0.1,10,1e-12,width,0.0,7,a_tau,0.0,,0.181
rc15,sweep_all,Input-Corner Stress,MLP,synthetic,N,100,current_mixture,0.1,10,1e-12,width,0.0,0,margin_hat_min,4.0,,2.314
rc15,sweep_all,Input-Corner Stress,MLP,synthetic,N,100,current_mixture,0.1,10,1e-12,width,0.0,0,d_eff,0.0,,2.314
rc15,sweep_all,Input-Corner Stress,MLP,synthetic,N,100,current_mixture,0.1,10,1e-12,width,0.0,0,g_ibp,2438.0664062493906,,0.001
rc15,sweep_all,Input-Corner Stress,MLP,synthetic,N,100,current_mixture,0.1,10,1e-12,width,0.0,0,a_tau,0.0,,0.305
rc15,sweep_all,Input-Corner Stress,MLP,synthetic,N,100,current_mixture,0.1,10,1e-12,width,0.0,1,margin_hat_min,4.0,,2.324
rc15,sweep_all,Input-Corner Stress,MLP,synthetic,N,100,current_mixture,0.1,10,1e-12,width,0.0,1,d_eff,0.0,,2.324
rc15,sweep_all,Input-Corner Stress,MLP,synthetic,N,100,current_mixture,0.1,10,1e-12,width,0.0,1,g_ibp,2438.0664062493906,,0.001
rc15,sweep_all,Input-Corner Stress,MLP,synthetic,N,100,current_mixture,0.1,10,1e-12,width,0.0,1,a_tau,0.0,,0.345
rc15,sweep_all,Input-Corner Stress,MLP,synthetic,N,100,current_mixture,0.1,10,1e-12,width,0.0,2,margin_hat_min,4.0,,2.424
rc15,sweep_all,Input-Corner Stress,MLP,synthetic,N,100,current_mixture,0.1,10,1e-12,width,0.0,2,d_eff,0.0,,2.424
rc15,sweep_all,Input-Corner Stress,MLP,synthetic,N,100,current_mixture,0.1,10,1e-12,width,0.0,2,g_ibp,2438.0664062493906,,0.001
rc15,sweep_all,Input-Corner Stress,MLP,synthetic,N,100,current_mixture,0.1,10,1e-12,width,0.0,2,a_tau,0.0,,0.341
rc15,sweep_all,Input-Corner Stress,MLP,synthetic,N,100,current_mixture,0.1,10,1e-12,width,0.0,3,margin_hat_min,4.0,,2.438
rc15,sweep_all,Input-Corner Stress,MLP,synthetic,N,100,current_mixture,0.1,10,1e-12,width,0.0,3,d_eff,0.0,,2.438
rc15,sweep_all,Input-Corner Stress,MLP,synthetic,N,100,current_mixture,0.1,10,1e-12,width,0.0,3,g_ibp,2438.0664062493906,,0.001
rc15,sweep_all,Input-Corner Stress,MLP,synthetic,N,100,current_mixture,0.1,10,1e-12,width,0.0,3,a_tau,0.0,,0.343
rc15,sweep_all,Input-Corner Stress,MLP,synthetic,N,100,current_mixture,0.1,10,1e-12,width,0.0,4,margin_hat_min,4.0,,2.312
rc15,sweep_all,Input-Corner Stress,MLP,synthetic,N,100,current_mixture,0.1,10,1e-12,width,0.0,4,d_eff,0.0,,2.312
rc15,sweep_all,Input-Corner Stress,MLP,synthetic,N,100,current_mixture,0.1,10,1e-12,width,0.0,4,g_ibp,2438.0664062493906,,0.001
rc15,sweep_all,Input-Corner Stress,MLP,synthetic,N,100,current_mixture,0.1,10,1e-12,width,0.0,4,a_tau,0.0,,0.379
rc15,sweep_all,Input-Corner Stress,MLP,synthetic,N,100,current_mixture,0.1,10,1e-12,width,0.0,5,margin_hat_min,4.0,,2.379
rc15,sweep_all,Input-Corner Stress,MLP,synthetic,N,100,current_mixture,0.1,10,1e-12,width,0.0,5,d_eff,0.0,,2.379
rc15,sweep_all,Input-Corner Stress,MLP,synthetic,N,100,current_mixture,0.1,10,1e-12,width,0.0,5,g_ibp,2438.0664062493906,,0.001
rc15,sweep_all,Input-Corner Stress,MLP,synthetic,N,100,current_mixture,0.1,10,1e-12,width,0.0,5,a_tau,0.0,,0.364
rc15,sweep_all,Input-Corner Stress,MLP,synthetic,N,100,current_mixture,0.1,10,1e-12,width,0.0,6,margin_hat_min,4.0,,2.232
rc15,sweep_all,Input-Corner Stress,MLP,synthetic,N,100,current_mixture,0.1,10,1e-12,width,0.0,6,d_eff,0.0,,2.232
rc15,sweep_all,Input-Corner Stress,MLP,synthetic,N,100,current_mixture,0.1,10,1e-12,width,0.0,6,g_ibp,2438.0664062493906,,0.001
rc15,sweep_all,Input-Corner Stress,MLP,synthetic,N,100,current_mixture,0.1,10,1e-12,width,0.0,6,a_tau,0.0,,0.353
rc15,sweep_all,Input-Corner Stress,MLP,synthetic,N,100,current_mixture,0.1,10,1e-12,width,0.0,7,margin_hat_min,4.0,,2.284
rc15,sweep_all,Input-Corner Stress,MLP,synthetic,N,100,current_mixture,0.1,10,1e-12,width,0.0,7,d_eff,0.0,,2.284
rc15,sweep_all,Input-Corner Stress,MLP,synthetic,N,100,current_mixture,0.1,10,1e-12,width,0.0,7,g_ibp,2438.0664062493906,,0.001
rc15,sweep_all,Input-Corner Stress,MLP,synthetic,N,100,current_mixture,0.1,10,1e-12,width,0.0,7,a_tau,0.0,,0.391
rc15,sweep_all,Input-Corner Stress,MLP,synthetic,N,200,current_mixture,0.1,10,1e-12,width,0.0,0,margin_hat_min,3.99951171875,,5.054
rc15,sweep_all,Input-Corner Stress,MLP,synthetic,N,200,current_mixture,0.1,10,1e-12,width,0.0,0,d_eff,0.030878863541305136,,5.054
rc15,sweep_all,Input-Corner Stress,MLP,synthetic,N,200,current_mixture,0.1,10,1e-12,width,0.0,0,g_ibp,2438.3639360267375,,0.001
rc15,sweep_all,Input-Corner Stress,MLP,synthetic,N,200,current_mixture,0.1,10,1e-12,width,0.0,0,a_tau,0.0,,0.457
rc15,sweep_all,Input-Corner Stress,MLP,synthetic,N,200,current_mixture,0.1,10,1e-12,width,0.0,1,margin_hat_min,4.0,,6.196
rc15,sweep_all,Input-Corner Stress,MLP,synthetic,N,200,current_mixture,0.1,10,1e-12,width,0.0,1,d_eff,0.0,,6.196
rc15,sweep_all,Input-Corner Stress,MLP,synthetic,N,200,current_mixture,0.1,10,1e-12,width,0.0,1,g_ibp,2438.0664062493906,,0.001
rc15,sweep_all,Input-Corner Stress,MLP,synthetic,N,200,current_mixture,0.1,10,1e-12,width,0.0,1,a_tau,0.0,,0.597
rc15,sweep_all,Input-Corner Stress,MLP,synthetic,N,200,current_mixture,0.1,10,1e-12,width,0.0,2,margin_hat_min,4.0,,6.181
rc15,sweep_all,Input-Corner Stress,MLP,synthetic,N,200,current_mixture,0.1,10,1e-12,width,0.0,2,d_eff,0.0,,6.181
rc15,sweep_all,Input-Corner Stress,MLP,synthetic,N,200,current_mixture,0.1,10,1e-12,width,0.0,2,g_ibp,2438.0664062493906,,0.001
rc15,sweep_all,Input-Corner Stress,MLP,synthetic,N,200,current_mixture,0.1,10,1e-12,width,0.0,2,a_tau,0.0,,0.624
rc15,sweep_all,Input-Corner Stress,MLP,synthetic,N,200,current_mixture,0.1,10,1e-12,width,0.0,3,margin_hat_min,3.99951171875,,6.361
rc15,sweep_all,Input-Corner Stress,MLP,synthetic,N,200,current_mixture,0.1,10,1e-12,width,0.0,3,d_eff,0.030878863541305136,,6.361
rc15,sweep_all,Input-Corner Stress,MLP,synthetic,N,200,current_mixture,0.1,10,1e-12,width,0.0,3,g_ibp,2438.3639360267375,,0.001
rc15,sweep_all,Input-Corner Stress,MLP,synthetic,N,200,current_mixture,0.1,10,1e-12,width,0.0,3,a_tau,0.0,,0.66
rc15,sweep_all,Input-Corner Stress,MLP,synthetic,N,200,current_mixture,0.1,10,1e-12,width,0.0,4,margin_hat_min,4.0,,6.528
rc15,sweep_all,Input-Corner Stress,MLP,synthetic,N,200,current_mixture,0.1,10,1e-12,width,0.0,4,d_eff,0.0,,6.528
rc15,sweep_all,Input-Corner Stress,MLP,synthetic,N,200,current_mixture,0.1,10,1e-12,width,0.0,4,g_ibp,2438.0664062493906,,0.001
rc15,sweep_all,Input-Corner Stress,MLP,synthetic,N,200,current_mixture,0.1,10,1e-12,width,0.0,4,a_tau,0.0,,0.681
rc15,sweep_all,Input-Corner Stress,MLP,synthetic,N,200,current_mixture,0.1,10,1e-12,width,0.0,5,margin_hat_min,4.0,,6.329
rc15,sweep_all,Input-Corner Stress,MLP,synthetic,N,200,current_mixture,0.1,10,1e-12,width,0.0,5,d_eff,0.0,,6.329
rc15,sweep_all,Input-Corner Stress,MLP,synthetic,N,200,current_mixture,0.1,10,1e-12,width,0.0,5,g_ibp,2438.0664062493906,,0.001
rc15,sweep_all,Input-Corner Stress,MLP,synthetic,N,200,current_mixture,0.1,10,1e-12,width,0.0,5,a_tau,0.0,,0.664
rc15,sweep_all,Input-Corner Stress,MLP,synthetic,N,200,current_mixture,0.1,10,1e-12,width,0.0,6,margin_hat_min,4.0,,6.533
rc15,sweep_all,Input-Corner Stress,MLP,synthetic,N,200,current_mixture,0.1,10,1e-12,width,0.0,6,d_eff,0.0,,6.533
rc15,sweep_all,Input-Corner Stress,MLP,synthetic,N,200,current_mixture,0.1,10,1e-12,width,0.0,6,g_ibp,2438.0664062493906,,0.001
rc15,sweep_all,Input-Corner Stress,MLP,synthetic,N,200,current_mixture,0.1,10,1e-12,width,0.0,6,a_tau,0.0,,0.81
rc15,sweep_all,Input-Corner Stress,MLP,synthetic,N,200,current_mixture,0.1,10,1e-12,width,0.0,7,margin_hat_min,4.0,,6.201
rc15,sweep_all,Input-Corner Stress,MLP,synthetic,N,200,current_mixture,0.1,10,1e-12,width,0.0,7,d_eff,0.0,,6.201
rc15,sweep_all,Input-Corner Stress,MLP,synthetic,N,200,current_mixture,0.1,10,1e-12,width,0.0,7,g_ibp,2438.0664062493906,,0.001
rc15,sweep_all,Input-Corner Stress,MLP,synthetic,N,200,current_mixture,0.1,10,1e-12,width,0.0,7,a_tau,0.0,,0.653
rc15,sweep_all,Input-Corner Stress,MLP,synthetic,N,400,current_mixture,0.1,10,1e-12,width,0.0,0,margin_hat_min,4.0,,12.119
rc15,sweep_all,Input-Corner Stress,MLP,synthetic,N,400,current_mixture,0.1,10,1e-12,width,0.0,0,d_eff,0.0,,12.119
rc15,sweep_all,Input-Corner Stress,MLP,synthetic,N,400,current_mixture,0.1,10,1e-12,width,0.0,0,g_ibp,2438.0664062493906,,0.001
rc15,sweep_all,Input-Corner Stress,MLP,synthetic,N,400,current_mixture,0.1,10,1e-12,width,0.0,0,a_tau,0.0,,1.239
rc15,sweep_all,Input-Corner Stress,MLP,synthetic,N,400,current_mixture,0.1,10,1e-12,width,0.0,1,margin_hat_min,4.0,,12.122
rc15,sweep_all,Input-Corner Stress,MLP,synthetic,N,400,current_mixture,0.1,10,1e-12,width,0.0,1,d_eff,0.0,,12.122
rc15,sweep_all,Input-Corner Stress,MLP,synthetic,N,400,current_mixture,0.1,10,1e-12,width,0.0,1,g_ibp,2438.0664062493906,,0.001
rc15,sweep_all,Input-Corner Stress,MLP,synthetic,N,400,current_mixture,0.1,10,1e-12,width,0.0,1,a_tau,0.0,,1.251
rc15,sweep_all,Input-Corner Stress,MLP,synthetic,N,400,current_mixture,0.1,10,1e-12,width,0.0,2,margin_hat_min,4.0,,12.483
rc15,sweep_all,Input-Corner Stress,MLP,synthetic,N,400,current_mixture,0.1,10,1e-12,width,0.0,2,d_eff,0.0,,12.483
rc15,sweep_all,Input-Corner Stress,MLP,synthetic,N,400,current_mixture,0.1,10,1e-12,width,0.0,2,g_ibp,2438.0664062493906,,0.001
rc15,sweep_all,Input-Corner Stress,MLP,synthetic,N,400,current_mixture,0.1,10,1e-12,width,0.0,2,a_tau,0.0,,1.275
rc15,sweep_all,Input-Corner Stress,MLP,synthetic,N,400,current_mixture,0.1,10,1e-12,width,0.0,3,margin_hat_min,3.99951171875,,9.332
rc15,sweep_all,Input-Corner Stress,MLP,synthetic,N,400,current_mixture,0.1,10,1e-12,width,0.0,3,d_eff,0.015516244864038898,,9.332
rc15,sweep_all,Input-Corner Stress,MLP,synthetic,N,400,current_mixture,0.1,10,1e-12,width,0.0,3,g_ibp,2438.3639360267375,,0.001
rc15,sweep_all,Input-Corner Stress,MLP,synthetic,N,400,current_mixture,0.1,10,1e-12,width,0.0,3,a_tau,0.0,,0.882
rc15,sweep_all,Input-Corner Stress,MLP,synthetic,N,400,current_mixture,0.1,10,1e-12,width,0.0,4,margin_hat_min,4.0,,9.584
rc15,sweep_all,Input-Corner Stress,MLP,synthetic,N,400,current_mixture,0.1,10,1e-12,width,0.0,4,d_eff,0.0,,9.584
rc15,sweep_all,Input-Corner Stress,MLP,synthetic,N,400,current_mixture,0.1,10,1e-12,width,0.0,4,g_ibp,2438.0664062493906,,0.001
rc15,sweep_all,Input-Corner Stress,MLP,synthetic,N,400,current_mixture,0.1,10,1e-12,width,0.0,4,a_tau,0.0,,1.01
rc15,sweep_all,Input-Corner Stress,MLP,synthetic,N,400,current_mixture,0.1,10,1e-12,width,0.0,5,margin_hat_min,4.0,,9.447
rc15,sweep_all,Input-Corner Stress,MLP,synthetic,N,400,current_mixture,0.1,10,1e-12,width,0.0,5,d_eff,0.0,,9.447
rc15,sweep_all,Input-Corner Stress,MLP,synthetic,N,400,current_mixture,0.1,10,1e-12,width,0.0,5,g_ibp,2438.0664062493906,,0.001
rc15,sweep_all,Input-Corner Stress,MLP,synthetic,N,400,current_mixture,0.1,10,1e-12,width,0.0,5,a_tau,0.0,,0.914
rc15,sweep_all,Input-Corner Stress,MLP,synthetic,N,400,current_mixture,0.1,10,1e-12,width,0.0,6,margin_hat_min,4.0,,12.091
rc15,sweep_all,Input-Corner Stress,MLP,synthetic,N,400,current_mixture,0.1,10,1e-12,width,0.0,6,d_eff,0.0,,12.091
rc15,sweep_all,Input-Corner Stress,MLP,synthetic,N,400,current_mixture,0.1,10,1e-12,width,0.0,6,g_ibp,2438.0664062493906,,0.001
rc15,sweep_all,Input-Corner Stress,MLP,synthetic,N,400,current_mixture,0.1,10,1e-12,width,0.0,6,a_tau,0.0,,1.185
rc15,sweep_all,Input-Corner Stress,MLP,synthetic,N,400,current_mixture,0.1,10,1e-12,width,0.0,7,margin_hat_min,4.0,,11.91
rc15,sweep_all,Input-Corner Stress,MLP,synthetic,N,400,current_mixture,0.1,10,1e-12,width,0.0,7,d_eff,0.0,,11.91
rc15,sweep_all,Input-Corner Stress,MLP,synthetic,N,400,current_mixture,0.1,10,1e-12,width,0.0,7,g_ibp,2438.0664062493906,,0.001
rc15,sweep_all,Input-Corner Stress,MLP,synthetic,N,400,current_mixture,0.1,10,1e-12,width,0.0,7,a_tau,0.0,,1.197
rc15,sweep_all,Input-Corner Stress,MLP,synthetic,N,800,current_mixture,0.1,10,1e-12,width,0.0,0,margin_hat_min,4.0,,19.028
rc15,sweep_all,Input-Corner Stress,MLP,synthetic,N,800,current_mixture,0.1,10,1e-12,width,0.0,0,d_eff,0.0,,19.028
rc15,sweep_all,Input-Corner Stress,MLP,synthetic,N,800,current_mixture,0.1,10,1e-12,width,0.0,0,g_ibp,2438.0664062493906,,0.001
rc15,sweep_all,Input-Corner Stress,MLP,synthetic,N,800,current_mixture,0.1,10,1e-12,width,0.0,0,a_tau,0.0,,2.494
rc15,sweep_all,Input-Corner Stress,MLP,synthetic,N,800,current_mixture,0.1,10,1e-12,width,0.0,1,margin_hat_min,4.0,,19.599
rc15,sweep_all,Input-Corner Stress,MLP,synthetic,N,800,current_mixture,0.1,10,1e-12,width,0.0,1,d_eff,0.0,,19.599
rc15,sweep_all,Input-Corner Stress,MLP,synthetic,N,800,current_mixture,0.1,10,1e-12,width,0.0,1,g_ibp,2438.0664062493906,,0.001
rc15,sweep_all,Input-Corner Stress,MLP,synthetic,N,800,current_mixture,0.1,10,1e-12,width,0.0,1,a_tau,0.0,,2.656
rc15,sweep_all,Input-Corner Stress,MLP,synthetic,N,800,current_mixture,0.1,10,1e-12,width,0.0,2,margin_hat_min,4.0,,19.223
rc15,sweep_all,Input-Corner Stress,MLP,synthetic,N,800,current_mixture,0.1,10,1e-12,width,0.0,2,d_eff,0.0,,19.223
rc15,sweep_all,Input-Corner Stress,MLP,synthetic,N,800,current_mixture,0.1,10,1e-12,width,0.0,2,g_ibp,2438.0664062493906,,0.001
rc15,sweep_all,Input-Corner Stress,MLP,synthetic,N,800,current_mixture,0.1,10,1e-12,width,0.0,2,a_tau,0.0,,2.588
rc15,sweep_all,Input-Corner Stress,MLP,synthetic,N,800,current_mixture,0.1,10,1e-12,width,0.0,3,margin_hat_min,3.99951171875,,18.438
rc15,sweep_all,Input-Corner Stress,MLP,synthetic,N,800,current_mixture,0.1,10,1e-12,width,0.0,3,d_eff,0.007777469370752665,,18.438
rc15,sweep_all,Input-Corner Stress,MLP,synthetic,N,800,current_mixture,0.1,10,1e-12,width,0.0,3,g_ibp,2438.3639360267375,,0.001
rc15,sweep_all,Input-Corner Stress,MLP,synthetic,N,800,current_mixture,0.1,10,1e-12,width,0.0,3,a_tau,0.0,,2.404
rc15,sweep_all,Input-Corner Stress,MLP,synthetic,N,800,current_mixture,0.1,10,1e-12,width,0.0,4,margin_hat_min,3.99951171875,,19.334
rc15,sweep_all,Input-Corner Stress,MLP,synthetic,N,800,current_mixture,0.1,10,1e-12,width,0.0,4,d_eff,0.007777469370752665,,19.334
rc15,sweep_all,Input-Corner Stress,MLP,synthetic,N,800,current_mixture,0.1,10,1e-12,width,0.0,4,g_ibp,2438.3639360267375,,0.001
rc15,sweep_all,Input-Corner Stress,MLP,synthetic,N,800,current_mixture,0.1,10,1e-12,width,0.0,4,a_tau,0.0,,2.41
rc15,sweep_all,Input-Corner Stress,MLP,synthetic,N,800,current_mixture,0.1,10,1e-12,width,0.0,5,margin_hat_min,4.0,,18.369
rc15,sweep_all,Input-Corner Stress,MLP,synthetic,N,800,current_mixture,0.1,10,1e-12,width,0.0,5,d_eff,0.0,,18.369
rc15,sweep_all,Input-Corner Stress,MLP,synthetic,N,800,current_mixture,0.1,10,1e-12,width,0.0,5,g_ibp,2438.0664062493906,,0.001
rc15,sweep_all,Input-Corner Stress,MLP,synthetic,N,800,current_mixture,0.1,10,1e-12,width,0.0,5,a_tau,0.0,,2.529
rc15,sweep_all,Input-Corner Stress,MLP,synthetic,N,800,current_mixture,0.1,10,1e-12,width,0.0,6,margin_hat_min,3.99951171875,,19.407
rc15,sweep_all,Input-Corner Stress,MLP,synthetic,N,800,current_mixture,0.1,10,1e-12,width,0.0,6,d_eff,0.007777469370752665,,19.407
rc15,sweep_all,Input-Corner Stress,MLP,synthetic,N,800,current_mixture,0.1,10,1e-12,width,0.0,6,g_ibp,2438.3639360267375,,0.001
rc15,sweep_all,Input-Corner Stress,MLP,synthetic,N,800,current_mixture,0.1,10,1e-12,width,0.0,6,a_tau,0.0,,2.735
rc15,sweep_all,Input-Corner Stress,MLP,synthetic,N,800,current_mixture,0.1,10,1e-12,width,0.0,7,margin_hat_min,4.0,,19.571
rc15,sweep_all,Input-Corner Stress,MLP,synthetic,N,800,current_mixture,0.1,10,1e-12,width,0.0,7,d_eff,0.0,,19.571
rc15,sweep_all,Input-Corner Stress,MLP,synthetic,N,800,current_mixture,0.1,10,1e-12,width,0.0,7,g_ibp,2438.0664062493906,,0.001
rc15,sweep_all,Input-Corner Stress,MLP,synthetic,N,800,current_mixture,0.1,10,1e-12,width,0.0,7,a_tau,0.0,,2.817
rc15,sweep_all,Input-Corner Stress,MLP,synthetic,N,1600,current_mixture,0.1,10,1e-12,width,0.0,0,margin_hat_min,3.99951171875,,24.978
rc15,sweep_all,Input-Corner Stress,MLP,synthetic,N,1600,current_mixture,0.1,10,1e-12,width,0.0,0,d_eff,0.00389358953517081,,24.978
rc15,sweep_all,Input-Corner Stress,MLP,synthetic,N,1600,current_mixture,0.1,10,1e-12,width,0.0,0,g_ibp,2438.3639360267375,,0.001
rc15,sweep_all,Input-Corner Stress,MLP,synthetic,N,1600,current_mixture,0.1,10,1e-12,width,0.0,0,a_tau,0.0,,3.861
rc15,sweep_all,Input-Corner Stress,MLP,synthetic,N,1600,current_mixture,0.1,10,1e-12,width,0.0,1,margin_hat_min,3.99951171875,,32.726
rc15,sweep_all,Input-Corner Stress,MLP,synthetic,N,1600,current_mixture,0.1,10,1e-12,width,0.0,1,d_eff,0.01946794767585405,,32.726
rc15,sweep_all,Input-Corner Stress,MLP,synthetic,N,1600,current_mixture,0.1,10,1e-12,width,0.0,1,g_ibp,2438.3639360267375,,0.001
rc15,sweep_all,Input-Corner Stress,MLP,synthetic,N,1600,current_mixture,0.1,10,1e-12,width,0.0,1,a_tau,0.0,,4.871
rc15,sweep_all,Input-Corner Stress,MLP,synthetic,N,1600,current_mixture,0.1,10,1e-12,width,0.0,2,margin_hat_min,4.0,,32.831
rc15,sweep_all,Input-Corner Stress,MLP,synthetic,N,1600,current_mixture,0.1,10,1e-12,width,0.0,2,d_eff,0.0,,32.831
rc15,sweep_all,Input-Corner Stress,MLP,synthetic,N,1600,current_mixture,0.1,10,1e-12,width,0.0,2,g_ibp,2438.0664062493906,,0.001
rc15,sweep_all,Input-Corner Stress,MLP,synthetic,N,1600,current_mixture,0.1,10,1e-12,width,0.0,2,a_tau,0.0,,5.037
rc15,sweep_all,Input-Corner Stress,MLP,synthetic,N,1600,current_mixture,0.1,10,1e-12,width,0.0,3,margin_hat_min,4.0,,25.961
rc15,sweep_all,Input-Corner Stress,MLP,synthetic,N,1600,current_mixture,0.1,10,1e-12,width,0.0,3,d_eff,0.0,,25.961
rc15,sweep_all,Input-Corner Stress,MLP,synthetic,N,1600,current_mixture,0.1,10,1e-12,width,0.0,3,g_ibp,2438.0664062493906,,0.001
rc15,sweep_all,Input-Corner Stress,MLP,synthetic,N,1600,current_mixture,0.1,10,1e-12,width,0.0,3,a_tau,0.0,,3.874
rc15,sweep_all,Input-Corner Stress,MLP,synthetic,N,1600,current_mixture,0.1,10,1e-12,width,0.0,4,margin_hat_min,3.99951171875,,25.33
rc15,sweep_all,Input-Corner Stress,MLP,synthetic,N,1600,current_mixture,0.1,10,1e-12,width,0.0,4,d_eff,0.00389358953517081,,25.33
rc15,sweep_all,Input-Corner Stress,MLP,synthetic,N,1600,current_mixture,0.1,10,1e-12,width,0.0,4,g_ibp,2438.3639360267375,,0.001
rc15,sweep_all,Input-Corner Stress,MLP,synthetic,N,1600,current_mixture,0.1,10,1e-12,width,0.0,4,a_tau,0.0,,3.722
rc15,sweep_all,Input-Corner Stress,MLP,synthetic,N,1600,current_mixture,0.1,10,1e-12,width,0.0,5,margin_hat_min,4.0,,33.089
rc15,sweep_all,Input-Corner Stress,MLP,synthetic,N,1600,current_mixture,0.1,10,1e-12,width,0.0,5,d_eff,0.0,,33.089
rc15,sweep_all,Input-Corner Stress,MLP,synthetic,N,1600,current_mixture,0.1,10,1e-12,width,0.0,5,g_ibp,2438.0664062493906,,0.001
rc15,sweep_all,Input-Corner Stress,MLP,synthetic,N,1600,current_mixture,0.1,10,1e-12,width,0.0,5,a_tau,0.0,,4.644
rc15,sweep_all,Input-Corner Stress,MLP,synthetic,N,1600,current_mixture,0.1,10,1e-12,width,0.0,6,margin_hat_min,3.99951171875,,32.319
rc15,sweep_all,Input-Corner Stress,MLP,synthetic,N,1600,current_mixture,0.1,10,1e-12,width,0.0,6,d_eff,0.00389358953517081,,32.319
rc15,sweep_all,Input-Corner Stress,MLP,synthetic,N,1600,current_mixture,0.1,10,1e-12,width,0.0,6,g_ibp,2438.3639360267375,,0.002
rc15,sweep_all,Input-Corner Stress,MLP,synthetic,N,1600,current_mixture,0.1,10,1e-12,width,0.0,6,a_tau,0.0,,4.972
rc15,sweep_all,Input-Corner Stress,MLP,synthetic,N,1600,current_mixture,0.1,10,1e-12,width,0.0,7,margin_hat_min,4.0,,31.436
rc15,sweep_all,Input-Corner Stress,MLP,synthetic,N,1600,current_mixture,0.1,10,1e-12,width,0.0,7,d_eff,0.0,,31.436
rc15,sweep_all,Input-Corner Stress,MLP,synthetic,N,1600,current_mixture,0.1,10,1e-12,width,0.0,7,g_ibp,2438.0664062493906,,0.001
rc15,sweep_all,Input-Corner Stress,MLP,synthetic,N,1600,current_mixture,0.1,10,1e-12,width,0.0,7,a_tau,0.0,,5.135
rc21,sweep_all,Input-Corner Stress,MLP,synthetic,N,50,current_mixture,0.1,10,1e-12,width,0.0,0,margin_hat_min,4.0,,1.395
rc21,sweep_all,Input-Corner Stress,MLP,synthetic,N,50,current_mixture,0.1,10,1e-12,width,0.0,0,d_eff,0.0,,1.395
rc21,sweep_all,Input-Corner Stress,MLP,synthetic,N,50,current_mixture,0.1,10,1e-12,width,0.0,0,g_ibp,20.63885307311496,,0.001
rc21,sweep_all,Input-Corner Stress,MLP,synthetic,N,50,current_mixture,0.1,10,1e-12,width,0.0,0,a_tau,0.0,,0.19
rc21,sweep_all,Input-Corner Stress,MLP,synthetic,N,50,current_mixture,0.1,10,1e-12,width,0.0,1,margin_hat_min,4.0,,1.426
rc21,sweep_all,Input-Corner Stress,MLP,synthetic,N,50,current_mixture,0.1,10,1e-12,width,0.0,1,d_eff,0.0,,1.426
rc21,sweep_all,Input-Corner Stress,MLP,synthetic,N,50,current_mixture,0.1,10,1e-12,width,0.0,1,g_ibp,20.63885307311496,,0.001
rc21,sweep_all,Input-Corner Stress,MLP,synthetic,N,50,current_mixture,0.1,10,1e-12,width,0.0,1,a_tau,0.0,,0.194
rc21,sweep_all,Input-Corner Stress,MLP,synthetic,N,50,current_mixture,0.1,10,1e-12,width,0.0,2,margin_hat_min,4.0,,1.568
rc21,sweep_all,Input-Corner Stress,MLP,synthetic,N,50,current_mixture,0.1,10,1e-12,width,0.0,2,d_eff,0.0,,1.568
rc21,sweep_all,Input-Corner Stress,MLP,synthetic,N,50,current_mixture,0.1,10,1e-12,width,0.0,2,g_ibp,20.63885307311496,,0.001
rc21,sweep_all,Input-Corner Stress,MLP,synthetic,N,50,current_mixture,0.1,10,1e-12,width,0.0,2,a_tau,0.0,,0.23
rc21,sweep_all,Input-Corner Stress,MLP,synthetic,N,50,current_mixture,0.1,10,1e-12,width,0.0,3,margin_hat_min,4.0,,1.677
rc21,sweep_all,Input-Corner Stress,MLP,synthetic,N,50,current_mixture,0.1,10,1e-12,width,0.0,3,d_eff,0.0,,1.677
rc21,sweep_all,Input-Corner Stress,MLP,synthetic,N,50,current_mixture,0.1,10,1e-12,width,0.0,3,g_ibp,20.63885307311496,,0.001
rc21,sweep_all,Input-Corner Stress,MLP,synthetic,N,50,current_mixture,0.1,10,1e-12,width,0.0,3,a_tau,0.0,,0.248
rc21,sweep_all,Input-Corner Stress,MLP,synthetic,N,50,current_mixture,0.1,10,1e-12,width,0.0,4,margin_hat_min,4.0,,1.593
rc21,sweep_all,Input-Corner Stress,MLP,synthetic,N,50,current_mixture,0.1,10,1e-12,width,0.0,4,d_eff,0.0,,1.593
rc21,sweep_all,Input-Corner Stress,MLP,synthetic,N,50,current_mixture,0.1,10,1e-12,width,0.0,4,g_ibp,20.63885307311496,,0.001
rc21,sweep_all,Input-Corner Stress,MLP,synthetic,N,50,current_mixture,0.1,10,1e-12,width,0.0,4,a_tau,0.0,,0.205
rc21,sweep_all,Input-Corner Stress,MLP,synthetic,N,50,current_mixture,0.1,10,1e-12,width,0.0,5,margin_hat_min,4.0,,1.646
rc21,sweep_all,Input-Corner Stress,MLP,synthetic,N,50,current_mixture,0.1,10,1e-12,width,0.0,5,d_eff,0.0,,1.646
rc21,sweep_all,Input-Corner Stress,MLP,synthetic,N,50,current_mixture,0.1,10,1e-12,width,0.0,5,g_ibp,20.63885307311496,,0.001
rc21,sweep_all,Input-Corner Stress,MLP,synthetic,N,50,current_mixture,0.1,10,1e-12,width,0.0,5,a_tau,0.0,,0.209
rc21,sweep_all,Input-Corner Stress,MLP,synthetic,N,50,current_mixture,0.1,10,1e-12,width,0.0,6,margin_hat_min,4.0,,1.556
rc21,sweep_all,Input-Corner Stress,MLP,synthetic,N,50,current_mixture,0.1,10,1e-12,width,0.0,6,d_eff,0.0,,1.556
rc21,sweep_all,Input-Corner Stress,MLP,synthetic,N,50,current_mixture,0.1,10,1e-12,width,0.0,6,g_ibp,20.63885307311496,,0.001
rc21,sweep_all,Input-Corner Stress,MLP,synthetic,N,50,current_mixture,0.1,10,1e-12,width,0.0,6,a_tau,0.0,,0.214
rc21,sweep_all,Input-Corner Stress,MLP,synthetic,N,50,current_mixture,0.1,10,1e-12,width,0.0,7,margin_hat_min,4.0,,1.602
rc21,sweep_all,Input-Corner Stress,MLP,synthetic,N,50,current_mixture,0.1,10,1e-12,width,0.0,7,d_eff,0.0,,1.602
rc21,sweep_all,Input-Corner Stress,MLP,synthetic,N,50,current_mixture,0.1,10,1e-12,width,0.0,7,g_ibp,20.63885307311496,,0.001
rc21,sweep_all,Input-Corner Stress,MLP,synthetic,N,50,current_mixture,0.1,10,1e-12,width,0.0,7,a_tau,0.0,,0.263
rc21,sweep_all,Input-Corner Stress,MLP,synthetic,N,100,current_mixture,0.1,10,1e-12,width,0.0,0,margin_hat_min,4.0,,3.082
rc21,sweep_all,Input-Corner Stress,MLP,synthetic,N,100,current_mixture,0.1,10,1e-12,width,0.0,0,d_eff,0.0,,3.082
rc21,sweep_all,Input-Corner Stress,MLP,synthetic,N,100,current_mixture,0.1,10,1e-12,width,0.0,0,g_ibp,20.63885307311496,,0.001
rc21,sweep_all,Input-Corner Stress,MLP,synthetic,N,100,current_mixture,0.1,10,1e-12,width,0.0,0,a_tau,0.0,,0.469
rc21,sweep_all,Input-Corner Stress,MLP,synthetic,N,100,current_mixture,0.1,10,1e-12,width,0.0,1,margin_hat_min,4.0,,2.864
rc21,sweep_all,Input-Corner Stress,MLP,synthetic,N,100,current_mixture,0.1,10,1e-12,width,0.0,1,d_eff,0.0,,2.864
rc21,sweep_all,Input-Corner Stress,MLP,synthetic,N,100,current_mixture,0.1,10,1e-12,width,0.0,1,g_ibp,20.63885307311496,,0.001
rc21,sweep_all,Input-Corner Stress,MLP,synthetic,N,100,current_mixture,0.1,10,1e-12,width,0.0,1,a_tau,0.0,,0.358
rc21,sweep_all,Input-Corner Stress,MLP,synthetic,N,100,current_mixture,0.1,10,1e-12,width,0.0,2,margin_hat_min,4.0,,2.999
rc21,sweep_all,Input-Corner Stress,MLP,synthetic,N,100,current_mixture,0.1,10,1e-12,width,0.0,2,d_eff,0.0,,2.999
rc21,sweep_all,Input-Corner Stress,MLP,synthetic,N,100,current_mixture,0.1,10,1e-12,width,0.0,2,g_ibp,20.63885307311496,,0.001
rc21,sweep_all,Input-Corner Stress,MLP,synthetic,N,100,current_mixture,0.1,10,1e-12,width,0.0,2,a_tau,0.0,,0.457
rc21,sweep_all,Input-Corner Stress,MLP,synthetic,N,100,current_mixture,0.1,10,1e-12,width,0.0,3,margin_hat_min,4.0,,2.929
rc21,sweep_all,Input-Corner Stress,MLP,synthetic,N,100,current_mixture,0.1,10,1e-12,width,0.0,3,d_eff,0.0,,2.929
rc21,sweep_all,Input-Corner Stress,MLP,synthetic,N,100,current_mixture,0.1,10,1e-12,width,0.0,3,g_ibp,20.63885307311496,,0.001
rc21,sweep_all,Input-Corner Stress,MLP,synthetic,N,100,current_mixture,0.1,10,1e-12,width,0.0,3,a_tau,0.0,,0.45
rc21,sweep_all,Input-Corner Stress,MLP,synthetic,N,100,current_mixture,0.1,10,1e-12,width,0.0,4,margin_hat_min,4.0,,2.911
rc21,sweep_all,Input-Corner Stress,MLP,synthetic,N,100,current_mixture,0.1,10,1e-12,width,0.0,4,d_eff,0.0,,2.911
rc21,sweep_all,Input-Corner Stress,MLP,synthetic,N,100,current_mixture,0.1,10,1e-12,width,0.0,4,g_ibp,20.63885307311496,,0.001
rc21,sweep_all,Input-Corner Stress,MLP,synthetic,N,100,current_mixture,0.1,10,1e-12,width,0.0,4,a_tau,0.0,,0.45
rc21,sweep_all,Input-Corner Stress,MLP,synthetic,N,100,current_mixture,0.1,10,1e-12,width,0.0,5,margin_hat_min,4.0,,2.94
rc21,sweep_all,Input-Corner Stress,MLP,synthetic,N,100,current_mixture,0.1,10,1e-12,width,0.0,5,d_eff,0.0,,2.94
rc21,sweep_all,Input-Corner Stress,MLP,synthetic,N,100,current_mixture,0.1,10,1e-12,width,0.0,5,g_ibp,20.63885307311496,,0.001
rc21,sweep_all,Input-Corner Stress,MLP,synthetic,N,100,current_mixture,0.1,10,1e-12,width,0.0,5,a_tau,0.0,,0.452
rc21,sweep_all,Input-Corner Stress,MLP,synthetic,N,100,current_mixture,0.1,10,1e-12,width,0.0,6,margin_hat_min,4.0,,3.156
rc21,sweep_all,Input-Corner Stress,MLP,synthetic,N,100,current_mixture,0.1,10,1e-12,width,0.0,6,d_eff,0.0,,3.156
rc21,sweep_all,Input-Corner Stress,MLP,synthetic,N,100,current_mixture,0.1,10,1e-12,width,0.0,6,g_ibp,20.63885307311496,,0.002
rc21,sweep_all,Input-Corner Stress,MLP,synthetic,N,100,current_mixture,0.1,10,1e-12,width,0.0,6,a_tau,0.0,,0.465
rc21,sweep_all,Input-Corner Stress,MLP,synthetic,N,100,current_mixture,0.1,10,1e-12,width,0.0,7,margin_hat_min,4.0,,2.806
rc21,sweep_all,Input-Corner Stress,MLP,synthetic,N,100,current_mixture,0.1,10,1e-12,width,0.0,7,d_eff,0.0,,2.806
rc21,sweep_all,Input-Corner Stress,MLP,synthetic,N,100,current_mixture,0.1,10,1e-12,width,0.0,7,g_ibp,20.63885307311496,,0.001
rc21,sweep_all,Input-Corner Stress,MLP,synthetic,N,100,current_mixture,0.1,10,1e-12,width,0.0,7,a_tau,0.0,,0.471
rc21,sweep_all,Input-Corner Stress,MLP,synthetic,N,200,current_mixture,0.1,10,1e-12,width,0.0,0,margin_hat_min,4.0,,7.839
rc21,sweep_all,Input-Corner Stress,MLP,synthetic,N,200,current_mixture,0.1,10,1e-12,width,0.0,0,d_eff,0.0,,7.839
rc21,sweep_all,Input-Corner Stress,MLP,synthetic,N,200,current_mixture,0.1,10,1e-12,width,0.0,0,g_ibp,20.63885307311496,,0.001
rc21,sweep_all,Input-Corner Stress,MLP,synthetic,N,200,current_mixture,0.1,10,1e-12,width,0.0,0,a_tau,0.0,,0.748
rc21,sweep_all,Input-Corner Stress,MLP,synthetic,N,200,current_mixture,0.1,10,1e-12,width,0.0,1,margin_hat_min,4.0,,7.59
rc21,sweep_all,Input-Corner Stress,MLP,synthetic,N,200,current_mixture,0.1,10,1e-12,width,0.0,1,d_eff,0.0,,7.59
rc21,sweep_all,Input-Corner Stress,MLP,synthetic,N,200,current_mixture,0.1,10,1e-12,width,0.0,1,g_ibp,20.63885307311496,,0.001
rc21,sweep_all,Input-Corner Stress,MLP,synthetic,N,200,current_mixture,0.1,10,1e-12,width,0.0,1,a_tau,0.0,,0.756
rc21,sweep_all,Input-Corner Stress,MLP,synthetic,N,200,current_mixture,0.1,10,1e-12,width,0.0,2,margin_hat_min,4.0,,7.81
rc21,sweep_all,Input-Corner Stress,MLP,synthetic,N,200,current_mixture,0.1,10,1e-12,width,0.0,2,d_eff,0.0,,7.81
rc21,sweep_all,Input-Corner Stress,MLP,synthetic,N,200,current_mixture,0.1,10,1e-12,width,0.0,2,g_ibp,20.63885307311496,,0.002
rc21,sweep_all,Input-Corner Stress,MLP,synthetic,N,200,current_mixture,0.1,10,1e-12,width,0.0,2,a_tau,0.0,,0.841
rc21,sweep_all,Input-Corner Stress,MLP,synthetic,N,200,current_mixture,0.1,10,1e-12,width,0.0,3,margin_hat_min,4.0,,8.263
rc21,sweep_all,Input-Corner Stress,MLP,synthetic,N,200,current_mixture,0.1,10,1e-12,width,0.0,3,d_eff,0.0,,8.263
rc21,sweep_all,Input-Corner Stress,MLP,synthetic,N,200,current_mixture,0.1,10,1e-12,width,0.0,3,g_ibp,20.63885307311496,,0.001
rc21,sweep_all,Input-Corner Stress,MLP,synthetic,N,200,current_mixture,0.1,10,1e-12,width,0.0,3,a_tau,0.0,,0.897
rc21,sweep_all,Input-Corner Stress,MLP,synthetic,N,200,current_mixture,0.1,10,1e-12,width,0.0,4,margin_hat_min,4.0,,8.45
rc21,sweep_all,Input-Corner Stress,MLP,synthetic,N,200,current_mixture,0.1,10,1e-12,width,0.0,4,d_eff,0.0,,8.45
rc21,sweep_all,Input-Corner Stress,MLP,synthetic,N,200,current_mixture,0.1,10,1e-12,width,0.0,4,g_ibp,20.63885307311496,,0.002
rc21,sweep_all,Input-Corner Stress,MLP,synthetic,N,200,current_mixture,0.1,10,1e-12,width,0.0,4,a_tau,0.0,,0.89
rc21,sweep_all,Input-Corner Stress,MLP,synthetic,N,200,current_mixture,0.1,10,1e-12,width,0.0,5,margin_hat_min,4.0,,8.494
rc21,sweep_all,Input-Corner Stress,MLP,synthetic,N,200,current_mixture,0.1,10,1e-12,width,0.0,5,d_eff,0.0,,8.494
rc21,sweep_all,Input-Corner Stress,MLP,synthetic,N,200,current_mixture,0.1,10,1e-12,width,0.0,5,g_ibp,20.63885307311496,,0.001
rc21,sweep_all,Input-Corner Stress,MLP,synthetic,N,200,current_mixture,0.1,10,1e-12,width,0.0,5,a_tau,0.0,,0.85
rc21,sweep_all,Input-Corner Stress,MLP,synthetic,N,200,current_mixture,0.1,10,1e-12,width,0.0,6,margin_hat_min,4.0,,8.178
rc21,sweep_all,Input-Corner Stress,MLP,synthetic,N,200,current_mixture,0.1,10,1e-12,width,0.0,6,d_eff,0.0,,8.178
rc21,sweep_all,Input-Corner Stress,MLP,synthetic,N,200,current_mixture,0.1,10,1e-12,width,0.0,6,g_ibp,20.63885307311496,,0.001
rc21,sweep_all,Input-Corner Stress,MLP,synthetic,N,200,current_mixture,0.1,10,1e-12,width,0.0,6,a_tau,0.0,,0.839
rc21,sweep_all,Input-Corner Stress,MLP,synthetic,N,200,current_mixture,0.1,10,1e-12,width,0.0,7,margin_hat_min,4.0,,8.255
rc21,sweep_all,Input-Corner Stress,MLP,synthetic,N,200,current_mixture,0.1,10,1e-12,width,0.0,7,d_eff,0.0,,8.255
rc21,sweep_all,Input-Corner Stress,MLP,synthetic,N,200,current_mixture,0.1,10,1e-12,width,0.0,7,g_ibp,20.63885307311496,,0.001
rc21,sweep_all,Input-Corner Stress,MLP,synthetic,N,200,current_mixture,0.1,10,1e-12,width,0.0,7,a_tau,0.0,,0.816
rc21,sweep_all,Input-Corner Stress,MLP,synthetic,N,400,current_mixture,0.1,10,1e-12,width,0.0,0,margin_hat_min,4.0,,15.552
rc21,sweep_all,Input-Corner Stress,MLP,synthetic,N,400,current_mixture,0.1,10,1e-12,width,0.0,0,d_eff,0.0,,15.552
rc21,sweep_all,Input-Corner Stress,MLP,synthetic,N,400,current_mixture,0.1,10,1e-12,width,0.0,0,g_ibp,20.63885307311496,,0.002
rc21,sweep_all,Input-Corner Stress,MLP,synthetic,N,400,current_mixture,0.1,10,1e-12,width,0.0,0,a_tau,0.0,,1.61
rc21,sweep_all,Input-Corner Stress,MLP,synthetic,N,400,current_mixture,0.1,10,1e-12,width,0.0,1,margin_hat_min,4.0,,16.674
rc21,sweep_all,Input-Corner Stress,MLP,synthetic,N,400,current_mixture,0.1,10,1e-12,width,0.0,1,d_eff,0.0,,16.674
rc21,sweep_all,Input-Corner Stress,MLP,synthetic,N,400,current_mixture,0.1,10,1e-12,width,0.0,1,g_ibp,20.63885307311496,,0.001
rc21,sweep_all,Input-Corner Stress,MLP,synthetic,N,400,current_mixture,0.1,10,1e-12,width,0.0,1,a_tau,0.0,,1.782
rc21,sweep_all,Input-Corner Stress,MLP,synthetic,N,400,current_mixture,0.1,10,1e-12,width,0.0,2,margin_hat_min,4.0,,16.245
rc21,sweep_all,Input-Corner Stress,MLP,synthetic,N,400,current_mixture,0.1,10,1e-12,width,0.0,2,d_eff,0.0,,16.245
rc21,sweep_all,Input-Corner Stress,MLP,synthetic,N,400,current_mixture,0.1,10,1e-12,width,0.0,2,g_ibp,20.63885307311496,,0.001
rc21,sweep_all,Input-Corner Stress,MLP,synthetic,N,400,current_mixture,0.1,10,1e-12,width,0.0,2,a_tau,0.0,,1.709
rc21,sweep_all,Input-Corner Stress,MLP,synthetic,N,400,current_mixture,0.1,10,1e-12,width,0.0,3,margin_hat_min,4.0,,16.371
rc21,sweep_all,Input-Corner Stress,MLP,synthetic,N,400,current_mixture,0.1,10,1e-12,width,0.0,3,d_eff,0.0,,16.371
rc21,sweep_all,Input-Corner Stress,MLP,synthetic,N,400,current_mixture,0.1,10,1e-12,width,0.0,3,g_ibp,20.63885307311496,,0.001
rc21,sweep_all,Input-Corner Stress,MLP,synthetic,N,400,current_mixture,0.1,10,1e-12,width,0.0,3,a_tau,0.0,,1.709
rc21,sweep_all,Input-Corner Stress,MLP,synthetic,N,400,current_mixture,0.1,10,1e-12,width,0.0,4,margin_hat_min,4.0,,16.277
rc21,sweep_all,Input-Corner Stress,MLP,synthetic,N,400,current_mixture,0.1,10,1e-12,width,0.0,4,d_eff,0.0,,16.277
rc21,sweep_all,Input-Corner Stress,MLP,synthetic,N,400,current_mixture,0.1,10,1e-12,width,0.0,4,g_ibp,20.63885307311496,,0.002
rc21,sweep_all,Input-Corner Stress,MLP,synthetic,N,400,current_mixture,0.1,10,1e-12,width,0.0,4,a_tau,0.0,,1.72
rc21,sweep_all,Input-Corner Stress,MLP,synthetic,N,400,current_mixture,0.1,10,1e-12,width,0.0,5,margin_hat_min,4.0,,16.203
rc21,sweep_all,Input-Corner Stress,MLP,synthetic,N,400,current_mixture,0.1,10,1e-12,width,0.0,5,d_eff,0.0,,16.203
rc21,sweep_all,Input-Corner Stress,MLP,synthetic,N,400,current_mixture,0.1,10,1e-12,width,0.0,5,g_ibp,20.63885307311496,,0.001
rc21,sweep_all,Input-Corner Stress,MLP,synthetic,N,400,current_mixture,0.1,10,1e-12,width,0.0,5,a_tau,0.0,,1.731
rc21,sweep_all,Input-Corner Stress,MLP,synthetic,N,400,current_mixture,0.1,10,1e-12,width,0.0,6,margin_hat_min,4.0,,17.108
rc21,sweep_all,Input-Corner Stress,MLP,synthetic,N,400,current_mixture,0.1,10,1e-12,width,0.0,6,d_eff,0.0,,17.108
rc21,sweep_all,Input-Corner Stress,MLP,synthetic,N,400,current_mixture,0.1,10,1e-12,width,0.0,6,g_ibp,20.63885307311496,,0.002
rc21,sweep_all,Input-Corner Stress,MLP,synthetic,N,400,current_mixture,0.1,10,1e-12,width,0.0,6,a_tau,0.0,,1.874
rc21,sweep_all,Input-Corner Stress,MLP,synthetic,N,400,current_mixture,0.1,10,1e-12,width,0.0,7,margin_hat_min,4.0,,15.091
rc21,sweep_all,Input-Corner Stress,MLP,synthetic,N,400,current_mixture,0.1,10,1e-12,width,0.0,7,d_eff,0.0,,15.091
rc21,sweep_all,Input-Corner Stress,MLP,synthetic,N,400,current_mixture,0.1,10,1e-12,width,0.0,7,g_ibp,20.63885307311496,,0.001
rc21,sweep_all,Input-Corner Stress,MLP,synthetic,N,400,current_mixture,0.1,10,1e-12,width,0.0,7,a_tau,0.0,,1.599
rc21,sweep_all,Input-Corner Stress,MLP,synthetic,N,800,current_mixture,0.1,10,1e-12,width,0.0,0,margin_hat_min,4.0,,24.952
rc21,sweep_all,Input-Corner Stress,MLP,synthetic,N,800,current_mixture,0.1,10,1e-12,width,0.0,0,d_eff,0.0,,24.952
rc21,sweep_all,Input-Corner Stress,MLP,synthetic,N,800,current_mixture,0.1,10,1e-12,width,0.0,0,g_ibp,20.63885307311496,,0.001
rc21,sweep_all,Input-Corner Stress,MLP,synthetic,N,800,current_mixture,0.1,10,1e-12,width,0.0,0,a_tau,0.0,,3.071
rc21,sweep_all,Input-Corner Stress,MLP,synthetic,N,800,current_mixture,0.1,10,1e-12,width,0.0,1,margin_hat_min,4.0,,22.941
rc21,sweep_all,Input-Corner Stress,MLP,synthetic,N,800,current_mixture,0.1,10,1e-12,width,0.0,1,d_eff,0.0,,22.941
rc21,sweep_all,Input-Corner Stress,MLP,synthetic,N,800,current_mixture,0.1,10,1e-12,width,0.0,1,g_ibp,20.63885307311496,,0.001
rc21,sweep_all,Input-Corner Stress,MLP,synthetic,N,800,current_mixture,0.1,10,1e-12,width,0.0,1,a_tau,0.0,,3.003
rc21,sweep_all,Input-Corner Stress,MLP,synthetic,N,800,current_mixture,0.1,10,1e-12,width,0.0,2,margin_hat_min,4.0,,23.981
rc21,sweep_all,Input-Corner Stress,MLP,synthetic,N,800,current_mixture,0.1,10,1e-12,width,0.0,2,d_eff,0.0,,23.981
rc21,sweep_all,Input-Corner Stress,MLP,synthetic,N,800,current_mixture,0.1,10,1e-12,width,0.0,2,g_ibp,20.63885307311496,,0.002
rc21,sweep_all,Input-Corner Stress,MLP,synthetic,N,800,current_mixture,0.1,10,1e-12,width,0.0,2,a_tau,0.0,,2.29
rc21,sweep_all,Input-Corner Stress,MLP,synthetic,N,800,current_mixture,0.1,10,1e-12,width,0.0,3,margin_hat_min,4.0,,24.291
rc21,sweep_all,Input-Corner Stress,MLP,synthetic,N,800,current_mixture,0.1,10,1e-12,width,0.0,3,d_eff,0.0,,24.291
rc21,sweep_all,Input-Corner Stress,MLP,synthetic,N,800,current_mixture,0.1,10,1e-12,width,0.0,3,g_ibp,20.63885307311496,,0.001
rc21,sweep_all,Input-Corner Stress,MLP,synthetic,N,800,current_mixture,0.1,10,1e-12,width,0.0,3,a_tau,0.0,,3.057
rc21,sweep_all,Input-Corner Stress,MLP,synthetic,N,800,current_mixture,0.1,10,1e-12,width,0.0,4,margin_hat_min,4.0,,25.894
rc21,sweep_all,Input-Corner Stress,MLP,synthetic,N,800,current_mixture,0.1,10,1e-12,width,0.0,4,d_eff,0.0,,25.894
rc21,sweep_all,Input-Corner Stress,MLP,synthetic,N,800,current_mixture,0.1,10,1e-12,width,0.0,4,g_ibp,20.63885307311496,,0.001
rc21,sweep_all,Input-Corner Stress,MLP,synthetic,N,800,current_mixture,0.1,10,1e-12,width,0.0,4,a_tau,0.0,,3.456
rc21,sweep_all,Input-Corner Stress,MLP,synthetic,N,800,current_mixture,0.1,10,1e-12,width,0.0,5,margin_hat_min,4.0,,25.437
rc21,sweep_all,Input-Corner Stress,MLP,synthetic,N,800,current_mixture,0.1,10,1e-12,width,0.0,5,d_eff,0.0,,25.437
rc21,sweep_all,Input-Corner Stress,MLP,synthetic,N,800,current_mixture,0.1,10,1e-12,width,0.0,5,g_ibp,20.63885307311496,,0.001
rc21,sweep_all,Input-Corner Stress,MLP,synthetic,N,800,current_mixture,0.1,10,1e-12,width,0.0,5,a_tau,0.0,,2.997
rc21,sweep_all,Input-Corner Stress,MLP,synthetic,N,800,current_mixture,0.1,10,1e-12,width,0.0,6,margin_hat_min,4.0,,26.968
rc21,sweep_all,Input-Corner Stress,MLP,synthetic,N,800,current_mixture,0.1,10,1e-12,width,0.0,6,d_eff,0.0,,26.968
rc21,sweep_all,Input-Corner Stress,MLP,synthetic,N,800,current_mixture,0.1,10,1e-12,width,0.0,6,g_ibp,20.63885307311496,,0.002
rc21,sweep_all,Input-Corner Stress,MLP,synthetic,N,800,current_mixture,0.1,10,1e-12,width,0.0,6,a_tau,0.0,,3.181
rc21,sweep_all,Input-Corner Stress,MLP,synthetic,N,800,current_mixture,0.1,10,1e-12,width,0.0,7,margin_hat_min,4.0,,25.1
rc21,sweep_all,Input-Corner Stress,MLP,synthetic,N,800,current_mixture,0.1,10,1e-12,width,0.0,7,d_eff,0.0,,25.1
rc21,sweep_all,Input-Corner Stress,MLP,synthetic,N,800,current_mixture,0.1,10,1e-12,width,0.0,7,g_ibp,20.63885307311496,,0.001
rc21,sweep_all,Input-Corner Stress,MLP,synthetic,N,800,current_mixture,0.1,10,1e-12,width,0.0,7,a_tau,0.0,,3.149
rc21,sweep_all,Input-Corner Stress,MLP,synthetic,N,1600,current_mixture,0.1,10,1e-12,width,0.0,0,margin_hat_min,4.0,,31.422
rc21,sweep_all,Input-Corner Stress,MLP,synthetic,N,1600,current_mixture,0.1,10,1e-12,width,0.0,0,d_eff,0.0,,31.422
rc21,sweep_all,Input-Corner Stress,MLP,synthetic,N,1600,current_mixture,0.1,10,1e-12,width,0.0,0,g_ibp,20.63885307311496,,0.001
rc21,sweep_all,Input-Corner Stress,MLP,synthetic,N,1600,current_mixture,0.1,10,1e-12,width,0.0,0,a_tau,0.0,,4.841
rc21,sweep_all,Input-Corner Stress,MLP,synthetic,N,1600,current_mixture,0.1,10,1e-12,width,0.0,1,margin_hat_min,4.0,,36.422
rc21,sweep_all,Input-Corner Stress,MLP,synthetic,N,1600,current_mixture,0.1,10,1e-12,width,0.0,1,d_eff,0.0,,36.422
rc21,sweep_all,Input-Corner Stress,MLP,synthetic,N,1600,current_mixture,0.1,10,1e-12,width,0.0,1,g_ibp,20.63885307311496,,0.001
rc21,sweep_all,Input-Corner Stress,MLP,synthetic,N,1600,current_mixture,0.1,10,1e-12,width,0.0,1,a_tau,0.0,,4.8
rc21,sweep_all,Input-Corner Stress,MLP,synthetic,N,1600,current_mixture,0.1,10,1e-12,width,0.0,2,margin_hat_min,4.0,,32.755
rc21,sweep_all,Input-Corner Stress,MLP,synthetic,N,1600,current_mixture,0.1,10,1e-12,width,0.0,2,d_eff,0.0,,32.755
rc21,sweep_all,Input-Corner Stress,MLP,synthetic,N,1600,current_mixture,0.1,10,1e-12,width,0.0,2,g_ibp,20.63885307311496,,0.001
rc21,sweep_all,Input-Corner Stress,MLP,synthetic,N,1600,current_mixture,0.1,10,1e-12,width,0.0,2,a_tau,0.0,,4.962
rc21,sweep_all,Input-Corner Stress,MLP,synthetic,N,1600,current_mixture,0.1,10,1e-12,width,0.0,3,margin_hat_min,4.0,,45.795
rc21,sweep_all,Input-Corner Stress,MLP,synthetic,N,1600,current_mixture,0.1,10,1e-12,width,0.0,3,d_eff,0.0,,45.795
rc21,sweep_all,Input-Corner Stress,MLP,synthetic,N,1600,current_mixture,0.1,10,1e-12,width,0.0,3,g_ibp,20.63885307311496,,0.001
rc21,sweep_all,Input-Corner Stress,MLP,synthetic,N,1600,current_mixture,0.1,10,1e-12,width,0.0,3,a_tau,0.0,,6.605
rc21,sweep_all,Input-Corner Stress,MLP,synthetic,N,1600,current_mixture,0.1,10,1e-12,width,0.0,4,margin_hat_min,4.0,,38.485
rc21,sweep_all,Input-Corner Stress,MLP,synthetic,N,1600,current_mixture,0.1,10,1e-12,width,0.0,4,d_eff,0.0,,38.485
rc21,sweep_all,Input-Corner Stress,MLP,synthetic,N,1600,current_mixture,0.1,10,1e-12,width,0.0,4,g_ibp,20.63885307311496,,0.001
rc21,sweep_all,Input-Corner Stress,MLP,synthetic,N,1600,current_mixture,0.1,10,1e-12,width,0.0,4,a_tau,0.0,,4.945
rc21,sweep_all,Input-Corner Stress,MLP,synthetic,N,1600,current_mixture,0.1,10,1e-12,width,0.0,5,margin_hat_min,4.0,,45.647
rc21,sweep_all,Input-Corner Stress,MLP,synthetic,N,1600,current_mixture,0.1,10,1e-12,width,0.0,5,d_eff,0.0,,45.647
rc21,sweep_all,Input-Corner Stress,MLP,synthetic,N,1600,current_mixture,0.1,10,1e-12,width,0.0,5,g_ibp,20.63885307311496,,0.001
rc21,sweep_all,Input-Corner Stress,MLP,synthetic,N,1600,current_mixture,0.1,10,1e-12,width,0.0,5,a_tau,0.0,,6.875
rc21,sweep_all,Input-Corner Stress,MLP,synthetic,N,1600,current_mixture,0.1,10,1e-12,width,0.0,6,margin_hat_min,4.0,,41.537
rc21,sweep_all,Input-Corner Stress,MLP,synthetic,N,1600,current_mixture,0.1,10,1e-12,width,0.0,6,d_eff,0.0,,41.537
rc21,sweep_all,Input-Corner Stress,MLP,synthetic,N,1600,current_mixture,0.1,10,1e-12,width,0.0,6,g_ibp,20.63885307311496,,0.001
rc21,sweep_all,Input-Corner Stress,MLP,synthetic,N,1600,current_mixture,0.1,10,1e-12,width,0.0,6,a_tau,0.0,,6.07
rc21,sweep_all,Input-Corner Stress,MLP,synthetic,N,1600,current_mixture,0.1,10,1e-12,width,0.0,7,margin_hat_min,4.0,,43.14
rc21,sweep_all,Input-Corner Stress,MLP,synthetic,N,1600,current_mixture,0.1,10,1e-12,width,0.0,7,d_eff,0.0,,43.14
rc21,sweep_all,Input-Corner Stress,MLP,synthetic,N,1600,current_mixture,0.1,10,1e-12,width,0.0,7,g_ibp,20.63885307311496,,0.002
rc21,sweep_all,Input-Corner Stress,MLP,synthetic,N,1600,current_mixture,0.1,10,1e-12,width,0.0,7,a_tau,0.0,,6.752
meap5,sweep_all,MEAP,MLP,synthetic,N,50,current_mixture,0.1,10,1e-12,width,0.0,0,margin_hat_min,0.0010000000474974513,,2.699
meap5,sweep_all,MEAP,MLP,synthetic,N,50,current_mixture,0.1,10,1e-12,width,0.0,0,d_eff,64.4231316001059,,2.699
meap5,sweep_all,MEAP,MLP,synthetic,N,50,current_mixture,0.1,10,1e-12,width,0.0,0,g_ibp,724.0898983263686,,0.003
meap5,sweep_all,MEAP,MLP,synthetic,N,50,current_mixture,0.1,10,1e-12,width,0.0,0,a_tau,3.295836866004329,,0.383
meap5,sweep_all,MEAP,MLP,synthetic,N,50,current_mixture,0.1,10,1e-12,width,0.0,1,margin_hat_min,0.0010000000474974513,,2.606
meap5,sweep_all,MEAP,MLP,synthetic,N,50,current_mixture,0.1,10,1e-12,width,0.0,1,d_eff,63.205199629656164,,2.606
meap5,sweep_all,MEAP,MLP,synthetic,N,50,current_mixture,0.1,10,1e-12,width,0.0,1,g_ibp,724.0898983263686,,0.002
meap5,sweep_all,MEAP,MLP,synthetic,N,50,current_mixture,0.1,10,1e-12,width,0.0,1,a_tau,3.2188758248682006,,0.381
meap5,sweep_all,MEAP,MLP,synthetic,N,50,current_mixture,0.1,10,1e-12,width,0.0,2,margin_hat_min,0.0010000000474974513,,2.231
meap5,sweep_all,MEAP,MLP,synthetic,N,50,current_mixture,0.1,10,1e-12,width,0.0,2,d_eff,63.051191611813394,,2.231
meap5,sweep_all,MEAP,MLP,synthetic,N,50,current_mixture,0.1,10,1e-12,width,0.0,2,g_ibp,724.0898983263686,,0.003
meap5,sweep_all,MEAP,MLP,synthetic,N,50,current_mixture,0.1,10,1e-12,width,0.0,2,a_tau,3.332204510175204,,0.37
meap5,sweep_all,MEAP,MLP,synthetic,N,50,current_mixture,0.1,10,1e-12,width,0.0,3,margin_hat_min,0.0010000000474974513,,2.499
meap5,sweep_all,MEAP,MLP,synthetic,N,50,current_mixture,0.1,10,1e-12,width,0.0,3,d_eff,63.78764540375231,,2.499
meap5,sweep_all,MEAP,MLP,synthetic,N,50,current_mixture,0.1,10,1e-12,width,0.0,3,g_ibp,724.0898983263686,,0.002
meap5,sweep_all,MEAP,MLP,synthetic,N,50,current_mixture,0.1,10,1e-12,width,0.0,3,a_tau,3.1780538303479458,,0.403
meap5,sweep_all,MEAP,MLP,synthetic,N,50,current_mixture,0.1,10,1e-12,width,0.0,4,margin_hat_min,0.0010000000474974513,,2.595
meap5,sweep_all,MEAP,MLP,synthetic,N,50,current_mixture,0.1,10,1e-12,width,0.0,4,d_eff,62.97776724472932,,2.595
meap5,sweep_all,MEAP,MLP,synthetic,N,50,current_mixture,0.1,10,1e-12,width,0.0,4,g_ibp,724.0898983263686,,0.002
meap5,sweep_all,MEAP,MLP,synthetic,N,50,current_mixture,0.1,10,1e-12,width,0.0,4,a_tau,3.367295829986474,,0.356
meap5,sweep_all,MEAP,MLP,synthetic,N,50,current_mixture,0.1,10,1e-12,width,0.0,5,margin_hat_min,0.0010000000474974513,,2.623
meap5,sweep_all,MEAP,MLP,synthetic,N,50,current_mixture,0.1,10,1e-12,width,0.0,5,d_eff,63.63569832718614,,2.623
meap5,sweep_all,MEAP,MLP,synthetic,N,50,current_mixture,0.1,10,1e-12,width,0.0,5,g_ibp,724.0898983263686,,0.003
meap5,sweep_all,MEAP,MLP,synthetic,N,50,current_mixture,0.1,10,1e-12,width,0.0,5,a_tau,3.332204510175204,,0.362
meap5,sweep_all,MEAP,MLP,synthetic,N,50,current_mixture,0.1,10,1e-12,width,0.0,6,margin_hat_min,0.0010000000474974513,,2.532
meap5,sweep_all,MEAP,MLP,synthetic,N,50,current_mixture,0.1,10,1e-12,width,0.0,6,d_eff,63.983320783267075,,2.532
meap5,sweep_all,MEAP,MLP,synthetic,N,50,current_mixture,0.1,10,1e-12,width,0.0,6,g_ibp,724.0898983263686,,0.003
meap5,sweep_all,MEAP,MLP,synthetic,N,50,current_mixture,0.1,10,1e-12,width,0.0,6,a_tau,3.295836866004329,,0.401
meap5,sweep_all,MEAP,MLP,synthetic,N,50,current_mixture,0.1,10,1e-12,width,0.0,7,margin_hat_min,0.0010000000474974513,,2.585
meap5,sweep_all,MEAP,MLP,synthetic,N,50,current_mixture,0.1,10,1e-12,width,0.0,7,d_eff,63.50145219219746,,2.585
meap5,sweep_all,MEAP,MLP,synthetic,N,50,current_mixture,0.1,10,1e-12,width,0.0,7,g_ibp,724.0898983263686,,0.002
meap5,sweep_all,MEAP,MLP,synthetic,N,50,current_mixture,0.1,10,1e-12,width,0.0,7,a_tau,3.2188758248682006,,0.381
meap5,sweep_all,MEAP,MLP,synthetic,N,100,current_mixture,0.1,10,1e-12,width,0.0,0,margin_hat_min,0.0010000000474974513,,4.782
meap5,sweep_all,MEAP,MLP,synthetic,N,100,current_mixture,0.1,10,1e-12,width,0.0,0,d_eff,63.045635993838154,,4.782
meap5,sweep_all,MEAP,MLP,synthetic,N,100,current_mixture,0.1,10,1e-12,width,0.0,0,g_ibp,724.0898983263686,,0.003
meap5,sweep_all,MEAP,MLP,synthetic,N,100,current_mixture,0.1,10,1e-12,width,0.0,0,a_tau,3.367295829986474,,0.64
meap5,sweep_all,MEAP,MLP,synthetic,N,100,current_mixture,0.1,10,1e-12,width,0.0,1,margin_hat_min,0.0010000000474974513,,4.587
meap5,sweep_all,MEAP,MLP,synthetic,N,100,current_mixture,0.1,10,1e-12,width,0.0,1,d_eff,63.333131932007475,,4.587
meap5,sweep_all,MEAP,MLP,synthetic,N,100,current_mixture,0.1,10,1e-12,width,0.0,1,g_ibp,724.0898983263686,,0.002
meap5,sweep_all,MEAP,MLP,synthetic,N,100,current_mixture,0.1,10,1e-12,width,0.0,1,a_tau,3.4339872044851463,,0.698
meap5,sweep_all,MEAP,MLP,synthetic,N,100,current_mixture,0.1,10,1e-12,width,0.0,2,margin_hat_min,0.0010000000474974513,,4.655
meap5,sweep_all,MEAP,MLP,synthetic,N,100,current_mixture,0.1,10,1e-12,width,0.0,2,d_eff,63.32790890712301,,4.655
meap5,sweep_all,MEAP,MLP,synthetic,N,100,current_mixture,0.1,10,1e-12,width,0.0,2,g_ibp,724.0898983263686,,0.002
meap5,sweep_all,MEAP,MLP,synthetic,N,100,current_mixture,0.1,10,1e-12,width,0.0,2,a_tau,3.4657359027997265,,0.711
meap5,sweep_all,MEAP,MLP,synthetic,N,100,current_mixture,0.1,10,1e-12,width,0.0,3,margin_hat_min,0.0010000000474974513,,4.61
meap5,sweep_all,MEAP,MLP,synthetic,N,100,current_mixture,0.1,10,1e-12,width,0.0,3,d_eff,63.81495734165916,,4.61
meap5,sweep_all,MEAP,MLP,synthetic,N,100,current_mixture,0.1,10,1e-12,width,0.0,3,g_ibp,724.0898983263686,,0.002
meap5,sweep_all,MEAP,MLP,synthetic,N,100,current_mixture,0.1,10,1e-12,width,0.0,3,a_tau,3.4657359027997265,,0.736
meap5,sweep_all,MEAP,MLP,synthetic,N,100,current_mixture,0.1,10,1e-12,width,0.0,4,margin_hat_min,0.0010000000474974513,,4.57
meap5,sweep_all,MEAP,MLP,synthetic,N,100,current_mixture,0.1,10,1e-12,width,0.0,4,d_eff,63.35932855321416,,4.57
meap5,sweep_all,MEAP,MLP,synthetic,N,100,current_mixture,0.1,10,1e-12,width,0.0,4,g_ibp,724.0898983263686,,0.002
meap5,sweep_all,MEAP,MLP,synthetic,N,100,current_mixture,0.1,10,1e-12,width,0.0,4,a_tau,3.5553480614894135,,0.722
meap5,sweep_all,MEAP,MLP,synthetic,N,100,current_mixture,0.1,10,1e-12,width,0.0,5,margin_hat_min,0.0010000000474974513,,4.706
meap5,sweep_all,MEAP,MLP,synthetic,N,100,current_mixture,0.1,10,1e-12,width,0.0,5,d_eff,63.712901729469586,,4.706
meap5,sweep_all,MEAP,MLP,synthetic,N,100,current_mixture,0.1,10,1e-12,width,0.0,5,g_ibp,724.0898983263686,,0.003
meap5,sweep_all,MEAP,MLP,synthetic,N,100,current_mixture,0.1,10,1e-12,width,0.0,5,a_tau,3.4965075614664802,,0.775
meap5,sweep_all,MEAP,MLP,synthetic,N,100,current_mixture,0.1,10,1e-12,width,0.0,6,margin_hat_min,0.0010000000474974513,,4.577
meap5,sweep_all,MEAP,MLP,synthetic,N,100,current_mixture,0.1,10,1e-12,width,0.0,6,d_eff,63.66747788666098,,4.577
meap5,sweep_all,MEAP,MLP,synthetic,N,100,current_mixture,0.1,10,1e-12,width,0.0,6,g_ibp,724.0898983263686,,0.003
meap5,sweep_all,MEAP,MLP,synthetic,N,100,current_mixture,0.1,10,1e-12,width,0.0,6,a_tau,3.4011973816621555,,0.76
meap5,sweep_all,MEAP,MLP,synthetic,N,100,current_mixture,0.1,10,1e-12,width,0.0,7,margin_hat_min,0.0010000000474974513,,4.622
meap5,sweep_all,MEAP,MLP,synthetic,N,100,current_mixture,0.1,10,1e-12,width,0.0,7,d_eff,63.723582211511854,,4.622
meap5,sweep_all,MEAP,MLP,synthetic,N,100,current_mixture,0.1,10,1e-12,width,0.0,7,g_ibp,724.0898983263686,,0.003
meap5,sweep_all,MEAP,MLP,synthetic,N,100,current_mixture,0.1,10,1e-12,width,0.0,7,a_tau,3.4011973816621555,,0.772
meap5,sweep_all,MEAP,MLP,synthetic,N,200,current_mixture,0.1,10,1e-12,width,0.0,0,margin_hat_min,0.0010000000474974513,,10.695
meap5,sweep_all,MEAP,MLP,synthetic,N,200,current_mixture,0.1,10,1e-12,width,0.0,0,d_eff,63.800604783222084,,10.695
meap5,sweep_all,MEAP,MLP,synthetic,N,200,current_mixture,0.1,10,1e-12,width,0.0,0,g_ibp,724.0898983263686,,0.003
meap5,sweep_all,MEAP,MLP,synthetic,N,200,current_mixture,0.1,10,1e-12,width,0.0,0,a_tau,3.4965075614664802,,1.434
meap5,sweep_all,MEAP,MLP,synthetic,N,200,current_mixture,0.1,10,1e-12,width,0.0,1,margin_hat_min,0.0010000000474974513,,13.509
meap5,sweep_all,MEAP,MLP,synthetic,N,200,current_mixture,0.1,10,1e-12,width,0.0,1,d_eff,63.93174589255786,,13.509
meap5,sweep_all,MEAP,MLP,synthetic,N,200,current_mixture,0.1,10,1e-12,width,0.0,1,g_ibp,724.0898983263686,,0.003
meap5,sweep_all,MEAP,MLP,synthetic,N,200,current_mixture,0.1,10,1e-12,width,0.0,1,a_tau,3.5263605246161616,,1.41
meap5,sweep_all,MEAP,MLP,synthetic,N,200,current_mixture,0.1,10,1e-12,width,0.0,2,margin_hat_min,0.0010000000474974513,,13.529
meap5,sweep_all,MEAP,MLP,synthetic,N,200,current_mixture,0.1,10,1e-12,width,0.0,2,d_eff,63.29976801663897,,13.529
meap5,sweep_all,MEAP,MLP,synthetic,N,200,current_mixture,0.1,10,1e-12,width,0.0,2,g_ibp,724.0898983263686,,0.002
meap5,sweep_all,MEAP,MLP,synthetic,N,200,current_mixture,0.1,10,1e-12,width,0.0,2,a_tau,3.5553480614894135,,1.457
meap5,sweep_all,MEAP,MLP,synthetic,N,200,current_mixture,0.1,10,1e-12,width,0.0,3,margin_hat_min,0.0010000000474974513,,13.221
meap5,sweep_all,MEAP,MLP,synthetic,N,200,current_mixture,0.1,10,1e-12,width,0.0,3,d_eff,63.991994576642185,,13.221
meap5,sweep_all,MEAP,MLP,synthetic,N,200,current_mixture,0.1,10,1e-12,width,0.0,3,g_ibp,724.0898983263686,,0.003
meap5,sweep_all,MEAP,MLP,synthetic,N,200,current_mixture,0.1,10,1e-12,width,0.0,3,a_tau,3.6375861597263857,,1.442
meap5,sweep_all,MEAP,MLP,synthetic,N,200,current_mixture,0.1,10,1e-12,width,0.0,4,margin_hat_min,0.0010000000474974513,,13.269
meap5,sweep_all,MEAP,MLP,synthetic,N,200,current_mixture,0.1,10,1e-12,width,0.0,4,d_eff,63.538951006382725,,13.269
meap5,sweep_all,MEAP,MLP,synthetic,N,200,current_mixture,0.1,10,1e-12,width,0.0,4,g_ibp,724.0898983263686,,0.002
meap5,sweep_all,MEAP,MLP,synthetic,N,200,current_mixture,0.1,10,1e-12,width,0.0,4,a_tau,3.6109179126442243,,1.449
meap5,sweep_all,MEAP,MLP,synthetic,N,200,current_mixture,0.1,10,1e-12,width,0.0,5,margin_hat_min,0.0010000000474974513,,13.622
meap5,sweep_all,MEAP,MLP,synthetic,N,200,current_mixture,0.1,10,1e-12,width,0.0,5,d_eff,63.73354736288928,,13.622
meap5,sweep_all,MEAP,MLP,synthetic,N,200,current_mixture,0.1,10,1e-12,width,0.0,5,g_ibp,724.0898983263686,,0.003
meap5,sweep_all,MEAP,MLP,synthetic,N,200,current_mixture,0.1,10,1e-12,width,0.0,5,a_tau,3.58351893845611,,1.542
meap5,sweep_all,MEAP,MLP,synthetic,N,200,current_mixture,0.1,10,1e-12,width,0.0,6,margin_hat_min,0.0010000000474974513,,13.223
meap5,sweep_all,MEAP,MLP,synthetic,N,200,current_mixture,0.1,10,1e-12,width,0.0,6,d_eff,63.332286959732535,,13.223
meap5,sweep_all,MEAP,MLP,synthetic,N,200,current_mixture,0.1,10,1e-12,width,0.0,6,g_ibp,724.0898983263686,,0.003
meap5,sweep_all,MEAP,MLP,synthetic,N,200,current_mixture,0.1,10,1e-12,width,0.0,6,a_tau,3.58351893845611,,1.481
meap5,sweep_all,MEAP,MLP,synthetic,N,200,current_mixture,0.1,10,1e-12,width,0.0,7,margin_hat_min,0.0010000000474974513,,13.351
meap5,sweep_all,MEAP,MLP,synthetic,N,200,current_mixture,0.1,10,1e-12,width,0.0,7,d_eff,63.45804036498631,,13.351
meap5,sweep_all,MEAP,MLP,synthetic,N,200,current_mixture,0.1,10,1e-12,width,0.0,7,g_ibp,724.0898983263686,,0.003
meap5,sweep_all,MEAP,MLP,synthetic,N,200,current_mixture,0.1,10,1e-12,width,0.0,7,a_tau,3.4965075614664802,,1.522
meap5,sweep_all,MEAP,MLP,synthetic,N,400,current_mixture,0.1,10,1e-12,width,0.0,0,margin_hat_min,0.0010000000474974513,,26.485
meap5,sweep_all,MEAP,MLP,synthetic,N,400,current_mixture,0.1,10,1e-12,width,0.0,0,d_eff,63.62076650721916,,26.485
meap5,sweep_all,MEAP,MLP,synthetic,N,400,current_mixture,0.1,10,1e-12,width,0.0,0,g_ibp,724.0898983263686,,0.003
meap5,sweep_all,MEAP,MLP,synthetic,N,400,current_mixture,0.1,10,1e-12,width,0.0,0,a_tau,3.6635616461296463,,2.785
meap5,sweep_all,MEAP,MLP,synthetic,N,400,current_mixture,0.1,10,1e-12,width,0.0,1,margin_hat_min,0.0010000000474974513,,20.294
meap5,sweep_all,MEAP,MLP,synthetic,N,400,current_mixture,0.1,10,1e-12,width,0.0,1,d_eff,63.815246181080234,,20.294
meap5,sweep_all,MEAP,MLP,synthetic,N,400,current_mixture,0.1,10,1e-12,width,0.0,1,g_ibp,724.0898983263686,,0.002
meap5,sweep_all,MEAP,MLP,synthetic,N,400,current_mixture,0.1,10,1e-12,width,0.0,1,a_tau,3.6375861597263857,,2.019
meap5,sweep_all,MEAP,MLP,synthetic,N,400,current_mixture,0.1,10,1e-12,width,0.0,2,margin_hat_min,0.0010000000474974513,,26.535
meap5,sweep_all,MEAP,MLP,synthetic,N,400,current_mixture,0.1,10,1e-12,width,0.0,2,d_eff,63.61890128718461,,26.535
meap5,sweep_all,MEAP,MLP,synthetic,N,400,current_mixture,0.1,10,1e-12,width,0.0,2,g_ibp,724.0898983263686,,0.002
meap5,sweep_all,MEAP,MLP,synthetic,N,400,current_mixture,0.1,10,1e-12,width,0.0,2,a_tau,3.7376696182833684,,2.815
meap5,sweep_all,MEAP,MLP,synthetic,N,400,current_mixture,0.1,10,1e-12,width,0.0,3,margin_hat_min,0.0010000000474974513,,27.035
meap5,sweep_all,MEAP,MLP,synthetic,N,400,current_mixture,0.1,10,1e-12,width,0.0,3,d_eff,64.05959653027858,,27.035
meap5,sweep_all,MEAP,MLP,synthetic,N,400,current_mixture,0.1,10,1e-12,width,0.0,3,g_ibp,724.0898983263686,,0.003
meap5,sweep_all,MEAP,MLP,synthetic,N,400,current_mixture,0.1,10,1e-12,width,0.0,3,a_tau,3.784189633918261,,2.898
meap5,sweep_all,MEAP,MLP,synthetic,N,400,current_mixture,0.1,10,1e-12,width,0.0,4,margin_hat_min,0.0010000000474974513,,27.333
meap5,sweep_all,MEAP,MLP,synthetic,N,400,current_mixture,0.1,10,1e-12,width,0.0,4,d_eff,63.83073895467583,,27.333
meap5,sweep_all,MEAP,MLP,synthetic,N,400,current_mixture,0.1,10,1e-12,width,0.0,4,g_ibp,724.0898983263686,,0.002
meap5,sweep_all,MEAP,MLP,synthetic,N,400,current_mixture,0.1,10,1e-12,width,0.0,4,a_tau,3.828641396489095,,2.952
meap5,sweep_all,MEAP,MLP,synthetic,N,400,current_mixture,0.1,10,1e-12,width,0.0,5,margin_hat_min,0.0010000000474974513,,27.728
meap5,sweep_all,MEAP,MLP,synthetic,N,400,current_mixture,0.1,10,1e-12,width,0.0,5,d_eff,63.6911726120182,,27.728
meap5,sweep_all,MEAP,MLP,synthetic,N,400,current_mixture,0.1,10,1e-12,width,0.0,5,g_ibp,724.0898983263686,,0.003
meap5,sweep_all,MEAP,MLP,synthetic,N,400,current_mixture,0.1,10,1e-12,width,0.0,5,a_tau,3.6109179126442243,,2.987
meap5,sweep_all,MEAP,MLP,synthetic,N,400,current_mixture,0.1,10,1e-12,width,0.0,6,margin_hat_min,0.0010000000474974513,,27.039
meap5,sweep_all,MEAP,MLP,synthetic,N,400,current_mixture,0.1,10,1e-12,width,0.0,6,d_eff,63.886751093236995,,27.039
meap5,sweep_all,MEAP,MLP,synthetic,N,400,current_mixture,0.1,10,1e-12,width,0.0,6,g_ibp,724.0898983263686,,0.002
meap5,sweep_all,MEAP,MLP,synthetic,N,400,current_mixture,0.1,10,1e-12,width,0.0,6,a_tau,3.6635616461296463,,2.919
meap5,sweep_all,MEAP,MLP,synthetic,N,400,current_mixture,0.1,10,1e-12,width,0.0,7,margin_hat_min,0.0010000000474974513,,27.091
meap5,sweep_all,MEAP,MLP,synthetic,N,400,current_mixture,0.1,10,1e-12,width,0.0,7,d_eff,63.80034446166782,,27.091
meap5,sweep_all,MEAP,MLP,synthetic,N,400,current_mixture,0.1,10,1e-12,width,0.0,7,g_ibp,724.0898983263686,,0.003
meap5,sweep_all,MEAP,MLP,synthetic,N,400,current_mixture,0.1,10,1e-12,width,0.0,7,a_tau,3.6109179126442243,,2.951
meap5,sweep_all,MEAP,MLP,synthetic,N,800,current_mixture,0.1,10,1e-12,width,0.0,0,margin_hat_min,0.0010000000474974513,,37.873
meap5,sweep_all,MEAP,MLP,synthetic,N,800,current_mixture,0.1,10,1e-12,width,0.0,0,d_eff,63.63227813380252,,37.873
meap5,sweep_all,MEAP,MLP,synthetic,N,800,current_mixture,0.1,10,1e-12,width,0.0,0,g_ibp,724.0898983263686,,0.002
meap5,sweep_all,MEAP,MLP,synthetic,N,800,current_mixture,0.1,10,1e-12,width,0.0,0,a_tau,3.871201010907891,,4.14
meap5,sweep_all,MEAP,MLP,synthetic,N,800,current_mixture,0.1,10,1e-12,width,0.0,1,margin_hat_min,0.0010000000474974513,,42.225
meap5,sweep_all,MEAP,MLP,synthetic,N,800,current_mixture,0.1,10,1e-12,width,0.0,1,d_eff,63.76116059876178,,42.225
meap5,sweep_all,MEAP,MLP,synthetic,N,800,current_mixture,0.1,10,1e-12,width,0.0,1,g_ibp,724.0898983263686,,0.003
meap5,sweep_all,MEAP,MLP,synthetic,N,800,current_mixture,0.1,10,1e-12,width,0.0,1,a_tau,3.8066624897703196,,5.55
meap5,sweep_all,MEAP,MLP,synthetic,N,800,current_mixture,0.1,10,1e-12,width,0.0,2,margin_hat_min,0.0010000000474974513,,43.111
meap5,sweep_all,MEAP,MLP,synthetic,N,800,current_mixture,0.1,10,1e-12,width,0.0,2,d_eff,63.71967191998745,,43.111
meap5,sweep_all,MEAP,MLP,synthetic,N,800,current_mixture,0.1,10,1e-12,width,0.0,2,g_ibp,724.0898983263686,,0.002
meap5,sweep_all,MEAP,MLP,synthetic,N,800,current_mixture,0.1,10,1e-12,width,0.0,2,a_tau,3.9318256327243257,,5.748
meap5,sweep_all,MEAP,MLP,synthetic,N,800,current_mixture,0.1,10,1e-12,width,0.0,3,margin_hat_min,0.0010000000474974513,,42.231
meap5,sweep_all,MEAP,MLP,synthetic,N,800,current_mixture,0.1,10,1e-12,width,0.0,3,d_eff,63.79321779824154,,42.231
meap5,sweep_all,MEAP,MLP,synthetic,N,800,current_mixture,0.1,10,1e-12,width,0.0,3,g_ibp,724.0898983263686,,0.003
meap5,sweep_all,MEAP,MLP,synthetic,N,800,current_mixture,0.1,10,1e-12,width,0.0,3,a_tau,3.8918202981106265,,5.581
meap5,sweep_all,MEAP,MLP,synthetic,N,800,current_mixture,0.1,10,1e-12,width,0.0,4,margin_hat_min,0.0010000000474974513,,42.353
meap5,sweep_all,MEAP,MLP,synthetic,N,800,current_mixture,0.1,10,1e-12,width,0.0,4,d_eff,63.90963184680059,,42.353
meap5,sweep_all,MEAP,MLP,synthetic,N,800,current_mixture,0.1,10,1e-12,width,0.0,4,g_ibp,724.0898983263686,,0.003
meap5,sweep_all,MEAP,MLP,synthetic,N,800,current_mixture,0.1,10,1e-12,width,0.0,4,a_tau,4.060443010546419,,5.603
meap5,sweep_all,MEAP,MLP,synthetic,N,800,current_mixture,0.1,10,1e-12,width,0.0,5,margin_hat_min,0.0010000000474974513,,42.293
meap5,sweep_all,MEAP,MLP,synthetic,N,800,current_mixture,0.1,10,1e-12,width,0.0,5,d_eff,63.85554550569086,,42.293
meap5,sweep_all,MEAP,MLP,synthetic,N,800,current_mixture,0.1,10,1e-12,width,0.0,5,g_ibp,724.0898983263686,,0.003
meap5,sweep_all,MEAP,MLP,synthetic,N,800,current_mixture,0.1,10,1e-12,width,0.0,5,a_tau,3.828641396489095,,5.468
meap5,sweep_all,MEAP,MLP,synthetic,N,800,current_mixture,0.1,10,1e-12,width,0.0,6,margin_hat_min,0.0010000000474974513,,43.503
meap5,sweep_all,MEAP,MLP,synthetic,N,800,current_mixture,0.1,10,1e-12,width,0.0,6,d_eff,64.01357473848014,,43.503
meap5,sweep_all,MEAP,MLP,synthetic,N,800,current_mixture,0.1,10,1e-12,width,0.0,6,g_ibp,724.0898983263686,,0.003
meap5,sweep_all,MEAP,MLP,synthetic,N,800,current_mixture,0.1,10,1e-12,width,0.0,6,a_tau,3.9889840465642745,,5.875
meap5,sweep_all,MEAP,MLP,synthetic,N,800,current_mixture,0.1,10,1e-12,width,0.0,7,margin_hat_min,0.0010000000474974513,,42.435
meap5,sweep_all,MEAP,MLP,synthetic,N,800,current_mixture,0.1,10,1e-12,width,0.0,7,d_eff,63.898655268527875,,42.435
meap5,sweep_all,MEAP,MLP,synthetic,N,800,current_mixture,0.1,10,1e-12,width,0.0,7,g_ibp,724.0898983263686,,0.003
meap5,sweep_all,MEAP,MLP,synthetic,N,800,current_mixture,0.1,10,1e-12,width,0.0,7,a_tau,3.713572066704308,,5.684
meap5,sweep_all,MEAP,MLP,synthetic,N,1600,current_mixture,0.1,10,1e-12,width,0.0,0,margin_hat_min,0.0010000000474974513,,57.552
meap5,sweep_all,MEAP,MLP,synthetic,N,1600,current_mixture,0.1,10,1e-12,width,0.0,0,d_eff,63.65688127442718,,57.552
meap5,sweep_all,MEAP,MLP,synthetic,N,1600,current_mixture,0.1,10,1e-12,width,0.0,0,g_ibp,724.0898983263686,,0.002
meap5,sweep_all,MEAP,MLP,synthetic,N,1600,current_mixture,0.1,10,1e-12,width,0.0,0,a_tau,4.127134385045092,,8.712
meap5,sweep_all,MEAP,MLP,synthetic,N,1600,current_mixture,0.1,10,1e-12,width,0.0,1,margin_hat_min,0.0010000000474974513,,58.217
meap5,sweep_all,MEAP,MLP,synthetic,N,1600,current_mixture,0.1,10,1e-12,width,0.0,1,d_eff,63.819939824165125,,58.217
meap5,sweep_all,MEAP,MLP,synthetic,N,1600,current_mixture,0.1,10,1e-12,width,0.0,1,g_ibp,724.0898983263686,,0.002
meap5,sweep_all,MEAP,MLP,synthetic,N,1600,current_mixture,0.1,10,1e-12,width,0.0,1,a_tau,4.127134385045092,,9.062
meap5,sweep_all,MEAP,MLP,synthetic,N,1600,current_mixture,0.1,10,1e-12,width,0.0,2,margin_hat_min,0.0010000000474974513,,56.386
meap5,sweep_all,MEAP,MLP,synthetic,N,1600,current_mixture,0.1,10,1e-12,width,0.0,2,d_eff,63.67127612319633,,56.386
meap5,sweep_all,MEAP,MLP,synthetic,N,1600,current_mixture,0.1,10,1e-12,width,0.0,2,g_ibp,724.0898983263686,,0.002
meap5,sweep_all,MEAP,MLP,synthetic,N,1600,current_mixture,0.1,10,1e-12,width,0.0,2,a_tau,4.276666119016055,,8.806
meap5,sweep_all,MEAP,MLP,synthetic,N,1600,current_mixture,0.1,10,1e-12,width,0.0,3,margin_hat_min,0.0010000000474974513,,56.339
meap5,sweep_all,MEAP,MLP,synthetic,N,1600,current_mixture,0.1,10,1e-12,width,0.0,3,d_eff,63.92966233333133,,56.339
meap5,sweep_all,MEAP,MLP,synthetic,N,1600,current_mixture,0.1,10,1e-12,width,0.0,3,g_ibp,724.0898983263686,,0.002
meap5,sweep_all,MEAP,MLP,synthetic,N,1600,current_mixture,0.1,10,1e-12,width,0.0,3,a_tau,4.23410650459726,,8.645
meap5,sweep_all,MEAP,MLP,synthetic,N,1600,current_mixture,0.1,10,1e-12,width,0.0,4,margin_hat_min,0.0010000000474974513,,74.858
meap5,sweep_all,MEAP,MLP,synthetic,N,1600,current_mixture,0.1,10,1e-12,width,0.0,4,d_eff,63.91313480161675,,74.858
meap5,sweep_all,MEAP,MLP,synthetic,N,1600,current_mixture,0.1,10,1e-12,width,0.0,4,g_ibp,724.0898983263686,,0.003
meap5,sweep_all,MEAP,MLP,synthetic,N,1600,current_mixture,0.1,10,1e-12,width,0.0,4,a_tau,4.382026634673881,,11.622
meap5,sweep_all,MEAP,MLP,synthetic,N,1600,current_mixture,0.1,10,1e-12,width,0.0,5,margin_hat_min,0.0010000000474974513,,72.959
meap5,sweep_all,MEAP,MLP,synthetic,N,1600,current_mixture,0.1,10,1e-12,width,0.0,5,d_eff,63.72107096373447,,72.959
meap5,sweep_all,MEAP,MLP,synthetic,N,1600,current_mixture,0.1,10,1e-12,width,0.0,5,g_ibp,724.0898983263686,,0.003
meap5,sweep_all,MEAP,MLP,synthetic,N,1600,current_mixture,0.1,10,1e-12,width,0.0,5,a_tau,4.248495242049359,,11.091
meap5,sweep_all,MEAP,MLP,synthetic,N,1600,current_mixture,0.1,10,1e-12,width,0.0,6,margin_hat_min,0.0010000000474974513,,72.697
meap5,sweep_all,MEAP,MLP,synthetic,N,1600,current_mixture,0.1,10,1e-12,width,0.0,6,d_eff,63.88823180665255,,72.697
meap5,sweep_all,MEAP,MLP,synthetic,N,1600,current_mixture,0.1,10,1e-12,width,0.0,6,g_ibp,724.0898983263686,,0.003
meap5,sweep_all,MEAP,MLP,synthetic,N,1600,current_mixture,0.1,10,1e-12,width,0.0,6,a_tau,4.31748811353631,,11.294
meap5,sweep_all,MEAP,MLP,synthetic,N,1600,current_mixture,0.1,10,1e-12,width,0.0,7,margin_hat_min,0.0010000000474974513,,74.618
meap5,sweep_all,MEAP,MLP,synthetic,N,1600,current_mixture,0.1,10,1e-12,width,0.0,7,d_eff,63.95313721572282,,74.618
meap5,sweep_all,MEAP,MLP,synthetic,N,1600,current_mixture,0.1,10,1e-12,width,0.0,7,g_ibp,724.0898983263686,,0.003
meap5,sweep_all,MEAP,MLP,synthetic,N,1600,current_mixture,0.1,10,1e-12,width,0.0,7,a_tau,4.04305126783455,,11.938
meap4,sweep_all,MEAP,MLP,synthetic,N,50,current_mixture,0.1,10,1e-12,width,0.0,0,margin_hat_min,0.0010000000474974513,,4.353
meap4,sweep_all,MEAP,MLP,synthetic,N,50,current_mixture,0.1,10,1e-12,width,0.0,0,d_eff,64.57822241757972,,4.353
meap4,sweep_all,MEAP,MLP,synthetic,N,50,current_mixture,0.1,10,1e-12,width,0.0,0,g_ibp,5365.0897056746335,,0.006
meap4,sweep_all,MEAP,MLP,synthetic,N,50,current_mixture,0.1,10,1e-12,width,0.0,0,a_tau,3.784189633918261,,0.653
meap4,sweep_all,MEAP,MLP,synthetic,N,50,current_mixture,0.1,10,1e-12,width,0.0,1,margin_hat_min,0.0010000000474974513,,4.465
meap4,sweep_all,MEAP,MLP,synthetic,N,50,current_mixture,0.1,10,1e-12,width,0.0,1,d_eff,63.73354173483266,,4.465
meap4,sweep_all,MEAP,MLP,synthetic,N,50,current_mixture,0.1,10,1e-12,width,0.0,1,g_ibp,5365.0897056746335,,0.004
meap4,sweep_all,MEAP,MLP,synthetic,N,50,current_mixture,0.1,10,1e-12,width,0.0,1,a_tau,3.8501476017100584,,0.68
meap4,sweep_all,MEAP,MLP,synthetic,N,50,current_mixture,0.1,10,1e-12,width,0.0,2,margin_hat_min,0.0010000000474974513,,4.389
meap4,sweep_all,MEAP,MLP,synthetic,N,50,current_mixture,0.1,10,1e-12,width,0.0,2,d_eff,63.75742082472397,,4.389
meap4,sweep_all,MEAP,MLP,synthetic,N,50,current_mixture,0.1,10,1e-12,width,0.0,2,g_ibp,5365.0897056746335,,0.004
meap4,sweep_all,MEAP,MLP,synthetic,N,50,current_mixture,0.1,10,1e-12,width,0.0,2,a_tau,3.7376696182833684,,0.663
meap4,sweep_all,MEAP,MLP,synthetic,N,50,current_mixture,0.1,10,1e-12,width,0.0,3,margin_hat_min,0.0010000000474974513,,4.426
meap4,sweep_all,MEAP,MLP,synthetic,N,50,current_mixture,0.1,10,1e-12,width,0.0,3,d_eff,63.944896936123115,,4.426
meap4,sweep_all,MEAP,MLP,synthetic,N,50,current_mixture,0.1,10,1e-12,width,0.0,3,g_ibp,5365.0897056746335,,0.004
meap4,sweep_all,MEAP,MLP,synthetic,N,50,current_mixture,0.1,10,1e-12,width,0.0,3,a_tau,3.8501476017100584,,0.664
meap4,sweep_all,MEAP,MLP,synthetic,N,50,current_mixture,0.1,10,1e-12,width,0.0,4,margin_hat_min,0.0010000000474974513,,4.39
meap4,sweep_all,MEAP,MLP,synthetic,N,50,current_mixture,0.1,10,1e-12,width,0.0,4,d_eff,64.16456980032335,,4.39
meap4,sweep_all,MEAP,MLP,synthetic,N,50,current_mixture,0.1,10,1e-12,width,0.0,4,g_ibp,5365.0897056746335,,0.004
meap4,sweep_all,MEAP,MLP,synthetic,N,50,current_mixture,0.1,10,1e-12,width,0.0,4,a_tau,3.8501476017100584,,0.69
meap4,sweep_all,MEAP,MLP,synthetic,N,50,current_mixture,0.1,10,1e-12,width,0.0,5,margin_hat_min,0.0010000000474974513,,4.021
meap4,sweep_all,MEAP,MLP,synthetic,N,50,current_mixture,0.1,10,1e-12,width,0.0,5,d_eff,63.45135668047177,,4.021
meap4,sweep_all,MEAP,MLP,synthetic,N,50,current_mixture,0.1,10,1e-12,width,0.0,5,g_ibp,5365.0897056746335,,0.006
meap4,sweep_all,MEAP,MLP,synthetic,N,50,current_mixture,0.1,10,1e-12,width,0.0,5,a_tau,3.8066624897703196,,0.674
meap4,sweep_all,MEAP,MLP,synthetic,N,50,current_mixture,0.1,10,1e-12,width,0.0,6,margin_hat_min,0.0010000000474974513,,3.707
meap4,sweep_all,MEAP,MLP,synthetic,N,50,current_mixture,0.1,10,1e-12,width,0.0,6,d_eff,64.10021320876612,,3.707
meap4,sweep_all,MEAP,MLP,synthetic,N,50,current_mixture,0.1,10,1e-12,width,0.0,6,g_ibp,5365.0897056746335,,0.006
meap4,sweep_all,MEAP,MLP,synthetic,N,50,current_mixture,0.1,10,1e-12,width,0.0,6,a_tau,3.828641396489095,,0.602
meap4,sweep_all,MEAP,MLP,synthetic,N,50,current_mixture,0.1,10,1e-12,width,0.0,7,margin_hat_min,0.0010000000474974513,,4.466
meap4,sweep_all,MEAP,MLP,synthetic,N,50,current_mixture,0.1,10,1e-12,width,0.0,7,d_eff,63.277740025485905,,4.466
meap4,sweep_all,MEAP,MLP,synthetic,N,50,current_mixture,0.1,10,1e-12,width,0.0,7,g_ibp,5365.0897056746335,,0.004
meap4,sweep_all,MEAP,MLP,synthetic,N,50,current_mixture,0.1,10,1e-12,width,0.0,7,a_tau,3.8066624897703196,,0.643
meap4,sweep_all,MEAP,MLP,synthetic,N,100,current_mixture,0.1,10,1e-12,width,0.0,0,margin_hat_min,0.0010000000474974513,,8.066
meap4,sweep_all,MEAP,MLP,synthetic,N,100,current_mixture,0.1,10,1e-12,width,0.0,0,d_eff,63.94455731355342,,8.066
meap4,sweep_all,MEAP,MLP,synthetic,N,100,current_mixture,0.1,10,1e-12,width,0.0,0,g_ibp,5365.0897056746335,,0.006
meap4,sweep_all,MEAP,MLP,synthetic,N,100,current_mixture,0.1,10,1e-12,width,0.0,0,a_tau,4.3694478524670215,,1.264
meap4,sweep_all,MEAP,MLP,synthetic,N,100,current_mixture,0.1,10,1e-12,width,0.0,1,margin_hat_min,0.0010000000474974513,,8.121
meap4,sweep_all,MEAP,MLP,synthetic,N,100,current_mixture,0.1,10,1e-12,width,0.0,1,d_eff,63.94489038538491,,8.121
meap4,sweep_all,MEAP,MLP,synthetic,N,100,current_mixture,0.1,10,1e-12,width,0.0,1,g_ibp,5365.0897056746335,,0.004
meap4,sweep_all,MEAP,MLP,synthetic,N,100,current_mixture,0.1,10,1e-12,width,0.0,1,a_tau,4.51085950651685,,1.323
meap4,sweep_all,MEAP,MLP,synthetic,N,100,current_mixture,0.1,10,1e-12,width,0.0,2,margin_hat_min,0.0010000000474974513,,8.137
meap4,sweep_all,MEAP,MLP,synthetic,N,100,current_mixture,0.1,10,1e-12,width,0.0,2,d_eff,64.22853801639597,,8.137
meap4,sweep_all,MEAP,MLP,synthetic,N,100,current_mixture,0.1,10,1e-12,width,0.0,2,g_ibp,5365.0897056746335,,0.004
meap4,sweep_all,MEAP,MLP,synthetic,N,100,current_mixture,0.1,10,1e-12,width,0.0,2,a_tau,4.394449154672439,,1.405
meap4,sweep_all,MEAP,MLP,synthetic,N,100,current_mixture,0.1,10,1e-12,width,0.0,3,margin_hat_min,0.0010000000474974513,,8.136
meap4,sweep_all,MEAP,MLP,synthetic,N,100,current_mixture,0.1,10,1e-12,width,0.0,3,d_eff,64.10926921115049,,8.136
meap4,sweep_all,MEAP,MLP,synthetic,N,100,current_mixture,0.1,10,1e-12,width,0.0,3,g_ibp,5365.0897056746335,,0.004
meap4,sweep_all,MEAP,MLP,synthetic,N,100,current_mixture,0.1,10,1e-12,width,0.0,3,a_tau,4.477336814478207,,1.395
meap4,sweep_all,MEAP,MLP,synthetic,N,100,current_mixture,0.1,10,1e-12,width,0.0,4,margin_hat_min,0.0010000000474974513,,8.109
meap4,sweep_all,MEAP,MLP,synthetic,N,100,current_mixture,0.1,10,1e-12,width,0.0,4,d_eff,63.98884829467052,,8.109
meap4,sweep_all,MEAP,MLP,synthetic,N,100,current_mixture,0.1,10,1e-12,width,0.0,4,g_ibp,5365.0897056746335,,0.006
meap4,sweep_all,MEAP,MLP,synthetic,N,100,current_mixture,0.1,10,1e-12,width,0.0,4,a_tau,4.465908118654584,,1.394
meap4,sweep_all,MEAP,MLP,synthetic,N,100,current_mixture,0.1,10,1e-12,width,0.0,5,margin_hat_min,0.0010000000474974513,,7.937
meap4,sweep_all,MEAP,MLP,synthetic,N,100,current_mixture,0.1,10,1e-12,width,0.0,5,d_eff,63.34074016627053,,7.937
meap4,sweep_all,MEAP,MLP,synthetic,N,100,current_mixture,0.1,10,1e-12,width,0.0,5,g_ibp,5365.0897056746335,,0.005
meap4,sweep_all,MEAP,MLP,synthetic,N,100,current_mixture,0.1,10,1e-12,width,0.0,5,a_tau,4.430816798843313,,1.368
meap4,sweep_all,MEAP,MLP,synthetic,N,100,current_mixture,0.1,10,1e-12,width,0.0,6,margin_hat_min,0.0010000000474974513,,6.283
meap4,sweep_all,MEAP,MLP,synthetic,N,100,current_mixture,0.1,10,1e-12,width,0.0,6,d_eff,64.30979619586678,,6.283
meap4,sweep_all,MEAP,MLP,synthetic,N,100,current_mixture,0.1,10,1e-12,width,0.0,6,g_ibp,5365.0897056746335,,0.004
meap4,sweep_all,MEAP,MLP,synthetic,N,100,current_mixture,0.1,10,1e-12,width,0.0,6,a_tau,4.442651256490317,,1.063
meap4,sweep_all,MEAP,MLP,synthetic,N,100,current_mixture,0.1,10,1e-12,width,0.0,7,margin_hat_min,0.0010000000474974513,,8.215
meap4,sweep_all,MEAP,MLP,synthetic,N,100,current_mixture,0.1,10,1e-12,width,0.0,7,d_eff,63.9694616789968,,8.215
meap4,sweep_all,MEAP,MLP,synthetic,N,100,current_mixture,0.1,10,1e-12,width,0.0,7,g_ibp,5365.0897056746335,,0.004
meap4,sweep_all,MEAP,MLP,synthetic,N,100,current_mixture,0.1,10,1e-12,width,0.0,7,a_tau,4.499809670330265,,1.301
meap4,sweep_all,MEAP,MLP,synthetic,N,200,current_mixture,0.1,10,1e-12,width,0.0,0,margin_hat_min,0.0010000000474974513,,23.836
meap4,sweep_all,MEAP,MLP,synthetic,N,200,current_mixture,0.1,10,1e-12,width,0.0,0,d_eff,64.03259831085875,,23.836
meap4,sweep_all,MEAP,MLP,synthetic,N,200,current_mixture,0.1,10,1e-12,width,0.0,0,g_ibp,5365.0897056746335,,0.005
meap4,sweep_all,MEAP,MLP,synthetic,N,200,current_mixture,0.1,10,1e-12,width,0.0,0,a_tau,4.955827057601261,,2.56
meap4,sweep_all,MEAP,MLP,synthetic,N,200,current_mixture,0.1,10,1e-12,width,0.0,1,margin_hat_min,0.0010000000474974513,,23.781
meap4,sweep_all,MEAP,MLP,synthetic,N,200,current_mixture,0.1,10,1e-12,width,0.0,1,d_eff,64.37598967206307,,23.781
meap4,sweep_all,MEAP,MLP,synthetic,N,200,current_mixture,0.1,10,1e-12,width,0.0,1,g_ibp,5365.0897056746335,,0.004
meap4,sweep_all,MEAP,MLP,synthetic,N,200,current_mixture,0.1,10,1e-12,width,0.0,1,a_tau,5.087596335232384,,2.591
meap4,sweep_all,MEAP,MLP,synthetic,N,200,current_mixture,0.1,10,1e-12,width,0.0,2,margin_hat_min,0.0010000000474974513,,19.362
meap4,sweep_all,MEAP,MLP,synthetic,N,200,current_mixture,0.1,10,1e-12,width,0.0,2,d_eff,63.612228300048564,,19.362
meap4,sweep_all,MEAP,MLP,synthetic,N,200,current_mixture,0.1,10,1e-12,width,0.0,2,g_ibp,5365.0897056746335,,0.004
meap4,sweep_all,MEAP,MLP,synthetic,N,200,current_mixture,0.1,10,1e-12,width,0.0,2,a_tau,4.9344739331306915,,2.065
meap4,sweep_all,MEAP,MLP,synthetic,N,200,current_mixture,0.1,10,1e-12,width,0.0,3,margin_hat_min,0.0010000000474974513,,18.985
meap4,sweep_all,MEAP,MLP,synthetic,N,200,current_mixture,0.1,10,1e-12,width,0.0,3,d_eff,64.14104090485228,,18.985
meap4,sweep_all,MEAP,MLP,synthetic,N,200,current_mixture,0.1,10,1e-12,width,0.0,3,g_ibp,5365.0897056746335,,0.004
meap4,sweep_all,MEAP,MLP,synthetic,N,200,current_mixture,0.1,10,1e-12,width,0.0,3,a_tau,4.990432586778736,,1.948
meap4,sweep_all,MEAP,MLP,synthetic,N,200,current_mixture,0.1,10,1e-12,width,0.0,4,margin_hat_min,0.0010000000474974513,,24.368
meap4,sweep_all,MEAP,MLP,synthetic,N,200,current_mixture,0.1,10,1e-12,width,0.0,4,d_eff,64.93242304596117,,24.368
meap4,sweep_all,MEAP,MLP,synthetic,N,200,current_mixture,0.1,10,1e-12,width,0.0,4,g_ibp,5365.0897056746335,,0.004
meap4,sweep_all,MEAP,MLP,synthetic,N,200,current_mixture,0.1,10,1e-12,width,0.0,4,a_tau,5.030437921392435,,2.666
meap4,sweep_all,MEAP,MLP,synthetic,N,200,current_mixture,0.1,10,1e-12,width,0.0,5,margin_hat_min,0.0010000000474974513,,24.522
meap4,sweep_all,MEAP,MLP,synthetic,N,200,current_mixture,0.1,10,1e-12,width,0.0,5,d_eff,63.86278269322348,,24.522
meap4,sweep_all,MEAP,MLP,synthetic,N,200,current_mixture,0.1,10,1e-12,width,0.0,5,g_ibp,5365.0897056746335,,0.004
meap4,sweep_all,MEAP,MLP,synthetic,N,200,current_mixture,0.1,10,1e-12,width,0.0,5,a_tau,5.017279836814924,,2.752
meap4,sweep_all,MEAP,MLP,synthetic,N,200,current_mixture,0.1,10,1e-12,width,0.0,6,margin_hat_min,0.0010000000474974513,,23.606
meap4,sweep_all,MEAP,MLP,synthetic,N,200,current_mixture,0.1,10,1e-12,width,0.0,6,d_eff,63.76064223423219,,23.606
meap4,sweep_all,MEAP,MLP,synthetic,N,200,current_mixture,0.1,10,1e-12,width,0.0,6,g_ibp,5365.0897056746335,,0.005
meap4,sweep_all,MEAP,MLP,synthetic,N,200,current_mixture,0.1,10,1e-12,width,0.0,6,a_tau,5.003946305945459,,2.601
meap4,sweep_all,MEAP,MLP,synthetic,N,200,current_mixture,0.1,10,1e-12,width,0.0,7,margin_hat_min,0.0010000000474974513,,24.08
meap4,sweep_all,MEAP,MLP,synthetic,N,200,current_mixture,0.1,10,1e-12,width,0.0,7,d_eff,64.22782598026969,,24.08
meap4,sweep_all,MEAP,MLP,synthetic,N,200,current_mixture,0.1,10,1e-12,width,0.0,7,g_ibp,5365.0897056746335,,0.004
meap4,sweep_all,MEAP,MLP,synthetic,N,200,current_mixture,0.1,10,1e-12,width,0.0,7,a_tau,4.990432586778736,,2.623
meap4,sweep_all,MEAP,MLP,synthetic,N,400,current_mixture,0.1,10,1e-12,width,0.0,0,margin_hat_min,0.0010000000474974513,,47.875
meap4,sweep_all,MEAP,MLP,synthetic,N,400,current_mixture,0.1,10,1e-12,width,0.0,0,d_eff,64.30626505001008,,47.875
meap4,sweep_all,MEAP,MLP,synthetic,N,400,current_mixture,0.1,10,1e-12,width,0.0,0,g_ibp,5365.0897056746335,,0.004
meap4,sweep_all,MEAP,MLP,synthetic,N,400,current_mixture,0.1,10,1e-12,width,0.0,0,a_tau,5.438079308923196,,5.098
meap4,sweep_all,MEAP,MLP,synthetic,N,400,current_mixture,0.1,10,1e-12,width,0.0,1,margin_hat_min,0.0010000000474974513,,46.912
meap4,sweep_all,MEAP,MLP,synthetic,N,400,current_mixture,0.1,10,1e-12,width,0.0,1,d_eff,64.02542738308114,,46.912
meap4,sweep_all,MEAP,MLP,synthetic,N,400,current_mixture,0.1,10,1e-12,width,0.0,1,g_ibp,5365.0897056746335,,0.004
meap4,sweep_all,MEAP,MLP,synthetic,N,400,current_mixture,0.1,10,1e-12,width,0.0,1,a_tau,5.493061443340548,,5.019
meap4,sweep_all,MEAP,MLP,synthetic,N,400,current_mixture,0.1,10,1e-12,width,0.0,2,margin_hat_min,0.0010000000474974513,,47.335
meap4,sweep_all,MEAP,MLP,synthetic,N,400,current_mixture,0.1,10,1e-12,width,0.0,2,d_eff,64.07571269728233,,47.335
meap4,sweep_all,MEAP,MLP,synthetic,N,400,current_mixture,0.1,10,1e-12,width,0.0,2,g_ibp,5365.0897056746335,,0.006
meap4,sweep_all,MEAP,MLP,synthetic,N,400,current_mixture,0.1,10,1e-12,width,0.0,2,a_tau,5.4116460518550396,,5.112
meap4,sweep_all,MEAP,MLP,synthetic,N,400,current_mixture,0.1,10,1e-12,width,0.0,3,margin_hat_min,0.0010000000474974513,,47.4
meap4,sweep_all,MEAP,MLP,synthetic,N,400,current_mixture,0.1,10,1e-12,width,0.0,3,d_eff,64.29008199464003,,47.4
meap4,sweep_all,MEAP,MLP,synthetic,N,400,current_mixture,0.1,10,1e-12,width,0.0,3,g_ibp,5365.0897056746335,,0.005
meap4,sweep_all,MEAP,MLP,synthetic,N,400,current_mixture,0.1,10,1e-12,width,0.0,3,a_tau,5.429345628954441,,5.084
meap4,sweep_all,MEAP,MLP,synthetic,N,400,current_mixture,0.1,10,1e-12,width,0.0,4,margin_hat_min,0.0010000000474974513,,48.349
meap4,sweep_all,MEAP,MLP,synthetic,N,400,current_mixture,0.1,10,1e-12,width,0.0,4,d_eff,64.31572903938299,,48.349
meap4,sweep_all,MEAP,MLP,synthetic,N,400,current_mixture,0.1,10,1e-12,width,0.0,4,g_ibp,5365.0897056746335,,0.004
meap4,sweep_all,MEAP,MLP,synthetic,N,400,current_mixture,0.1,10,1e-12,width,0.0,4,a_tau,5.459585514144159,,5.207
meap4,sweep_all,MEAP,MLP,synthetic,N,400,current_mixture,0.1,10,1e-12,width,0.0,5,margin_hat_min,0.0010000000474974513,,49.605
meap4,sweep_all,MEAP,MLP,synthetic,N,400,current_mixture,0.1,10,1e-12,width,0.0,5,d_eff,64.07026851030399,,49.605
meap4,sweep_all,MEAP,MLP,synthetic,N,400,current_mixture,0.1,10,1e-12,width,0.0,5,g_ibp,5365.0897056746335,,0.005
meap4,sweep_all,MEAP,MLP,synthetic,N,400,current_mixture,0.1,10,1e-12,width,0.0,5,a_tau,5.476463551931511,,5.527
meap4,sweep_all,MEAP,MLP,synthetic,N,400,current_mixture,0.1,10,1e-12,width,0.0,6,margin_hat_min,0.0010000000474974513,,47.202
meap4,sweep_all,MEAP,MLP,synthetic,N,400,current_mixture,0.1,10,1e-12,width,0.0,6,d_eff,64.15177506655837,,47.202
meap4,sweep_all,MEAP,MLP,synthetic,N,400,current_mixture,0.1,10,1e-12,width,0.0,6,g_ibp,5365.0897056746335,,0.004
meap4,sweep_all,MEAP,MLP,synthetic,N,400,current_mixture,0.1,10,1e-12,width,0.0,6,a_tau,5.44673737166631,,5.141
meap4,sweep_all,MEAP,MLP,synthetic,N,400,current_mixture,0.1,10,1e-12,width,0.0,7,margin_hat_min,0.0010000000474974513,,47.894
meap4,sweep_all,MEAP,MLP,synthetic,N,400,current_mixture,0.1,10,1e-12,width,0.0,7,d_eff,64.14504046989404,,47.894
meap4,sweep_all,MEAP,MLP,synthetic,N,400,current_mixture,0.1,10,1e-12,width,0.0,7,g_ibp,5365.0897056746335,,0.005
meap4,sweep_all,MEAP,MLP,synthetic,N,400,current_mixture,0.1,10,1e-12,width,0.0,7,a_tau,5.420534999272286,,5.367
meap4,sweep_all,MEAP,MLP,synthetic,N,800,current_mixture,0.1,10,1e-12,width,0.0,0,margin_hat_min,0.0010000000474974513,,62.018
meap4,sweep_all,MEAP,MLP,synthetic,N,800,current_mixture,0.1,10,1e-12,width,0.0,0,d_eff,64.1248124155694,,62.018
meap4,sweep_all,MEAP,MLP,synthetic,N,800,current_mixture,0.1,10,1e-12,width,0.0,0,g_ibp,5365.0897056746335,,0.005
meap4,sweep_all,MEAP,MLP,synthetic,N,800,current_mixture,0.1,10,1e-12,width,0.0,0,a_tau,5.749392985908253,,9.312
meap4,sweep_all,MEAP,MLP,synthetic,N,800,current_mixture,0.1,10,1e-12,width,0.0,1,margin_hat_min,0.0010000000474974513,,62.281
meap4,sweep_all,MEAP,MLP,synthetic,N,800,current_mixture,0.1,10,1e-12,width,0.0,1,d_eff,64.19876771889814,,62.281
meap4,sweep_all,MEAP,MLP,synthetic,N,800,current_mixture,0.1,10,1e-12,width,0.0,1,g_ibp,5365.0897056746335,,0.004
meap4,sweep_all,MEAP,MLP,synthetic,N,800,current_mixture,0.1,10,1e-12,width,0.0,1,a_tau,5.752572638825633,,8.822
meap4,sweep_all,MEAP,MLP,synthetic,N,800,current_mixture,0.1,10,1e-12,width,0.0,2,margin_hat_min,0.0010000000474974513,,76.508
meap4,sweep_all,MEAP,MLP,synthetic,N,800,current_mixture,0.1,10,1e-12,width,0.0,2,d_eff,64.03781666672944,,76.508
meap4,sweep_all,MEAP,MLP,synthetic,N,800,current_mixture,0.1,10,1e-12,width,0.0,2,g_ibp,5365.0897056746335,,0.005
meap4,sweep_all,MEAP,MLP,synthetic,N,800,current_mixture,0.1,10,1e-12,width,0.0,2,a_tau,5.777652323222656,,10.474
meap4,sweep_all,MEAP,MLP,synthetic,N,800,current_mixture,0.1,10,1e-12,width,0.0,3,margin_hat_min,0.0010000000474974513,,78.756
meap4,sweep_all,MEAP,MLP,synthetic,N,800,current_mixture,0.1,10,1e-12,width,0.0,3,d_eff,64.26642098596933,,78.756
meap4,sweep_all,MEAP,MLP,synthetic,N,800,current_mixture,0.1,10,1e-12,width,0.0,3,g_ibp,5365.0897056746335,,0.005
meap4,sweep_all,MEAP,MLP,synthetic,N,800,current_mixture,0.1,10,1e-12,width,0.0,3,a_tau,5.7430031878094825,,10.905
meap4,sweep_all,MEAP,MLP,synthetic,N,800,current_mixture,0.1,10,1e-12,width,0.0,4,margin_hat_min,0.0010000000474974513,,78.583
meap4,sweep_all,MEAP,MLP,synthetic,N,800,current_mixture,0.1,10,1e-12,width,0.0,4,d_eff,64.30065628526665,,78.583
meap4,sweep_all,MEAP,MLP,synthetic,N,800,current_mixture,0.1,10,1e-12,width,0.0,4,g_ibp,5365.0897056746335,,0.005
meap4,sweep_all,MEAP,MLP,synthetic,N,800,current_mixture,0.1,10,1e-12,width,0.0,4,a_tau,5.802118375377063,,10.792
meap4,sweep_all,MEAP,MLP,synthetic,N,800,current_mixture,0.1,10,1e-12,width,0.0,5,margin_hat_min,0.0010000000474974513,,77.131
meap4,sweep_all,MEAP,MLP,synthetic,N,800,current_mixture,0.1,10,1e-12,width,0.0,5,d_eff,63.95203581701414,,77.131
meap4,sweep_all,MEAP,MLP,synthetic,N,800,current_mixture,0.1,10,1e-12,width,0.0,5,g_ibp,5365.0897056746335,,0.005
meap4,sweep_all,MEAP,MLP,synthetic,N,800,current_mixture,0.1,10,1e-12,width,0.0,5,a_tau,5.7430031878094825,,10.612
meap4,sweep_all,MEAP,MLP,synthetic,N,800,current_mixture,0.1,10,1e-12,width,0.0,6,margin_hat_min,0.0010000000474974513,,77.971
meap4,sweep_all,MEAP,MLP,synthetic,N,800,current_mixture,0.1,10,1e-12,width,0.0,6,d_eff,64.35137472006537,,77.971
meap4,sweep_all,MEAP,MLP,synthetic,N,800,current_mixture,0.1,10,1e-12,width,0.0,6,g_ibp,5365.0897056746335,,0.006
meap4,sweep_all,MEAP,MLP,synthetic,N,800,current_mixture,0.1,10,1e-12,width,0.0,6,a_tau,5.736572297479192,,10.717
meap4,sweep_all,MEAP,MLP,synthetic,N,800,current_mixture,0.1,10,1e-12,width,0.0,7,margin_hat_min,0.0010000000474974513,,77.614
meap4,sweep_all,MEAP,MLP,synthetic,N,800,current_mixture,0.1,10,1e-12,width,0.0,7,d_eff,64.28630352656691,,77.614
meap4,sweep_all,MEAP,MLP,synthetic,N,800,current_mixture,0.1,10,1e-12,width,0.0,7,g_ibp,5365.0897056746335,,0.005
meap4,sweep_all,MEAP,MLP,synthetic,N,800,current_mixture,0.1,10,1e-12,width,0.0,7,a_tau,5.726847747587197,,9.088
meap4,sweep_all,MEAP,MLP,synthetic,N,1600,current_mixture,0.1,10,1e-12,width,0.0,0,margin_hat_min,0.0010000000474974513,,110.889
meap4,sweep_all,MEAP,MLP,synthetic,N,1600,current_mixture,0.1,10,1e-12,width,0.0,0,d_eff,64.13924886326355,,110.889
meap4,sweep_all,MEAP,MLP,synthetic,N,1600,current_mixture,0.1,10,1e-12,width,0.0,0,g_ibp,5365.0897056746335,,0.004
meap4,sweep_all,MEAP,MLP,synthetic,N,1600,current_mixture,0.1,10,1e-12,width,0.0,0,a_tau,6.013715156042802,,17.505
meap4,sweep_all,MEAP,MLP,synthetic,N,1600,current_mixture,0.1,10,1e-12,width,0.0,1,margin_hat_min,0.0010000000474974513,,114.683
meap4,sweep_all,MEAP,MLP,synthetic,N,1600,current_mixture,0.1,10,1e-12,width,0.0,1,d_eff,64.14071088772721,,114.683
meap4,sweep_all,MEAP,MLP,synthetic,N,1600,current_mixture,0.1,10,1e-12,width,0.0,1,g_ibp,5365.0897056746335,,0.004
meap4,sweep_all,MEAP,MLP,synthetic,N,1600,current_mixture,0.1,10,1e-12,width,0.0,1,a_tau,6.042632833682381,,61.314
meap4,sweep_all,MEAP,MLP,synthetic,N,1600,current_mixture,0.1,10,1e-12,width,0.0,2,margin_hat_min,0.0010000000474974513,,110.265
meap4,sweep_all,MEAP,MLP,synthetic,N,1600,current_mixture,0.1,10,1e-12,width,0.0,2,d_eff,63.98009068659587,,110.265
meap4,sweep_all,MEAP,MLP,synthetic,N,1600,current_mixture,0.1,10,1e-12,width,0.0,2,g_ibp,5365.0897056746335,,0.004
meap4,sweep_all,MEAP,MLP,synthetic,N,1600,current_mixture,0.1,10,1e-12,width,0.0,2,a_tau,6.025865973825314,,36.213
meap4,sweep_all,MEAP,MLP,synthetic,N,1600,current_mixture,0.1,10,1e-12,width,0.0,3,margin_hat_min,0.0010000000474974513,,109.271
meap4,sweep_all,MEAP,MLP,synthetic,N,1600,current_mixture,0.1,10,1e-12,width,0.0,3,d_eff,64.06257370453932,,109.271
meap4,sweep_all,MEAP,MLP,synthetic,N,1600,current_mixture,0.1,10,1e-12,width,0.0,3,g_ibp,5365.0897056746335,,0.004
meap4,sweep_all,MEAP,MLP,synthetic,N,1600,current_mixture,0.1,10,1e-12,width,0.0,3,a_tau,6.052089168924417,,37.635
meap4,sweep_all,MEAP,MLP,synthetic,N,1600,current_mixture,0.1,10,1e-12,width,0.0,4,margin_hat_min,0.0010000000474974513,,499.821
meap4,sweep_all,MEAP,MLP,synthetic,N,1600,current_mixture,0.1,10,1e-12,width,0.0,4,d_eff,64.34106401521987,,499.821
meap4,sweep_all,MEAP,MLP,synthetic,N,1600,current_mixture,0.1,10,1e-12,width,0.0,4,g_ibp,5365.0897056746335,,0.079
meap4,sweep_all,MEAP,MLP,synthetic,N,1600,current_mixture,0.1,10,1e-12,width,0.0,4,a_tau,6.068425588244111,,277.081
meap4,sweep_all,MEAP,MLP,synthetic,N,1600,current_mixture,0.1,10,1e-12,width,0.0,5,margin_hat_min,0.0010000000474974513,,558.339
meap4,sweep_all,MEAP,MLP,synthetic,N,1600,current_mixture,0.1,10,1e-12,width,0.0,5,d_eff,64.09682067450377,,558.339
meap4,sweep_all,MEAP,MLP,synthetic,N,1600,current_mixture,0.1,10,1e-12,width,0.0,5,g_ibp,5365.0897056746335,,0.078
meap4,sweep_all,MEAP,MLP,synthetic,N,1600,current_mixture,0.1,10,1e-12,width,0.0,5,a_tau,6.0112671744041615,,342.62
meap4,sweep_all,MEAP,MLP,synthetic,N,1600,current_mixture,0.1,10,1e-12,width,0.0,6,margin_hat_min,0.0010000000474974513,,514.241
meap4,sweep_all,MEAP,MLP,synthetic,N,1600,current_mixture,0.1,10,1e-12,width,0.0,6,d_eff,64.15114817068795,,514.241
meap4,sweep_all,MEAP,MLP,synthetic,N,1600,current_mixture,0.1,10,1e-12,width,0.0,6,g_ibp,5365.0897056746335,,0.05
meap4,sweep_all,MEAP,MLP,synthetic,N,1600,current_mixture,0.1,10,1e-12,width,0.0,6,a_tau,6.0330862217988015,,206.21
meap4,sweep_all,MEAP,MLP,synthetic,N,1600,current_mixture,0.1,10,1e-12,width,0.0,7,margin_hat_min,0.0010000000474974513,,534.275
meap4,sweep_all,MEAP,MLP,synthetic,N,1600,current_mixture,0.1,10,1e-12,width,0.0,7,d_eff,64.23870867693446,,534.275
meap4,sweep_all,MEAP,MLP,synthetic,N,1600,current_mixture,0.1,10,1e-12,width,0.0,7,g_ibp,5365.0897056746335,,0.008
meap4,sweep_all,MEAP,MLP,synthetic,N,1600,current_mixture,0.1,10,1e-12,width,0.0,7,a_tau,6.013715156042802,,309.595
milp16,sweep_all,MILP,MLP,synthetic,N,50,current_mixture,0.1,10,1e-12,width,0.0,0,margin_hat_min,0.011150121688842773,,0.559
milp16,sweep_all,MILP,MLP,synthetic,N,50,current_mixture,0.1,10,1e-12,width,0.0,0,d_eff,32.16429463744309,,0.559
milp16,sweep_all,MILP,MLP,synthetic,N,50,current_mixture,0.1,10,1e-12,width,0.0,0,g_ibp,26.166714775167293,,0.001
milp16,sweep_all,MILP,MLP,synthetic,N,50,current_mixture,0.1,10,1e-12,width,0.0,0,a_tau,2.833213344056216,,0.074
milp16,sweep_all,MILP,MLP,synthetic,N,50,current_mixture,0.1,10,1e-12,width,0.0,1,margin_hat_min,0.011150926351547241,,0.623
milp16,sweep_all,MILP,MLP,synthetic,N,50,current_mixture,0.1,10,1e-12,width,0.0,1,d_eff,32.00265994790528,,0.623
milp16,sweep_all,MILP,MLP,synthetic,N,50,current_mixture,0.1,10,1e-12,width,0.0,1,g_ibp,26.164898718264638,,0.001
milp16,sweep_all,MILP,MLP,synthetic,N,50,current_mixture,0.1,10,1e-12,width,0.0,1,a_tau,3.2188758248682006,,0.088
milp16,sweep_all,MILP,MLP,synthetic,N,50,current_mixture,0.1,10,1e-12,width,0.0,2,margin_hat_min,0.004408389329910278,,0.55
milp16,sweep_all,MILP,MLP,synthetic,N,50,current_mixture,0.1,10,1e-12,width,0.0,2,d_eff,32.136292393191724,,0.55
milp16,sweep_all,MILP,MLP,synthetic,N,50,current_mixture,0.1,10,1e-12,width,0.0,2,g_ibp,64.65407209139046,,0.001
milp16,sweep_all,MILP,MLP,synthetic,N,50,current_mixture,0.1,10,1e-12,width,0.0,2,a_tau,2.1972245773362196,,0.091
milp16,sweep_all,MILP,MLP,synthetic,N,50,current_mixture,0.1,10,1e-12,width,0.0,3,margin_hat_min,0.011151254177093506,,0.564
milp16,sweep_all,MILP,MLP,synthetic,N,50,current_mixture,0.1,10,1e-12,width,0.0,3,d_eff,32.03338178645024,,0.564
milp16,sweep_all,MILP,MLP,synthetic,N,50,current_mixture,0.1,10,1e-12,width,0.0,3,g_ibp,26.164158918369733,,0.001
milp16,sweep_all,MILP,MLP,synthetic,N,50,current_mixture,0.1,10,1e-12,width,0.0,3,a_tau,2.9444389791664403,,0.074
milp16,sweep_all,MILP,MLP,synthetic,N,50,current_mixture,0.1,10,1e-12,width,0.0,4,margin_hat_min,0.011149108409881592,,0.647
milp16,sweep_all,MILP,MLP,synthetic,N,50,current_mixture,0.1,10,1e-12,width,0.0,4,d_eff,31.74212103953143,,0.647
milp16,sweep_all,MILP,MLP,synthetic,N,50,current_mixture,0.1,10,1e-12,width,0.0,4,g_ibp,26.169002034530457,,0.001
milp16,sweep_all,MILP,MLP,synthetic,N,50,current_mixture,0.1,10,1e-12,width,0.0,4,a_tau,2.5649493574615367,,0.081
milp16,sweep_all,MILP,MLP,synthetic,N,50,current_mixture,0.1,10,1e-12,width,0.0,5,margin_hat_min,0.011149466037750244,,0.54
milp16,sweep_all,MILP,MLP,synthetic,N,50,current_mixture,0.1,10,1e-12,width,0.0,5,d_eff,31.968857571895473,,0.54
milp16,sweep_all,MILP,MLP,synthetic,N,50,current_mixture,0.1,10,1e-12,width,0.0,5,g_ibp,26.168194719048046,,0.001
milp16,sweep_all,MILP,MLP,synthetic,N,50,current_mixture,0.1,10,1e-12,width,0.0,5,a_tau,2.5649493574615367,,0.091
milp16,sweep_all,MILP,MLP,synthetic,N,50,current_mixture,0.1,10,1e-12,width,0.0,6,margin_hat_min,0.011150926351547241,,0.551
milp16,sweep_all,MILP,MLP,synthetic,N,50,current_mixture,0.1,10,1e-12,width,0.0,6,d_eff,31.858114079885407,,0.551
milp16,sweep_all,MILP,MLP,synthetic,N,50,current_mixture,0.1,10,1e-12,width,0.0,6,g_ibp,26.164898718264638,,0.001
milp16,sweep_all,MILP,MLP,synthetic,N,50,current_mixture,0.1,10,1e-12,width,0.0,6,a_tau,3.1354942159291497,,0.138
milp16,sweep_all,MILP,MLP,synthetic,N,50,current_mixture,0.1,10,1e-12,width,0.0,7,margin_hat_min,0.011150389909744263,,0.593
milp16,sweep_all,MILP,MLP,synthetic,N,50,current_mixture,0.1,10,1e-12,width,0.0,7,d_eff,31.976917127903302,,0.593
milp16,sweep_all,MILP,MLP,synthetic,N,50,current_mixture,0.1,10,1e-12,width,0.0,7,g_ibp,26.166109393743096,,0.001
milp16,sweep_all,MILP,MLP,synthetic,N,50,current_mixture,0.1,10,1e-12,width,0.0,7,a_tau,2.8903717578961645,,0.082
milp16,sweep_all,MILP,MLP,synthetic,N,100,current_mixture,0.1,10,1e-12,width,0.0,0,margin_hat_min,0.011149108409881592,,1.178
milp16,sweep_all,MILP,MLP,synthetic,N,100,current_mixture,0.1,10,1e-12,width,0.0,0,d_eff,31.994913058955397,,1.178
milp16,sweep_all,MILP,MLP,synthetic,N,100,current_mixture,0.1,10,1e-12,width,0.0,0,g_ibp,26.169002034530457,,0.001
milp16,sweep_all,MILP,MLP,synthetic,N,100,current_mixture,0.1,10,1e-12,width,0.0,0,a_tau,3.2188758248682006,,0.147
milp16,sweep_all,MILP,MLP,synthetic,N,100,current_mixture,0.1,10,1e-12,width,0.0,1,margin_hat_min,0.011149108409881592,,1.012
milp16,sweep_all,MILP,MLP,synthetic,N,100,current_mixture,0.1,10,1e-12,width,0.0,1,d_eff,32.026656220622236,,1.012
milp16,sweep_all,MILP,MLP,synthetic,N,100,current_mixture,0.1,10,1e-12,width,0.0,1,g_ibp,26.169002034530457,,0.001
milp16,sweep_all,MILP,MLP,synthetic,N,100,current_mixture,0.1,10,1e-12,width,0.0,1,a_tau,3.58351893845611,,0.176
milp16,sweep_all,MILP,MLP,synthetic,N,100,current_mixture,0.1,10,1e-12,width,0.0,2,margin_hat_min,0.004390984773635864,,0.994
milp16,sweep_all,MILP,MLP,synthetic,N,100,current_mixture,0.1,10,1e-12,width,0.0,2,d_eff,32.13253374564925,,0.994
milp16,sweep_all,MILP,MLP,synthetic,N,100,current_mixture,0.1,10,1e-12,width,0.0,2,g_ibp,64.906377880791,,0.001
milp16,sweep_all,MILP,MLP,synthetic,N,100,current_mixture,0.1,10,1e-12,width,0.0,2,a_tau,2.302585092994046,,0.175
milp16,sweep_all,MILP,MLP,synthetic,N,100,current_mixture,0.1,10,1e-12,width,0.0,3,margin_hat_min,0.00439038872718811,,1.107
milp16,sweep_all,MILP,MLP,synthetic,N,100,current_mixture,0.1,10,1e-12,width,0.0,3,d_eff,32.006592923063344,,1.107
milp16,sweep_all,MILP,MLP,synthetic,N,100,current_mixture,0.1,10,1e-12,width,0.0,3,g_ibp,64.91505391653246,,0.001
milp16,sweep_all,MILP,MLP,synthetic,N,100,current_mixture,0.1,10,1e-12,width,0.0,3,a_tau,3.1354942159291497,,0.216
milp16,sweep_all,MILP,MLP,synthetic,N,100,current_mixture,0.1,10,1e-12,width,0.0,4,margin_hat_min,0.011149108409881592,,0.944
milp16,sweep_all,MILP,MLP,synthetic,N,100,current_mixture,0.1,10,1e-12,width,0.0,4,d_eff,31.956302658181215,,0.944
milp16,sweep_all,MILP,MLP,synthetic,N,100,current_mixture,0.1,10,1e-12,width,0.0,4,g_ibp,26.169002034530457,,0.001
milp16,sweep_all,MILP,MLP,synthetic,N,100,current_mixture,0.1,10,1e-12,width,0.0,4,a_tau,2.9444389791664403,,0.183
milp16,sweep_all,MILP,MLP,synthetic,N,100,current_mixture,0.1,10,1e-12,width,0.0,5,margin_hat_min,0.011149108409881592,,0.81
milp16,sweep_all,MILP,MLP,synthetic,N,100,current_mixture,0.1,10,1e-12,width,0.0,5,d_eff,32.01025272076992,,0.81
milp16,sweep_all,MILP,MLP,synthetic,N,100,current_mixture,0.1,10,1e-12,width,0.0,5,g_ibp,26.169002034530457,,0.001
milp16,sweep_all,MILP,MLP,synthetic,N,100,current_mixture,0.1,10,1e-12,width,0.0,5,a_tau,2.772588722239781,,0.149
milp16,sweep_all,MILP,MLP,synthetic,N,100,current_mixture,0.1,10,1e-12,width,0.0,6,margin_hat_min,0.011149108409881592,,0.974
milp16,sweep_all,MILP,MLP,synthetic,N,100,current_mixture,0.1,10,1e-12,width,0.0,6,d_eff,31.98689279353969,,0.974
milp16,sweep_all,MILP,MLP,synthetic,N,100,current_mixture,0.1,10,1e-12,width,0.0,6,g_ibp,26.169002034530457,,0.001
milp16,sweep_all,MILP,MLP,synthetic,N,100,current_mixture,0.1,10,1e-12,width,0.0,6,a_tau,3.58351893845611,,0.197
milp16,sweep_all,MILP,MLP,synthetic,N,100,current_mixture,0.1,10,1e-12,width,0.0,7,margin_hat_min,0.01115080714225769,,1.062
milp16,sweep_all,MILP,MLP,synthetic,N,100,current_mixture,0.1,10,1e-12,width,0.0,7,d_eff,31.97012412598192,,1.062
milp16,sweep_all,MILP,MLP,synthetic,N,100,current_mixture,0.1,10,1e-12,width,0.0,7,g_ibp,26.165167747193152,,0.001
milp16,sweep_all,MILP,MLP,synthetic,N,100,current_mixture,0.1,10,1e-12,width,0.0,7,a_tau,3.2188758248682006,,0.137
milp16,sweep_all,MILP,MLP,synthetic,N,200,current_mixture,0.1,10,1e-12,width,0.0,0,margin_hat_min,0.004393190145492554,,2.677
milp16,sweep_all,MILP,MLP,synthetic,N,200,current_mixture,0.1,10,1e-12,width,0.0,0,d_eff,32.11740105565865,,2.677
milp16,sweep_all,MILP,MLP,synthetic,N,200,current_mixture,0.1,10,1e-12,width,0.0,0,g_ibp,64.87429701869723,,0.002
milp16,sweep_all,MILP,MLP,synthetic,N,200,current_mixture,0.1,10,1e-12,width,0.0,0,a_tau,3.4965075614664802,,0.292
milp16,sweep_all,MILP,MLP,synthetic,N,200,current_mixture,0.1,10,1e-12,width,0.0,1,margin_hat_min,0.011149108409881592,,2.804
milp16,sweep_all,MILP,MLP,synthetic,N,200,current_mixture,0.1,10,1e-12,width,0.0,1,d_eff,31.990459610608582,,2.804
milp16,sweep_all,MILP,MLP,synthetic,N,200,current_mixture,0.1,10,1e-12,width,0.0,1,g_ibp,26.169002034530457,,0.001
milp16,sweep_all,MILP,MLP,synthetic,N,200,current_mixture,0.1,10,1e-12,width,0.0,1,a_tau,3.9889840465642745,,0.322
milp16,sweep_all,MILP,MLP,synthetic,N,200,current_mixture,0.1,10,1e-12,width,0.0,2,margin_hat_min,0.004395008087158203,,2.876
milp16,sweep_all,MILP,MLP,synthetic,N,200,current_mixture,0.1,10,1e-12,width,0.0,2,d_eff,32.113944904199705,,2.876
milp16,sweep_all,MILP,MLP,synthetic,N,200,current_mixture,0.1,10,1e-12,width,0.0,2,g_ibp,64.84787619225389,,0.001
milp16,sweep_all,MILP,MLP,synthetic,N,200,current_mixture,0.1,10,1e-12,width,0.0,2,a_tau,2.833213344056216,,0.314
milp16,sweep_all,MILP,MLP,synthetic,N,200,current_mixture,0.1,10,1e-12,width,0.0,3,margin_hat_min,0.004390209913253784,,2.693
milp16,sweep_all,MILP,MLP,synthetic,N,200,current_mixture,0.1,10,1e-12,width,0.0,3,d_eff,32.00460454793186,,2.693
milp16,sweep_all,MILP,MLP,synthetic,N,200,current_mixture,0.1,10,1e-12,width,0.0,3,g_ibp,64.91765718664406,,0.001
milp16,sweep_all,MILP,MLP,synthetic,N,200,current_mixture,0.1,10,1e-12,width,0.0,3,a_tau,3.4965075614664802,,0.311
milp16,sweep_all,MILP,MLP,synthetic,N,200,current_mixture,0.1,10,1e-12,width,0.0,4,margin_hat_min,0.004390209913253784,,2.643
milp16,sweep_all,MILP,MLP,synthetic,N,200,current_mixture,0.1,10,1e-12,width,0.0,4,d_eff,32.0270356166144,,2.643
milp16,sweep_all,MILP,MLP,synthetic,N,200,current_mixture,0.1,10,1e-12,width,0.0,4,g_ibp,64.91765718664406,,0.001
milp16,sweep_all,MILP,MLP,synthetic,N,200,current_mixture,0.1,10,1e-12,width,0.0,4,a_tau,3.258096538021482,,0.305
milp16,sweep_all,MILP,MLP,synthetic,N,200,current_mixture,0.1,10,1e-12,width,0.0,5,margin_hat_min,0.004391312599182129,,2.781
milp16,sweep_all,MILP,MLP,synthetic,N,200,current_mixture,0.1,10,1e-12,width,0.0,5,d_eff,32.02897708661888,,2.781
milp16,sweep_all,MILP,MLP,synthetic,N,200,current_mixture,0.1,10,1e-12,width,0.0,5,g_ibp,64.90160706505866,,0.001
milp16,sweep_all,MILP,MLP,synthetic,N,200,current_mixture,0.1,10,1e-12,width,0.0,5,a_tau,3.044522437723423,,0.389
milp16,sweep_all,MILP,MLP,synthetic,N,200,current_mixture,0.1,10,1e-12,width,0.0,6,margin_hat_min,0.004390209913253784,,2.958
milp16,sweep_all,MILP,MLP,synthetic,N,200,current_mixture,0.1,10,1e-12,width,0.0,6,d_eff,31.976318327370045,,2.958
milp16,sweep_all,MILP,MLP,synthetic,N,200,current_mixture,0.1,10,1e-12,width,0.0,6,g_ibp,64.91765718664406,,0.001
milp16,sweep_all,MILP,MLP,synthetic,N,200,current_mixture,0.1,10,1e-12,width,0.0,6,a_tau,3.828641396489095,,0.289
milp16,sweep_all,MILP,MLP,synthetic,N,200,current_mixture,0.1,10,1e-12,width,0.0,7,margin_hat_min,0.011149108409881592,,2.931
milp16,sweep_all,MILP,MLP,synthetic,N,200,current_mixture,0.1,10,1e-12,width,0.0,7,d_eff,32.02342072567874,,2.931
milp16,sweep_all,MILP,MLP,synthetic,N,200,current_mixture,0.1,10,1e-12,width,0.0,7,g_ibp,26.169002034530457,,0.001
milp16,sweep_all,MILP,MLP,synthetic,N,200,current_mixture,0.1,10,1e-12,width,0.0,7,a_tau,3.58351893845611,,0.293
milp16,sweep_all,MILP,MLP,synthetic,N,400,current_mixture,0.1,10,1e-12,width,0.0,0,margin_hat_min,0.0043913573026657104,,5.575
milp16,sweep_all,MILP,MLP,synthetic,N,400,current_mixture,0.1,10,1e-12,width,0.0,0,d_eff,32.03396919170557,,5.575
milp16,sweep_all,MILP,MLP,synthetic,N,400,current_mixture,0.1,10,1e-12,width,0.0,0,g_ibp,64.90095655446598,,0.001
milp16,sweep_all,MILP,MLP,synthetic,N,400,current_mixture,0.1,10,1e-12,width,0.0,0,a_tau,3.8066624897703196,,0.566
milp16,sweep_all,MILP,MLP,synthetic,N,400,current_mixture,0.1,10,1e-12,width,0.0,1,margin_hat_min,0.004390209913253784,,5.472
milp16,sweep_all,MILP,MLP,synthetic,N,400,current_mixture,0.1,10,1e-12,width,0.0,1,d_eff,32.08107243291004,,5.472
milp16,sweep_all,MILP,MLP,synthetic,N,400,current_mixture,0.1,10,1e-12,width,0.0,1,g_ibp,64.91765718664406,,0.001
milp16,sweep_all,MILP,MLP,synthetic,N,400,current_mixture,0.1,10,1e-12,width,0.0,1,a_tau,4.30406509320417,,0.562
milp16,sweep_all,MILP,MLP,synthetic,N,400,current_mixture,0.1,10,1e-12,width,0.0,2,margin_hat_min,0.004390209913253784,,5.502
milp16,sweep_all,MILP,MLP,synthetic,N,400,current_mixture,0.1,10,1e-12,width,0.0,2,d_eff,32.14528310095212,,5.502
milp16,sweep_all,MILP,MLP,synthetic,N,400,current_mixture,0.1,10,1e-12,width,0.0,2,g_ibp,64.91765718664406,,0.001
milp16,sweep_all,MILP,MLP,synthetic,N,400,current_mixture,0.1,10,1e-12,width,0.0,2,a_tau,3.2188758248682006,,0.592
milp16,sweep_all,MILP,MLP,synthetic,N,400,current_mixture,0.1,10,1e-12,width,0.0,3,margin_hat_min,0.004390209913253784,,5.817
milp16,sweep_all,MILP,MLP,synthetic,N,400,current_mixture,0.1,10,1e-12,width,0.0,3,d_eff,32.03972398807528,,5.817
milp16,sweep_all,MILP,MLP,synthetic,N,400,current_mixture,0.1,10,1e-12,width,0.0,3,g_ibp,64.91765718664406,,0.001
milp16,sweep_all,MILP,MLP,synthetic,N,400,current_mixture,0.1,10,1e-12,width,0.0,3,a_tau,3.6109179126442243,,0.673
milp16,sweep_all,MILP,MLP,synthetic,N,400,current_mixture,0.1,10,1e-12,width,0.0,4,margin_hat_min,0.004390209913253784,,5.523
milp16,sweep_all,MILP,MLP,synthetic,N,400,current_mixture,0.1,10,1e-12,width,0.0,4,d_eff,31.983344865698204,,5.523
milp16,sweep_all,MILP,MLP,synthetic,N,400,current_mixture,0.1,10,1e-12,width,0.0,4,g_ibp,64.91765718664406,,0.001
milp16,sweep_all,MILP,MLP,synthetic,N,400,current_mixture,0.1,10,1e-12,width,0.0,4,a_tau,3.367295829986474,,0.609
milp16,sweep_all,MILP,MLP,synthetic,N,400,current_mixture,0.1,10,1e-12,width,0.0,5,margin_hat_min,0.004390209913253784,,5.578
milp16,sweep_all,MILP,MLP,synthetic,N,400,current_mixture,0.1,10,1e-12,width,0.0,5,d_eff,32.04978429118932,,5.578
milp16,sweep_all,MILP,MLP,synthetic,N,400,current_mixture,0.1,10,1e-12,width,0.0,5,g_ibp,64.91765718664406,,0.001
milp16,sweep_all,MILP,MLP,synthetic,N,400,current_mixture,0.1,10,1e-12,width,0.0,5,a_tau,3.367295829986474,,0.661
milp16,sweep_all,MILP,MLP,synthetic,N,400,current_mixture,0.1,10,1e-12,width,0.0,6,margin_hat_min,0.004390209913253784,,5.785
milp16,sweep_all,MILP,MLP,synthetic,N,400,current_mixture,0.1,10,1e-12,width,0.0,6,d_eff,31.99171920647444,,5.785
milp16,sweep_all,MILP,MLP,synthetic,N,400,current_mixture,0.1,10,1e-12,width,0.0,6,g_ibp,64.91765718664406,,0.001
milp16,sweep_all,MILP,MLP,synthetic,N,400,current_mixture,0.1,10,1e-12,width,0.0,6,a_tau,4.04305126783455,,0.575
milp16,sweep_all,MILP,MLP,synthetic,N,400,current_mixture,0.1,10,1e-12,width,0.0,7,margin_hat_min,0.011149108409881592,,5.645
milp16,sweep_all,MILP,MLP,synthetic,N,400,current_mixture,0.1,10,1e-12,width,0.0,7,d_eff,32.00209219153602,,5.645
milp16,sweep_all,MILP,MLP,synthetic,N,400,current_mixture,0.1,10,1e-12,width,0.0,7,g_ibp,26.169002034530457,,0.001
milp16,sweep_all,MILP,MLP,synthetic,N,400,current_mixture,0.1,10,1e-12,width,0.0,7,a_tau,3.8501476017100584,,0.585
milp16,sweep_all,MILP,MLP,synthetic,N,800,current_mixture,0.1,10,1e-12,width,0.0,0,margin_hat_min,0.004390209913253784,,8.678
milp16,sweep_all,MILP,MLP,synthetic,N,800,current_mixture,0.1,10,1e-12,width,0.0,0,d_eff,32.06904752327047,,8.678
milp16,sweep_all,MILP,MLP,synthetic,N,800,current_mixture,0.1,10,1e-12,width,0.0,0,g_ibp,64.91765718664406,,0.001
milp16,sweep_all,MILP,MLP,synthetic,N,800,current_mixture,0.1,10,1e-12,width,0.0,0,a_tau,4.060443010546419,,1.131
milp16,sweep_all,MILP,MLP,synthetic,N,800,current_mixture,0.1,10,1e-12,width,0.0,1,margin_hat_min,0.004390209913253784,,8.776
milp16,sweep_all,MILP,MLP,synthetic,N,800,current_mixture,0.1,10,1e-12,width,0.0,1,d_eff,32.02020607574259,,8.776
milp16,sweep_all,MILP,MLP,synthetic,N,800,current_mixture,0.1,10,1e-12,width,0.0,1,g_ibp,64.91765718664406,,0.001
milp16,sweep_all,MILP,MLP,synthetic,N,800,current_mixture,0.1,10,1e-12,width,0.0,1,a_tau,4.553876891600541,,1.156
milp16,sweep_all,MILP,MLP,synthetic,N,800,current_mixture,0.1,10,1e-12,width,0.0,2,margin_hat_min,0.004390209913253784,,8.634
milp16,sweep_all,MILP,MLP,synthetic,N,800,current_mixture,0.1,10,1e-12,width,0.0,2,d_eff,32.03310935585942,,8.634
milp16,sweep_all,MILP,MLP,synthetic,N,800,current_mixture,0.1,10,1e-12,width,0.0,2,g_ibp,64.91765718664406,,0.001
milp16,sweep_all,MILP,MLP,synthetic,N,800,current_mixture,0.1,10,1e-12,width,0.0,2,a_tau,3.367295829986474,,1.156
milp16,sweep_all,MILP,MLP,synthetic,N,800,current_mixture,0.1,10,1e-12,width,0.0,3,margin_hat_min,0.004390209913253784,,8.559
milp16,sweep_all,MILP,MLP,synthetic,N,800,current_mixture,0.1,10,1e-12,width,0.0,3,d_eff,32.049906397355834,,8.559
milp16,sweep_all,MILP,MLP,synthetic,N,800,current_mixture,0.1,10,1e-12,width,0.0,3,g_ibp,64.91765718664406,,0.001
milp16,sweep_all,MILP,MLP,synthetic,N,800,current_mixture,0.1,10,1e-12,width,0.0,3,a_tau,3.784189633918261,,1.13
milp16,sweep_all,MILP,MLP,synthetic,N,800,current_mixture,0.1,10,1e-12,width,0.0,4,margin_hat_min,0.004390209913253784,,8.77
milp16,sweep_all,MILP,MLP,synthetic,N,800,current_mixture,0.1,10,1e-12,width,0.0,4,d_eff,31.984894443970752,,8.77
milp16,sweep_all,MILP,MLP,synthetic,N,800,current_mixture,0.1,10,1e-12,width,0.0,4,g_ibp,64.91765718664406,,0.001
milp16,sweep_all,MILP,MLP,synthetic,N,800,current_mixture,0.1,10,1e-12,width,0.0,4,a_tau,3.713572066704308,,1.226
milp16,sweep_all,MILP,MLP,synthetic,N,800,current_mixture,0.1,10,1e-12,width,0.0,5,margin_hat_min,0.004390209913253784,,9.025
milp16,sweep_all,MILP,MLP,synthetic,N,800,current_mixture,0.1,10,1e-12,width,0.0,5,d_eff,32.00429062532543,,9.025
milp16,sweep_all,MILP,MLP,synthetic,N,800,current_mixture,0.1,10,1e-12,width,0.0,5,g_ibp,64.91765718664406,,0.001
milp16,sweep_all,MILP,MLP,synthetic,N,800,current_mixture,0.1,10,1e-12,width,0.0,5,a_tau,3.7376696182833684,,1.349
milp16,sweep_all,MILP,MLP,synthetic,N,800,current_mixture,0.1,10,1e-12,width,0.0,6,margin_hat_min,0.004390209913253784,,8.803
milp16,sweep_all,MILP,MLP,synthetic,N,800,current_mixture,0.1,10,1e-12,width,0.0,6,d_eff,31.991692958751134,,8.803
milp16,sweep_all,MILP,MLP,synthetic,N,800,current_mixture,0.1,10,1e-12,width,0.0,6,g_ibp,64.91765718664406,,0.001
milp16,sweep_all,MILP,MLP,synthetic,N,800,current_mixture,0.1,10,1e-12,width,0.0,6,a_tau,4.248495242049359,,1.154
milp16,sweep_all,MILP,MLP,synthetic,N,800,current_mixture,0.1,10,1e-12,width,0.0,7,margin_hat_min,0.004391074180603027,,9.135
milp16,sweep_all,MILP,MLP,synthetic,N,800,current_mixture,0.1,10,1e-12,width,0.0,7,d_eff,32.04819042231352,,9.135
milp16,sweep_all,MILP,MLP,synthetic,N,800,current_mixture,0.1,10,1e-12,width,0.0,7,g_ibp,64.90507667858115,,0.001
milp16,sweep_all,MILP,MLP,synthetic,N,800,current_mixture,0.1,10,1e-12,width,0.0,7,a_tau,4.0943445622221,,1.153
milp16,sweep_all,MILP,MLP,synthetic,N,1600,current_mixture,0.1,10,1e-12,width,0.0,0,margin_hat_min,0.004390209913253784,,15.533
milp16,sweep_all,MILP,MLP,synthetic,N,1600,current_mixture,0.1,10,1e-12,width,0.0,0,d_eff,32.05420063898171,,15.533
milp16,sweep_all,MILP,MLP,synthetic,N,1600,current_mixture,0.1,10,1e-12,width,0.0,0,g_ibp,64.91765718664406,,0.001
milp16,sweep_all,MILP,MLP,synthetic,N,1600,current_mixture,0.1,10,1e-12,width,0.0,0,a_tau,4.23410650459726,,2.351
milp16,sweep_all,MILP,MLP,synthetic,N,1600,current_mixture,0.1,10,1e-12,width,0.0,1,margin_hat_min,0.004390209913253784,,15.172
milp16,sweep_all,MILP,MLP,synthetic,N,1600,current_mixture,0.1,10,1e-12,width,0.0,1,d_eff,32.03768456281052,,15.172
milp16,sweep_all,MILP,MLP,synthetic,N,1600,current_mixture,0.1,10,1e-12,width,0.0,1,g_ibp,64.91765718664406,,0.001
milp16,sweep_all,MILP,MLP,synthetic,N,1600,current_mixture,0.1,10,1e-12,width,0.0,1,a_tau,4.718498871295094,,2.311
milp16,sweep_all,MILP,MLP,synthetic,N,1600,current_mixture,0.1,10,1e-12,width,0.0,2,margin_hat_min,0.004390209913253784,,14.744
milp16,sweep_all,MILP,MLP,synthetic,N,1600,current_mixture,0.1,10,1e-12,width,0.0,2,d_eff,32.04087199851923,,14.744
milp16,sweep_all,MILP,MLP,synthetic,N,1600,current_mixture,0.1,10,1e-12,width,0.0,2,g_ibp,64.91765718664406,,0.001
milp16,sweep_all,MILP,MLP,synthetic,N,1600,current_mixture,0.1,10,1e-12,width,0.0,2,a_tau,3.58351893845611,,2.284
milp16,sweep_all,MILP,MLP,synthetic,N,1600,current_mixture,0.1,10,1e-12,width,0.0,3,margin_hat_min,0.004390209913253784,,15.167
milp16,sweep_all,MILP,MLP,synthetic,N,1600,current_mixture,0.1,10,1e-12,width,0.0,3,d_eff,32.051794419001915,,15.167
milp16,sweep_all,MILP,MLP,synthetic,N,1600,current_mixture,0.1,10,1e-12,width,0.0,3,g_ibp,64.91765718664406,,0.002
milp16,sweep_all,MILP,MLP,synthetic,N,1600,current_mixture,0.1,10,1e-12,width,0.0,3,a_tau,3.9318256327243257,,2.342
milp16,sweep_all,MILP,MLP,synthetic,N,1600,current_mixture,0.1,10,1e-12,width,0.0,4,margin_hat_min,0.004390209913253784,,15.544
milp16,sweep_all,MILP,MLP,synthetic,N,1600,current_mixture,0.1,10,1e-12,width,0.0,4,d_eff,32.044917610784836,,15.544
milp16,sweep_all,MILP,MLP,synthetic,N,1600,current_mixture,0.1,10,1e-12,width,0.0,4,g_ibp,64.91765718664406,,0.001
milp16,sweep_all,MILP,MLP,synthetic,N,1600,current_mixture,0.1,10,1e-12,width,0.0,4,a_tau,3.9318256327243257,,2.411
milp16,sweep_all,MILP,MLP,synthetic,N,1600,current_mixture,0.1,10,1e-12,width,0.0,5,margin_hat_min,0.004390209913253784,,15.825
milp16,sweep_all,MILP,MLP,synthetic,N,1600,current_mixture,0.1,10,1e-12,width,0.0,5,d_eff,32.05012929359931,,15.825
milp16,sweep_all,MILP,MLP,synthetic,N,1600,current_mixture,0.1,10,1e-12,width,0.0,5,g_ibp,64.91765718664406,,0.001
milp16,sweep_all,MILP,MLP,synthetic,N,1600,current_mixture,0.1,10,1e-12,width,0.0,5,a_tau,3.9512437185814275,,2.469
milp16,sweep_all,MILP,MLP,synthetic,N,1600,current_mixture,0.1,10,1e-12,width,0.0,6,margin_hat_min,0.004390209913253784,,15.487
milp16,sweep_all,MILP,MLP,synthetic,N,1600,current_mixture,0.1,10,1e-12,width,0.0,6,d_eff,32.024129025552426,,15.487
milp16,sweep_all,MILP,MLP,synthetic,N,1600,current_mixture,0.1,10,1e-12,width,0.0,6,g_ibp,64.91765718664406,,0.001
milp16,sweep_all,MILP,MLP,synthetic,N,1600,current_mixture,0.1,10,1e-12,width,0.0,6,a_tau,4.465908118654584,,2.372
milp16,sweep_all,MILP,MLP,synthetic,N,1600,current_mixture,0.1,10,1e-12,width,0.0,7,margin_hat_min,0.004390209913253784,,15.612
milp16,sweep_all,MILP,MLP,synthetic,N,1600,current_mixture,0.1,10,1e-12,width,0.0,7,d_eff,32.03552070433274,,15.612
milp16,sweep_all,MILP,MLP,synthetic,N,1600,current_mixture,0.1,10,1e-12,width,0.0,7,g_ibp,64.91765718664406,,0.001
milp16,sweep_all,MILP,MLP,synthetic,N,1600,current_mixture,0.1,10,1e-12,width,0.0,7,a_tau,4.330733340286331,,2.448
milp14,sweep_all,MILP,MLP,synthetic,N,50,current_mixture,0.1,10,1e-12,width,0.0,0,margin_hat_min,0.013219654560089111,,0.676
milp14,sweep_all,MILP,MLP,synthetic,N,50,current_mixture,0.1,10,1e-12,width,0.0,0,d_eff,33.68957122320612,,0.676
milp14,sweep_all,MILP,MLP,synthetic,N,50,current_mixture,0.1,10,1e-12,width,0.0,0,g_ibp,146.94047494481126,,0.001
milp14,sweep_all,MILP,MLP,synthetic,N,50,current_mixture,0.1,10,1e-12,width,0.0,0,a_tau,3.2188758248682006,,0.083
milp14,sweep_all,MILP,MLP,synthetic,N,50,current_mixture,0.1,10,1e-12,width,0.0,1,margin_hat_min,0.014700695872306824,,0.542
milp14,sweep_all,MILP,MLP,synthetic,N,50,current_mixture,0.1,10,1e-12,width,0.0,1,d_eff,33.624146398300056,,0.542
milp14,sweep_all,MILP,MLP,synthetic,N,50,current_mixture,0.1,10,1e-12,width,0.0,1,g_ibp,132.23750616151656,,0.001
milp14,sweep_all,MILP,MLP,synthetic,N,50,current_mixture,0.1,10,1e-12,width,0.0,1,a_tau,3.367295829986474,,0.077
milp14,sweep_all,MILP,MLP,synthetic,N,50,current_mixture,0.1,10,1e-12,width,0.0,2,margin_hat_min,0.012682080268859863,,0.577
milp14,sweep_all,MILP,MLP,synthetic,N,50,current_mixture,0.1,10,1e-12,width,0.0,2,d_eff,33.807173708199656,,0.577
milp14,sweep_all,MILP,MLP,synthetic,N,50,current_mixture,0.1,10,1e-12,width,0.0,2,g_ibp,153.12667198115787,,0.001
milp14,sweep_all,MILP,MLP,synthetic,N,50,current_mixture,0.1,10,1e-12,width,0.0,2,a_tau,3.258096538021482,,0.077
milp14,sweep_all,MILP,MLP,synthetic,N,50,current_mixture,0.1,10,1e-12,width,0.0,3,margin_hat_min,0.01472577452659607,,0.526
milp14,sweep_all,MILP,MLP,synthetic,N,50,current_mixture,0.1,10,1e-12,width,0.0,3,d_eff,34.04605864521836,,0.526
milp14,sweep_all,MILP,MLP,synthetic,N,50,current_mixture,0.1,10,1e-12,width,0.0,3,g_ibp,132.0140028041455,,0.001
milp14,sweep_all,MILP,MLP,synthetic,N,50,current_mixture,0.1,10,1e-12,width,0.0,3,a_tau,3.367295829986474,,0.089
milp14,sweep_all,MILP,MLP,synthetic,N,50,current_mixture,0.1,10,1e-12,width,0.0,4,margin_hat_min,0.014319688081741333,,0.585
milp14,sweep_all,MILP,MLP,synthetic,N,50,current_mixture,0.1,10,1e-12,width,0.0,4,d_eff,33.649446061614526,,0.585
milp14,sweep_all,MILP,MLP,synthetic,N,50,current_mixture,0.1,10,1e-12,width,0.0,4,g_ibp,135.7293777702417,,0.001
milp14,sweep_all,MILP,MLP,synthetic,N,50,current_mixture,0.1,10,1e-12,width,0.0,4,a_tau,3.258096538021482,,0.077
milp14,sweep_all,MILP,MLP,synthetic,N,50,current_mixture,0.1,10,1e-12,width,0.0,5,margin_hat_min,0.009440883994102478,,0.53
milp14,sweep_all,MILP,MLP,synthetic,N,50,current_mixture,0.1,10,1e-12,width,0.0,5,d_eff,33.77547407974376,,0.53
milp14,sweep_all,MILP,MLP,synthetic,N,50,current_mixture,0.1,10,1e-12,width,0.0,5,g_ibp,205.35402725555295,,0.001
milp14,sweep_all,MILP,MLP,synthetic,N,50,current_mixture,0.1,10,1e-12,width,0.0,5,a_tau,3.1354942159291497,,0.091
milp14,sweep_all,MILP,MLP,synthetic,N,50,current_mixture,0.1,10,1e-12,width,0.0,6,margin_hat_min,0.013050436973571777,,0.586
milp14,sweep_all,MILP,MLP,synthetic,N,50,current_mixture,0.1,10,1e-12,width,0.0,6,d_eff,33.43742960771125,,0.586
milp14,sweep_all,MILP,MLP,synthetic,N,50,current_mixture,0.1,10,1e-12,width,0.0,6,g_ibp,148.8328019981868,,0.001
milp14,sweep_all,MILP,MLP,synthetic,N,50,current_mixture,0.1,10,1e-12,width,0.0,6,a_tau,3.044522437723423,,0.08
milp14,sweep_all,MILP,MLP,synthetic,N,50,current_mixture,0.1,10,1e-12,width,0.0,7,margin_hat_min,0.0162508487701416,,0.531
milp14,sweep_all,MILP,MLP,synthetic,N,50,current_mixture,0.1,10,1e-12,width,0.0,7,d_eff,33.713500559295575,,0.531
milp14,sweep_all,MILP,MLP,synthetic,N,50,current_mixture,0.1,10,1e-12,width,0.0,7,g_ibp,119.71888615920928,,0.001
milp14,sweep_all,MILP,MLP,synthetic,N,50,current_mixture,0.1,10,1e-12,width,0.0,7,a_tau,3.332204510175204,,0.075
milp14,sweep_all,MILP,MLP,synthetic,N,100,current_mixture,0.1,10,1e-12,width,0.0,0,margin_hat_min,0.012719973921775818,,1.011
milp14,sweep_all,MILP,MLP,synthetic,N,100,current_mixture,0.1,10,1e-12,width,0.0,0,d_eff,33.90596074267048,,1.011
milp14,sweep_all,MILP,MLP,synthetic,N,100,current_mixture,0.1,10,1e-12,width,0.0,0,g_ibp,152.67347645243188,,0.001
milp14,sweep_all,MILP,MLP,synthetic,N,100,current_mixture,0.1,10,1e-12,width,0.0,0,a_tau,3.7376696182833684,,0.203
milp14,sweep_all,MILP,MLP,synthetic,N,100,current_mixture,0.1,10,1e-12,width,0.0,1,margin_hat_min,0.009063944220542908,,0.798
milp14,sweep_all,MILP,MLP,synthetic,N,100,current_mixture,0.1,10,1e-12,width,0.0,1,d_eff,33.80420229850138,,0.798
milp14,sweep_all,MILP,MLP,synthetic,N,100,current_mixture,0.1,10,1e-12,width,0.0,1,g_ibp,213.85244239105367,,0.001
milp14,sweep_all,MILP,MLP,synthetic,N,100,current_mixture,0.1,10,1e-12,width,0.0,1,a_tau,3.6635616461296463,,0.107
milp14,sweep_all,MILP,MLP,synthetic,N,100,current_mixture,0.1,10,1e-12,width,0.0,2,margin_hat_min,0.013116106390953064,,0.747
milp14,sweep_all,MILP,MLP,synthetic,N,100,current_mixture,0.1,10,1e-12,width,0.0,2,d_eff,33.711942737844105,,0.747
milp14,sweep_all,MILP,MLP,synthetic,N,100,current_mixture,0.1,10,1e-12,width,0.0,2,g_ibp,148.09263615270234,,0.001
milp14,sweep_all,MILP,MLP,synthetic,N,100,current_mixture,0.1,10,1e-12,width,0.0,2,a_tau,3.6635616461296463,,0.108
milp14,sweep_all,MILP,MLP,synthetic,N,100,current_mixture,0.1,10,1e-12,width,0.0,3,margin_hat_min,0.015037015080451965,,1.02
milp14,sweep_all,MILP,MLP,synthetic,N,100,current_mixture,0.1,10,1e-12,width,0.0,3,d_eff,33.78272374486774,,1.02
milp14,sweep_all,MILP,MLP,synthetic,N,100,current_mixture,0.1,10,1e-12,width,0.0,3,g_ibp,129.30223650114175,,0.001
milp14,sweep_all,MILP,MLP,synthetic,N,100,current_mixture,0.1,10,1e-12,width,0.0,3,a_tau,3.6635616461296463,,0.156
milp14,sweep_all,MILP,MLP,synthetic,N,100,current_mixture,0.1,10,1e-12,width,0.0,4,margin_hat_min,0.010578781366348267,,0.743
milp14,sweep_all,MILP,MLP,synthetic,N,100,current_mixture,0.1,10,1e-12,width,0.0,4,d_eff,33.57532789432036,,0.743
milp14,sweep_all,MILP,MLP,synthetic,N,100,current_mixture,0.1,10,1e-12,width,0.0,4,g_ibp,183.3728649130112,,0.001
milp14,sweep_all,MILP,MLP,synthetic,N,100,current_mixture,0.1,10,1e-12,width,0.0,4,a_tau,3.784189633918261,,0.108
milp14,sweep_all,MILP,MLP,synthetic,N,100,current_mixture,0.1,10,1e-12,width,0.0,5,margin_hat_min,0.010263696312904358,,1.008
milp14,sweep_all,MILP,MLP,synthetic,N,100,current_mixture,0.1,10,1e-12,width,0.0,5,d_eff,33.77139250045982,,1.008
milp14,sweep_all,MILP,MLP,synthetic,N,100,current_mixture,0.1,10,1e-12,width,0.0,5,g_ibp,188.971526655369,,0.001
milp14,sweep_all,MILP,MLP,synthetic,N,100,current_mixture,0.1,10,1e-12,width,0.0,5,a_tau,3.5263605246161616,,0.184
milp14,sweep_all,MILP,MLP,synthetic,N,100,current_mixture,0.1,10,1e-12,width,0.0,6,margin_hat_min,0.009553655982017517,,0.699
milp14,sweep_all,MILP,MLP,synthetic,N,100,current_mixture,0.1,10,1e-12,width,0.0,6,d_eff,33.46453397547779,,0.699
milp14,sweep_all,MILP,MLP,synthetic,N,100,current_mixture,0.1,10,1e-12,width,0.0,6,g_ibp,202.9418187844694,,0.001
milp14,sweep_all,MILP,MLP,synthetic,N,100,current_mixture,0.1,10,1e-12,width,0.0,6,a_tau,3.4965075614664802,,0.107
milp14,sweep_all,MILP,MLP,synthetic,N,100,current_mixture,0.1,10,1e-12,width,0.0,7,margin_hat_min,0.01308545470237732,,0.744
milp14,sweep_all,MILP,MLP,synthetic,N,100,current_mixture,0.1,10,1e-12,width,0.0,7,d_eff,33.86660623778263,,0.744
milp14,sweep_all,MILP,MLP,synthetic,N,100,current_mixture,0.1,10,1e-12,width,0.0,7,g_ibp,148.4371895348614,,0.001
milp14,sweep_all,MILP,MLP,synthetic,N,100,current_mixture,0.1,10,1e-12,width,0.0,7,a_tau,3.7612001156935624,,0.107
milp14,sweep_all,MILP,MLP,synthetic,N,200,current_mixture,0.1,10,1e-12,width,0.0,0,margin_hat_min,0.011491924524307251,,2.894
milp14,sweep_all,MILP,MLP,synthetic,N,200,current_mixture,0.1,10,1e-12,width,0.0,0,d_eff,33.74279879767281,,2.894
milp14,sweep_all,MILP,MLP,synthetic,N,200,current_mixture,0.1,10,1e-12,width,0.0,0,g_ibp,168.88159903095985,,0.001
milp14,sweep_all,MILP,MLP,synthetic,N,200,current_mixture,0.1,10,1e-12,width,0.0,0,a_tau,4.1588830833596715,,0.359
milp14,sweep_all,MILP,MLP,synthetic,N,200,current_mixture,0.1,10,1e-12,width,0.0,1,margin_hat_min,0.00977487862110138,,2.004
milp14,sweep_all,MILP,MLP,synthetic,N,200,current_mixture,0.1,10,1e-12,width,0.0,1,d_eff,33.7872572191349,,2.004
milp14,sweep_all,MILP,MLP,synthetic,N,200,current_mixture,0.1,10,1e-12,width,0.0,1,g_ibp,198.37152141096695,,0.001
milp14,sweep_all,MILP,MLP,synthetic,N,200,current_mixture,0.1,10,1e-12,width,0.0,1,a_tau,4.0943445622221,,0.217
milp14,sweep_all,MILP,MLP,synthetic,N,200,current_mixture,0.1,10,1e-12,width,0.0,2,margin_hat_min,0.008949607610702515,,2.329
milp14,sweep_all,MILP,MLP,synthetic,N,200,current_mixture,0.1,10,1e-12,width,0.0,2,d_eff,33.446160049752024,,2.329
milp14,sweep_all,MILP,MLP,synthetic,N,200,current_mixture,0.1,10,1e-12,width,0.0,2,g_ibp,216.5717601215224,,0.001
milp14,sweep_all,MILP,MLP,synthetic,N,200,current_mixture,0.1,10,1e-12,width,0.0,2,a_tau,4.07753744390572,,0.229
milp14,sweep_all,MILP,MLP,synthetic,N,200,current_mixture,0.1,10,1e-12,width,0.0,3,margin_hat_min,0.009690150618553162,,3.268
milp14,sweep_all,MILP,MLP,synthetic,N,200,current_mixture,0.1,10,1e-12,width,0.0,3,d_eff,33.95755417482681,,3.268
milp14,sweep_all,MILP,MLP,synthetic,N,200,current_mixture,0.1,10,1e-12,width,0.0,3,g_ibp,200.09728351989742,,0.001
milp14,sweep_all,MILP,MLP,synthetic,N,200,current_mixture,0.1,10,1e-12,width,0.0,3,a_tau,4.07753744390572,,0.393
milp14,sweep_all,MILP,MLP,synthetic,N,200,current_mixture,0.1,10,1e-12,width,0.0,4,margin_hat_min,0.010240688920021057,,2.807
milp14,sweep_all,MILP,MLP,synthetic,N,200,current_mixture,0.1,10,1e-12,width,0.0,4,d_eff,33.696660293469556,,2.807
milp14,sweep_all,MILP,MLP,synthetic,N,200,current_mixture,0.1,10,1e-12,width,0.0,4,g_ibp,189.39383562286008,,0.001
milp14,sweep_all,MILP,MLP,synthetic,N,200,current_mixture,0.1,10,1e-12,width,0.0,4,a_tau,4.127134385045092,,0.285
milp14,sweep_all,MILP,MLP,synthetic,N,200,current_mixture,0.1,10,1e-12,width,0.0,5,margin_hat_min,0.008197739720344543,,2.815
milp14,sweep_all,MILP,MLP,synthetic,N,200,current_mixture,0.1,10,1e-12,width,0.0,5,d_eff,33.80695107224969,,2.815
milp14,sweep_all,MILP,MLP,synthetic,N,200,current_mixture,0.1,10,1e-12,width,0.0,5,g_ibp,236.3432447029748,,0.001
milp14,sweep_all,MILP,MLP,synthetic,N,200,current_mixture,0.1,10,1e-12,width,0.0,5,a_tau,3.9512437185814275,,0.304
milp14,sweep_all,MILP,MLP,synthetic,N,200,current_mixture,0.1,10,1e-12,width,0.0,6,margin_hat_min,0.00823606550693512,,2.799
milp14,sweep_all,MILP,MLP,synthetic,N,200,current_mixture,0.1,10,1e-12,width,0.0,6,d_eff,33.64963450958192,,2.799
milp14,sweep_all,MILP,MLP,synthetic,N,200,current_mixture,0.1,10,1e-12,width,0.0,6,g_ibp,235.2480961805001,,0.001
milp14,sweep_all,MILP,MLP,synthetic,N,200,current_mixture,0.1,10,1e-12,width,0.0,6,a_tau,3.9318256327243257,,0.315
milp14,sweep_all,MILP,MLP,synthetic,N,200,current_mixture,0.1,10,1e-12,width,0.0,7,margin_hat_min,0.005842357873916626,,2.812
milp14,sweep_all,MILP,MLP,synthetic,N,200,current_mixture,0.1,10,1e-12,width,0.0,7,d_eff,33.59850913789287,,2.812
milp14,sweep_all,MILP,MLP,synthetic,N,200,current_mixture,0.1,10,1e-12,width,0.0,7,g_ibp,331.22329452545176,,0.001
milp14,sweep_all,MILP,MLP,synthetic,N,200,current_mixture,0.1,10,1e-12,width,0.0,7,a_tau,4.189654742026425,,0.333
milp14,sweep_all,MILP,MLP,synthetic,N,400,current_mixture,0.1,10,1e-12,width,0.0,0,margin_hat_min,0.005976065993309021,,4.686
milp14,sweep_all,MILP,MLP,synthetic,N,400,current_mixture,0.1,10,1e-12,width,0.0,0,d_eff,33.89093071717851,,4.686
milp14,sweep_all,MILP,MLP,synthetic,N,400,current_mixture,0.1,10,1e-12,width,0.0,0,g_ibp,323.83489959597705,,0.001
milp14,sweep_all,MILP,MLP,synthetic,N,400,current_mixture,0.1,10,1e-12,width,0.0,0,a_tau,4.543294782270004,,0.465
milp14,sweep_all,MILP,MLP,synthetic,N,400,current_mixture,0.1,10,1e-12,width,0.0,1,margin_hat_min,0.008316874504089355,,5.718
milp14,sweep_all,MILP,MLP,synthetic,N,400,current_mixture,0.1,10,1e-12,width,0.0,1,d_eff,33.79279598240505,,5.718
milp14,sweep_all,MILP,MLP,synthetic,N,400,current_mixture,0.1,10,1e-12,width,0.0,1,g_ibp,232.97207846181846,,0.001
milp14,sweep_all,MILP,MLP,synthetic,N,400,current_mixture,0.1,10,1e-12,width,0.0,1,a_tau,4.465908118654584,,0.581
milp14,sweep_all,MILP,MLP,synthetic,N,400,current_mixture,0.1,10,1e-12,width,0.0,2,margin_hat_min,0.009632617235183716,,5.589
milp14,sweep_all,MILP,MLP,synthetic,N,400,current_mixture,0.1,10,1e-12,width,0.0,2,d_eff,33.84653300721101,,5.589
milp14,sweep_all,MILP,MLP,synthetic,N,400,current_mixture,0.1,10,1e-12,width,0.0,2,g_ibp,201.28644530840253,,0.001
milp14,sweep_all,MILP,MLP,synthetic,N,400,current_mixture,0.1,10,1e-12,width,0.0,2,a_tau,4.442651256490317,,0.567
milp14,sweep_all,MILP,MLP,synthetic,N,400,current_mixture,0.1,10,1e-12,width,0.0,3,margin_hat_min,0.009160473942756653,,5.803
milp14,sweep_all,MILP,MLP,synthetic,N,400,current_mixture,0.1,10,1e-12,width,0.0,3,d_eff,33.86470710871104,,5.803
milp14,sweep_all,MILP,MLP,synthetic,N,400,current_mixture,0.1,10,1e-12,width,0.0,3,g_ibp,211.60948124486436,,0.001
milp14,sweep_all,MILP,MLP,synthetic,N,400,current_mixture,0.1,10,1e-12,width,0.0,3,a_tau,4.454347296253507,,0.617
milp14,sweep_all,MILP,MLP,synthetic,N,400,current_mixture,0.1,10,1e-12,width,0.0,4,margin_hat_min,0.00831674039363861,,6.721
milp14,sweep_all,MILP,MLP,synthetic,N,400,current_mixture,0.1,10,1e-12,width,0.0,4,d_eff,33.84986325624507,,6.721
milp14,sweep_all,MILP,MLP,synthetic,N,400,current_mixture,0.1,10,1e-12,width,0.0,4,g_ibp,232.9758190955916,,0.001
milp14,sweep_all,MILP,MLP,synthetic,N,400,current_mixture,0.1,10,1e-12,width,0.0,4,a_tau,4.442651256490317,,0.787
milp14,sweep_all,MILP,MLP,synthetic,N,400,current_mixture,0.1,10,1e-12,width,0.0,5,margin_hat_min,0.008444756269454956,,5.497
milp14,sweep_all,MILP,MLP,synthetic,N,400,current_mixture,0.1,10,1e-12,width,0.0,5,d_eff,33.76146816638217,,5.497
milp14,sweep_all,MILP,MLP,synthetic,N,400,current_mixture,0.1,10,1e-12,width,0.0,5,g_ibp,229.45924778214427,,0.001
milp14,sweep_all,MILP,MLP,synthetic,N,400,current_mixture,0.1,10,1e-12,width,0.0,5,a_tau,4.356708826689592,,0.607
milp14,sweep_all,MILP,MLP,synthetic,N,400,current_mixture,0.1,10,1e-12,width,0.0,6,margin_hat_min,0.009172871708869934,,5.563
milp14,sweep_all,MILP,MLP,synthetic,N,400,current_mixture,0.1,10,1e-12,width,0.0,6,d_eff,33.78940259711461,,5.563
milp14,sweep_all,MILP,MLP,synthetic,N,400,current_mixture,0.1,10,1e-12,width,0.0,6,g_ibp,211.324828066198,,0.001
milp14,sweep_all,MILP,MLP,synthetic,N,400,current_mixture,0.1,10,1e-12,width,0.0,6,a_tau,4.3694478524670215,,0.585
milp14,sweep_all,MILP,MLP,synthetic,N,400,current_mixture,0.1,10,1e-12,width,0.0,7,margin_hat_min,0.00800718367099762,,5.499
milp14,sweep_all,MILP,MLP,synthetic,N,400,current_mixture,0.1,10,1e-12,width,0.0,7,d_eff,33.826269996983825,,5.499
milp14,sweep_all,MILP,MLP,synthetic,N,400,current_mixture,0.1,10,1e-12,width,0.0,7,g_ibp,241.9439753453752,,0.001
milp14,sweep_all,MILP,MLP,synthetic,N,400,current_mixture,0.1,10,1e-12,width,0.0,7,a_tau,4.624972813284271,,0.603
milp14,sweep_all,MILP,MLP,synthetic,N,800,current_mixture,0.1,10,1e-12,width,0.0,0,margin_hat_min,0.008393242955207825,,8.789
milp14,sweep_all,MILP,MLP,synthetic,N,800,current_mixture,0.1,10,1e-12,width,0.0,0,d_eff,33.83002124819746,,8.789
milp14,sweep_all,MILP,MLP,synthetic,N,800,current_mixture,0.1,10,1e-12,width,0.0,0,g_ibp,230.86141057965517,,0.001
milp14,sweep_all,MILP,MLP,synthetic,N,800,current_mixture,0.1,10,1e-12,width,0.0,0,a_tau,4.897839799950911,,1.169
milp14,sweep_all,MILP,MLP,synthetic,N,800,current_mixture,0.1,10,1e-12,width,0.0,1,margin_hat_min,0.007506266236305237,,8.948
milp14,sweep_all,MILP,MLP,synthetic,N,800,current_mixture,0.1,10,1e-12,width,0.0,1,d_eff,33.735165255361316,,8.948
milp14,sweep_all,MILP,MLP,synthetic,N,800,current_mixture,0.1,10,1e-12,width,0.0,1,g_ibp,258.02294646350055,,0.001
milp14,sweep_all,MILP,MLP,synthetic,N,800,current_mixture,0.1,10,1e-12,width,0.0,1,a_tau,4.852030263919617,,1.222
milp14,sweep_all,MILP,MLP,synthetic,N,800,current_mixture,0.1,10,1e-12,width,0.0,2,margin_hat_min,0.007710814476013184,,7.253
milp14,sweep_all,MILP,MLP,synthetic,N,800,current_mixture,0.1,10,1e-12,width,0.0,2,d_eff,33.716899007747834,,7.253
milp14,sweep_all,MILP,MLP,synthetic,N,800,current_mixture,0.1,10,1e-12,width,0.0,2,g_ibp,251.20478329534407,,0.001
milp14,sweep_all,MILP,MLP,synthetic,N,800,current_mixture,0.1,10,1e-12,width,0.0,2,a_tau,4.736198448394496,,0.925
milp14,sweep_all,MILP,MLP,synthetic,N,800,current_mixture,0.1,10,1e-12,width,0.0,3,margin_hat_min,0.008086532354354858,,9.218
milp14,sweep_all,MILP,MLP,synthetic,N,800,current_mixture,0.1,10,1e-12,width,0.0,3,d_eff,33.768736526942774,,9.218
milp14,sweep_all,MILP,MLP,synthetic,N,800,current_mixture,0.1,10,1e-12,width,0.0,3,g_ibp,239.57972496383135,,0.001
milp14,sweep_all,MILP,MLP,synthetic,N,800,current_mixture,0.1,10,1e-12,width,0.0,3,a_tau,4.787491742782046,,1.228
milp14,sweep_all,MILP,MLP,synthetic,N,800,current_mixture,0.1,10,1e-12,width,0.0,4,margin_hat_min,0.008709147572517395,,9.096
milp14,sweep_all,MILP,MLP,synthetic,N,800,current_mixture,0.1,10,1e-12,width,0.0,4,d_eff,33.77862927385241,,9.096
milp14,sweep_all,MILP,MLP,synthetic,N,800,current_mixture,0.1,10,1e-12,width,0.0,4,g_ibp,222.5237081431724,,0.001
milp14,sweep_all,MILP,MLP,synthetic,N,800,current_mixture,0.1,10,1e-12,width,0.0,4,a_tau,4.859812404361672,,1.219
milp14,sweep_all,MILP,MLP,synthetic,N,800,current_mixture,0.1,10,1e-12,width,0.0,5,margin_hat_min,0.007869884371757507,,9.351
milp14,sweep_all,MILP,MLP,synthetic,N,800,current_mixture,0.1,10,1e-12,width,0.0,5,d_eff,33.782553361763334,,9.351
milp14,sweep_all,MILP,MLP,synthetic,N,800,current_mixture,0.1,10,1e-12,width,0.0,5,g_ibp,246.14752363200088,,0.001
milp14,sweep_all,MILP,MLP,synthetic,N,800,current_mixture,0.1,10,1e-12,width,0.0,5,a_tau,4.852030263919617,,1.369
milp14,sweep_all,MILP,MLP,synthetic,N,800,current_mixture,0.1,10,1e-12,width,0.0,6,margin_hat_min,0.005800694227218628,,8.87
milp14,sweep_all,MILP,MLP,synthetic,N,800,current_mixture,0.1,10,1e-12,width,0.0,6,d_eff,33.746880123853074,,8.87
milp14,sweep_all,MILP,MLP,synthetic,N,800,current_mixture,0.1,10,1e-12,width,0.0,6,g_ibp,333.59513246988735,,0.001
milp14,sweep_all,MILP,MLP,synthetic,N,800,current_mixture,0.1,10,1e-12,width,0.0,6,a_tau,4.77912349311153,,1.239
milp14,sweep_all,MILP,MLP,synthetic,N,800,current_mixture,0.1,10,1e-12,width,0.0,7,margin_hat_min,0.008427605032920837,,8.938
milp14,sweep_all,MILP,MLP,synthetic,N,800,current_mixture,0.1,10,1e-12,width,0.0,7,d_eff,33.75277317802495,,8.938
milp14,sweep_all,MILP,MLP,synthetic,N,800,current_mixture,0.1,10,1e-12,width,0.0,7,g_ibp,229.92419109419404,,0.002
milp14,sweep_all,MILP,MLP,synthetic,N,800,current_mixture,0.1,10,1e-12,width,0.0,7,a_tau,4.962844630259907,,1.36
milp14,sweep_all,MILP,MLP,synthetic,N,1600,current_mixture,0.1,10,1e-12,width,0.0,0,margin_hat_min,0.00819467008113861,,15.182
milp14,sweep_all,MILP,MLP,synthetic,N,1600,current_mixture,0.1,10,1e-12,width,0.0,0,d_eff,33.83390070861856,,15.182
milp14,sweep_all,MILP,MLP,synthetic,N,1600,current_mixture,0.1,10,1e-12,width,0.0,0,g_ibp,236.43140186409912,,0.001
milp14,sweep_all,MILP,MLP,synthetic,N,1600,current_mixture,0.1,10,1e-12,width,0.0,0,a_tau,5.181783550292085,,2.113
milp14,sweep_all,MILP,MLP,synthetic,N,1600,current_mixture,0.1,10,1e-12,width,0.0,1,margin_hat_min,0.007914811372756958,,15.265
milp14,sweep_all,MILP,MLP,synthetic,N,1600,current_mixture,0.1,10,1e-12,width,0.0,1,d_eff,33.79308054124778,,15.265
milp14,sweep_all,MILP,MLP,synthetic,N,1600,current_mixture,0.1,10,1e-12,width,0.0,1,g_ibp,244.75598787465537,,0.001
milp14,sweep_all,MILP,MLP,synthetic,N,1600,current_mixture,0.1,10,1e-12,width,0.0,1,a_tau,5.135798437050262,,2.181
milp14,sweep_all,MILP,MLP,synthetic,N,1600,current_mixture,0.1,10,1e-12,width,0.0,2,margin_hat_min,0.008032768964767456,,14.145
milp14,sweep_all,MILP,MLP,synthetic,N,1600,current_mixture,0.1,10,1e-12,width,0.0,2,d_eff,33.77030339844964,,14.145
milp14,sweep_all,MILP,MLP,synthetic,N,1600,current_mixture,0.1,10,1e-12,width,0.0,2,g_ibp,241.17654104998405,,0.001
milp14,sweep_all,MILP,MLP,synthetic,N,1600,current_mixture,0.1,10,1e-12,width,0.0,2,a_tau,5.0689042022202315,,1.969
milp14,sweep_all,MILP,MLP,synthetic,N,1600,current_mixture,0.1,10,1e-12,width,0.0,3,margin_hat_min,0.006148621439933777,,16.45
milp14,sweep_all,MILP,MLP,synthetic,N,1600,current_mixture,0.1,10,1e-12,width,0.0,3,d_eff,33.79686279089737,,16.45
milp14,sweep_all,MILP,MLP,synthetic,N,1600,current_mixture,0.1,10,1e-12,width,0.0,3,g_ibp,314.7748329093244,,0.001
milp14,sweep_all,MILP,MLP,synthetic,N,1600,current_mixture,0.1,10,1e-12,width,0.0,3,a_tau,5.147494476813453,,2.561
milp14,sweep_all,MILP,MLP,synthetic,N,1600,current_mixture,0.1,10,1e-12,width,0.0,4,margin_hat_min,0.00786447525024414,,15.591
milp14,sweep_all,MILP,MLP,synthetic,N,1600,current_mixture,0.1,10,1e-12,width,0.0,4,d_eff,33.83176913295838,,15.591
milp14,sweep_all,MILP,MLP,synthetic,N,1600,current_mixture,0.1,10,1e-12,width,0.0,4,g_ibp,246.3161340861843,,0.001
milp14,sweep_all,MILP,MLP,synthetic,N,1600,current_mixture,0.1,10,1e-12,width,0.0,4,a_tau,5.19295685089021,,2.495
milp14,sweep_all,MILP,MLP,synthetic,N,1600,current_mixture,0.1,10,1e-12,width,0.0,5,margin_hat_min,0.008353650569915771,,15.74
milp14,sweep_all,MILP,MLP,synthetic,N,1600,current_mixture,0.1,10,1e-12,width,0.0,5,d_eff,33.696684684349755,,15.74
milp14,sweep_all,MILP,MLP,synthetic,N,1600,current_mixture,0.1,10,1e-12,width,0.0,5,g_ibp,231.950845845613,,0.001
milp14,sweep_all,MILP,MLP,synthetic,N,1600,current_mixture,0.1,10,1e-12,width,0.0,5,a_tau,5.10594547390058,,2.513
milp14,sweep_all,MILP,MLP,synthetic,N,1600,current_mixture,0.1,10,1e-12,width,0.0,6,margin_hat_min,0.005701839923858643,,15.837
milp14,sweep_all,MILP,MLP,synthetic,N,1600,current_mixture,0.1,10,1e-12,width,0.0,6,d_eff,33.75955137763961,,15.837
milp14,sweep_all,MILP,MLP,synthetic,N,1600,current_mixture,0.1,10,1e-12,width,0.0,6,g_ibp,339.36142204562424,,0.001
milp14,sweep_all,MILP,MLP,synthetic,N,1600,current_mixture,0.1,10,1e-12,width,0.0,6,a_tau,5.10594547390058,,2.351
milp14,sweep_all,MILP,MLP,synthetic,N,1600,current_mixture,0.1,10,1e-12,width,0.0,7,margin_hat_min,0.006415367126464844,,15.997
milp14,sweep_all,MILP,MLP,synthetic,N,1600,current_mixture,0.1,10,1e-12,width,0.0,7,d_eff,33.769611477893854,,15.997
milp14,sweep_all,MILP,MLP,synthetic,N,1600,current_mixture,0.1,10,1e-12,width,0.0,7,g_ibp,301.728333534059,,0.002
milp14,sweep_all,MILP,MLP,synthetic,N,1600,current_mixture,0.1,10,1e-12,width,0.0,7,a_tau,5.231108616854587,,2.4
milp30,sweep_all,MILP,MLP,synthetic,N,50,current_mixture,0.1,10,1e-12,width,0.0,0,margin_hat_min,0.005432795733213425,,0.561
milp30,sweep_all,MILP,MLP,synthetic,N,50,current_mixture,0.1,10,1e-12,width,0.0,0,d_eff,30.161714948314316,,0.561
milp30,sweep_all,MILP,MLP,synthetic,N,50,current_mixture,0.1,10,1e-12,width,0.0,0,g_ibp,417.5375919360636,,0.001
milp30,sweep_all,MILP,MLP,synthetic,N,50,current_mixture,0.1,10,1e-12,width,0.0,0,a_tau,3.044522437723423,,0.081
milp30,sweep_all,MILP,MLP,synthetic,N,50,current_mixture,0.1,10,1e-12,width,0.0,1,margin_hat_min,0.006444890052080154,,0.611
milp30,sweep_all,MILP,MLP,synthetic,N,50,current_mixture,0.1,10,1e-12,width,0.0,1,d_eff,29.95235324017623,,0.611
milp30,sweep_all,MILP,MLP,synthetic,N,50,current_mixture,0.1,10,1e-12,width,0.0,1,g_ibp,352.12525333589804,,0.001
milp30,sweep_all,MILP,MLP,synthetic,N,50,current_mixture,0.1,10,1e-12,width,0.0,1,a_tau,3.784189633918261,,0.08
milp30,sweep_all,MILP,MLP,synthetic,N,50,current_mixture,0.1,10,1e-12,width,0.0,2,margin_hat_min,0.00716705247759819,,0.465
milp30,sweep_all,MILP,MLP,synthetic,N,50,current_mixture,0.1,10,1e-12,width,0.0,2,d_eff,30.015526019794567,,0.465
milp30,sweep_all,MILP,MLP,synthetic,N,50,current_mixture,0.1,10,1e-12,width,0.0,2,g_ibp,316.74537222481644,,0.001
milp30,sweep_all,MILP,MLP,synthetic,N,50,current_mixture,0.1,10,1e-12,width,0.0,2,a_tau,2.995732273553991,,0.058
milp30,sweep_all,MILP,MLP,synthetic,N,50,current_mixture,0.1,10,1e-12,width,0.0,3,margin_hat_min,0.006019875407218933,,0.579
milp30,sweep_all,MILP,MLP,synthetic,N,50,current_mixture,0.1,10,1e-12,width,0.0,3,d_eff,30.06569541020565,,0.579
milp30,sweep_all,MILP,MLP,synthetic,N,50,current_mixture,0.1,10,1e-12,width,0.0,3,g_ibp,376.9153635505737,,0.001
milp30,sweep_all,MILP,MLP,synthetic,N,50,current_mixture,0.1,10,1e-12,width,0.0,3,a_tau,3.044522437723423,,0.081
milp30,sweep_all,MILP,MLP,synthetic,N,50,current_mixture,0.1,10,1e-12,width,0.0,4,margin_hat_min,0.0055904872715473175,,0.585
milp30,sweep_all,MILP,MLP,synthetic,N,50,current_mixture,0.1,10,1e-12,width,0.0,4,d_eff,30.087156927761832,,0.585
milp30,sweep_all,MILP,MLP,synthetic,N,50,current_mixture,0.1,10,1e-12,width,0.0,4,g_ibp,405.7882666189587,,0.001
milp30,sweep_all,MILP,MLP,synthetic,N,50,current_mixture,0.1,10,1e-12,width,0.0,4,a_tau,2.8903717578961645,,0.081
milp30,sweep_all,MILP,MLP,synthetic,N,50,current_mixture,0.1,10,1e-12,width,0.0,5,margin_hat_min,0.005452444776892662,,0.452
milp30,sweep_all,MILP,MLP,synthetic,N,50,current_mixture,0.1,10,1e-12,width,0.0,5,d_eff,29.834217961317684,,0.452
milp30,sweep_all,MILP,MLP,synthetic,N,50,current_mixture,0.1,10,1e-12,width,0.0,5,g_ibp,416.03651018807767,,0.001
milp30,sweep_all,MILP,MLP,synthetic,N,50,current_mixture,0.1,10,1e-12,width,0.0,5,a_tau,3.091042453358316,,0.058
milp30,sweep_all,MILP,MLP,synthetic,N,50,current_mixture,0.1,10,1e-12,width,0.0,6,margin_hat_min,0.006891919299960136,,0.565
milp30,sweep_all,MILP,MLP,synthetic,N,50,current_mixture,0.1,10,1e-12,width,0.0,6,d_eff,29.818388866909665,,0.565
milp30,sweep_all,MILP,MLP,synthetic,N,50,current_mixture,0.1,10,1e-12,width,0.0,6,g_ibp,329.3502829602949,,0.001
milp30,sweep_all,MILP,MLP,synthetic,N,50,current_mixture,0.1,10,1e-12,width,0.0,6,a_tau,2.9444389791664403,,0.074
milp30,sweep_all,MILP,MLP,synthetic,N,50,current_mixture,0.1,10,1e-12,width,0.0,7,margin_hat_min,0.006223265081644058,,0.508
milp30,sweep_all,MILP,MLP,synthetic,N,50,current_mixture,0.1,10,1e-12,width,0.0,7,d_eff,29.700402349406357,,0.508
milp30,sweep_all,MILP,MLP,synthetic,N,50,current_mixture,0.1,10,1e-12,width,0.0,7,g_ibp,364.6296417648854,,0.001
milp30,sweep_all,MILP,MLP,synthetic,N,50,current_mixture,0.1,10,1e-12,width,0.0,7,a_tau,2.8903717578961645,,0.057
milp30,sweep_all,MILP,MLP,synthetic,N,100,current_mixture,0.1,10,1e-12,width,0.0,0,margin_hat_min,0.005573496222496033,,1.06
milp30,sweep_all,MILP,MLP,synthetic,N,100,current_mixture,0.1,10,1e-12,width,0.0,0,d_eff,30.01417155247349,,1.06
milp30,sweep_all,MILP,MLP,synthetic,N,100,current_mixture,0.1,10,1e-12,width,0.0,0,g_ibp,407.0222815025631,,0.001
milp30,sweep_all,MILP,MLP,synthetic,N,100,current_mixture,0.1,10,1e-12,width,0.0,0,a_tau,3.4339872044851463,,0.157
milp30,sweep_all,MILP,MLP,synthetic,N,100,current_mixture,0.1,10,1e-12,width,0.0,1,margin_hat_min,0.005258373916149139,,0.955
milp30,sweep_all,MILP,MLP,synthetic,N,100,current_mixture,0.1,10,1e-12,width,0.0,1,d_eff,30.187737520135638,,0.955
milp30,sweep_all,MILP,MLP,synthetic,N,100,current_mixture,0.1,10,1e-12,width,0.0,1,g_ibp,431.3542669777768,,0.001
milp30,sweep_all,MILP,MLP,synthetic,N,100,current_mixture,0.1,10,1e-12,width,0.0,1,a_tau,4.007333185232471,,0.175
milp30,sweep_all,MILP,MLP,synthetic,N,100,current_mixture,0.1,10,1e-12,width,0.0,2,margin_hat_min,0.0052087679505348206,,0.747
milp30,sweep_all,MILP,MLP,synthetic,N,100,current_mixture,0.1,10,1e-12,width,0.0,2,d_eff,29.93173388709447,,0.747
milp30,sweep_all,MILP,MLP,synthetic,N,100,current_mixture,0.1,10,1e-12,width,0.0,2,g_ibp,435.4527676536198,,0.001
milp30,sweep_all,MILP,MLP,synthetic,N,100,current_mixture,0.1,10,1e-12,width,0.0,2,a_tau,3.4339872044851463,,0.139
milp30,sweep_all,MILP,MLP,synthetic,N,100,current_mixture,0.1,10,1e-12,width,0.0,3,margin_hat_min,0.005146432667970657,,1.056
milp30,sweep_all,MILP,MLP,synthetic,N,100,current_mixture,0.1,10,1e-12,width,0.0,3,d_eff,29.87995049275073,,1.056
milp30,sweep_all,MILP,MLP,synthetic,N,100,current_mixture,0.1,10,1e-12,width,0.0,3,g_ibp,440.71500224880936,,0.001
milp30,sweep_all,MILP,MLP,synthetic,N,100,current_mixture,0.1,10,1e-12,width,0.0,3,a_tau,3.5553480614894135,,0.159
milp30,sweep_all,MILP,MLP,synthetic,N,100,current_mixture,0.1,10,1e-12,width,0.0,4,margin_hat_min,0.005539827048778534,,0.969
milp30,sweep_all,MILP,MLP,synthetic,N,100,current_mixture,0.1,10,1e-12,width,0.0,4,d_eff,30.367129669329604,,0.969
milp30,sweep_all,MILP,MLP,synthetic,N,100,current_mixture,0.1,10,1e-12,width,0.0,4,g_ibp,409.48994603545344,,0.001
milp30,sweep_all,MILP,MLP,synthetic,N,100,current_mixture,0.1,10,1e-12,width,0.0,4,a_tau,3.4339872044851463,,0.167
milp30,sweep_all,MILP,MLP,synthetic,N,100,current_mixture,0.1,10,1e-12,width,0.0,5,margin_hat_min,0.005103331059217453,,0.734
milp30,sweep_all,MILP,MLP,synthetic,N,100,current_mixture,0.1,10,1e-12,width,0.0,5,d_eff,30.138555507542424,,0.734
milp30,sweep_all,MILP,MLP,synthetic,N,100,current_mixture,0.1,10,1e-12,width,0.0,5,g_ibp,444.42873819229624,,0.001
milp30,sweep_all,MILP,MLP,synthetic,N,100,current_mixture,0.1,10,1e-12,width,0.0,5,a_tau,3.4339872044851463,,0.116
milp30,sweep_all,MILP,MLP,synthetic,N,100,current_mixture,0.1,10,1e-12,width,0.0,6,margin_hat_min,0.0048307739198207855,,1.042
milp30,sweep_all,MILP,MLP,synthetic,N,100,current_mixture,0.1,10,1e-12,width,0.0,6,d_eff,29.881393446530172,,1.042
milp30,sweep_all,MILP,MLP,synthetic,N,100,current_mixture,0.1,10,1e-12,width,0.0,6,g_ibp,469.4474350696345,,0.002
milp30,sweep_all,MILP,MLP,synthetic,N,100,current_mixture,0.1,10,1e-12,width,0.0,6,a_tau,3.4011973816621555,,0.179
milp30,sweep_all,MILP,MLP,synthetic,N,100,current_mixture,0.1,10,1e-12,width,0.0,7,margin_hat_min,0.005562301725149155,,1.1
milp30,sweep_all,MILP,MLP,synthetic,N,100,current_mixture,0.1,10,1e-12,width,0.0,7,d_eff,29.844707826550245,,1.1
milp30,sweep_all,MILP,MLP,synthetic,N,100,current_mixture,0.1,10,1e-12,width,0.0,7,g_ibp,407.8394279963763,,0.001
milp30,sweep_all,MILP,MLP,synthetic,N,100,current_mixture,0.1,10,1e-12,width,0.0,7,a_tau,3.4657359027997265,,0.159
milp30,sweep_all,MILP,MLP,synthetic,N,200,current_mixture,0.1,10,1e-12,width,0.0,0,margin_hat_min,0.004749450832605362,,3.006
milp30,sweep_all,MILP,MLP,synthetic,N,200,current_mixture,0.1,10,1e-12,width,0.0,0,d_eff,30.170694641075094,,3.006
milp30,sweep_all,MILP,MLP,synthetic,N,200,current_mixture,0.1,10,1e-12,width,0.0,0,g_ibp,477.46848696651045,,0.001
milp30,sweep_all,MILP,MLP,synthetic,N,200,current_mixture,0.1,10,1e-12,width,0.0,0,a_tau,3.871201010907891,,0.309
milp30,sweep_all,MILP,MLP,synthetic,N,200,current_mixture,0.1,10,1e-12,width,0.0,1,margin_hat_min,0.005011856555938721,,3.016
milp30,sweep_all,MILP,MLP,synthetic,N,200,current_mixture,0.1,10,1e-12,width,0.0,1,d_eff,29.965019325260812,,3.016
milp30,sweep_all,MILP,MLP,synthetic,N,200,current_mixture,0.1,10,1e-12,width,0.0,1,g_ibp,452.52203118758325,,0.001
milp30,sweep_all,MILP,MLP,synthetic,N,200,current_mixture,0.1,10,1e-12,width,0.0,1,a_tau,4.204692619390966,,0.302
milp30,sweep_all,MILP,MLP,synthetic,N,200,current_mixture,0.1,10,1e-12,width,0.0,2,margin_hat_min,0.00431428849697113,,2.891
milp30,sweep_all,MILP,MLP,synthetic,N,200,current_mixture,0.1,10,1e-12,width,0.0,2,d_eff,30.059612738911266,,2.891
milp30,sweep_all,MILP,MLP,synthetic,N,200,current_mixture,0.1,10,1e-12,width,0.0,2,g_ibp,525.5276605108761,,0.001
milp30,sweep_all,MILP,MLP,synthetic,N,200,current_mixture,0.1,10,1e-12,width,0.0,2,a_tau,3.970291913552122,,0.328
milp30,sweep_all,MILP,MLP,synthetic,N,200,current_mixture,0.1,10,1e-12,width,0.0,3,margin_hat_min,0.004787374287843704,,2.879
milp30,sweep_all,MILP,MLP,synthetic,N,200,current_mixture,0.1,10,1e-12,width,0.0,3,d_eff,30.06407848782906,,2.879
milp30,sweep_all,MILP,MLP,synthetic,N,200,current_mixture,0.1,10,1e-12,width,0.0,3,g_ibp,473.6941149939527,,0.001
milp30,sweep_all,MILP,MLP,synthetic,N,200,current_mixture,0.1,10,1e-12,width,0.0,3,a_tau,3.8501476017100584,,0.319
milp30,sweep_all,MILP,MLP,synthetic,N,200,current_mixture,0.1,10,1e-12,width,0.0,4,margin_hat_min,0.0046857669949531555,,3.073
milp30,sweep_all,MILP,MLP,synthetic,N,200,current_mixture,0.1,10,1e-12,width,0.0,4,d_eff,30.052091197700975,,3.073
milp30,sweep_all,MILP,MLP,synthetic,N,200,current_mixture,0.1,10,1e-12,width,0.0,4,g_ibp,483.9441273038498,,0.001
milp30,sweep_all,MILP,MLP,synthetic,N,200,current_mixture,0.1,10,1e-12,width,0.0,4,a_tau,3.828641396489095,,0.228
milp30,sweep_all,MILP,MLP,synthetic,N,200,current_mixture,0.1,10,1e-12,width,0.0,5,margin_hat_min,0.0033903345465660095,,3.074
milp30,sweep_all,MILP,MLP,synthetic,N,200,current_mixture,0.1,10,1e-12,width,0.0,5,d_eff,30.138889793801596,,3.074
milp30,sweep_all,MILP,MLP,synthetic,N,200,current_mixture,0.1,10,1e-12,width,0.0,5,g_ibp,668.4750296351747,,0.001
milp30,sweep_all,MILP,MLP,synthetic,N,200,current_mixture,0.1,10,1e-12,width,0.0,5,a_tau,3.8501476017100584,,0.335
milp30,sweep_all,MILP,MLP,synthetic,N,200,current_mixture,0.1,10,1e-12,width,0.0,6,margin_hat_min,0.0032354816794395447,,3.054
milp30,sweep_all,MILP,MLP,synthetic,N,200,current_mixture,0.1,10,1e-12,width,0.0,6,d_eff,30.140238926323974,,3.054
milp30,sweep_all,MILP,MLP,synthetic,N,200,current_mixture,0.1,10,1e-12,width,0.0,6,g_ibp,700.4209444271531,,0.001
milp30,sweep_all,MILP,MLP,synthetic,N,200,current_mixture,0.1,10,1e-12,width,0.0,6,a_tau,3.713572066704308,,0.334
milp30,sweep_all,MILP,MLP,synthetic,N,200,current_mixture,0.1,10,1e-12,width,0.0,7,margin_hat_min,0.004439949989318848,,2.854
milp30,sweep_all,MILP,MLP,synthetic,N,200,current_mixture,0.1,10,1e-12,width,0.0,7,d_eff,30.016018832172655,,2.854
milp30,sweep_all,MILP,MLP,synthetic,N,200,current_mixture,0.1,10,1e-12,width,0.0,7,g_ibp,510.68223911172197,,0.001
milp30,sweep_all,MILP,MLP,synthetic,N,200,current_mixture,0.1,10,1e-12,width,0.0,7,a_tau,3.713572066704308,,0.324
milp30,sweep_all,MILP,MLP,synthetic,N,400,current_mixture,0.1,10,1e-12,width,0.0,0,margin_hat_min,0.003950987011194229,,5.223
milp30,sweep_all,MILP,MLP,synthetic,N,400,current_mixture,0.1,10,1e-12,width,0.0,0,d_eff,30.017095601147066,,5.223
milp30,sweep_all,MILP,MLP,synthetic,N,400,current_mixture,0.1,10,1e-12,width,0.0,0,g_ibp,573.7590714992034,,0.001
milp30,sweep_all,MILP,MLP,synthetic,N,400,current_mixture,0.1,10,1e-12,width,0.0,0,a_tau,4.174387269895637,,0.552
milp30,sweep_all,MILP,MLP,synthetic,N,400,current_mixture,0.1,10,1e-12,width,0.0,1,margin_hat_min,0.004535038024187088,,5.791
milp30,sweep_all,MILP,MLP,synthetic,N,400,current_mixture,0.1,10,1e-12,width,0.0,1,d_eff,30.061821431854742,,5.791
milp30,sweep_all,MILP,MLP,synthetic,N,400,current_mixture,0.1,10,1e-12,width,0.0,1,g_ibp,499.9955189000698,,0.001
milp30,sweep_all,MILP,MLP,synthetic,N,400,current_mixture,0.1,10,1e-12,width,0.0,1,a_tau,4.624972813284271,,0.611
milp30,sweep_all,MILP,MLP,synthetic,N,400,current_mixture,0.1,10,1e-12,width,0.0,2,margin_hat_min,0.0030103884637355804,,5.561
milp30,sweep_all,MILP,MLP,synthetic,N,400,current_mixture,0.1,10,1e-12,width,0.0,2,d_eff,29.99710794300828,,5.561
milp30,sweep_all,MILP,MLP,synthetic,N,400,current_mixture,0.1,10,1e-12,width,0.0,2,g_ibp,752.7181516999161,,0.001
milp30,sweep_all,MILP,MLP,synthetic,N,400,current_mixture,0.1,10,1e-12,width,0.0,2,a_tau,4.382026634673881,,0.615
milp30,sweep_all,MILP,MLP,synthetic,N,400,current_mixture,0.1,10,1e-12,width,0.0,3,margin_hat_min,0.004513643682003021,,5.537
milp30,sweep_all,MILP,MLP,synthetic,N,400,current_mixture,0.1,10,1e-12,width,0.0,3,d_eff,29.97285465815209,,5.537
milp30,sweep_all,MILP,MLP,synthetic,N,400,current_mixture,0.1,10,1e-12,width,0.0,3,g_ibp,502.36072130181566,,0.001
milp30,sweep_all,MILP,MLP,synthetic,N,400,current_mixture,0.1,10,1e-12,width,0.0,3,a_tau,4.174387269895637,,0.647
milp30,sweep_all,MILP,MLP,synthetic,N,400,current_mixture,0.1,10,1e-12,width,0.0,4,margin_hat_min,0.004854258149862289,,5.273
milp30,sweep_all,MILP,MLP,synthetic,N,400,current_mixture,0.1,10,1e-12,width,0.0,4,d_eff,30.142668533357178,,5.273
milp30,sweep_all,MILP,MLP,synthetic,N,400,current_mixture,0.1,10,1e-12,width,0.0,4,g_ibp,467.18115112147376,,0.001
milp30,sweep_all,MILP,MLP,synthetic,N,400,current_mixture,0.1,10,1e-12,width,0.0,4,a_tau,4.219507705176107,,0.583
milp30,sweep_all,MILP,MLP,synthetic,N,400,current_mixture,0.1,10,1e-12,width,0.0,5,margin_hat_min,0.004674233496189117,,5.398
milp30,sweep_all,MILP,MLP,synthetic,N,400,current_mixture,0.1,10,1e-12,width,0.0,5,d_eff,30.090369172247048,,5.398
milp30,sweep_all,MILP,MLP,synthetic,N,400,current_mixture,0.1,10,1e-12,width,0.0,5,g_ibp,485.1357741265231,,0.001
milp30,sweep_all,MILP,MLP,synthetic,N,400,current_mixture,0.1,10,1e-12,width,0.0,5,a_tau,4.330733340286331,,0.663
milp30,sweep_all,MILP,MLP,synthetic,N,400,current_mixture,0.1,10,1e-12,width,0.0,6,margin_hat_min,0.0046352483332157135,,5.634
milp30,sweep_all,MILP,MLP,synthetic,N,400,current_mixture,0.1,10,1e-12,width,0.0,6,d_eff,30.173242071214574,,5.634
milp30,sweep_all,MILP,MLP,synthetic,N,400,current_mixture,0.1,10,1e-12,width,0.0,6,g_ibp,489.2076405497858,,0.002
milp30,sweep_all,MILP,MLP,synthetic,N,400,current_mixture,0.1,10,1e-12,width,0.0,6,a_tau,4.143134726391533,,0.661
milp30,sweep_all,MILP,MLP,synthetic,N,400,current_mixture,0.1,10,1e-12,width,0.0,7,margin_hat_min,0.0038144905120134354,,5.965
milp30,sweep_all,MILP,MLP,synthetic,N,400,current_mixture,0.1,10,1e-12,width,0.0,7,d_eff,30.19536364826075,,5.965
milp30,sweep_all,MILP,MLP,synthetic,N,400,current_mixture,0.1,10,1e-12,width,0.0,7,g_ibp,594.2544975245055,,0.001
milp30,sweep_all,MILP,MLP,synthetic,N,400,current_mixture,0.1,10,1e-12,width,0.0,7,a_tau,4.1588830833596715,,0.67
milp30,sweep_all,MILP,MLP,synthetic,N,800,current_mixture,0.1,10,1e-12,width,0.0,0,margin_hat_min,0.0037603043019771576,,8.124
milp30,sweep_all,MILP,MLP,synthetic,N,800,current_mixture,0.1,10,1e-12,width,0.0,0,d_eff,30.13161154518409,,8.124
milp30,sweep_all,MILP,MLP,synthetic,N,800,current_mixture,0.1,10,1e-12,width,0.0,0,g_ibp,602.8033303363549,,0.001
milp30,sweep_all,MILP,MLP,synthetic,N,800,current_mixture,0.1,10,1e-12,width,0.0,0,a_tau,4.574710978503383,,1.056
milp30,sweep_all,MILP,MLP,synthetic,N,800,current_mixture,0.1,10,1e-12,width,0.0,1,margin_hat_min,0.0035756826400756836,,9.133
milp30,sweep_all,MILP,MLP,synthetic,N,800,current_mixture,0.1,10,1e-12,width,0.0,1,d_eff,30.081920141722275,,9.133
milp30,sweep_all,MILP,MLP,synthetic,N,800,current_mixture,0.1,10,1e-12,width,0.0,1,g_ibp,633.8759791526141,,0.001
milp30,sweep_all,MILP,MLP,synthetic,N,800,current_mixture,0.1,10,1e-12,width,0.0,1,a_tau,4.844187086458591,,1.207
milp30,sweep_all,MILP,MLP,synthetic,N,800,current_mixture,0.1,10,1e-12,width,0.0,2,margin_hat_min,0.004165831953287125,,8.755
milp30,sweep_all,MILP,MLP,synthetic,N,800,current_mixture,0.1,10,1e-12,width,0.0,2,d_eff,30.10991042187311,,8.755
milp30,sweep_all,MILP,MLP,synthetic,N,800,current_mixture,0.1,10,1e-12,width,0.0,2,g_ibp,544.2201004365829,,0.001
milp30,sweep_all,MILP,MLP,synthetic,N,800,current_mixture,0.1,10,1e-12,width,0.0,2,a_tau,4.727387818712341,,1.268
milp30,sweep_all,MILP,MLP,synthetic,N,800,current_mixture,0.1,10,1e-12,width,0.0,3,margin_hat_min,0.0031437911093235016,,8.853
milp30,sweep_all,MILP,MLP,synthetic,N,800,current_mixture,0.1,10,1e-12,width,0.0,3,d_eff,30.049606558044506,,8.853
milp30,sweep_all,MILP,MLP,synthetic,N,800,current_mixture,0.1,10,1e-12,width,0.0,3,g_ibp,720.819979507772,,0.001
milp30,sweep_all,MILP,MLP,synthetic,N,800,current_mixture,0.1,10,1e-12,width,0.0,3,a_tau,4.584967478670572,,1.398
milp30,sweep_all,MILP,MLP,synthetic,N,800,current_mixture,0.1,10,1e-12,width,0.0,4,margin_hat_min,0.0035186484456062317,,8.701
milp30,sweep_all,MILP,MLP,synthetic,N,800,current_mixture,0.1,10,1e-12,width,0.0,4,d_eff,30.055961203573066,,8.701
milp30,sweep_all,MILP,MLP,synthetic,N,800,current_mixture,0.1,10,1e-12,width,0.0,4,g_ibp,644.134341764784,,0.001
milp30,sweep_all,MILP,MLP,synthetic,N,800,current_mixture,0.1,10,1e-12,width,0.0,4,a_tau,4.59511985013459,,1.407
milp30,sweep_all,MILP,MLP,synthetic,N,800,current_mixture,0.1,10,1e-12,width,0.0,5,margin_hat_min,0.0029571764171123505,,8.244
milp30,sweep_all,MILP,MLP,synthetic,N,800,current_mixture,0.1,10,1e-12,width,0.0,5,d_eff,30.121797060497617,,8.244
milp30,sweep_all,MILP,MLP,synthetic,N,800,current_mixture,0.1,10,1e-12,width,0.0,5,g_ibp,766.2447242407989,,0.001
milp30,sweep_all,MILP,MLP,synthetic,N,800,current_mixture,0.1,10,1e-12,width,0.0,5,a_tau,4.61512051684126,,1.295
milp30,sweep_all,MILP,MLP,synthetic,N,800,current_mixture,0.1,10,1e-12,width,0.0,6,margin_hat_min,0.003961995244026184,,8.523
milp30,sweep_all,MILP,MLP,synthetic,N,800,current_mixture,0.1,10,1e-12,width,0.0,6,d_eff,30.066466863518357,,8.523
milp30,sweep_all,MILP,MLP,synthetic,N,800,current_mixture,0.1,10,1e-12,width,0.0,6,g_ibp,572.1676851330554,,0.001
milp30,sweep_all,MILP,MLP,synthetic,N,800,current_mixture,0.1,10,1e-12,width,0.0,6,a_tau,4.700480365792417,,1.336
milp30,sweep_all,MILP,MLP,synthetic,N,800,current_mixture,0.1,10,1e-12,width,0.0,7,margin_hat_min,0.0037475749850273132,,7.988
milp30,sweep_all,MILP,MLP,synthetic,N,800,current_mixture,0.1,10,1e-12,width,0.0,7,d_eff,30.088045404114528,,7.988
milp30,sweep_all,MILP,MLP,synthetic,N,800,current_mixture,0.1,10,1e-12,width,0.0,7,g_ibp,604.847464306158,,0.001
milp30,sweep_all,MILP,MLP,synthetic,N,800,current_mixture,0.1,10,1e-12,width,0.0,7,a_tau,4.543294782270004,,1.064
milp30,sweep_all,MILP,MLP,synthetic,N,1600,current_mixture,0.1,10,1e-12,width,0.0,0,margin_hat_min,0.0035692714154720306,,15.635
milp30,sweep_all,MILP,MLP,synthetic,N,1600,current_mixture,0.1,10,1e-12,width,0.0,0,d_eff,30.11913233545363,,15.635
milp30,sweep_all,MILP,MLP,synthetic,N,1600,current_mixture,0.1,10,1e-12,width,0.0,0,g_ibp,635.0127685908953,,0.001
milp30,sweep_all,MILP,MLP,synthetic,N,1600,current_mixture,0.1,10,1e-12,width,0.0,0,a_tau,4.955827057601261,,2.344
milp30,sweep_all,MILP,MLP,synthetic,N,1600,current_mixture,0.1,10,1e-12,width,0.0,1,margin_hat_min,0.0036667175590991974,,16.879
milp30,sweep_all,MILP,MLP,synthetic,N,1600,current_mixture,0.1,10,1e-12,width,0.0,1,d_eff,30.06544704676324,,16.879
milp30,sweep_all,MILP,MLP,synthetic,N,1600,current_mixture,0.1,10,1e-12,width,0.0,1,g_ibp,618.1633390133703,,0.001
milp30,sweep_all,MILP,MLP,synthetic,N,1600,current_mixture,0.1,10,1e-12,width,0.0,1,a_tau,5.056245805348308,,2.588
milp30,sweep_all,MILP,MLP,synthetic,N,1600,current_mixture,0.1,10,1e-12,width,0.0,2,margin_hat_min,0.004220280796289444,,17.131
milp30,sweep_all,MILP,MLP,synthetic,N,1600,current_mixture,0.1,10,1e-12,width,0.0,2,d_eff,30.148733746205618,,17.131
milp30,sweep_all,MILP,MLP,synthetic,N,1600,current_mixture,0.1,10,1e-12,width,0.0,2,g_ibp,537.2116317149348,,0.002
milp30,sweep_all,MILP,MLP,synthetic,N,1600,current_mixture,0.1,10,1e-12,width,0.0,2,a_tau,4.997212273764115,,2.573
milp30,sweep_all,MILP,MLP,synthetic,N,1600,current_mixture,0.1,10,1e-12,width,0.0,3,margin_hat_min,0.0035130660980939865,,16.168
milp30,sweep_all,MILP,MLP,synthetic,N,1600,current_mixture,0.1,10,1e-12,width,0.0,3,d_eff,30.129074210465284,,16.168
milp30,sweep_all,MILP,MLP,synthetic,N,1600,current_mixture,0.1,10,1e-12,width,0.0,3,g_ibp,645.1562978827507,,0.001
milp30,sweep_all,MILP,MLP,synthetic,N,1600,current_mixture,0.1,10,1e-12,width,0.0,3,a_tau,4.955827057601261,,2.477
milp30,sweep_all,MILP,MLP,synthetic,N,1600,current_mixture,0.1,10,1e-12,width,0.0,4,margin_hat_min,0.003600236028432846,,16.774
milp30,sweep_all,MILP,MLP,synthetic,N,1600,current_mixture,0.1,10,1e-12,width,0.0,4,d_eff,30.094933347267393,,16.774
milp30,sweep_all,MILP,MLP,synthetic,N,1600,current_mixture,0.1,10,1e-12,width,0.0,4,g_ibp,629.5598038877104,,0.002
milp30,sweep_all,MILP,MLP,synthetic,N,1600,current_mixture,0.1,10,1e-12,width,0.0,4,a_tau,4.859812404361672,,2.616
milp30,sweep_all,MILP,MLP,synthetic,N,1600,current_mixture,0.1,10,1e-12,width,0.0,5,margin_hat_min,0.003545733168721199,,16.021
milp30,sweep_all,MILP,MLP,synthetic,N,1600,current_mixture,0.1,10,1e-12,width,0.0,5,d_eff,30.104841140609068,,16.021
milp30,sweep_all,MILP,MLP,synthetic,N,1600,current_mixture,0.1,10,1e-12,width,0.0,5,g_ibp,639.221643956281,,0.001
milp30,sweep_all,MILP,MLP,synthetic,N,1600,current_mixture,0.1,10,1e-12,width,0.0,5,a_tau,4.867534450455582,,2.506
milp30,sweep_all,MILP,MLP,synthetic,N,1600,current_mixture,0.1,10,1e-12,width,0.0,6,margin_hat_min,0.0032604895532131195,,16.413
milp30,sweep_all,MILP,MLP,synthetic,N,1600,current_mixture,0.1,10,1e-12,width,0.0,6,d_eff,30.13832937320319,,16.413
milp30,sweep_all,MILP,MLP,synthetic,N,1600,current_mixture,0.1,10,1e-12,width,0.0,6,g_ibp,695.0564031820425,,0.001
milp30,sweep_all,MILP,MLP,synthetic,N,1600,current_mixture,0.1,10,1e-12,width,0.0,6,a_tau,4.976733742420574,,2.674
milp30,sweep_all,MILP,MLP,synthetic,N,1600,current_mixture,0.1,10,1e-12,width,0.0,7,margin_hat_min,0.0035189613699913025,,16.703
milp30,sweep_all,MILP,MLP,synthetic,N,1600,current_mixture,0.1,10,1e-12,width,0.0,7,d_eff,30.133363772545263,,16.703
milp30,sweep_all,MILP,MLP,synthetic,N,1600,current_mixture,0.1,10,1e-12,width,0.0,7,g_ibp,644.0771509072562,,0.001
milp30,sweep_all,MILP,MLP,synthetic,N,1600,current_mixture,0.1,10,1e-12,width,0.0,7,a_tau,4.867534450455582,,2.687
milp26,sweep_all,MILP,MLP,synthetic,N,50,current_mixture,0.1,10,1e-12,width,0.0,0,margin_hat_min,0.0026756003499031067,,0.493
milp26,sweep_all,MILP,MLP,synthetic,N,50,current_mixture,0.1,10,1e-12,width,0.0,0,d_eff,31.40058396314656,,0.493
milp26,sweep_all,MILP,MLP,synthetic,N,50,current_mixture,0.1,10,1e-12,width,0.0,0,g_ibp,2035.360793752436,,0.001
milp26,sweep_all,MILP,MLP,synthetic,N,50,current_mixture,0.1,10,1e-12,width,0.0,0,a_tau,3.912023005428146,,0.065
milp26,sweep_all,MILP,MLP,synthetic,N,50,current_mixture,0.1,10,1e-12,width,0.0,1,margin_hat_min,0.0025019049644470215,,0.456
milp26,sweep_all,MILP,MLP,synthetic,N,50,current_mixture,0.1,10,1e-12,width,0.0,1,d_eff,31.915149881575953,,0.456
milp26,sweep_all,MILP,MLP,synthetic,N,50,current_mixture,0.1,10,1e-12,width,0.0,1,g_ibp,2176.5968067536096,,0.001
milp26,sweep_all,MILP,MLP,synthetic,N,50,current_mixture,0.1,10,1e-12,width,0.0,1,a_tau,3.912023005428146,,0.065
milp26,sweep_all,MILP,MLP,synthetic,N,50,current_mixture,0.1,10,1e-12,width,0.0,2,margin_hat_min,0.002975672483444214,,0.46
milp26,sweep_all,MILP,MLP,synthetic,N,50,current_mixture,0.1,10,1e-12,width,0.0,2,d_eff,31.469577795041,,0.46
milp26,sweep_all,MILP,MLP,synthetic,N,50,current_mixture,0.1,10,1e-12,width,0.0,2,g_ibp,1830.212214073415,,0.001
milp26,sweep_all,MILP,MLP,synthetic,N,50,current_mixture,0.1,10,1e-12,width,0.0,2,a_tau,3.912023005428146,,0.062
milp26,sweep_all,MILP,MLP,synthetic,N,50,current_mixture,0.1,10,1e-12,width,0.0,3,margin_hat_min,0.002099446952342987,,0.504
milp26,sweep_all,MILP,MLP,synthetic,N,50,current_mixture,0.1,10,1e-12,width,0.0,3,d_eff,31.209412365484265,,0.504
milp26,sweep_all,MILP,MLP,synthetic,N,50,current_mixture,0.1,10,1e-12,width,0.0,3,g_ibp,2593.652529257925,,0.001
milp26,sweep_all,MILP,MLP,synthetic,N,50,current_mixture,0.1,10,1e-12,width,0.0,3,a_tau,3.912023005428146,,0.064
milp26,sweep_all,MILP,MLP,synthetic,N,50,current_mixture,0.1,10,1e-12,width,0.0,4,margin_hat_min,0.003435179591178894,,0.63
milp26,sweep_all,MILP,MLP,synthetic,N,50,current_mixture,0.1,10,1e-12,width,0.0,4,d_eff,31.718460163542197,,0.63
milp26,sweep_all,MILP,MLP,synthetic,N,50,current_mixture,0.1,10,1e-12,width,0.0,4,g_ibp,1585.5274774047614,,0.001
milp26,sweep_all,MILP,MLP,synthetic,N,50,current_mixture,0.1,10,1e-12,width,0.0,4,a_tau,3.912023005428146,,0.084
milp26,sweep_all,MILP,MLP,synthetic,N,50,current_mixture,0.1,10,1e-12,width,0.0,5,margin_hat_min,0.0021914616227149963,,0.874
milp26,sweep_all,MILP,MLP,synthetic,N,50,current_mixture,0.1,10,1e-12,width,0.0,5,d_eff,31.974133951453418,,0.874
milp26,sweep_all,MILP,MLP,synthetic,N,50,current_mixture,0.1,10,1e-12,width,0.0,5,g_ibp,2484.792732085474,,0.001
milp26,sweep_all,MILP,MLP,synthetic,N,50,current_mixture,0.1,10,1e-12,width,0.0,5,a_tau,3.912023005428146,,0.086
milp26,sweep_all,MILP,MLP,synthetic,N,50,current_mixture,0.1,10,1e-12,width,0.0,6,margin_hat_min,0.002841852605342865,,0.576
milp26,sweep_all,MILP,MLP,synthetic,N,50,current_mixture,0.1,10,1e-12,width,0.0,6,d_eff,31.995290218464206,,0.576
milp26,sweep_all,MILP,MLP,synthetic,N,50,current_mixture,0.1,10,1e-12,width,0.0,6,g_ibp,1916.3479112459058,,0.001
milp26,sweep_all,MILP,MLP,synthetic,N,50,current_mixture,0.1,10,1e-12,width,0.0,6,a_tau,3.912023005428146,,0.06
milp26,sweep_all,MILP,MLP,synthetic,N,50,current_mixture,0.1,10,1e-12,width,0.0,7,margin_hat_min,0.0022349506616592407,,0.546
milp26,sweep_all,MILP,MLP,synthetic,N,50,current_mixture,0.1,10,1e-12,width,0.0,7,d_eff,31.38172678634928,,0.546
milp26,sweep_all,MILP,MLP,synthetic,N,50,current_mixture,0.1,10,1e-12,width,0.0,7,g_ibp,2436.4615717337856,,0.001
milp26,sweep_all,MILP,MLP,synthetic,N,50,current_mixture,0.1,10,1e-12,width,0.0,7,a_tau,3.912023005428146,,0.1
milp26,sweep_all,MILP,MLP,synthetic,N,100,current_mixture,0.1,10,1e-12,width,0.0,0,margin_hat_min,0.0010857954621315002,,1.309
milp26,sweep_all,MILP,MLP,synthetic,N,100,current_mixture,0.1,10,1e-12,width,0.0,0,d_eff,31.92397288516089,,1.309
milp26,sweep_all,MILP,MLP,synthetic,N,100,current_mixture,0.1,10,1e-12,width,0.0,0,g_ibp,5014.040336279545,,0.001
milp26,sweep_all,MILP,MLP,synthetic,N,100,current_mixture,0.1,10,1e-12,width,0.0,0,a_tau,4.605170185988092,,0.164
milp26,sweep_all,MILP,MLP,synthetic,N,100,current_mixture,0.1,10,1e-12,width,0.0,1,margin_hat_min,0.001649521291255951,,1.166
milp26,sweep_all,MILP,MLP,synthetic,N,100,current_mixture,0.1,10,1e-12,width,0.0,1,d_eff,31.627917076759893,,1.166
milp26,sweep_all,MILP,MLP,synthetic,N,100,current_mixture,0.1,10,1e-12,width,0.0,1,g_ibp,3300.827943526143,,0.001
milp26,sweep_all,MILP,MLP,synthetic,N,100,current_mixture,0.1,10,1e-12,width,0.0,1,a_tau,4.605170185988092,,0.164
milp26,sweep_all,MILP,MLP,synthetic,N,100,current_mixture,0.1,10,1e-12,width,0.0,2,margin_hat_min,0.0034492164850234985,,1.233
milp26,sweep_all,MILP,MLP,synthetic,N,100,current_mixture,0.1,10,1e-12,width,0.0,2,d_eff,31.76194209896815,,1.233
milp26,sweep_all,MILP,MLP,synthetic,N,100,current_mixture,0.1,10,1e-12,width,0.0,2,g_ibp,1579.0791016404928,,0.001
milp26,sweep_all,MILP,MLP,synthetic,N,100,current_mixture,0.1,10,1e-12,width,0.0,2,a_tau,4.605170185988092,,0.297
milp26,sweep_all,MILP,MLP,synthetic,N,100,current_mixture,0.1,10,1e-12,width,0.0,3,margin_hat_min,0.0014119446277618408,,0.884
milp26,sweep_all,MILP,MLP,synthetic,N,100,current_mixture,0.1,10,1e-12,width,0.0,3,d_eff,31.906337476839095,,0.884
milp26,sweep_all,MILP,MLP,synthetic,N,100,current_mixture,0.1,10,1e-12,width,0.0,3,g_ibp,3856.0636779579113,,0.001
milp26,sweep_all,MILP,MLP,synthetic,N,100,current_mixture,0.1,10,1e-12,width,0.0,3,a_tau,4.605170185988092,,0.123
milp26,sweep_all,MILP,MLP,synthetic,N,100,current_mixture,0.1,10,1e-12,width,0.0,4,margin_hat_min,0.0026321634650230408,,1.239
milp26,sweep_all,MILP,MLP,synthetic,N,100,current_mixture,0.1,10,1e-12,width,0.0,4,d_eff,31.74474239898808,,1.239
milp26,sweep_all,MILP,MLP,synthetic,N,100,current_mixture,0.1,10,1e-12,width,0.0,4,g_ibp,2068.932529225331,,0.002
milp26,sweep_all,MILP,MLP,synthetic,N,100,current_mixture,0.1,10,1e-12,width,0.0,4,a_tau,4.605170185988092,,0.251
milp26,sweep_all,MILP,MLP,synthetic,N,100,current_mixture,0.1,10,1e-12,width,0.0,5,margin_hat_min,0.001892291009426117,,1.393
milp26,sweep_all,MILP,MLP,synthetic,N,100,current_mixture,0.1,10,1e-12,width,0.0,5,d_eff,31.532774660437312,,1.393
milp26,sweep_all,MILP,MLP,synthetic,N,100,current_mixture,0.1,10,1e-12,width,0.0,5,g_ibp,2877.4795814370136,,0.002
milp26,sweep_all,MILP,MLP,synthetic,N,100,current_mixture,0.1,10,1e-12,width,0.0,5,a_tau,4.605170185988092,,0.298
milp26,sweep_all,MILP,MLP,synthetic,N,100,current_mixture,0.1,10,1e-12,width,0.0,6,margin_hat_min,0.0026164576411247253,,0.803
milp26,sweep_all,MILP,MLP,synthetic,N,100,current_mixture,0.1,10,1e-12,width,0.0,6,d_eff,31.687142675976194,,0.803
milp26,sweep_all,MILP,MLP,synthetic,N,100,current_mixture,0.1,10,1e-12,width,0.0,6,g_ibp,2081.3457185752018,,0.001
milp26,sweep_all,MILP,MLP,synthetic,N,100,current_mixture,0.1,10,1e-12,width,0.0,6,a_tau,4.605170185988092,,0.124
milp26,sweep_all,MILP,MLP,synthetic,N,100,current_mixture,0.1,10,1e-12,width,0.0,7,margin_hat_min,0.002068467438220978,,1.122
milp26,sweep_all,MILP,MLP,synthetic,N,100,current_mixture,0.1,10,1e-12,width,0.0,7,d_eff,31.774068210380616,,1.122
milp26,sweep_all,MILP,MLP,synthetic,N,100,current_mixture,0.1,10,1e-12,width,0.0,7,g_ibp,2632.482783058709,,0.001
milp26,sweep_all,MILP,MLP,synthetic,N,100,current_mixture,0.1,10,1e-12,width,0.0,7,a_tau,4.605170185988092,,0.156
milp26,sweep_all,MILP,MLP,synthetic,N,200,current_mixture,0.1,10,1e-12,width,0.0,0,margin_hat_min,0.0009584873914718628,,3.172
milp26,sweep_all,MILP,MLP,synthetic,N,200,current_mixture,0.1,10,1e-12,width,0.0,0,d_eff,31.828317280000594,,3.172
milp26,sweep_all,MILP,MLP,synthetic,N,200,current_mixture,0.1,10,1e-12,width,0.0,0,g_ibp,5679.881638276038,,0.001
milp26,sweep_all,MILP,MLP,synthetic,N,200,current_mixture,0.1,10,1e-12,width,0.0,0,a_tau,5.298317366548036,,0.317
milp26,sweep_all,MILP,MLP,synthetic,N,200,current_mixture,0.1,10,1e-12,width,0.0,1,margin_hat_min,0.0016117095947265625,,3.262
milp26,sweep_all,MILP,MLP,synthetic,N,200,current_mixture,0.1,10,1e-12,width,0.0,1,d_eff,31.872401109605597,,3.262
milp26,sweep_all,MILP,MLP,synthetic,N,200,current_mixture,0.1,10,1e-12,width,0.0,1,g_ibp,3378.24393281518,,0.002
milp26,sweep_all,MILP,MLP,synthetic,N,200,current_mixture,0.1,10,1e-12,width,0.0,1,a_tau,5.298317366548036,,0.34
milp26,sweep_all,MILP,MLP,synthetic,N,200,current_mixture,0.1,10,1e-12,width,0.0,2,margin_hat_min,0.0018818750977516174,,2.498
milp26,sweep_all,MILP,MLP,synthetic,N,200,current_mixture,0.1,10,1e-12,width,0.0,2,d_eff,31.906546122542625,,2.498
milp26,sweep_all,MILP,MLP,synthetic,N,200,current_mixture,0.1,10,1e-12,width,0.0,2,g_ibp,2893.4004878104624,,0.001
milp26,sweep_all,MILP,MLP,synthetic,N,200,current_mixture,0.1,10,1e-12,width,0.0,2,a_tau,5.293304824724492,,0.252
milp26,sweep_all,MILP,MLP,synthetic,N,200,current_mixture,0.1,10,1e-12,width,0.0,3,margin_hat_min,0.0015273764729499817,,2.449
milp26,sweep_all,MILP,MLP,synthetic,N,200,current_mixture,0.1,10,1e-12,width,0.0,3,d_eff,31.773209886884057,,2.449
milp26,sweep_all,MILP,MLP,synthetic,N,200,current_mixture,0.1,10,1e-12,width,0.0,3,g_ibp,3564.716311245076,,0.001
milp26,sweep_all,MILP,MLP,synthetic,N,200,current_mixture,0.1,10,1e-12,width,0.0,3,a_tau,5.298317366548036,,0.252
milp26,sweep_all,MILP,MLP,synthetic,N,200,current_mixture,0.1,10,1e-12,width,0.0,4,margin_hat_min,0.001558065414428711,,2.997
milp26,sweep_all,MILP,MLP,synthetic,N,200,current_mixture,0.1,10,1e-12,width,0.0,4,d_eff,31.885831768143635,,2.997
milp26,sweep_all,MILP,MLP,synthetic,N,200,current_mixture,0.1,10,1e-12,width,0.0,4,g_ibp,3494.522415507714,,0.001
milp26,sweep_all,MILP,MLP,synthetic,N,200,current_mixture,0.1,10,1e-12,width,0.0,4,a_tau,5.298317366548036,,0.335
milp26,sweep_all,MILP,MLP,synthetic,N,200,current_mixture,0.1,10,1e-12,width,0.0,5,margin_hat_min,0.0015702620148658752,,3.053
milp26,sweep_all,MILP,MLP,synthetic,N,200,current_mixture,0.1,10,1e-12,width,0.0,5,d_eff,31.871612417583883,,3.053
milp26,sweep_all,MILP,MLP,synthetic,N,200,current_mixture,0.1,10,1e-12,width,0.0,5,g_ibp,3467.3873918048516,,0.001
milp26,sweep_all,MILP,MLP,synthetic,N,200,current_mixture,0.1,10,1e-12,width,0.0,5,a_tau,5.298317366548036,,0.369
milp26,sweep_all,MILP,MLP,synthetic,N,200,current_mixture,0.1,10,1e-12,width,0.0,6,margin_hat_min,0.0022009611129760742,,3.158
milp26,sweep_all,MILP,MLP,synthetic,N,200,current_mixture,0.1,10,1e-12,width,0.0,6,d_eff,31.521498096308257,,3.158
milp26,sweep_all,MILP,MLP,synthetic,N,200,current_mixture,0.1,10,1e-12,width,0.0,6,g_ibp,2474.0725223011414,,0.002
milp26,sweep_all,MILP,MLP,synthetic,N,200,current_mixture,0.1,10,1e-12,width,0.0,6,a_tau,5.298317366548036,,0.389
milp26,sweep_all,MILP,MLP,synthetic,N,200,current_mixture,0.1,10,1e-12,width,0.0,7,margin_hat_min,0.002053655683994293,,3.131
milp26,sweep_all,MILP,MLP,synthetic,N,200,current_mixture,0.1,10,1e-12,width,0.0,7,d_eff,31.73983350087383,,3.131
milp26,sweep_all,MILP,MLP,synthetic,N,200,current_mixture,0.1,10,1e-12,width,0.0,7,g_ibp,2651.4620484337256,,0.002
milp26,sweep_all,MILP,MLP,synthetic,N,200,current_mixture,0.1,10,1e-12,width,0.0,7,a_tau,5.288267030694535,,0.348
milp26,sweep_all,MILP,MLP,synthetic,N,400,current_mixture,0.1,10,1e-12,width,0.0,0,margin_hat_min,0.0013649314641952515,,5.035
milp26,sweep_all,MILP,MLP,synthetic,N,400,current_mixture,0.1,10,1e-12,width,0.0,0,d_eff,32.06478682862746,,5.035
milp26,sweep_all,MILP,MLP,synthetic,N,400,current_mixture,0.1,10,1e-12,width,0.0,0,g_ibp,3988.845977928941,,0.001
milp26,sweep_all,MILP,MLP,synthetic,N,400,current_mixture,0.1,10,1e-12,width,0.0,0,a_tau,5.991464547107982,,0.527
milp26,sweep_all,MILP,MLP,synthetic,N,400,current_mixture,0.1,10,1e-12,width,0.0,1,margin_hat_min,0.0014284998178482056,,4.856
milp26,sweep_all,MILP,MLP,synthetic,N,400,current_mixture,0.1,10,1e-12,width,0.0,1,d_eff,31.898267071406963,,4.856
milp26,sweep_all,MILP,MLP,synthetic,N,400,current_mixture,0.1,10,1e-12,width,0.0,1,g_ibp,3811.386520046129,,0.001
milp26,sweep_all,MILP,MLP,synthetic,N,400,current_mixture,0.1,10,1e-12,width,0.0,1,a_tau,5.991464547107982,,0.55
milp26,sweep_all,MILP,MLP,synthetic,N,400,current_mixture,0.1,10,1e-12,width,0.0,2,margin_hat_min,0.0012703165411949158,,6.177
milp26,sweep_all,MILP,MLP,synthetic,N,400,current_mixture,0.1,10,1e-12,width,0.0,2,d_eff,31.917733806908014,,6.177
milp26,sweep_all,MILP,MLP,synthetic,N,400,current_mixture,0.1,10,1e-12,width,0.0,2,g_ibp,4285.866230445697,,0.001
milp26,sweep_all,MILP,MLP,synthetic,N,400,current_mixture,0.1,10,1e-12,width,0.0,2,a_tau,5.988961416889864,,0.565
milp26,sweep_all,MILP,MLP,synthetic,N,400,current_mixture,0.1,10,1e-12,width,0.0,3,margin_hat_min,0.0009074807167053223,,6.329
milp26,sweep_all,MILP,MLP,synthetic,N,400,current_mixture,0.1,10,1e-12,width,0.0,3,d_eff,31.82737154994499,,6.329
milp26,sweep_all,MILP,MLP,synthetic,N,400,current_mixture,0.1,10,1e-12,width,0.0,3,g_ibp,5999.073950696371,,0.002
milp26,sweep_all,MILP,MLP,synthetic,N,400,current_mixture,0.1,10,1e-12,width,0.0,3,a_tau,5.991464547107982,,0.695
milp26,sweep_all,MILP,MLP,synthetic,N,400,current_mixture,0.1,10,1e-12,width,0.0,4,margin_hat_min,0.0015894398093223572,,6.186
milp26,sweep_all,MILP,MLP,synthetic,N,400,current_mixture,0.1,10,1e-12,width,0.0,4,d_eff,31.868198444095977,,6.186
milp26,sweep_all,MILP,MLP,synthetic,N,400,current_mixture,0.1,10,1e-12,width,0.0,4,g_ibp,3425.562804000491,,0.001
milp26,sweep_all,MILP,MLP,synthetic,N,400,current_mixture,0.1,10,1e-12,width,0.0,4,a_tau,5.988961416889864,,0.704
milp26,sweep_all,MILP,MLP,synthetic,N,400,current_mixture,0.1,10,1e-12,width,0.0,5,margin_hat_min,0.0019004493951797485,,6.115
milp26,sweep_all,MILP,MLP,synthetic,N,400,current_mixture,0.1,10,1e-12,width,0.0,5,d_eff,31.819098504583256,,6.115
milp26,sweep_all,MILP,MLP,synthetic,N,400,current_mixture,0.1,10,1e-12,width,0.0,5,g_ibp,2865.131223156608,,0.001
milp26,sweep_all,MILP,MLP,synthetic,N,400,current_mixture,0.1,10,1e-12,width,0.0,5,a_tau,5.991464547107982,,0.674
milp26,sweep_all,MILP,MLP,synthetic,N,400,current_mixture,0.1,10,1e-12,width,0.0,6,margin_hat_min,0.0011408254504203796,,6.13
milp26,sweep_all,MILP,MLP,synthetic,N,400,current_mixture,0.1,10,1e-12,width,0.0,6,d_eff,31.940310018593642,,6.13
milp26,sweep_all,MILP,MLP,synthetic,N,400,current_mixture,0.1,10,1e-12,width,0.0,6,g_ibp,4772.226349176018,,0.002
milp26,sweep_all,MILP,MLP,synthetic,N,400,current_mixture,0.1,10,1e-12,width,0.0,6,a_tau,5.988961416889864,,0.769
milp26,sweep_all,MILP,MLP,synthetic,N,400,current_mixture,0.1,10,1e-12,width,0.0,7,margin_hat_min,0.0013846009969711304,,6.027
milp26,sweep_all,MILP,MLP,synthetic,N,400,current_mixture,0.1,10,1e-12,width,0.0,7,d_eff,31.891355953370663,,6.027
milp26,sweep_all,MILP,MLP,synthetic,N,400,current_mixture,0.1,10,1e-12,width,0.0,7,g_ibp,3932.194951905583,,0.002
milp26,sweep_all,MILP,MLP,synthetic,N,400,current_mixture,0.1,10,1e-12,width,0.0,7,a_tau,5.983936280687191,,0.732
milp26,sweep_all,MILP,MLP,synthetic,N,800,current_mixture,0.1,10,1e-12,width,0.0,0,margin_hat_min,0.001741059124469757,,9.927
milp26,sweep_all,MILP,MLP,synthetic,N,800,current_mixture,0.1,10,1e-12,width,0.0,0,d_eff,31.88122919690631,,9.927
milp26,sweep_all,MILP,MLP,synthetic,N,800,current_mixture,0.1,10,1e-12,width,0.0,0,g_ibp,3127.336362734908,,0.002
milp26,sweep_all,MILP,MLP,synthetic,N,800,current_mixture,0.1,10,1e-12,width,0.0,0,a_tau,6.683360945766275,,1.604
milp26,sweep_all,MILP,MLP,synthetic,N,800,current_mixture,0.1,10,1e-12,width,0.0,1,margin_hat_min,0.0009103789925575256,,9.263
milp26,sweep_all,MILP,MLP,synthetic,N,800,current_mixture,0.1,10,1e-12,width,0.0,1,d_eff,31.94872790477446,,9.263
milp26,sweep_all,MILP,MLP,synthetic,N,800,current_mixture,0.1,10,1e-12,width,0.0,1,g_ibp,5979.978526687189,,0.001
milp26,sweep_all,MILP,MLP,synthetic,N,800,current_mixture,0.1,10,1e-12,width,0.0,1,a_tau,6.680854678790215,,1.617
milp26,sweep_all,MILP,MLP,synthetic,N,800,current_mixture,0.1,10,1e-12,width,0.0,2,margin_hat_min,0.0014434531331062317,,9.48
milp26,sweep_all,MILP,MLP,synthetic,N,800,current_mixture,0.1,10,1e-12,width,0.0,2,d_eff,31.90388794814764,,9.48
milp26,sweep_all,MILP,MLP,synthetic,N,800,current_mixture,0.1,10,1e-12,width,0.0,2,g_ibp,3771.9131838200365,,0.002
milp26,sweep_all,MILP,MLP,synthetic,N,800,current_mixture,0.1,10,1e-12,width,0.0,2,a_tau,6.679599185844383,,1.878
milp26,sweep_all,MILP,MLP,synthetic,N,800,current_mixture,0.1,10,1e-12,width,0.0,3,margin_hat_min,0.0017529651522636414,,11.264
milp26,sweep_all,MILP,MLP,synthetic,N,800,current_mixture,0.1,10,1e-12,width,0.0,3,d_eff,31.826714253850767,,11.264
milp26,sweep_all,MILP,MLP,synthetic,N,800,current_mixture,0.1,10,1e-12,width,0.0,3,g_ibp,3106.1024850628655,,0.022
milp26,sweep_all,MILP,MLP,synthetic,N,800,current_mixture,0.1,10,1e-12,width,0.0,3,a_tau,6.674561391814426,,3.997
milp26,sweep_all,MILP,MLP,synthetic,N,800,current_mixture,0.1,10,1e-12,width,0.0,4,margin_hat_min,0.0010667741298675537,,11.592
milp26,sweep_all,MILP,MLP,synthetic,N,800,current_mixture,0.1,10,1e-12,width,0.0,4,d_eff,31.849729792380028,,11.592
milp26,sweep_all,MILP,MLP,synthetic,N,800,current_mixture,0.1,10,1e-12,width,0.0,4,g_ibp,5103.426367614399,,0.002
milp26,sweep_all,MILP,MLP,synthetic,N,800,current_mixture,0.1,10,1e-12,width,0.0,4,a_tau,6.680854678790215,,4.236
milp26,sweep_all,MILP,MLP,synthetic,N,800,current_mixture,0.1,10,1e-12,width,0.0,5,margin_hat_min,0.0016561299562454224,,9.91
milp26,sweep_all,MILP,MLP,synthetic,N,800,current_mixture,0.1,10,1e-12,width,0.0,5,d_eff,31.90676235357707,,9.91
milp26,sweep_all,MILP,MLP,synthetic,N,800,current_mixture,0.1,10,1e-12,width,0.0,5,g_ibp,3287.6602224144904,,0.001
milp26,sweep_all,MILP,MLP,synthetic,N,800,current_mixture,0.1,10,1e-12,width,0.0,5,a_tau,6.680854678790215,,4.139
milp26,sweep_all,MILP,MLP,synthetic,N,800,current_mixture,0.1,10,1e-12,width,0.0,6,margin_hat_min,0.001333579421043396,,13.879
milp26,sweep_all,MILP,MLP,synthetic,N,800,current_mixture,0.1,10,1e-12,width,0.0,6,d_eff,31.77397122841825,,13.879
milp26,sweep_all,MILP,MLP,synthetic,N,800,current_mixture,0.1,10,1e-12,width,0.0,6,g_ibp,4082.59901364346,,0.002
milp26,sweep_all,MILP,MLP,synthetic,N,800,current_mixture,0.1,10,1e-12,width,0.0,6,a_tau,6.679599185844383,,5.547
milp26,sweep_all,MILP,MLP,synthetic,N,800,current_mixture,0.1,10,1e-12,width,0.0,7,margin_hat_min,0.001327812671661377,,12.151
milp26,sweep_all,MILP,MLP,synthetic,N,800,current_mixture,0.1,10,1e-12,width,0.0,7,d_eff,31.796806211471637,,12.151
milp26,sweep_all,MILP,MLP,synthetic,N,800,current_mixture,0.1,10,1e-12,width,0.0,7,g_ibp,4100.325579351257,,0.002
milp26,sweep_all,MILP,MLP,synthetic,N,800,current_mixture,0.1,10,1e-12,width,0.0,7,a_tau,6.678342114654332,,5.113
milp26,sweep_all,MILP,MLP,synthetic,N,1600,current_mixture,0.1,10,1e-12,width,0.0,0,margin_hat_min,0.0010797902941703796,,65.118
milp26,sweep_all,MILP,MLP,synthetic,N,1600,current_mixture,0.1,10,1e-12,width,0.0,0,d_eff,31.970698206062774,,65.118
milp26,sweep_all,MILP,MLP,synthetic,N,1600,current_mixture,0.1,10,1e-12,width,0.0,0,g_ibp,5041.919961934525,,0.002
milp26,sweep_all,MILP,MLP,synthetic,N,1600,current_mixture,0.1,10,1e-12,width,0.0,0,a_tau,7.370860166536716,,20.578
milp26,sweep_all,MILP,MLP,synthetic,N,1600,current_mixture,0.1,10,1e-12,width,0.0,1,margin_hat_min,0.0011551901698112488,,69.803
milp26,sweep_all,MILP,MLP,synthetic,N,1600,current_mixture,0.1,10,1e-12,width,0.0,1,d_eff,31.90011249783243,,69.803
milp26,sweep_all,MILP,MLP,synthetic,N,1600,current_mixture,0.1,10,1e-12,width,0.0,1,g_ibp,4712.896440224227,,0.002
milp26,sweep_all,MILP,MLP,synthetic,N,1600,current_mixture,0.1,10,1e-12,width,0.0,1,a_tau,7.367708572374371,,19.197
milp26,sweep_all,MILP,MLP,synthetic,N,1600,current_mixture,0.1,10,1e-12,width,0.0,2,margin_hat_min,0.0011415034532546997,,70.204
milp26,sweep_all,MILP,MLP,synthetic,N,1600,current_mixture,0.1,10,1e-12,width,0.0,2,d_eff,31.851107487103274,,70.204
milp26,sweep_all,MILP,MLP,synthetic,N,1600,current_mixture,0.1,10,1e-12,width,0.0,2,g_ibp,4769.392450622433,,0.002
milp26,sweep_all,MILP,MLP,synthetic,N,1600,current_mixture,0.1,10,1e-12,width,0.0,2,a_tau,7.367708572374371,,13.707
milp26,sweep_all,MILP,MLP,synthetic,N,1600,current_mixture,0.1,10,1e-12,width,0.0,3,margin_hat_min,0.0012752115726470947,,66.777
milp26,sweep_all,MILP,MLP,synthetic,N,1600,current_mixture,0.1,10,1e-12,width,0.0,3,d_eff,31.885913923367525,,66.777
milp26,sweep_all,MILP,MLP,synthetic,N,1600,current_mixture,0.1,10,1e-12,width,0.0,3,g_ibp,4269.418328466243,,0.019
milp26,sweep_all,MILP,MLP,synthetic,N,1600,current_mixture,0.1,10,1e-12,width,0.0,3,a_tau,7.3632795869630385,,23.711
milp26,sweep_all,MILP,MLP,synthetic,N,1600,current_mixture,0.1,10,1e-12,width,0.0,4,margin_hat_min,0.001144595444202423,,63.136
milp26,sweep_all,MILP,MLP,synthetic,N,1600,current_mixture,0.1,10,1e-12,width,0.0,4,d_eff,31.927473022927224,,63.136
milp26,sweep_all,MILP,MLP,synthetic,N,1600,current_mixture,0.1,10,1e-12,width,0.0,4,g_ibp,4756.511195193438,,0.001
milp26,sweep_all,MILP,MLP,synthetic,N,1600,current_mixture,0.1,10,1e-12,width,0.0,4,a_tau,7.367708572374371,,22.009
milp26,sweep_all,MILP,MLP,synthetic,N,1600,current_mixture,0.1,10,1e-12,width,0.0,5,margin_hat_min,0.0014143958687782288,,63.904
milp26,sweep_all,MILP,MLP,synthetic,N,1600,current_mixture,0.1,10,1e-12,width,0.0,5,d_eff,31.900540342166735,,63.904
milp26,sweep_all,MILP,MLP,synthetic,N,1600,current_mixture,0.1,10,1e-12,width,0.0,5,g_ibp,3849.3825991948074,,0.03
milp26,sweep_all,MILP,MLP,synthetic,N,1600,current_mixture,0.1,10,1e-12,width,0.0,5,a_tau,7.362010551259734,,21.053
milp26,sweep_all,MILP,MLP,synthetic,N,1600,current_mixture,0.1,10,1e-12,width,0.0,6,margin_hat_min,0.0009381547570228577,,63.087
milp26,sweep_all,MILP,MLP,synthetic,N,1600,current_mixture,0.1,10,1e-12,width,0.0,6,d_eff,31.884370475572506,,63.087
milp26,sweep_all,MILP,MLP,synthetic,N,1600,current_mixture,0.1,10,1e-12,width,0.0,6,g_ibp,5802.960078632273,,0.026
milp26,sweep_all,MILP,MLP,synthetic,N,1600,current_mixture,0.1,10,1e-12,width,0.0,6,a_tau,7.371489295214277,,14.076
milp26,sweep_all,MILP,MLP,synthetic,N,1600,current_mixture,0.1,10,1e-12,width,0.0,7,margin_hat_min,0.0011829212307929993,,78.14
milp26,sweep_all,MILP,MLP,synthetic,N,1600,current_mixture,0.1,10,1e-12,width,0.0,7,d_eff,31.94535741026767,,78.14
milp26,sweep_all,MILP,MLP,synthetic,N,1600,current_mixture,0.1,10,1e-12,width,0.0,7,g_ibp,4602.436095095841,,0.002
milp26,sweep_all,MILP,MLP,synthetic,N,1600,current_mixture,0.1,10,1e-12,width,0.0,7,a_tau,7.366445148327599,,21.562
pb_cnn_25,sweep_all,Paired-Biases,CNN,synthetic,N,50,current_mixture,0.1,10,1e-12,width,0.0,0,margin_hat_min,0.16270741820335388,,1.774
pb_cnn_25,sweep_all,Paired-Biases,CNN,synthetic,N,50,current_mixture,0.1,10,1e-12,width,0.0,0,d_eff,27.061372116802968,,1.774
pb_cnn_25,sweep_all,Paired-Biases,CNN,synthetic,N,50,current_mixture,0.1,10,1e-12,width,0.0,0,g_ibp,5.069003792402478,,0.002
pb_cnn_25,sweep_all,Paired-Biases,CNN,synthetic,N,50,current_mixture,0.1,10,1e-12,width,0.0,0,a_tau,3.912023005428146,,0.046
pb_cnn_25,sweep_all,Paired-Biases,CNN,synthetic,N,50,current_mixture,0.1,10,1e-12,width,0.0,1,margin_hat_min,0.1621345728635788,,1.79
pb_cnn_25,sweep_all,Paired-Biases,CNN,synthetic,N,50,current_mixture,0.1,10,1e-12,width,0.0,1,d_eff,27.179739164030497,,1.79
pb_cnn_25,sweep_all,Paired-Biases,CNN,synthetic,N,50,current_mixture,0.1,10,1e-12,width,0.0,1,g_ibp,5.083380182451945,,0.003
pb_cnn_25,sweep_all,Paired-Biases,CNN,synthetic,N,50,current_mixture,0.1,10,1e-12,width,0.0,1,a_tau,3.8918202981106265,,0.048
pb_cnn_25,sweep_all,Paired-Biases,CNN,synthetic,N,50,current_mixture,0.1,10,1e-12,width,0.0,2,margin_hat_min,0.16272979974746704,,2.518
pb_cnn_25,sweep_all,Paired-Biases,CNN,synthetic,N,50,current_mixture,0.1,10,1e-12,width,0.0,2,d_eff,26.874394864419962,,2.518
pb_cnn_25,sweep_all,Paired-Biases,CNN,synthetic,N,50,current_mixture,0.1,10,1e-12,width,0.0,2,g_ibp,5.068444149435934,,0.022
pb_cnn_25,sweep_all,Paired-Biases,CNN,synthetic,N,50,current_mixture,0.1,10,1e-12,width,0.0,2,a_tau,3.8918202981106265,,0.092
pb_cnn_25,sweep_all,Paired-Biases,CNN,synthetic,N,50,current_mixture,0.1,10,1e-12,width,0.0,3,margin_hat_min,0.16218340396881104,,2.472
pb_cnn_25,sweep_all,Paired-Biases,CNN,synthetic,N,50,current_mixture,0.1,10,1e-12,width,0.0,3,d_eff,27.119981459013914,,2.472
pb_cnn_25,sweep_all,Paired-Biases,CNN,synthetic,N,50,current_mixture,0.1,10,1e-12,width,0.0,3,g_ibp,5.0821507350330855,,0.002
pb_cnn_25,sweep_all,Paired-Biases,CNN,synthetic,N,50,current_mixture,0.1,10,1e-12,width,0.0,3,a_tau,3.912023005428146,,0.058
pb_cnn_25,sweep_all,Paired-Biases,CNN,synthetic,N,50,current_mixture,0.1,10,1e-12,width,0.0,4,margin_hat_min,0.16263020038604736,,2.132
pb_cnn_25,sweep_all,Paired-Biases,CNN,synthetic,N,50,current_mixture,0.1,10,1e-12,width,0.0,4,d_eff,27.29624535403928,,2.132
pb_cnn_25,sweep_all,Paired-Biases,CNN,synthetic,N,50,current_mixture,0.1,10,1e-12,width,0.0,4,g_ibp,5.07093578037712,,0.003
pb_cnn_25,sweep_all,Paired-Biases,CNN,synthetic,N,50,current_mixture,0.1,10,1e-12,width,0.0,4,a_tau,3.912023005428146,,0.066
pb_cnn_25,sweep_all,Paired-Biases,CNN,synthetic,N,50,current_mixture,0.1,10,1e-12,width,0.0,5,margin_hat_min,0.16279807686805725,,2.654
pb_cnn_25,sweep_all,Paired-Biases,CNN,synthetic,N,50,current_mixture,0.1,10,1e-12,width,0.0,5,d_eff,27.50827253248786,,2.654
pb_cnn_25,sweep_all,Paired-Biases,CNN,synthetic,N,50,current_mixture,0.1,10,1e-12,width,0.0,5,g_ibp,5.06673785377724,,0.002
pb_cnn_25,sweep_all,Paired-Biases,CNN,synthetic,N,50,current_mixture,0.1,10,1e-12,width,0.0,5,a_tau,3.912023005428146,,0.205
pb_cnn_25,sweep_all,Paired-Biases,CNN,synthetic,N,50,current_mixture,0.1,10,1e-12,width,0.0,6,margin_hat_min,0.16237083077430725,,2.396
pb_cnn_25,sweep_all,Paired-Biases,CNN,synthetic,N,50,current_mixture,0.1,10,1e-12,width,0.0,6,d_eff,27.414015791583893,,2.396
pb_cnn_25,sweep_all,Paired-Biases,CNN,synthetic,N,50,current_mixture,0.1,10,1e-12,width,0.0,6,g_ibp,5.07743865424759,,0.004
pb_cnn_25,sweep_all,Paired-Biases,CNN,synthetic,N,50,current_mixture,0.1,10,1e-12,width,0.0,6,a_tau,3.912023005428146,,0.109
pb_cnn_25,sweep_all,Paired-Biases,CNN,synthetic,N,50,current_mixture,0.1,10,1e-12,width,0.0,7,margin_hat_min,0.16244913637638092,,2.547
pb_cnn_25,sweep_all,Paired-Biases,CNN,synthetic,N,50,current_mixture,0.1,10,1e-12,width,0.0,7,d_eff,27.02502522247095,,2.547
pb_cnn_25,sweep_all,Paired-Biases,CNN,synthetic,N,50,current_mixture,0.1,10,1e-12,width,0.0,7,g_ibp,5.075473200347006,,0.003
pb_cnn_25,sweep_all,Paired-Biases,CNN,synthetic,N,50,current_mixture,0.1,10,1e-12,width,0.0,7,a_tau,3.912023005428146,,0.1
pb_cnn_25,sweep_all,Paired-Biases,CNN,synthetic,N,100,current_mixture,0.1,10,1e-12,width,0.0,0,margin_hat_min,0.16227160394191742,,4.727
pb_cnn_25,sweep_all,Paired-Biases,CNN,synthetic,N,100,current_mixture,0.1,10,1e-12,width,0.0,0,d_eff,27.335225322866705,,4.727
pb_cnn_25,sweep_all,Paired-Biases,CNN,synthetic,N,100,current_mixture,0.1,10,1e-12,width,0.0,0,g_ibp,5.07993195136239,,0.002
pb_cnn_25,sweep_all,Paired-Biases,CNN,synthetic,N,100,current_mixture,0.1,10,1e-12,width,0.0,0,a_tau,4.605170185988092,,0.207
pb_cnn_25,sweep_all,Paired-Biases,CNN,synthetic,N,100,current_mixture,0.1,10,1e-12,width,0.0,1,margin_hat_min,0.16203264892101288,,5.617
pb_cnn_25,sweep_all,Paired-Biases,CNN,synthetic,N,100,current_mixture,0.1,10,1e-12,width,0.0,1,d_eff,27.204944298706305,,5.617
pb_cnn_25,sweep_all,Paired-Biases,CNN,synthetic,N,100,current_mixture,0.1,10,1e-12,width,0.0,1,g_ibp,5.0859487648330886,,0.002
pb_cnn_25,sweep_all,Paired-Biases,CNN,synthetic,N,100,current_mixture,0.1,10,1e-12,width,0.0,1,a_tau,4.574710978503383,,0.169
pb_cnn_25,sweep_all,Paired-Biases,CNN,synthetic,N,100,current_mixture,0.1,10,1e-12,width,0.0,2,margin_hat_min,0.16186785697937012,,5.422
pb_cnn_25,sweep_all,Paired-Biases,CNN,synthetic,N,100,current_mixture,0.1,10,1e-12,width,0.0,2,d_eff,27.13757200598254,,5.422
pb_cnn_25,sweep_all,Paired-Biases,CNN,synthetic,N,100,current_mixture,0.1,10,1e-12,width,0.0,2,g_ibp,5.090108524793902,,0.004
pb_cnn_25,sweep_all,Paired-Biases,CNN,synthetic,N,100,current_mixture,0.1,10,1e-12,width,0.0,2,a_tau,4.584967478670572,,0.197
pb_cnn_25,sweep_all,Paired-Biases,CNN,synthetic,N,100,current_mixture,0.1,10,1e-12,width,0.0,3,margin_hat_min,0.16236340999603271,,5.764
pb_cnn_25,sweep_all,Paired-Biases,CNN,synthetic,N,100,current_mixture,0.1,10,1e-12,width,0.0,3,d_eff,27.111364789256804,,5.764
pb_cnn_25,sweep_all,Paired-Biases,CNN,synthetic,N,100,current_mixture,0.1,10,1e-12,width,0.0,3,g_ibp,5.0776250125421205,,0.034
pb_cnn_25,sweep_all,Paired-Biases,CNN,synthetic,N,100,current_mixture,0.1,10,1e-12,width,0.0,3,a_tau,4.605170185988092,,0.227
pb_cnn_25,sweep_all,Paired-Biases,CNN,synthetic,N,100,current_mixture,0.1,10,1e-12,width,0.0,4,margin_hat_min,0.16199122369289398,,6.349
pb_cnn_25,sweep_all,Paired-Biases,CNN,synthetic,N,100,current_mixture,0.1,10,1e-12,width,0.0,4,d_eff,27.125010454752953,,6.349
pb_cnn_25,sweep_all,Paired-Biases,CNN,synthetic,N,100,current_mixture,0.1,10,1e-12,width,0.0,4,g_ibp,5.08699364464698,,0.002
pb_cnn_25,sweep_all,Paired-Biases,CNN,synthetic,N,100,current_mixture,0.1,10,1e-12,width,0.0,4,a_tau,4.584967478670572,,0.312
pb_cnn_25,sweep_all,Paired-Biases,CNN,synthetic,N,100,current_mixture,0.1,10,1e-12,width,0.0,5,margin_hat_min,0.16220983862876892,,6.138
pb_cnn_25,sweep_all,Paired-Biases,CNN,synthetic,N,100,current_mixture,0.1,10,1e-12,width,0.0,5,d_eff,27.34630819599094,,6.138
pb_cnn_25,sweep_all,Paired-Biases,CNN,synthetic,N,100,current_mixture,0.1,10,1e-12,width,0.0,5,g_ibp,5.081485483976251,,0.005
pb_cnn_25,sweep_all,Paired-Biases,CNN,synthetic,N,100,current_mixture,0.1,10,1e-12,width,0.0,5,a_tau,4.574710978503383,,0.228
pb_cnn_25,sweep_all,Paired-Biases,CNN,synthetic,N,100,current_mixture,0.1,10,1e-12,width,0.0,6,margin_hat_min,0.16213761270046234,,6.216
pb_cnn_25,sweep_all,Paired-Biases,CNN,synthetic,N,100,current_mixture,0.1,10,1e-12,width,0.0,6,d_eff,26.787135241159923,,6.216
pb_cnn_25,sweep_all,Paired-Biases,CNN,synthetic,N,100,current_mixture,0.1,10,1e-12,width,0.0,6,g_ibp,5.083303625202326,,0.002
pb_cnn_25,sweep_all,Paired-Biases,CNN,synthetic,N,100,current_mixture,0.1,10,1e-12,width,0.0,6,a_tau,4.605170185988092,,0.16
pb_cnn_25,sweep_all,Paired-Biases,CNN,synthetic,N,100,current_mixture,0.1,10,1e-12,width,0.0,7,margin_hat_min,0.1620539426803589,,6.765
pb_cnn_25,sweep_all,Paired-Biases,CNN,synthetic,N,100,current_mixture,0.1,10,1e-12,width,0.0,7,d_eff,27.367155639466034,,6.765
pb_cnn_25,sweep_all,Paired-Biases,CNN,synthetic,N,100,current_mixture,0.1,10,1e-12,width,0.0,7,g_ibp,5.085411874410931,,0.003
pb_cnn_25,sweep_all,Paired-Biases,CNN,synthetic,N,100,current_mixture,0.1,10,1e-12,width,0.0,7,a_tau,4.584967478670572,,0.219
pb_cnn_25,sweep_all,Paired-Biases,CNN,synthetic,N,200,current_mixture,0.1,10,1e-12,width,0.0,0,margin_hat_min,0.16188497841358185,,11.254
pb_cnn_25,sweep_all,Paired-Biases,CNN,synthetic,N,200,current_mixture,0.1,10,1e-12,width,0.0,0,d_eff,27.21204271463214,,11.254
pb_cnn_25,sweep_all,Paired-Biases,CNN,synthetic,N,200,current_mixture,0.1,10,1e-12,width,0.0,0,g_ibp,5.089675942816798,,0.035
pb_cnn_25,sweep_all,Paired-Biases,CNN,synthetic,N,200,current_mixture,0.1,10,1e-12,width,0.0,0,a_tau,5.298317366548036,,0.36
pb_cnn_25,sweep_all,Paired-Biases,CNN,synthetic,N,200,current_mixture,0.1,10,1e-12,width,0.0,1,margin_hat_min,0.16223521530628204,,11.388
pb_cnn_25,sweep_all,Paired-Biases,CNN,synthetic,N,200,current_mixture,0.1,10,1e-12,width,0.0,1,d_eff,27.383239173797342,,11.388
pb_cnn_25,sweep_all,Paired-Biases,CNN,synthetic,N,200,current_mixture,0.1,10,1e-12,width,0.0,1,g_ibp,5.0808470619129205,,0.05
pb_cnn_25,sweep_all,Paired-Biases,CNN,synthetic,N,200,current_mixture,0.1,10,1e-12,width,0.0,1,a_tau,5.267858159063328,,0.352
pb_cnn_25,sweep_all,Paired-Biases,CNN,synthetic,N,200,current_mixture,0.1,10,1e-12,width,0.0,2,margin_hat_min,0.16194386780261993,,11.615
pb_cnn_25,sweep_all,Paired-Biases,CNN,synthetic,N,200,current_mixture,0.1,10,1e-12,width,0.0,2,d_eff,27.13854388043503,,11.615
pb_cnn_25,sweep_all,Paired-Biases,CNN,synthetic,N,200,current_mixture,0.1,10,1e-12,width,0.0,2,g_ibp,5.088188770002522,,0.046
pb_cnn_25,sweep_all,Paired-Biases,CNN,synthetic,N,200,current_mixture,0.1,10,1e-12,width,0.0,2,a_tau,5.2574953720277815,,0.46
pb_cnn_25,sweep_all,Paired-Biases,CNN,synthetic,N,200,current_mixture,0.1,10,1e-12,width,0.0,3,margin_hat_min,0.16190919280052185,,11.135
pb_cnn_25,sweep_all,Paired-Biases,CNN,synthetic,N,200,current_mixture,0.1,10,1e-12,width,0.0,3,d_eff,27.167814720650604,,11.135
pb_cnn_25,sweep_all,Paired-Biases,CNN,synthetic,N,200,current_mixture,0.1,10,1e-12,width,0.0,3,g_ibp,5.0890643098759805,,0.003
pb_cnn_25,sweep_all,Paired-Biases,CNN,synthetic,N,200,current_mixture,0.1,10,1e-12,width,0.0,3,a_tau,5.288267030694535,,0.337
pb_cnn_25,sweep_all,Paired-Biases,CNN,synthetic,N,200,current_mixture,0.1,10,1e-12,width,0.0,4,margin_hat_min,0.16185393929481506,,11.366
pb_cnn_25,sweep_all,Paired-Biases,CNN,synthetic,N,200,current_mixture,0.1,10,1e-12,width,0.0,4,d_eff,27.39736598728512,,11.366
pb_cnn_25,sweep_all,Paired-Biases,CNN,synthetic,N,200,current_mixture,0.1,10,1e-12,width,0.0,4,g_ibp,5.09046022979714,,0.019
pb_cnn_25,sweep_all,Paired-Biases,CNN,synthetic,N,200,current_mixture,0.1,10,1e-12,width,0.0,4,a_tau,5.272999558563747,,0.368
pb_cnn_25,sweep_all,Paired-Biases,CNN,synthetic,N,200,current_mixture,0.1,10,1e-12,width,0.0,5,margin_hat_min,0.16206444799900055,,13.113
pb_cnn_25,sweep_all,Paired-Biases,CNN,synthetic,N,200,current_mixture,0.1,10,1e-12,width,0.0,5,d_eff,27.57182387197373,,13.113
pb_cnn_25,sweep_all,Paired-Biases,CNN,synthetic,N,200,current_mixture,0.1,10,1e-12,width,0.0,5,g_ibp,5.085147050422371,,0.003
pb_cnn_25,sweep_all,Paired-Biases,CNN,synthetic,N,200,current_mixture,0.1,10,1e-12,width,0.0,5,a_tau,5.272999558563747,,0.473
pb_cnn_25,sweep_all,Paired-Biases,CNN,synthetic,N,200,current_mixture,0.1,10,1e-12,width,0.0,6,margin_hat_min,0.16189663112163544,,11.657
pb_cnn_25,sweep_all,Paired-Biases,CNN,synthetic,N,200,current_mixture,0.1,10,1e-12,width,0.0,6,d_eff,27.051798639754534,,11.657
pb_cnn_25,sweep_all,Paired-Biases,CNN,synthetic,N,200,current_mixture,0.1,10,1e-12,width,0.0,6,g_ibp,5.089381583388408,,0.003
pb_cnn_25,sweep_all,Paired-Biases,CNN,synthetic,N,200,current_mixture,0.1,10,1e-12,width,0.0,6,a_tau,5.288267030694535,,0.518
pb_cnn_25,sweep_all,Paired-Biases,CNN,synthetic,N,200,current_mixture,0.1,10,1e-12,width,0.0,7,margin_hat_min,0.16195367276668549,,11.537
pb_cnn_25,sweep_all,Paired-Biases,CNN,synthetic,N,200,current_mixture,0.1,10,1e-12,width,0.0,7,d_eff,27.17510386963085,,11.537
pb_cnn_25,sweep_all,Paired-Biases,CNN,synthetic,N,200,current_mixture,0.1,10,1e-12,width,0.0,7,g_ibp,5.087941263766337,,0.003
pb_cnn_25,sweep_all,Paired-Biases,CNN,synthetic,N,200,current_mixture,0.1,10,1e-12,width,0.0,7,a_tau,5.2574953720277815,,0.457
pb_cnn_25,sweep_all,Paired-Biases,CNN,synthetic,N,400,current_mixture,0.1,10,1e-12,width,0.0,0,margin_hat_min,0.16172780096530914,,19.978
pb_cnn_25,sweep_all,Paired-Biases,CNN,synthetic,N,400,current_mixture,0.1,10,1e-12,width,0.0,0,d_eff,27.21274665218022,,19.978
pb_cnn_25,sweep_all,Paired-Biases,CNN,synthetic,N,400,current_mixture,0.1,10,1e-12,width,0.0,0,g_ibp,5.0936505521611,,0.025
pb_cnn_25,sweep_all,Paired-Biases,CNN,synthetic,N,400,current_mixture,0.1,10,1e-12,width,0.0,0,a_tau,5.973809611869261,,0.881
pb_cnn_25,sweep_all,Paired-Biases,CNN,synthetic,N,400,current_mixture,0.1,10,1e-12,width,0.0,1,margin_hat_min,0.1618872880935669,,18.054
pb_cnn_25,sweep_all,Paired-Biases,CNN,synthetic,N,400,current_mixture,0.1,10,1e-12,width,0.0,1,d_eff,27.0764057731657,,18.054
pb_cnn_25,sweep_all,Paired-Biases,CNN,synthetic,N,400,current_mixture,0.1,10,1e-12,width,0.0,1,g_ibp,5.08961759455004,,0.015
pb_cnn_25,sweep_all,Paired-Biases,CNN,synthetic,N,400,current_mixture,0.1,10,1e-12,width,0.0,1,a_tau,5.934894195619588,,0.621
pb_cnn_25,sweep_all,Paired-Biases,CNN,synthetic,N,400,current_mixture,0.1,10,1e-12,width,0.0,2,margin_hat_min,0.16181650757789612,,17.907
pb_cnn_25,sweep_all,Paired-Biases,CNN,synthetic,N,400,current_mixture,0.1,10,1e-12,width,0.0,2,d_eff,27.060082343856717,,17.907
pb_cnn_25,sweep_all,Paired-Biases,CNN,synthetic,N,400,current_mixture,0.1,10,1e-12,width,0.0,2,g_ibp,5.091406443206889,,0.035
pb_cnn_25,sweep_all,Paired-Biases,CNN,synthetic,N,400,current_mixture,0.1,10,1e-12,width,0.0,2,a_tau,5.932245187448011,,0.656
pb_cnn_25,sweep_all,Paired-Biases,CNN,synthetic,N,400,current_mixture,0.1,10,1e-12,width,0.0,3,margin_hat_min,0.16179437935352325,,19.877
pb_cnn_25,sweep_all,Paired-Biases,CNN,synthetic,N,400,current_mixture,0.1,10,1e-12,width,0.0,3,d_eff,27.30424535688934,,19.877
pb_cnn_25,sweep_all,Paired-Biases,CNN,synthetic,N,400,current_mixture,0.1,10,1e-12,width,0.0,3,g_ibp,5.091966014930808,,0.003
pb_cnn_25,sweep_all,Paired-Biases,CNN,synthetic,N,400,current_mixture,0.1,10,1e-12,width,0.0,3,a_tau,5.966146739123692,,0.652
pb_cnn_25,sweep_all,Paired-Biases,CNN,synthetic,N,400,current_mixture,0.1,10,1e-12,width,0.0,4,margin_hat_min,0.16187123954296112,,17.561
pb_cnn_25,sweep_all,Paired-Biases,CNN,synthetic,N,400,current_mixture,0.1,10,1e-12,width,0.0,4,d_eff,27.293579626344897,,17.561
pb_cnn_25,sweep_all,Paired-Biases,CNN,synthetic,N,400,current_mixture,0.1,10,1e-12,width,0.0,4,g_ibp,5.0900230553045835,,0.003
pb_cnn_25,sweep_all,Paired-Biases,CNN,synthetic,N,400,current_mixture,0.1,10,1e-12,width,0.0,4,a_tau,5.971261839790462,,0.739
pb_cnn_25,sweep_all,Paired-Biases,CNN,synthetic,N,400,current_mixture,0.1,10,1e-12,width,0.0,5,margin_hat_min,0.16177822649478912,,23.081
pb_cnn_25,sweep_all,Paired-Biases,CNN,synthetic,N,400,current_mixture,0.1,10,1e-12,width,0.0,5,d_eff,27.342266724678925,,23.081
pb_cnn_25,sweep_all,Paired-Biases,CNN,synthetic,N,400,current_mixture,0.1,10,1e-12,width,0.0,5,g_ibp,5.092374580103117,,0.028
pb_cnn_25,sweep_all,Paired-Biases,CNN,synthetic,N,400,current_mixture,0.1,10,1e-12,width,0.0,5,a_tau,5.961005339623274,,0.859
pb_cnn_25,sweep_all,Paired-Biases,CNN,synthetic,N,400,current_mixture,0.1,10,1e-12,width,0.0,6,margin_hat_min,0.16194793581962585,,19.372
pb_cnn_25,sweep_all,Paired-Biases,CNN,synthetic,N,400,current_mixture,0.1,10,1e-12,width,0.0,6,d_eff,27.18475864269424,,19.372
pb_cnn_25,sweep_all,Paired-Biases,CNN,synthetic,N,400,current_mixture,0.1,10,1e-12,width,0.0,6,g_ibp,5.088086077607244,,0.003
pb_cnn_25,sweep_all,Paired-Biases,CNN,synthetic,N,400,current_mixture,0.1,10,1e-12,width,0.0,6,a_tau,5.963579343618446,,0.538
pb_cnn_25,sweep_all,Paired-Biases,CNN,synthetic,N,400,current_mixture,0.1,10,1e-12,width,0.0,7,margin_hat_min,0.16173148155212402,,18.535
pb_cnn_25,sweep_all,Paired-Biases,CNN,synthetic,N,400,current_mixture,0.1,10,1e-12,width,0.0,7,d_eff,27.250893595220237,,18.535
pb_cnn_25,sweep_all,Paired-Biases,CNN,synthetic,N,400,current_mixture,0.1,10,1e-12,width,0.0,7,g_ibp,5.093557391348485,,0.03
pb_cnn_25,sweep_all,Paired-Biases,CNN,synthetic,N,400,current_mixture,0.1,10,1e-12,width,0.0,7,a_tau,5.934894195619588,,0.543
pb_cnn_25,sweep_all,Paired-Biases,CNN,synthetic,N,800,current_mixture,0.1,10,1e-12,width,0.0,0,margin_hat_min,0.16175487637519836,,21.631
pb_cnn_25,sweep_all,Paired-Biases,CNN,synthetic,N,800,current_mixture,0.1,10,1e-12,width,0.0,0,d_eff,27.10421500289594,,21.631
pb_cnn_25,sweep_all,Paired-Biases,CNN,synthetic,N,800,current_mixture,0.1,10,1e-12,width,0.0,0,g_ibp,5.092965334694239,,0.027
pb_cnn_25,sweep_all,Paired-Biases,CNN,synthetic,N,800,current_mixture,0.1,10,1e-12,width,0.0,0,a_tau,6.637258031284457,,0.986
pb_cnn_25,sweep_all,Paired-Biases,CNN,synthetic,N,800,current_mixture,0.1,10,1e-12,width,0.0,1,margin_hat_min,0.16168661415576935,,26.525
pb_cnn_25,sweep_all,Paired-Biases,CNN,synthetic,N,800,current_mixture,0.1,10,1e-12,width,0.0,1,d_eff,27.19667913313447,,26.525
pb_cnn_25,sweep_all,Paired-Biases,CNN,synthetic,N,800,current_mixture,0.1,10,1e-12,width,0.0,1,g_ibp,5.094693337344609,,0.004
pb_cnn_25,sweep_all,Paired-Biases,CNN,synthetic,N,800,current_mixture,0.1,10,1e-12,width,0.0,1,a_tau,6.588926477533519,,1.149
pb_cnn_25,sweep_all,Paired-Biases,CNN,synthetic,N,800,current_mixture,0.1,10,1e-12,width,0.0,2,margin_hat_min,0.16178110241889954,,24.086
pb_cnn_25,sweep_all,Paired-Biases,CNN,synthetic,N,800,current_mixture,0.1,10,1e-12,width,0.0,2,d_eff,27.221944405399025,,24.086
pb_cnn_25,sweep_all,Paired-Biases,CNN,synthetic,N,800,current_mixture,0.1,10,1e-12,width,0.0,2,g_ibp,5.092301831441205,,0.027
pb_cnn_25,sweep_all,Paired-Biases,CNN,synthetic,N,800,current_mixture,0.1,10,1e-12,width,0.0,2,a_tau,6.586171654854675,,1.332
pb_cnn_25,sweep_all,Paired-Biases,CNN,synthetic,N,800,current_mixture,0.1,10,1e-12,width,0.0,3,margin_hat_min,0.16183824837207794,,25.63
pb_cnn_25,sweep_all,Paired-Biases,CNN,synthetic,N,800,current_mixture,0.1,10,1e-12,width,0.0,3,d_eff,27.301409843395604,,25.63
pb_cnn_25,sweep_all,Paired-Biases,CNN,synthetic,N,800,current_mixture,0.1,10,1e-12,width,0.0,3,g_ibp,5.090856817724099,,0.039
pb_cnn_25,sweep_all,Paired-Biases,CNN,synthetic,N,800,current_mixture,0.1,10,1e-12,width,0.0,3,a_tau,6.639875833826536,,1.357
pb_cnn_25,sweep_all,Paired-Biases,CNN,synthetic,N,800,current_mixture,0.1,10,1e-12,width,0.0,4,margin_hat_min,0.16168054938316345,,22.765
pb_cnn_25,sweep_all,Paired-Biases,CNN,synthetic,N,800,current_mixture,0.1,10,1e-12,width,0.0,4,d_eff,27.31197132136447,,22.765
pb_cnn_25,sweep_all,Paired-Biases,CNN,synthetic,N,800,current_mixture,0.1,10,1e-12,width,0.0,4,g_ibp,5.094846932715706,,0.003
pb_cnn_25,sweep_all,Paired-Biases,CNN,synthetic,N,800,current_mixture,0.1,10,1e-12,width,0.0,4,a_tau,6.641182169740591,,1.214
pb_cnn_25,sweep_all,Paired-Biases,CNN,synthetic,N,800,current_mixture,0.1,10,1e-12,width,0.0,5,margin_hat_min,0.16176079213619232,,20.484
pb_cnn_25,sweep_all,Paired-Biases,CNN,synthetic,N,800,current_mixture,0.1,10,1e-12,width,0.0,5,d_eff,27.25388189095983,,20.484
pb_cnn_25,sweep_all,Paired-Biases,CNN,synthetic,N,800,current_mixture,0.1,10,1e-12,width,0.0,5,g_ibp,5.092815650680229,,0.031
pb_cnn_25,sweep_all,Paired-Biases,CNN,synthetic,N,800,current_mixture,0.1,10,1e-12,width,0.0,5,a_tau,6.6293632534374485,,1.365
pb_cnn_25,sweep_all,Paired-Biases,CNN,synthetic,N,800,current_mixture,0.1,10,1e-12,width,0.0,6,margin_hat_min,0.16168619692325592,,21.924
pb_cnn_25,sweep_all,Paired-Biases,CNN,synthetic,N,800,current_mixture,0.1,10,1e-12,width,0.0,6,d_eff,27.27793176035216,,21.924
pb_cnn_25,sweep_all,Paired-Biases,CNN,synthetic,N,800,current_mixture,0.1,10,1e-12,width,0.0,6,g_ibp,5.094703903733239,,0.023
pb_cnn_25,sweep_all,Paired-Biases,CNN,synthetic,N,800,current_mixture,0.1,10,1e-12,width,0.0,6,a_tau,6.63200177739563,,1.162
pb_cnn_25,sweep_all,Paired-Biases,CNN,synthetic,N,800,current_mixture,0.1,10,1e-12,width,0.0,7,margin_hat_min,0.16185277700424194,,23.544
pb_cnn_25,sweep_all,Paired-Biases,CNN,synthetic,N,800,current_mixture,0.1,10,1e-12,width,0.0,7,d_eff,27.23631123311091,,23.544
pb_cnn_25,sweep_all,Paired-Biases,CNN,synthetic,N,800,current_mixture,0.1,10,1e-12,width,0.0,7,g_ibp,5.090489604043617,,0.027
pb_cnn_25,sweep_all,Paired-Biases,CNN,synthetic,N,800,current_mixture,0.1,10,1e-12,width,0.0,7,a_tau,6.577861357721047,,1.273
pb_cnn_25,sweep_all,Paired-Biases,CNN,synthetic,N,1600,current_mixture,0.1,10,1e-12,width,0.0,0,margin_hat_min,0.1617574393749237,,30.763
pb_cnn_25,sweep_all,Paired-Biases,CNN,synthetic,N,1600,current_mixture,0.1,10,1e-12,width,0.0,0,d_eff,27.094524819526992,,30.763
pb_cnn_25,sweep_all,Paired-Biases,CNN,synthetic,N,1600,current_mixture,0.1,10,1e-12,width,0.0,0,g_ibp,5.092900482845266,,0.027
pb_cnn_25,sweep_all,Paired-Biases,CNN,synthetic,N,1600,current_mixture,0.1,10,1e-12,width,0.0,0,a_tau,7.301822342137932,,2.205
pb_cnn_25,sweep_all,Paired-Biases,CNN,synthetic,N,1600,current_mixture,0.1,10,1e-12,width,0.0,1,margin_hat_min,0.16185317933559418,,30.404
pb_cnn_25,sweep_all,Paired-Biases,CNN,synthetic,N,1600,current_mixture,0.1,10,1e-12,width,0.0,1,d_eff,27.230355533414276,,30.404
pb_cnn_25,sweep_all,Paired-Biases,CNN,synthetic,N,1600,current_mixture,0.1,10,1e-12,width,0.0,1,g_ibp,5.090479435987478,,0.027
pb_cnn_25,sweep_all,Paired-Biases,CNN,synthetic,N,1600,current_mixture,0.1,10,1e-12,width,0.0,1,a_tau,7.208600337960199,,1.949
pb_cnn_25,sweep_all,Paired-Biases,CNN,synthetic,N,1600,current_mixture,0.1,10,1e-12,width,0.0,2,margin_hat_min,0.16179320216178894,,27.634
pb_cnn_25,sweep_all,Paired-Biases,CNN,synthetic,N,1600,current_mixture,0.1,10,1e-12,width,0.0,2,d_eff,27.191273137689265,,27.634
pb_cnn_25,sweep_all,Paired-Biases,CNN,synthetic,N,1600,current_mixture,0.1,10,1e-12,width,0.0,2,g_ibp,5.0919957876808715,,0.004
pb_cnn_25,sweep_all,Paired-Biases,CNN,synthetic,N,1600,current_mixture,0.1,10,1e-12,width,0.0,2,a_tau,7.218176838403408,,1.069
pb_cnn_25,sweep_all,Paired-Biases,CNN,synthetic,N,1600,current_mixture,0.1,10,1e-12,width,0.0,3,margin_hat_min,0.1616910845041275,,33.234
pb_cnn_25,sweep_all,Paired-Biases,CNN,synthetic,N,1600,current_mixture,0.1,10,1e-12,width,0.0,3,d_eff,27.306045730373466,,33.234
pb_cnn_25,sweep_all,Paired-Biases,CNN,synthetic,N,1600,current_mixture,0.1,10,1e-12,width,0.0,3,g_ibp,5.094580129459995,,0.035
pb_cnn_25,sweep_all,Paired-Biases,CNN,synthetic,N,1600,current_mixture,0.1,10,1e-12,width,0.0,3,a_tau,7.284134806195205,,3.417
pb_cnn_25,sweep_all,Paired-Biases,CNN,synthetic,N,1600,current_mixture,0.1,10,1e-12,width,0.0,4,margin_hat_min,0.161723792552948,,23.663
pb_cnn_25,sweep_all,Paired-Biases,CNN,synthetic,N,1600,current_mixture,0.1,10,1e-12,width,0.0,4,d_eff,27.258922802601596,,23.663
pb_cnn_25,sweep_all,Paired-Biases,CNN,synthetic,N,1600,current_mixture,0.1,10,1e-12,width,0.0,4,g_ibp,5.093752015521663,,0.031
pb_cnn_25,sweep_all,Paired-Biases,CNN,synthetic,N,1600,current_mixture,0.1,10,1e-12,width,0.0,4,a_tau,7.290292882446597,,2.775
pb_cnn_25,sweep_all,Paired-Biases,CNN,synthetic,N,1600,current_mixture,0.1,10,1e-12,width,0.0,5,margin_hat_min,0.16185607016086578,,34.552
pb_cnn_25,sweep_all,Paired-Biases,CNN,synthetic,N,1600,current_mixture,0.1,10,1e-12,width,0.0,5,d_eff,27.30668309244333,,34.552
pb_cnn_25,sweep_all,Paired-Biases,CNN,synthetic,N,1600,current_mixture,0.1,10,1e-12,width,0.0,5,g_ibp,5.09040637810763,,0.039
pb_cnn_25,sweep_all,Paired-Biases,CNN,synthetic,N,1600,current_mixture,0.1,10,1e-12,width,0.0,5,a_tau,7.268920128193722,,3.499
pb_cnn_25,sweep_all,Paired-Biases,CNN,synthetic,N,1600,current_mixture,0.1,10,1e-12,width,0.0,6,margin_hat_min,0.16178292036056519,,25.994
pb_cnn_25,sweep_all,Paired-Biases,CNN,synthetic,N,1600,current_mixture,0.1,10,1e-12,width,0.0,6,d_eff,27.25579706260381,,25.994
pb_cnn_25,sweep_all,Paired-Biases,CNN,synthetic,N,1600,current_mixture,0.1,10,1e-12,width,0.0,6,g_ibp,5.092255846574624,,0.003
pb_cnn_25,sweep_all,Paired-Biases,CNN,synthetic,N,1600,current_mixture,0.1,10,1e-12,width,0.0,6,a_tau,7.289610521451167,,3.293
pb_cnn_25,sweep_all,Paired-Biases,CNN,synthetic,N,1600,current_mixture,0.1,10,1e-12,width,0.0,7,margin_hat_min,0.16165083646774292,,39.03
pb_cnn_25,sweep_all,Paired-Biases,CNN,synthetic,N,1600,current_mixture,0.1,10,1e-12,width,0.0,7,d_eff,27.145042078236735,,39.03
pb_cnn_25,sweep_all,Paired-Biases,CNN,synthetic,N,1600,current_mixture,0.1,10,1e-12,width,0.0,7,g_ibp,5.0955996033682665,,0.003
pb_cnn_25,sweep_all,Paired-Biases,CNN,synthetic,N,1600,current_mixture,0.1,10,1e-12,width,0.0,7,a_tau,7.208600337960199,,3.521
pb_cnn_24,sweep_all,Paired-Biases,CNN,synthetic,N,50,current_mixture,0.1,10,1e-12,width,0.0,0,margin_hat_min,0.1295730471611023,,4.583
pb_cnn_24,sweep_all,Paired-Biases,CNN,synthetic,N,50,current_mixture,0.1,10,1e-12,width,0.0,0,d_eff,28.149650848752586,,4.583
pb_cnn_24,sweep_all,Paired-Biases,CNN,synthetic,N,50,current_mixture,0.1,10,1e-12,width,0.0,0,g_ibp,6.490637686109415,,0.002
pb_cnn_24,sweep_all,Paired-Biases,CNN,synthetic,N,50,current_mixture,0.1,10,1e-12,width,0.0,0,a_tau,3.912023005428146,,0.19
pb_cnn_24,sweep_all,Paired-Biases,CNN,synthetic,N,50,current_mixture,0.1,10,1e-12,width,0.0,1,margin_hat_min,0.12961474061012268,,4.648
pb_cnn_24,sweep_all,Paired-Biases,CNN,synthetic,N,50,current_mixture,0.1,10,1e-12,width,0.0,1,d_eff,28.41064251677373,,4.648
pb_cnn_24,sweep_all,Paired-Biases,CNN,synthetic,N,50,current_mixture,0.1,10,1e-12,width,0.0,1,g_ibp,6.4888715010183065,,0.042
pb_cnn_24,sweep_all,Paired-Biases,CNN,synthetic,N,50,current_mixture,0.1,10,1e-12,width,0.0,1,a_tau,3.912023005428146,,0.186
pb_cnn_24,sweep_all,Paired-Biases,CNN,synthetic,N,50,current_mixture,0.1,10,1e-12,width,0.0,2,margin_hat_min,0.12941600382328033,,4.544
pb_cnn_24,sweep_all,Paired-Biases,CNN,synthetic,N,50,current_mixture,0.1,10,1e-12,width,0.0,2,d_eff,28.074931897729602,,4.544
pb_cnn_24,sweep_all,Paired-Biases,CNN,synthetic,N,50,current_mixture,0.1,10,1e-12,width,0.0,2,g_ibp,6.497300448391647,,0.03
pb_cnn_24,sweep_all,Paired-Biases,CNN,synthetic,N,50,current_mixture,0.1,10,1e-12,width,0.0,2,a_tau,3.912023005428146,,0.171
pb_cnn_24,sweep_all,Paired-Biases,CNN,synthetic,N,50,current_mixture,0.1,10,1e-12,width,0.0,3,margin_hat_min,0.12976288795471191,,5.09
pb_cnn_24,sweep_all,Paired-Biases,CNN,synthetic,N,50,current_mixture,0.1,10,1e-12,width,0.0,3,d_eff,27.986456436554477,,5.09
pb_cnn_24,sweep_all,Paired-Biases,CNN,synthetic,N,50,current_mixture,0.1,10,1e-12,width,0.0,3,g_ibp,6.482604980979504,,0.002
pb_cnn_24,sweep_all,Paired-Biases,CNN,synthetic,N,50,current_mixture,0.1,10,1e-12,width,0.0,3,a_tau,3.912023005428146,,0.194
pb_cnn_24,sweep_all,Paired-Biases,CNN,synthetic,N,50,current_mixture,0.1,10,1e-12,width,0.0,4,margin_hat_min,0.12971515953540802,,3.027
pb_cnn_24,sweep_all,Paired-Biases,CNN,synthetic,N,50,current_mixture,0.1,10,1e-12,width,0.0,4,d_eff,28.45275615952526,,3.027
pb_cnn_24,sweep_all,Paired-Biases,CNN,synthetic,N,50,current_mixture,0.1,10,1e-12,width,0.0,4,g_ibp,6.484622293916134,,0.015
pb_cnn_24,sweep_all,Paired-Biases,CNN,synthetic,N,50,current_mixture,0.1,10,1e-12,width,0.0,4,a_tau,3.912023005428146,,0.152
pb_cnn_24,sweep_all,Paired-Biases,CNN,synthetic,N,50,current_mixture,0.1,10,1e-12,width,0.0,5,margin_hat_min,0.1297939568758011,,5.085
pb_cnn_24,sweep_all,Paired-Biases,CNN,synthetic,N,50,current_mixture,0.1,10,1e-12,width,0.0,5,d_eff,28.36425598834555,,5.085
pb_cnn_24,sweep_all,Paired-Biases,CNN,synthetic,N,50,current_mixture,0.1,10,1e-12,width,0.0,5,g_ibp,6.481292603842571,,0.002
pb_cnn_24,sweep_all,Paired-Biases,CNN,synthetic,N,50,current_mixture,0.1,10,1e-12,width,0.0,5,a_tau,3.912023005428146,,0.171
pb_cnn_24,sweep_all,Paired-Biases,CNN,synthetic,N,50,current_mixture,0.1,10,1e-12,width,0.0,6,margin_hat_min,0.129705548286438,,4.844
pb_cnn_24,sweep_all,Paired-Biases,CNN,synthetic,N,50,current_mixture,0.1,10,1e-12,width,0.0,6,d_eff,27.93698846846138,,4.844
pb_cnn_24,sweep_all,Paired-Biases,CNN,synthetic,N,50,current_mixture,0.1,10,1e-12,width,0.0,6,g_ibp,6.485028707296822,,0.031
pb_cnn_24,sweep_all,Paired-Biases,CNN,synthetic,N,50,current_mixture,0.1,10,1e-12,width,0.0,6,a_tau,3.912023005428146,,0.19
pb_cnn_24,sweep_all,Paired-Biases,CNN,synthetic,N,50,current_mixture,0.1,10,1e-12,width,0.0,7,margin_hat_min,0.12918812036514282,,4.842
pb_cnn_24,sweep_all,Paired-Biases,CNN,synthetic,N,50,current_mixture,0.1,10,1e-12,width,0.0,7,d_eff,27.972787127389104,,4.842
pb_cnn_24,sweep_all,Paired-Biases,CNN,synthetic,N,50,current_mixture,0.1,10,1e-12,width,0.0,7,g_ibp,6.50699749973855,,0.002
pb_cnn_24,sweep_all,Paired-Biases,CNN,synthetic,N,50,current_mixture,0.1,10,1e-12,width,0.0,7,a_tau,3.912023005428146,,0.256
pb_cnn_24,sweep_all,Paired-Biases,CNN,synthetic,N,100,current_mixture,0.1,10,1e-12,width,0.0,0,margin_hat_min,0.12929612398147583,,4.345
pb_cnn_24,sweep_all,Paired-Biases,CNN,synthetic,N,100,current_mixture,0.1,10,1e-12,width,0.0,0,d_eff,28.185951858306012,,4.345
pb_cnn_24,sweep_all,Paired-Biases,CNN,synthetic,N,100,current_mixture,0.1,10,1e-12,width,0.0,0,g_ibp,6.502397395522053,,0.002
pb_cnn_24,sweep_all,Paired-Biases,CNN,synthetic,N,100,current_mixture,0.1,10,1e-12,width,0.0,0,a_tau,4.59511985013459,,0.045
pb_cnn_24,sweep_all,Paired-Biases,CNN,synthetic,N,100,current_mixture,0.1,10,1e-12,width,0.0,1,margin_hat_min,0.12918534874916077,,10.96
pb_cnn_24,sweep_all,Paired-Biases,CNN,synthetic,N,100,current_mixture,0.1,10,1e-12,width,0.0,1,d_eff,28.12599437182537,,10.96
pb_cnn_24,sweep_all,Paired-Biases,CNN,synthetic,N,100,current_mixture,0.1,10,1e-12,width,0.0,1,g_ibp,6.507115649996541,,0.038
pb_cnn_24,sweep_all,Paired-Biases,CNN,synthetic,N,100,current_mixture,0.1,10,1e-12,width,0.0,1,a_tau,4.605170185988092,,0.433
pb_cnn_24,sweep_all,Paired-Biases,CNN,synthetic,N,100,current_mixture,0.1,10,1e-12,width,0.0,2,margin_hat_min,0.12918077409267426,,3.674
pb_cnn_24,sweep_all,Paired-Biases,CNN,synthetic,N,100,current_mixture,0.1,10,1e-12,width,0.0,2,d_eff,28.058820566346032,,3.674
pb_cnn_24,sweep_all,Paired-Biases,CNN,synthetic,N,100,current_mixture,0.1,10,1e-12,width,0.0,2,g_ibp,6.507310672533811,,0.003
pb_cnn_24,sweep_all,Paired-Biases,CNN,synthetic,N,100,current_mixture,0.1,10,1e-12,width,0.0,2,a_tau,4.605170185988092,,0.134
pb_cnn_24,sweep_all,Paired-Biases,CNN,synthetic,N,100,current_mixture,0.1,10,1e-12,width,0.0,3,margin_hat_min,0.12924309074878693,,11.303
pb_cnn_24,sweep_all,Paired-Biases,CNN,synthetic,N,100,current_mixture,0.1,10,1e-12,width,0.0,3,d_eff,28.42634553977958,,11.303
pb_cnn_24,sweep_all,Paired-Biases,CNN,synthetic,N,100,current_mixture,0.1,10,1e-12,width,0.0,3,g_ibp,6.504655233211717,,0.003
pb_cnn_24,sweep_all,Paired-Biases,CNN,synthetic,N,100,current_mixture,0.1,10,1e-12,width,0.0,3,a_tau,4.59511985013459,,0.447
pb_cnn_24,sweep_all,Paired-Biases,CNN,synthetic,N,100,current_mixture,0.1,10,1e-12,width,0.0,4,margin_hat_min,0.1293731927871704,,10.516
pb_cnn_24,sweep_all,Paired-Biases,CNN,synthetic,N,100,current_mixture,0.1,10,1e-12,width,0.0,4,d_eff,28.23685560483906,,10.516
pb_cnn_24,sweep_all,Paired-Biases,CNN,synthetic,N,100,current_mixture,0.1,10,1e-12,width,0.0,4,g_ibp,6.499119566579359,,0.039
pb_cnn_24,sweep_all,Paired-Biases,CNN,synthetic,N,100,current_mixture,0.1,10,1e-12,width,0.0,4,a_tau,4.59511985013459,,0.413
pb_cnn_24,sweep_all,Paired-Biases,CNN,synthetic,N,100,current_mixture,0.1,10,1e-12,width,0.0,5,margin_hat_min,0.12950092554092407,,8.241
pb_cnn_24,sweep_all,Paired-Biases,CNN,synthetic,N,100,current_mixture,0.1,10,1e-12,width,0.0,5,d_eff,28.21355878513039,,8.241
pb_cnn_24,sweep_all,Paired-Biases,CNN,synthetic,N,100,current_mixture,0.1,10,1e-12,width,0.0,5,g_ibp,6.493695530553976,,0.002
pb_cnn_24,sweep_all,Paired-Biases,CNN,synthetic,N,100,current_mixture,0.1,10,1e-12,width,0.0,5,a_tau,4.605170185988092,,0.38
pb_cnn_24,sweep_all,Paired-Biases,CNN,synthetic,N,100,current_mixture,0.1,10,1e-12,width,0.0,6,margin_hat_min,0.12956315279006958,,11.119
pb_cnn_24,sweep_all,Paired-Biases,CNN,synthetic,N,100,current_mixture,0.1,10,1e-12,width,0.0,6,d_eff,28.242196633987607,,11.119
pb_cnn_24,sweep_all,Paired-Biases,CNN,synthetic,N,100,current_mixture,0.1,10,1e-12,width,0.0,6,g_ibp,6.491056990559039,,0.039
pb_cnn_24,sweep_all,Paired-Biases,CNN,synthetic,N,100,current_mixture,0.1,10,1e-12,width,0.0,6,a_tau,4.605170185988092,,0.401
pb_cnn_24,sweep_all,Paired-Biases,CNN,synthetic,N,100,current_mixture,0.1,10,1e-12,width,0.0,7,margin_hat_min,0.12944123148918152,,5.653
pb_cnn_24,sweep_all,Paired-Biases,CNN,synthetic,N,100,current_mixture,0.1,10,1e-12,width,0.0,7,d_eff,28.408720644456267,,5.653
pb_cnn_24,sweep_all,Paired-Biases,CNN,synthetic,N,100,current_mixture,0.1,10,1e-12,width,0.0,7,g_ibp,6.496229042801065,,0.003
pb_cnn_24,sweep_all,Paired-Biases,CNN,synthetic,N,100,current_mixture,0.1,10,1e-12,width,0.0,7,a_tau,4.605170185988092,,0.053
pb_cnn_24,sweep_all,Paired-Biases,CNN,synthetic,N,200,current_mixture,0.1,10,1e-12,width,0.0,0,margin_hat_min,0.12899471819400787,,19.208
pb_cnn_24,sweep_all,Paired-Biases,CNN,synthetic,N,200,current_mixture,0.1,10,1e-12,width,0.0,0,d_eff,28.196998066766493,,19.208
pb_cnn_24,sweep_all,Paired-Biases,CNN,synthetic,N,200,current_mixture,0.1,10,1e-12,width,0.0,0,g_ibp,6.51525415774585,,0.039
pb_cnn_24,sweep_all,Paired-Biases,CNN,synthetic,N,200,current_mixture,0.1,10,1e-12,width,0.0,0,a_tau,5.293304824724492,,0.689
pb_cnn_24,sweep_all,Paired-Biases,CNN,synthetic,N,200,current_mixture,0.1,10,1e-12,width,0.0,1,margin_hat_min,0.12897402048110962,,19.423
pb_cnn_24,sweep_all,Paired-Biases,CNN,synthetic,N,200,current_mixture,0.1,10,1e-12,width,0.0,1,d_eff,28.4632908533853,,19.423
pb_cnn_24,sweep_all,Paired-Biases,CNN,synthetic,N,200,current_mixture,0.1,10,1e-12,width,0.0,1,g_ibp,6.516139244112013,,0.043
pb_cnn_24,sweep_all,Paired-Biases,CNN,synthetic,N,200,current_mixture,0.1,10,1e-12,width,0.0,1,a_tau,5.293304824724492,,0.757
pb_cnn_24,sweep_all,Paired-Biases,CNN,synthetic,N,200,current_mixture,0.1,10,1e-12,width,0.0,2,margin_hat_min,0.1290636658668518,,19.985
pb_cnn_24,sweep_all,Paired-Biases,CNN,synthetic,N,200,current_mixture,0.1,10,1e-12,width,0.0,2,d_eff,28.18588825036511,,19.985
pb_cnn_24,sweep_all,Paired-Biases,CNN,synthetic,N,200,current_mixture,0.1,10,1e-12,width,0.0,2,g_ibp,6.512307829383314,,0.003
pb_cnn_24,sweep_all,Paired-Biases,CNN,synthetic,N,200,current_mixture,0.1,10,1e-12,width,0.0,2,a_tau,5.298317366548036,,0.719
pb_cnn_24,sweep_all,Paired-Biases,CNN,synthetic,N,200,current_mixture,0.1,10,1e-12,width,0.0,3,margin_hat_min,0.12917035818099976,,20.394
pb_cnn_24,sweep_all,Paired-Biases,CNN,synthetic,N,200,current_mixture,0.1,10,1e-12,width,0.0,3,d_eff,28.216201137747532,,20.394
pb_cnn_24,sweep_all,Paired-Biases,CNN,synthetic,N,200,current_mixture,0.1,10,1e-12,width,0.0,3,g_ibp,6.507754765608542,,0.003
pb_cnn_24,sweep_all,Paired-Biases,CNN,synthetic,N,200,current_mixture,0.1,10,1e-12,width,0.0,3,a_tau,5.293304824724492,,0.172
pb_cnn_24,sweep_all,Paired-Biases,CNN,synthetic,N,200,current_mixture,0.1,10,1e-12,width,0.0,4,margin_hat_min,0.12929120659828186,,16.968
pb_cnn_24,sweep_all,Paired-Biases,CNN,synthetic,N,200,current_mixture,0.1,10,1e-12,width,0.0,4,d_eff,28.577974117182162,,16.968
pb_cnn_24,sweep_all,Paired-Biases,CNN,synthetic,N,200,current_mixture,0.1,10,1e-12,width,0.0,4,g_ibp,6.502606670361317,,0.039
pb_cnn_24,sweep_all,Paired-Biases,CNN,synthetic,N,200,current_mixture,0.1,10,1e-12,width,0.0,4,a_tau,5.293304824724492,,0.752
pb_cnn_24,sweep_all,Paired-Biases,CNN,synthetic,N,200,current_mixture,0.1,10,1e-12,width,0.0,5,margin_hat_min,0.12915770709514618,,13.466
pb_cnn_24,sweep_all,Paired-Biases,CNN,synthetic,N,200,current_mixture,0.1,10,1e-12,width,0.0,5,d_eff,28.5949191189819,,13.466
pb_cnn_24,sweep_all,Paired-Biases,CNN,synthetic,N,200,current_mixture,0.1,10,1e-12,width,0.0,5,g_ibp,6.508294253959386,,0.003
pb_cnn_24,sweep_all,Paired-Biases,CNN,synthetic,N,200,current_mixture,0.1,10,1e-12,width,0.0,5,a_tau,5.293304824724492,,0.112
pb_cnn_24,sweep_all,Paired-Biases,CNN,synthetic,N,200,current_mixture,0.1,10,1e-12,width,0.0,6,margin_hat_min,0.1291009783744812,,17.002
pb_cnn_24,sweep_all,Paired-Biases,CNN,synthetic,N,200,current_mixture,0.1,10,1e-12,width,0.0,6,d_eff,28.57926839003133,,17.002
pb_cnn_24,sweep_all,Paired-Biases,CNN,synthetic,N,200,current_mixture,0.1,10,1e-12,width,0.0,6,g_ibp,6.5107146731537675,,0.039
pb_cnn_24,sweep_all,Paired-Biases,CNN,synthetic,N,200,current_mixture,0.1,10,1e-12,width,0.0,6,a_tau,5.298317366548036,,0.722
pb_cnn_24,sweep_all,Paired-Biases,CNN,synthetic,N,200,current_mixture,0.1,10,1e-12,width,0.0,7,margin_hat_min,0.12878578901290894,,9.767
pb_cnn_24,sweep_all,Paired-Biases,CNN,synthetic,N,200,current_mixture,0.1,10,1e-12,width,0.0,7,d_eff,28.502299826189176,,9.767
pb_cnn_24,sweep_all,Paired-Biases,CNN,synthetic,N,200,current_mixture,0.1,10,1e-12,width,0.0,7,g_ibp,6.524201554376746,,0.004
pb_cnn_24,sweep_all,Paired-Biases,CNN,synthetic,N,200,current_mixture,0.1,10,1e-12,width,0.0,7,a_tau,5.298317366548036,,0.129
pb_cnn_24,sweep_all,Paired-Biases,CNN,synthetic,N,400,current_mixture,0.1,10,1e-12,width,0.0,0,margin_hat_min,0.129050612449646,,11.194
pb_cnn_24,sweep_all,Paired-Biases,CNN,synthetic,N,400,current_mixture,0.1,10,1e-12,width,0.0,0,d_eff,28.4668802970731,,11.194
pb_cnn_24,sweep_all,Paired-Biases,CNN,synthetic,N,400,current_mixture,0.1,10,1e-12,width,0.0,0,g_ibp,6.512865397088707,,0.004
pb_cnn_24,sweep_all,Paired-Biases,CNN,synthetic,N,400,current_mixture,0.1,10,1e-12,width,0.0,0,a_tau,5.981414211254481,,0.206
pb_cnn_24,sweep_all,Paired-Biases,CNN,synthetic,N,400,current_mixture,0.1,10,1e-12,width,0.0,1,margin_hat_min,0.12899811565876007,,23.392
pb_cnn_24,sweep_all,Paired-Biases,CNN,synthetic,N,400,current_mixture,0.1,10,1e-12,width,0.0,1,d_eff,28.347347781606214,,23.392
pb_cnn_24,sweep_all,Paired-Biases,CNN,synthetic,N,400,current_mixture,0.1,10,1e-12,width,0.0,1,g_ibp,6.515108900727912,,0.039
pb_cnn_24,sweep_all,Paired-Biases,CNN,synthetic,N,400,current_mixture,0.1,10,1e-12,width,0.0,1,a_tau,5.976350909297934,,1.181
pb_cnn_24,sweep_all,Paired-Biases,CNN,synthetic,N,400,current_mixture,0.1,10,1e-12,width,0.0,2,margin_hat_min,0.1290067881345749,,25.321
pb_cnn_24,sweep_all,Paired-Biases,CNN,synthetic,N,400,current_mixture,0.1,10,1e-12,width,0.0,2,d_eff,28.242405666109445,,25.321
pb_cnn_24,sweep_all,Paired-Biases,CNN,synthetic,N,400,current_mixture,0.1,10,1e-12,width,0.0,2,g_ibp,6.514738147767941,,0.043
pb_cnn_24,sweep_all,Paired-Biases,CNN,synthetic,N,400,current_mixture,0.1,10,1e-12,width,0.0,2,a_tau,5.988961416889864,,1.166
pb_cnn_24,sweep_all,Paired-Biases,CNN,synthetic,N,400,current_mixture,0.1,10,1e-12,width,0.0,3,margin_hat_min,0.12890994548797607,,23.873
pb_cnn_24,sweep_all,Paired-Biases,CNN,synthetic,N,400,current_mixture,0.1,10,1e-12,width,0.0,3,d_eff,28.610701068108188,,23.873
pb_cnn_24,sweep_all,Paired-Biases,CNN,synthetic,N,400,current_mixture,0.1,10,1e-12,width,0.0,3,g_ibp,6.518881054162816,,0.039
pb_cnn_24,sweep_all,Paired-Biases,CNN,synthetic,N,400,current_mixture,0.1,10,1e-12,width,0.0,3,a_tau,5.981414211254481,,1.103
pb_cnn_24,sweep_all,Paired-Biases,CNN,synthetic,N,400,current_mixture,0.1,10,1e-12,width,0.0,4,margin_hat_min,0.12890677154064178,,29.99
pb_cnn_24,sweep_all,Paired-Biases,CNN,synthetic,N,400,current_mixture,0.1,10,1e-12,width,0.0,4,d_eff,28.5547766377096,,29.99
pb_cnn_24,sweep_all,Paired-Biases,CNN,synthetic,N,400,current_mixture,0.1,10,1e-12,width,0.0,4,g_ibp,6.519016940257865,,0.039
pb_cnn_24,sweep_all,Paired-Biases,CNN,synthetic,N,400,current_mixture,0.1,10,1e-12,width,0.0,4,a_tau,5.986452005284438,,1.017
pb_cnn_24,sweep_all,Paired-Biases,CNN,synthetic,N,400,current_mixture,0.1,10,1e-12,width,0.0,5,margin_hat_min,0.12912122905254364,,30.471
pb_cnn_24,sweep_all,Paired-Biases,CNN,synthetic,N,400,current_mixture,0.1,10,1e-12,width,0.0,5,d_eff,28.717648528399366,,30.471
pb_cnn_24,sweep_all,Paired-Biases,CNN,synthetic,N,400,current_mixture,0.1,10,1e-12,width,0.0,5,g_ibp,6.509850402347502,,0.051
pb_cnn_24,sweep_all,Paired-Biases,CNN,synthetic,N,400,current_mixture,0.1,10,1e-12,width,0.0,5,a_tau,5.983936280687191,,1.169
pb_cnn_24,sweep_all,Paired-Biases,CNN,synthetic,N,400,current_mixture,0.1,10,1e-12,width,0.0,6,margin_hat_min,0.12907515466213226,,23.206
pb_cnn_24,sweep_all,Paired-Biases,CNN,synthetic,N,400,current_mixture,0.1,10,1e-12,width,0.0,6,d_eff,28.462577196198083,,23.206
pb_cnn_24,sweep_all,Paired-Biases,CNN,synthetic,N,400,current_mixture,0.1,10,1e-12,width,0.0,6,g_ibp,6.5118171867314425,,0.002
pb_cnn_24,sweep_all,Paired-Biases,CNN,synthetic,N,400,current_mixture,0.1,10,1e-12,width,0.0,6,a_tau,5.986452005284438,,1.218
pb_cnn_24,sweep_all,Paired-Biases,CNN,synthetic,N,400,current_mixture,0.1,10,1e-12,width,0.0,7,margin_hat_min,0.12896069884300232,,30.269
pb_cnn_24,sweep_all,Paired-Biases,CNN,synthetic,N,400,current_mixture,0.1,10,1e-12,width,0.0,7,d_eff,28.516648362466814,,30.269
pb_cnn_24,sweep_all,Paired-Biases,CNN,synthetic,N,400,current_mixture,0.1,10,1e-12,width,0.0,7,g_ibp,6.51670906120682,,0.039
pb_cnn_24,sweep_all,Paired-Biases,CNN,synthetic,N,400,current_mixture,0.1,10,1e-12,width,0.0,7,a_tau,5.986452005284438,,1.157
pb_cnn_24,sweep_all,Paired-Biases,CNN,synthetic,N,800,current_mixture,0.1,10,1e-12,width,0.0,0,margin_hat_min,0.1291104555130005,,23.187
pb_cnn_24,sweep_all,Paired-Biases,CNN,synthetic,N,800,current_mixture,0.1,10,1e-12,width,0.0,0,d_eff,28.462178566015474,,23.187
pb_cnn_24,sweep_all,Paired-Biases,CNN,synthetic,N,800,current_mixture,0.1,10,1e-12,width,0.0,0,g_ibp,6.510310168297132,,0.004
pb_cnn_24,sweep_all,Paired-Biases,CNN,synthetic,N,800,current_mixture,0.1,10,1e-12,width,0.0,0,a_tau,6.670766320845874,,0.83
pb_cnn_24,sweep_all,Paired-Biases,CNN,synthetic,N,800,current_mixture,0.1,10,1e-12,width,0.0,1,margin_hat_min,0.12908393144607544,,29.332
pb_cnn_24,sweep_all,Paired-Biases,CNN,synthetic,N,800,current_mixture,0.1,10,1e-12,width,0.0,1,d_eff,28.389977909422246,,29.332
pb_cnn_24,sweep_all,Paired-Biases,CNN,synthetic,N,800,current_mixture,0.1,10,1e-12,width,0.0,1,g_ibp,6.5114424225912435,,0.039
pb_cnn_24,sweep_all,Paired-Biases,CNN,synthetic,N,800,current_mixture,0.1,10,1e-12,width,0.0,1,a_tau,6.654152520183219,,2.008
pb_cnn_24,sweep_all,Paired-Biases,CNN,synthetic,N,800,current_mixture,0.1,10,1e-12,width,0.0,2,margin_hat_min,0.1289147138595581,,12.857
pb_cnn_24,sweep_all,Paired-Biases,CNN,synthetic,N,800,current_mixture,0.1,10,1e-12,width,0.0,2,d_eff,28.330760253196523,,12.857
pb_cnn_24,sweep_all,Paired-Biases,CNN,synthetic,N,800,current_mixture,0.1,10,1e-12,width,0.0,2,g_ibp,6.518676918616181,,0.003
pb_cnn_24,sweep_all,Paired-Biases,CNN,synthetic,N,800,current_mixture,0.1,10,1e-12,width,0.0,2,a_tau,6.674561391814426,,0.547
pb_cnn_24,sweep_all,Paired-Biases,CNN,synthetic,N,800,current_mixture,0.1,10,1e-12,width,0.0,3,margin_hat_min,0.1289982795715332,,39.151
pb_cnn_24,sweep_all,Paired-Biases,CNN,synthetic,N,800,current_mixture,0.1,10,1e-12,width,0.0,3,d_eff,28.562756350344742,,39.151
pb_cnn_24,sweep_all,Paired-Biases,CNN,synthetic,N,800,current_mixture,0.1,10,1e-12,width,0.0,3,g_ibp,6.515101892907365,,0.043
pb_cnn_24,sweep_all,Paired-Biases,CNN,synthetic,N,800,current_mixture,0.1,10,1e-12,width,0.0,3,a_tau,6.664409020350408,,1.96
pb_cnn_24,sweep_all,Paired-Biases,CNN,synthetic,N,800,current_mixture,0.1,10,1e-12,width,0.0,4,margin_hat_min,0.12893487513065338,,36.408
pb_cnn_24,sweep_all,Paired-Biases,CNN,synthetic,N,800,current_mixture,0.1,10,1e-12,width,0.0,4,d_eff,28.645734251968996,,36.408
pb_cnn_24,sweep_all,Paired-Biases,CNN,synthetic,N,800,current_mixture,0.1,10,1e-12,width,0.0,4,g_ibp,6.517813974891065,,0.041
pb_cnn_24,sweep_all,Paired-Biases,CNN,synthetic,N,800,current_mixture,0.1,10,1e-12,width,0.0,4,a_tau,6.677083461247136,,2.033
pb_cnn_24,sweep_all,Paired-Biases,CNN,synthetic,N,800,current_mixture,0.1,10,1e-12,width,0.0,5,margin_hat_min,0.12877829372882843,,21.199
pb_cnn_24,sweep_all,Paired-Biases,CNN,synthetic,N,800,current_mixture,0.1,10,1e-12,width,0.0,5,d_eff,28.642182328068866,,21.199
pb_cnn_24,sweep_all,Paired-Biases,CNN,synthetic,N,800,current_mixture,0.1,10,1e-12,width,0.0,5,g_ibp,6.524523079524881,,0.039
pb_cnn_24,sweep_all,Paired-Biases,CNN,synthetic,N,800,current_mixture,0.1,10,1e-12,width,0.0,5,a_tau,6.673297967767654,,2.007
pb_cnn_24,sweep_all,Paired-Biases,CNN,synthetic,N,800,current_mixture,0.1,10,1e-12,width,0.0,6,margin_hat_min,0.1290023773908615,,30.213
pb_cnn_24,sweep_all,Paired-Biases,CNN,synthetic,N,800,current_mixture,0.1,10,1e-12,width,0.0,6,d_eff,28.615518376503786,,30.213
pb_cnn_24,sweep_all,Paired-Biases,CNN,synthetic,N,800,current_mixture,0.1,10,1e-12,width,0.0,6,g_ibp,6.514926703181477,,0.039
pb_cnn_24,sweep_all,Paired-Biases,CNN,synthetic,N,800,current_mixture,0.1,10,1e-12,width,0.0,6,a_tau,6.673297967767654,,1.845
pb_cnn_24,sweep_all,Paired-Biases,CNN,synthetic,N,800,current_mixture,0.1,10,1e-12,width,0.0,7,margin_hat_min,0.12899084389209747,,28.112
pb_cnn_24,sweep_all,Paired-Biases,CNN,synthetic,N,800,current_mixture,0.1,10,1e-12,width,0.0,7,d_eff,28.562672284089984,,28.112
pb_cnn_24,sweep_all,Paired-Biases,CNN,synthetic,N,800,current_mixture,0.1,10,1e-12,width,0.0,7,g_ibp,6.515419811051735,,0.047
pb_cnn_24,sweep_all,Paired-Biases,CNN,synthetic,N,800,current_mixture,0.1,10,1e-12,width,0.0,7,a_tau,6.664409020350408,,2.058
pb_cnn_24,sweep_all,Paired-Biases,CNN,synthetic,N,1600,current_mixture,0.1,10,1e-12,width,0.0,0,margin_hat_min,0.1288933902978897,,47.023
pb_cnn_24,sweep_all,Paired-Biases,CNN,synthetic,N,1600,current_mixture,0.1,10,1e-12,width,0.0,0,d_eff,28.598346853476382,,47.023
pb_cnn_24,sweep_all,Paired-Biases,CNN,synthetic,N,1600,current_mixture,0.1,10,1e-12,width,0.0,0,g_ibp,6.519589904513512,,0.039
pb_cnn_24,sweep_all,Paired-Biases,CNN,synthetic,N,1600,current_mixture,0.1,10,1e-12,width,0.0,0,a_tau,7.356279876550748,,3.674
pb_cnn_24,sweep_all,Paired-Biases,CNN,synthetic,N,1600,current_mixture,0.1,10,1e-12,width,0.0,1,margin_hat_min,0.1289958357810974,,21.137
pb_cnn_24,sweep_all,Paired-Biases,CNN,synthetic,N,1600,current_mixture,0.1,10,1e-12,width,0.0,1,d_eff,28.44872651376821,,21.137
pb_cnn_24,sweep_all,Paired-Biases,CNN,synthetic,N,1600,current_mixture,0.1,10,1e-12,width,0.0,1,g_ibp,6.515206374987556,,0.004
pb_cnn_24,sweep_all,Paired-Biases,CNN,synthetic,N,1600,current_mixture,0.1,10,1e-12,width,0.0,1,a_tau,7.336936913707618,,1.364
pb_cnn_24,sweep_all,Paired-Biases,CNN,synthetic,N,1600,current_mixture,0.1,10,1e-12,width,0.0,2,margin_hat_min,0.12885834276676178,,46.634
pb_cnn_24,sweep_all,Paired-Biases,CNN,synthetic,N,1600,current_mixture,0.1,10,1e-12,width,0.0,2,d_eff,28.447159376644116,,46.634
pb_cnn_24,sweep_all,Paired-Biases,CNN,synthetic,N,1600,current_mixture,0.1,10,1e-12,width,0.0,2,g_ibp,6.521091149949676,,0.047
pb_cnn_24,sweep_all,Paired-Biases,CNN,synthetic,N,1600,current_mixture,0.1,10,1e-12,width,0.0,2,a_tau,7.3537223303996315,,3.496
pb_cnn_24,sweep_all,Paired-Biases,CNN,synthetic,N,1600,current_mixture,0.1,10,1e-12,width,0.0,3,margin_hat_min,0.1289670318365097,,48.582
pb_cnn_24,sweep_all,Paired-Biases,CNN,synthetic,N,1600,current_mixture,0.1,10,1e-12,width,0.0,3,d_eff,28.52992370633406,,48.582
pb_cnn_24,sweep_all,Paired-Biases,CNN,synthetic,N,1600,current_mixture,0.1,10,1e-12,width,0.0,3,g_ibp,6.516438160324873,,0.039
pb_cnn_24,sweep_all,Paired-Biases,CNN,synthetic,N,1600,current_mixture,0.1,10,1e-12,width,0.0,3,a_tau,7.353081920515432,,2.955
pb_cnn_24,sweep_all,Paired-Biases,CNN,synthetic,N,1600,current_mixture,0.1,10,1e-12,width,0.0,4,margin_hat_min,0.1288527548313141,,23.75
pb_cnn_24,sweep_all,Paired-Biases,CNN,synthetic,N,1600,current_mixture,0.1,10,1e-12,width,0.0,4,d_eff,28.559378037299968,,23.75
pb_cnn_24,sweep_all,Paired-Biases,CNN,synthetic,N,1600,current_mixture,0.1,10,1e-12,width,0.0,4,g_ibp,6.521330582168156,,0.043
pb_cnn_24,sweep_all,Paired-Biases,CNN,synthetic,N,1600,current_mixture,0.1,10,1e-12,width,0.0,4,a_tau,7.355001921105257,,1.998
pb_cnn_24,sweep_all,Paired-Biases,CNN,synthetic,N,1600,current_mixture,0.1,10,1e-12,width,0.0,5,margin_hat_min,0.12886275351047516,,32.406
pb_cnn_24,sweep_all,Paired-Biases,CNN,synthetic,N,1600,current_mixture,0.1,10,1e-12,width,0.0,5,d_eff,28.567098237918767,,32.406
pb_cnn_24,sweep_all,Paired-Biases,CNN,synthetic,N,1600,current_mixture,0.1,10,1e-12,width,0.0,5,g_ibp,6.520902172782752,,0.003
pb_cnn_24,sweep_all,Paired-Biases,CNN,synthetic,N,1600,current_mixture,0.1,10,1e-12,width,0.0,5,a_tau,7.351799869057777,,1.504
pb_cnn_24,sweep_all,Paired-Biases,CNN,synthetic,N,1600,current_mixture,0.1,10,1e-12,width,0.0,6,margin_hat_min,0.12887808680534363,,35.824
pb_cnn_24,sweep_all,Paired-Biases,CNN,synthetic,N,1600,current_mixture,0.1,10,1e-12,width,0.0,6,d_eff,28.555047970892446,,35.824
pb_cnn_24,sweep_all,Paired-Biases,CNN,synthetic,N,1600,current_mixture,0.1,10,1e-12,width,0.0,6,g_ibp,6.520245322397609,,0.003
pb_cnn_24,sweep_all,Paired-Biases,CNN,synthetic,N,1600,current_mixture,0.1,10,1e-12,width,0.0,6,a_tau,7.356279876550748,,1.025
pb_cnn_24,sweep_all,Paired-Biases,CNN,synthetic,N,1600,current_mixture,0.1,10,1e-12,width,0.0,7,margin_hat_min,0.1288045346736908,,35.381
pb_cnn_24,sweep_all,Paired-Biases,CNN,synthetic,N,1600,current_mixture,0.1,10,1e-12,width,0.0,7,d_eff,28.544323724426675,,35.381
pb_cnn_24,sweep_all,Paired-Biases,CNN,synthetic,N,1600,current_mixture,0.1,10,1e-12,width,0.0,7,g_ibp,6.5233975857223,,0.012
pb_cnn_24,sweep_all,Paired-Biases,CNN,synthetic,N,1600,current_mixture,0.1,10,1e-12,width,0.0,7,a_tau,7.3343293503005365,,1.394
pb_cnn_22,sweep_all,Paired-Biases,CNN,synthetic,N,50,current_mixture,0.1,10,1e-12,width,0.0,0,margin_hat_min,0.1066102385520935,,5.361
pb_cnn_22,sweep_all,Paired-Biases,CNN,synthetic,N,50,current_mixture,0.1,10,1e-12,width,0.0,0,d_eff,28.54018805153194,,5.361
pb_cnn_22,sweep_all,Paired-Biases,CNN,synthetic,N,50,current_mixture,0.1,10,1e-12,width,0.0,0,g_ibp,8.048048694367106,,0.051
pb_cnn_22,sweep_all,Paired-Biases,CNN,synthetic,N,50,current_mixture,0.1,10,1e-12,width,0.0,0,a_tau,3.8918202981106265,,0.251
pb_cnn_22,sweep_all,Paired-Biases,CNN,synthetic,N,50,current_mixture,0.1,10,1e-12,width,0.0,1,margin_hat_min,0.10639183968305588,,5.012
pb_cnn_22,sweep_all,Paired-Biases,CNN,synthetic,N,50,current_mixture,0.1,10,1e-12,width,0.0,1,d_eff,28.295840596486478,,5.012
pb_cnn_22,sweep_all,Paired-Biases,CNN,synthetic,N,50,current_mixture,0.1,10,1e-12,width,0.0,1,g_ibp,8.06251677639617,,0.002
pb_cnn_22,sweep_all,Paired-Biases,CNN,synthetic,N,50,current_mixture,0.1,10,1e-12,width,0.0,1,a_tau,3.912023005428146,,0.283
pb_cnn_22,sweep_all,Paired-Biases,CNN,synthetic,N,50,current_mixture,0.1,10,1e-12,width,0.0,2,margin_hat_min,0.10627313703298569,,7.34
pb_cnn_22,sweep_all,Paired-Biases,CNN,synthetic,N,50,current_mixture,0.1,10,1e-12,width,0.0,2,d_eff,28.055061900188896,,7.34
pb_cnn_22,sweep_all,Paired-Biases,CNN,synthetic,N,50,current_mixture,0.1,10,1e-12,width,0.0,2,g_ibp,8.070405312303935,,0.002
pb_cnn_22,sweep_all,Paired-Biases,CNN,synthetic,N,50,current_mixture,0.1,10,1e-12,width,0.0,2,a_tau,3.912023005428146,,0.315
pb_cnn_22,sweep_all,Paired-Biases,CNN,synthetic,N,50,current_mixture,0.1,10,1e-12,width,0.0,3,margin_hat_min,0.10617180168628693,,2.574
pb_cnn_22,sweep_all,Paired-Biases,CNN,synthetic,N,50,current_mixture,0.1,10,1e-12,width,0.0,3,d_eff,28.976149371162688,,2.574
pb_cnn_22,sweep_all,Paired-Biases,CNN,synthetic,N,50,current_mixture,0.1,10,1e-12,width,0.0,3,g_ibp,8.077153638716755,,0.004
pb_cnn_22,sweep_all,Paired-Biases,CNN,synthetic,N,50,current_mixture,0.1,10,1e-12,width,0.0,3,a_tau,3.912023005428146,,0.075
pb_cnn_22,sweep_all,Paired-Biases,CNN,synthetic,N,50,current_mixture,0.1,10,1e-12,width,0.0,4,margin_hat_min,0.10634719580411911,,6.596
pb_cnn_22,sweep_all,Paired-Biases,CNN,synthetic,N,50,current_mixture,0.1,10,1e-12,width,0.0,4,d_eff,28.625845700516724,,6.596
pb_cnn_22,sweep_all,Paired-Biases,CNN,synthetic,N,50,current_mixture,0.1,10,1e-12,width,0.0,4,g_ibp,8.065481576187713,,0.002
pb_cnn_22,sweep_all,Paired-Biases,CNN,synthetic,N,50,current_mixture,0.1,10,1e-12,width,0.0,4,a_tau,3.912023005428146,,0.274
pb_cnn_22,sweep_all,Paired-Biases,CNN,synthetic,N,50,current_mixture,0.1,10,1e-12,width,0.0,5,margin_hat_min,0.1063620001077652,,6.689
pb_cnn_22,sweep_all,Paired-Biases,CNN,synthetic,N,50,current_mixture,0.1,10,1e-12,width,0.0,5,d_eff,28.55363343942105,,6.689
pb_cnn_22,sweep_all,Paired-Biases,CNN,synthetic,N,50,current_mixture,0.1,10,1e-12,width,0.0,5,g_ibp,8.064498146630608,,0.002
pb_cnn_22,sweep_all,Paired-Biases,CNN,synthetic,N,50,current_mixture,0.1,10,1e-12,width,0.0,5,a_tau,3.912023005428146,,0.298
pb_cnn_22,sweep_all,Paired-Biases,CNN,synthetic,N,50,current_mixture,0.1,10,1e-12,width,0.0,6,margin_hat_min,0.10565462708473206,,7.027
pb_cnn_22,sweep_all,Paired-Biases,CNN,synthetic,N,50,current_mixture,0.1,10,1e-12,width,0.0,6,d_eff,28.353664950824168,,7.027
pb_cnn_22,sweep_all,Paired-Biases,CNN,synthetic,N,50,current_mixture,0.1,10,1e-12,width,0.0,6,g_ibp,8.111795984387768,,0.002
pb_cnn_22,sweep_all,Paired-Biases,CNN,synthetic,N,50,current_mixture,0.1,10,1e-12,width,0.0,6,a_tau,3.912023005428146,,0.278
pb_cnn_22,sweep_all,Paired-Biases,CNN,synthetic,N,50,current_mixture,0.1,10,1e-12,width,0.0,7,margin_hat_min,0.10650169104337692,,7.05
pb_cnn_22,sweep_all,Paired-Biases,CNN,synthetic,N,50,current_mixture,0.1,10,1e-12,width,0.0,7,d_eff,28.60114502497426,,7.05
pb_cnn_22,sweep_all,Paired-Biases,CNN,synthetic,N,50,current_mixture,0.1,10,1e-12,width,0.0,7,g_ibp,8.055232130795059,,0.002
pb_cnn_22,sweep_all,Paired-Biases,CNN,synthetic,N,50,current_mixture,0.1,10,1e-12,width,0.0,7,a_tau,3.912023005428146,,0.262
pb_cnn_22,sweep_all,Paired-Biases,CNN,synthetic,N,100,current_mixture,0.1,10,1e-12,width,0.0,0,margin_hat_min,0.10612092167139053,,12.735
pb_cnn_22,sweep_all,Paired-Biases,CNN,synthetic,N,100,current_mixture,0.1,10,1e-12,width,0.0,0,d_eff,28.855155165099603,,12.735
pb_cnn_22,sweep_all,Paired-Biases,CNN,synthetic,N,100,current_mixture,0.1,10,1e-12,width,0.0,0,g_ibp,8.080546802636624,,0.002
pb_cnn_22,sweep_all,Paired-Biases,CNN,synthetic,N,100,current_mixture,0.1,10,1e-12,width,0.0,0,a_tau,4.59511985013459,,0.42
pb_cnn_22,sweep_all,Paired-Biases,CNN,synthetic,N,100,current_mixture,0.1,10,1e-12,width,0.0,1,margin_hat_min,0.10612326860427856,,12.997
pb_cnn_22,sweep_all,Paired-Biases,CNN,synthetic,N,100,current_mixture,0.1,10,1e-12,width,0.0,1,d_eff,28.66440465359088,,12.997
pb_cnn_22,sweep_all,Paired-Biases,CNN,synthetic,N,100,current_mixture,0.1,10,1e-12,width,0.0,1,g_ibp,8.080390215222998,,0.043
pb_cnn_22,sweep_all,Paired-Biases,CNN,synthetic,N,100,current_mixture,0.1,10,1e-12,width,0.0,1,a_tau,4.605170185988092,,0.43
pb_cnn_22,sweep_all,Paired-Biases,CNN,synthetic,N,100,current_mixture,0.1,10,1e-12,width,0.0,2,margin_hat_min,0.10590864717960358,,2.525
pb_cnn_22,sweep_all,Paired-Biases,CNN,synthetic,N,100,current_mixture,0.1,10,1e-12,width,0.0,2,d_eff,28.305518709339633,,2.525
pb_cnn_22,sweep_all,Paired-Biases,CNN,synthetic,N,100,current_mixture,0.1,10,1e-12,width,0.0,2,g_ibp,8.094738462280244,,0.003
pb_cnn_22,sweep_all,Paired-Biases,CNN,synthetic,N,100,current_mixture,0.1,10,1e-12,width,0.0,2,a_tau,4.605170185988092,,0.059
pb_cnn_22,sweep_all,Paired-Biases,CNN,synthetic,N,100,current_mixture,0.1,10,1e-12,width,0.0,3,margin_hat_min,0.10580931603908539,,12.15
pb_cnn_22,sweep_all,Paired-Biases,CNN,synthetic,N,100,current_mixture,0.1,10,1e-12,width,0.0,3,d_eff,28.473209816156682,,12.15
pb_cnn_22,sweep_all,Paired-Biases,CNN,synthetic,N,100,current_mixture,0.1,10,1e-12,width,0.0,3,g_ibp,8.10139882537029,,0.038
pb_cnn_22,sweep_all,Paired-Biases,CNN,synthetic,N,100,current_mixture,0.1,10,1e-12,width,0.0,3,a_tau,4.605170185988092,,0.404
pb_cnn_22,sweep_all,Paired-Biases,CNN,synthetic,N,100,current_mixture,0.1,10,1e-12,width,0.0,4,margin_hat_min,0.10619538277387619,,12.473
pb_cnn_22,sweep_all,Paired-Biases,CNN,synthetic,N,100,current_mixture,0.1,10,1e-12,width,0.0,4,d_eff,29.25884887472066,,12.473
pb_cnn_22,sweep_all,Paired-Biases,CNN,synthetic,N,100,current_mixture,0.1,10,1e-12,width,0.0,4,g_ibp,8.075582129904634,,0.003
pb_cnn_22,sweep_all,Paired-Biases,CNN,synthetic,N,100,current_mixture,0.1,10,1e-12,width,0.0,4,a_tau,4.605170185988092,,0.466
pb_cnn_22,sweep_all,Paired-Biases,CNN,synthetic,N,100,current_mixture,0.1,10,1e-12,width,0.0,5,margin_hat_min,0.1062215194106102,,4.245
pb_cnn_22,sweep_all,Paired-Biases,CNN,synthetic,N,100,current_mixture,0.1,10,1e-12,width,0.0,5,d_eff,28.228021106477474,,4.245
pb_cnn_22,sweep_all,Paired-Biases,CNN,synthetic,N,100,current_mixture,0.1,10,1e-12,width,0.0,5,g_ibp,8.073841127508553,,0.002
pb_cnn_22,sweep_all,Paired-Biases,CNN,synthetic,N,100,current_mixture,0.1,10,1e-12,width,0.0,5,a_tau,4.605170185988092,,0.425
pb_cnn_22,sweep_all,Paired-Biases,CNN,synthetic,N,100,current_mixture,0.1,10,1e-12,width,0.0,6,margin_hat_min,0.10593407601118088,,12.068
pb_cnn_22,sweep_all,Paired-Biases,CNN,synthetic,N,100,current_mixture,0.1,10,1e-12,width,0.0,6,d_eff,28.85758159659612,,12.068
pb_cnn_22,sweep_all,Paired-Biases,CNN,synthetic,N,100,current_mixture,0.1,10,1e-12,width,0.0,6,g_ibp,8.093035413400848,,0.039
pb_cnn_22,sweep_all,Paired-Biases,CNN,synthetic,N,100,current_mixture,0.1,10,1e-12,width,0.0,6,a_tau,4.605170185988092,,0.425
pb_cnn_22,sweep_all,Paired-Biases,CNN,synthetic,N,100,current_mixture,0.1,10,1e-12,width,0.0,7,margin_hat_min,0.10623396188020706,,2.639
pb_cnn_22,sweep_all,Paired-Biases,CNN,synthetic,N,100,current_mixture,0.1,10,1e-12,width,0.0,7,d_eff,28.43110042240547,,2.639
pb_cnn_22,sweep_all,Paired-Biases,CNN,synthetic,N,100,current_mixture,0.1,10,1e-12,width,0.0,7,g_ibp,8.073012616064535,,0.002
pb_cnn_22,sweep_all,Paired-Biases,CNN,synthetic,N,100,current_mixture,0.1,10,1e-12,width,0.0,7,a_tau,4.605170185988092,,0.037
pb_cnn_22,sweep_all,Paired-Biases,CNN,synthetic,N,200,current_mixture,0.1,10,1e-12,width,0.0,0,margin_hat_min,0.10578851401805878,,21.573
pb_cnn_22,sweep_all,Paired-Biases,CNN,synthetic,N,200,current_mixture,0.1,10,1e-12,width,0.0,0,d_eff,28.58360275226737,,21.573
pb_cnn_22,sweep_all,Paired-Biases,CNN,synthetic,N,200,current_mixture,0.1,10,1e-12,width,0.0,0,g_ibp,8.102795228836712,,0.039
pb_cnn_22,sweep_all,Paired-Biases,CNN,synthetic,N,200,current_mixture,0.1,10,1e-12,width,0.0,0,a_tau,5.293304824724492,,0.743
pb_cnn_22,sweep_all,Paired-Biases,CNN,synthetic,N,200,current_mixture,0.1,10,1e-12,width,0.0,1,margin_hat_min,0.10579808056354523,,21.342
pb_cnn_22,sweep_all,Paired-Biases,CNN,synthetic,N,200,current_mixture,0.1,10,1e-12,width,0.0,1,d_eff,28.42354653803876,,21.342
pb_cnn_22,sweep_all,Paired-Biases,CNN,synthetic,N,200,current_mixture,0.1,10,1e-12,width,0.0,1,g_ibp,8.10215297509,,0.003
pb_cnn_22,sweep_all,Paired-Biases,CNN,synthetic,N,200,current_mixture,0.1,10,1e-12,width,0.0,1,a_tau,5.293304824724492,,0.721
pb_cnn_22,sweep_all,Paired-Biases,CNN,synthetic,N,200,current_mixture,0.1,10,1e-12,width,0.0,2,margin_hat_min,0.10559041053056717,,12.583
pb_cnn_22,sweep_all,Paired-Biases,CNN,synthetic,N,200,current_mixture,0.1,10,1e-12,width,0.0,2,d_eff,28.58816903352145,,12.583
pb_cnn_22,sweep_all,Paired-Biases,CNN,synthetic,N,200,current_mixture,0.1,10,1e-12,width,0.0,2,g_ibp,8.11612114071344,,0.027
pb_cnn_22,sweep_all,Paired-Biases,CNN,synthetic,N,200,current_mixture,0.1,10,1e-12,width,0.0,2,a_tau,5.288267030694535,,0.326
pb_cnn_22,sweep_all,Paired-Biases,CNN,synthetic,N,200,current_mixture,0.1,10,1e-12,width,0.0,3,margin_hat_min,0.10562499612569809,,5.378
pb_cnn_22,sweep_all,Paired-Biases,CNN,synthetic,N,200,current_mixture,0.1,10,1e-12,width,0.0,3,d_eff,28.042621384870248,,5.378
pb_cnn_22,sweep_all,Paired-Biases,CNN,synthetic,N,200,current_mixture,0.1,10,1e-12,width,0.0,3,g_ibp,8.113791055092609,,0.018
pb_cnn_22,sweep_all,Paired-Biases,CNN,synthetic,N,200,current_mixture,0.1,10,1e-12,width,0.0,3,a_tau,5.293304824724492,,0.243
pb_cnn_22,sweep_all,Paired-Biases,CNN,synthetic,N,200,current_mixture,0.1,10,1e-12,width,0.0,4,margin_hat_min,0.10544765740633011,,20.23
pb_cnn_22,sweep_all,Paired-Biases,CNN,synthetic,N,200,current_mixture,0.1,10,1e-12,width,0.0,4,d_eff,28.538514448272373,,20.23
pb_cnn_22,sweep_all,Paired-Biases,CNN,synthetic,N,200,current_mixture,0.1,10,1e-12,width,0.0,4,g_ibp,8.125754816323344,,0.003
pb_cnn_22,sweep_all,Paired-Biases,CNN,synthetic,N,200,current_mixture,0.1,10,1e-12,width,0.0,4,a_tau,5.293304824724492,,0.673
pb_cnn_22,sweep_all,Paired-Biases,CNN,synthetic,N,200,current_mixture,0.1,10,1e-12,width,0.0,5,margin_hat_min,0.105661541223526,,20.177
pb_cnn_22,sweep_all,Paired-Biases,CNN,synthetic,N,200,current_mixture,0.1,10,1e-12,width,0.0,5,d_eff,28.399794056895207,,20.177
pb_cnn_22,sweep_all,Paired-Biases,CNN,synthetic,N,200,current_mixture,0.1,10,1e-12,width,0.0,5,g_ibp,8.111330612181945,,0.01
pb_cnn_22,sweep_all,Paired-Biases,CNN,synthetic,N,200,current_mixture,0.1,10,1e-12,width,0.0,5,a_tau,5.298317366548036,,0.166
pb_cnn_22,sweep_all,Paired-Biases,CNN,synthetic,N,200,current_mixture,0.1,10,1e-12,width,0.0,6,margin_hat_min,0.10563430935144424,,11.476
pb_cnn_22,sweep_all,Paired-Biases,CNN,synthetic,N,200,current_mixture,0.1,10,1e-12,width,0.0,6,d_eff,28.64940353745577,,11.476
pb_cnn_22,sweep_all,Paired-Biases,CNN,synthetic,N,200,current_mixture,0.1,10,1e-12,width,0.0,6,g_ibp,8.113163869262426,,0.002
pb_cnn_22,sweep_all,Paired-Biases,CNN,synthetic,N,200,current_mixture,0.1,10,1e-12,width,0.0,6,a_tau,5.298317366548036,,0.801
pb_cnn_22,sweep_all,Paired-Biases,CNN,synthetic,N,200,current_mixture,0.1,10,1e-12,width,0.0,7,margin_hat_min,0.10572408139705658,,19.718
pb_cnn_22,sweep_all,Paired-Biases,CNN,synthetic,N,200,current_mixture,0.1,10,1e-12,width,0.0,7,d_eff,28.71735428882233,,19.718
pb_cnn_22,sweep_all,Paired-Biases,CNN,synthetic,N,200,current_mixture,0.1,10,1e-12,width,0.0,7,g_ibp,8.107123965553873,,0.043
pb_cnn_22,sweep_all,Paired-Biases,CNN,synthetic,N,200,current_mixture,0.1,10,1e-12,width,0.0,7,a_tau,5.298317366548036,,0.672
pb_cnn_22,sweep_all,Paired-Biases,CNN,synthetic,N,400,current_mixture,0.1,10,1e-12,width,0.0,0,margin_hat_min,0.10538742691278458,,31.377
pb_cnn_22,sweep_all,Paired-Biases,CNN,synthetic,N,400,current_mixture,0.1,10,1e-12,width,0.0,0,d_eff,28.831668535651325,,31.377
pb_cnn_22,sweep_all,Paired-Biases,CNN,synthetic,N,400,current_mixture,0.1,10,1e-12,width,0.0,0,g_ibp,8.129827291969065,,0.039
pb_cnn_22,sweep_all,Paired-Biases,CNN,synthetic,N,400,current_mixture,0.1,10,1e-12,width,0.0,0,a_tau,5.983936280687191,,1.18
pb_cnn_22,sweep_all,Paired-Biases,CNN,synthetic,N,400,current_mixture,0.1,10,1e-12,width,0.0,1,margin_hat_min,0.10542263835668564,,8.79
pb_cnn_22,sweep_all,Paired-Biases,CNN,synthetic,N,400,current_mixture,0.1,10,1e-12,width,0.0,1,d_eff,28.43181866953738,,8.79
pb_cnn_22,sweep_all,Paired-Biases,CNN,synthetic,N,400,current_mixture,0.1,10,1e-12,width,0.0,1,g_ibp,8.127445910534997,,0.004
pb_cnn_22,sweep_all,Paired-Biases,CNN,synthetic,N,400,current_mixture,0.1,10,1e-12,width,0.0,1,a_tau,5.983936280687191,,0.315
pb_cnn_22,sweep_all,Paired-Biases,CNN,synthetic,N,400,current_mixture,0.1,10,1e-12,width,0.0,2,margin_hat_min,0.10560331493616104,,30.133
pb_cnn_22,sweep_all,Paired-Biases,CNN,synthetic,N,400,current_mixture,0.1,10,1e-12,width,0.0,2,d_eff,28.430206061400053,,30.133
pb_cnn_22,sweep_all,Paired-Biases,CNN,synthetic,N,400,current_mixture,0.1,10,1e-12,width,0.0,2,g_ibp,8.115251572239103,,0.035
pb_cnn_22,sweep_all,Paired-Biases,CNN,synthetic,N,400,current_mixture,0.1,10,1e-12,width,0.0,2,a_tau,5.983936280687191,,1.075
pb_cnn_22,sweep_all,Paired-Biases,CNN,synthetic,N,400,current_mixture,0.1,10,1e-12,width,0.0,3,margin_hat_min,0.105524942278862,,29.605
pb_cnn_22,sweep_all,Paired-Biases,CNN,synthetic,N,400,current_mixture,0.1,10,1e-12,width,0.0,3,d_eff,28.415072904747312,,29.605
pb_cnn_22,sweep_all,Paired-Biases,CNN,synthetic,N,400,current_mixture,0.1,10,1e-12,width,0.0,3,g_ibp,8.120536021214102,,0.039
pb_cnn_22,sweep_all,Paired-Biases,CNN,synthetic,N,400,current_mixture,0.1,10,1e-12,width,0.0,3,a_tau,5.983936280687191,,1.13
pb_cnn_22,sweep_all,Paired-Biases,CNN,synthetic,N,400,current_mixture,0.1,10,1e-12,width,0.0,4,margin_hat_min,0.10555996745824814,,21.892
pb_cnn_22,sweep_all,Paired-Biases,CNN,synthetic,N,400,current_mixture,0.1,10,1e-12,width,0.0,4,d_eff,28.567982934288302,,21.892
pb_cnn_22,sweep_all,Paired-Biases,CNN,synthetic,N,400,current_mixture,0.1,10,1e-12,width,0.0,4,g_ibp,8.11817340158214,,0.043
pb_cnn_22,sweep_all,Paired-Biases,CNN,synthetic,N,400,current_mixture,0.1,10,1e-12,width,0.0,4,a_tau,5.978885764901122,,1.317
pb_cnn_22,sweep_all,Paired-Biases,CNN,synthetic,N,400,current_mixture,0.1,10,1e-12,width,0.0,5,margin_hat_min,0.10553224384784698,,21.086
pb_cnn_22,sweep_all,Paired-Biases,CNN,synthetic,N,400,current_mixture,0.1,10,1e-12,width,0.0,5,d_eff,28.416601133585452,,21.086
pb_cnn_22,sweep_all,Paired-Biases,CNN,synthetic,N,400,current_mixture,0.1,10,1e-12,width,0.0,5,g_ibp,8.120043365291393,,0.043
pb_cnn_22,sweep_all,Paired-Biases,CNN,synthetic,N,400,current_mixture,0.1,10,1e-12,width,0.0,5,a_tau,5.988961416889864,,1.295
pb_cnn_22,sweep_all,Paired-Biases,CNN,synthetic,N,400,current_mixture,0.1,10,1e-12,width,0.0,6,margin_hat_min,0.1055179163813591,,20.235
pb_cnn_22,sweep_all,Paired-Biases,CNN,synthetic,N,400,current_mixture,0.1,10,1e-12,width,0.0,6,d_eff,28.613770560722465,,20.235
pb_cnn_22,sweep_all,Paired-Biases,CNN,synthetic,N,400,current_mixture,0.1,10,1e-12,width,0.0,6,g_ibp,8.12101014123055,,0.01
pb_cnn_22,sweep_all,Paired-Biases,CNN,synthetic,N,400,current_mixture,0.1,10,1e-12,width,0.0,6,a_tau,5.973809611869261,,0.285
pb_cnn_22,sweep_all,Paired-Biases,CNN,synthetic,N,400,current_mixture,0.1,10,1e-12,width,0.0,7,margin_hat_min,0.10561442375183105,,30.608
pb_cnn_22,sweep_all,Paired-Biases,CNN,synthetic,N,400,current_mixture,0.1,10,1e-12,width,0.0,7,d_eff,28.825842468303495,,30.608
pb_cnn_22,sweep_all,Paired-Biases,CNN,synthetic,N,400,current_mixture,0.1,10,1e-12,width,0.0,7,g_ibp,8.11450317050236,,0.002
pb_cnn_22,sweep_all,Paired-Biases,CNN,synthetic,N,400,current_mixture,0.1,10,1e-12,width,0.0,7,a_tau,5.988961416889864,,0.314
pb_cnn_22,sweep_all,Paired-Biases,CNN,synthetic,N,800,current_mixture,0.1,10,1e-12,width,0.0,0,margin_hat_min,0.10537360608577728,,31.732
pb_cnn_22,sweep_all,Paired-Biases,CNN,synthetic,N,800,current_mixture,0.1,10,1e-12,width,0.0,0,d_eff,28.434076599703467,,31.732
pb_cnn_22,sweep_all,Paired-Biases,CNN,synthetic,N,800,current_mixture,0.1,10,1e-12,width,0.0,0,g_ibp,8.130762441796936,,0.003
pb_cnn_22,sweep_all,Paired-Biases,CNN,synthetic,N,800,current_mixture,0.1,10,1e-12,width,0.0,0,a_tau,6.669498089857879,,2.017
pb_cnn_22,sweep_all,Paired-Biases,CNN,synthetic,N,800,current_mixture,0.1,10,1e-12,width,0.0,1,margin_hat_min,0.10545805841684341,,13.56
pb_cnn_22,sweep_all,Paired-Biases,CNN,synthetic,N,800,current_mixture,0.1,10,1e-12,width,0.0,1,d_eff,28.52900682444106,,13.56
pb_cnn_22,sweep_all,Paired-Biases,CNN,synthetic,N,800,current_mixture,0.1,10,1e-12,width,0.0,1,g_ibp,8.125052024598634,,0.003
pb_cnn_22,sweep_all,Paired-Biases,CNN,synthetic,N,800,current_mixture,0.1,10,1e-12,width,0.0,1,a_tau,6.663132695990803,,0.722
pb_cnn_22,sweep_all,Paired-Biases,CNN,synthetic,N,800,current_mixture,0.1,10,1e-12,width,0.0,2,margin_hat_min,0.1055101826786995,,19.887
pb_cnn_22,sweep_all,Paired-Biases,CNN,synthetic,N,800,current_mixture,0.1,10,1e-12,width,0.0,2,d_eff,28.667253368375455,,19.887
pb_cnn_22,sweep_all,Paired-Biases,CNN,synthetic,N,800,current_mixture,0.1,10,1e-12,width,0.0,2,g_ibp,8.121532098198774,,0.02
pb_cnn_22,sweep_all,Paired-Biases,CNN,synthetic,N,800,current_mixture,0.1,10,1e-12,width,0.0,2,a_tau,6.668228248417403,,0.888
pb_cnn_22,sweep_all,Paired-Biases,CNN,synthetic,N,800,current_mixture,0.1,10,1e-12,width,0.0,3,margin_hat_min,0.10562843829393387,,30.236
pb_cnn_22,sweep_all,Paired-Biases,CNN,synthetic,N,800,current_mixture,0.1,10,1e-12,width,0.0,3,d_eff,28.528244564881614,,30.236
pb_cnn_22,sweep_all,Paired-Biases,CNN,synthetic,N,800,current_mixture,0.1,10,1e-12,width,0.0,3,g_ibp,8.113559234325388,,0.039
pb_cnn_22,sweep_all,Paired-Biases,CNN,synthetic,N,800,current_mixture,0.1,10,1e-12,width,0.0,3,a_tau,6.669498089857879,,1.749
pb_cnn_22,sweep_all,Paired-Biases,CNN,synthetic,N,800,current_mixture,0.1,10,1e-12,width,0.0,4,margin_hat_min,0.1056411862373352,,16.336
pb_cnn_22,sweep_all,Paired-Biases,CNN,synthetic,N,800,current_mixture,0.1,10,1e-12,width,0.0,4,d_eff,28.608446451469604,,16.336
pb_cnn_22,sweep_all,Paired-Biases,CNN,synthetic,N,800,current_mixture,0.1,10,1e-12,width,0.0,4,g_ibp,8.112700826220271,,0.024
pb_cnn_22,sweep_all,Paired-Biases,CNN,synthetic,N,800,current_mixture,0.1,10,1e-12,width,0.0,4,a_tau,6.650279048587422,,0.878
pb_cnn_22,sweep_all,Paired-Biases,CNN,synthetic,N,800,current_mixture,0.1,10,1e-12,width,0.0,5,margin_hat_min,0.10553672164678574,,18.659
pb_cnn_22,sweep_all,Paired-Biases,CNN,synthetic,N,800,current_mixture,0.1,10,1e-12,width,0.0,5,d_eff,28.56243262106019,,18.659
pb_cnn_22,sweep_all,Paired-Biases,CNN,synthetic,N,800,current_mixture,0.1,10,1e-12,width,0.0,5,g_ibp,8.11974127022792,,0.004
pb_cnn_22,sweep_all,Paired-Biases,CNN,synthetic,N,800,current_mixture,0.1,10,1e-12,width,0.0,5,a_tau,6.661854740545311,,0.659
pb_cnn_22,sweep_all,Paired-Biases,CNN,synthetic,N,800,current_mixture,0.1,10,1e-12,width,0.0,6,margin_hat_min,0.10535683482885361,,30.798
pb_cnn_22,sweep_all,Paired-Biases,CNN,synthetic,N,800,current_mixture,0.1,10,1e-12,width,0.0,6,d_eff,28.606326328124425,,30.798
pb_cnn_22,sweep_all,Paired-Biases,CNN,synthetic,N,800,current_mixture,0.1,10,1e-12,width,0.0,6,g_ibp,8.131897554190603,,0.003
pb_cnn_22,sweep_all,Paired-Biases,CNN,synthetic,N,800,current_mixture,0.1,10,1e-12,width,0.0,6,a_tau,6.659293919683638,,1.947
pb_cnn_22,sweep_all,Paired-Biases,CNN,synthetic,N,800,current_mixture,0.1,10,1e-12,width,0.0,7,margin_hat_min,0.10547631978988647,,27.452
pb_cnn_22,sweep_all,Paired-Biases,CNN,synthetic,N,800,current_mixture,0.1,10,1e-12,width,0.0,7,d_eff,28.771040568709598,,27.452
pb_cnn_22,sweep_all,Paired-Biases,CNN,synthetic,N,800,current_mixture,0.1,10,1e-12,width,0.0,7,g_ibp,8.123818446927075,,0.02
pb_cnn_22,sweep_all,Paired-Biases,CNN,synthetic,N,800,current_mixture,0.1,10,1e-12,width,0.0,7,a_tau,6.666956792429207,,0.612
pb_cnn_22,sweep_all,Paired-Biases,CNN,synthetic,N,1600,current_mixture,0.1,10,1e-12,width,0.0,0,margin_hat_min,0.10550596565008163,,47.85
pb_cnn_22,sweep_all,Paired-Biases,CNN,synthetic,N,1600,current_mixture,0.1,10,1e-12,width,0.0,0,d_eff,28.6159395891798,,47.85
pb_cnn_22,sweep_all,Paired-Biases,CNN,synthetic,N,1600,current_mixture,0.1,10,1e-12,width,0.0,0,g_ibp,8.121816742810818,,0.043
pb_cnn_22,sweep_all,Paired-Biases,CNN,synthetic,N,1600,current_mixture,0.1,10,1e-12,width,0.0,0,a_tau,7.3427791893318455,,3.836
pb_cnn_22,sweep_all,Paired-Biases,CNN,synthetic,N,1600,current_mixture,0.1,10,1e-12,width,0.0,1,margin_hat_min,0.10545869171619415,,48.186
pb_cnn_22,sweep_all,Paired-Biases,CNN,synthetic,N,1600,current_mixture,0.1,10,1e-12,width,0.0,1,d_eff,28.578058414277113,,48.186
pb_cnn_22,sweep_all,Paired-Biases,CNN,synthetic,N,1600,current_mixture,0.1,10,1e-12,width,0.0,1,g_ibp,8.125009237316263,,0.003
pb_cnn_22,sweep_all,Paired-Biases,CNN,synthetic,N,1600,current_mixture,0.1,10,1e-12,width,0.0,1,a_tau,7.333676395657684,,3.713
pb_cnn_22,sweep_all,Paired-Biases,CNN,synthetic,N,1600,current_mixture,0.1,10,1e-12,width,0.0,2,margin_hat_min,0.10544587671756744,,46.021
pb_cnn_22,sweep_all,Paired-Biases,CNN,synthetic,N,1600,current_mixture,0.1,10,1e-12,width,0.0,2,d_eff,28.654749674429333,,46.021
pb_cnn_22,sweep_all,Paired-Biases,CNN,synthetic,N,1600,current_mixture,0.1,10,1e-12,width,0.0,2,g_ibp,8.125875150583171,,0.003
pb_cnn_22,sweep_all,Paired-Biases,CNN,synthetic,N,1600,current_mixture,0.1,10,1e-12,width,0.0,2,a_tau,7.355641102974253,,4.063
pb_cnn_22,sweep_all,Paired-Biases,CNN,synthetic,N,1600,current_mixture,0.1,10,1e-12,width,0.0,3,margin_hat_min,0.10533291101455688,,46.43
pb_cnn_22,sweep_all,Paired-Biases,CNN,synthetic,N,1600,current_mixture,0.1,10,1e-12,width,0.0,3,d_eff,28.71932606986479,,46.43
pb_cnn_22,sweep_all,Paired-Biases,CNN,synthetic,N,1600,current_mixture,0.1,10,1e-12,width,0.0,3,g_ibp,8.133517391628159,,0.039
pb_cnn_22,sweep_all,Paired-Biases,CNN,synthetic,N,1600,current_mixture,0.1,10,1e-12,width,0.0,3,a_tau,7.344072850573066,,3.719
pb_cnn_22,sweep_all,Paired-Biases,CNN,synthetic,N,1600,current_mixture,0.1,10,1e-12,width,0.0,4,margin_hat_min,0.10537930577993393,,47.221
pb_cnn_22,sweep_all,Paired-Biases,CNN,synthetic,N,1600,current_mixture,0.1,10,1e-12,width,0.0,4,d_eff,28.622162321497814,,47.221
pb_cnn_22,sweep_all,Paired-Biases,CNN,synthetic,N,1600,current_mixture,0.1,10,1e-12,width,0.0,4,g_ibp,8.130376757295403,,0.003
pb_cnn_22,sweep_all,Paired-Biases,CNN,synthetic,N,1600,current_mixture,0.1,10,1e-12,width,0.0,4,a_tau,7.337587743538596,,2.979
pb_cnn_22,sweep_all,Paired-Biases,CNN,synthetic,N,1600,current_mixture,0.1,10,1e-12,width,0.0,5,margin_hat_min,0.10545980930328369,,27.109
pb_cnn_22,sweep_all,Paired-Biases,CNN,synthetic,N,1600,current_mixture,0.1,10,1e-12,width,0.0,5,d_eff,28.60993456854415,,27.109
pb_cnn_22,sweep_all,Paired-Biases,CNN,synthetic,N,1600,current_mixture,0.1,10,1e-12,width,0.0,5,g_ibp,8.124933731600967,,0.004
pb_cnn_22,sweep_all,Paired-Biases,CNN,synthetic,N,1600,current_mixture,0.1,10,1e-12,width,0.0,5,a_tau,7.334981878871814,,1.02
pb_cnn_22,sweep_all,Paired-Biases,CNN,synthetic,N,1600,current_mixture,0.1,10,1e-12,width,0.0,6,margin_hat_min,0.10538727790117264,,23.388
pb_cnn_22,sweep_all,Paired-Biases,CNN,synthetic,N,1600,current_mixture,0.1,10,1e-12,width,0.0,6,d_eff,28.708984491896796,,23.388
pb_cnn_22,sweep_all,Paired-Biases,CNN,synthetic,N,1600,current_mixture,0.1,10,1e-12,width,0.0,6,g_ibp,8.129837373139,,0.043
pb_cnn_22,sweep_all,Paired-Biases,CNN,synthetic,N,1600,current_mixture,0.1,10,1e-12,width,0.0,6,a_tau,7.340835554123275,,3.406
pb_cnn_22,sweep_all,Paired-Biases,CNN,synthetic,N,1600,current_mixture,0.1,10,1e-12,width,0.0,7,margin_hat_min,0.10550421476364136,,26.897
pb_cnn_22,sweep_all,Paired-Biases,CNN,synthetic,N,1600,current_mixture,0.1,10,1e-12,width,0.0,7,d_eff,28.77111271746551,,26.897
pb_cnn_22,sweep_all,Paired-Biases,CNN,synthetic,N,1600,current_mixture,0.1,10,1e-12,width,0.0,7,g_ibp,8.12193493232953,,0.039
pb_cnn_22,sweep_all,Paired-Biases,CNN,synthetic,N,1600,current_mixture,0.1,10,1e-12,width,0.0,7,a_tau,7.346655163176539,,3.48
pb_cnn_33,sweep_all,Paired-Biases,CNN,synthetic,N,50,current_mixture,0.1,10,1e-12,width,0.0,0,margin_hat_min,0.12384891510009766,,4.71
pb_cnn_33,sweep_all,Paired-Biases,CNN,synthetic,N,50,current_mixture,0.1,10,1e-12,width,0.0,0,d_eff,27.496660601132515,,4.71
pb_cnn_33,sweep_all,Paired-Biases,CNN,synthetic,N,50,current_mixture,0.1,10,1e-12,width,0.0,0,g_ibp,9.177039617990815,,0.038
pb_cnn_33,sweep_all,Paired-Biases,CNN,synthetic,N,50,current_mixture,0.1,10,1e-12,width,0.0,0,a_tau,3.912023005428146,,0.341
pb_cnn_33,sweep_all,Paired-Biases,CNN,synthetic,N,50,current_mixture,0.1,10,1e-12,width,0.0,1,margin_hat_min,0.12373636662960052,,7.879
pb_cnn_33,sweep_all,Paired-Biases,CNN,synthetic,N,50,current_mixture,0.1,10,1e-12,width,0.0,1,d_eff,28.193985559105364,,7.879
pb_cnn_33,sweep_all,Paired-Biases,CNN,synthetic,N,50,current_mixture,0.1,10,1e-12,width,0.0,1,g_ibp,9.184477312560809,,0.038
pb_cnn_33,sweep_all,Paired-Biases,CNN,synthetic,N,50,current_mixture,0.1,10,1e-12,width,0.0,1,a_tau,3.912023005428146,,0.329
pb_cnn_33,sweep_all,Paired-Biases,CNN,synthetic,N,50,current_mixture,0.1,10,1e-12,width,0.0,2,margin_hat_min,0.12384887039661407,,4.276
pb_cnn_33,sweep_all,Paired-Biases,CNN,synthetic,N,50,current_mixture,0.1,10,1e-12,width,0.0,2,d_eff,27.550633257575758,,4.276
pb_cnn_33,sweep_all,Paired-Biases,CNN,synthetic,N,50,current_mixture,0.1,10,1e-12,width,0.0,2,g_ibp,9.177042569508702,,0.003
pb_cnn_33,sweep_all,Paired-Biases,CNN,synthetic,N,50,current_mixture,0.1,10,1e-12,width,0.0,2,a_tau,3.8918202981106265,,0.042
pb_cnn_33,sweep_all,Paired-Biases,CNN,synthetic,N,50,current_mixture,0.1,10,1e-12,width,0.0,3,margin_hat_min,0.12377059459686279,,3.484
pb_cnn_33,sweep_all,Paired-Biases,CNN,synthetic,N,50,current_mixture,0.1,10,1e-12,width,0.0,3,d_eff,28.194510255210307,,3.484
pb_cnn_33,sweep_all,Paired-Biases,CNN,synthetic,N,50,current_mixture,0.1,10,1e-12,width,0.0,3,g_ibp,9.18221394764426,,0.003
pb_cnn_33,sweep_all,Paired-Biases,CNN,synthetic,N,50,current_mixture,0.1,10,1e-12,width,0.0,3,a_tau,3.912023005428146,,0.093
pb_cnn_33,sweep_all,Paired-Biases,CNN,synthetic,N,50,current_mixture,0.1,10,1e-12,width,0.0,4,margin_hat_min,0.12381109595298767,,8.09
pb_cnn_33,sweep_all,Paired-Biases,CNN,synthetic,N,50,current_mixture,0.1,10,1e-12,width,0.0,4,d_eff,28.131268854678105,,8.09
pb_cnn_33,sweep_all,Paired-Biases,CNN,synthetic,N,50,current_mixture,0.1,10,1e-12,width,0.0,4,g_ibp,9.179537363946896,,0.002
pb_cnn_33,sweep_all,Paired-Biases,CNN,synthetic,N,50,current_mixture,0.1,10,1e-12,width,0.0,4,a_tau,3.912023005428146,,0.47
pb_cnn_33,sweep_all,Paired-Biases,CNN,synthetic,N,50,current_mixture,0.1,10,1e-12,width,0.0,5,margin_hat_min,0.12380022555589676,,8.054
pb_cnn_33,sweep_all,Paired-Biases,CNN,synthetic,N,50,current_mixture,0.1,10,1e-12,width,0.0,5,d_eff,27.613340831806962,,8.054
pb_cnn_33,sweep_all,Paired-Biases,CNN,synthetic,N,50,current_mixture,0.1,10,1e-12,width,0.0,5,g_ibp,9.18025557604034,,0.002
pb_cnn_33,sweep_all,Paired-Biases,CNN,synthetic,N,50,current_mixture,0.1,10,1e-12,width,0.0,5,a_tau,3.912023005428146,,0.343
pb_cnn_33,sweep_all,Paired-Biases,CNN,synthetic,N,50,current_mixture,0.1,10,1e-12,width,0.0,6,margin_hat_min,0.1236543133854866,,8.473
pb_cnn_33,sweep_all,Paired-Biases,CNN,synthetic,N,50,current_mixture,0.1,10,1e-12,width,0.0,6,d_eff,27.746127159960217,,8.473
pb_cnn_33,sweep_all,Paired-Biases,CNN,synthetic,N,50,current_mixture,0.1,10,1e-12,width,0.0,6,g_ibp,9.18990828295303,,0.002
pb_cnn_33,sweep_all,Paired-Biases,CNN,synthetic,N,50,current_mixture,0.1,10,1e-12,width,0.0,6,a_tau,3.912023005428146,,0.333
pb_cnn_33,sweep_all,Paired-Biases,CNN,synthetic,N,50,current_mixture,0.1,10,1e-12,width,0.0,7,margin_hat_min,0.1237412616610527,,3.499
pb_cnn_33,sweep_all,Paired-Biases,CNN,synthetic,N,50,current_mixture,0.1,10,1e-12,width,0.0,7,d_eff,28.2418430918367,,3.499
pb_cnn_33,sweep_all,Paired-Biases,CNN,synthetic,N,50,current_mixture,0.1,10,1e-12,width,0.0,7,g_ibp,9.18415354607155,,0.039
pb_cnn_33,sweep_all,Paired-Biases,CNN,synthetic,N,50,current_mixture,0.1,10,1e-12,width,0.0,7,a_tau,3.912023005428146,,0.326
pb_cnn_33,sweep_all,Paired-Biases,CNN,synthetic,N,100,current_mixture,0.1,10,1e-12,width,0.0,0,margin_hat_min,0.12364298105239868,,4.002
pb_cnn_33,sweep_all,Paired-Biases,CNN,synthetic,N,100,current_mixture,0.1,10,1e-12,width,0.0,0,d_eff,27.82889797684175,,4.002
pb_cnn_33,sweep_all,Paired-Biases,CNN,synthetic,N,100,current_mixture,0.1,10,1e-12,width,0.0,0,g_ibp,9.190658918111057,,0.002
pb_cnn_33,sweep_all,Paired-Biases,CNN,synthetic,N,100,current_mixture,0.1,10,1e-12,width,0.0,0,a_tau,4.605170185988092,,0.098
pb_cnn_33,sweep_all,Paired-Biases,CNN,synthetic,N,100,current_mixture,0.1,10,1e-12,width,0.0,1,margin_hat_min,0.1237388402223587,,5.001
pb_cnn_33,sweep_all,Paired-Biases,CNN,synthetic,N,100,current_mixture,0.1,10,1e-12,width,0.0,1,d_eff,27.964912067284512,,5.001
pb_cnn_33,sweep_all,Paired-Biases,CNN,synthetic,N,100,current_mixture,0.1,10,1e-12,width,0.0,1,g_ibp,9.184313701331115,,0.019
pb_cnn_33,sweep_all,Paired-Biases,CNN,synthetic,N,100,current_mixture,0.1,10,1e-12,width,0.0,1,a_tau,4.59511985013459,,0.172
pb_cnn_33,sweep_all,Paired-Biases,CNN,synthetic,N,100,current_mixture,0.1,10,1e-12,width,0.0,2,margin_hat_min,0.12377867102622986,,2.873
pb_cnn_33,sweep_all,Paired-Biases,CNN,synthetic,N,100,current_mixture,0.1,10,1e-12,width,0.0,2,d_eff,27.814518931019077,,2.873
pb_cnn_33,sweep_all,Paired-Biases,CNN,synthetic,N,100,current_mixture,0.1,10,1e-12,width,0.0,2,g_ibp,9.181680066706084,,0.003
pb_cnn_33,sweep_all,Paired-Biases,CNN,synthetic,N,100,current_mixture,0.1,10,1e-12,width,0.0,2,a_tau,4.584967478670572,,0.119
pb_cnn_33,sweep_all,Paired-Biases,CNN,synthetic,N,100,current_mixture,0.1,10,1e-12,width,0.0,3,margin_hat_min,0.12371967732906342,,12.512
pb_cnn_33,sweep_all,Paired-Biases,CNN,synthetic,N,100,current_mixture,0.1,10,1e-12,width,0.0,3,d_eff,27.81463408033254,,12.512
pb_cnn_33,sweep_all,Paired-Biases,CNN,synthetic,N,100,current_mixture,0.1,10,1e-12,width,0.0,3,g_ibp,9.185581366536347,,0.042
pb_cnn_33,sweep_all,Paired-Biases,CNN,synthetic,N,100,current_mixture,0.1,10,1e-12,width,0.0,3,a_tau,4.605170185988092,,0.528
pb_cnn_33,sweep_all,Paired-Biases,CNN,synthetic,N,100,current_mixture,0.1,10,1e-12,width,0.0,4,margin_hat_min,0.12350189685821533,,10.351
pb_cnn_33,sweep_all,Paired-Biases,CNN,synthetic,N,100,current_mixture,0.1,10,1e-12,width,0.0,4,d_eff,27.626910727410927,,10.351
pb_cnn_33,sweep_all,Paired-Biases,CNN,synthetic,N,100,current_mixture,0.1,10,1e-12,width,0.0,4,g_ibp,9.200015636855301,,0.043
pb_cnn_33,sweep_all,Paired-Biases,CNN,synthetic,N,100,current_mixture,0.1,10,1e-12,width,0.0,4,a_tau,4.605170185988092,,0.572
pb_cnn_33,sweep_all,Paired-Biases,CNN,synthetic,N,100,current_mixture,0.1,10,1e-12,width,0.0,5,margin_hat_min,0.12371611595153809,,14.884
pb_cnn_33,sweep_all,Paired-Biases,CNN,synthetic,N,100,current_mixture,0.1,10,1e-12,width,0.0,5,d_eff,27.591134171432476,,14.884
pb_cnn_33,sweep_all,Paired-Biases,CNN,synthetic,N,100,current_mixture,0.1,10,1e-12,width,0.0,5,g_ibp,9.185817002332751,,0.043
pb_cnn_33,sweep_all,Paired-Biases,CNN,synthetic,N,100,current_mixture,0.1,10,1e-12,width,0.0,5,a_tau,4.605170185988092,,0.494
pb_cnn_33,sweep_all,Paired-Biases,CNN,synthetic,N,100,current_mixture,0.1,10,1e-12,width,0.0,6,margin_hat_min,0.12374861538410187,,4.209
pb_cnn_33,sweep_all,Paired-Biases,CNN,synthetic,N,100,current_mixture,0.1,10,1e-12,width,0.0,6,d_eff,28.027395777528756,,4.209
pb_cnn_33,sweep_all,Paired-Biases,CNN,synthetic,N,100,current_mixture,0.1,10,1e-12,width,0.0,6,g_ibp,9.183667205288002,,0.003
pb_cnn_33,sweep_all,Paired-Biases,CNN,synthetic,N,100,current_mixture,0.1,10,1e-12,width,0.0,6,a_tau,4.605170185988092,,0.138
pb_cnn_33,sweep_all,Paired-Biases,CNN,synthetic,N,100,current_mixture,0.1,10,1e-12,width,0.0,7,margin_hat_min,0.12354357540607452,,11.062
pb_cnn_33,sweep_all,Paired-Biases,CNN,synthetic,N,100,current_mixture,0.1,10,1e-12,width,0.0,7,d_eff,27.817989614325505,,11.062
pb_cnn_33,sweep_all,Paired-Biases,CNN,synthetic,N,100,current_mixture,0.1,10,1e-12,width,0.0,7,g_ibp,9.197249287063006,,0.005
pb_cnn_33,sweep_all,Paired-Biases,CNN,synthetic,N,100,current_mixture,0.1,10,1e-12,width,0.0,7,a_tau,4.605170185988092,,0.093
pb_cnn_33,sweep_all,Paired-Biases,CNN,synthetic,N,200,current_mixture,0.1,10,1e-12,width,0.0,0,margin_hat_min,0.12360879778862,,28.434
pb_cnn_33,sweep_all,Paired-Biases,CNN,synthetic,N,200,current_mixture,0.1,10,1e-12,width,0.0,0,d_eff,28.03232551921248,,28.434
pb_cnn_33,sweep_all,Paired-Biases,CNN,synthetic,N,200,current_mixture,0.1,10,1e-12,width,0.0,0,g_ibp,9.192923995187494,,0.003
pb_cnn_33,sweep_all,Paired-Biases,CNN,synthetic,N,200,current_mixture,0.1,10,1e-12,width,0.0,0,a_tau,5.293304824724492,,0.871
pb_cnn_33,sweep_all,Paired-Biases,CNN,synthetic,N,200,current_mixture,0.1,10,1e-12,width,0.0,1,margin_hat_min,0.12352452427148819,,24.699
pb_cnn_33,sweep_all,Paired-Biases,CNN,synthetic,N,200,current_mixture,0.1,10,1e-12,width,0.0,1,d_eff,28.156512138287695,,24.699
pb_cnn_33,sweep_all,Paired-Biases,CNN,synthetic,N,200,current_mixture,0.1,10,1e-12,width,0.0,1,g_ibp,9.198513545317189,,0.043
pb_cnn_33,sweep_all,Paired-Biases,CNN,synthetic,N,200,current_mixture,0.1,10,1e-12,width,0.0,1,a_tau,5.293304824724492,,0.82
pb_cnn_33,sweep_all,Paired-Biases,CNN,synthetic,N,200,current_mixture,0.1,10,1e-12,width,0.0,2,margin_hat_min,0.12348413467407227,,24.3
pb_cnn_33,sweep_all,Paired-Biases,CNN,synthetic,N,200,current_mixture,0.1,10,1e-12,width,0.0,2,d_eff,28.16282103397794,,24.3
pb_cnn_33,sweep_all,Paired-Biases,CNN,synthetic,N,200,current_mixture,0.1,10,1e-12,width,0.0,2,g_ibp,9.20119514212617,,0.035
pb_cnn_33,sweep_all,Paired-Biases,CNN,synthetic,N,200,current_mixture,0.1,10,1e-12,width,0.0,2,a_tau,5.288267030694535,,0.883
pb_cnn_33,sweep_all,Paired-Biases,CNN,synthetic,N,200,current_mixture,0.1,10,1e-12,width,0.0,3,margin_hat_min,0.12358991801738739,,26.589
pb_cnn_33,sweep_all,Paired-Biases,CNN,synthetic,N,200,current_mixture,0.1,10,1e-12,width,0.0,3,d_eff,27.849497069769242,,26.589
pb_cnn_33,sweep_all,Paired-Biases,CNN,synthetic,N,200,current_mixture,0.1,10,1e-12,width,0.0,3,g_ibp,9.194175557881564,,0.032
pb_cnn_33,sweep_all,Paired-Biases,CNN,synthetic,N,200,current_mixture,0.1,10,1e-12,width,0.0,3,a_tau,5.293304824724492,,0.864
pb_cnn_33,sweep_all,Paired-Biases,CNN,synthetic,N,200,current_mixture,0.1,10,1e-12,width,0.0,4,margin_hat_min,0.12356816232204437,,7.328
pb_cnn_33,sweep_all,Paired-Biases,CNN,synthetic,N,200,current_mixture,0.1,10,1e-12,width,0.0,4,d_eff,27.956569382213168,,7.328
pb_cnn_33,sweep_all,Paired-Biases,CNN,synthetic,N,200,current_mixture,0.1,10,1e-12,width,0.0,4,g_ibp,9.195618243308564,,0.038
pb_cnn_33,sweep_all,Paired-Biases,CNN,synthetic,N,200,current_mixture,0.1,10,1e-12,width,0.0,4,a_tau,5.293304824724492,,0.926
pb_cnn_33,sweep_all,Paired-Biases,CNN,synthetic,N,200,current_mixture,0.1,10,1e-12,width,0.0,5,margin_hat_min,0.12360066920518875,,10.082
pb_cnn_33,sweep_all,Paired-Biases,CNN,synthetic,N,200,current_mixture,0.1,10,1e-12,width,0.0,5,d_eff,28.055233397011023,,10.082
pb_cnn_33,sweep_all,Paired-Biases,CNN,synthetic,N,200,current_mixture,0.1,10,1e-12,width,0.0,5,g_ibp,9.193462801867655,,0.004
pb_cnn_33,sweep_all,Paired-Biases,CNN,synthetic,N,200,current_mixture,0.1,10,1e-12,width,0.0,5,a_tau,5.2832037287379885,,0.305
pb_cnn_33,sweep_all,Paired-Biases,CNN,synthetic,N,200,current_mixture,0.1,10,1e-12,width,0.0,6,margin_hat_min,0.12354404479265213,,22.404
pb_cnn_33,sweep_all,Paired-Biases,CNN,synthetic,N,200,current_mixture,0.1,10,1e-12,width,0.0,6,d_eff,27.98130236413167,,22.404
pb_cnn_33,sweep_all,Paired-Biases,CNN,synthetic,N,200,current_mixture,0.1,10,1e-12,width,0.0,6,g_ibp,9.197218142876372,,0.036
pb_cnn_33,sweep_all,Paired-Biases,CNN,synthetic,N,200,current_mixture,0.1,10,1e-12,width,0.0,6,a_tau,5.298317366548036,,0.677
pb_cnn_33,sweep_all,Paired-Biases,CNN,synthetic,N,200,current_mixture,0.1,10,1e-12,width,0.0,7,margin_hat_min,0.12363468110561371,,15.766
pb_cnn_33,sweep_all,Paired-Biases,CNN,synthetic,N,200,current_mixture,0.1,10,1e-12,width,0.0,7,d_eff,28.0529004656528,,15.766
pb_cnn_33,sweep_all,Paired-Biases,CNN,synthetic,N,200,current_mixture,0.1,10,1e-12,width,0.0,7,g_ibp,9.191208780273888,,0.043
pb_cnn_33,sweep_all,Paired-Biases,CNN,synthetic,N,200,current_mixture,0.1,10,1e-12,width,0.0,7,a_tau,5.298317366548036,,0.911
pb_cnn_33,sweep_all,Paired-Biases,CNN,synthetic,N,400,current_mixture,0.1,10,1e-12,width,0.0,0,margin_hat_min,0.12337435781955719,,17.69
pb_cnn_33,sweep_all,Paired-Biases,CNN,synthetic,N,400,current_mixture,0.1,10,1e-12,width,0.0,0,d_eff,28.00375126701408,,17.69
pb_cnn_33,sweep_all,Paired-Biases,CNN,synthetic,N,400,current_mixture,0.1,10,1e-12,width,0.0,0,g_ibp,9.208492455943004,,0.003
pb_cnn_33,sweep_all,Paired-Biases,CNN,synthetic,N,400,current_mixture,0.1,10,1e-12,width,0.0,0,a_tau,5.978885764901122,,0.395
pb_cnn_33,sweep_all,Paired-Biases,CNN,synthetic,N,400,current_mixture,0.1,10,1e-12,width,0.0,1,margin_hat_min,0.1235114336013794,,22.867
pb_cnn_33,sweep_all,Paired-Biases,CNN,synthetic,N,400,current_mixture,0.1,10,1e-12,width,0.0,1,d_eff,27.915126267262167,,22.867
pb_cnn_33,sweep_all,Paired-Biases,CNN,synthetic,N,400,current_mixture,0.1,10,1e-12,width,0.0,1,g_ibp,9.199382485406977,,0.004
pb_cnn_33,sweep_all,Paired-Biases,CNN,synthetic,N,400,current_mixture,0.1,10,1e-12,width,0.0,1,a_tau,5.968707559985366,,0.708
pb_cnn_33,sweep_all,Paired-Biases,CNN,synthetic,N,400,current_mixture,0.1,10,1e-12,width,0.0,2,margin_hat_min,0.12351667881011963,,21.344
pb_cnn_33,sweep_all,Paired-Biases,CNN,synthetic,N,400,current_mixture,0.1,10,1e-12,width,0.0,2,d_eff,27.971675645971132,,21.344
pb_cnn_33,sweep_all,Paired-Biases,CNN,synthetic,N,400,current_mixture,0.1,10,1e-12,width,0.0,2,g_ibp,9.199034293785482,,0.039
pb_cnn_33,sweep_all,Paired-Biases,CNN,synthetic,N,400,current_mixture,0.1,10,1e-12,width,0.0,2,a_tau,5.973809611869261,,1.464
pb_cnn_33,sweep_all,Paired-Biases,CNN,synthetic,N,400,current_mixture,0.1,10,1e-12,width,0.0,3,margin_hat_min,0.12354031205177307,,12.119
pb_cnn_33,sweep_all,Paired-Biases,CNN,synthetic,N,400,current_mixture,0.1,10,1e-12,width,0.0,3,d_eff,27.89815458365903,,12.119
pb_cnn_33,sweep_all,Paired-Biases,CNN,synthetic,N,400,current_mixture,0.1,10,1e-12,width,0.0,3,g_ibp,9.19746581985523,,0.005
pb_cnn_33,sweep_all,Paired-Biases,CNN,synthetic,N,400,current_mixture,0.1,10,1e-12,width,0.0,3,a_tau,5.981414211254481,,0.339
pb_cnn_33,sweep_all,Paired-Biases,CNN,synthetic,N,400,current_mixture,0.1,10,1e-12,width,0.0,4,margin_hat_min,0.12346181273460388,,18.516
pb_cnn_33,sweep_all,Paired-Biases,CNN,synthetic,N,400,current_mixture,0.1,10,1e-12,width,0.0,4,d_eff,28.16358782295376,,18.516
pb_cnn_33,sweep_all,Paired-Biases,CNN,synthetic,N,400,current_mixture,0.1,10,1e-12,width,0.0,4,g_ibp,9.202677921112437,,0.043
pb_cnn_33,sweep_all,Paired-Biases,CNN,synthetic,N,400,current_mixture,0.1,10,1e-12,width,0.0,4,a_tau,5.971261839790462,,1.331
pb_cnn_33,sweep_all,Paired-Biases,CNN,synthetic,N,400,current_mixture,0.1,10,1e-12,width,0.0,5,margin_hat_min,0.12345929443836212,,28.382
pb_cnn_33,sweep_all,Paired-Biases,CNN,synthetic,N,400,current_mixture,0.1,10,1e-12,width,0.0,5,d_eff,27.841969722357593,,28.382
pb_cnn_33,sweep_all,Paired-Biases,CNN,synthetic,N,400,current_mixture,0.1,10,1e-12,width,0.0,5,g_ibp,9.202845237579577,,0.011
pb_cnn_33,sweep_all,Paired-Biases,CNN,synthetic,N,400,current_mixture,0.1,10,1e-12,width,0.0,5,a_tau,5.971261839790462,,0.621
pb_cnn_33,sweep_all,Paired-Biases,CNN,synthetic,N,400,current_mixture,0.1,10,1e-12,width,0.0,6,margin_hat_min,0.1233617290854454,,19.019
pb_cnn_33,sweep_all,Paired-Biases,CNN,synthetic,N,400,current_mixture,0.1,10,1e-12,width,0.0,6,d_eff,28.173845740211373,,19.019
pb_cnn_33,sweep_all,Paired-Biases,CNN,synthetic,N,400,current_mixture,0.1,10,1e-12,width,0.0,6,g_ibp,9.209332772218175,,0.002
pb_cnn_33,sweep_all,Paired-Biases,CNN,synthetic,N,400,current_mixture,0.1,10,1e-12,width,0.0,6,a_tau,5.981414211254481,,1.543
pb_cnn_33,sweep_all,Paired-Biases,CNN,synthetic,N,400,current_mixture,0.1,10,1e-12,width,0.0,7,margin_hat_min,0.12346859276294708,,35.911
pb_cnn_33,sweep_all,Paired-Biases,CNN,synthetic,N,400,current_mixture,0.1,10,1e-12,width,0.0,7,d_eff,28.05452220313498,,35.911
pb_cnn_33,sweep_all,Paired-Biases,CNN,synthetic,N,400,current_mixture,0.1,10,1e-12,width,0.0,7,g_ibp,9.202227487625263,,0.044
pb_cnn_33,sweep_all,Paired-Biases,CNN,synthetic,N,400,current_mixture,0.1,10,1e-12,width,0.0,7,a_tau,5.986452005284438,,1.512
pb_cnn_33,sweep_all,Paired-Biases,CNN,synthetic,N,800,current_mixture,0.1,10,1e-12,width,0.0,0,margin_hat_min,0.12345723807811737,,28.875
pb_cnn_33,sweep_all,Paired-Biases,CNN,synthetic,N,800,current_mixture,0.1,10,1e-12,width,0.0,0,d_eff,27.98977819673414,,28.875
pb_cnn_33,sweep_all,Paired-Biases,CNN,synthetic,N,800,current_mixture,0.1,10,1e-12,width,0.0,0,g_ibp,9.202981867923029,,0.005
pb_cnn_33,sweep_all,Paired-Biases,CNN,synthetic,N,800,current_mixture,0.1,10,1e-12,width,0.0,0,a_tau,6.648984550024776,,0.639
pb_cnn_33,sweep_all,Paired-Biases,CNN,synthetic,N,800,current_mixture,0.1,10,1e-12,width,0.0,1,margin_hat_min,0.12341088056564331,,22.229
pb_cnn_33,sweep_all,Paired-Biases,CNN,synthetic,N,800,current_mixture,0.1,10,1e-12,width,0.0,1,d_eff,28.01920133703878,,22.229
pb_cnn_33,sweep_all,Paired-Biases,CNN,synthetic,N,800,current_mixture,0.1,10,1e-12,width,0.0,1,g_ibp,9.206063199427357,,0.026
pb_cnn_33,sweep_all,Paired-Biases,CNN,synthetic,N,800,current_mixture,0.1,10,1e-12,width,0.0,1,a_tau,6.641182169740591,,1.475
pb_cnn_33,sweep_all,Paired-Biases,CNN,synthetic,N,800,current_mixture,0.1,10,1e-12,width,0.0,2,margin_hat_min,0.12350314110517502,,24.275
pb_cnn_33,sweep_all,Paired-Biases,CNN,synthetic,N,800,current_mixture,0.1,10,1e-12,width,0.0,2,d_eff,28.0572383566225,,24.275
pb_cnn_33,sweep_all,Paired-Biases,CNN,synthetic,N,800,current_mixture,0.1,10,1e-12,width,0.0,2,g_ibp,9.199933024830749,,0.006
pb_cnn_33,sweep_all,Paired-Biases,CNN,synthetic,N,800,current_mixture,0.1,10,1e-12,width,0.0,2,a_tau,6.659293919683638,,1.957
pb_cnn_33,sweep_all,Paired-Biases,CNN,synthetic,N,800,current_mixture,0.1,10,1e-12,width,0.0,3,margin_hat_min,0.12338791787624359,,42.887
pb_cnn_33,sweep_all,Paired-Biases,CNN,synthetic,N,800,current_mixture,0.1,10,1e-12,width,0.0,3,d_eff,28.02139359423308,,42.887
pb_cnn_33,sweep_all,Paired-Biases,CNN,synthetic,N,800,current_mixture,0.1,10,1e-12,width,0.0,3,g_ibp,9.207590360949203,,0.044
pb_cnn_33,sweep_all,Paired-Biases,CNN,synthetic,N,800,current_mixture,0.1,10,1e-12,width,0.0,3,a_tau,6.656726524178391,,2.412
pb_cnn_33,sweep_all,Paired-Biases,CNN,synthetic,N,800,current_mixture,0.1,10,1e-12,width,0.0,4,margin_hat_min,0.12347345054149628,,19.021
pb_cnn_33,sweep_all,Paired-Biases,CNN,synthetic,N,800,current_mixture,0.1,10,1e-12,width,0.0,4,d_eff,27.941214630314374,,19.021
pb_cnn_33,sweep_all,Paired-Biases,CNN,synthetic,N,800,current_mixture,0.1,10,1e-12,width,0.0,4,g_ibp,9.201904789874694,,0.002
pb_cnn_33,sweep_all,Paired-Biases,CNN,synthetic,N,800,current_mixture,0.1,10,1e-12,width,0.0,4,a_tau,6.654152520183219,,2.54
pb_cnn_33,sweep_all,Paired-Biases,CNN,synthetic,N,800,current_mixture,0.1,10,1e-12,width,0.0,5,margin_hat_min,0.12348669022321701,,42.824
pb_cnn_33,sweep_all,Paired-Biases,CNN,synthetic,N,800,current_mixture,0.1,10,1e-12,width,0.0,5,d_eff,28.118545532140708,,42.824
pb_cnn_33,sweep_all,Paired-Biases,CNN,synthetic,N,800,current_mixture,0.1,10,1e-12,width,0.0,5,g_ibp,9.201025418917999,,0.043
pb_cnn_33,sweep_all,Paired-Biases,CNN,synthetic,N,800,current_mixture,0.1,10,1e-12,width,0.0,5,a_tau,6.664409020350408,,2.455
pb_cnn_33,sweep_all,Paired-Biases,CNN,synthetic,N,800,current_mixture,0.1,10,1e-12,width,0.0,6,margin_hat_min,0.12331829965114594,,35.406
pb_cnn_33,sweep_all,Paired-Biases,CNN,synthetic,N,800,current_mixture,0.1,10,1e-12,width,0.0,6,d_eff,27.992699395429568,,35.406
pb_cnn_33,sweep_all,Paired-Biases,CNN,synthetic,N,800,current_mixture,0.1,10,1e-12,width,0.0,6,g_ibp,9.212223881479973,,0.04
pb_cnn_33,sweep_all,Paired-Biases,CNN,synthetic,N,800,current_mixture,0.1,10,1e-12,width,0.0,6,a_tau,6.679599185844383,,2.644
pb_cnn_33,sweep_all,Paired-Biases,CNN,synthetic,N,800,current_mixture,0.1,10,1e-12,width,0.0,7,margin_hat_min,0.12344835698604584,,43.011
pb_cnn_33,sweep_all,Paired-Biases,CNN,synthetic,N,800,current_mixture,0.1,10,1e-12,width,0.0,7,d_eff,27.963386055502454,,43.011
pb_cnn_33,sweep_all,Paired-Biases,CNN,synthetic,N,800,current_mixture,0.1,10,1e-12,width,0.0,7,g_ibp,9.203572004875907,,0.039
pb_cnn_33,sweep_all,Paired-Biases,CNN,synthetic,N,800,current_mixture,0.1,10,1e-12,width,0.0,7,a_tau,6.654152520183219,,2.643
pb_cnn_33,sweep_all,Paired-Biases,CNN,synthetic,N,1600,current_mixture,0.1,10,1e-12,width,0.0,0,margin_hat_min,0.12342800199985504,,47.472
pb_cnn_33,sweep_all,Paired-Biases,CNN,synthetic,N,1600,current_mixture,0.1,10,1e-12,width,0.0,0,d_eff,28.048141407515853,,47.472
pb_cnn_33,sweep_all,Paired-Biases,CNN,synthetic,N,1600,current_mixture,0.1,10,1e-12,width,0.0,0,g_ibp,9.204924887464685,,0.004
pb_cnn_33,sweep_all,Paired-Biases,CNN,synthetic,N,1600,current_mixture,0.1,10,1e-12,width,0.0,0,a_tau,7.313220387090301,,1.386
pb_cnn_33,sweep_all,Paired-Biases,CNN,synthetic,N,1600,current_mixture,0.1,10,1e-12,width,0.0,1,margin_hat_min,0.12342031300067902,,50.508
pb_cnn_33,sweep_all,Paired-Biases,CNN,synthetic,N,1600,current_mixture,0.1,10,1e-12,width,0.0,1,d_eff,27.98868012103859,,50.508
pb_cnn_33,sweep_all,Paired-Biases,CNN,synthetic,N,1600,current_mixture,0.1,10,1e-12,width,0.0,1,g_ibp,9.205436048546396,,0.003
pb_cnn_33,sweep_all,Paired-Biases,CNN,synthetic,N,1600,current_mixture,0.1,10,1e-12,width,0.0,1,a_tau,7.30854279753919,,0.976
pb_cnn_33,sweep_all,Paired-Biases,CNN,synthetic,N,1600,current_mixture,0.1,10,1e-12,width,0.0,2,margin_hat_min,0.12344244122505188,,42.519
pb_cnn_33,sweep_all,Paired-Biases,CNN,synthetic,N,1600,current_mixture,0.1,10,1e-12,width,0.0,2,d_eff,28.074523123539105,,42.519
pb_cnn_33,sweep_all,Paired-Biases,CNN,synthetic,N,1600,current_mixture,0.1,10,1e-12,width,0.0,2,g_ibp,9.20396514657657,,0.039
pb_cnn_33,sweep_all,Paired-Biases,CNN,synthetic,N,1600,current_mixture,0.1,10,1e-12,width,0.0,2,a_tau,7.333676395657684,,4.111
pb_cnn_33,sweep_all,Paired-Biases,CNN,synthetic,N,1600,current_mixture,0.1,10,1e-12,width,0.0,3,margin_hat_min,0.12344254553318024,,45.847
pb_cnn_33,sweep_all,Paired-Biases,CNN,synthetic,N,1600,current_mixture,0.1,10,1e-12,width,0.0,3,d_eff,28.04179102908922,,45.847
pb_cnn_33,sweep_all,Paired-Biases,CNN,synthetic,N,1600,current_mixture,0.1,10,1e-12,width,0.0,3,g_ibp,9.203958214280693,,0.039
pb_cnn_33,sweep_all,Paired-Biases,CNN,synthetic,N,1600,current_mixture,0.1,10,1e-12,width,0.0,3,a_tau,7.3310603052186325,,4.143
pb_cnn_33,sweep_all,Paired-Biases,CNN,synthetic,N,1600,current_mixture,0.1,10,1e-12,width,0.0,4,margin_hat_min,0.12337806820869446,,56.559
pb_cnn_33,sweep_all,Paired-Biases,CNN,synthetic,N,1600,current_mixture,0.1,10,1e-12,width,0.0,4,d_eff,28.06631601788428,,56.559
pb_cnn_33,sweep_all,Paired-Biases,CNN,synthetic,N,1600,current_mixture,0.1,10,1e-12,width,0.0,4,g_ibp,9.208245599255394,,0.043
pb_cnn_33,sweep_all,Paired-Biases,CNN,synthetic,N,1600,current_mixture,0.1,10,1e-12,width,0.0,4,a_tau,7.323830566202317,,4.602
pb_cnn_33,sweep_all,Paired-Biases,CNN,synthetic,N,1600,current_mixture,0.1,10,1e-12,width,0.0,5,margin_hat_min,0.12322807312011719,,57.647
pb_cnn_33,sweep_all,Paired-Biases,CNN,synthetic,N,1600,current_mixture,0.1,10,1e-12,width,0.0,5,d_eff,28.062066301413225,,57.647
pb_cnn_33,sweep_all,Paired-Biases,CNN,synthetic,N,1600,current_mixture,0.1,10,1e-12,width,0.0,5,g_ibp,9.218236800891033,,0.044
pb_cnn_33,sweep_all,Paired-Biases,CNN,synthetic,N,1600,current_mixture,0.1,10,1e-12,width,0.0,5,a_tau,7.333676395657684,,4.656
pb_cnn_33,sweep_all,Paired-Biases,CNN,synthetic,N,1600,current_mixture,0.1,10,1e-12,width,0.0,6,margin_hat_min,0.1233847439289093,,56.031
pb_cnn_33,sweep_all,Paired-Biases,CNN,synthetic,N,1600,current_mixture,0.1,10,1e-12,width,0.0,6,d_eff,28.113460683286203,,56.031
pb_cnn_33,sweep_all,Paired-Biases,CNN,synthetic,N,1600,current_mixture,0.1,10,1e-12,width,0.0,6,g_ibp,9.207801492882677,,0.039
pb_cnn_33,sweep_all,Paired-Biases,CNN,synthetic,N,1600,current_mixture,0.1,10,1e-12,width,0.0,6,a_tau,7.358830898342354,,3.861
pb_cnn_33,sweep_all,Paired-Biases,CNN,synthetic,N,1600,current_mixture,0.1,10,1e-12,width,0.0,7,margin_hat_min,0.12338471412658691,,39.544
pb_cnn_33,sweep_all,Paired-Biases,CNN,synthetic,N,1600,current_mixture,0.1,10,1e-12,width,0.0,7,d_eff,27.920579272180706,,39.544
pb_cnn_33,sweep_all,Paired-Biases,CNN,synthetic,N,1600,current_mixture,0.1,10,1e-12,width,0.0,7,g_ibp,9.207803475393622,,0.003
pb_cnn_33,sweep_all,Paired-Biases,CNN,synthetic,N,1600,current_mixture,0.1,10,1e-12,width,0.0,7,a_tau,7.323830566202317,,4.03
pb_cnn_40,sweep_all,Paired-Biases,CNN,synthetic,N,50,current_mixture,0.1,10,1e-12,width,0.0,0,margin_hat_min,0.11189314723014832,,35.57
pb_cnn_40,sweep_all,Paired-Biases,CNN,synthetic,N,50,current_mixture,0.1,10,1e-12,width,0.0,0,d_eff,106.98637313167625,,35.57
pb_cnn_40,sweep_all,Paired-Biases,CNN,synthetic,N,50,current_mixture,0.1,10,1e-12,width,0.0,0,g_ibp,15.047868284177373,,0.043
pb_cnn_40,sweep_all,Paired-Biases,CNN,synthetic,N,50,current_mixture,0.1,10,1e-12,width,0.0,0,a_tau,3.912023005428146,,2.059
pb_cnn_40,sweep_all,Paired-Biases,CNN,synthetic,N,50,current_mixture,0.1,10,1e-12,width,0.0,1,margin_hat_min,0.11154527962207794,,16.775
pb_cnn_40,sweep_all,Paired-Biases,CNN,synthetic,N,50,current_mixture,0.1,10,1e-12,width,0.0,1,d_eff,107.47786294937274,,16.775
pb_cnn_40,sweep_all,Paired-Biases,CNN,synthetic,N,50,current_mixture,0.1,10,1e-12,width,0.0,1,g_ibp,15.091678280934003,,0.004
pb_cnn_40,sweep_all,Paired-Biases,CNN,synthetic,N,50,current_mixture,0.1,10,1e-12,width,0.0,1,a_tau,3.912023005428146,,0.374
pb_cnn_40,sweep_all,Paired-Biases,CNN,synthetic,N,50,current_mixture,0.1,10,1e-12,width,0.0,2,margin_hat_min,0.1119174137711525,,18.594
pb_cnn_40,sweep_all,Paired-Biases,CNN,synthetic,N,50,current_mixture,0.1,10,1e-12,width,0.0,2,d_eff,107.19192736256117,,18.594
pb_cnn_40,sweep_all,Paired-Biases,CNN,synthetic,N,50,current_mixture,0.1,10,1e-12,width,0.0,2,g_ibp,15.044822349141443,,0.039
pb_cnn_40,sweep_all,Paired-Biases,CNN,synthetic,N,50,current_mixture,0.1,10,1e-12,width,0.0,2,a_tau,3.912023005428146,,2.13
pb_cnn_40,sweep_all,Paired-Biases,CNN,synthetic,N,50,current_mixture,0.1,10,1e-12,width,0.0,3,margin_hat_min,0.11183277517557144,,36.464
pb_cnn_40,sweep_all,Paired-Biases,CNN,synthetic,N,50,current_mixture,0.1,10,1e-12,width,0.0,3,d_eff,109.309608297994,,36.464
pb_cnn_40,sweep_all,Paired-Biases,CNN,synthetic,N,50,current_mixture,0.1,10,1e-12,width,0.0,3,g_ibp,15.05545191669836,,0.04
pb_cnn_40,sweep_all,Paired-Biases,CNN,synthetic,N,50,current_mixture,0.1,10,1e-12,width,0.0,3,a_tau,3.912023005428146,,2.026
pb_cnn_40,sweep_all,Paired-Biases,CNN,synthetic,N,50,current_mixture,0.1,10,1e-12,width,0.0,4,margin_hat_min,0.11169853061437607,,30.847
pb_cnn_40,sweep_all,Paired-Biases,CNN,synthetic,N,50,current_mixture,0.1,10,1e-12,width,0.0,4,d_eff,108.69249081636703,,30.847
pb_cnn_40,sweep_all,Paired-Biases,CNN,synthetic,N,50,current_mixture,0.1,10,1e-12,width,0.0,4,g_ibp,15.072344421591348,,0.04
pb_cnn_40,sweep_all,Paired-Biases,CNN,synthetic,N,50,current_mixture,0.1,10,1e-12,width,0.0,4,a_tau,3.912023005428146,,1.879
pb_cnn_40,sweep_all,Paired-Biases,CNN,synthetic,N,50,current_mixture,0.1,10,1e-12,width,0.0,5,margin_hat_min,0.11190193146467209,,36.281
pb_cnn_40,sweep_all,Paired-Biases,CNN,synthetic,N,50,current_mixture,0.1,10,1e-12,width,0.0,5,d_eff,105.8748579743422,,36.281
pb_cnn_40,sweep_all,Paired-Biases,CNN,synthetic,N,50,current_mixture,0.1,10,1e-12,width,0.0,5,g_ibp,15.046765534940153,,0.005
pb_cnn_40,sweep_all,Paired-Biases,CNN,synthetic,N,50,current_mixture,0.1,10,1e-12,width,0.0,5,a_tau,3.912023005428146,,0.928
pb_cnn_40,sweep_all,Paired-Biases,CNN,synthetic,N,50,current_mixture,0.1,10,1e-12,width,0.0,6,margin_hat_min,0.11188393086194992,,18.521
pb_cnn_40,sweep_all,Paired-Biases,CNN,synthetic,N,50,current_mixture,0.1,10,1e-12,width,0.0,6,d_eff,107.58579350412083,,18.521
pb_cnn_40,sweep_all,Paired-Biases,CNN,synthetic,N,50,current_mixture,0.1,10,1e-12,width,0.0,6,g_ibp,15.049025468462114,,0.002
pb_cnn_40,sweep_all,Paired-Biases,CNN,synthetic,N,50,current_mixture,0.1,10,1e-12,width,0.0,6,a_tau,3.912023005428146,,1.998
pb_cnn_40,sweep_all,Paired-Biases,CNN,synthetic,N,50,current_mixture,0.1,10,1e-12,width,0.0,7,margin_hat_min,0.11194147914648056,,26.824
pb_cnn_40,sweep_all,Paired-Biases,CNN,synthetic,N,50,current_mixture,0.1,10,1e-12,width,0.0,7,d_eff,107.04071583269743,,26.824
pb_cnn_40,sweep_all,Paired-Biases,CNN,synthetic,N,50,current_mixture,0.1,10,1e-12,width,0.0,7,g_ibp,15.041802968623854,,0.039
pb_cnn_40,sweep_all,Paired-Biases,CNN,synthetic,N,50,current_mixture,0.1,10,1e-12,width,0.0,7,a_tau,3.912023005428146,,1.926
pb_cnn_40,sweep_all,Paired-Biases,CNN,synthetic,N,100,current_mixture,0.1,10,1e-12,width,0.0,0,margin_hat_min,0.11142029613256454,,31.941
pb_cnn_40,sweep_all,Paired-Biases,CNN,synthetic,N,100,current_mixture,0.1,10,1e-12,width,0.0,0,d_eff,108.76506255674605,,31.941
pb_cnn_40,sweep_all,Paired-Biases,CNN,synthetic,N,100,current_mixture,0.1,10,1e-12,width,0.0,0,g_ibp,15.10748533930459,,0.044
pb_cnn_40,sweep_all,Paired-Biases,CNN,synthetic,N,100,current_mixture,0.1,10,1e-12,width,0.0,0,a_tau,4.605170185988092,,1.962
pb_cnn_40,sweep_all,Paired-Biases,CNN,synthetic,N,100,current_mixture,0.1,10,1e-12,width,0.0,1,margin_hat_min,0.11161429435014725,,26.552
pb_cnn_40,sweep_all,Paired-Biases,CNN,synthetic,N,100,current_mixture,0.1,10,1e-12,width,0.0,1,d_eff,108.74757676867289,,26.552
pb_cnn_40,sweep_all,Paired-Biases,CNN,synthetic,N,100,current_mixture,0.1,10,1e-12,width,0.0,1,g_ibp,15.08296494049448,,0.01
pb_cnn_40,sweep_all,Paired-Biases,CNN,synthetic,N,100,current_mixture,0.1,10,1e-12,width,0.0,1,a_tau,4.605170185988092,,3.337
pb_cnn_40,sweep_all,Paired-Biases,CNN,synthetic,N,100,current_mixture,0.1,10,1e-12,width,0.0,2,margin_hat_min,0.111542709171772,,57.593
pb_cnn_40,sweep_all,Paired-Biases,CNN,synthetic,N,100,current_mixture,0.1,10,1e-12,width,0.0,2,d_eff,107.27917683858954,,57.593
pb_cnn_40,sweep_all,Paired-Biases,CNN,synthetic,N,100,current_mixture,0.1,10,1e-12,width,0.0,2,g_ibp,15.092003017162996,,0.008
pb_cnn_40,sweep_all,Paired-Biases,CNN,synthetic,N,100,current_mixture,0.1,10,1e-12,width,0.0,2,a_tau,4.605170185988092,,2.213
pb_cnn_40,sweep_all,Paired-Biases,CNN,synthetic,N,100,current_mixture,0.1,10,1e-12,width,0.0,3,margin_hat_min,0.11138742417097092,,66.379
pb_cnn_40,sweep_all,Paired-Biases,CNN,synthetic,N,100,current_mixture,0.1,10,1e-12,width,0.0,3,d_eff,108.25653975083318,,66.379
pb_cnn_40,sweep_all,Paired-Biases,CNN,synthetic,N,100,current_mixture,0.1,10,1e-12,width,0.0,3,g_ibp,15.111648652350956,,0.04
pb_cnn_40,sweep_all,Paired-Biases,CNN,synthetic,N,100,current_mixture,0.1,10,1e-12,width,0.0,3,a_tau,4.605170185988092,,3.389
pb_cnn_40,sweep_all,Paired-Biases,CNN,synthetic,N,100,current_mixture,0.1,10,1e-12,width,0.0,4,margin_hat_min,0.11134137958288193,,65.936
pb_cnn_40,sweep_all,Paired-Biases,CNN,synthetic,N,100,current_mixture,0.1,10,1e-12,width,0.0,4,d_eff,108.12343415767813,,65.936
pb_cnn_40,sweep_all,Paired-Biases,CNN,synthetic,N,100,current_mixture,0.1,10,1e-12,width,0.0,4,g_ibp,15.117484443607383,,0.003
pb_cnn_40,sweep_all,Paired-Biases,CNN,synthetic,N,100,current_mixture,0.1,10,1e-12,width,0.0,4,a_tau,4.605170185988092,,3.375
pb_cnn_40,sweep_all,Paired-Biases,CNN,synthetic,N,100,current_mixture,0.1,10,1e-12,width,0.0,5,margin_hat_min,0.11185554414987564,,66.804
pb_cnn_40,sweep_all,Paired-Biases,CNN,synthetic,N,100,current_mixture,0.1,10,1e-12,width,0.0,5,d_eff,108.76373797355238,,66.804
pb_cnn_40,sweep_all,Paired-Biases,CNN,synthetic,N,100,current_mixture,0.1,10,1e-12,width,0.0,5,g_ibp,15.052590831662704,,0.043
pb_cnn_40,sweep_all,Paired-Biases,CNN,synthetic,N,100,current_mixture,0.1,10,1e-12,width,0.0,5,a_tau,4.605170185988092,,3.334
pb_cnn_40,sweep_all,Paired-Biases,CNN,synthetic,N,100,current_mixture,0.1,10,1e-12,width,0.0,6,margin_hat_min,0.1115097925066948,,65.718
pb_cnn_40,sweep_all,Paired-Biases,CNN,synthetic,N,100,current_mixture,0.1,10,1e-12,width,0.0,6,d_eff,107.55071059019751,,65.718
pb_cnn_40,sweep_all,Paired-Biases,CNN,synthetic,N,100,current_mixture,0.1,10,1e-12,width,0.0,6,g_ibp,15.096162846834915,,0.044
pb_cnn_40,sweep_all,Paired-Biases,CNN,synthetic,N,100,current_mixture,0.1,10,1e-12,width,0.0,6,a_tau,4.605170185988092,,3.409
pb_cnn_40,sweep_all,Paired-Biases,CNN,synthetic,N,100,current_mixture,0.1,10,1e-12,width,0.0,7,margin_hat_min,0.11172422021627426,,75.318
pb_cnn_40,sweep_all,Paired-Biases,CNN,synthetic,N,100,current_mixture,0.1,10,1e-12,width,0.0,7,d_eff,109.58414236068174,,75.318
pb_cnn_40,sweep_all,Paired-Biases,CNN,synthetic,N,100,current_mixture,0.1,10,1e-12,width,0.0,7,g_ibp,15.069108660131013,,0.04
pb_cnn_40,sweep_all,Paired-Biases,CNN,synthetic,N,100,current_mixture,0.1,10,1e-12,width,0.0,7,a_tau,4.605170185988092,,3.532
pb_cnn_40,sweep_all,Paired-Biases,CNN,synthetic,N,200,current_mixture,0.1,10,1e-12,width,0.0,0,margin_hat_min,0.11120115965604782,,77.297
pb_cnn_40,sweep_all,Paired-Biases,CNN,synthetic,N,200,current_mixture,0.1,10,1e-12,width,0.0,0,d_eff,107.65737048873348,,77.297
pb_cnn_40,sweep_all,Paired-Biases,CNN,synthetic,N,200,current_mixture,0.1,10,1e-12,width,0.0,0,g_ibp,15.135285990298707,,0.009
pb_cnn_40,sweep_all,Paired-Biases,CNN,synthetic,N,200,current_mixture,0.1,10,1e-12,width,0.0,0,a_tau,5.298317366548036,,2.367
pb_cnn_40,sweep_all,Paired-Biases,CNN,synthetic,N,200,current_mixture,0.1,10,1e-12,width,0.0,1,margin_hat_min,0.11118560284376144,,67.466
pb_cnn_40,sweep_all,Paired-Biases,CNN,synthetic,N,200,current_mixture,0.1,10,1e-12,width,0.0,1,d_eff,108.38804627317795,,67.466
pb_cnn_40,sweep_all,Paired-Biases,CNN,synthetic,N,200,current_mixture,0.1,10,1e-12,width,0.0,1,g_ibp,15.13726376426529,,0.003
pb_cnn_40,sweep_all,Paired-Biases,CNN,synthetic,N,200,current_mixture,0.1,10,1e-12,width,0.0,1,a_tau,5.298317366548036,,5.895
pb_cnn_40,sweep_all,Paired-Biases,CNN,synthetic,N,200,current_mixture,0.1,10,1e-12,width,0.0,2,margin_hat_min,0.11130516231060028,,50.475
pb_cnn_40,sweep_all,Paired-Biases,CNN,synthetic,N,200,current_mixture,0.1,10,1e-12,width,0.0,2,d_eff,109.09672339524259,,50.475
pb_cnn_40,sweep_all,Paired-Biases,CNN,synthetic,N,200,current_mixture,0.1,10,1e-12,width,0.0,2,g_ibp,15.12207809198278,,0.005
pb_cnn_40,sweep_all,Paired-Biases,CNN,synthetic,N,200,current_mixture,0.1,10,1e-12,width,0.0,2,a_tau,5.298317366548036,,1.71
pb_cnn_40,sweep_all,Paired-Biases,CNN,synthetic,N,200,current_mixture,0.1,10,1e-12,width,0.0,3,margin_hat_min,0.1111268475651741,,114.417
pb_cnn_40,sweep_all,Paired-Biases,CNN,synthetic,N,200,current_mixture,0.1,10,1e-12,width,0.0,3,d_eff,108.93268216688868,,114.417
pb_cnn_40,sweep_all,Paired-Biases,CNN,synthetic,N,200,current_mixture,0.1,10,1e-12,width,0.0,3,g_ibp,15.144738455477398,,0.044
pb_cnn_40,sweep_all,Paired-Biases,CNN,synthetic,N,200,current_mixture,0.1,10,1e-12,width,0.0,3,a_tau,5.298317366548036,,5.592
pb_cnn_40,sweep_all,Paired-Biases,CNN,synthetic,N,200,current_mixture,0.1,10,1e-12,width,0.0,4,margin_hat_min,0.11123020946979523,,80.981
pb_cnn_40,sweep_all,Paired-Biases,CNN,synthetic,N,200,current_mixture,0.1,10,1e-12,width,0.0,4,d_eff,108.3240749211943,,80.981
pb_cnn_40,sweep_all,Paired-Biases,CNN,synthetic,N,200,current_mixture,0.1,10,1e-12,width,0.0,4,g_ibp,15.131594300538898,,0.04
pb_cnn_40,sweep_all,Paired-Biases,CNN,synthetic,N,200,current_mixture,0.1,10,1e-12,width,0.0,4,a_tau,5.298317366548036,,6.198
pb_cnn_40,sweep_all,Paired-Biases,CNN,synthetic,N,200,current_mixture,0.1,10,1e-12,width,0.0,5,margin_hat_min,0.11123368889093399,,114.894
pb_cnn_40,sweep_all,Paired-Biases,CNN,synthetic,N,200,current_mixture,0.1,10,1e-12,width,0.0,5,d_eff,108.50390177041507,,114.894
pb_cnn_40,sweep_all,Paired-Biases,CNN,synthetic,N,200,current_mixture,0.1,10,1e-12,width,0.0,5,g_ibp,15.131152260286314,,0.024
pb_cnn_40,sweep_all,Paired-Biases,CNN,synthetic,N,200,current_mixture,0.1,10,1e-12,width,0.0,5,a_tau,5.298317366548036,,3.145
pb_cnn_40,sweep_all,Paired-Biases,CNN,synthetic,N,200,current_mixture,0.1,10,1e-12,width,0.0,6,margin_hat_min,0.1111091673374176,,85.689
pb_cnn_40,sweep_all,Paired-Biases,CNN,synthetic,N,200,current_mixture,0.1,10,1e-12,width,0.0,6,d_eff,107.6632254737418,,85.689
pb_cnn_40,sweep_all,Paired-Biases,CNN,synthetic,N,200,current_mixture,0.1,10,1e-12,width,0.0,6,g_ibp,15.146989234629466,,0.029
pb_cnn_40,sweep_all,Paired-Biases,CNN,synthetic,N,200,current_mixture,0.1,10,1e-12,width,0.0,6,a_tau,5.298317366548036,,4.914
pb_cnn_40,sweep_all,Paired-Biases,CNN,synthetic,N,200,current_mixture,0.1,10,1e-12,width,0.0,7,margin_hat_min,0.11113551259040833,,71.792
pb_cnn_40,sweep_all,Paired-Biases,CNN,synthetic,N,200,current_mixture,0.1,10,1e-12,width,0.0,7,d_eff,108.83307934526024,,71.792
pb_cnn_40,sweep_all,Paired-Biases,CNN,synthetic,N,200,current_mixture,0.1,10,1e-12,width,0.0,7,g_ibp,15.14363561703458,,0.009
pb_cnn_40,sweep_all,Paired-Biases,CNN,synthetic,N,200,current_mixture,0.1,10,1e-12,width,0.0,7,a_tau,5.298317366548036,,1.633
pb_cnn_40,sweep_all,Paired-Biases,CNN,synthetic,N,400,current_mixture,0.1,10,1e-12,width,0.0,0,margin_hat_min,0.1110333502292633,,139.932
pb_cnn_40,sweep_all,Paired-Biases,CNN,synthetic,N,400,current_mixture,0.1,10,1e-12,width,0.0,0,d_eff,108.61520422316501,,139.932
pb_cnn_40,sweep_all,Paired-Biases,CNN,synthetic,N,400,current_mixture,0.1,10,1e-12,width,0.0,0,g_ibp,15.15664924948658,,0.039
pb_cnn_40,sweep_all,Paired-Biases,CNN,synthetic,N,400,current_mixture,0.1,10,1e-12,width,0.0,0,a_tau,5.991464547107982,,7.908
pb_cnn_40,sweep_all,Paired-Biases,CNN,synthetic,N,400,current_mixture,0.1,10,1e-12,width,0.0,1,margin_hat_min,0.1109839603304863,,125.825
pb_cnn_40,sweep_all,Paired-Biases,CNN,synthetic,N,400,current_mixture,0.1,10,1e-12,width,0.0,1,d_eff,108.24922801424731,,125.825
pb_cnn_40,sweep_all,Paired-Biases,CNN,synthetic,N,400,current_mixture,0.1,10,1e-12,width,0.0,1,g_ibp,15.162949218161021,,0.006
pb_cnn_40,sweep_all,Paired-Biases,CNN,synthetic,N,400,current_mixture,0.1,10,1e-12,width,0.0,1,a_tau,5.991464547107982,,3.557
pb_cnn_40,sweep_all,Paired-Biases,CNN,synthetic,N,400,current_mixture,0.1,10,1e-12,width,0.0,2,margin_hat_min,0.11098968237638474,,192.974
pb_cnn_40,sweep_all,Paired-Biases,CNN,synthetic,N,400,current_mixture,0.1,10,1e-12,width,0.0,2,d_eff,108.18678279469044,,192.974
pb_cnn_40,sweep_all,Paired-Biases,CNN,synthetic,N,400,current_mixture,0.1,10,1e-12,width,0.0,2,g_ibp,15.162219050781967,,0.044
pb_cnn_40,sweep_all,Paired-Biases,CNN,synthetic,N,400,current_mixture,0.1,10,1e-12,width,0.0,2,a_tau,5.991464547107982,,10.49
pb_cnn_40,sweep_all,Paired-Biases,CNN,synthetic,N,400,current_mixture,0.1,10,1e-12,width,0.0,3,margin_hat_min,0.11092798411846161,,151.26
pb_cnn_40,sweep_all,Paired-Biases,CNN,synthetic,N,400,current_mixture,0.1,10,1e-12,width,0.0,3,d_eff,108.78486980298653,,151.26
pb_cnn_40,sweep_all,Paired-Biases,CNN,synthetic,N,400,current_mixture,0.1,10,1e-12,width,0.0,3,g_ibp,15.170096091464668,,0.005
pb_cnn_40,sweep_all,Paired-Biases,CNN,synthetic,N,400,current_mixture,0.1,10,1e-12,width,0.0,3,a_tau,5.991464547107982,,2.314
pb_cnn_40,sweep_all,Paired-Biases,CNN,synthetic,N,400,current_mixture,0.1,10,1e-12,width,0.0,4,margin_hat_min,0.11098307371139526,,134.543
pb_cnn_40,sweep_all,Paired-Biases,CNN,synthetic,N,400,current_mixture,0.1,10,1e-12,width,0.0,4,d_eff,108.29883237319662,,134.543
pb_cnn_40,sweep_all,Paired-Biases,CNN,synthetic,N,400,current_mixture,0.1,10,1e-12,width,0.0,4,g_ibp,15.163062362812203,,0.013
pb_cnn_40,sweep_all,Paired-Biases,CNN,synthetic,N,400,current_mixture,0.1,10,1e-12,width,0.0,4,a_tau,5.991464547107982,,4.056
pb_cnn_40,sweep_all,Paired-Biases,CNN,synthetic,N,400,current_mixture,0.1,10,1e-12,width,0.0,5,margin_hat_min,0.11096564680337906,,188.67
pb_cnn_40,sweep_all,Paired-Biases,CNN,synthetic,N,400,current_mixture,0.1,10,1e-12,width,0.0,5,d_eff,108.50796323180666,,188.67
pb_cnn_40,sweep_all,Paired-Biases,CNN,synthetic,N,400,current_mixture,0.1,10,1e-12,width,0.0,5,g_ibp,15.165286640254207,,0.04
pb_cnn_40,sweep_all,Paired-Biases,CNN,synthetic,N,400,current_mixture,0.1,10,1e-12,width,0.0,5,a_tau,5.991464547107982,,8.634
pb_cnn_40,sweep_all,Paired-Biases,CNN,synthetic,N,400,current_mixture,0.1,10,1e-12,width,0.0,6,margin_hat_min,0.11099053174257278,,132.54
pb_cnn_40,sweep_all,Paired-Biases,CNN,synthetic,N,400,current_mixture,0.1,10,1e-12,width,0.0,6,d_eff,108.84004458825545,,132.54
pb_cnn_40,sweep_all,Paired-Biases,CNN,synthetic,N,400,current_mixture,0.1,10,1e-12,width,0.0,6,g_ibp,15.16211067297874,,0.004
pb_cnn_40,sweep_all,Paired-Biases,CNN,synthetic,N,400,current_mixture,0.1,10,1e-12,width,0.0,6,a_tau,5.991464547107982,,11.795
pb_cnn_40,sweep_all,Paired-Biases,CNN,synthetic,N,400,current_mixture,0.1,10,1e-12,width,0.0,7,margin_hat_min,0.11103185266256332,,96.891
pb_cnn_40,sweep_all,Paired-Biases,CNN,synthetic,N,400,current_mixture,0.1,10,1e-12,width,0.0,7,d_eff,107.8606523468185,,96.891
pb_cnn_40,sweep_all,Paired-Biases,CNN,synthetic,N,400,current_mixture,0.1,10,1e-12,width,0.0,7,g_ibp,15.156840190428218,,0.04
pb_cnn_40,sweep_all,Paired-Biases,CNN,synthetic,N,400,current_mixture,0.1,10,1e-12,width,0.0,7,a_tau,5.991464547107982,,11.618
pb_cnn_40,sweep_all,Paired-Biases,CNN,synthetic,N,800,current_mixture,0.1,10,1e-12,width,0.0,0,margin_hat_min,0.1108909621834755,,202.62
pb_cnn_40,sweep_all,Paired-Biases,CNN,synthetic,N,800,current_mixture,0.1,10,1e-12,width,0.0,0,d_eff,108.3535175412404,,202.62
pb_cnn_40,sweep_all,Paired-Biases,CNN,synthetic,N,800,current_mixture,0.1,10,1e-12,width,0.0,0,g_ibp,15.17482690420099,,0.005
pb_cnn_40,sweep_all,Paired-Biases,CNN,synthetic,N,800,current_mixture,0.1,10,1e-12,width,0.0,0,a_tau,6.684611727667927,,16.625
pb_cnn_40,sweep_all,Paired-Biases,CNN,synthetic,N,800,current_mixture,0.1,10,1e-12,width,0.0,1,margin_hat_min,0.11091329902410507,,252.472
pb_cnn_40,sweep_all,Paired-Biases,CNN,synthetic,N,800,current_mixture,0.1,10,1e-12,width,0.0,1,d_eff,108.34933482702247,,252.472
pb_cnn_40,sweep_all,Paired-Biases,CNN,synthetic,N,800,current_mixture,0.1,10,1e-12,width,0.0,1,g_ibp,15.171972234361627,,0.003
pb_cnn_40,sweep_all,Paired-Biases,CNN,synthetic,N,800,current_mixture,0.1,10,1e-12,width,0.0,1,a_tau,6.684611727667927,,20.333
pb_cnn_40,sweep_all,Paired-Biases,CNN,synthetic,N,800,current_mixture,0.1,10,1e-12,width,0.0,2,margin_hat_min,0.11090205609798431,,172.695
pb_cnn_40,sweep_all,Paired-Biases,CNN,synthetic,N,800,current_mixture,0.1,10,1e-12,width,0.0,2,d_eff,108.35543687011418,,172.695
pb_cnn_40,sweep_all,Paired-Biases,CNN,synthetic,N,800,current_mixture,0.1,10,1e-12,width,0.0,2,g_ibp,15.173408947461645,,0.044
pb_cnn_40,sweep_all,Paired-Biases,CNN,synthetic,N,800,current_mixture,0.1,10,1e-12,width,0.0,2,a_tau,6.684611727667927,,21.303
pb_cnn_40,sweep_all,Paired-Biases,CNN,synthetic,N,800,current_mixture,0.1,10,1e-12,width,0.0,3,margin_hat_min,0.11089185625314713,,252.265
pb_cnn_40,sweep_all,Paired-Biases,CNN,synthetic,N,800,current_mixture,0.1,10,1e-12,width,0.0,3,d_eff,108.83037905355893,,252.265
pb_cnn_40,sweep_all,Paired-Biases,CNN,synthetic,N,800,current_mixture,0.1,10,1e-12,width,0.0,3,g_ibp,15.174712619137471,,0.04
pb_cnn_40,sweep_all,Paired-Biases,CNN,synthetic,N,800,current_mixture,0.1,10,1e-12,width,0.0,3,a_tau,6.684611727667927,,21.032
pb_cnn_40,sweep_all,Paired-Biases,CNN,synthetic,N,800,current_mixture,0.1,10,1e-12,width,0.0,4,margin_hat_min,0.11093682050704956,,196.399
pb_cnn_40,sweep_all,Paired-Biases,CNN,synthetic,N,800,current_mixture,0.1,10,1e-12,width,0.0,4,d_eff,108.30095931582491,,196.399
pb_cnn_40,sweep_all,Paired-Biases,CNN,synthetic,N,800,current_mixture,0.1,10,1e-12,width,0.0,4,g_ibp,15.168967408716963,,0.04
pb_cnn_40,sweep_all,Paired-Biases,CNN,synthetic,N,800,current_mixture,0.1,10,1e-12,width,0.0,4,a_tau,6.684611727667927,,19.788
pb_cnn_40,sweep_all,Paired-Biases,CNN,synthetic,N,800,current_mixture,0.1,10,1e-12,width,0.0,5,margin_hat_min,0.11100690811872482,,252.106
pb_cnn_40,sweep_all,Paired-Biases,CNN,synthetic,N,800,current_mixture,0.1,10,1e-12,width,0.0,5,d_eff,108.21242367506109,,252.106
pb_cnn_40,sweep_all,Paired-Biases,CNN,synthetic,N,800,current_mixture,0.1,10,1e-12,width,0.0,5,g_ibp,15.160021397136218,,0.044
pb_cnn_40,sweep_all,Paired-Biases,CNN,synthetic,N,800,current_mixture,0.1,10,1e-12,width,0.0,5,a_tau,6.684611727667927,,19.935
pb_cnn_40,sweep_all,Paired-Biases,CNN,synthetic,N,800,current_mixture,0.1,10,1e-12,width,0.0,6,margin_hat_min,0.11095510423183441,,154.116
pb_cnn_40,sweep_all,Paired-Biases,CNN,synthetic,N,800,current_mixture,0.1,10,1e-12,width,0.0,6,d_eff,108.67167464417305,,154.116
pb_cnn_40,sweep_all,Paired-Biases,CNN,synthetic,N,800,current_mixture,0.1,10,1e-12,width,0.0,6,g_ibp,15.166632576963364,,0.044
pb_cnn_40,sweep_all,Paired-Biases,CNN,synthetic,N,800,current_mixture,0.1,10,1e-12,width,0.0,6,a_tau,6.684611727667927,,5.164
pb_cnn_40,sweep_all,Paired-Biases,CNN,synthetic,N,800,current_mixture,0.1,10,1e-12,width,0.0,7,margin_hat_min,0.11099125444889069,,213.851
pb_cnn_40,sweep_all,Paired-Biases,CNN,synthetic,N,800,current_mixture,0.1,10,1e-12,width,0.0,7,d_eff,108.0626627037643,,213.851
pb_cnn_40,sweep_all,Paired-Biases,CNN,synthetic,N,800,current_mixture,0.1,10,1e-12,width,0.0,7,g_ibp,15.16201845808389,,0.033
pb_cnn_40,sweep_all,Paired-Biases,CNN,synthetic,N,800,current_mixture,0.1,10,1e-12,width,0.0,7,a_tau,6.684611727667927,,18.968
pb_cnn_40,sweep_all,Paired-Biases,CNN,synthetic,N,1600,current_mixture,0.1,10,1e-12,width,0.0,0,margin_hat_min,0.11096984148025513,,299.999
pb_cnn_40,sweep_all,Paired-Biases,CNN,synthetic,N,1600,current_mixture,0.1,10,1e-12,width,0.0,0,d_eff,108.7468646497896,,299.999
pb_cnn_40,sweep_all,Paired-Biases,CNN,synthetic,N,1600,current_mixture,0.1,10,1e-12,width,0.0,0,g_ibp,15.164751190265997,,0.029
pb_cnn_40,sweep_all,Paired-Biases,CNN,synthetic,N,1600,current_mixture,0.1,10,1e-12,width,0.0,0,a_tau,7.3777589082278725,,42.228
pb_cnn_40,sweep_all,Paired-Biases,CNN,synthetic,N,1600,current_mixture,0.1,10,1e-12,width,0.0,1,margin_hat_min,0.11096349358558655,,299.95
pb_cnn_40,sweep_all,Paired-Biases,CNN,synthetic,N,1600,current_mixture,0.1,10,1e-12,width,0.0,1,d_eff,108.54487165830089,,299.95
pb_cnn_40,sweep_all,Paired-Biases,CNN,synthetic,N,1600,current_mixture,0.1,10,1e-12,width,0.0,1,g_ibp,15.165561513964867,,0.034
pb_cnn_40,sweep_all,Paired-Biases,CNN,synthetic,N,1600,current_mixture,0.1,10,1e-12,width,0.0,1,a_tau,7.3777589082278725,,40.991
pb_cnn_40,sweep_all,Paired-Biases,CNN,synthetic,N,1600,current_mixture,0.1,10,1e-12,width,0.0,2,margin_hat_min,0.11089520156383514,,300.013
pb_cnn_40,sweep_all,Paired-Biases,CNN,synthetic,N,1600,current_mixture,0.1,10,1e-12,width,0.0,2,d_eff,108.48326757170273,,300.013
pb_cnn_40,sweep_all,Paired-Biases,CNN,synthetic,N,1600,current_mixture,0.1,10,1e-12,width,0.0,2,g_ibp,15.174285018872038,,0.005
pb_cnn_40,sweep_all,Paired-Biases,CNN,synthetic,N,1600,current_mixture,0.1,10,1e-12,width,0.0,2,a_tau,7.3777589082278725,,41.631
pb_cnn_40,sweep_all,Paired-Biases,CNN,synthetic,N,1600,current_mixture,0.1,10,1e-12,width,0.0,3,margin_hat_min,0.11081477999687195,,429.223
pb_cnn_40,sweep_all,Paired-Biases,CNN,synthetic,N,1600,current_mixture,0.1,10,1e-12,width,0.0,3,d_eff,108.68136063008313,,429.223
pb_cnn_40,sweep_all,Paired-Biases,CNN,synthetic,N,1600,current_mixture,0.1,10,1e-12,width,0.0,3,g_ibp,15.184571717197139,,0.077
pb_cnn_40,sweep_all,Paired-Biases,CNN,synthetic,N,1600,current_mixture,0.1,10,1e-12,width,0.0,3,a_tau,7.3777589082278725,,46.364
pb_cnn_40,sweep_all,Paired-Biases,CNN,synthetic,N,1600,current_mixture,0.1,10,1e-12,width,0.0,4,margin_hat_min,0.1108834445476532,,299.925
pb_cnn_40,sweep_all,Paired-Biases,CNN,synthetic,N,1600,current_mixture,0.1,10,1e-12,width,0.0,4,d_eff,108.60171624322194,,299.925
pb_cnn_40,sweep_all,Paired-Biases,CNN,synthetic,N,1600,current_mixture,0.1,10,1e-12,width,0.0,4,g_ibp,15.175787924008262,,0.037
pb_cnn_40,sweep_all,Paired-Biases,CNN,synthetic,N,1600,current_mixture,0.1,10,1e-12,width,0.0,4,a_tau,7.3777589082278725,,42.686
pb_cnn_40,sweep_all,Paired-Biases,CNN,synthetic,N,1600,current_mixture,0.1,10,1e-12,width,0.0,5,margin_hat_min,0.11094355583190918,,300.022
pb_cnn_40,sweep_all,Paired-Biases,CNN,synthetic,N,1600,current_mixture,0.1,10,1e-12,width,0.0,5,d_eff,108.71984147238265,,300.022
pb_cnn_40,sweep_all,Paired-Biases,CNN,synthetic,N,1600,current_mixture,0.1,10,1e-12,width,0.0,5,g_ibp,15.16810721816595,,0.037
pb_cnn_40,sweep_all,Paired-Biases,CNN,synthetic,N,1600,current_mixture,0.1,10,1e-12,width,0.0,5,a_tau,7.3777589082278725,,38.642
pb_cnn_40,sweep_all,Paired-Biases,CNN,synthetic,N,1600,current_mixture,0.1,10,1e-12,width,0.0,6,margin_hat_min,0.11101232469081879,,288.273
pb_cnn_40,sweep_all,Paired-Biases,CNN,synthetic,N,1600,current_mixture,0.1,10,1e-12,width,0.0,6,d_eff,108.8849526515667,,288.273
pb_cnn_40,sweep_all,Paired-Biases,CNN,synthetic,N,1600,current_mixture,0.1,10,1e-12,width,0.0,6,g_ibp,15.159330493878741,,0.037
pb_cnn_40,sweep_all,Paired-Biases,CNN,synthetic,N,1600,current_mixture,0.1,10,1e-12,width,0.0,6,a_tau,7.3777589082278725,,69.232
pb_cnn_40,sweep_all,Paired-Biases,CNN,synthetic,N,1600,current_mixture,0.1,10,1e-12,width,0.0,7,margin_hat_min,0.11086266487836838,,434.205
pb_cnn_40,sweep_all,Paired-Biases,CNN,synthetic,N,1600,current_mixture,0.1,10,1e-12,width,0.0,7,d_eff,108.30831635284898,,434.205
pb_cnn_40,sweep_all,Paired-Biases,CNN,synthetic,N,1600,current_mixture,0.1,10,1e-12,width,0.0,7,g_ibp,15.178444978889932,,0.052
pb_cnn_40,sweep_all,Paired-Biases,CNN,synthetic,N,1600,current_mixture,0.1,10,1e-12,width,0.0,7,a_tau,7.3777589082278725,,44.726
pb_cnn_41,sweep_all,Paired-Biases,CNN,synthetic,N,50,current_mixture,0.1,10,1e-12,width,0.0,0,margin_hat_min,0.11287359893321991,,82.337
pb_cnn_41,sweep_all,Paired-Biases,CNN,synthetic,N,50,current_mixture,0.1,10,1e-12,width,0.0,0,d_eff,246.5548875836203,,82.337
pb_cnn_41,sweep_all,Paired-Biases,CNN,synthetic,N,50,current_mixture,0.1,10,1e-12,width,0.0,0,g_ibp,17.035457480747297,,0.02
pb_cnn_41,sweep_all,Paired-Biases,CNN,synthetic,N,50,current_mixture,0.1,10,1e-12,width,0.0,0,a_tau,3.912023005428146,,5.467
pb_cnn_41,sweep_all,Paired-Biases,CNN,synthetic,N,50,current_mixture,0.1,10,1e-12,width,0.0,1,margin_hat_min,0.11294004321098328,,109.077
pb_cnn_41,sweep_all,Paired-Biases,CNN,synthetic,N,50,current_mixture,0.1,10,1e-12,width,0.0,1,d_eff,244.9473757490679,,109.077
pb_cnn_41,sweep_all,Paired-Biases,CNN,synthetic,N,50,current_mixture,0.1,10,1e-12,width,0.0,1,g_ibp,17.026023586792487,,0.04
pb_cnn_41,sweep_all,Paired-Biases,CNN,synthetic,N,50,current_mixture,0.1,10,1e-12,width,0.0,1,a_tau,3.912023005428146,,8.699
pb_cnn_41,sweep_all,Paired-Biases,CNN,synthetic,N,50,current_mixture,0.1,10,1e-12,width,0.0,2,margin_hat_min,0.11267736554145813,,122.483
pb_cnn_41,sweep_all,Paired-Biases,CNN,synthetic,N,50,current_mixture,0.1,10,1e-12,width,0.0,2,d_eff,246.96212861454634,,122.483
pb_cnn_41,sweep_all,Paired-Biases,CNN,synthetic,N,50,current_mixture,0.1,10,1e-12,width,0.0,2,g_ibp,17.06338404962606,,0.085
pb_cnn_41,sweep_all,Paired-Biases,CNN,synthetic,N,50,current_mixture,0.1,10,1e-12,width,0.0,2,a_tau,3.912023005428146,,8.402
pb_cnn_41,sweep_all,Paired-Biases,CNN,synthetic,N,50,current_mixture,0.1,10,1e-12,width,0.0,3,margin_hat_min,0.11292852461338043,,113.828
pb_cnn_41,sweep_all,Paired-Biases,CNN,synthetic,N,50,current_mixture,0.1,10,1e-12,width,0.0,3,d_eff,247.3678151723279,,113.828
pb_cnn_41,sweep_all,Paired-Biases,CNN,synthetic,N,50,current_mixture,0.1,10,1e-12,width,0.0,3,g_ibp,17.027658225317168,,0.04
pb_cnn_41,sweep_all,Paired-Biases,CNN,synthetic,N,50,current_mixture,0.1,10,1e-12,width,0.0,3,a_tau,3.912023005428146,,8.818
pb_cnn_41,sweep_all,Paired-Biases,CNN,synthetic,N,50,current_mixture,0.1,10,1e-12,width,0.0,4,margin_hat_min,0.11287214607000351,,95.906
pb_cnn_41,sweep_all,Paired-Biases,CNN,synthetic,N,50,current_mixture,0.1,10,1e-12,width,0.0,4,d_eff,246.16122689965175,,95.906
pb_cnn_41,sweep_all,Paired-Biases,CNN,synthetic,N,50,current_mixture,0.1,10,1e-12,width,0.0,4,g_ibp,17.035663885313372,,0.038
pb_cnn_41,sweep_all,Paired-Biases,CNN,synthetic,N,50,current_mixture,0.1,10,1e-12,width,0.0,4,a_tau,3.912023005428146,,9.061
pb_cnn_41,sweep_all,Paired-Biases,CNN,synthetic,N,50,current_mixture,0.1,10,1e-12,width,0.0,5,margin_hat_min,0.11298850178718567,,92.885
pb_cnn_41,sweep_all,Paired-Biases,CNN,synthetic,N,50,current_mixture,0.1,10,1e-12,width,0.0,5,d_eff,246.53789162363125,,92.885
pb_cnn_41,sweep_all,Paired-Biases,CNN,synthetic,N,50,current_mixture,0.1,10,1e-12,width,0.0,5,g_ibp,17.019150336214675,,0.004
pb_cnn_41,sweep_all,Paired-Biases,CNN,synthetic,N,50,current_mixture,0.1,10,1e-12,width,0.0,5,a_tau,3.912023005428146,,9.033
pb_cnn_41,sweep_all,Paired-Biases,CNN,synthetic,N,50,current_mixture,0.1,10,1e-12,width,0.0,6,margin_hat_min,0.1128561943769455,,118.584
pb_cnn_41,sweep_all,Paired-Biases,CNN,synthetic,N,50,current_mixture,0.1,10,1e-12,width,0.0,6,d_eff,246.24997199106093,,118.584
pb_cnn_41,sweep_all,Paired-Biases,CNN,synthetic,N,50,current_mixture,0.1,10,1e-12,width,0.0,6,g_ibp,17.037930451093747,,0.07
pb_cnn_41,sweep_all,Paired-Biases,CNN,synthetic,N,50,current_mixture,0.1,10,1e-12,width,0.0,6,a_tau,3.912023005428146,,9.385
pb_cnn_41,sweep_all,Paired-Biases,CNN,synthetic,N,50,current_mixture,0.1,10,1e-12,width,0.0,7,margin_hat_min,0.11290055513381958,,122.36
pb_cnn_41,sweep_all,Paired-Biases,CNN,synthetic,N,50,current_mixture,0.1,10,1e-12,width,0.0,7,d_eff,247.49404773468785,,122.36
pb_cnn_41,sweep_all,Paired-Biases,CNN,synthetic,N,50,current_mixture,0.1,10,1e-12,width,0.0,7,g_ibp,17.031628845821256,,0.074
pb_cnn_41,sweep_all,Paired-Biases,CNN,synthetic,N,50,current_mixture,0.1,10,1e-12,width,0.0,7,a_tau,3.912023005428146,,9.929
pb_cnn_41,sweep_all,Paired-Biases,CNN,synthetic,N,100,current_mixture,0.1,10,1e-12,width,0.0,0,margin_hat_min,0.11270648241043091,,231.114
pb_cnn_41,sweep_all,Paired-Biases,CNN,synthetic,N,100,current_mixture,0.1,10,1e-12,width,0.0,0,d_eff,245.47287988205034,,231.114
pb_cnn_41,sweep_all,Paired-Biases,CNN,synthetic,N,100,current_mixture,0.1,10,1e-12,width,0.0,0,g_ibp,17.059234195610344,,0.044
pb_cnn_41,sweep_all,Paired-Biases,CNN,synthetic,N,100,current_mixture,0.1,10,1e-12,width,0.0,0,a_tau,4.605170185988092,,17.954
pb_cnn_41,sweep_all,Paired-Biases,CNN,synthetic,N,100,current_mixture,0.1,10,1e-12,width,0.0,1,margin_hat_min,0.11258336156606674,,233.799
pb_cnn_41,sweep_all,Paired-Biases,CNN,synthetic,N,100,current_mixture,0.1,10,1e-12,width,0.0,1,d_eff,243.91655120512473,,233.799
pb_cnn_41,sweep_all,Paired-Biases,CNN,synthetic,N,100,current_mixture,0.1,10,1e-12,width,0.0,1,g_ibp,17.076796528502914,,0.005
pb_cnn_41,sweep_all,Paired-Biases,CNN,synthetic,N,100,current_mixture,0.1,10,1e-12,width,0.0,1,a_tau,4.605170185988092,,18.561
pb_cnn_41,sweep_all,Paired-Biases,CNN,synthetic,N,100,current_mixture,0.1,10,1e-12,width,0.0,2,margin_hat_min,0.11264725029468536,,240.616
pb_cnn_41,sweep_all,Paired-Biases,CNN,synthetic,N,100,current_mixture,0.1,10,1e-12,width,0.0,2,d_eff,247.0590415041963,,240.616
pb_cnn_41,sweep_all,Paired-Biases,CNN,synthetic,N,100,current_mixture,0.1,10,1e-12,width,0.0,2,g_ibp,17.06767845338106,,0.034
pb_cnn_41,sweep_all,Paired-Biases,CNN,synthetic,N,100,current_mixture,0.1,10,1e-12,width,0.0,2,a_tau,4.605170185988092,,18.441
pb_cnn_41,sweep_all,Paired-Biases,CNN,synthetic,N,100,current_mixture,0.1,10,1e-12,width,0.0,3,margin_hat_min,0.11278991401195526,,220.64
pb_cnn_41,sweep_all,Paired-Biases,CNN,synthetic,N,100,current_mixture,0.1,10,1e-12,width,0.0,3,d_eff,244.57634297150892,,220.64
pb_cnn_41,sweep_all,Paired-Biases,CNN,synthetic,N,100,current_mixture,0.1,10,1e-12,width,0.0,3,g_ibp,17.047355051629076,,0.004
pb_cnn_41,sweep_all,Paired-Biases,CNN,synthetic,N,100,current_mixture,0.1,10,1e-12,width,0.0,3,a_tau,4.605170185988092,,17.324
pb_cnn_41,sweep_all,Paired-Biases,CNN,synthetic,N,100,current_mixture,0.1,10,1e-12,width,0.0,4,margin_hat_min,0.11240129917860031,,236.833
pb_cnn_41,sweep_all,Paired-Biases,CNN,synthetic,N,100,current_mixture,0.1,10,1e-12,width,0.0,4,d_eff,247.20186428579922,,236.833
pb_cnn_41,sweep_all,Paired-Biases,CNN,synthetic,N,100,current_mixture,0.1,10,1e-12,width,0.0,4,g_ibp,17.10283697447778,,0.052
pb_cnn_41,sweep_all,Paired-Biases,CNN,synthetic,N,100,current_mixture,0.1,10,1e-12,width,0.0,4,a_tau,4.605170185988092,,19.215
pb_cnn_41,sweep_all,Paired-Biases,CNN,synthetic,N,100,current_mixture,0.1,10,1e-12,width,0.0,5,margin_hat_min,0.11267559230327606,,223.823
pb_cnn_41,sweep_all,Paired-Biases,CNN,synthetic,N,100,current_mixture,0.1,10,1e-12,width,0.0,5,d_eff,245.5435191709291,,223.823
pb_cnn_41,sweep_all,Paired-Biases,CNN,synthetic,N,100,current_mixture,0.1,10,1e-12,width,0.0,5,g_ibp,17.063636847994786,,0.052
pb_cnn_41,sweep_all,Paired-Biases,CNN,synthetic,N,100,current_mixture,0.1,10,1e-12,width,0.0,5,a_tau,4.605170185988092,,19.613
pb_cnn_41,sweep_all,Paired-Biases,CNN,synthetic,N,100,current_mixture,0.1,10,1e-12,width,0.0,6,margin_hat_min,0.11259594559669495,,244.347
pb_cnn_41,sweep_all,Paired-Biases,CNN,synthetic,N,100,current_mixture,0.1,10,1e-12,width,0.0,6,d_eff,246.57746104000842,,244.347
pb_cnn_41,sweep_all,Paired-Biases,CNN,synthetic,N,100,current_mixture,0.1,10,1e-12,width,0.0,6,g_ibp,17.07499974178165,,0.052
pb_cnn_41,sweep_all,Paired-Biases,CNN,synthetic,N,100,current_mixture,0.1,10,1e-12,width,0.0,6,a_tau,4.605170185988092,,10.132
pb_cnn_41,sweep_all,Paired-Biases,CNN,synthetic,N,100,current_mixture,0.1,10,1e-12,width,0.0,7,margin_hat_min,0.11273469775915146,,225.811
pb_cnn_41,sweep_all,Paired-Biases,CNN,synthetic,N,100,current_mixture,0.1,10,1e-12,width,0.0,7,d_eff,244.22530419573562,,225.811
pb_cnn_41,sweep_all,Paired-Biases,CNN,synthetic,N,100,current_mixture,0.1,10,1e-12,width,0.0,7,g_ibp,17.05521487501059,,0.052
pb_cnn_41,sweep_all,Paired-Biases,CNN,synthetic,N,100,current_mixture,0.1,10,1e-12,width,0.0,7,a_tau,4.605170185988092,,19.397
pb_cnn_41,sweep_all,Paired-Biases,CNN,synthetic,N,200,current_mixture,0.1,10,1e-12,width,0.0,0,margin_hat_min,0.11218319088220596,,514.947
pb_cnn_41,sweep_all,Paired-Biases,CNN,synthetic,N,200,current_mixture,0.1,10,1e-12,width,0.0,0,d_eff,244.8663344957709,,514.947
pb_cnn_41,sweep_all,Paired-Biases,CNN,synthetic,N,200,current_mixture,0.1,10,1e-12,width,0.0,0,g_ibp,17.13414435940745,,0.052
pb_cnn_41,sweep_all,Paired-Biases,CNN,synthetic,N,200,current_mixture,0.1,10,1e-12,width,0.0,0,a_tau,5.298317366548036,,34.067
pb_cnn_41,sweep_all,Paired-Biases,CNN,synthetic,N,200,current_mixture,0.1,10,1e-12,width,0.0,1,margin_hat_min,0.11203736066818237,,485.867
pb_cnn_41,sweep_all,Paired-Biases,CNN,synthetic,N,200,current_mixture,0.1,10,1e-12,width,0.0,1,d_eff,245.44897946479296,,485.867
pb_cnn_41,sweep_all,Paired-Biases,CNN,synthetic,N,200,current_mixture,0.1,10,1e-12,width,0.0,1,g_ibp,17.155144905216158,,0.061
pb_cnn_41,sweep_all,Paired-Biases,CNN,synthetic,N,200,current_mixture,0.1,10,1e-12,width,0.0,1,a_tau,5.298317366548036,,34.566
pb_cnn_41,sweep_all,Paired-Biases,CNN,synthetic,N,200,current_mixture,0.1,10,1e-12,width,0.0,2,margin_hat_min,0.11212916672229767,,299.915
pb_cnn_41,sweep_all,Paired-Biases,CNN,synthetic,N,200,current_mixture,0.1,10,1e-12,width,0.0,2,d_eff,246.07515998955665,,299.915
pb_cnn_41,sweep_all,Paired-Biases,CNN,synthetic,N,200,current_mixture,0.1,10,1e-12,width,0.0,2,g_ibp,17.141917837266313,,0.052
pb_cnn_41,sweep_all,Paired-Biases,CNN,synthetic,N,200,current_mixture,0.1,10,1e-12,width,0.0,2,a_tau,5.298317366548036,,30.086
pb_cnn_41,sweep_all,Paired-Biases,CNN,synthetic,N,200,current_mixture,0.1,10,1e-12,width,0.0,3,margin_hat_min,0.1122954711318016,,420.167
pb_cnn_41,sweep_all,Paired-Biases,CNN,synthetic,N,200,current_mixture,0.1,10,1e-12,width,0.0,3,d_eff,244.8282964724003,,420.167
pb_cnn_41,sweep_all,Paired-Biases,CNN,synthetic,N,200,current_mixture,0.1,10,1e-12,width,0.0,3,g_ibp,17.11801240201494,,0.062
pb_cnn_41,sweep_all,Paired-Biases,CNN,synthetic,N,200,current_mixture,0.1,10,1e-12,width,0.0,3,a_tau,5.298317366548036,,31.032
pb_cnn_41,sweep_all,Paired-Biases,CNN,synthetic,N,200,current_mixture,0.1,10,1e-12,width,0.0,4,margin_hat_min,0.11225159466266632,,299.864
pb_cnn_41,sweep_all,Paired-Biases,CNN,synthetic,N,200,current_mixture,0.1,10,1e-12,width,0.0,4,d_eff,245.31065583140983,,299.864
pb_cnn_41,sweep_all,Paired-Biases,CNN,synthetic,N,200,current_mixture,0.1,10,1e-12,width,0.0,4,g_ibp,17.1243125483585,,0.052
pb_cnn_41,sweep_all,Paired-Biases,CNN,synthetic,N,200,current_mixture,0.1,10,1e-12,width,0.0,4,a_tau,5.298317366548036,,21.211
pb_cnn_41,sweep_all,Paired-Biases,CNN,synthetic,N,200,current_mixture,0.1,10,1e-12,width,0.0,5,margin_hat_min,0.11204259097576141,,299.926
pb_cnn_41,sweep_all,Paired-Biases,CNN,synthetic,N,200,current_mixture,0.1,10,1e-12,width,0.0,5,d_eff,245.47034444996004,,299.926
pb_cnn_41,sweep_all,Paired-Biases,CNN,synthetic,N,200,current_mixture,0.1,10,1e-12,width,0.0,5,g_ibp,17.15439076006384,,0.051
pb_cnn_41,sweep_all,Paired-Biases,CNN,synthetic,N,200,current_mixture,0.1,10,1e-12,width,0.0,5,a_tau,5.298317366548036,,34.246
pb_cnn_41,sweep_all,Paired-Biases,CNN,synthetic,N,200,current_mixture,0.1,10,1e-12,width,0.0,6,margin_hat_min,0.1120109036564827,,299.922
pb_cnn_41,sweep_all,Paired-Biases,CNN,synthetic,N,200,current_mixture,0.1,10,1e-12,width,0.0,6,d_eff,246.4283793852712,,299.922
pb_cnn_41,sweep_all,Paired-Biases,CNN,synthetic,N,200,current_mixture,0.1,10,1e-12,width,0.0,6,g_ibp,17.15896075567188,,0.005
pb_cnn_41,sweep_all,Paired-Biases,CNN,synthetic,N,200,current_mixture,0.1,10,1e-12,width,0.0,6,a_tau,5.298317366548036,,25.413
pb_cnn_41,sweep_all,Paired-Biases,CNN,synthetic,N,200,current_mixture,0.1,10,1e-12,width,0.0,7,margin_hat_min,0.11216346174478531,,299.936
pb_cnn_41,sweep_all,Paired-Biases,CNN,synthetic,N,200,current_mixture,0.1,10,1e-12,width,0.0,7,d_eff,245.7929459359971,,299.936
pb_cnn_41,sweep_all,Paired-Biases,CNN,synthetic,N,200,current_mixture,0.1,10,1e-12,width,0.0,7,g_ibp,17.136982295632645,,0.053
pb_cnn_41,sweep_all,Paired-Biases,CNN,synthetic,N,200,current_mixture,0.1,10,1e-12,width,0.0,7,a_tau,5.298317366548036,,34.746
pb_cnn_41,sweep_all,Paired-Biases,CNN,synthetic,N,400,current_mixture,0.1,10,1e-12,width,0.0,0,margin_hat_min,0.11216241121292114,,714.32
pb_cnn_41,sweep_all,Paired-Biases,CNN,synthetic,N,400,current_mixture,0.1,10,1e-12,width,0.0,0,d_eff,245.41674363823364,,714.32
pb_cnn_41,sweep_all,Paired-Biases,CNN,synthetic,N,400,current_mixture,0.1,10,1e-12,width,0.0,0,g_ibp,17.137133437302207,,0.026
pb_cnn_41,sweep_all,Paired-Biases,CNN,synthetic,N,400,current_mixture,0.1,10,1e-12,width,0.0,0,a_tau,5.991464547107982,,46.316
pb_cnn_41,sweep_all,Paired-Biases,CNN,synthetic,N,400,current_mixture,0.1,10,1e-12,width,0.0,1,margin_hat_min,0.11208826303482056,,479.541
pb_cnn_41,sweep_all,Paired-Biases,CNN,synthetic,N,400,current_mixture,0.1,10,1e-12,width,0.0,1,d_eff,245.48956543919329,,479.541
pb_cnn_41,sweep_all,Paired-Biases,CNN,synthetic,N,400,current_mixture,0.1,10,1e-12,width,0.0,1,g_ibp,17.147808409076546,,0.004
pb_cnn_41,sweep_all,Paired-Biases,CNN,synthetic,N,400,current_mixture,0.1,10,1e-12,width,0.0,1,a_tau,5.991464547107982,,58.137
pb_cnn_41,sweep_all,Paired-Biases,CNN,synthetic,N,400,current_mixture,0.1,10,1e-12,width,0.0,2,margin_hat_min,0.11194466799497604,,532.191
pb_cnn_41,sweep_all,Paired-Biases,CNN,synthetic,N,400,current_mixture,0.1,10,1e-12,width,0.0,2,d_eff,246.0579687230147,,532.191
pb_cnn_41,sweep_all,Paired-Biases,CNN,synthetic,N,400,current_mixture,0.1,10,1e-12,width,0.0,2,g_ibp,17.168521724265315,,0.062
pb_cnn_41,sweep_all,Paired-Biases,CNN,synthetic,N,400,current_mixture,0.1,10,1e-12,width,0.0,2,a_tau,5.991464547107982,,52.249
pb_cnn_41,sweep_all,Paired-Biases,CNN,synthetic,N,400,current_mixture,0.1,10,1e-12,width,0.0,3,margin_hat_min,0.11212767660617828,,694.834
pb_cnn_41,sweep_all,Paired-Biases,CNN,synthetic,N,400,current_mixture,0.1,10,1e-12,width,0.0,3,d_eff,245.3696010888423,,694.834
pb_cnn_41,sweep_all,Paired-Biases,CNN,synthetic,N,400,current_mixture,0.1,10,1e-12,width,0.0,3,g_ibp,17.142132354615594,,0.006
pb_cnn_41,sweep_all,Paired-Biases,CNN,synthetic,N,400,current_mixture,0.1,10,1e-12,width,0.0,3,a_tau,5.991464547107982,,27.298
pb_cnn_41,sweep_all,Paired-Biases,CNN,synthetic,N,400,current_mixture,0.1,10,1e-12,width,0.0,4,margin_hat_min,0.11213953047990799,,689.294
pb_cnn_41,sweep_all,Paired-Biases,CNN,synthetic,N,400,current_mixture,0.1,10,1e-12,width,0.0,4,d_eff,245.72595704356195,,689.294
pb_cnn_41,sweep_all,Paired-Biases,CNN,synthetic,N,400,current_mixture,0.1,10,1e-12,width,0.0,4,g_ibp,17.14042602681273,,0.034
pb_cnn_41,sweep_all,Paired-Biases,CNN,synthetic,N,400,current_mixture,0.1,10,1e-12,width,0.0,4,a_tau,5.991464547107982,,42.407
pb_cnn_41,sweep_all,Paired-Biases,CNN,synthetic,N,400,current_mixture,0.1,10,1e-12,width,0.0,5,margin_hat_min,0.11195427179336548,,506.464
pb_cnn_41,sweep_all,Paired-Biases,CNN,synthetic,N,400,current_mixture,0.1,10,1e-12,width,0.0,5,d_eff,245.4540217581914,,506.464
pb_cnn_41,sweep_all,Paired-Biases,CNN,synthetic,N,400,current_mixture,0.1,10,1e-12,width,0.0,5,g_ibp,17.167134736342422,,0.045
pb_cnn_41,sweep_all,Paired-Biases,CNN,synthetic,N,400,current_mixture,0.1,10,1e-12,width,0.0,5,a_tau,5.991464547107982,,21.021
pb_cnn_41,sweep_all,Paired-Biases,CNN,synthetic,N,400,current_mixture,0.1,10,1e-12,width,0.0,6,margin_hat_min,0.11209343373775482,,689.503
pb_cnn_41,sweep_all,Paired-Biases,CNN,synthetic,N,400,current_mixture,0.1,10,1e-12,width,0.0,6,d_eff,246.3585735913287,,689.503
pb_cnn_41,sweep_all,Paired-Biases,CNN,synthetic,N,400,current_mixture,0.1,10,1e-12,width,0.0,6,g_ibp,17.14706353475574,,0.083
pb_cnn_41,sweep_all,Paired-Biases,CNN,synthetic,N,400,current_mixture,0.1,10,1e-12,width,0.0,6,a_tau,5.991464547107982,,37.999
pb_cnn_41,sweep_all,Paired-Biases,CNN,synthetic,N,400,current_mixture,0.1,10,1e-12,width,0.0,7,margin_hat_min,0.11211462318897247,,507.612
pb_cnn_41,sweep_all,Paired-Biases,CNN,synthetic,N,400,current_mixture,0.1,10,1e-12,width,0.0,7,d_eff,244.53318547422742,,507.612
pb_cnn_41,sweep_all,Paired-Biases,CNN,synthetic,N,400,current_mixture,0.1,10,1e-12,width,0.0,7,g_ibp,17.144011770361917,,0.044
pb_cnn_41,sweep_all,Paired-Biases,CNN,synthetic,N,400,current_mixture,0.1,10,1e-12,width,0.0,7,a_tau,5.991464547107982,,49.473
pb_cnn_41,sweep_all,Paired-Biases,CNN,synthetic,N,800,current_mixture,0.1,10,1e-12,width,0.0,0,margin_hat_min,0.11215431988239288,,737.266
pb_cnn_41,sweep_all,Paired-Biases,CNN,synthetic,N,800,current_mixture,0.1,10,1e-12,width,0.0,0,d_eff,245.05820091443763,,737.266
pb_cnn_41,sweep_all,Paired-Biases,CNN,synthetic,N,800,current_mixture,0.1,10,1e-12,width,0.0,0,g_ibp,17.138297644624362,,0.045
pb_cnn_41,sweep_all,Paired-Biases,CNN,synthetic,N,800,current_mixture,0.1,10,1e-12,width,0.0,0,a_tau,6.684611727667927,,62.475
pb_cnn_41,sweep_all,Paired-Biases,CNN,synthetic,N,800,current_mixture,0.1,10,1e-12,width,0.0,1,margin_hat_min,0.11239087581634521,,790.607
pb_cnn_41,sweep_all,Paired-Biases,CNN,synthetic,N,800,current_mixture,0.1,10,1e-12,width,0.0,1,d_eff,245.77834220903128,,790.607
pb_cnn_41,sweep_all,Paired-Biases,CNN,synthetic,N,800,current_mixture,0.1,10,1e-12,width,0.0,1,g_ibp,17.10433038488053,,0.032
pb_cnn_41,sweep_all,Paired-Biases,CNN,synthetic,N,800,current_mixture,0.1,10,1e-12,width,0.0,1,a_tau,6.684611727667927,,56.488
pb_cnn_41,sweep_all,Paired-Biases,CNN,synthetic,N,800,current_mixture,0.1,10,1e-12,width,0.0,2,margin_hat_min,0.11227652430534363,,797.161
pb_cnn_41,sweep_all,Paired-Biases,CNN,synthetic,N,800,current_mixture,0.1,10,1e-12,width,0.0,2,d_eff,245.56800434130395,,797.161
pb_cnn_41,sweep_all,Paired-Biases,CNN,synthetic,N,800,current_mixture,0.1,10,1e-12,width,0.0,2,g_ibp,17.120732340004782,,0.028
pb_cnn_41,sweep_all,Paired-Biases,CNN,synthetic,N,800,current_mixture,0.1,10,1e-12,width,0.0,2,a_tau,6.684611727667927,,50.661
pb_cnn_41,sweep_all,Paired-Biases,CNN,synthetic,N,800,current_mixture,0.1,10,1e-12,width,0.0,3,margin_hat_min,0.11237074434757233,,787.829
pb_cnn_41,sweep_all,Paired-Biases,CNN,synthetic,N,800,current_mixture,0.1,10,1e-12,width,0.0,3,d_eff,245.18118066121264,,787.829
pb_cnn_41,sweep_all,Paired-Biases,CNN,synthetic,N,800,current_mixture,0.1,10,1e-12,width,0.0,3,g_ibp,17.107215511486487,,0.028
pb_cnn_41,sweep_all,Paired-Biases,CNN,synthetic,N,800,current_mixture,0.1,10,1e-12,width,0.0,3,a_tau,6.684611727667927,,54.018
pb_cnn_41,sweep_all,Paired-Biases,CNN,synthetic,N,800,current_mixture,0.1,10,1e-12,width,0.0,4,margin_hat_min,0.11239966005086899,,784.817
pb_cnn_41,sweep_all,Paired-Biases,CNN,synthetic,N,800,current_mixture,0.1,10,1e-12,width,0.0,4,d_eff,245.93730269768542,,784.817
pb_cnn_41,sweep_all,Paired-Biases,CNN,synthetic,N,800,current_mixture,0.1,10,1e-12,width,0.0,4,g_ibp,17.103071802649197,,0.028
pb_cnn_41,sweep_all,Paired-Biases,CNN,synthetic,N,800,current_mixture,0.1,10,1e-12,width,0.0,4,a_tau,6.684611727667927,,55.038
pb_cnn_41,sweep_all,Paired-Biases,CNN,synthetic,N,800,current_mixture,0.1,10,1e-12,width,0.0,5,margin_hat_min,0.11215486377477646,,720.841
pb_cnn_41,sweep_all,Paired-Biases,CNN,synthetic,N,800,current_mixture,0.1,10,1e-12,width,0.0,5,d_eff,244.65258310376515,,720.841
pb_cnn_41,sweep_all,Paired-Biases,CNN,synthetic,N,800,current_mixture,0.1,10,1e-12,width,0.0,5,g_ibp,17.13821938232813,,0.038
pb_cnn_41,sweep_all,Paired-Biases,CNN,synthetic,N,800,current_mixture,0.1,10,1e-12,width,0.0,5,a_tau,6.684611727667927,,50.553
pb_cnn_41,sweep_all,Paired-Biases,CNN,synthetic,N,800,current_mixture,0.1,10,1e-12,width,0.0,6,margin_hat_min,0.1121395155787468,,709.091
pb_cnn_41,sweep_all,Paired-Biases,CNN,synthetic,N,800,current_mixture,0.1,10,1e-12,width,0.0,6,d_eff,245.24471139857485,,709.091
pb_cnn_41,sweep_all,Paired-Biases,CNN,synthetic,N,800,current_mixture,0.1,10,1e-12,width,0.0,6,g_ibp,17.140428171561517,,0.005
pb_cnn_41,sweep_all,Paired-Biases,CNN,synthetic,N,800,current_mixture,0.1,10,1e-12,width,0.0,6,a_tau,6.684611727667927,,56.311
pb_cnn_41,sweep_all,Paired-Biases,CNN,synthetic,N,800,current_mixture,0.1,10,1e-12,width,0.0,7,margin_hat_min,0.11219760775566101,,699.226
pb_cnn_41,sweep_all,Paired-Biases,CNN,synthetic,N,800,current_mixture,0.1,10,1e-12,width,0.0,7,d_eff,244.99562560583098,,699.226
pb_cnn_41,sweep_all,Paired-Biases,CNN,synthetic,N,800,current_mixture,0.1,10,1e-12,width,0.0,7,g_ibp,17.132071196510434,,0.033
pb_cnn_41,sweep_all,Paired-Biases,CNN,synthetic,N,800,current_mixture,0.1,10,1e-12,width,0.0,7,a_tau,6.684611727667927,,51.782
pb_cnn_41,sweep_all,Paired-Biases,CNN,synthetic,N,1600,current_mixture,0.1,10,1e-12,width,0.0,0,margin_hat_min,0.11250445991754532,,721.131
pb_cnn_41,sweep_all,Paired-Biases,CNN,synthetic,N,1600,current_mixture,0.1,10,1e-12,width,0.0,0,d_eff,245.28442992636502,,721.131
pb_cnn_41,sweep_all,Paired-Biases,CNN,synthetic,N,1600,current_mixture,0.1,10,1e-12,width,0.0,0,g_ibp,17.08807151040106,,0.018
pb_cnn_41,sweep_all,Paired-Biases,CNN,synthetic,N,1600,current_mixture,0.1,10,1e-12,width,0.0,0,a_tau,7.3777589082278725,,67.619
pb_cnn_41,sweep_all,Paired-Biases,CNN,synthetic,N,1600,current_mixture,0.1,10,1e-12,width,0.0,1,margin_hat_min,0.1124248057603836,,702.959
pb_cnn_41,sweep_all,Paired-Biases,CNN,synthetic,N,1600,current_mixture,0.1,10,1e-12,width,0.0,1,d_eff,245.8813951963213,,702.959
pb_cnn_41,sweep_all,Paired-Biases,CNN,synthetic,N,1600,current_mixture,0.1,10,1e-12,width,0.0,1,g_ibp,17.099470078251276,,0.036
pb_cnn_41,sweep_all,Paired-Biases,CNN,synthetic,N,1600,current_mixture,0.1,10,1e-12,width,0.0,1,a_tau,7.3777589082278725,,51.086
pb_cnn_41,sweep_all,Paired-Biases,CNN,synthetic,N,1600,current_mixture,0.1,10,1e-12,width,0.0,2,margin_hat_min,0.11253763735294342,,666.68
pb_cnn_41,sweep_all,Paired-Biases,CNN,synthetic,N,1600,current_mixture,0.1,10,1e-12,width,0.0,2,d_eff,245.4630058714939,,666.68
pb_cnn_41,sweep_all,Paired-Biases,CNN,synthetic,N,1600,current_mixture,0.1,10,1e-12,width,0.0,2,g_ibp,17.08332855537049,,0.005
pb_cnn_41,sweep_all,Paired-Biases,CNN,synthetic,N,1600,current_mixture,0.1,10,1e-12,width,0.0,2,a_tau,7.3777589082278725,,68.976
pb_cnn_41,sweep_all,Paired-Biases,CNN,synthetic,N,1600,current_mixture,0.1,10,1e-12,width,0.0,3,margin_hat_min,0.11260639131069183,,698.113
pb_cnn_41,sweep_all,Paired-Biases,CNN,synthetic,N,1600,current_mixture,0.1,10,1e-12,width,0.0,3,d_eff,244.85433050998492,,698.113
pb_cnn_41,sweep_all,Paired-Biases,CNN,synthetic,N,1600,current_mixture,0.1,10,1e-12,width,0.0,3,g_ibp,17.073508575535694,,0.02
pb_cnn_41,sweep_all,Paired-Biases,CNN,synthetic,N,1600,current_mixture,0.1,10,1e-12,width,0.0,3,a_tau,7.3777589082278725,,43.647
pb_cnn_41,sweep_all,Paired-Biases,CNN,synthetic,N,1600,current_mixture,0.1,10,1e-12,width,0.0,4,margin_hat_min,0.11254339665174484,,680.073
pb_cnn_41,sweep_all,Paired-Biases,CNN,synthetic,N,1600,current_mixture,0.1,10,1e-12,width,0.0,4,d_eff,245.1611027645988,,680.073
pb_cnn_41,sweep_all,Paired-Biases,CNN,synthetic,N,1600,current_mixture,0.1,10,1e-12,width,0.0,4,g_ibp,17.082505506683255,,0.005
pb_cnn_41,sweep_all,Paired-Biases,CNN,synthetic,N,1600,current_mixture,0.1,10,1e-12,width,0.0,4,a_tau,7.3777589082278725,,48.849
pb_cnn_41,sweep_all,Paired-Biases,CNN,synthetic,N,1600,current_mixture,0.1,10,1e-12,width,0.0,5,margin_hat_min,0.11250549554824829,,622.585
pb_cnn_41,sweep_all,Paired-Biases,CNN,synthetic,N,1600,current_mixture,0.1,10,1e-12,width,0.0,5,d_eff,245.59090215146725,,622.585
pb_cnn_41,sweep_all,Paired-Biases,CNN,synthetic,N,1600,current_mixture,0.1,10,1e-12,width,0.0,5,g_ibp,17.08792341718369,,0.011
pb_cnn_41,sweep_all,Paired-Biases,CNN,synthetic,N,1600,current_mixture,0.1,10,1e-12,width,0.0,5,a_tau,7.3777589082278725,,38.974
pb_cnn_41,sweep_all,Paired-Biases,CNN,synthetic,N,1600,current_mixture,0.1,10,1e-12,width,0.0,6,margin_hat_min,0.11255433410406113,,605.338
pb_cnn_41,sweep_all,Paired-Biases,CNN,synthetic,N,1600,current_mixture,0.1,10,1e-12,width,0.0,6,d_eff,245.7014371165221,,605.338
pb_cnn_41,sweep_all,Paired-Biases,CNN,synthetic,N,1600,current_mixture,0.1,10,1e-12,width,0.0,6,g_ibp,17.080942691368286,,0.006
pb_cnn_41,sweep_all,Paired-Biases,CNN,synthetic,N,1600,current_mixture,0.1,10,1e-12,width,0.0,6,a_tau,7.3777589082278725,,16.891
pb_cnn_41,sweep_all,Paired-Biases,CNN,synthetic,N,1600,current_mixture,0.1,10,1e-12,width,0.0,7,margin_hat_min,0.11257612705230713,,615.304
pb_cnn_41,sweep_all,Paired-Biases,CNN,synthetic,N,1600,current_mixture,0.1,10,1e-12,width,0.0,7,d_eff,245.8161120591781,,615.304
pb_cnn_41,sweep_all,Paired-Biases,CNN,synthetic,N,1600,current_mixture,0.1,10,1e-12,width,0.0,7,g_ibp,17.077829676548955,,0.007
pb_cnn_41,sweep_all,Paired-Biases,CNN,synthetic,N,1600,current_mixture,0.1,10,1e-12,width,0.0,7,a_tau,7.3777589082278725,,2.088
poly11_deg18_b,polynomial_stress_22,Polynomial Net,POLYNOMIAL,synthetic,N,50,current_mixture,0.1,10,1e-12,width,0.0,0,margin_hat_min,,no_committed_onnx,0.0
poly11_deg18_b,polynomial_stress_22,Polynomial Net,POLYNOMIAL,synthetic,N,50,current_mixture,0.1,10,1e-12,width,0.0,0,d_eff,,no_committed_onnx,0.0
poly11_deg18_b,polynomial_stress_22,Polynomial Net,POLYNOMIAL,synthetic,N,50,current_mixture,0.1,10,1e-12,width,0.0,0,a_tau,,no_committed_onnx,0.0
poly11_deg18_b,polynomial_stress_22,Polynomial Net,POLYNOMIAL,synthetic,N,50,current_mixture,0.1,10,1e-12,width,0.0,0,g_ibp,,no_committed_onnx,0.0
poly11_deg18_b,polynomial_stress_22,Polynomial Net,POLYNOMIAL,synthetic,N,50,current_mixture,0.1,10,1e-12,width,0.0,1,margin_hat_min,,no_committed_onnx,0.0
poly11_deg18_b,polynomial_stress_22,Polynomial Net,POLYNOMIAL,synthetic,N,50,current_mixture,0.1,10,1e-12,width,0.0,1,d_eff,,no_committed_onnx,0.0
poly11_deg18_b,polynomial_stress_22,Polynomial Net,POLYNOMIAL,synthetic,N,50,current_mixture,0.1,10,1e-12,width,0.0,1,a_tau,,no_committed_onnx,0.0
poly11_deg18_b,polynomial_stress_22,Polynomial Net,POLYNOMIAL,synthetic,N,50,current_mixture,0.1,10,1e-12,width,0.0,1,g_ibp,,no_committed_onnx,0.0
poly11_deg18_b,polynomial_stress_22,Polynomial Net,POLYNOMIAL,synthetic,N,50,current_mixture,0.1,10,1e-12,width,0.0,2,margin_hat_min,,no_committed_onnx,0.0
poly11_deg18_b,polynomial_stress_22,Polynomial Net,POLYNOMIAL,synthetic,N,50,current_mixture,0.1,10,1e-12,width,0.0,2,d_eff,,no_committed_onnx,0.0
poly11_deg18_b,polynomial_stress_22,Polynomial Net,POLYNOMIAL,synthetic,N,50,current_mixture,0.1,10,1e-12,width,0.0,2,a_tau,,no_committed_onnx,0.0
poly11_deg18_b,polynomial_stress_22,Polynomial Net,POLYNOMIAL,synthetic,N,50,current_mixture,0.1,10,1e-12,width,0.0,2,g_ibp,,no_committed_onnx,0.0
poly11_deg18_b,polynomial_stress_22,Polynomial Net,POLYNOMIAL,synthetic,N,50,current_mixture,0.1,10,1e-12,width,0.0,3,margin_hat_min,,no_committed_onnx,0.0
poly11_deg18_b,polynomial_stress_22,Polynomial Net,POLYNOMIAL,synthetic,N,50,current_mixture,0.1,10,1e-12,width,0.0,3,d_eff,,no_committed_onnx,0.0
poly11_deg18_b,polynomial_stress_22,Polynomial Net,POLYNOMIAL,synthetic,N,50,current_mixture,0.1,10,1e-12,width,0.0,3,a_tau,,no_committed_onnx,0.0
poly11_deg18_b,polynomial_stress_22,Polynomial Net,POLYNOMIAL,synthetic,N,50,current_mixture,0.1,10,1e-12,width,0.0,3,g_ibp,,no_committed_onnx,0.0
poly11_deg18_b,polynomial_stress_22,Polynomial Net,POLYNOMIAL,synthetic,N,50,current_mixture,0.1,10,1e-12,width,0.0,4,margin_hat_min,,no_committed_onnx,0.0
poly11_deg18_b,polynomial_stress_22,Polynomial Net,POLYNOMIAL,synthetic,N,50,current_mixture,0.1,10,1e-12,width,0.0,4,d_eff,,no_committed_onnx,0.0
poly11_deg18_b,polynomial_stress_22,Polynomial Net,POLYNOMIAL,synthetic,N,50,current_mixture,0.1,10,1e-12,width,0.0,4,a_tau,,no_committed_onnx,0.0
poly11_deg18_b,polynomial_stress_22,Polynomial Net,POLYNOMIAL,synthetic,N,50,current_mixture,0.1,10,1e-12,width,0.0,4,g_ibp,,no_committed_onnx,0.0
poly11_deg18_b,polynomial_stress_22,Polynomial Net,POLYNOMIAL,synthetic,N,50,current_mixture,0.1,10,1e-12,width,0.0,5,margin_hat_min,,no_committed_onnx,0.0
poly11_deg18_b,polynomial_stress_22,Polynomial Net,POLYNOMIAL,synthetic,N,50,current_mixture,0.1,10,1e-12,width,0.0,5,d_eff,,no_committed_onnx,0.0
poly11_deg18_b,polynomial_stress_22,Polynomial Net,POLYNOMIAL,synthetic,N,50,current_mixture,0.1,10,1e-12,width,0.0,5,a_tau,,no_committed_onnx,0.0
poly11_deg18_b,polynomial_stress_22,Polynomial Net,POLYNOMIAL,synthetic,N,50,current_mixture,0.1,10,1e-12,width,0.0,5,g_ibp,,no_committed_onnx,0.0
poly11_deg18_b,polynomial_stress_22,Polynomial Net,POLYNOMIAL,synthetic,N,50,current_mixture,0.1,10,1e-12,width,0.0,6,margin_hat_min,,no_committed_onnx,0.0
poly11_deg18_b,polynomial_stress_22,Polynomial Net,POLYNOMIAL,synthetic,N,50,current_mixture,0.1,10,1e-12,width,0.0,6,d_eff,,no_committed_onnx,0.0
poly11_deg18_b,polynomial_stress_22,Polynomial Net,POLYNOMIAL,synthetic,N,50,current_mixture,0.1,10,1e-12,width,0.0,6,a_tau,,no_committed_onnx,0.0
poly11_deg18_b,polynomial_stress_22,Polynomial Net,POLYNOMIAL,synthetic,N,50,current_mixture,0.1,10,1e-12,width,0.0,6,g_ibp,,no_committed_onnx,0.0
poly11_deg18_b,polynomial_stress_22,Polynomial Net,POLYNOMIAL,synthetic,N,50,current_mixture,0.1,10,1e-12,width,0.0,7,margin_hat_min,,no_committed_onnx,0.0
poly11_deg18_b,polynomial_stress_22,Polynomial Net,POLYNOMIAL,synthetic,N,50,current_mixture,0.1,10,1e-12,width,0.0,7,d_eff,,no_committed_onnx,0.0
poly11_deg18_b,polynomial_stress_22,Polynomial Net,POLYNOMIAL,synthetic,N,50,current_mixture,0.1,10,1e-12,width,0.0,7,a_tau,,no_committed_onnx,0.0
poly11_deg18_b,polynomial_stress_22,Polynomial Net,POLYNOMIAL,synthetic,N,50,current_mixture,0.1,10,1e-12,width,0.0,7,g_ibp,,no_committed_onnx,0.0
poly11_deg18_b,polynomial_stress_22,Polynomial Net,POLYNOMIAL,synthetic,N,100,current_mixture,0.1,10,1e-12,width,0.0,0,margin_hat_min,,no_committed_onnx,0.0
poly11_deg18_b,polynomial_stress_22,Polynomial Net,POLYNOMIAL,synthetic,N,100,current_mixture,0.1,10,1e-12,width,0.0,0,d_eff,,no_committed_onnx,0.0
poly11_deg18_b,polynomial_stress_22,Polynomial Net,POLYNOMIAL,synthetic,N,100,current_mixture,0.1,10,1e-12,width,0.0,0,a_tau,,no_committed_onnx,0.0
poly11_deg18_b,polynomial_stress_22,Polynomial Net,POLYNOMIAL,synthetic,N,100,current_mixture,0.1,10,1e-12,width,0.0,0,g_ibp,,no_committed_onnx,0.0
poly11_deg18_b,polynomial_stress_22,Polynomial Net,POLYNOMIAL,synthetic,N,100,current_mixture,0.1,10,1e-12,width,0.0,1,margin_hat_min,,no_committed_onnx,0.0
poly11_deg18_b,polynomial_stress_22,Polynomial Net,POLYNOMIAL,synthetic,N,100,current_mixture,0.1,10,1e-12,width,0.0,1,d_eff,,no_committed_onnx,0.0
poly11_deg18_b,polynomial_stress_22,Polynomial Net,POLYNOMIAL,synthetic,N,100,current_mixture,0.1,10,1e-12,width,0.0,1,a_tau,,no_committed_onnx,0.0
poly11_deg18_b,polynomial_stress_22,Polynomial Net,POLYNOMIAL,synthetic,N,100,current_mixture,0.1,10,1e-12,width,0.0,1,g_ibp,,no_committed_onnx,0.0
poly11_deg18_b,polynomial_stress_22,Polynomial Net,POLYNOMIAL,synthetic,N,100,current_mixture,0.1,10,1e-12,width,0.0,2,margin_hat_min,,no_committed_onnx,0.0
poly11_deg18_b,polynomial_stress_22,Polynomial Net,POLYNOMIAL,synthetic,N,100,current_mixture,0.1,10,1e-12,width,0.0,2,d_eff,,no_committed_onnx,0.0
poly11_deg18_b,polynomial_stress_22,Polynomial Net,POLYNOMIAL,synthetic,N,100,current_mixture,0.1,10,1e-12,width,0.0,2,a_tau,,no_committed_onnx,0.0
poly11_deg18_b,polynomial_stress_22,Polynomial Net,POLYNOMIAL,synthetic,N,100,current_mixture,0.1,10,1e-12,width,0.0,2,g_ibp,,no_committed_onnx,0.0
poly11_deg18_b,polynomial_stress_22,Polynomial Net,POLYNOMIAL,synthetic,N,100,current_mixture,0.1,10,1e-12,width,0.0,3,margin_hat_min,,no_committed_onnx,0.0
poly11_deg18_b,polynomial_stress_22,Polynomial Net,POLYNOMIAL,synthetic,N,100,current_mixture,0.1,10,1e-12,width,0.0,3,d_eff,,no_committed_onnx,0.0
poly11_deg18_b,polynomial_stress_22,Polynomial Net,POLYNOMIAL,synthetic,N,100,current_mixture,0.1,10,1e-12,width,0.0,3,a_tau,,no_committed_onnx,0.0
poly11_deg18_b,polynomial_stress_22,Polynomial Net,POLYNOMIAL,synthetic,N,100,current_mixture,0.1,10,1e-12,width,0.0,3,g_ibp,,no_committed_onnx,0.0
poly11_deg18_b,polynomial_stress_22,Polynomial Net,POLYNOMIAL,synthetic,N,100,current_mixture,0.1,10,1e-12,width,0.0,4,margin_hat_min,,no_committed_onnx,0.0
poly11_deg18_b,polynomial_stress_22,Polynomial Net,POLYNOMIAL,synthetic,N,100,current_mixture,0.1,10,1e-12,width,0.0,4,d_eff,,no_committed_onnx,0.0
poly11_deg18_b,polynomial_stress_22,Polynomial Net,POLYNOMIAL,synthetic,N,100,current_mixture,0.1,10,1e-12,width,0.0,4,a_tau,,no_committed_onnx,0.0
poly11_deg18_b,polynomial_stress_22,Polynomial Net,POLYNOMIAL,synthetic,N,100,current_mixture,0.1,10,1e-12,width,0.0,4,g_ibp,,no_committed_onnx,0.0
poly11_deg18_b,polynomial_stress_22,Polynomial Net,POLYNOMIAL,synthetic,N,100,current_mixture,0.1,10,1e-12,width,0.0,5,margin_hat_min,,no_committed_onnx,0.0
poly11_deg18_b,polynomial_stress_22,Polynomial Net,POLYNOMIAL,synthetic,N,100,current_mixture,0.1,10,1e-12,width,0.0,5,d_eff,,no_committed_onnx,0.0
poly11_deg18_b,polynomial_stress_22,Polynomial Net,POLYNOMIAL,synthetic,N,100,current_mixture,0.1,10,1e-12,width,0.0,5,a_tau,,no_committed_onnx,0.0
poly11_deg18_b,polynomial_stress_22,Polynomial Net,POLYNOMIAL,synthetic,N,100,current_mixture,0.1,10,1e-12,width,0.0,5,g_ibp,,no_committed_onnx,0.0
poly11_deg18_b,polynomial_stress_22,Polynomial Net,POLYNOMIAL,synthetic,N,100,current_mixture,0.1,10,1e-12,width,0.0,6,margin_hat_min,,no_committed_onnx,0.0
poly11_deg18_b,polynomial_stress_22,Polynomial Net,POLYNOMIAL,synthetic,N,100,current_mixture,0.1,10,1e-12,width,0.0,6,d_eff,,no_committed_onnx,0.0
poly11_deg18_b,polynomial_stress_22,Polynomial Net,POLYNOMIAL,synthetic,N,100,current_mixture,0.1,10,1e-12,width,0.0,6,a_tau,,no_committed_onnx,0.0
poly11_deg18_b,polynomial_stress_22,Polynomial Net,POLYNOMIAL,synthetic,N,100,current_mixture,0.1,10,1e-12,width,0.0,6,g_ibp,,no_committed_onnx,0.0
poly11_deg18_b,polynomial_stress_22,Polynomial Net,POLYNOMIAL,synthetic,N,100,current_mixture,0.1,10,1e-12,width,0.0,7,margin_hat_min,,no_committed_onnx,0.0
poly11_deg18_b,polynomial_stress_22,Polynomial Net,POLYNOMIAL,synthetic,N,100,current_mixture,0.1,10,1e-12,width,0.0,7,d_eff,,no_committed_onnx,0.0
poly11_deg18_b,polynomial_stress_22,Polynomial Net,POLYNOMIAL,synthetic,N,100,current_mixture,0.1,10,1e-12,width,0.0,7,a_tau,,no_committed_onnx,0.0
poly11_deg18_b,polynomial_stress_22,Polynomial Net,POLYNOMIAL,synthetic,N,100,current_mixture,0.1,10,1e-12,width,0.0,7,g_ibp,,no_committed_onnx,0.0
poly11_deg18_b,polynomial_stress_22,Polynomial Net,POLYNOMIAL,synthetic,N,200,current_mixture,0.1,10,1e-12,width,0.0,0,margin_hat_min,,no_committed_onnx,0.0
poly11_deg18_b,polynomial_stress_22,Polynomial Net,POLYNOMIAL,synthetic,N,200,current_mixture,0.1,10,1e-12,width,0.0,0,d_eff,,no_committed_onnx,0.0
poly11_deg18_b,polynomial_stress_22,Polynomial Net,POLYNOMIAL,synthetic,N,200,current_mixture,0.1,10,1e-12,width,0.0,0,a_tau,,no_committed_onnx,0.0
poly11_deg18_b,polynomial_stress_22,Polynomial Net,POLYNOMIAL,synthetic,N,200,current_mixture,0.1,10,1e-12,width,0.0,0,g_ibp,,no_committed_onnx,0.0
poly11_deg18_b,polynomial_stress_22,Polynomial Net,POLYNOMIAL,synthetic,N,200,current_mixture,0.1,10,1e-12,width,0.0,1,margin_hat_min,,no_committed_onnx,0.0
poly11_deg18_b,polynomial_stress_22,Polynomial Net,POLYNOMIAL,synthetic,N,200,current_mixture,0.1,10,1e-12,width,0.0,1,d_eff,,no_committed_onnx,0.0
poly11_deg18_b,polynomial_stress_22,Polynomial Net,POLYNOMIAL,synthetic,N,200,current_mixture,0.1,10,1e-12,width,0.0,1,a_tau,,no_committed_onnx,0.0
poly11_deg18_b,polynomial_stress_22,Polynomial Net,POLYNOMIAL,synthetic,N,200,current_mixture,0.1,10,1e-12,width,0.0,1,g_ibp,,no_committed_onnx,0.0
poly11_deg18_b,polynomial_stress_22,Polynomial Net,POLYNOMIAL,synthetic,N,200,current_mixture,0.1,10,1e-12,width,0.0,2,margin_hat_min,,no_committed_onnx,0.0
poly11_deg18_b,polynomial_stress_22,Polynomial Net,POLYNOMIAL,synthetic,N,200,current_mixture,0.1,10,1e-12,width,0.0,2,d_eff,,no_committed_onnx,0.0
poly11_deg18_b,polynomial_stress_22,Polynomial Net,POLYNOMIAL,synthetic,N,200,current_mixture,0.1,10,1e-12,width,0.0,2,a_tau,,no_committed_onnx,0.0
poly11_deg18_b,polynomial_stress_22,Polynomial Net,POLYNOMIAL,synthetic,N,200,current_mixture,0.1,10,1e-12,width,0.0,2,g_ibp,,no_committed_onnx,0.0
poly11_deg18_b,polynomial_stress_22,Polynomial Net,POLYNOMIAL,synthetic,N,200,current_mixture,0.1,10,1e-12,width,0.0,3,margin_hat_min,,no_committed_onnx,0.0
poly11_deg18_b,polynomial_stress_22,Polynomial Net,POLYNOMIAL,synthetic,N,200,current_mixture,0.1,10,1e-12,width,0.0,3,d_eff,,no_committed_onnx,0.0
poly11_deg18_b,polynomial_stress_22,Polynomial Net,POLYNOMIAL,synthetic,N,200,current_mixture,0.1,10,1e-12,width,0.0,3,a_tau,,no_committed_onnx,0.0
poly11_deg18_b,polynomial_stress_22,Polynomial Net,POLYNOMIAL,synthetic,N,200,current_mixture,0.1,10,1e-12,width,0.0,3,g_ibp,,no_committed_onnx,0.0
poly11_deg18_b,polynomial_stress_22,Polynomial Net,POLYNOMIAL,synthetic,N,200,current_mixture,0.1,10,1e-12,width,0.0,4,margin_hat_min,,no_committed_onnx,0.0
poly11_deg18_b,polynomial_stress_22,Polynomial Net,POLYNOMIAL,synthetic,N,200,current_mixture,0.1,10,1e-12,width,0.0,4,d_eff,,no_committed_onnx,0.0
poly11_deg18_b,polynomial_stress_22,Polynomial Net,POLYNOMIAL,synthetic,N,200,current_mixture,0.1,10,1e-12,width,0.0,4,a_tau,,no_committed_onnx,0.0
poly11_deg18_b,polynomial_stress_22,Polynomial Net,POLYNOMIAL,synthetic,N,200,current_mixture,0.1,10,1e-12,width,0.0,4,g_ibp,,no_committed_onnx,0.0
poly11_deg18_b,polynomial_stress_22,Polynomial Net,POLYNOMIAL,synthetic,N,200,current_mixture,0.1,10,1e-12,width,0.0,5,margin_hat_min,,no_committed_onnx,0.0
poly11_deg18_b,polynomial_stress_22,Polynomial Net,POLYNOMIAL,synthetic,N,200,current_mixture,0.1,10,1e-12,width,0.0,5,d_eff,,no_committed_onnx,0.0
poly11_deg18_b,polynomial_stress_22,Polynomial Net,POLYNOMIAL,synthetic,N,200,current_mixture,0.1,10,1e-12,width,0.0,5,a_tau,,no_committed_onnx,0.0
poly11_deg18_b,polynomial_stress_22,Polynomial Net,POLYNOMIAL,synthetic,N,200,current_mixture,0.1,10,1e-12,width,0.0,5,g_ibp,,no_committed_onnx,0.0
poly11_deg18_b,polynomial_stress_22,Polynomial Net,POLYNOMIAL,synthetic,N,200,current_mixture,0.1,10,1e-12,width,0.0,6,margin_hat_min,,no_committed_onnx,0.0
poly11_deg18_b,polynomial_stress_22,Polynomial Net,POLYNOMIAL,synthetic,N,200,current_mixture,0.1,10,1e-12,width,0.0,6,d_eff,,no_committed_onnx,0.0
poly11_deg18_b,polynomial_stress_22,Polynomial Net,POLYNOMIAL,synthetic,N,200,current_mixture,0.1,10,1e-12,width,0.0,6,a_tau,,no_committed_onnx,0.0
poly11_deg18_b,polynomial_stress_22,Polynomial Net,POLYNOMIAL,synthetic,N,200,current_mixture,0.1,10,1e-12,width,0.0,6,g_ibp,,no_committed_onnx,0.0
poly11_deg18_b,polynomial_stress_22,Polynomial Net,POLYNOMIAL,synthetic,N,200,current_mixture,0.1,10,1e-12,width,0.0,7,margin_hat_min,,no_committed_onnx,0.0
poly11_deg18_b,polynomial_stress_22,Polynomial Net,POLYNOMIAL,synthetic,N,200,current_mixture,0.1,10,1e-12,width,0.0,7,d_eff,,no_committed_onnx,0.0
poly11_deg18_b,polynomial_stress_22,Polynomial Net,POLYNOMIAL,synthetic,N,200,current_mixture,0.1,10,1e-12,width,0.0,7,a_tau,,no_committed_onnx,0.0
poly11_deg18_b,polynomial_stress_22,Polynomial Net,POLYNOMIAL,synthetic,N,200,current_mixture,0.1,10,1e-12,width,0.0,7,g_ibp,,no_committed_onnx,0.0
poly11_deg18_b,polynomial_stress_22,Polynomial Net,POLYNOMIAL,synthetic,N,400,current_mixture,0.1,10,1e-12,width,0.0,0,margin_hat_min,,no_committed_onnx,0.0
poly11_deg18_b,polynomial_stress_22,Polynomial Net,POLYNOMIAL,synthetic,N,400,current_mixture,0.1,10,1e-12,width,0.0,0,d_eff,,no_committed_onnx,0.0
poly11_deg18_b,polynomial_stress_22,Polynomial Net,POLYNOMIAL,synthetic,N,400,current_mixture,0.1,10,1e-12,width,0.0,0,a_tau,,no_committed_onnx,0.0
poly11_deg18_b,polynomial_stress_22,Polynomial Net,POLYNOMIAL,synthetic,N,400,current_mixture,0.1,10,1e-12,width,0.0,0,g_ibp,,no_committed_onnx,0.0
poly11_deg18_b,polynomial_stress_22,Polynomial Net,POLYNOMIAL,synthetic,N,400,current_mixture,0.1,10,1e-12,width,0.0,1,margin_hat_min,,no_committed_onnx,0.0
poly11_deg18_b,polynomial_stress_22,Polynomial Net,POLYNOMIAL,synthetic,N,400,current_mixture,0.1,10,1e-12,width,0.0,1,d_eff,,no_committed_onnx,0.0
poly11_deg18_b,polynomial_stress_22,Polynomial Net,POLYNOMIAL,synthetic,N,400,current_mixture,0.1,10,1e-12,width,0.0,1,a_tau,,no_committed_onnx,0.0
poly11_deg18_b,polynomial_stress_22,Polynomial Net,POLYNOMIAL,synthetic,N,400,current_mixture,0.1,10,1e-12,width,0.0,1,g_ibp,,no_committed_onnx,0.0
poly11_deg18_b,polynomial_stress_22,Polynomial Net,POLYNOMIAL,synthetic,N,400,current_mixture,0.1,10,1e-12,width,0.0,2,margin_hat_min,,no_committed_onnx,0.0
poly11_deg18_b,polynomial_stress_22,Polynomial Net,POLYNOMIAL,synthetic,N,400,current_mixture,0.1,10,1e-12,width,0.0,2,d_eff,,no_committed_onnx,0.0
poly11_deg18_b,polynomial_stress_22,Polynomial Net,POLYNOMIAL,synthetic,N,400,current_mixture,0.1,10,1e-12,width,0.0,2,a_tau,,no_committed_onnx,0.0
poly11_deg18_b,polynomial_stress_22,Polynomial Net,POLYNOMIAL,synthetic,N,400,current_mixture,0.1,10,1e-12,width,0.0,2,g_ibp,,no_committed_onnx,0.0
poly11_deg18_b,polynomial_stress_22,Polynomial Net,POLYNOMIAL,synthetic,N,400,current_mixture,0.1,10,1e-12,width,0.0,3,margin_hat_min,,no_committed_onnx,0.0
poly11_deg18_b,polynomial_stress_22,Polynomial Net,POLYNOMIAL,synthetic,N,400,current_mixture,0.1,10,1e-12,width,0.0,3,d_eff,,no_committed_onnx,0.0
poly11_deg18_b,polynomial_stress_22,Polynomial Net,POLYNOMIAL,synthetic,N,400,current_mixture,0.1,10,1e-12,width,0.0,3,a_tau,,no_committed_onnx,0.0
poly11_deg18_b,polynomial_stress_22,Polynomial Net,POLYNOMIAL,synthetic,N,400,current_mixture,0.1,10,1e-12,width,0.0,3,g_ibp,,no_committed_onnx,0.0
poly11_deg18_b,polynomial_stress_22,Polynomial Net,POLYNOMIAL,synthetic,N,400,current_mixture,0.1,10,1e-12,width,0.0,4,margin_hat_min,,no_committed_onnx,0.0
poly11_deg18_b,polynomial_stress_22,Polynomial Net,POLYNOMIAL,synthetic,N,400,current_mixture,0.1,10,1e-12,width,0.0,4,d_eff,,no_committed_onnx,0.0
poly11_deg18_b,polynomial_stress_22,Polynomial Net,POLYNOMIAL,synthetic,N,400,current_mixture,0.1,10,1e-12,width,0.0,4,a_tau,,no_committed_onnx,0.0
poly11_deg18_b,polynomial_stress_22,Polynomial Net,POLYNOMIAL,synthetic,N,400,current_mixture,0.1,10,1e-12,width,0.0,4,g_ibp,,no_committed_onnx,0.0
poly11_deg18_b,polynomial_stress_22,Polynomial Net,POLYNOMIAL,synthetic,N,400,current_mixture,0.1,10,1e-12,width,0.0,5,margin_hat_min,,no_committed_onnx,0.0
poly11_deg18_b,polynomial_stress_22,Polynomial Net,POLYNOMIAL,synthetic,N,400,current_mixture,0.1,10,1e-12,width,0.0,5,d_eff,,no_committed_onnx,0.0
poly11_deg18_b,polynomial_stress_22,Polynomial Net,POLYNOMIAL,synthetic,N,400,current_mixture,0.1,10,1e-12,width,0.0,5,a_tau,,no_committed_onnx,0.0
poly11_deg18_b,polynomial_stress_22,Polynomial Net,POLYNOMIAL,synthetic,N,400,current_mixture,0.1,10,1e-12,width,0.0,5,g_ibp,,no_committed_onnx,0.0
poly11_deg18_b,polynomial_stress_22,Polynomial Net,POLYNOMIAL,synthetic,N,400,current_mixture,0.1,10,1e-12,width,0.0,6,margin_hat_min,,no_committed_onnx,0.0
poly11_deg18_b,polynomial_stress_22,Polynomial Net,POLYNOMIAL,synthetic,N,400,current_mixture,0.1,10,1e-12,width,0.0,6,d_eff,,no_committed_onnx,0.0
poly11_deg18_b,polynomial_stress_22,Polynomial Net,POLYNOMIAL,synthetic,N,400,current_mixture,0.1,10,1e-12,width,0.0,6,a_tau,,no_committed_onnx,0.0
poly11_deg18_b,polynomial_stress_22,Polynomial Net,POLYNOMIAL,synthetic,N,400,current_mixture,0.1,10,1e-12,width,0.0,6,g_ibp,,no_committed_onnx,0.0
poly11_deg18_b,polynomial_stress_22,Polynomial Net,POLYNOMIAL,synthetic,N,400,current_mixture,0.1,10,1e-12,width,0.0,7,margin_hat_min,,no_committed_onnx,0.0
poly11_deg18_b,polynomial_stress_22,Polynomial Net,POLYNOMIAL,synthetic,N,400,current_mixture,0.1,10,1e-12,width,0.0,7,d_eff,,no_committed_onnx,0.0
poly11_deg18_b,polynomial_stress_22,Polynomial Net,POLYNOMIAL,synthetic,N,400,current_mixture,0.1,10,1e-12,width,0.0,7,a_tau,,no_committed_onnx,0.0
poly11_deg18_b,polynomial_stress_22,Polynomial Net,POLYNOMIAL,synthetic,N,400,current_mixture,0.1,10,1e-12,width,0.0,7,g_ibp,,no_committed_onnx,0.0
poly11_deg18_b,polynomial_stress_22,Polynomial Net,POLYNOMIAL,synthetic,N,800,current_mixture,0.1,10,1e-12,width,0.0,0,margin_hat_min,,no_committed_onnx,0.0
poly11_deg18_b,polynomial_stress_22,Polynomial Net,POLYNOMIAL,synthetic,N,800,current_mixture,0.1,10,1e-12,width,0.0,0,d_eff,,no_committed_onnx,0.0
poly11_deg18_b,polynomial_stress_22,Polynomial Net,POLYNOMIAL,synthetic,N,800,current_mixture,0.1,10,1e-12,width,0.0,0,a_tau,,no_committed_onnx,0.0
poly11_deg18_b,polynomial_stress_22,Polynomial Net,POLYNOMIAL,synthetic,N,800,current_mixture,0.1,10,1e-12,width,0.0,0,g_ibp,,no_committed_onnx,0.0
poly11_deg18_b,polynomial_stress_22,Polynomial Net,POLYNOMIAL,synthetic,N,800,current_mixture,0.1,10,1e-12,width,0.0,1,margin_hat_min,,no_committed_onnx,0.0
poly11_deg18_b,polynomial_stress_22,Polynomial Net,POLYNOMIAL,synthetic,N,800,current_mixture,0.1,10,1e-12,width,0.0,1,d_eff,,no_committed_onnx,0.0
poly11_deg18_b,polynomial_stress_22,Polynomial Net,POLYNOMIAL,synthetic,N,800,current_mixture,0.1,10,1e-12,width,0.0,1,a_tau,,no_committed_onnx,0.0
poly11_deg18_b,polynomial_stress_22,Polynomial Net,POLYNOMIAL,synthetic,N,800,current_mixture,0.1,10,1e-12,width,0.0,1,g_ibp,,no_committed_onnx,0.0
poly11_deg18_b,polynomial_stress_22,Polynomial Net,POLYNOMIAL,synthetic,N,800,current_mixture,0.1,10,1e-12,width,0.0,2,margin_hat_min,,no_committed_onnx,0.0
poly11_deg18_b,polynomial_stress_22,Polynomial Net,POLYNOMIAL,synthetic,N,800,current_mixture,0.1,10,1e-12,width,0.0,2,d_eff,,no_committed_onnx,0.0
poly11_deg18_b,polynomial_stress_22,Polynomial Net,POLYNOMIAL,synthetic,N,800,current_mixture,0.1,10,1e-12,width,0.0,2,a_tau,,no_committed_onnx,0.0
poly11_deg18_b,polynomial_stress_22,Polynomial Net,POLYNOMIAL,synthetic,N,800,current_mixture,0.1,10,1e-12,width,0.0,2,g_ibp,,no_committed_onnx,0.0
poly11_deg18_b,polynomial_stress_22,Polynomial Net,POLYNOMIAL,synthetic,N,800,current_mixture,0.1,10,1e-12,width,0.0,3,margin_hat_min,,no_committed_onnx,0.0
poly11_deg18_b,polynomial_stress_22,Polynomial Net,POLYNOMIAL,synthetic,N,800,current_mixture,0.1,10,1e-12,width,0.0,3,d_eff,,no_committed_onnx,0.0
poly11_deg18_b,polynomial_stress_22,Polynomial Net,POLYNOMIAL,synthetic,N,800,current_mixture,0.1,10,1e-12,width,0.0,3,a_tau,,no_committed_onnx,0.0
poly11_deg18_b,polynomial_stress_22,Polynomial Net,POLYNOMIAL,synthetic,N,800,current_mixture,0.1,10,1e-12,width,0.0,3,g_ibp,,no_committed_onnx,0.0
poly11_deg18_b,polynomial_stress_22,Polynomial Net,POLYNOMIAL,synthetic,N,800,current_mixture,0.1,10,1e-12,width,0.0,4,margin_hat_min,,no_committed_onnx,0.0
poly11_deg18_b,polynomial_stress_22,Polynomial Net,POLYNOMIAL,synthetic,N,800,current_mixture,0.1,10,1e-12,width,0.0,4,d_eff,,no_committed_onnx,0.0
poly11_deg18_b,polynomial_stress_22,Polynomial Net,POLYNOMIAL,synthetic,N,800,current_mixture,0.1,10,1e-12,width,0.0,4,a_tau,,no_committed_onnx,0.0
poly11_deg18_b,polynomial_stress_22,Polynomial Net,POLYNOMIAL,synthetic,N,800,current_mixture,0.1,10,1e-12,width,0.0,4,g_ibp,,no_committed_onnx,0.0
poly11_deg18_b,polynomial_stress_22,Polynomial Net,POLYNOMIAL,synthetic,N,800,current_mixture,0.1,10,1e-12,width,0.0,5,margin_hat_min,,no_committed_onnx,0.0
poly11_deg18_b,polynomial_stress_22,Polynomial Net,POLYNOMIAL,synthetic,N,800,current_mixture,0.1,10,1e-12,width,0.0,5,d_eff,,no_committed_onnx,0.0
poly11_deg18_b,polynomial_stress_22,Polynomial Net,POLYNOMIAL,synthetic,N,800,current_mixture,0.1,10,1e-12,width,0.0,5,a_tau,,no_committed_onnx,0.0
poly11_deg18_b,polynomial_stress_22,Polynomial Net,POLYNOMIAL,synthetic,N,800,current_mixture,0.1,10,1e-12,width,0.0,5,g_ibp,,no_committed_onnx,0.0
poly11_deg18_b,polynomial_stress_22,Polynomial Net,POLYNOMIAL,synthetic,N,800,current_mixture,0.1,10,1e-12,width,0.0,6,margin_hat_min,,no_committed_onnx,0.0
poly11_deg18_b,polynomial_stress_22,Polynomial Net,POLYNOMIAL,synthetic,N,800,current_mixture,0.1,10,1e-12,width,0.0,6,d_eff,,no_committed_onnx,0.0
poly11_deg18_b,polynomial_stress_22,Polynomial Net,POLYNOMIAL,synthetic,N,800,current_mixture,0.1,10,1e-12,width,0.0,6,a_tau,,no_committed_onnx,0.0
poly11_deg18_b,polynomial_stress_22,Polynomial Net,POLYNOMIAL,synthetic,N,800,current_mixture,0.1,10,1e-12,width,0.0,6,g_ibp,,no_committed_onnx,0.0
poly11_deg18_b,polynomial_stress_22,Polynomial Net,POLYNOMIAL,synthetic,N,800,current_mixture,0.1,10,1e-12,width,0.0,7,margin_hat_min,,no_committed_onnx,0.0
poly11_deg18_b,polynomial_stress_22,Polynomial Net,POLYNOMIAL,synthetic,N,800,current_mixture,0.1,10,1e-12,width,0.0,7,d_eff,,no_committed_onnx,0.0
poly11_deg18_b,polynomial_stress_22,Polynomial Net,POLYNOMIAL,synthetic,N,800,current_mixture,0.1,10,1e-12,width,0.0,7,a_tau,,no_committed_onnx,0.0
poly11_deg18_b,polynomial_stress_22,Polynomial Net,POLYNOMIAL,synthetic,N,800,current_mixture,0.1,10,1e-12,width,0.0,7,g_ibp,,no_committed_onnx,0.0
poly11_deg18_b,polynomial_stress_22,Polynomial Net,POLYNOMIAL,synthetic,N,1600,current_mixture,0.1,10,1e-12,width,0.0,0,margin_hat_min,,no_committed_onnx,0.0
poly11_deg18_b,polynomial_stress_22,Polynomial Net,POLYNOMIAL,synthetic,N,1600,current_mixture,0.1,10,1e-12,width,0.0,0,d_eff,,no_committed_onnx,0.0
poly11_deg18_b,polynomial_stress_22,Polynomial Net,POLYNOMIAL,synthetic,N,1600,current_mixture,0.1,10,1e-12,width,0.0,0,a_tau,,no_committed_onnx,0.0
poly11_deg18_b,polynomial_stress_22,Polynomial Net,POLYNOMIAL,synthetic,N,1600,current_mixture,0.1,10,1e-12,width,0.0,0,g_ibp,,no_committed_onnx,0.0
poly11_deg18_b,polynomial_stress_22,Polynomial Net,POLYNOMIAL,synthetic,N,1600,current_mixture,0.1,10,1e-12,width,0.0,1,margin_hat_min,,no_committed_onnx,0.0
poly11_deg18_b,polynomial_stress_22,Polynomial Net,POLYNOMIAL,synthetic,N,1600,current_mixture,0.1,10,1e-12,width,0.0,1,d_eff,,no_committed_onnx,0.0
poly11_deg18_b,polynomial_stress_22,Polynomial Net,POLYNOMIAL,synthetic,N,1600,current_mixture,0.1,10,1e-12,width,0.0,1,a_tau,,no_committed_onnx,0.0
poly11_deg18_b,polynomial_stress_22,Polynomial Net,POLYNOMIAL,synthetic,N,1600,current_mixture,0.1,10,1e-12,width,0.0,1,g_ibp,,no_committed_onnx,0.0
poly11_deg18_b,polynomial_stress_22,Polynomial Net,POLYNOMIAL,synthetic,N,1600,current_mixture,0.1,10,1e-12,width,0.0,2,margin_hat_min,,no_committed_onnx,0.0
poly11_deg18_b,polynomial_stress_22,Polynomial Net,POLYNOMIAL,synthetic,N,1600,current_mixture,0.1,10,1e-12,width,0.0,2,d_eff,,no_committed_onnx,0.0
poly11_deg18_b,polynomial_stress_22,Polynomial Net,POLYNOMIAL,synthetic,N,1600,current_mixture,0.1,10,1e-12,width,0.0,2,a_tau,,no_committed_onnx,0.0
poly11_deg18_b,polynomial_stress_22,Polynomial Net,POLYNOMIAL,synthetic,N,1600,current_mixture,0.1,10,1e-12,width,0.0,2,g_ibp,,no_committed_onnx,0.0
poly11_deg18_b,polynomial_stress_22,Polynomial Net,POLYNOMIAL,synthetic,N,1600,current_mixture,0.1,10,1e-12,width,0.0,3,margin_hat_min,,no_committed_onnx,0.0
poly11_deg18_b,polynomial_stress_22,Polynomial Net,POLYNOMIAL,synthetic,N,1600,current_mixture,0.1,10,1e-12,width,0.0,3,d_eff,,no_committed_onnx,0.0
poly11_deg18_b,polynomial_stress_22,Polynomial Net,POLYNOMIAL,synthetic,N,1600,current_mixture,0.1,10,1e-12,width,0.0,3,a_tau,,no_committed_onnx,0.0
poly11_deg18_b,polynomial_stress_22,Polynomial Net,POLYNOMIAL,synthetic,N,1600,current_mixture,0.1,10,1e-12,width,0.0,3,g_ibp,,no_committed_onnx,0.0
poly11_deg18_b,polynomial_stress_22,Polynomial Net,POLYNOMIAL,synthetic,N,1600,current_mixture,0.1,10,1e-12,width,0.0,4,margin_hat_min,,no_committed_onnx,0.0
poly11_deg18_b,polynomial_stress_22,Polynomial Net,POLYNOMIAL,synthetic,N,1600,current_mixture,0.1,10,1e-12,width,0.0,4,d_eff,,no_committed_onnx,0.0
poly11_deg18_b,polynomial_stress_22,Polynomial Net,POLYNOMIAL,synthetic,N,1600,current_mixture,0.1,10,1e-12,width,0.0,4,a_tau,,no_committed_onnx,0.0
poly11_deg18_b,polynomial_stress_22,Polynomial Net,POLYNOMIAL,synthetic,N,1600,current_mixture,0.1,10,1e-12,width,0.0,4,g_ibp,,no_committed_onnx,0.0
poly11_deg18_b,polynomial_stress_22,Polynomial Net,POLYNOMIAL,synthetic,N,1600,current_mixture,0.1,10,1e-12,width,0.0,5,margin_hat_min,,no_committed_onnx,0.0
poly11_deg18_b,polynomial_stress_22,Polynomial Net,POLYNOMIAL,synthetic,N,1600,current_mixture,0.1,10,1e-12,width,0.0,5,d_eff,,no_committed_onnx,0.0
poly11_deg18_b,polynomial_stress_22,Polynomial Net,POLYNOMIAL,synthetic,N,1600,current_mixture,0.1,10,1e-12,width,0.0,5,a_tau,,no_committed_onnx,0.0
poly11_deg18_b,polynomial_stress_22,Polynomial Net,POLYNOMIAL,synthetic,N,1600,current_mixture,0.1,10,1e-12,width,0.0,5,g_ibp,,no_committed_onnx,0.0
poly11_deg18_b,polynomial_stress_22,Polynomial Net,POLYNOMIAL,synthetic,N,1600,current_mixture,0.1,10,1e-12,width,0.0,6,margin_hat_min,,no_committed_onnx,0.0
poly11_deg18_b,polynomial_stress_22,Polynomial Net,POLYNOMIAL,synthetic,N,1600,current_mixture,0.1,10,1e-12,width,0.0,6,d_eff,,no_committed_onnx,0.0
poly11_deg18_b,polynomial_stress_22,Polynomial Net,POLYNOMIAL,synthetic,N,1600,current_mixture,0.1,10,1e-12,width,0.0,6,a_tau,,no_committed_onnx,0.0
poly11_deg18_b,polynomial_stress_22,Polynomial Net,POLYNOMIAL,synthetic,N,1600,current_mixture,0.1,10,1e-12,width,0.0,6,g_ibp,,no_committed_onnx,0.0
poly11_deg18_b,polynomial_stress_22,Polynomial Net,POLYNOMIAL,synthetic,N,1600,current_mixture,0.1,10,1e-12,width,0.0,7,margin_hat_min,,no_committed_onnx,0.0
poly11_deg18_b,polynomial_stress_22,Polynomial Net,POLYNOMIAL,synthetic,N,1600,current_mixture,0.1,10,1e-12,width,0.0,7,d_eff,,no_committed_onnx,0.0
poly11_deg18_b,polynomial_stress_22,Polynomial Net,POLYNOMIAL,synthetic,N,1600,current_mixture,0.1,10,1e-12,width,0.0,7,a_tau,,no_committed_onnx,0.0
poly11_deg18_b,polynomial_stress_22,Polynomial Net,POLYNOMIAL,synthetic,N,1600,current_mixture,0.1,10,1e-12,width,0.0,7,g_ibp,,no_committed_onnx,0.0
poly13_deg19_b,polynomial_stress_22,Polynomial Net,POLYNOMIAL,synthetic,N,50,current_mixture,0.1,10,1e-12,width,0.0,0,margin_hat_min,,no_committed_onnx,0.0
poly13_deg19_b,polynomial_stress_22,Polynomial Net,POLYNOMIAL,synthetic,N,50,current_mixture,0.1,10,1e-12,width,0.0,0,d_eff,,no_committed_onnx,0.0
poly13_deg19_b,polynomial_stress_22,Polynomial Net,POLYNOMIAL,synthetic,N,50,current_mixture,0.1,10,1e-12,width,0.0,0,a_tau,,no_committed_onnx,0.0
poly13_deg19_b,polynomial_stress_22,Polynomial Net,POLYNOMIAL,synthetic,N,50,current_mixture,0.1,10,1e-12,width,0.0,0,g_ibp,,no_committed_onnx,0.0
poly13_deg19_b,polynomial_stress_22,Polynomial Net,POLYNOMIAL,synthetic,N,50,current_mixture,0.1,10,1e-12,width,0.0,1,margin_hat_min,,no_committed_onnx,0.0
poly13_deg19_b,polynomial_stress_22,Polynomial Net,POLYNOMIAL,synthetic,N,50,current_mixture,0.1,10,1e-12,width,0.0,1,d_eff,,no_committed_onnx,0.0
poly13_deg19_b,polynomial_stress_22,Polynomial Net,POLYNOMIAL,synthetic,N,50,current_mixture,0.1,10,1e-12,width,0.0,1,a_tau,,no_committed_onnx,0.0
poly13_deg19_b,polynomial_stress_22,Polynomial Net,POLYNOMIAL,synthetic,N,50,current_mixture,0.1,10,1e-12,width,0.0,1,g_ibp,,no_committed_onnx,0.0
poly13_deg19_b,polynomial_stress_22,Polynomial Net,POLYNOMIAL,synthetic,N,50,current_mixture,0.1,10,1e-12,width,0.0,2,margin_hat_min,,no_committed_onnx,0.0
poly13_deg19_b,polynomial_stress_22,Polynomial Net,POLYNOMIAL,synthetic,N,50,current_mixture,0.1,10,1e-12,width,0.0,2,d_eff,,no_committed_onnx,0.0
poly13_deg19_b,polynomial_stress_22,Polynomial Net,POLYNOMIAL,synthetic,N,50,current_mixture,0.1,10,1e-12,width,0.0,2,a_tau,,no_committed_onnx,0.0
poly13_deg19_b,polynomial_stress_22,Polynomial Net,POLYNOMIAL,synthetic,N,50,current_mixture,0.1,10,1e-12,width,0.0,2,g_ibp,,no_committed_onnx,0.0
poly13_deg19_b,polynomial_stress_22,Polynomial Net,POLYNOMIAL,synthetic,N,50,current_mixture,0.1,10,1e-12,width,0.0,3,margin_hat_min,,no_committed_onnx,0.0
poly13_deg19_b,polynomial_stress_22,Polynomial Net,POLYNOMIAL,synthetic,N,50,current_mixture,0.1,10,1e-12,width,0.0,3,d_eff,,no_committed_onnx,0.0
poly13_deg19_b,polynomial_stress_22,Polynomial Net,POLYNOMIAL,synthetic,N,50,current_mixture,0.1,10,1e-12,width,0.0,3,a_tau,,no_committed_onnx,0.0
poly13_deg19_b,polynomial_stress_22,Polynomial Net,POLYNOMIAL,synthetic,N,50,current_mixture,0.1,10,1e-12,width,0.0,3,g_ibp,,no_committed_onnx,0.0
poly13_deg19_b,polynomial_stress_22,Polynomial Net,POLYNOMIAL,synthetic,N,50,current_mixture,0.1,10,1e-12,width,0.0,4,margin_hat_min,,no_committed_onnx,0.0
poly13_deg19_b,polynomial_stress_22,Polynomial Net,POLYNOMIAL,synthetic,N,50,current_mixture,0.1,10,1e-12,width,0.0,4,d_eff,,no_committed_onnx,0.0
poly13_deg19_b,polynomial_stress_22,Polynomial Net,POLYNOMIAL,synthetic,N,50,current_mixture,0.1,10,1e-12,width,0.0,4,a_tau,,no_committed_onnx,0.0
poly13_deg19_b,polynomial_stress_22,Polynomial Net,POLYNOMIAL,synthetic,N,50,current_mixture,0.1,10,1e-12,width,0.0,4,g_ibp,,no_committed_onnx,0.0
poly13_deg19_b,polynomial_stress_22,Polynomial Net,POLYNOMIAL,synthetic,N,50,current_mixture,0.1,10,1e-12,width,0.0,5,margin_hat_min,,no_committed_onnx,0.0
poly13_deg19_b,polynomial_stress_22,Polynomial Net,POLYNOMIAL,synthetic,N,50,current_mixture,0.1,10,1e-12,width,0.0,5,d_eff,,no_committed_onnx,0.0
poly13_deg19_b,polynomial_stress_22,Polynomial Net,POLYNOMIAL,synthetic,N,50,current_mixture,0.1,10,1e-12,width,0.0,5,a_tau,,no_committed_onnx,0.0
poly13_deg19_b,polynomial_stress_22,Polynomial Net,POLYNOMIAL,synthetic,N,50,current_mixture,0.1,10,1e-12,width,0.0,5,g_ibp,,no_committed_onnx,0.0
poly13_deg19_b,polynomial_stress_22,Polynomial Net,POLYNOMIAL,synthetic,N,50,current_mixture,0.1,10,1e-12,width,0.0,6,margin_hat_min,,no_committed_onnx,0.0
poly13_deg19_b,polynomial_stress_22,Polynomial Net,POLYNOMIAL,synthetic,N,50,current_mixture,0.1,10,1e-12,width,0.0,6,d_eff,,no_committed_onnx,0.0
poly13_deg19_b,polynomial_stress_22,Polynomial Net,POLYNOMIAL,synthetic,N,50,current_mixture,0.1,10,1e-12,width,0.0,6,a_tau,,no_committed_onnx,0.0
poly13_deg19_b,polynomial_stress_22,Polynomial Net,POLYNOMIAL,synthetic,N,50,current_mixture,0.1,10,1e-12,width,0.0,6,g_ibp,,no_committed_onnx,0.0
poly13_deg19_b,polynomial_stress_22,Polynomial Net,POLYNOMIAL,synthetic,N,50,current_mixture,0.1,10,1e-12,width,0.0,7,margin_hat_min,,no_committed_onnx,0.0
poly13_deg19_b,polynomial_stress_22,Polynomial Net,POLYNOMIAL,synthetic,N,50,current_mixture,0.1,10,1e-12,width,0.0,7,d_eff,,no_committed_onnx,0.0
poly13_deg19_b,polynomial_stress_22,Polynomial Net,POLYNOMIAL,synthetic,N,50,current_mixture,0.1,10,1e-12,width,0.0,7,a_tau,,no_committed_onnx,0.0
poly13_deg19_b,polynomial_stress_22,Polynomial Net,POLYNOMIAL,synthetic,N,50,current_mixture,0.1,10,1e-12,width,0.0,7,g_ibp,,no_committed_onnx,0.0
poly13_deg19_b,polynomial_stress_22,Polynomial Net,POLYNOMIAL,synthetic,N,100,current_mixture,0.1,10,1e-12,width,0.0,0,margin_hat_min,,no_committed_onnx,0.0
poly13_deg19_b,polynomial_stress_22,Polynomial Net,POLYNOMIAL,synthetic,N,100,current_mixture,0.1,10,1e-12,width,0.0,0,d_eff,,no_committed_onnx,0.0
poly13_deg19_b,polynomial_stress_22,Polynomial Net,POLYNOMIAL,synthetic,N,100,current_mixture,0.1,10,1e-12,width,0.0,0,a_tau,,no_committed_onnx,0.0
poly13_deg19_b,polynomial_stress_22,Polynomial Net,POLYNOMIAL,synthetic,N,100,current_mixture,0.1,10,1e-12,width,0.0,0,g_ibp,,no_committed_onnx,0.0
poly13_deg19_b,polynomial_stress_22,Polynomial Net,POLYNOMIAL,synthetic,N,100,current_mixture,0.1,10,1e-12,width,0.0,1,margin_hat_min,,no_committed_onnx,0.0
poly13_deg19_b,polynomial_stress_22,Polynomial Net,POLYNOMIAL,synthetic,N,100,current_mixture,0.1,10,1e-12,width,0.0,1,d_eff,,no_committed_onnx,0.0
poly13_deg19_b,polynomial_stress_22,Polynomial Net,POLYNOMIAL,synthetic,N,100,current_mixture,0.1,10,1e-12,width,0.0,1,a_tau,,no_committed_onnx,0.0
poly13_deg19_b,polynomial_stress_22,Polynomial Net,POLYNOMIAL,synthetic,N,100,current_mixture,0.1,10,1e-12,width,0.0,1,g_ibp,,no_committed_onnx,0.0
poly13_deg19_b,polynomial_stress_22,Polynomial Net,POLYNOMIAL,synthetic,N,100,current_mixture,0.1,10,1e-12,width,0.0,2,margin_hat_min,,no_committed_onnx,0.0
poly13_deg19_b,polynomial_stress_22,Polynomial Net,POLYNOMIAL,synthetic,N,100,current_mixture,0.1,10,1e-12,width,0.0,2,d_eff,,no_committed_onnx,0.0
poly13_deg19_b,polynomial_stress_22,Polynomial Net,POLYNOMIAL,synthetic,N,100,current_mixture,0.1,10,1e-12,width,0.0,2,a_tau,,no_committed_onnx,0.0
poly13_deg19_b,polynomial_stress_22,Polynomial Net,POLYNOMIAL,synthetic,N,100,current_mixture,0.1,10,1e-12,width,0.0,2,g_ibp,,no_committed_onnx,0.0
poly13_deg19_b,polynomial_stress_22,Polynomial Net,POLYNOMIAL,synthetic,N,100,current_mixture,0.1,10,1e-12,width,0.0,3,margin_hat_min,,no_committed_onnx,0.0
poly13_deg19_b,polynomial_stress_22,Polynomial Net,POLYNOMIAL,synthetic,N,100,current_mixture,0.1,10,1e-12,width,0.0,3,d_eff,,no_committed_onnx,0.0
poly13_deg19_b,polynomial_stress_22,Polynomial Net,POLYNOMIAL,synthetic,N,100,current_mixture,0.1,10,1e-12,width,0.0,3,a_tau,,no_committed_onnx,0.0
poly13_deg19_b,polynomial_stress_22,Polynomial Net,POLYNOMIAL,synthetic,N,100,current_mixture,0.1,10,1e-12,width,0.0,3,g_ibp,,no_committed_onnx,0.0
poly13_deg19_b,polynomial_stress_22,Polynomial Net,POLYNOMIAL,synthetic,N,100,current_mixture,0.1,10,1e-12,width,0.0,4,margin_hat_min,,no_committed_onnx,0.0
poly13_deg19_b,polynomial_stress_22,Polynomial Net,POLYNOMIAL,synthetic,N,100,current_mixture,0.1,10,1e-12,width,0.0,4,d_eff,,no_committed_onnx,0.0
poly13_deg19_b,polynomial_stress_22,Polynomial Net,POLYNOMIAL,synthetic,N,100,current_mixture,0.1,10,1e-12,width,0.0,4,a_tau,,no_committed_onnx,0.0
poly13_deg19_b,polynomial_stress_22,Polynomial Net,POLYNOMIAL,synthetic,N,100,current_mixture,0.1,10,1e-12,width,0.0,4,g_ibp,,no_committed_onnx,0.0
poly13_deg19_b,polynomial_stress_22,Polynomial Net,POLYNOMIAL,synthetic,N,100,current_mixture,0.1,10,1e-12,width,0.0,5,margin_hat_min,,no_committed_onnx,0.0
poly13_deg19_b,polynomial_stress_22,Polynomial Net,POLYNOMIAL,synthetic,N,100,current_mixture,0.1,10,1e-12,width,0.0,5,d_eff,,no_committed_onnx,0.0
poly13_deg19_b,polynomial_stress_22,Polynomial Net,POLYNOMIAL,synthetic,N,100,current_mixture,0.1,10,1e-12,width,0.0,5,a_tau,,no_committed_onnx,0.0
poly13_deg19_b,polynomial_stress_22,Polynomial Net,POLYNOMIAL,synthetic,N,100,current_mixture,0.1,10,1e-12,width,0.0,5,g_ibp,,no_committed_onnx,0.0
poly13_deg19_b,polynomial_stress_22,Polynomial Net,POLYNOMIAL,synthetic,N,100,current_mixture,0.1,10,1e-12,width,0.0,6,margin_hat_min,,no_committed_onnx,0.0
poly13_deg19_b,polynomial_stress_22,Polynomial Net,POLYNOMIAL,synthetic,N,100,current_mixture,0.1,10,1e-12,width,0.0,6,d_eff,,no_committed_onnx,0.0
poly13_deg19_b,polynomial_stress_22,Polynomial Net,POLYNOMIAL,synthetic,N,100,current_mixture,0.1,10,1e-12,width,0.0,6,a_tau,,no_committed_onnx,0.0
poly13_deg19_b,polynomial_stress_22,Polynomial Net,POLYNOMIAL,synthetic,N,100,current_mixture,0.1,10,1e-12,width,0.0,6,g_ibp,,no_committed_onnx,0.0
poly13_deg19_b,polynomial_stress_22,Polynomial Net,POLYNOMIAL,synthetic,N,100,current_mixture,0.1,10,1e-12,width,0.0,7,margin_hat_min,,no_committed_onnx,0.0
poly13_deg19_b,polynomial_stress_22,Polynomial Net,POLYNOMIAL,synthetic,N,100,current_mixture,0.1,10,1e-12,width,0.0,7,d_eff,,no_committed_onnx,0.0
poly13_deg19_b,polynomial_stress_22,Polynomial Net,POLYNOMIAL,synthetic,N,100,current_mixture,0.1,10,1e-12,width,0.0,7,a_tau,,no_committed_onnx,0.0
poly13_deg19_b,polynomial_stress_22,Polynomial Net,POLYNOMIAL,synthetic,N,100,current_mixture,0.1,10,1e-12,width,0.0,7,g_ibp,,no_committed_onnx,0.0
poly13_deg19_b,polynomial_stress_22,Polynomial Net,POLYNOMIAL,synthetic,N,200,current_mixture,0.1,10,1e-12,width,0.0,0,margin_hat_min,,no_committed_onnx,0.0
poly13_deg19_b,polynomial_stress_22,Polynomial Net,POLYNOMIAL,synthetic,N,200,current_mixture,0.1,10,1e-12,width,0.0,0,d_eff,,no_committed_onnx,0.0
poly13_deg19_b,polynomial_stress_22,Polynomial Net,POLYNOMIAL,synthetic,N,200,current_mixture,0.1,10,1e-12,width,0.0,0,a_tau,,no_committed_onnx,0.0
poly13_deg19_b,polynomial_stress_22,Polynomial Net,POLYNOMIAL,synthetic,N,200,current_mixture,0.1,10,1e-12,width,0.0,0,g_ibp,,no_committed_onnx,0.0
poly13_deg19_b,polynomial_stress_22,Polynomial Net,POLYNOMIAL,synthetic,N,200,current_mixture,0.1,10,1e-12,width,0.0,1,margin_hat_min,,no_committed_onnx,0.0
poly13_deg19_b,polynomial_stress_22,Polynomial Net,POLYNOMIAL,synthetic,N,200,current_mixture,0.1,10,1e-12,width,0.0,1,d_eff,,no_committed_onnx,0.0
poly13_deg19_b,polynomial_stress_22,Polynomial Net,POLYNOMIAL,synthetic,N,200,current_mixture,0.1,10,1e-12,width,0.0,1,a_tau,,no_committed_onnx,0.0
poly13_deg19_b,polynomial_stress_22,Polynomial Net,POLYNOMIAL,synthetic,N,200,current_mixture,0.1,10,1e-12,width,0.0,1,g_ibp,,no_committed_onnx,0.0
poly13_deg19_b,polynomial_stress_22,Polynomial Net,POLYNOMIAL,synthetic,N,200,current_mixture,0.1,10,1e-12,width,0.0,2,margin_hat_min,,no_committed_onnx,0.0
poly13_deg19_b,polynomial_stress_22,Polynomial Net,POLYNOMIAL,synthetic,N,200,current_mixture,0.1,10,1e-12,width,0.0,2,d_eff,,no_committed_onnx,0.0
poly13_deg19_b,polynomial_stress_22,Polynomial Net,POLYNOMIAL,synthetic,N,200,current_mixture,0.1,10,1e-12,width,0.0,2,a_tau,,no_committed_onnx,0.0
poly13_deg19_b,polynomial_stress_22,Polynomial Net,POLYNOMIAL,synthetic,N,200,current_mixture,0.1,10,1e-12,width,0.0,2,g_ibp,,no_committed_onnx,0.0
poly13_deg19_b,polynomial_stress_22,Polynomial Net,POLYNOMIAL,synthetic,N,200,current_mixture,0.1,10,1e-12,width,0.0,3,margin_hat_min,,no_committed_onnx,0.0
poly13_deg19_b,polynomial_stress_22,Polynomial Net,POLYNOMIAL,synthetic,N,200,current_mixture,0.1,10,1e-12,width,0.0,3,d_eff,,no_committed_onnx,0.0
poly13_deg19_b,polynomial_stress_22,Polynomial Net,POLYNOMIAL,synthetic,N,200,current_mixture,0.1,10,1e-12,width,0.0,3,a_tau,,no_committed_onnx,0.0
poly13_deg19_b,polynomial_stress_22,Polynomial Net,POLYNOMIAL,synthetic,N,200,current_mixture,0.1,10,1e-12,width,0.0,3,g_ibp,,no_committed_onnx,0.0
poly13_deg19_b,polynomial_stress_22,Polynomial Net,POLYNOMIAL,synthetic,N,200,current_mixture,0.1,10,1e-12,width,0.0,4,margin_hat_min,,no_committed_onnx,0.0
poly13_deg19_b,polynomial_stress_22,Polynomial Net,POLYNOMIAL,synthetic,N,200,current_mixture,0.1,10,1e-12,width,0.0,4,d_eff,,no_committed_onnx,0.0
poly13_deg19_b,polynomial_stress_22,Polynomial Net,POLYNOMIAL,synthetic,N,200,current_mixture,0.1,10,1e-12,width,0.0,4,a_tau,,no_committed_onnx,0.0
poly13_deg19_b,polynomial_stress_22,Polynomial Net,POLYNOMIAL,synthetic,N,200,current_mixture,0.1,10,1e-12,width,0.0,4,g_ibp,,no_committed_onnx,0.0
poly13_deg19_b,polynomial_stress_22,Polynomial Net,POLYNOMIAL,synthetic,N,200,current_mixture,0.1,10,1e-12,width,0.0,5,margin_hat_min,,no_committed_onnx,0.0
poly13_deg19_b,polynomial_stress_22,Polynomial Net,POLYNOMIAL,synthetic,N,200,current_mixture,0.1,10,1e-12,width,0.0,5,d_eff,,no_committed_onnx,0.0
poly13_deg19_b,polynomial_stress_22,Polynomial Net,POLYNOMIAL,synthetic,N,200,current_mixture,0.1,10,1e-12,width,0.0,5,a_tau,,no_committed_onnx,0.0
poly13_deg19_b,polynomial_stress_22,Polynomial Net,POLYNOMIAL,synthetic,N,200,current_mixture,0.1,10,1e-12,width,0.0,5,g_ibp,,no_committed_onnx,0.0
poly13_deg19_b,polynomial_stress_22,Polynomial Net,POLYNOMIAL,synthetic,N,200,current_mixture,0.1,10,1e-12,width,0.0,6,margin_hat_min,,no_committed_onnx,0.0
poly13_deg19_b,polynomial_stress_22,Polynomial Net,POLYNOMIAL,synthetic,N,200,current_mixture,0.1,10,1e-12,width,0.0,6,d_eff,,no_committed_onnx,0.0
poly13_deg19_b,polynomial_stress_22,Polynomial Net,POLYNOMIAL,synthetic,N,200,current_mixture,0.1,10,1e-12,width,0.0,6,a_tau,,no_committed_onnx,0.0
poly13_deg19_b,polynomial_stress_22,Polynomial Net,POLYNOMIAL,synthetic,N,200,current_mixture,0.1,10,1e-12,width,0.0,6,g_ibp,,no_committed_onnx,0.0
poly13_deg19_b,polynomial_stress_22,Polynomial Net,POLYNOMIAL,synthetic,N,200,current_mixture,0.1,10,1e-12,width,0.0,7,margin_hat_min,,no_committed_onnx,0.0
poly13_deg19_b,polynomial_stress_22,Polynomial Net,POLYNOMIAL,synthetic,N,200,current_mixture,0.1,10,1e-12,width,0.0,7,d_eff,,no_committed_onnx,0.0
poly13_deg19_b,polynomial_stress_22,Polynomial Net,POLYNOMIAL,synthetic,N,200,current_mixture,0.1,10,1e-12,width,0.0,7,a_tau,,no_committed_onnx,0.0
poly13_deg19_b,polynomial_stress_22,Polynomial Net,POLYNOMIAL,synthetic,N,200,current_mixture,0.1,10,1e-12,width,0.0,7,g_ibp,,no_committed_onnx,0.0
poly13_deg19_b,polynomial_stress_22,Polynomial Net,POLYNOMIAL,synthetic,N,400,current_mixture,0.1,10,1e-12,width,0.0,0,margin_hat_min,,no_committed_onnx,0.0
poly13_deg19_b,polynomial_stress_22,Polynomial Net,POLYNOMIAL,synthetic,N,400,current_mixture,0.1,10,1e-12,width,0.0,0,d_eff,,no_committed_onnx,0.0
poly13_deg19_b,polynomial_stress_22,Polynomial Net,POLYNOMIAL,synthetic,N,400,current_mixture,0.1,10,1e-12,width,0.0,0,a_tau,,no_committed_onnx,0.0
poly13_deg19_b,polynomial_stress_22,Polynomial Net,POLYNOMIAL,synthetic,N,400,current_mixture,0.1,10,1e-12,width,0.0,0,g_ibp,,no_committed_onnx,0.0
poly13_deg19_b,polynomial_stress_22,Polynomial Net,POLYNOMIAL,synthetic,N,400,current_mixture,0.1,10,1e-12,width,0.0,1,margin_hat_min,,no_committed_onnx,0.0
poly13_deg19_b,polynomial_stress_22,Polynomial Net,POLYNOMIAL,synthetic,N,400,current_mixture,0.1,10,1e-12,width,0.0,1,d_eff,,no_committed_onnx,0.0
poly13_deg19_b,polynomial_stress_22,Polynomial Net,POLYNOMIAL,synthetic,N,400,current_mixture,0.1,10,1e-12,width,0.0,1,a_tau,,no_committed_onnx,0.0
poly13_deg19_b,polynomial_stress_22,Polynomial Net,POLYNOMIAL,synthetic,N,400,current_mixture,0.1,10,1e-12,width,0.0,1,g_ibp,,no_committed_onnx,0.0
poly13_deg19_b,polynomial_stress_22,Polynomial Net,POLYNOMIAL,synthetic,N,400,current_mixture,0.1,10,1e-12,width,0.0,2,margin_hat_min,,no_committed_onnx,0.0
poly13_deg19_b,polynomial_stress_22,Polynomial Net,POLYNOMIAL,synthetic,N,400,current_mixture,0.1,10,1e-12,width,0.0,2,d_eff,,no_committed_onnx,0.0
poly13_deg19_b,polynomial_stress_22,Polynomial Net,POLYNOMIAL,synthetic,N,400,current_mixture,0.1,10,1e-12,width,0.0,2,a_tau,,no_committed_onnx,0.0
poly13_deg19_b,polynomial_stress_22,Polynomial Net,POLYNOMIAL,synthetic,N,400,current_mixture,0.1,10,1e-12,width,0.0,2,g_ibp,,no_committed_onnx,0.0
poly13_deg19_b,polynomial_stress_22,Polynomial Net,POLYNOMIAL,synthetic,N,400,current_mixture,0.1,10,1e-12,width,0.0,3,margin_hat_min,,no_committed_onnx,0.0
poly13_deg19_b,polynomial_stress_22,Polynomial Net,POLYNOMIAL,synthetic,N,400,current_mixture,0.1,10,1e-12,width,0.0,3,d_eff,,no_committed_onnx,0.0
poly13_deg19_b,polynomial_stress_22,Polynomial Net,POLYNOMIAL,synthetic,N,400,current_mixture,0.1,10,1e-12,width,0.0,3,a_tau,,no_committed_onnx,0.0
poly13_deg19_b,polynomial_stress_22,Polynomial Net,POLYNOMIAL,synthetic,N,400,current_mixture,0.1,10,1e-12,width,0.0,3,g_ibp,,no_committed_onnx,0.0
poly13_deg19_b,polynomial_stress_22,Polynomial Net,POLYNOMIAL,synthetic,N,400,current_mixture,0.1,10,1e-12,width,0.0,4,margin_hat_min,,no_committed_onnx,0.0
poly13_deg19_b,polynomial_stress_22,Polynomial Net,POLYNOMIAL,synthetic,N,400,current_mixture,0.1,10,1e-12,width,0.0,4,d_eff,,no_committed_onnx,0.0
poly13_deg19_b,polynomial_stress_22,Polynomial Net,POLYNOMIAL,synthetic,N,400,current_mixture,0.1,10,1e-12,width,0.0,4,a_tau,,no_committed_onnx,0.0
poly13_deg19_b,polynomial_stress_22,Polynomial Net,POLYNOMIAL,synthetic,N,400,current_mixture,0.1,10,1e-12,width,0.0,4,g_ibp,,no_committed_onnx,0.0
poly13_deg19_b,polynomial_stress_22,Polynomial Net,POLYNOMIAL,synthetic,N,400,current_mixture,0.1,10,1e-12,width,0.0,5,margin_hat_min,,no_committed_onnx,0.0
poly13_deg19_b,polynomial_stress_22,Polynomial Net,POLYNOMIAL,synthetic,N,400,current_mixture,0.1,10,1e-12,width,0.0,5,d_eff,,no_committed_onnx,0.0
poly13_deg19_b,polynomial_stress_22,Polynomial Net,POLYNOMIAL,synthetic,N,400,current_mixture,0.1,10,1e-12,width,0.0,5,a_tau,,no_committed_onnx,0.0
poly13_deg19_b,polynomial_stress_22,Polynomial Net,POLYNOMIAL,synthetic,N,400,current_mixture,0.1,10,1e-12,width,0.0,5,g_ibp,,no_committed_onnx,0.0
poly13_deg19_b,polynomial_stress_22,Polynomial Net,POLYNOMIAL,synthetic,N,400,current_mixture,0.1,10,1e-12,width,0.0,6,margin_hat_min,,no_committed_onnx,0.0
poly13_deg19_b,polynomial_stress_22,Polynomial Net,POLYNOMIAL,synthetic,N,400,current_mixture,0.1,10,1e-12,width,0.0,6,d_eff,,no_committed_onnx,0.0
poly13_deg19_b,polynomial_stress_22,Polynomial Net,POLYNOMIAL,synthetic,N,400,current_mixture,0.1,10,1e-12,width,0.0,6,a_tau,,no_committed_onnx,0.0
poly13_deg19_b,polynomial_stress_22,Polynomial Net,POLYNOMIAL,synthetic,N,400,current_mixture,0.1,10,1e-12,width,0.0,6,g_ibp,,no_committed_onnx,0.0
poly13_deg19_b,polynomial_stress_22,Polynomial Net,POLYNOMIAL,synthetic,N,400,current_mixture,0.1,10,1e-12,width,0.0,7,margin_hat_min,,no_committed_onnx,0.0
poly13_deg19_b,polynomial_stress_22,Polynomial Net,POLYNOMIAL,synthetic,N,400,current_mixture,0.1,10,1e-12,width,0.0,7,d_eff,,no_committed_onnx,0.0
poly13_deg19_b,polynomial_stress_22,Polynomial Net,POLYNOMIAL,synthetic,N,400,current_mixture,0.1,10,1e-12,width,0.0,7,a_tau,,no_committed_onnx,0.0
poly13_deg19_b,polynomial_stress_22,Polynomial Net,POLYNOMIAL,synthetic,N,400,current_mixture,0.1,10,1e-12,width,0.0,7,g_ibp,,no_committed_onnx,0.0
poly13_deg19_b,polynomial_stress_22,Polynomial Net,POLYNOMIAL,synthetic,N,800,current_mixture,0.1,10,1e-12,width,0.0,0,margin_hat_min,,no_committed_onnx,0.0
poly13_deg19_b,polynomial_stress_22,Polynomial Net,POLYNOMIAL,synthetic,N,800,current_mixture,0.1,10,1e-12,width,0.0,0,d_eff,,no_committed_onnx,0.0
poly13_deg19_b,polynomial_stress_22,Polynomial Net,POLYNOMIAL,synthetic,N,800,current_mixture,0.1,10,1e-12,width,0.0,0,a_tau,,no_committed_onnx,0.0
poly13_deg19_b,polynomial_stress_22,Polynomial Net,POLYNOMIAL,synthetic,N,800,current_mixture,0.1,10,1e-12,width,0.0,0,g_ibp,,no_committed_onnx,0.0
poly13_deg19_b,polynomial_stress_22,Polynomial Net,POLYNOMIAL,synthetic,N,800,current_mixture,0.1,10,1e-12,width,0.0,1,margin_hat_min,,no_committed_onnx,0.0
poly13_deg19_b,polynomial_stress_22,Polynomial Net,POLYNOMIAL,synthetic,N,800,current_mixture,0.1,10,1e-12,width,0.0,1,d_eff,,no_committed_onnx,0.0
poly13_deg19_b,polynomial_stress_22,Polynomial Net,POLYNOMIAL,synthetic,N,800,current_mixture,0.1,10,1e-12,width,0.0,1,a_tau,,no_committed_onnx,0.0
poly13_deg19_b,polynomial_stress_22,Polynomial Net,POLYNOMIAL,synthetic,N,800,current_mixture,0.1,10,1e-12,width,0.0,1,g_ibp,,no_committed_onnx,0.0
poly13_deg19_b,polynomial_stress_22,Polynomial Net,POLYNOMIAL,synthetic,N,800,current_mixture,0.1,10,1e-12,width,0.0,2,margin_hat_min,,no_committed_onnx,0.0
poly13_deg19_b,polynomial_stress_22,Polynomial Net,POLYNOMIAL,synthetic,N,800,current_mixture,0.1,10,1e-12,width,0.0,2,d_eff,,no_committed_onnx,0.0
poly13_deg19_b,polynomial_stress_22,Polynomial Net,POLYNOMIAL,synthetic,N,800,current_mixture,0.1,10,1e-12,width,0.0,2,a_tau,,no_committed_onnx,0.0
poly13_deg19_b,polynomial_stress_22,Polynomial Net,POLYNOMIAL,synthetic,N,800,current_mixture,0.1,10,1e-12,width,0.0,2,g_ibp,,no_committed_onnx,0.0
poly13_deg19_b,polynomial_stress_22,Polynomial Net,POLYNOMIAL,synthetic,N,800,current_mixture,0.1,10,1e-12,width,0.0,3,margin_hat_min,,no_committed_onnx,0.0
poly13_deg19_b,polynomial_stress_22,Polynomial Net,POLYNOMIAL,synthetic,N,800,current_mixture,0.1,10,1e-12,width,0.0,3,d_eff,,no_committed_onnx,0.0
poly13_deg19_b,polynomial_stress_22,Polynomial Net,POLYNOMIAL,synthetic,N,800,current_mixture,0.1,10,1e-12,width,0.0,3,a_tau,,no_committed_onnx,0.0
poly13_deg19_b,polynomial_stress_22,Polynomial Net,POLYNOMIAL,synthetic,N,800,current_mixture,0.1,10,1e-12,width,0.0,3,g_ibp,,no_committed_onnx,0.0
poly13_deg19_b,polynomial_stress_22,Polynomial Net,POLYNOMIAL,synthetic,N,800,current_mixture,0.1,10,1e-12,width,0.0,4,margin_hat_min,,no_committed_onnx,0.0
poly13_deg19_b,polynomial_stress_22,Polynomial Net,POLYNOMIAL,synthetic,N,800,current_mixture,0.1,10,1e-12,width,0.0,4,d_eff,,no_committed_onnx,0.0
poly13_deg19_b,polynomial_stress_22,Polynomial Net,POLYNOMIAL,synthetic,N,800,current_mixture,0.1,10,1e-12,width,0.0,4,a_tau,,no_committed_onnx,0.0
poly13_deg19_b,polynomial_stress_22,Polynomial Net,POLYNOMIAL,synthetic,N,800,current_mixture,0.1,10,1e-12,width,0.0,4,g_ibp,,no_committed_onnx,0.0
poly13_deg19_b,polynomial_stress_22,Polynomial Net,POLYNOMIAL,synthetic,N,800,current_mixture,0.1,10,1e-12,width,0.0,5,margin_hat_min,,no_committed_onnx,0.0
poly13_deg19_b,polynomial_stress_22,Polynomial Net,POLYNOMIAL,synthetic,N,800,current_mixture,0.1,10,1e-12,width,0.0,5,d_eff,,no_committed_onnx,0.0
poly13_deg19_b,polynomial_stress_22,Polynomial Net,POLYNOMIAL,synthetic,N,800,current_mixture,0.1,10,1e-12,width,0.0,5,a_tau,,no_committed_onnx,0.0
poly13_deg19_b,polynomial_stress_22,Polynomial Net,POLYNOMIAL,synthetic,N,800,current_mixture,0.1,10,1e-12,width,0.0,5,g_ibp,,no_committed_onnx,0.0
poly13_deg19_b,polynomial_stress_22,Polynomial Net,POLYNOMIAL,synthetic,N,800,current_mixture,0.1,10,1e-12,width,0.0,6,margin_hat_min,,no_committed_onnx,0.0
poly13_deg19_b,polynomial_stress_22,Polynomial Net,POLYNOMIAL,synthetic,N,800,current_mixture,0.1,10,1e-12,width,0.0,6,d_eff,,no_committed_onnx,0.0
poly13_deg19_b,polynomial_stress_22,Polynomial Net,POLYNOMIAL,synthetic,N,800,current_mixture,0.1,10,1e-12,width,0.0,6,a_tau,,no_committed_onnx,0.0
poly13_deg19_b,polynomial_stress_22,Polynomial Net,POLYNOMIAL,synthetic,N,800,current_mixture,0.1,10,1e-12,width,0.0,6,g_ibp,,no_committed_onnx,0.0
poly13_deg19_b,polynomial_stress_22,Polynomial Net,POLYNOMIAL,synthetic,N,800,current_mixture,0.1,10,1e-12,width,0.0,7,margin_hat_min,,no_committed_onnx,0.0
poly13_deg19_b,polynomial_stress_22,Polynomial Net,POLYNOMIAL,synthetic,N,800,current_mixture,0.1,10,1e-12,width,0.0,7,d_eff,,no_committed_onnx,0.0
poly13_deg19_b,polynomial_stress_22,Polynomial Net,POLYNOMIAL,synthetic,N,800,current_mixture,0.1,10,1e-12,width,0.0,7,a_tau,,no_committed_onnx,0.0
poly13_deg19_b,polynomial_stress_22,Polynomial Net,POLYNOMIAL,synthetic,N,800,current_mixture,0.1,10,1e-12,width,0.0,7,g_ibp,,no_committed_onnx,0.0
poly13_deg19_b,polynomial_stress_22,Polynomial Net,POLYNOMIAL,synthetic,N,1600,current_mixture,0.1,10,1e-12,width,0.0,0,margin_hat_min,,no_committed_onnx,0.0
poly13_deg19_b,polynomial_stress_22,Polynomial Net,POLYNOMIAL,synthetic,N,1600,current_mixture,0.1,10,1e-12,width,0.0,0,d_eff,,no_committed_onnx,0.0
poly13_deg19_b,polynomial_stress_22,Polynomial Net,POLYNOMIAL,synthetic,N,1600,current_mixture,0.1,10,1e-12,width,0.0,0,a_tau,,no_committed_onnx,0.0
poly13_deg19_b,polynomial_stress_22,Polynomial Net,POLYNOMIAL,synthetic,N,1600,current_mixture,0.1,10,1e-12,width,0.0,0,g_ibp,,no_committed_onnx,0.0
poly13_deg19_b,polynomial_stress_22,Polynomial Net,POLYNOMIAL,synthetic,N,1600,current_mixture,0.1,10,1e-12,width,0.0,1,margin_hat_min,,no_committed_onnx,0.0
poly13_deg19_b,polynomial_stress_22,Polynomial Net,POLYNOMIAL,synthetic,N,1600,current_mixture,0.1,10,1e-12,width,0.0,1,d_eff,,no_committed_onnx,0.0
poly13_deg19_b,polynomial_stress_22,Polynomial Net,POLYNOMIAL,synthetic,N,1600,current_mixture,0.1,10,1e-12,width,0.0,1,a_tau,,no_committed_onnx,0.0
poly13_deg19_b,polynomial_stress_22,Polynomial Net,POLYNOMIAL,synthetic,N,1600,current_mixture,0.1,10,1e-12,width,0.0,1,g_ibp,,no_committed_onnx,0.0
poly13_deg19_b,polynomial_stress_22,Polynomial Net,POLYNOMIAL,synthetic,N,1600,current_mixture,0.1,10,1e-12,width,0.0,2,margin_hat_min,,no_committed_onnx,0.0
poly13_deg19_b,polynomial_stress_22,Polynomial Net,POLYNOMIAL,synthetic,N,1600,current_mixture,0.1,10,1e-12,width,0.0,2,d_eff,,no_committed_onnx,0.0
poly13_deg19_b,polynomial_stress_22,Polynomial Net,POLYNOMIAL,synthetic,N,1600,current_mixture,0.1,10,1e-12,width,0.0,2,a_tau,,no_committed_onnx,0.0
poly13_deg19_b,polynomial_stress_22,Polynomial Net,POLYNOMIAL,synthetic,N,1600,current_mixture,0.1,10,1e-12,width,0.0,2,g_ibp,,no_committed_onnx,0.0
poly13_deg19_b,polynomial_stress_22,Polynomial Net,POLYNOMIAL,synthetic,N,1600,current_mixture,0.1,10,1e-12,width,0.0,3,margin_hat_min,,no_committed_onnx,0.0
poly13_deg19_b,polynomial_stress_22,Polynomial Net,POLYNOMIAL,synthetic,N,1600,current_mixture,0.1,10,1e-12,width,0.0,3,d_eff,,no_committed_onnx,0.0
poly13_deg19_b,polynomial_stress_22,Polynomial Net,POLYNOMIAL,synthetic,N,1600,current_mixture,0.1,10,1e-12,width,0.0,3,a_tau,,no_committed_onnx,0.0
poly13_deg19_b,polynomial_stress_22,Polynomial Net,POLYNOMIAL,synthetic,N,1600,current_mixture,0.1,10,1e-12,width,0.0,3,g_ibp,,no_committed_onnx,0.0
poly13_deg19_b,polynomial_stress_22,Polynomial Net,POLYNOMIAL,synthetic,N,1600,current_mixture,0.1,10,1e-12,width,0.0,4,margin_hat_min,,no_committed_onnx,0.0
poly13_deg19_b,polynomial_stress_22,Polynomial Net,POLYNOMIAL,synthetic,N,1600,current_mixture,0.1,10,1e-12,width,0.0,4,d_eff,,no_committed_onnx,0.0
poly13_deg19_b,polynomial_stress_22,Polynomial Net,POLYNOMIAL,synthetic,N,1600,current_mixture,0.1,10,1e-12,width,0.0,4,a_tau,,no_committed_onnx,0.0
poly13_deg19_b,polynomial_stress_22,Polynomial Net,POLYNOMIAL,synthetic,N,1600,current_mixture,0.1,10,1e-12,width,0.0,4,g_ibp,,no_committed_onnx,0.0
poly13_deg19_b,polynomial_stress_22,Polynomial Net,POLYNOMIAL,synthetic,N,1600,current_mixture,0.1,10,1e-12,width,0.0,5,margin_hat_min,,no_committed_onnx,0.0
poly13_deg19_b,polynomial_stress_22,Polynomial Net,POLYNOMIAL,synthetic,N,1600,current_mixture,0.1,10,1e-12,width,0.0,5,d_eff,,no_committed_onnx,0.0
poly13_deg19_b,polynomial_stress_22,Polynomial Net,POLYNOMIAL,synthetic,N,1600,current_mixture,0.1,10,1e-12,width,0.0,5,a_tau,,no_committed_onnx,0.0
poly13_deg19_b,polynomial_stress_22,Polynomial Net,POLYNOMIAL,synthetic,N,1600,current_mixture,0.1,10,1e-12,width,0.0,5,g_ibp,,no_committed_onnx,0.0
poly13_deg19_b,polynomial_stress_22,Polynomial Net,POLYNOMIAL,synthetic,N,1600,current_mixture,0.1,10,1e-12,width,0.0,6,margin_hat_min,,no_committed_onnx,0.0
poly13_deg19_b,polynomial_stress_22,Polynomial Net,POLYNOMIAL,synthetic,N,1600,current_mixture,0.1,10,1e-12,width,0.0,6,d_eff,,no_committed_onnx,0.0
poly13_deg19_b,polynomial_stress_22,Polynomial Net,POLYNOMIAL,synthetic,N,1600,current_mixture,0.1,10,1e-12,width,0.0,6,a_tau,,no_committed_onnx,0.0
poly13_deg19_b,polynomial_stress_22,Polynomial Net,POLYNOMIAL,synthetic,N,1600,current_mixture,0.1,10,1e-12,width,0.0,6,g_ibp,,no_committed_onnx,0.0
poly13_deg19_b,polynomial_stress_22,Polynomial Net,POLYNOMIAL,synthetic,N,1600,current_mixture,0.1,10,1e-12,width,0.0,7,margin_hat_min,,no_committed_onnx,0.0
poly13_deg19_b,polynomial_stress_22,Polynomial Net,POLYNOMIAL,synthetic,N,1600,current_mixture,0.1,10,1e-12,width,0.0,7,d_eff,,no_committed_onnx,0.0
poly13_deg19_b,polynomial_stress_22,Polynomial Net,POLYNOMIAL,synthetic,N,1600,current_mixture,0.1,10,1e-12,width,0.0,7,a_tau,,no_committed_onnx,0.0
poly13_deg19_b,polynomial_stress_22,Polynomial Net,POLYNOMIAL,synthetic,N,1600,current_mixture,0.1,10,1e-12,width,0.0,7,g_ibp,,no_committed_onnx,0.0
poly12_deg19_a,polynomial_stress_22,Polynomial Net,POLYNOMIAL,synthetic,N,50,current_mixture,0.1,10,1e-12,width,0.0,0,margin_hat_min,,no_committed_onnx,0.0
poly12_deg19_a,polynomial_stress_22,Polynomial Net,POLYNOMIAL,synthetic,N,50,current_mixture,0.1,10,1e-12,width,0.0,0,d_eff,,no_committed_onnx,0.0
poly12_deg19_a,polynomial_stress_22,Polynomial Net,POLYNOMIAL,synthetic,N,50,current_mixture,0.1,10,1e-12,width,0.0,0,a_tau,,no_committed_onnx,0.0
poly12_deg19_a,polynomial_stress_22,Polynomial Net,POLYNOMIAL,synthetic,N,50,current_mixture,0.1,10,1e-12,width,0.0,0,g_ibp,,no_committed_onnx,0.0
poly12_deg19_a,polynomial_stress_22,Polynomial Net,POLYNOMIAL,synthetic,N,50,current_mixture,0.1,10,1e-12,width,0.0,1,margin_hat_min,,no_committed_onnx,0.0
poly12_deg19_a,polynomial_stress_22,Polynomial Net,POLYNOMIAL,synthetic,N,50,current_mixture,0.1,10,1e-12,width,0.0,1,d_eff,,no_committed_onnx,0.0
poly12_deg19_a,polynomial_stress_22,Polynomial Net,POLYNOMIAL,synthetic,N,50,current_mixture,0.1,10,1e-12,width,0.0,1,a_tau,,no_committed_onnx,0.0
poly12_deg19_a,polynomial_stress_22,Polynomial Net,POLYNOMIAL,synthetic,N,50,current_mixture,0.1,10,1e-12,width,0.0,1,g_ibp,,no_committed_onnx,0.0
poly12_deg19_a,polynomial_stress_22,Polynomial Net,POLYNOMIAL,synthetic,N,50,current_mixture,0.1,10,1e-12,width,0.0,2,margin_hat_min,,no_committed_onnx,0.0
poly12_deg19_a,polynomial_stress_22,Polynomial Net,POLYNOMIAL,synthetic,N,50,current_mixture,0.1,10,1e-12,width,0.0,2,d_eff,,no_committed_onnx,0.0
poly12_deg19_a,polynomial_stress_22,Polynomial Net,POLYNOMIAL,synthetic,N,50,current_mixture,0.1,10,1e-12,width,0.0,2,a_tau,,no_committed_onnx,0.0
poly12_deg19_a,polynomial_stress_22,Polynomial Net,POLYNOMIAL,synthetic,N,50,current_mixture,0.1,10,1e-12,width,0.0,2,g_ibp,,no_committed_onnx,0.0
poly12_deg19_a,polynomial_stress_22,Polynomial Net,POLYNOMIAL,synthetic,N,50,current_mixture,0.1,10,1e-12,width,0.0,3,margin_hat_min,,no_committed_onnx,0.0
poly12_deg19_a,polynomial_stress_22,Polynomial Net,POLYNOMIAL,synthetic,N,50,current_mixture,0.1,10,1e-12,width,0.0,3,d_eff,,no_committed_onnx,0.0
poly12_deg19_a,polynomial_stress_22,Polynomial Net,POLYNOMIAL,synthetic,N,50,current_mixture,0.1,10,1e-12,width,0.0,3,a_tau,,no_committed_onnx,0.0
poly12_deg19_a,polynomial_stress_22,Polynomial Net,POLYNOMIAL,synthetic,N,50,current_mixture,0.1,10,1e-12,width,0.0,3,g_ibp,,no_committed_onnx,0.0
poly12_deg19_a,polynomial_stress_22,Polynomial Net,POLYNOMIAL,synthetic,N,50,current_mixture,0.1,10,1e-12,width,0.0,4,margin_hat_min,,no_committed_onnx,0.0
poly12_deg19_a,polynomial_stress_22,Polynomial Net,POLYNOMIAL,synthetic,N,50,current_mixture,0.1,10,1e-12,width,0.0,4,d_eff,,no_committed_onnx,0.0
poly12_deg19_a,polynomial_stress_22,Polynomial Net,POLYNOMIAL,synthetic,N,50,current_mixture,0.1,10,1e-12,width,0.0,4,a_tau,,no_committed_onnx,0.0
poly12_deg19_a,polynomial_stress_22,Polynomial Net,POLYNOMIAL,synthetic,N,50,current_mixture,0.1,10,1e-12,width,0.0,4,g_ibp,,no_committed_onnx,0.0
poly12_deg19_a,polynomial_stress_22,Polynomial Net,POLYNOMIAL,synthetic,N,50,current_mixture,0.1,10,1e-12,width,0.0,5,margin_hat_min,,no_committed_onnx,0.0
poly12_deg19_a,polynomial_stress_22,Polynomial Net,POLYNOMIAL,synthetic,N,50,current_mixture,0.1,10,1e-12,width,0.0,5,d_eff,,no_committed_onnx,0.0
poly12_deg19_a,polynomial_stress_22,Polynomial Net,POLYNOMIAL,synthetic,N,50,current_mixture,0.1,10,1e-12,width,0.0,5,a_tau,,no_committed_onnx,0.0
poly12_deg19_a,polynomial_stress_22,Polynomial Net,POLYNOMIAL,synthetic,N,50,current_mixture,0.1,10,1e-12,width,0.0,5,g_ibp,,no_committed_onnx,0.0
poly12_deg19_a,polynomial_stress_22,Polynomial Net,POLYNOMIAL,synthetic,N,50,current_mixture,0.1,10,1e-12,width,0.0,6,margin_hat_min,,no_committed_onnx,0.0
poly12_deg19_a,polynomial_stress_22,Polynomial Net,POLYNOMIAL,synthetic,N,50,current_mixture,0.1,10,1e-12,width,0.0,6,d_eff,,no_committed_onnx,0.0
poly12_deg19_a,polynomial_stress_22,Polynomial Net,POLYNOMIAL,synthetic,N,50,current_mixture,0.1,10,1e-12,width,0.0,6,a_tau,,no_committed_onnx,0.0
poly12_deg19_a,polynomial_stress_22,Polynomial Net,POLYNOMIAL,synthetic,N,50,current_mixture,0.1,10,1e-12,width,0.0,6,g_ibp,,no_committed_onnx,0.0
poly12_deg19_a,polynomial_stress_22,Polynomial Net,POLYNOMIAL,synthetic,N,50,current_mixture,0.1,10,1e-12,width,0.0,7,margin_hat_min,,no_committed_onnx,0.0
poly12_deg19_a,polynomial_stress_22,Polynomial Net,POLYNOMIAL,synthetic,N,50,current_mixture,0.1,10,1e-12,width,0.0,7,d_eff,,no_committed_onnx,0.0
poly12_deg19_a,polynomial_stress_22,Polynomial Net,POLYNOMIAL,synthetic,N,50,current_mixture,0.1,10,1e-12,width,0.0,7,a_tau,,no_committed_onnx,0.0
poly12_deg19_a,polynomial_stress_22,Polynomial Net,POLYNOMIAL,synthetic,N,50,current_mixture,0.1,10,1e-12,width,0.0,7,g_ibp,,no_committed_onnx,0.0
poly12_deg19_a,polynomial_stress_22,Polynomial Net,POLYNOMIAL,synthetic,N,100,current_mixture,0.1,10,1e-12,width,0.0,0,margin_hat_min,,no_committed_onnx,0.0
poly12_deg19_a,polynomial_stress_22,Polynomial Net,POLYNOMIAL,synthetic,N,100,current_mixture,0.1,10,1e-12,width,0.0,0,d_eff,,no_committed_onnx,0.0
poly12_deg19_a,polynomial_stress_22,Polynomial Net,POLYNOMIAL,synthetic,N,100,current_mixture,0.1,10,1e-12,width,0.0,0,a_tau,,no_committed_onnx,0.0
poly12_deg19_a,polynomial_stress_22,Polynomial Net,POLYNOMIAL,synthetic,N,100,current_mixture,0.1,10,1e-12,width,0.0,0,g_ibp,,no_committed_onnx,0.0
poly12_deg19_a,polynomial_stress_22,Polynomial Net,POLYNOMIAL,synthetic,N,100,current_mixture,0.1,10,1e-12,width,0.0,1,margin_hat_min,,no_committed_onnx,0.0
poly12_deg19_a,polynomial_stress_22,Polynomial Net,POLYNOMIAL,synthetic,N,100,current_mixture,0.1,10,1e-12,width,0.0,1,d_eff,,no_committed_onnx,0.0
poly12_deg19_a,polynomial_stress_22,Polynomial Net,POLYNOMIAL,synthetic,N,100,current_mixture,0.1,10,1e-12,width,0.0,1,a_tau,,no_committed_onnx,0.0
poly12_deg19_a,polynomial_stress_22,Polynomial Net,POLYNOMIAL,synthetic,N,100,current_mixture,0.1,10,1e-12,width,0.0,1,g_ibp,,no_committed_onnx,0.0
poly12_deg19_a,polynomial_stress_22,Polynomial Net,POLYNOMIAL,synthetic,N,100,current_mixture,0.1,10,1e-12,width,0.0,2,margin_hat_min,,no_committed_onnx,0.0
poly12_deg19_a,polynomial_stress_22,Polynomial Net,POLYNOMIAL,synthetic,N,100,current_mixture,0.1,10,1e-12,width,0.0,2,d_eff,,no_committed_onnx,0.0
poly12_deg19_a,polynomial_stress_22,Polynomial Net,POLYNOMIAL,synthetic,N,100,current_mixture,0.1,10,1e-12,width,0.0,2,a_tau,,no_committed_onnx,0.0
poly12_deg19_a,polynomial_stress_22,Polynomial Net,POLYNOMIAL,synthetic,N,100,current_mixture,0.1,10,1e-12,width,0.0,2,g_ibp,,no_committed_onnx,0.0
poly12_deg19_a,polynomial_stress_22,Polynomial Net,POLYNOMIAL,synthetic,N,100,current_mixture,0.1,10,1e-12,width,0.0,3,margin_hat_min,,no_committed_onnx,0.0
poly12_deg19_a,polynomial_stress_22,Polynomial Net,POLYNOMIAL,synthetic,N,100,current_mixture,0.1,10,1e-12,width,0.0,3,d_eff,,no_committed_onnx,0.0
poly12_deg19_a,polynomial_stress_22,Polynomial Net,POLYNOMIAL,synthetic,N,100,current_mixture,0.1,10,1e-12,width,0.0,3,a_tau,,no_committed_onnx,0.0
poly12_deg19_a,polynomial_stress_22,Polynomial Net,POLYNOMIAL,synthetic,N,100,current_mixture,0.1,10,1e-12,width,0.0,3,g_ibp,,no_committed_onnx,0.0
poly12_deg19_a,polynomial_stress_22,Polynomial Net,POLYNOMIAL,synthetic,N,100,current_mixture,0.1,10,1e-12,width,0.0,4,margin_hat_min,,no_committed_onnx,0.0
poly12_deg19_a,polynomial_stress_22,Polynomial Net,POLYNOMIAL,synthetic,N,100,current_mixture,0.1,10,1e-12,width,0.0,4,d_eff,,no_committed_onnx,0.0
poly12_deg19_a,polynomial_stress_22,Polynomial Net,POLYNOMIAL,synthetic,N,100,current_mixture,0.1,10,1e-12,width,0.0,4,a_tau,,no_committed_onnx,0.0
poly12_deg19_a,polynomial_stress_22,Polynomial Net,POLYNOMIAL,synthetic,N,100,current_mixture,0.1,10,1e-12,width,0.0,4,g_ibp,,no_committed_onnx,0.0
poly12_deg19_a,polynomial_stress_22,Polynomial Net,POLYNOMIAL,synthetic,N,100,current_mixture,0.1,10,1e-12,width,0.0,5,margin_hat_min,,no_committed_onnx,0.0
poly12_deg19_a,polynomial_stress_22,Polynomial Net,POLYNOMIAL,synthetic,N,100,current_mixture,0.1,10,1e-12,width,0.0,5,d_eff,,no_committed_onnx,0.0
poly12_deg19_a,polynomial_stress_22,Polynomial Net,POLYNOMIAL,synthetic,N,100,current_mixture,0.1,10,1e-12,width,0.0,5,a_tau,,no_committed_onnx,0.0
poly12_deg19_a,polynomial_stress_22,Polynomial Net,POLYNOMIAL,synthetic,N,100,current_mixture,0.1,10,1e-12,width,0.0,5,g_ibp,,no_committed_onnx,0.0
poly12_deg19_a,polynomial_stress_22,Polynomial Net,POLYNOMIAL,synthetic,N,100,current_mixture,0.1,10,1e-12,width,0.0,6,margin_hat_min,,no_committed_onnx,0.0
poly12_deg19_a,polynomial_stress_22,Polynomial Net,POLYNOMIAL,synthetic,N,100,current_mixture,0.1,10,1e-12,width,0.0,6,d_eff,,no_committed_onnx,0.0
poly12_deg19_a,polynomial_stress_22,Polynomial Net,POLYNOMIAL,synthetic,N,100,current_mixture,0.1,10,1e-12,width,0.0,6,a_tau,,no_committed_onnx,0.0
poly12_deg19_a,polynomial_stress_22,Polynomial Net,POLYNOMIAL,synthetic,N,100,current_mixture,0.1,10,1e-12,width,0.0,6,g_ibp,,no_committed_onnx,0.0
poly12_deg19_a,polynomial_stress_22,Polynomial Net,POLYNOMIAL,synthetic,N,100,current_mixture,0.1,10,1e-12,width,0.0,7,margin_hat_min,,no_committed_onnx,0.0
poly12_deg19_a,polynomial_stress_22,Polynomial Net,POLYNOMIAL,synthetic,N,100,current_mixture,0.1,10,1e-12,width,0.0,7,d_eff,,no_committed_onnx,0.0
poly12_deg19_a,polynomial_stress_22,Polynomial Net,POLYNOMIAL,synthetic,N,100,current_mixture,0.1,10,1e-12,width,0.0,7,a_tau,,no_committed_onnx,0.0
poly12_deg19_a,polynomial_stress_22,Polynomial Net,POLYNOMIAL,synthetic,N,100,current_mixture,0.1,10,1e-12,width,0.0,7,g_ibp,,no_committed_onnx,0.0
poly12_deg19_a,polynomial_stress_22,Polynomial Net,POLYNOMIAL,synthetic,N,200,current_mixture,0.1,10,1e-12,width,0.0,0,margin_hat_min,,no_committed_onnx,0.0
poly12_deg19_a,polynomial_stress_22,Polynomial Net,POLYNOMIAL,synthetic,N,200,current_mixture,0.1,10,1e-12,width,0.0,0,d_eff,,no_committed_onnx,0.0
poly12_deg19_a,polynomial_stress_22,Polynomial Net,POLYNOMIAL,synthetic,N,200,current_mixture,0.1,10,1e-12,width,0.0,0,a_tau,,no_committed_onnx,0.0
poly12_deg19_a,polynomial_stress_22,Polynomial Net,POLYNOMIAL,synthetic,N,200,current_mixture,0.1,10,1e-12,width,0.0,0,g_ibp,,no_committed_onnx,0.0
poly12_deg19_a,polynomial_stress_22,Polynomial Net,POLYNOMIAL,synthetic,N,200,current_mixture,0.1,10,1e-12,width,0.0,1,margin_hat_min,,no_committed_onnx,0.0
poly12_deg19_a,polynomial_stress_22,Polynomial Net,POLYNOMIAL,synthetic,N,200,current_mixture,0.1,10,1e-12,width,0.0,1,d_eff,,no_committed_onnx,0.0
poly12_deg19_a,polynomial_stress_22,Polynomial Net,POLYNOMIAL,synthetic,N,200,current_mixture,0.1,10,1e-12,width,0.0,1,a_tau,,no_committed_onnx,0.0
poly12_deg19_a,polynomial_stress_22,Polynomial Net,POLYNOMIAL,synthetic,N,200,current_mixture,0.1,10,1e-12,width,0.0,1,g_ibp,,no_committed_onnx,0.0
poly12_deg19_a,polynomial_stress_22,Polynomial Net,POLYNOMIAL,synthetic,N,200,current_mixture,0.1,10,1e-12,width,0.0,2,margin_hat_min,,no_committed_onnx,0.0
poly12_deg19_a,polynomial_stress_22,Polynomial Net,POLYNOMIAL,synthetic,N,200,current_mixture,0.1,10,1e-12,width,0.0,2,d_eff,,no_committed_onnx,0.0
poly12_deg19_a,polynomial_stress_22,Polynomial Net,POLYNOMIAL,synthetic,N,200,current_mixture,0.1,10,1e-12,width,0.0,2,a_tau,,no_committed_onnx,0.0
poly12_deg19_a,polynomial_stress_22,Polynomial Net,POLYNOMIAL,synthetic,N,200,current_mixture,0.1,10,1e-12,width,0.0,2,g_ibp,,no_committed_onnx,0.0
poly12_deg19_a,polynomial_stress_22,Polynomial Net,POLYNOMIAL,synthetic,N,200,current_mixture,0.1,10,1e-12,width,0.0,3,margin_hat_min,,no_committed_onnx,0.0
poly12_deg19_a,polynomial_stress_22,Polynomial Net,POLYNOMIAL,synthetic,N,200,current_mixture,0.1,10,1e-12,width,0.0,3,d_eff,,no_committed_onnx,0.0
poly12_deg19_a,polynomial_stress_22,Polynomial Net,POLYNOMIAL,synthetic,N,200,current_mixture,0.1,10,1e-12,width,0.0,3,a_tau,,no_committed_onnx,0.0
poly12_deg19_a,polynomial_stress_22,Polynomial Net,POLYNOMIAL,synthetic,N,200,current_mixture,0.1,10,1e-12,width,0.0,3,g_ibp,,no_committed_onnx,0.0
poly12_deg19_a,polynomial_stress_22,Polynomial Net,POLYNOMIAL,synthetic,N,200,current_mixture,0.1,10,1e-12,width,0.0,4,margin_hat_min,,no_committed_onnx,0.0
poly12_deg19_a,polynomial_stress_22,Polynomial Net,POLYNOMIAL,synthetic,N,200,current_mixture,0.1,10,1e-12,width,0.0,4,d_eff,,no_committed_onnx,0.0
poly12_deg19_a,polynomial_stress_22,Polynomial Net,POLYNOMIAL,synthetic,N,200,current_mixture,0.1,10,1e-12,width,0.0,4,a_tau,,no_committed_onnx,0.0
poly12_deg19_a,polynomial_stress_22,Polynomial Net,POLYNOMIAL,synthetic,N,200,current_mixture,0.1,10,1e-12,width,0.0,4,g_ibp,,no_committed_onnx,0.0
poly12_deg19_a,polynomial_stress_22,Polynomial Net,POLYNOMIAL,synthetic,N,200,current_mixture,0.1,10,1e-12,width,0.0,5,margin_hat_min,,no_committed_onnx,0.0
poly12_deg19_a,polynomial_stress_22,Polynomial Net,POLYNOMIAL,synthetic,N,200,current_mixture,0.1,10,1e-12,width,0.0,5,d_eff,,no_committed_onnx,0.0
poly12_deg19_a,polynomial_stress_22,Polynomial Net,POLYNOMIAL,synthetic,N,200,current_mixture,0.1,10,1e-12,width,0.0,5,a_tau,,no_committed_onnx,0.0
poly12_deg19_a,polynomial_stress_22,Polynomial Net,POLYNOMIAL,synthetic,N,200,current_mixture,0.1,10,1e-12,width,0.0,5,g_ibp,,no_committed_onnx,0.0
poly12_deg19_a,polynomial_stress_22,Polynomial Net,POLYNOMIAL,synthetic,N,200,current_mixture,0.1,10,1e-12,width,0.0,6,margin_hat_min,,no_committed_onnx,0.0
poly12_deg19_a,polynomial_stress_22,Polynomial Net,POLYNOMIAL,synthetic,N,200,current_mixture,0.1,10,1e-12,width,0.0,6,d_eff,,no_committed_onnx,0.0
poly12_deg19_a,polynomial_stress_22,Polynomial Net,POLYNOMIAL,synthetic,N,200,current_mixture,0.1,10,1e-12,width,0.0,6,a_tau,,no_committed_onnx,0.0
poly12_deg19_a,polynomial_stress_22,Polynomial Net,POLYNOMIAL,synthetic,N,200,current_mixture,0.1,10,1e-12,width,0.0,6,g_ibp,,no_committed_onnx,0.0
poly12_deg19_a,polynomial_stress_22,Polynomial Net,POLYNOMIAL,synthetic,N,200,current_mixture,0.1,10,1e-12,width,0.0,7,margin_hat_min,,no_committed_onnx,0.0
poly12_deg19_a,polynomial_stress_22,Polynomial Net,POLYNOMIAL,synthetic,N,200,current_mixture,0.1,10,1e-12,width,0.0,7,d_eff,,no_committed_onnx,0.0
poly12_deg19_a,polynomial_stress_22,Polynomial Net,POLYNOMIAL,synthetic,N,200,current_mixture,0.1,10,1e-12,width,0.0,7,a_tau,,no_committed_onnx,0.0
poly12_deg19_a,polynomial_stress_22,Polynomial Net,POLYNOMIAL,synthetic,N,200,current_mixture,0.1,10,1e-12,width,0.0,7,g_ibp,,no_committed_onnx,0.0
poly12_deg19_a,polynomial_stress_22,Polynomial Net,POLYNOMIAL,synthetic,N,400,current_mixture,0.1,10,1e-12,width,0.0,0,margin_hat_min,,no_committed_onnx,0.0
poly12_deg19_a,polynomial_stress_22,Polynomial Net,POLYNOMIAL,synthetic,N,400,current_mixture,0.1,10,1e-12,width,0.0,0,d_eff,,no_committed_onnx,0.0
poly12_deg19_a,polynomial_stress_22,Polynomial Net,POLYNOMIAL,synthetic,N,400,current_mixture,0.1,10,1e-12,width,0.0,0,a_tau,,no_committed_onnx,0.0
poly12_deg19_a,polynomial_stress_22,Polynomial Net,POLYNOMIAL,synthetic,N,400,current_mixture,0.1,10,1e-12,width,0.0,0,g_ibp,,no_committed_onnx,0.0
poly12_deg19_a,polynomial_stress_22,Polynomial Net,POLYNOMIAL,synthetic,N,400,current_mixture,0.1,10,1e-12,width,0.0,1,margin_hat_min,,no_committed_onnx,0.0
poly12_deg19_a,polynomial_stress_22,Polynomial Net,POLYNOMIAL,synthetic,N,400,current_mixture,0.1,10,1e-12,width,0.0,1,d_eff,,no_committed_onnx,0.0
poly12_deg19_a,polynomial_stress_22,Polynomial Net,POLYNOMIAL,synthetic,N,400,current_mixture,0.1,10,1e-12,width,0.0,1,a_tau,,no_committed_onnx,0.0
poly12_deg19_a,polynomial_stress_22,Polynomial Net,POLYNOMIAL,synthetic,N,400,current_mixture,0.1,10,1e-12,width,0.0,1,g_ibp,,no_committed_onnx,0.0
poly12_deg19_a,polynomial_stress_22,Polynomial Net,POLYNOMIAL,synthetic,N,400,current_mixture,0.1,10,1e-12,width,0.0,2,margin_hat_min,,no_committed_onnx,0.0
poly12_deg19_a,polynomial_stress_22,Polynomial Net,POLYNOMIAL,synthetic,N,400,current_mixture,0.1,10,1e-12,width,0.0,2,d_eff,,no_committed_onnx,0.0
poly12_deg19_a,polynomial_stress_22,Polynomial Net,POLYNOMIAL,synthetic,N,400,current_mixture,0.1,10,1e-12,width,0.0,2,a_tau,,no_committed_onnx,0.0
poly12_deg19_a,polynomial_stress_22,Polynomial Net,POLYNOMIAL,synthetic,N,400,current_mixture,0.1,10,1e-12,width,0.0,2,g_ibp,,no_committed_onnx,0.0
poly12_deg19_a,polynomial_stress_22,Polynomial Net,POLYNOMIAL,synthetic,N,400,current_mixture,0.1,10,1e-12,width,0.0,3,margin_hat_min,,no_committed_onnx,0.0
poly12_deg19_a,polynomial_stress_22,Polynomial Net,POLYNOMIAL,synthetic,N,400,current_mixture,0.1,10,1e-12,width,0.0,3,d_eff,,no_committed_onnx,0.0
poly12_deg19_a,polynomial_stress_22,Polynomial Net,POLYNOMIAL,synthetic,N,400,current_mixture,0.1,10,1e-12,width,0.0,3,a_tau,,no_committed_onnx,0.0
poly12_deg19_a,polynomial_stress_22,Polynomial Net,POLYNOMIAL,synthetic,N,400,current_mixture,0.1,10,1e-12,width,0.0,3,g_ibp,,no_committed_onnx,0.0
poly12_deg19_a,polynomial_stress_22,Polynomial Net,POLYNOMIAL,synthetic,N,400,current_mixture,0.1,10,1e-12,width,0.0,4,margin_hat_min,,no_committed_onnx,0.0
poly12_deg19_a,polynomial_stress_22,Polynomial Net,POLYNOMIAL,synthetic,N,400,current_mixture,0.1,10,1e-12,width,0.0,4,d_eff,,no_committed_onnx,0.0
poly12_deg19_a,polynomial_stress_22,Polynomial Net,POLYNOMIAL,synthetic,N,400,current_mixture,0.1,10,1e-12,width,0.0,4,a_tau,,no_committed_onnx,0.0
poly12_deg19_a,polynomial_stress_22,Polynomial Net,POLYNOMIAL,synthetic,N,400,current_mixture,0.1,10,1e-12,width,0.0,4,g_ibp,,no_committed_onnx,0.0
poly12_deg19_a,polynomial_stress_22,Polynomial Net,POLYNOMIAL,synthetic,N,400,current_mixture,0.1,10,1e-12,width,0.0,5,margin_hat_min,,no_committed_onnx,0.0
poly12_deg19_a,polynomial_stress_22,Polynomial Net,POLYNOMIAL,synthetic,N,400,current_mixture,0.1,10,1e-12,width,0.0,5,d_eff,,no_committed_onnx,0.0
poly12_deg19_a,polynomial_stress_22,Polynomial Net,POLYNOMIAL,synthetic,N,400,current_mixture,0.1,10,1e-12,width,0.0,5,a_tau,,no_committed_onnx,0.0
poly12_deg19_a,polynomial_stress_22,Polynomial Net,POLYNOMIAL,synthetic,N,400,current_mixture,0.1,10,1e-12,width,0.0,5,g_ibp,,no_committed_onnx,0.0
poly12_deg19_a,polynomial_stress_22,Polynomial Net,POLYNOMIAL,synthetic,N,400,current_mixture,0.1,10,1e-12,width,0.0,6,margin_hat_min,,no_committed_onnx,0.0
poly12_deg19_a,polynomial_stress_22,Polynomial Net,POLYNOMIAL,synthetic,N,400,current_mixture,0.1,10,1e-12,width,0.0,6,d_eff,,no_committed_onnx,0.0
poly12_deg19_a,polynomial_stress_22,Polynomial Net,POLYNOMIAL,synthetic,N,400,current_mixture,0.1,10,1e-12,width,0.0,6,a_tau,,no_committed_onnx,0.0
poly12_deg19_a,polynomial_stress_22,Polynomial Net,POLYNOMIAL,synthetic,N,400,current_mixture,0.1,10,1e-12,width,0.0,6,g_ibp,,no_committed_onnx,0.0
poly12_deg19_a,polynomial_stress_22,Polynomial Net,POLYNOMIAL,synthetic,N,400,current_mixture,0.1,10,1e-12,width,0.0,7,margin_hat_min,,no_committed_onnx,0.0
poly12_deg19_a,polynomial_stress_22,Polynomial Net,POLYNOMIAL,synthetic,N,400,current_mixture,0.1,10,1e-12,width,0.0,7,d_eff,,no_committed_onnx,0.0
poly12_deg19_a,polynomial_stress_22,Polynomial Net,POLYNOMIAL,synthetic,N,400,current_mixture,0.1,10,1e-12,width,0.0,7,a_tau,,no_committed_onnx,0.0
poly12_deg19_a,polynomial_stress_22,Polynomial Net,POLYNOMIAL,synthetic,N,400,current_mixture,0.1,10,1e-12,width,0.0,7,g_ibp,,no_committed_onnx,0.0
poly12_deg19_a,polynomial_stress_22,Polynomial Net,POLYNOMIAL,synthetic,N,800,current_mixture,0.1,10,1e-12,width,0.0,0,margin_hat_min,,no_committed_onnx,0.0
poly12_deg19_a,polynomial_stress_22,Polynomial Net,POLYNOMIAL,synthetic,N,800,current_mixture,0.1,10,1e-12,width,0.0,0,d_eff,,no_committed_onnx,0.0
poly12_deg19_a,polynomial_stress_22,Polynomial Net,POLYNOMIAL,synthetic,N,800,current_mixture,0.1,10,1e-12,width,0.0,0,a_tau,,no_committed_onnx,0.0
poly12_deg19_a,polynomial_stress_22,Polynomial Net,POLYNOMIAL,synthetic,N,800,current_mixture,0.1,10,1e-12,width,0.0,0,g_ibp,,no_committed_onnx,0.0
poly12_deg19_a,polynomial_stress_22,Polynomial Net,POLYNOMIAL,synthetic,N,800,current_mixture,0.1,10,1e-12,width,0.0,1,margin_hat_min,,no_committed_onnx,0.0
poly12_deg19_a,polynomial_stress_22,Polynomial Net,POLYNOMIAL,synthetic,N,800,current_mixture,0.1,10,1e-12,width,0.0,1,d_eff,,no_committed_onnx,0.0
poly12_deg19_a,polynomial_stress_22,Polynomial Net,POLYNOMIAL,synthetic,N,800,current_mixture,0.1,10,1e-12,width,0.0,1,a_tau,,no_committed_onnx,0.0
poly12_deg19_a,polynomial_stress_22,Polynomial Net,POLYNOMIAL,synthetic,N,800,current_mixture,0.1,10,1e-12,width,0.0,1,g_ibp,,no_committed_onnx,0.0
poly12_deg19_a,polynomial_stress_22,Polynomial Net,POLYNOMIAL,synthetic,N,800,current_mixture,0.1,10,1e-12,width,0.0,2,margin_hat_min,,no_committed_onnx,0.0
poly12_deg19_a,polynomial_stress_22,Polynomial Net,POLYNOMIAL,synthetic,N,800,current_mixture,0.1,10,1e-12,width,0.0,2,d_eff,,no_committed_onnx,0.0
poly12_deg19_a,polynomial_stress_22,Polynomial Net,POLYNOMIAL,synthetic,N,800,current_mixture,0.1,10,1e-12,width,0.0,2,a_tau,,no_committed_onnx,0.0
poly12_deg19_a,polynomial_stress_22,Polynomial Net,POLYNOMIAL,synthetic,N,800,current_mixture,0.1,10,1e-12,width,0.0,2,g_ibp,,no_committed_onnx,0.0
poly12_deg19_a,polynomial_stress_22,Polynomial Net,POLYNOMIAL,synthetic,N,800,current_mixture,0.1,10,1e-12,width,0.0,3,margin_hat_min,,no_committed_onnx,0.0
poly12_deg19_a,polynomial_stress_22,Polynomial Net,POLYNOMIAL,synthetic,N,800,current_mixture,0.1,10,1e-12,width,0.0,3,d_eff,,no_committed_onnx,0.0
poly12_deg19_a,polynomial_stress_22,Polynomial Net,POLYNOMIAL,synthetic,N,800,current_mixture,0.1,10,1e-12,width,0.0,3,a_tau,,no_committed_onnx,0.0
poly12_deg19_a,polynomial_stress_22,Polynomial Net,POLYNOMIAL,synthetic,N,800,current_mixture,0.1,10,1e-12,width,0.0,3,g_ibp,,no_committed_onnx,0.0
poly12_deg19_a,polynomial_stress_22,Polynomial Net,POLYNOMIAL,synthetic,N,800,current_mixture,0.1,10,1e-12,width,0.0,4,margin_hat_min,,no_committed_onnx,0.0
poly12_deg19_a,polynomial_stress_22,Polynomial Net,POLYNOMIAL,synthetic,N,800,current_mixture,0.1,10,1e-12,width,0.0,4,d_eff,,no_committed_onnx,0.0
poly12_deg19_a,polynomial_stress_22,Polynomial Net,POLYNOMIAL,synthetic,N,800,current_mixture,0.1,10,1e-12,width,0.0,4,a_tau,,no_committed_onnx,0.0
poly12_deg19_a,polynomial_stress_22,Polynomial Net,POLYNOMIAL,synthetic,N,800,current_mixture,0.1,10,1e-12,width,0.0,4,g_ibp,,no_committed_onnx,0.0
poly12_deg19_a,polynomial_stress_22,Polynomial Net,POLYNOMIAL,synthetic,N,800,current_mixture,0.1,10,1e-12,width,0.0,5,margin_hat_min,,no_committed_onnx,0.0
poly12_deg19_a,polynomial_stress_22,Polynomial Net,POLYNOMIAL,synthetic,N,800,current_mixture,0.1,10,1e-12,width,0.0,5,d_eff,,no_committed_onnx,0.0
poly12_deg19_a,polynomial_stress_22,Polynomial Net,POLYNOMIAL,synthetic,N,800,current_mixture,0.1,10,1e-12,width,0.0,5,a_tau,,no_committed_onnx,0.0
poly12_deg19_a,polynomial_stress_22,Polynomial Net,POLYNOMIAL,synthetic,N,800,current_mixture,0.1,10,1e-12,width,0.0,5,g_ibp,,no_committed_onnx,0.0
poly12_deg19_a,polynomial_stress_22,Polynomial Net,POLYNOMIAL,synthetic,N,800,current_mixture,0.1,10,1e-12,width,0.0,6,margin_hat_min,,no_committed_onnx,0.0
poly12_deg19_a,polynomial_stress_22,Polynomial Net,POLYNOMIAL,synthetic,N,800,current_mixture,0.1,10,1e-12,width,0.0,6,d_eff,,no_committed_onnx,0.0
poly12_deg19_a,polynomial_stress_22,Polynomial Net,POLYNOMIAL,synthetic,N,800,current_mixture,0.1,10,1e-12,width,0.0,6,a_tau,,no_committed_onnx,0.0
poly12_deg19_a,polynomial_stress_22,Polynomial Net,POLYNOMIAL,synthetic,N,800,current_mixture,0.1,10,1e-12,width,0.0,6,g_ibp,,no_committed_onnx,0.0
poly12_deg19_a,polynomial_stress_22,Polynomial Net,POLYNOMIAL,synthetic,N,800,current_mixture,0.1,10,1e-12,width,0.0,7,margin_hat_min,,no_committed_onnx,0.0
poly12_deg19_a,polynomial_stress_22,Polynomial Net,POLYNOMIAL,synthetic,N,800,current_mixture,0.1,10,1e-12,width,0.0,7,d_eff,,no_committed_onnx,0.0
poly12_deg19_a,polynomial_stress_22,Polynomial Net,POLYNOMIAL,synthetic,N,800,current_mixture,0.1,10,1e-12,width,0.0,7,a_tau,,no_committed_onnx,0.0
poly12_deg19_a,polynomial_stress_22,Polynomial Net,POLYNOMIAL,synthetic,N,800,current_mixture,0.1,10,1e-12,width,0.0,7,g_ibp,,no_committed_onnx,0.0
poly12_deg19_a,polynomial_stress_22,Polynomial Net,POLYNOMIAL,synthetic,N,1600,current_mixture,0.1,10,1e-12,width,0.0,0,margin_hat_min,,no_committed_onnx,0.0
poly12_deg19_a,polynomial_stress_22,Polynomial Net,POLYNOMIAL,synthetic,N,1600,current_mixture,0.1,10,1e-12,width,0.0,0,d_eff,,no_committed_onnx,0.0
poly12_deg19_a,polynomial_stress_22,Polynomial Net,POLYNOMIAL,synthetic,N,1600,current_mixture,0.1,10,1e-12,width,0.0,0,a_tau,,no_committed_onnx,0.0
poly12_deg19_a,polynomial_stress_22,Polynomial Net,POLYNOMIAL,synthetic,N,1600,current_mixture,0.1,10,1e-12,width,0.0,0,g_ibp,,no_committed_onnx,0.0
poly12_deg19_a,polynomial_stress_22,Polynomial Net,POLYNOMIAL,synthetic,N,1600,current_mixture,0.1,10,1e-12,width,0.0,1,margin_hat_min,,no_committed_onnx,0.0
poly12_deg19_a,polynomial_stress_22,Polynomial Net,POLYNOMIAL,synthetic,N,1600,current_mixture,0.1,10,1e-12,width,0.0,1,d_eff,,no_committed_onnx,0.0
poly12_deg19_a,polynomial_stress_22,Polynomial Net,POLYNOMIAL,synthetic,N,1600,current_mixture,0.1,10,1e-12,width,0.0,1,a_tau,,no_committed_onnx,0.0
poly12_deg19_a,polynomial_stress_22,Polynomial Net,POLYNOMIAL,synthetic,N,1600,current_mixture,0.1,10,1e-12,width,0.0,1,g_ibp,,no_committed_onnx,0.0
poly12_deg19_a,polynomial_stress_22,Polynomial Net,POLYNOMIAL,synthetic,N,1600,current_mixture,0.1,10,1e-12,width,0.0,2,margin_hat_min,,no_committed_onnx,0.0
poly12_deg19_a,polynomial_stress_22,Polynomial Net,POLYNOMIAL,synthetic,N,1600,current_mixture,0.1,10,1e-12,width,0.0,2,d_eff,,no_committed_onnx,0.0
poly12_deg19_a,polynomial_stress_22,Polynomial Net,POLYNOMIAL,synthetic,N,1600,current_mixture,0.1,10,1e-12,width,0.0,2,a_tau,,no_committed_onnx,0.0
poly12_deg19_a,polynomial_stress_22,Polynomial Net,POLYNOMIAL,synthetic,N,1600,current_mixture,0.1,10,1e-12,width,0.0,2,g_ibp,,no_committed_onnx,0.0
poly12_deg19_a,polynomial_stress_22,Polynomial Net,POLYNOMIAL,synthetic,N,1600,current_mixture,0.1,10,1e-12,width,0.0,3,margin_hat_min,,no_committed_onnx,0.0
poly12_deg19_a,polynomial_stress_22,Polynomial Net,POLYNOMIAL,synthetic,N,1600,current_mixture,0.1,10,1e-12,width,0.0,3,d_eff,,no_committed_onnx,0.0
poly12_deg19_a,polynomial_stress_22,Polynomial Net,POLYNOMIAL,synthetic,N,1600,current_mixture,0.1,10,1e-12,width,0.0,3,a_tau,,no_committed_onnx,0.0
poly12_deg19_a,polynomial_stress_22,Polynomial Net,POLYNOMIAL,synthetic,N,1600,current_mixture,0.1,10,1e-12,width,0.0,3,g_ibp,,no_committed_onnx,0.0
poly12_deg19_a,polynomial_stress_22,Polynomial Net,POLYNOMIAL,synthetic,N,1600,current_mixture,0.1,10,1e-12,width,0.0,4,margin_hat_min,,no_committed_onnx,0.0
poly12_deg19_a,polynomial_stress_22,Polynomial Net,POLYNOMIAL,synthetic,N,1600,current_mixture,0.1,10,1e-12,width,0.0,4,d_eff,,no_committed_onnx,0.0
poly12_deg19_a,polynomial_stress_22,Polynomial Net,POLYNOMIAL,synthetic,N,1600,current_mixture,0.1,10,1e-12,width,0.0,4,a_tau,,no_committed_onnx,0.0
poly12_deg19_a,polynomial_stress_22,Polynomial Net,POLYNOMIAL,synthetic,N,1600,current_mixture,0.1,10,1e-12,width,0.0,4,g_ibp,,no_committed_onnx,0.0
poly12_deg19_a,polynomial_stress_22,Polynomial Net,POLYNOMIAL,synthetic,N,1600,current_mixture,0.1,10,1e-12,width,0.0,5,margin_hat_min,,no_committed_onnx,0.0
poly12_deg19_a,polynomial_stress_22,Polynomial Net,POLYNOMIAL,synthetic,N,1600,current_mixture,0.1,10,1e-12,width,0.0,5,d_eff,,no_committed_onnx,0.0
poly12_deg19_a,polynomial_stress_22,Polynomial Net,POLYNOMIAL,synthetic,N,1600,current_mixture,0.1,10,1e-12,width,0.0,5,a_tau,,no_committed_onnx,0.0
poly12_deg19_a,polynomial_stress_22,Polynomial Net,POLYNOMIAL,synthetic,N,1600,current_mixture,0.1,10,1e-12,width,0.0,5,g_ibp,,no_committed_onnx,0.0
poly12_deg19_a,polynomial_stress_22,Polynomial Net,POLYNOMIAL,synthetic,N,1600,current_mixture,0.1,10,1e-12,width,0.0,6,margin_hat_min,,no_committed_onnx,0.0
poly12_deg19_a,polynomial_stress_22,Polynomial Net,POLYNOMIAL,synthetic,N,1600,current_mixture,0.1,10,1e-12,width,0.0,6,d_eff,,no_committed_onnx,0.0
poly12_deg19_a,polynomial_stress_22,Polynomial Net,POLYNOMIAL,synthetic,N,1600,current_mixture,0.1,10,1e-12,width,0.0,6,a_tau,,no_committed_onnx,0.0
poly12_deg19_a,polynomial_stress_22,Polynomial Net,POLYNOMIAL,synthetic,N,1600,current_mixture,0.1,10,1e-12,width,0.0,6,g_ibp,,no_committed_onnx,0.0
poly12_deg19_a,polynomial_stress_22,Polynomial Net,POLYNOMIAL,synthetic,N,1600,current_mixture,0.1,10,1e-12,width,0.0,7,margin_hat_min,,no_committed_onnx,0.0
poly12_deg19_a,polynomial_stress_22,Polynomial Net,POLYNOMIAL,synthetic,N,1600,current_mixture,0.1,10,1e-12,width,0.0,7,d_eff,,no_committed_onnx,0.0
poly12_deg19_a,polynomial_stress_22,Polynomial Net,POLYNOMIAL,synthetic,N,1600,current_mixture,0.1,10,1e-12,width,0.0,7,a_tau,,no_committed_onnx,0.0
poly12_deg19_a,polynomial_stress_22,Polynomial Net,POLYNOMIAL,synthetic,N,1600,current_mixture,0.1,10,1e-12,width,0.0,7,g_ibp,,no_committed_onnx,0.0
