instance_id,benchmark,family,arch,domain,axis,n_samples,dist_preset,atau_width,proj_dim,eta,u_mode,u_tau,seed,component,value,na_reason,wall_time_s
ep3,sweep_all,Constant-on-Box,MLP,synthetic,dist,200,uniform_only,0.1,10,1e-12,width,0.0,0,margin_hat_min,0.8342132568359375,,26.102
ep3,sweep_all,Constant-on-Box,MLP,synthetic,dist,200,uniform_only,0.1,10,1e-12,width,0.0,0,d_eff,0.11259480830248675,,26.102
ep3,sweep_all,Constant-on-Box,MLP,synthetic,dist,200,uniform_only,0.1,10,1e-12,width,0.0,0,g_ibp,1.1432020632497135e-06,,0.007
ep3,sweep_all,Constant-on-Box,MLP,synthetic,dist,200,uniform_only,0.1,10,1e-12,width,0.0,1,margin_hat_min,0.8342132568359375,,26.052
ep3,sweep_all,Constant-on-Box,MLP,synthetic,dist,200,uniform_only,0.1,10,1e-12,width,0.0,1,d_eff,0.12876792365795478,,26.052
ep3,sweep_all,Constant-on-Box,MLP,synthetic,dist,200,uniform_only,0.1,10,1e-12,width,0.0,1,g_ibp,1.1432020632497135e-06,,0.008
ep3,sweep_all,Constant-on-Box,MLP,synthetic,dist,200,uniform_only,0.1,10,1e-12,width,0.0,2,margin_hat_min,0.8342132568359375,,18.357
ep3,sweep_all,Constant-on-Box,MLP,synthetic,dist,200,uniform_only,0.1,10,1e-12,width,0.0,2,d_eff,0.08955223863731156,,18.357
ep3,sweep_all,Constant-on-Box,MLP,synthetic,dist,200,uniform_only,0.1,10,1e-12,width,0.0,2,g_ibp,1.1432020632497135e-06,,0.007
ep3,sweep_all,Constant-on-Box,MLP,synthetic,dist,200,uniform_only,0.1,10,1e-12,width,0.0,3,margin_hat_min,0.8342132568359375,,18.239
ep3,sweep_all,Constant-on-Box,MLP,synthetic,dist,200,uniform_only,0.1,10,1e-12,width,0.0,3,d_eff,0.08457711334673365,,18.239
ep3,sweep_all,Constant-on-Box,MLP,synthetic,dist,200,uniform_only,0.1,10,1e-12,width,0.0,3,g_ibp,1.1432020632497135e-06,,0.005
ep3,sweep_all,Constant-on-Box,MLP,synthetic,dist,200,uniform_only,0.1,10,1e-12,width,0.0,4,margin_hat_min,0.8342132568359375,,24.806
ep3,sweep_all,Constant-on-Box,MLP,synthetic,dist,200,uniform_only,0.1,10,1e-12,width,0.0,4,d_eff,0.12321603598479436,,24.806
ep3,sweep_all,Constant-on-Box,MLP,synthetic,dist,200,uniform_only,0.1,10,1e-12,width,0.0,4,g_ibp,1.1432020632497135e-06,,0.005
ep3,sweep_all,Constant-on-Box,MLP,synthetic,dist,200,uniform_only,0.1,10,1e-12,width,0.0,5,margin_hat_min,0.8342132568359375,,25.385
ep3,sweep_all,Constant-on-Box,MLP,synthetic,dist,200,uniform_only,0.1,10,1e-12,width,0.0,5,d_eff,0.1214285362496067,,25.385
ep3,sweep_all,Constant-on-Box,MLP,synthetic,dist,200,uniform_only,0.1,10,1e-12,width,0.0,5,g_ibp,1.1432020632497135e-06,,0.006
ep3,sweep_all,Constant-on-Box,MLP,synthetic,dist,200,uniform_only,0.1,10,1e-12,width,0.0,6,margin_hat_min,0.8342132568359375,,17.76
ep3,sweep_all,Constant-on-Box,MLP,synthetic,dist,200,uniform_only,0.1,10,1e-12,width,0.0,6,d_eff,0.06467661598567502,,17.76
ep3,sweep_all,Constant-on-Box,MLP,synthetic,dist,200,uniform_only,0.1,10,1e-12,width,0.0,6,g_ibp,1.1432020632497135e-06,,0.006
ep3,sweep_all,Constant-on-Box,MLP,synthetic,dist,200,uniform_only,0.1,10,1e-12,width,0.0,7,margin_hat_min,0.8342132568359375,,26.969
ep3,sweep_all,Constant-on-Box,MLP,synthetic,dist,200,uniform_only,0.1,10,1e-12,width,0.0,7,d_eff,0.07462686491457526,,26.969
ep3,sweep_all,Constant-on-Box,MLP,synthetic,dist,200,uniform_only,0.1,10,1e-12,width,0.0,7,g_ibp,1.1432020632497135e-06,,0.006
ep3,sweep_all,Constant-on-Box,MLP,synthetic,dist,200,boundary_only,0.1,10,1e-12,width,0.0,0,margin_hat_min,0.8342132568359375,,15.273
ep3,sweep_all,Constant-on-Box,MLP,synthetic,dist,200,boundary_only,0.1,10,1e-12,width,0.0,0,d_eff,35.348541420281755,,15.273
ep3,sweep_all,Constant-on-Box,MLP,synthetic,dist,200,boundary_only,0.1,10,1e-12,width,0.0,0,g_ibp,1.1432020632497135e-06,,0.004
ep3,sweep_all,Constant-on-Box,MLP,synthetic,dist,200,boundary_only,0.1,10,1e-12,width,0.0,1,margin_hat_min,0.8342132568359375,,26.066
ep3,sweep_all,Constant-on-Box,MLP,synthetic,dist,200,boundary_only,0.1,10,1e-12,width,0.0,1,d_eff,35.295441372930654,,26.066
ep3,sweep_all,Constant-on-Box,MLP,synthetic,dist,200,boundary_only,0.1,10,1e-12,width,0.0,1,g_ibp,1.1432020632497135e-06,,0.005
ep3,sweep_all,Constant-on-Box,MLP,synthetic,dist,200,boundary_only,0.1,10,1e-12,width,0.0,2,margin_hat_min,0.8342132568359375,,27.111
ep3,sweep_all,Constant-on-Box,MLP,synthetic,dist,200,boundary_only,0.1,10,1e-12,width,0.0,2,d_eff,35.37370868816393,,27.111
ep3,sweep_all,Constant-on-Box,MLP,synthetic,dist,200,boundary_only,0.1,10,1e-12,width,0.0,2,g_ibp,1.1432020632497135e-06,,0.007
ep3,sweep_all,Constant-on-Box,MLP,synthetic,dist,200,boundary_only,0.1,10,1e-12,width,0.0,3,margin_hat_min,0.8342132568359375,,11.851
ep3,sweep_all,Constant-on-Box,MLP,synthetic,dist,200,boundary_only,0.1,10,1e-12,width,0.0,3,d_eff,35.37166184042844,,11.851
ep3,sweep_all,Constant-on-Box,MLP,synthetic,dist,200,boundary_only,0.1,10,1e-12,width,0.0,3,g_ibp,1.1432020632497135e-06,,0.005
ep3,sweep_all,Constant-on-Box,MLP,synthetic,dist,200,boundary_only,0.1,10,1e-12,width,0.0,4,margin_hat_min,0.8342132568359375,,25.664
ep3,sweep_all,Constant-on-Box,MLP,synthetic,dist,200,boundary_only,0.1,10,1e-12,width,0.0,4,d_eff,35.40560498790448,,25.664
ep3,sweep_all,Constant-on-Box,MLP,synthetic,dist,200,boundary_only,0.1,10,1e-12,width,0.0,4,g_ibp,1.1432020632497135e-06,,0.005
ep3,sweep_all,Constant-on-Box,MLP,synthetic,dist,200,boundary_only,0.1,10,1e-12,width,0.0,5,margin_hat_min,0.8342132568359375,,27.265
ep3,sweep_all,Constant-on-Box,MLP,synthetic,dist,200,boundary_only,0.1,10,1e-12,width,0.0,5,d_eff,35.285625363469286,,27.265
ep3,sweep_all,Constant-on-Box,MLP,synthetic,dist,200,boundary_only,0.1,10,1e-12,width,0.0,5,g_ibp,1.1432020632497135e-06,,0.004
ep3,sweep_all,Constant-on-Box,MLP,synthetic,dist,200,boundary_only,0.1,10,1e-12,width,0.0,6,margin_hat_min,0.8342132568359375,,25.619
ep3,sweep_all,Constant-on-Box,MLP,synthetic,dist,200,boundary_only,0.1,10,1e-12,width,0.0,6,d_eff,35.34857100332686,,25.619
ep3,sweep_all,Constant-on-Box,MLP,synthetic,dist,200,boundary_only,0.1,10,1e-12,width,0.0,6,g_ibp,1.1432020632497135e-06,,0.006
ep3,sweep_all,Constant-on-Box,MLP,synthetic,dist,200,boundary_only,0.1,10,1e-12,width,0.0,7,margin_hat_min,0.8342132568359375,,17.082
ep3,sweep_all,Constant-on-Box,MLP,synthetic,dist,200,boundary_only,0.1,10,1e-12,width,0.0,7,d_eff,35.30333172997763,,17.082
ep3,sweep_all,Constant-on-Box,MLP,synthetic,dist,200,boundary_only,0.1,10,1e-12,width,0.0,7,g_ibp,1.1432020632497135e-06,,0.004
ep3,sweep_all,Constant-on-Box,MLP,synthetic,dist,200,current_mixture,0.1,10,1e-12,width,0.0,0,margin_hat_min,0.8342132568359375,,25.349
ep3,sweep_all,Constant-on-Box,MLP,synthetic,dist,200,current_mixture,0.1,10,1e-12,width,0.0,0,d_eff,11.630883863526343,,25.349
ep3,sweep_all,Constant-on-Box,MLP,synthetic,dist,200,current_mixture,0.1,10,1e-12,width,0.0,0,g_ibp,1.1432020632497135e-06,,0.004
ep3,sweep_all,Constant-on-Box,MLP,synthetic,dist,200,current_mixture,0.1,10,1e-12,width,0.0,1,margin_hat_min,0.8342132568359375,,25.309
ep3,sweep_all,Constant-on-Box,MLP,synthetic,dist,200,current_mixture,0.1,10,1e-12,width,0.0,1,d_eff,11.563159058802086,,25.309
ep3,sweep_all,Constant-on-Box,MLP,synthetic,dist,200,current_mixture,0.1,10,1e-12,width,0.0,1,g_ibp,1.1432020632497135e-06,,0.006
ep3,sweep_all,Constant-on-Box,MLP,synthetic,dist,200,current_mixture,0.1,10,1e-12,width,0.0,2,margin_hat_min,0.8342132568359375,,39.209
ep3,sweep_all,Constant-on-Box,MLP,synthetic,dist,200,current_mixture,0.1,10,1e-12,width,0.0,2,d_eff,11.563031444400869,,39.209
ep3,sweep_all,Constant-on-Box,MLP,synthetic,dist,200,current_mixture,0.1,10,1e-12,width,0.0,2,g_ibp,1.1432020632497135e-06,,0.006
ep3,sweep_all,Constant-on-Box,MLP,synthetic,dist,200,current_mixture,0.1,10,1e-12,width,0.0,3,margin_hat_min,0.8342132568359375,,39.082
ep3,sweep_all,Constant-on-Box,MLP,synthetic,dist,200,current_mixture,0.1,10,1e-12,width,0.0,3,d_eff,11.651156620339497,,39.082
ep3,sweep_all,Constant-on-Box,MLP,synthetic,dist,200,current_mixture,0.1,10,1e-12,width,0.0,3,g_ibp,1.1432020632497135e-06,,0.005
ep3,sweep_all,Constant-on-Box,MLP,synthetic,dist,200,current_mixture,0.1,10,1e-12,width,0.0,4,margin_hat_min,0.8342132568359375,,37.478
ep3,sweep_all,Constant-on-Box,MLP,synthetic,dist,200,current_mixture,0.1,10,1e-12,width,0.0,4,d_eff,11.595402289503749,,37.478
ep3,sweep_all,Constant-on-Box,MLP,synthetic,dist,200,current_mixture,0.1,10,1e-12,width,0.0,4,g_ibp,1.1432020632497135e-06,,0.006
ep3,sweep_all,Constant-on-Box,MLP,synthetic,dist,200,current_mixture,0.1,10,1e-12,width,0.0,5,margin_hat_min,0.8342132568359375,,37.14
ep3,sweep_all,Constant-on-Box,MLP,synthetic,dist,200,current_mixture,0.1,10,1e-12,width,0.0,5,d_eff,11.56730691666344,,37.14
ep3,sweep_all,Constant-on-Box,MLP,synthetic,dist,200,current_mixture,0.1,10,1e-12,width,0.0,5,g_ibp,1.1432020632497135e-06,,0.007
ep3,sweep_all,Constant-on-Box,MLP,synthetic,dist,200,current_mixture,0.1,10,1e-12,width,0.0,6,margin_hat_min,0.8342132568359375,,40.463
ep3,sweep_all,Constant-on-Box,MLP,synthetic,dist,200,current_mixture,0.1,10,1e-12,width,0.0,6,d_eff,11.606792341031644,,40.463
ep3,sweep_all,Constant-on-Box,MLP,synthetic,dist,200,current_mixture,0.1,10,1e-12,width,0.0,6,g_ibp,1.1432020632497135e-06,,0.006
ep3,sweep_all,Constant-on-Box,MLP,synthetic,dist,200,current_mixture,0.1,10,1e-12,width,0.0,7,margin_hat_min,0.8342132568359375,,39.279
ep3,sweep_all,Constant-on-Box,MLP,synthetic,dist,200,current_mixture,0.1,10,1e-12,width,0.0,7,d_eff,11.584711262384308,,39.279
ep3,sweep_all,Constant-on-Box,MLP,synthetic,dist,200,current_mixture,0.1,10,1e-12,width,0.0,7,g_ibp,1.1432020632497135e-06,,0.007
ep3,sweep_all,Constant-on-Box,MLP,synthetic,dist,200,pgd_heavy,0.1,10,1e-12,width,0.0,0,margin_hat_min,0.8342132568359375,,33.437
ep3,sweep_all,Constant-on-Box,MLP,synthetic,dist,200,pgd_heavy,0.1,10,1e-12,width,0.0,0,d_eff,7.361338642546895,,33.437
ep3,sweep_all,Constant-on-Box,MLP,synthetic,dist,200,pgd_heavy,0.1,10,1e-12,width,0.0,0,g_ibp,1.1432020632497135e-06,,0.005
ep3,sweep_all,Constant-on-Box,MLP,synthetic,dist,200,pgd_heavy,0.1,10,1e-12,width,0.0,1,margin_hat_min,0.8342132568359375,,44.111
ep3,sweep_all,Constant-on-Box,MLP,synthetic,dist,200,pgd_heavy,0.1,10,1e-12,width,0.0,1,d_eff,7.452302709145852,,44.111
ep3,sweep_all,Constant-on-Box,MLP,synthetic,dist,200,pgd_heavy,0.1,10,1e-12,width,0.0,1,g_ibp,1.1432020632497135e-06,,0.005
ep3,sweep_all,Constant-on-Box,MLP,synthetic,dist,200,pgd_heavy,0.1,10,1e-12,width,0.0,2,margin_hat_min,0.8342132568359375,,45.935
ep3,sweep_all,Constant-on-Box,MLP,synthetic,dist,200,pgd_heavy,0.1,10,1e-12,width,0.0,2,d_eff,7.387315967059451,,45.935
ep3,sweep_all,Constant-on-Box,MLP,synthetic,dist,200,pgd_heavy,0.1,10,1e-12,width,0.0,2,g_ibp,1.1432020632497135e-06,,0.004
ep3,sweep_all,Constant-on-Box,MLP,synthetic,dist,200,pgd_heavy,0.1,10,1e-12,width,0.0,3,margin_hat_min,0.8342132568359375,,59.775
ep3,sweep_all,Constant-on-Box,MLP,synthetic,dist,200,pgd_heavy,0.1,10,1e-12,width,0.0,3,d_eff,7.397067689743136,,59.775
ep3,sweep_all,Constant-on-Box,MLP,synthetic,dist,200,pgd_heavy,0.1,10,1e-12,width,0.0,3,g_ibp,1.1432020632497135e-06,,0.008
ep3,sweep_all,Constant-on-Box,MLP,synthetic,dist,200,pgd_heavy,0.1,10,1e-12,width,0.0,4,margin_hat_min,0.8342132568359375,,67.09
ep3,sweep_all,Constant-on-Box,MLP,synthetic,dist,200,pgd_heavy,0.1,10,1e-12,width,0.0,4,d_eff,7.375311171438061,,67.09
ep3,sweep_all,Constant-on-Box,MLP,synthetic,dist,200,pgd_heavy,0.1,10,1e-12,width,0.0,4,g_ibp,1.1432020632497135e-06,,0.007
ep3,sweep_all,Constant-on-Box,MLP,synthetic,dist,200,pgd_heavy,0.1,10,1e-12,width,0.0,5,margin_hat_min,0.8342132568359375,,59.547
ep3,sweep_all,Constant-on-Box,MLP,synthetic,dist,200,pgd_heavy,0.1,10,1e-12,width,0.0,5,d_eff,7.421051104230414,,59.547
ep3,sweep_all,Constant-on-Box,MLP,synthetic,dist,200,pgd_heavy,0.1,10,1e-12,width,0.0,5,g_ibp,1.1432020632497135e-06,,0.023
ep3,sweep_all,Constant-on-Box,MLP,synthetic,dist,200,pgd_heavy,0.1,10,1e-12,width,0.0,6,margin_hat_min,0.8342132568359375,,165.688
ep3,sweep_all,Constant-on-Box,MLP,synthetic,dist,200,pgd_heavy,0.1,10,1e-12,width,0.0,6,d_eff,7.3584105256314984,,165.688
ep3,sweep_all,Constant-on-Box,MLP,synthetic,dist,200,pgd_heavy,0.1,10,1e-12,width,0.0,6,g_ibp,1.1432020632497135e-06,,0.093
ep3,sweep_all,Constant-on-Box,MLP,synthetic,dist,200,pgd_heavy,0.1,10,1e-12,width,0.0,7,margin_hat_min,0.8342132568359375,,74.759
ep3,sweep_all,Constant-on-Box,MLP,synthetic,dist,200,pgd_heavy,0.1,10,1e-12,width,0.0,7,d_eff,7.4133950042275245,,74.759
ep3,sweep_all,Constant-on-Box,MLP,synthetic,dist,200,pgd_heavy,0.1,10,1e-12,width,0.0,7,g_ibp,1.1432020632497135e-06,,0.006
ep4,sweep_all,Constant-on-Box,MLP,synthetic,dist,200,uniform_only,0.1,10,1e-12,width,0.0,0,margin_hat_min,0.8342132568359375,,16.116
ep4,sweep_all,Constant-on-Box,MLP,synthetic,dist,200,uniform_only,0.1,10,1e-12,width,0.0,0,d_eff,0.11259480830248675,,16.116
ep4,sweep_all,Constant-on-Box,MLP,synthetic,dist,200,uniform_only,0.1,10,1e-12,width,0.0,0,g_ibp,1.1432020632497135e-06,,0.004
ep4,sweep_all,Constant-on-Box,MLP,synthetic,dist,200,uniform_only,0.1,10,1e-12,width,0.0,1,margin_hat_min,0.8342132568359375,,25.165
ep4,sweep_all,Constant-on-Box,MLP,synthetic,dist,200,uniform_only,0.1,10,1e-12,width,0.0,1,d_eff,0.12876792365795478,,25.165
ep4,sweep_all,Constant-on-Box,MLP,synthetic,dist,200,uniform_only,0.1,10,1e-12,width,0.0,1,g_ibp,1.1432020632497135e-06,,0.007
ep4,sweep_all,Constant-on-Box,MLP,synthetic,dist,200,uniform_only,0.1,10,1e-12,width,0.0,2,margin_hat_min,0.8342132568359375,,25.263
ep4,sweep_all,Constant-on-Box,MLP,synthetic,dist,200,uniform_only,0.1,10,1e-12,width,0.0,2,d_eff,0.08955223863731156,,25.263
ep4,sweep_all,Constant-on-Box,MLP,synthetic,dist,200,uniform_only,0.1,10,1e-12,width,0.0,2,g_ibp,1.1432020632497135e-06,,0.006
ep4,sweep_all,Constant-on-Box,MLP,synthetic,dist,200,uniform_only,0.1,10,1e-12,width,0.0,3,margin_hat_min,0.8342132568359375,,25.948
ep4,sweep_all,Constant-on-Box,MLP,synthetic,dist,200,uniform_only,0.1,10,1e-12,width,0.0,3,d_eff,0.08457711334673365,,25.948
ep4,sweep_all,Constant-on-Box,MLP,synthetic,dist,200,uniform_only,0.1,10,1e-12,width,0.0,3,g_ibp,1.1432020632497135e-06,,0.006
ep4,sweep_all,Constant-on-Box,MLP,synthetic,dist,200,uniform_only,0.1,10,1e-12,width,0.0,4,margin_hat_min,0.8342132568359375,,25.235
ep4,sweep_all,Constant-on-Box,MLP,synthetic,dist,200,uniform_only,0.1,10,1e-12,width,0.0,4,d_eff,0.12321603598479436,,25.235
ep4,sweep_all,Constant-on-Box,MLP,synthetic,dist,200,uniform_only,0.1,10,1e-12,width,0.0,4,g_ibp,1.1432020632497135e-06,,0.005
ep4,sweep_all,Constant-on-Box,MLP,synthetic,dist,200,uniform_only,0.1,10,1e-12,width,0.0,5,margin_hat_min,0.8342132568359375,,24.526
ep4,sweep_all,Constant-on-Box,MLP,synthetic,dist,200,uniform_only,0.1,10,1e-12,width,0.0,5,d_eff,0.1214285362496067,,24.526
ep4,sweep_all,Constant-on-Box,MLP,synthetic,dist,200,uniform_only,0.1,10,1e-12,width,0.0,5,g_ibp,1.1432020632497135e-06,,0.005
ep4,sweep_all,Constant-on-Box,MLP,synthetic,dist,200,uniform_only,0.1,10,1e-12,width,0.0,6,margin_hat_min,0.8342132568359375,,25.857
ep4,sweep_all,Constant-on-Box,MLP,synthetic,dist,200,uniform_only,0.1,10,1e-12,width,0.0,6,d_eff,0.06467661598567502,,25.857
ep4,sweep_all,Constant-on-Box,MLP,synthetic,dist,200,uniform_only,0.1,10,1e-12,width,0.0,6,g_ibp,1.1432020632497135e-06,,0.007
ep4,sweep_all,Constant-on-Box,MLP,synthetic,dist,200,uniform_only,0.1,10,1e-12,width,0.0,7,margin_hat_min,0.8342132568359375,,23.993
ep4,sweep_all,Constant-on-Box,MLP,synthetic,dist,200,uniform_only,0.1,10,1e-12,width,0.0,7,d_eff,0.07462686491457526,,23.993
ep4,sweep_all,Constant-on-Box,MLP,synthetic,dist,200,uniform_only,0.1,10,1e-12,width,0.0,7,g_ibp,1.1432020632497135e-06,,0.006
ep4,sweep_all,Constant-on-Box,MLP,synthetic,dist,200,boundary_only,0.1,10,1e-12,width,0.0,0,margin_hat_min,0.8342132568359375,,26.881
ep4,sweep_all,Constant-on-Box,MLP,synthetic,dist,200,boundary_only,0.1,10,1e-12,width,0.0,0,d_eff,35.348541420281755,,26.881
ep4,sweep_all,Constant-on-Box,MLP,synthetic,dist,200,boundary_only,0.1,10,1e-12,width,0.0,0,g_ibp,1.1432020632497135e-06,,0.005
ep4,sweep_all,Constant-on-Box,MLP,synthetic,dist,200,boundary_only,0.1,10,1e-12,width,0.0,1,margin_hat_min,0.8342132568359375,,25.057
ep4,sweep_all,Constant-on-Box,MLP,synthetic,dist,200,boundary_only,0.1,10,1e-12,width,0.0,1,d_eff,35.295441372930654,,25.057
ep4,sweep_all,Constant-on-Box,MLP,synthetic,dist,200,boundary_only,0.1,10,1e-12,width,0.0,1,g_ibp,1.1432020632497135e-06,,0.007
ep4,sweep_all,Constant-on-Box,MLP,synthetic,dist,200,boundary_only,0.1,10,1e-12,width,0.0,2,margin_hat_min,0.8342132568359375,,26.662
ep4,sweep_all,Constant-on-Box,MLP,synthetic,dist,200,boundary_only,0.1,10,1e-12,width,0.0,2,d_eff,35.37370868816393,,26.662
ep4,sweep_all,Constant-on-Box,MLP,synthetic,dist,200,boundary_only,0.1,10,1e-12,width,0.0,2,g_ibp,1.1432020632497135e-06,,0.007
ep4,sweep_all,Constant-on-Box,MLP,synthetic,dist,200,boundary_only,0.1,10,1e-12,width,0.0,3,margin_hat_min,0.8342132568359375,,25.013
ep4,sweep_all,Constant-on-Box,MLP,synthetic,dist,200,boundary_only,0.1,10,1e-12,width,0.0,3,d_eff,35.37166184042844,,25.013
ep4,sweep_all,Constant-on-Box,MLP,synthetic,dist,200,boundary_only,0.1,10,1e-12,width,0.0,3,g_ibp,1.1432020632497135e-06,,0.005
ep4,sweep_all,Constant-on-Box,MLP,synthetic,dist,200,boundary_only,0.1,10,1e-12,width,0.0,4,margin_hat_min,0.8342132568359375,,25.116
ep4,sweep_all,Constant-on-Box,MLP,synthetic,dist,200,boundary_only,0.1,10,1e-12,width,0.0,4,d_eff,35.40560498790448,,25.116
ep4,sweep_all,Constant-on-Box,MLP,synthetic,dist,200,boundary_only,0.1,10,1e-12,width,0.0,4,g_ibp,1.1432020632497135e-06,,0.006
ep4,sweep_all,Constant-on-Box,MLP,synthetic,dist,200,boundary_only,0.1,10,1e-12,width,0.0,5,margin_hat_min,0.8342132568359375,,24.917
ep4,sweep_all,Constant-on-Box,MLP,synthetic,dist,200,boundary_only,0.1,10,1e-12,width,0.0,5,d_eff,35.285625363469286,,24.917
ep4,sweep_all,Constant-on-Box,MLP,synthetic,dist,200,boundary_only,0.1,10,1e-12,width,0.0,5,g_ibp,1.1432020632497135e-06,,0.007
ep4,sweep_all,Constant-on-Box,MLP,synthetic,dist,200,boundary_only,0.1,10,1e-12,width,0.0,6,margin_hat_min,0.8342132568359375,,16.132
ep4,sweep_all,Constant-on-Box,MLP,synthetic,dist,200,boundary_only,0.1,10,1e-12,width,0.0,6,d_eff,35.34857100332686,,16.132
ep4,sweep_all,Constant-on-Box,MLP,synthetic,dist,200,boundary_only,0.1,10,1e-12,width,0.0,6,g_ibp,1.1432020632497135e-06,,0.004
ep4,sweep_all,Constant-on-Box,MLP,synthetic,dist,200,boundary_only,0.1,10,1e-12,width,0.0,7,margin_hat_min,0.8342132568359375,,28.736
ep4,sweep_all,Constant-on-Box,MLP,synthetic,dist,200,boundary_only,0.1,10,1e-12,width,0.0,7,d_eff,35.30333172997763,,28.736
ep4,sweep_all,Constant-on-Box,MLP,synthetic,dist,200,boundary_only,0.1,10,1e-12,width,0.0,7,g_ibp,1.1432020632497135e-06,,0.009
ep4,sweep_all,Constant-on-Box,MLP,synthetic,dist,200,current_mixture,0.1,10,1e-12,width,0.0,0,margin_hat_min,0.8342132568359375,,82.187
ep4,sweep_all,Constant-on-Box,MLP,synthetic,dist,200,current_mixture,0.1,10,1e-12,width,0.0,0,d_eff,11.630883863526343,,82.187
ep4,sweep_all,Constant-on-Box,MLP,synthetic,dist,200,current_mixture,0.1,10,1e-12,width,0.0,0,g_ibp,1.1432020632497135e-06,,0.079
ep4,sweep_all,Constant-on-Box,MLP,synthetic,dist,200,current_mixture,0.1,10,1e-12,width,0.0,1,margin_hat_min,0.8342132568359375,,17.309
ep4,sweep_all,Constant-on-Box,MLP,synthetic,dist,200,current_mixture,0.1,10,1e-12,width,0.0,1,d_eff,11.563159058802086,,17.309
ep4,sweep_all,Constant-on-Box,MLP,synthetic,dist,200,current_mixture,0.1,10,1e-12,width,0.0,1,g_ibp,1.1432020632497135e-06,,0.005
ep4,sweep_all,Constant-on-Box,MLP,synthetic,dist,200,current_mixture,0.1,10,1e-12,width,0.0,2,margin_hat_min,0.8342132568359375,,117.782
ep4,sweep_all,Constant-on-Box,MLP,synthetic,dist,200,current_mixture,0.1,10,1e-12,width,0.0,2,d_eff,11.563031444400869,,117.782
ep4,sweep_all,Constant-on-Box,MLP,synthetic,dist,200,current_mixture,0.1,10,1e-12,width,0.0,2,g_ibp,1.1432020632497135e-06,,0.075
ep4,sweep_all,Constant-on-Box,MLP,synthetic,dist,200,current_mixture,0.1,10,1e-12,width,0.0,3,margin_hat_min,0.8342132568359375,,93.688
ep4,sweep_all,Constant-on-Box,MLP,synthetic,dist,200,current_mixture,0.1,10,1e-12,width,0.0,3,d_eff,11.651156620339497,,93.688
ep4,sweep_all,Constant-on-Box,MLP,synthetic,dist,200,current_mixture,0.1,10,1e-12,width,0.0,3,g_ibp,1.1432020632497135e-06,,0.062
ep4,sweep_all,Constant-on-Box,MLP,synthetic,dist,200,current_mixture,0.1,10,1e-12,width,0.0,4,margin_hat_min,0.8342132568359375,,123.903
ep4,sweep_all,Constant-on-Box,MLP,synthetic,dist,200,current_mixture,0.1,10,1e-12,width,0.0,4,d_eff,11.595402289503749,,123.903
ep4,sweep_all,Constant-on-Box,MLP,synthetic,dist,200,current_mixture,0.1,10,1e-12,width,0.0,4,g_ibp,1.1432020632497135e-06,,0.06
ep4,sweep_all,Constant-on-Box,MLP,synthetic,dist,200,current_mixture,0.1,10,1e-12,width,0.0,5,margin_hat_min,0.8342132568359375,,96.533
ep4,sweep_all,Constant-on-Box,MLP,synthetic,dist,200,current_mixture,0.1,10,1e-12,width,0.0,5,d_eff,11.56730691666344,,96.533
ep4,sweep_all,Constant-on-Box,MLP,synthetic,dist,200,current_mixture,0.1,10,1e-12,width,0.0,5,g_ibp,1.1432020632497135e-06,,0.038
ep4,sweep_all,Constant-on-Box,MLP,synthetic,dist,200,current_mixture,0.1,10,1e-12,width,0.0,6,margin_hat_min,0.8342132568359375,,97.838
ep4,sweep_all,Constant-on-Box,MLP,synthetic,dist,200,current_mixture,0.1,10,1e-12,width,0.0,6,d_eff,11.606792341031644,,97.838
ep4,sweep_all,Constant-on-Box,MLP,synthetic,dist,200,current_mixture,0.1,10,1e-12,width,0.0,6,g_ibp,1.1432020632497135e-06,,0.03
ep4,sweep_all,Constant-on-Box,MLP,synthetic,dist,200,current_mixture,0.1,10,1e-12,width,0.0,7,margin_hat_min,0.8342132568359375,,98.566
ep4,sweep_all,Constant-on-Box,MLP,synthetic,dist,200,current_mixture,0.1,10,1e-12,width,0.0,7,d_eff,11.584711262384308,,98.566
ep4,sweep_all,Constant-on-Box,MLP,synthetic,dist,200,current_mixture,0.1,10,1e-12,width,0.0,7,g_ibp,1.1432020632497135e-06,,0.036
ep4,sweep_all,Constant-on-Box,MLP,synthetic,dist,200,pgd_heavy,0.1,10,1e-12,width,0.0,0,margin_hat_min,0.8342132568359375,,362.631
ep4,sweep_all,Constant-on-Box,MLP,synthetic,dist,200,pgd_heavy,0.1,10,1e-12,width,0.0,0,d_eff,7.361338642546895,,362.631
ep4,sweep_all,Constant-on-Box,MLP,synthetic,dist,200,pgd_heavy,0.1,10,1e-12,width,0.0,0,g_ibp,1.1432020632497135e-06,,0.025
ep4,sweep_all,Constant-on-Box,MLP,synthetic,dist,200,pgd_heavy,0.1,10,1e-12,width,0.0,1,margin_hat_min,0.8342132568359375,,357.794
ep4,sweep_all,Constant-on-Box,MLP,synthetic,dist,200,pgd_heavy,0.1,10,1e-12,width,0.0,1,d_eff,7.452302709145852,,357.794
ep4,sweep_all,Constant-on-Box,MLP,synthetic,dist,200,pgd_heavy,0.1,10,1e-12,width,0.0,1,g_ibp,1.1432020632497135e-06,,0.059
ep4,sweep_all,Constant-on-Box,MLP,synthetic,dist,200,pgd_heavy,0.1,10,1e-12,width,0.0,2,margin_hat_min,0.8342132568359375,,357.481
ep4,sweep_all,Constant-on-Box,MLP,synthetic,dist,200,pgd_heavy,0.1,10,1e-12,width,0.0,2,d_eff,7.387315967059451,,357.481
ep4,sweep_all,Constant-on-Box,MLP,synthetic,dist,200,pgd_heavy,0.1,10,1e-12,width,0.0,2,g_ibp,1.1432020632497135e-06,,0.072
ep4,sweep_all,Constant-on-Box,MLP,synthetic,dist,200,pgd_heavy,0.1,10,1e-12,width,0.0,3,margin_hat_min,0.8342132568359375,,361.336
ep4,sweep_all,Constant-on-Box,MLP,synthetic,dist,200,pgd_heavy,0.1,10,1e-12,width,0.0,3,d_eff,7.397067689743136,,361.336
ep4,sweep_all,Constant-on-Box,MLP,synthetic,dist,200,pgd_heavy,0.1,10,1e-12,width,0.0,3,g_ibp,1.1432020632497135e-06,,0.082
ep4,sweep_all,Constant-on-Box,MLP,synthetic,dist,200,pgd_heavy,0.1,10,1e-12,width,0.0,4,margin_hat_min,0.8342132568359375,,351.046
ep4,sweep_all,Constant-on-Box,MLP,synthetic,dist,200,pgd_heavy,0.1,10,1e-12,width,0.0,4,d_eff,7.375311171438061,,351.046
ep4,sweep_all,Constant-on-Box,MLP,synthetic,dist,200,pgd_heavy,0.1,10,1e-12,width,0.0,4,g_ibp,1.1432020632497135e-06,,0.084
ep4,sweep_all,Constant-on-Box,MLP,synthetic,dist,200,pgd_heavy,0.1,10,1e-12,width,0.0,5,margin_hat_min,0.8342132568359375,,358.903
ep4,sweep_all,Constant-on-Box,MLP,synthetic,dist,200,pgd_heavy,0.1,10,1e-12,width,0.0,5,d_eff,7.421051104230414,,358.903
ep4,sweep_all,Constant-on-Box,MLP,synthetic,dist,200,pgd_heavy,0.1,10,1e-12,width,0.0,5,g_ibp,1.1432020632497135e-06,,0.087
ep4,sweep_all,Constant-on-Box,MLP,synthetic,dist,200,pgd_heavy,0.1,10,1e-12,width,0.0,6,margin_hat_min,0.8342132568359375,,346.458
ep4,sweep_all,Constant-on-Box,MLP,synthetic,dist,200,pgd_heavy,0.1,10,1e-12,width,0.0,6,d_eff,7.3584105256314984,,346.458
ep4,sweep_all,Constant-on-Box,MLP,synthetic,dist,200,pgd_heavy,0.1,10,1e-12,width,0.0,6,g_ibp,1.1432020632497135e-06,,0.05
ep4,sweep_all,Constant-on-Box,MLP,synthetic,dist,200,pgd_heavy,0.1,10,1e-12,width,0.0,7,margin_hat_min,0.8342132568359375,,363.632
ep4,sweep_all,Constant-on-Box,MLP,synthetic,dist,200,pgd_heavy,0.1,10,1e-12,width,0.0,7,d_eff,7.4133950042275245,,363.632
ep4,sweep_all,Constant-on-Box,MLP,synthetic,dist,200,pgd_heavy,0.1,10,1e-12,width,0.0,7,g_ibp,1.1432020632497135e-06,,0.094
dc_cnn26,sweep_all,Deep Contractive,CNN,synthetic,dist,200,uniform_only,0.1,10,1e-12,width,0.0,0,margin_hat_min,8.643428802490234,,23.041
dc_cnn26,sweep_all,Deep Contractive,CNN,synthetic,dist,200,uniform_only,0.1,10,1e-12,width,0.0,0,d_eff,20.70379711856921,,23.041
dc_cnn26,sweep_all,Deep Contractive,CNN,synthetic,dist,200,uniform_only,0.1,10,1e-12,width,0.0,0,g_ibp,0.9765111803469397,,0.007
dc_cnn26,sweep_all,Deep Contractive,CNN,synthetic,dist,200,uniform_only,0.1,10,1e-12,width,0.0,1,margin_hat_min,8.643433570861816,,27.643
dc_cnn26,sweep_all,Deep Contractive,CNN,synthetic,dist,200,uniform_only,0.1,10,1e-12,width,0.0,1,d_eff,20.522075756577276,,27.643
dc_cnn26,sweep_all,Deep Contractive,CNN,synthetic,dist,200,uniform_only,0.1,10,1e-12,width,0.0,1,g_ibp,0.9765111933051489,,0.031
dc_cnn26,sweep_all,Deep Contractive,CNN,synthetic,dist,200,uniform_only,0.1,10,1e-12,width,0.0,2,margin_hat_min,8.643418312072754,,27.225
dc_cnn26,sweep_all,Deep Contractive,CNN,synthetic,dist,200,uniform_only,0.1,10,1e-12,width,0.0,2,d_eff,21.093476953035477,,27.225
dc_cnn26,sweep_all,Deep Contractive,CNN,synthetic,dist,200,uniform_only,0.1,10,1e-12,width,0.0,2,g_ibp,0.9765111518388292,,0.006
dc_cnn26,sweep_all,Deep Contractive,CNN,synthetic,dist,200,uniform_only,0.1,10,1e-12,width,0.0,3,margin_hat_min,8.643425941467285,,31.212
dc_cnn26,sweep_all,Deep Contractive,CNN,synthetic,dist,200,uniform_only,0.1,10,1e-12,width,0.0,3,d_eff,22.022587278518927,,31.212
dc_cnn26,sweep_all,Deep Contractive,CNN,synthetic,dist,200,uniform_only,0.1,10,1e-12,width,0.0,3,g_ibp,0.9765111725720074,,0.031
dc_cnn26,sweep_all,Deep Contractive,CNN,synthetic,dist,200,uniform_only,0.1,10,1e-12,width,0.0,4,margin_hat_min,8.643446922302246,,40.134
dc_cnn26,sweep_all,Deep Contractive,CNN,synthetic,dist,200,uniform_only,0.1,10,1e-12,width,0.0,4,d_eff,20.203750548724987,,40.134
dc_cnn26,sweep_all,Deep Contractive,CNN,synthetic,dist,200,uniform_only,0.1,10,1e-12,width,0.0,4,g_ibp,0.9765112295880585,,0.045
dc_cnn26,sweep_all,Deep Contractive,CNN,synthetic,dist,200,uniform_only,0.1,10,1e-12,width,0.0,5,margin_hat_min,8.64343547821045,,33.767
dc_cnn26,sweep_all,Deep Contractive,CNN,synthetic,dist,200,uniform_only,0.1,10,1e-12,width,0.0,5,d_eff,18.679747158957436,,33.767
dc_cnn26,sweep_all,Deep Contractive,CNN,synthetic,dist,200,uniform_only,0.1,10,1e-12,width,0.0,5,g_ibp,0.9765111984884286,,0.047
dc_cnn26,sweep_all,Deep Contractive,CNN,synthetic,dist,200,uniform_only,0.1,10,1e-12,width,0.0,6,margin_hat_min,8.643430709838867,,34.563
dc_cnn26,sweep_all,Deep Contractive,CNN,synthetic,dist,200,uniform_only,0.1,10,1e-12,width,0.0,6,d_eff,19.26387258842467,,34.563
dc_cnn26,sweep_all,Deep Contractive,CNN,synthetic,dist,200,uniform_only,0.1,10,1e-12,width,0.0,6,g_ibp,0.9765111855302251,,0.039
dc_cnn26,sweep_all,Deep Contractive,CNN,synthetic,dist,200,uniform_only,0.1,10,1e-12,width,0.0,7,margin_hat_min,8.643421173095703,,37.661
dc_cnn26,sweep_all,Deep Contractive,CNN,synthetic,dist,200,uniform_only,0.1,10,1e-12,width,0.0,7,d_eff,19.880972073643463,,37.661
dc_cnn26,sweep_all,Deep Contractive,CNN,synthetic,dist,200,uniform_only,0.1,10,1e-12,width,0.0,7,g_ibp,0.9765111596137753,,0.047
dc_cnn26,sweep_all,Deep Contractive,CNN,synthetic,dist,200,boundary_only,0.1,10,1e-12,width,0.0,0,margin_hat_min,8.643386840820312,,38.237
dc_cnn26,sweep_all,Deep Contractive,CNN,synthetic,dist,200,boundary_only,0.1,10,1e-12,width,0.0,0,d_eff,19.70384846840829,,38.237
dc_cnn26,sweep_all,Deep Contractive,CNN,synthetic,dist,200,boundary_only,0.1,10,1e-12,width,0.0,0,g_ibp,0.9765110663140826,,0.014
dc_cnn26,sweep_all,Deep Contractive,CNN,synthetic,dist,200,boundary_only,0.1,10,1e-12,width,0.0,1,margin_hat_min,8.643401145935059,,39.348
dc_cnn26,sweep_all,Deep Contractive,CNN,synthetic,dist,200,boundary_only,0.1,10,1e-12,width,0.0,1,d_eff,21.54909177788569,,39.348
dc_cnn26,sweep_all,Deep Contractive,CNN,synthetic,dist,200,boundary_only,0.1,10,1e-12,width,0.0,1,g_ibp,0.9765111051890446,,0.039
dc_cnn26,sweep_all,Deep Contractive,CNN,synthetic,dist,200,boundary_only,0.1,10,1e-12,width,0.0,2,margin_hat_min,8.64340591430664,,38.625
dc_cnn26,sweep_all,Deep Contractive,CNN,synthetic,dist,200,boundary_only,0.1,10,1e-12,width,0.0,2,d_eff,21.68560252288963,,38.625
dc_cnn26,sweep_all,Deep Contractive,CNN,synthetic,dist,200,boundary_only,0.1,10,1e-12,width,0.0,2,g_ibp,0.9765111181473367,,0.039
dc_cnn26,sweep_all,Deep Contractive,CNN,synthetic,dist,200,boundary_only,0.1,10,1e-12,width,0.0,3,margin_hat_min,8.643424987792969,,44.119
dc_cnn26,sweep_all,Deep Contractive,CNN,synthetic,dist,200,boundary_only,0.1,10,1e-12,width,0.0,3,d_eff,20.757037854597847,,44.119
dc_cnn26,sweep_all,Deep Contractive,CNN,synthetic,dist,200,boundary_only,0.1,10,1e-12,width,0.0,3,g_ibp,0.9765111699803621,,0.007
dc_cnn26,sweep_all,Deep Contractive,CNN,synthetic,dist,200,boundary_only,0.1,10,1e-12,width,0.0,4,margin_hat_min,8.643406867980957,,38.485
dc_cnn26,sweep_all,Deep Contractive,CNN,synthetic,dist,200,boundary_only,0.1,10,1e-12,width,0.0,4,d_eff,19.309573115751974,,38.485
dc_cnn26,sweep_all,Deep Contractive,CNN,synthetic,dist,200,boundary_only,0.1,10,1e-12,width,0.0,4,g_ibp,0.9765111207389934,,0.054
dc_cnn26,sweep_all,Deep Contractive,CNN,synthetic,dist,200,boundary_only,0.1,10,1e-12,width,0.0,5,margin_hat_min,8.643363952636719,,47.214
dc_cnn26,sweep_all,Deep Contractive,CNN,synthetic,dist,200,boundary_only,0.1,10,1e-12,width,0.0,5,d_eff,20.476748612871763,,47.214
dc_cnn26,sweep_all,Deep Contractive,CNN,synthetic,dist,200,boundary_only,0.1,10,1e-12,width,0.0,5,g_ibp,0.9765110041138756,,0.049
dc_cnn26,sweep_all,Deep Contractive,CNN,synthetic,dist,200,boundary_only,0.1,10,1e-12,width,0.0,6,margin_hat_min,8.643413543701172,,43.292
dc_cnn26,sweep_all,Deep Contractive,CNN,synthetic,dist,200,boundary_only,0.1,10,1e-12,width,0.0,6,d_eff,21.05525633198969,,43.292
dc_cnn26,sweep_all,Deep Contractive,CNN,synthetic,dist,200,boundary_only,0.1,10,1e-12,width,0.0,6,g_ibp,0.9765111388805743,,0.031
dc_cnn26,sweep_all,Deep Contractive,CNN,synthetic,dist,200,boundary_only,0.1,10,1e-12,width,0.0,7,margin_hat_min,8.643412590026855,,52.987
dc_cnn26,sweep_all,Deep Contractive,CNN,synthetic,dist,200,boundary_only,0.1,10,1e-12,width,0.0,7,d_eff,20.871675883240737,,52.987
dc_cnn26,sweep_all,Deep Contractive,CNN,synthetic,dist,200,boundary_only,0.1,10,1e-12,width,0.0,7,g_ibp,0.9765111362889216,,0.102
dc_cnn26,sweep_all,Deep Contractive,CNN,synthetic,dist,200,current_mixture,0.1,10,1e-12,width,0.0,0,margin_hat_min,8.643403053283691,,68.87
dc_cnn26,sweep_all,Deep Contractive,CNN,synthetic,dist,200,current_mixture,0.1,10,1e-12,width,0.0,0,d_eff,19.469178097251483,,68.87
dc_cnn26,sweep_all,Deep Contractive,CNN,synthetic,dist,200,current_mixture,0.1,10,1e-12,width,0.0,0,g_ibp,0.9765111103723632,,0.034
dc_cnn26,sweep_all,Deep Contractive,CNN,synthetic,dist,200,current_mixture,0.1,10,1e-12,width,0.0,1,margin_hat_min,8.643383026123047,,71.842
dc_cnn26,sweep_all,Deep Contractive,CNN,synthetic,dist,200,current_mixture,0.1,10,1e-12,width,0.0,1,d_eff,19.5229289365324,,71.842
dc_cnn26,sweep_all,Deep Contractive,CNN,synthetic,dist,200,current_mixture,0.1,10,1e-12,width,0.0,1,g_ibp,0.9765110559474043,,0.029
dc_cnn26,sweep_all,Deep Contractive,CNN,synthetic,dist,200,current_mixture,0.1,10,1e-12,width,0.0,2,margin_hat_min,8.643393516540527,,73.396
dc_cnn26,sweep_all,Deep Contractive,CNN,synthetic,dist,200,current_mixture,0.1,10,1e-12,width,0.0,2,d_eff,19.133692775389083,,73.396
dc_cnn26,sweep_all,Deep Contractive,CNN,synthetic,dist,200,current_mixture,0.1,10,1e-12,width,0.0,2,g_ibp,0.9765110844557475,,0.073
dc_cnn26,sweep_all,Deep Contractive,CNN,synthetic,dist,200,current_mixture,0.1,10,1e-12,width,0.0,3,margin_hat_min,8.643389701843262,,84.743
dc_cnn26,sweep_all,Deep Contractive,CNN,synthetic,dist,200,current_mixture,0.1,10,1e-12,width,0.0,3,d_eff,21.04193506902281,,84.743
dc_cnn26,sweep_all,Deep Contractive,CNN,synthetic,dist,200,current_mixture,0.1,10,1e-12,width,0.0,3,g_ibp,0.9765110740890852,,0.033
dc_cnn26,sweep_all,Deep Contractive,CNN,synthetic,dist,200,current_mixture,0.1,10,1e-12,width,0.0,4,margin_hat_min,8.643369674682617,,73.244
dc_cnn26,sweep_all,Deep Contractive,CNN,synthetic,dist,200,current_mixture,0.1,10,1e-12,width,0.0,4,d_eff,21.098321799693522,,73.244
dc_cnn26,sweep_all,Deep Contractive,CNN,synthetic,dist,200,current_mixture,0.1,10,1e-12,width,0.0,4,g_ibp,0.9765110196639583,,0.032
dc_cnn26,sweep_all,Deep Contractive,CNN,synthetic,dist,200,current_mixture,0.1,10,1e-12,width,0.0,5,margin_hat_min,8.6433744430542,,93.26
dc_cnn26,sweep_all,Deep Contractive,CNN,synthetic,dist,200,current_mixture,0.1,10,1e-12,width,0.0,5,d_eff,18.98072480394677,,93.26
dc_cnn26,sweep_all,Deep Contractive,CNN,synthetic,dist,200,current_mixture,0.1,10,1e-12,width,0.0,5,g_ibp,0.9765110326223446,,0.038
dc_cnn26,sweep_all,Deep Contractive,CNN,synthetic,dist,200,current_mixture,0.1,10,1e-12,width,0.0,6,margin_hat_min,8.643377304077148,,73.157
dc_cnn26,sweep_all,Deep Contractive,CNN,synthetic,dist,200,current_mixture,0.1,10,1e-12,width,0.0,6,d_eff,19.220748441907975,,73.157
dc_cnn26,sweep_all,Deep Contractive,CNN,synthetic,dist,200,current_mixture,0.1,10,1e-12,width,0.0,6,g_ibp,0.9765110403973697,,0.021
dc_cnn26,sweep_all,Deep Contractive,CNN,synthetic,dist,200,current_mixture,0.1,10,1e-12,width,0.0,7,margin_hat_min,8.643376350402832,,92.464
dc_cnn26,sweep_all,Deep Contractive,CNN,synthetic,dist,200,current_mixture,0.1,10,1e-12,width,0.0,7,d_eff,19.30252738631985,,92.464
dc_cnn26,sweep_all,Deep Contractive,CNN,synthetic,dist,200,current_mixture,0.1,10,1e-12,width,0.0,7,g_ibp,0.9765110378056953,,0.067
dc_cnn26,sweep_all,Deep Contractive,CNN,synthetic,dist,200,pgd_heavy,0.1,10,1e-12,width,0.0,0,margin_hat_min,8.643375396728516,,138.437
dc_cnn26,sweep_all,Deep Contractive,CNN,synthetic,dist,200,pgd_heavy,0.1,10,1e-12,width,0.0,0,d_eff,14.952785109710414,,138.437
dc_cnn26,sweep_all,Deep Contractive,CNN,synthetic,dist,200,pgd_heavy,0.1,10,1e-12,width,0.0,0,g_ibp,0.9765110352140203,,0.063
dc_cnn26,sweep_all,Deep Contractive,CNN,synthetic,dist,200,pgd_heavy,0.1,10,1e-12,width,0.0,1,margin_hat_min,8.643387794494629,,121.651
dc_cnn26,sweep_all,Deep Contractive,CNN,synthetic,dist,200,pgd_heavy,0.1,10,1e-12,width,0.0,1,d_eff,15.759175418282382,,121.651
dc_cnn26,sweep_all,Deep Contractive,CNN,synthetic,dist,200,pgd_heavy,0.1,10,1e-12,width,0.0,1,g_ibp,0.9765110689057507,,0.058
dc_cnn26,sweep_all,Deep Contractive,CNN,synthetic,dist,200,pgd_heavy,0.1,10,1e-12,width,0.0,2,margin_hat_min,8.643363952636719,,140.334
dc_cnn26,sweep_all,Deep Contractive,CNN,synthetic,dist,200,pgd_heavy,0.1,10,1e-12,width,0.0,2,d_eff,16.9884042215795,,140.334
dc_cnn26,sweep_all,Deep Contractive,CNN,synthetic,dist,200,pgd_heavy,0.1,10,1e-12,width,0.0,2,g_ibp,0.9765110041138756,,0.066
dc_cnn26,sweep_all,Deep Contractive,CNN,synthetic,dist,200,pgd_heavy,0.1,10,1e-12,width,0.0,3,margin_hat_min,8.64338493347168,,147.201
dc_cnn26,sweep_all,Deep Contractive,CNN,synthetic,dist,200,pgd_heavy,0.1,10,1e-12,width,0.0,3,d_eff,17.11710981052382,,147.201
dc_cnn26,sweep_all,Deep Contractive,CNN,synthetic,dist,200,pgd_heavy,0.1,10,1e-12,width,0.0,3,g_ibp,0.9765110611307446,,0.094
dc_cnn26,sweep_all,Deep Contractive,CNN,synthetic,dist,200,pgd_heavy,0.1,10,1e-12,width,0.0,4,margin_hat_min,8.643379211425781,,141.893
dc_cnn26,sweep_all,Deep Contractive,CNN,synthetic,dist,200,pgd_heavy,0.1,10,1e-12,width,0.0,4,d_eff,17.7199862114566,,141.893
dc_cnn26,sweep_all,Deep Contractive,CNN,synthetic,dist,200,pgd_heavy,0.1,10,1e-12,width,0.0,4,g_ibp,0.9765110455807168,,0.06
dc_cnn26,sweep_all,Deep Contractive,CNN,synthetic,dist,200,pgd_heavy,0.1,10,1e-12,width,0.0,5,margin_hat_min,8.643383979797363,,136.661
dc_cnn26,sweep_all,Deep Contractive,CNN,synthetic,dist,200,pgd_heavy,0.1,10,1e-12,width,0.0,5,d_eff,17.369907244949697,,136.661
dc_cnn26,sweep_all,Deep Contractive,CNN,synthetic,dist,200,pgd_heavy,0.1,10,1e-12,width,0.0,5,g_ibp,0.9765110585390747,,0.066
dc_cnn26,sweep_all,Deep Contractive,CNN,synthetic,dist,200,pgd_heavy,0.1,10,1e-12,width,0.0,6,margin_hat_min,8.64336109161377,,152.573
dc_cnn26,sweep_all,Deep Contractive,CNN,synthetic,dist,200,pgd_heavy,0.1,10,1e-12,width,0.0,6,d_eff,17.90376553167008,,152.573
dc_cnn26,sweep_all,Deep Contractive,CNN,synthetic,dist,200,pgd_heavy,0.1,10,1e-12,width,0.0,6,g_ibp,0.9765109963388265,,0.093
dc_cnn26,sweep_all,Deep Contractive,CNN,synthetic,dist,200,pgd_heavy,0.1,10,1e-12,width,0.0,7,margin_hat_min,8.6433744430542,,146.854
dc_cnn26,sweep_all,Deep Contractive,CNN,synthetic,dist,200,pgd_heavy,0.1,10,1e-12,width,0.0,7,d_eff,16.381221253787636,,146.854
dc_cnn26,sweep_all,Deep Contractive,CNN,synthetic,dist,200,pgd_heavy,0.1,10,1e-12,width,0.0,7,g_ibp,0.9765110326223446,,0.059
dc_cnn25,sweep_all,Deep Contractive,CNN,synthetic,dist,200,uniform_only,0.1,10,1e-12,width,0.0,0,margin_hat_min,10.468143463134766,,58.661
dc_cnn25,sweep_all,Deep Contractive,CNN,synthetic,dist,200,uniform_only,0.1,10,1e-12,width,0.0,0,d_eff,22.216093338666955,,58.661
dc_cnn25,sweep_all,Deep Contractive,CNN,synthetic,dist,200,uniform_only,0.1,10,1e-12,width,0.0,0,g_ibp,0.9850381495244782,,0.065
dc_cnn25,sweep_all,Deep Contractive,CNN,synthetic,dist,200,uniform_only,0.1,10,1e-12,width,0.0,1,margin_hat_min,10.468133926391602,,65.551
dc_cnn25,sweep_all,Deep Contractive,CNN,synthetic,dist,200,uniform_only,0.1,10,1e-12,width,0.0,1,d_eff,22.578205989956707,,65.551
dc_cnn25,sweep_all,Deep Contractive,CNN,synthetic,dist,200,uniform_only,0.1,10,1e-12,width,0.0,1,g_ibp,0.985038135893842,,0.08
dc_cnn25,sweep_all,Deep Contractive,CNN,synthetic,dist,200,uniform_only,0.1,10,1e-12,width,0.0,2,margin_hat_min,10.468130111694336,,68.724
dc_cnn25,sweep_all,Deep Contractive,CNN,synthetic,dist,200,uniform_only,0.1,10,1e-12,width,0.0,2,d_eff,22.992555569235034,,68.724
dc_cnn25,sweep_all,Deep Contractive,CNN,synthetic,dist,200,uniform_only,0.1,10,1e-12,width,0.0,2,g_ibp,0.9850381304415806,,0.097
dc_cnn25,sweep_all,Deep Contractive,CNN,synthetic,dist,200,uniform_only,0.1,10,1e-12,width,0.0,3,margin_hat_min,10.468144416809082,,64.162
dc_cnn25,sweep_all,Deep Contractive,CNN,synthetic,dist,200,uniform_only,0.1,10,1e-12,width,0.0,3,d_eff,23.18531916824663,,64.162
dc_cnn25,sweep_all,Deep Contractive,CNN,synthetic,dist,200,uniform_only,0.1,10,1e-12,width,0.0,3,g_ibp,0.9850381508875405,,0.061
dc_cnn25,sweep_all,Deep Contractive,CNN,synthetic,dist,200,uniform_only,0.1,10,1e-12,width,0.0,4,margin_hat_min,10.468151092529297,,67.913
dc_cnn25,sweep_all,Deep Contractive,CNN,synthetic,dist,200,uniform_only,0.1,10,1e-12,width,0.0,4,d_eff,23.31578282134764,,67.913
dc_cnn25,sweep_all,Deep Contractive,CNN,synthetic,dist,200,uniform_only,0.1,10,1e-12,width,0.0,4,g_ibp,0.9850381604289693,,0.061
dc_cnn25,sweep_all,Deep Contractive,CNN,synthetic,dist,200,uniform_only,0.1,10,1e-12,width,0.0,5,margin_hat_min,10.46814250946045,,72.071
dc_cnn25,sweep_all,Deep Contractive,CNN,synthetic,dist,200,uniform_only,0.1,10,1e-12,width,0.0,5,d_eff,23.579227283760233,,72.071
dc_cnn25,sweep_all,Deep Contractive,CNN,synthetic,dist,200,uniform_only,0.1,10,1e-12,width,0.0,5,g_ibp,0.9850381481614158,,0.077
dc_cnn25,sweep_all,Deep Contractive,CNN,synthetic,dist,200,uniform_only,0.1,10,1e-12,width,0.0,6,margin_hat_min,10.468146324157715,,73.205
dc_cnn25,sweep_all,Deep Contractive,CNN,synthetic,dist,200,uniform_only,0.1,10,1e-12,width,0.0,6,d_eff,22.633143659137666,,73.205
dc_cnn25,sweep_all,Deep Contractive,CNN,synthetic,dist,200,uniform_only,0.1,10,1e-12,width,0.0,6,g_ibp,0.9850381536136643,,0.063
dc_cnn25,sweep_all,Deep Contractive,CNN,synthetic,dist,200,uniform_only,0.1,10,1e-12,width,0.0,7,margin_hat_min,10.468145370483398,,71.979
dc_cnn25,sweep_all,Deep Contractive,CNN,synthetic,dist,200,uniform_only,0.1,10,1e-12,width,0.0,7,d_eff,23.330990483810933,,71.979
dc_cnn25,sweep_all,Deep Contractive,CNN,synthetic,dist,200,uniform_only,0.1,10,1e-12,width,0.0,7,g_ibp,0.9850381522506025,,0.071
dc_cnn25,sweep_all,Deep Contractive,CNN,synthetic,dist,200,boundary_only,0.1,10,1e-12,width,0.0,0,margin_hat_min,10.468119621276855,,78.685
dc_cnn25,sweep_all,Deep Contractive,CNN,synthetic,dist,200,boundary_only,0.1,10,1e-12,width,0.0,0,d_eff,23.549596755747316,,78.685
dc_cnn25,sweep_all,Deep Contractive,CNN,synthetic,dist,200,boundary_only,0.1,10,1e-12,width,0.0,0,g_ibp,0.9850381154478411,,0.095
dc_cnn25,sweep_all,Deep Contractive,CNN,synthetic,dist,200,boundary_only,0.1,10,1e-12,width,0.0,1,margin_hat_min,10.468094825744629,,80.789
dc_cnn25,sweep_all,Deep Contractive,CNN,synthetic,dist,200,boundary_only,0.1,10,1e-12,width,0.0,1,d_eff,25.82173503211116,,80.789
dc_cnn25,sweep_all,Deep Contractive,CNN,synthetic,dist,200,boundary_only,0.1,10,1e-12,width,0.0,1,g_ibp,0.985038080007974,,0.06
dc_cnn25,sweep_all,Deep Contractive,CNN,synthetic,dist,200,boundary_only,0.1,10,1e-12,width,0.0,2,margin_hat_min,10.468128204345703,,81.159
dc_cnn25,sweep_all,Deep Contractive,CNN,synthetic,dist,200,boundary_only,0.1,10,1e-12,width,0.0,2,d_eff,22.232525499308046,,81.159
dc_cnn25,sweep_all,Deep Contractive,CNN,synthetic,dist,200,boundary_only,0.1,10,1e-12,width,0.0,2,g_ibp,0.9850381277154484,,0.063
dc_cnn25,sweep_all,Deep Contractive,CNN,synthetic,dist,200,boundary_only,0.1,10,1e-12,width,0.0,3,margin_hat_min,10.468107223510742,,80.452
dc_cnn25,sweep_all,Deep Contractive,CNN,synthetic,dist,200,boundary_only,0.1,10,1e-12,width,0.0,3,d_eff,24.354858302663718,,80.452
dc_cnn25,sweep_all,Deep Contractive,CNN,synthetic,dist,200,boundary_only,0.1,10,1e-12,width,0.0,3,g_ibp,0.9850380977279286,,0.072
dc_cnn25,sweep_all,Deep Contractive,CNN,synthetic,dist,200,boundary_only,0.1,10,1e-12,width,0.0,4,margin_hat_min,10.46807861328125,,78.143
dc_cnn25,sweep_all,Deep Contractive,CNN,synthetic,dist,200,boundary_only,0.1,10,1e-12,width,0.0,4,d_eff,23.06307895528915,,78.143
dc_cnn25,sweep_all,Deep Contractive,CNN,synthetic,dist,200,boundary_only,0.1,10,1e-12,width,0.0,4,g_ibp,0.9850380568356624,,0.022
dc_cnn25,sweep_all,Deep Contractive,CNN,synthetic,dist,200,boundary_only,0.1,10,1e-12,width,0.0,5,margin_hat_min,10.468135833740234,,70.974
dc_cnn25,sweep_all,Deep Contractive,CNN,synthetic,dist,200,boundary_only,0.1,10,1e-12,width,0.0,5,d_eff,22.32514901698203,,70.974
dc_cnn25,sweep_all,Deep Contractive,CNN,synthetic,dist,200,boundary_only,0.1,10,1e-12,width,0.0,5,g_ibp,0.9850381386199712,,0.067
dc_cnn25,sweep_all,Deep Contractive,CNN,synthetic,dist,200,boundary_only,0.1,10,1e-12,width,0.0,6,margin_hat_min,10.468116760253906,,79.801
dc_cnn25,sweep_all,Deep Contractive,CNN,synthetic,dist,200,boundary_only,0.1,10,1e-12,width,0.0,6,d_eff,21.913627394346033,,79.801
dc_cnn25,sweep_all,Deep Contractive,CNN,synthetic,dist,200,boundary_only,0.1,10,1e-12,width,0.0,6,g_ibp,0.9850381113586343,,0.063
dc_cnn25,sweep_all,Deep Contractive,CNN,synthetic,dist,200,boundary_only,0.1,10,1e-12,width,0.0,7,margin_hat_min,10.468125343322754,,68.423
dc_cnn25,sweep_all,Deep Contractive,CNN,synthetic,dist,200,boundary_only,0.1,10,1e-12,width,0.0,7,d_eff,23.45785691693033,,68.423
dc_cnn25,sweep_all,Deep Contractive,CNN,synthetic,dist,200,boundary_only,0.1,10,1e-12,width,0.0,7,g_ibp,0.9850381236262482,,0.016
dc_cnn25,sweep_all,Deep Contractive,CNN,synthetic,dist,200,current_mixture,0.1,10,1e-12,width,0.0,0,margin_hat_min,10.468109130859375,,78.114
dc_cnn25,sweep_all,Deep Contractive,CNN,synthetic,dist,200,current_mixture,0.1,10,1e-12,width,0.0,0,d_eff,21.000700908163196,,78.114
dc_cnn25,sweep_all,Deep Contractive,CNN,synthetic,dist,200,current_mixture,0.1,10,1e-12,width,0.0,0,g_ibp,0.9850381004540717,,0.029
dc_cnn25,sweep_all,Deep Contractive,CNN,synthetic,dist,200,current_mixture,0.1,10,1e-12,width,0.0,1,margin_hat_min,10.468103408813477,,91.455
dc_cnn25,sweep_all,Deep Contractive,CNN,synthetic,dist,200,current_mixture,0.1,10,1e-12,width,0.0,1,d_eff,22.794493229607752,,91.455
dc_cnn25,sweep_all,Deep Contractive,CNN,synthetic,dist,200,current_mixture,0.1,10,1e-12,width,0.0,1,g_ibp,0.9850380922756393,,0.038
dc_cnn25,sweep_all,Deep Contractive,CNN,synthetic,dist,200,current_mixture,0.1,10,1e-12,width,0.0,2,margin_hat_min,10.468119621276855,,83.239
dc_cnn25,sweep_all,Deep Contractive,CNN,synthetic,dist,200,current_mixture,0.1,10,1e-12,width,0.0,2,d_eff,22.35422554556627,,83.239
dc_cnn25,sweep_all,Deep Contractive,CNN,synthetic,dist,200,current_mixture,0.1,10,1e-12,width,0.0,2,g_ibp,0.9850381154478411,,0.069
dc_cnn25,sweep_all,Deep Contractive,CNN,synthetic,dist,200,current_mixture,0.1,10,1e-12,width,0.0,3,margin_hat_min,10.468116760253906,,78.076
dc_cnn25,sweep_all,Deep Contractive,CNN,synthetic,dist,200,current_mixture,0.1,10,1e-12,width,0.0,3,d_eff,21.133870898999657,,78.076
dc_cnn25,sweep_all,Deep Contractive,CNN,synthetic,dist,200,current_mixture,0.1,10,1e-12,width,0.0,3,g_ibp,0.9850381113586343,,0.053
dc_cnn25,sweep_all,Deep Contractive,CNN,synthetic,dist,200,current_mixture,0.1,10,1e-12,width,0.0,4,margin_hat_min,10.468124389648438,,101.16
dc_cnn25,sweep_all,Deep Contractive,CNN,synthetic,dist,200,current_mixture,0.1,10,1e-12,width,0.0,4,d_eff,22.102930865028792,,101.16
dc_cnn25,sweep_all,Deep Contractive,CNN,synthetic,dist,200,current_mixture,0.1,10,1e-12,width,0.0,4,g_ibp,0.985038122263181,,0.086
dc_cnn25,sweep_all,Deep Contractive,CNN,synthetic,dist,200,current_mixture,0.1,10,1e-12,width,0.0,5,margin_hat_min,10.46811580657959,,103.137
dc_cnn25,sweep_all,Deep Contractive,CNN,synthetic,dist,200,current_mixture,0.1,10,1e-12,width,0.0,5,d_eff,22.119019880450047,,103.137
dc_cnn25,sweep_all,Deep Contractive,CNN,synthetic,dist,200,current_mixture,0.1,10,1e-12,width,0.0,5,g_ibp,0.9850381099955648,,0.087
dc_cnn25,sweep_all,Deep Contractive,CNN,synthetic,dist,200,current_mixture,0.1,10,1e-12,width,0.0,6,margin_hat_min,10.468111991882324,,95.165
dc_cnn25,sweep_all,Deep Contractive,CNN,synthetic,dist,200,current_mixture,0.1,10,1e-12,width,0.0,6,d_eff,21.982887502691646,,95.165
dc_cnn25,sweep_all,Deep Contractive,CNN,synthetic,dist,200,current_mixture,0.1,10,1e-12,width,0.0,6,g_ibp,0.9850381045432846,,0.025
dc_cnn25,sweep_all,Deep Contractive,CNN,synthetic,dist,200,current_mixture,0.1,10,1e-12,width,0.0,7,margin_hat_min,10.468122482299805,,105.126
dc_cnn25,sweep_all,Deep Contractive,CNN,synthetic,dist,200,current_mixture,0.1,10,1e-12,width,0.0,7,d_eff,23.110533202712485,,105.126
dc_cnn25,sweep_all,Deep Contractive,CNN,synthetic,dist,200,current_mixture,0.1,10,1e-12,width,0.0,7,g_ibp,0.9850381195370458,,0.093
dc_cnn25,sweep_all,Deep Contractive,CNN,synthetic,dist,200,pgd_heavy,0.1,10,1e-12,width,0.0,0,margin_hat_min,10.468095779418945,,142.505
dc_cnn25,sweep_all,Deep Contractive,CNN,synthetic,dist,200,pgd_heavy,0.1,10,1e-12,width,0.0,0,d_eff,21.67516769773755,,142.505
dc_cnn25,sweep_all,Deep Contractive,CNN,synthetic,dist,200,pgd_heavy,0.1,10,1e-12,width,0.0,0,g_ibp,0.9850380813710489,,0.107
dc_cnn25,sweep_all,Deep Contractive,CNN,synthetic,dist,200,pgd_heavy,0.1,10,1e-12,width,0.0,1,margin_hat_min,10.468093872070312,,140.057
dc_cnn25,sweep_all,Deep Contractive,CNN,synthetic,dist,200,pgd_heavy,0.1,10,1e-12,width,0.0,1,d_eff,21.736761944529587,,140.057
dc_cnn25,sweep_all,Deep Contractive,CNN,synthetic,dist,200,pgd_heavy,0.1,10,1e-12,width,0.0,1,g_ibp,0.9850380786448988,,0.083
dc_cnn25,sweep_all,Deep Contractive,CNN,synthetic,dist,200,pgd_heavy,0.1,10,1e-12,width,0.0,2,margin_hat_min,10.468109130859375,,152.018
dc_cnn25,sweep_all,Deep Contractive,CNN,synthetic,dist,200,pgd_heavy,0.1,10,1e-12,width,0.0,2,d_eff,21.441753824167588,,152.018
dc_cnn25,sweep_all,Deep Contractive,CNN,synthetic,dist,200,pgd_heavy,0.1,10,1e-12,width,0.0,2,g_ibp,0.9850381004540717,,0.076
dc_cnn25,sweep_all,Deep Contractive,CNN,synthetic,dist,200,pgd_heavy,0.1,10,1e-12,width,0.0,3,margin_hat_min,10.468106269836426,,177.505
dc_cnn25,sweep_all,Deep Contractive,CNN,synthetic,dist,200,pgd_heavy,0.1,10,1e-12,width,0.0,3,d_eff,20.808649634296934,,177.505
dc_cnn25,sweep_all,Deep Contractive,CNN,synthetic,dist,200,pgd_heavy,0.1,10,1e-12,width,0.0,3,g_ibp,0.9850380963648566,,0.099
dc_cnn25,sweep_all,Deep Contractive,CNN,synthetic,dist,200,pgd_heavy,0.1,10,1e-12,width,0.0,4,margin_hat_min,10.468107223510742,,169.997
dc_cnn25,sweep_all,Deep Contractive,CNN,synthetic,dist,200,pgd_heavy,0.1,10,1e-12,width,0.0,4,d_eff,22.0174189342602,,169.997
dc_cnn25,sweep_all,Deep Contractive,CNN,synthetic,dist,200,pgd_heavy,0.1,10,1e-12,width,0.0,4,g_ibp,0.9850380977279286,,0.071
dc_cnn25,sweep_all,Deep Contractive,CNN,synthetic,dist,200,pgd_heavy,0.1,10,1e-12,width,0.0,5,margin_hat_min,10.468111038208008,,149.304
dc_cnn25,sweep_all,Deep Contractive,CNN,synthetic,dist,200,pgd_heavy,0.1,10,1e-12,width,0.0,5,d_eff,22.419857777463083,,149.304
dc_cnn25,sweep_all,Deep Contractive,CNN,synthetic,dist,200,pgd_heavy,0.1,10,1e-12,width,0.0,5,g_ibp,0.9850381031802138,,0.09
dc_cnn25,sweep_all,Deep Contractive,CNN,synthetic,dist,200,pgd_heavy,0.1,10,1e-12,width,0.0,6,margin_hat_min,10.468118667602539,,149.873
dc_cnn25,sweep_all,Deep Contractive,CNN,synthetic,dist,200,pgd_heavy,0.1,10,1e-12,width,0.0,6,d_eff,21.66623380106391,,149.873
dc_cnn25,sweep_all,Deep Contractive,CNN,synthetic,dist,200,pgd_heavy,0.1,10,1e-12,width,0.0,6,g_ibp,0.9850381140847725,,0.034
dc_cnn25,sweep_all,Deep Contractive,CNN,synthetic,dist,200,pgd_heavy,0.1,10,1e-12,width,0.0,7,margin_hat_min,10.468087196350098,,177.156
dc_cnn25,sweep_all,Deep Contractive,CNN,synthetic,dist,200,pgd_heavy,0.1,10,1e-12,width,0.0,7,d_eff,21.140814056885294,,177.156
dc_cnn25,sweep_all,Deep Contractive,CNN,synthetic,dist,200,pgd_heavy,0.1,10,1e-12,width,0.0,7,g_ibp,0.9850380691033657,,0.081
dc_cnn27,sweep_all,Deep Contractive,CNN,synthetic,dist,200,uniform_only,0.1,10,1e-12,width,0.0,0,margin_hat_min,8.55363655090332,,70.018
dc_cnn27,sweep_all,Deep Contractive,CNN,synthetic,dist,200,uniform_only,0.1,10,1e-12,width,0.0,0,d_eff,20.160743932364937,,70.018
dc_cnn27,sweep_all,Deep Contractive,CNN,synthetic,dist,200,uniform_only,0.1,10,1e-12,width,0.0,0,g_ibp,0.9867621336631196,,0.073
dc_cnn27,sweep_all,Deep Contractive,CNN,synthetic,dist,200,uniform_only,0.1,10,1e-12,width,0.0,1,margin_hat_min,8.553641319274902,,77.372
dc_cnn27,sweep_all,Deep Contractive,CNN,synthetic,dist,200,uniform_only,0.1,10,1e-12,width,0.0,1,d_eff,18.88815282167263,,77.372
dc_cnn27,sweep_all,Deep Contractive,CNN,synthetic,dist,200,uniform_only,0.1,10,1e-12,width,0.0,1,g_ibp,0.9867621410427914,,0.111
dc_cnn27,sweep_all,Deep Contractive,CNN,synthetic,dist,200,uniform_only,0.1,10,1e-12,width,0.0,2,margin_hat_min,8.553627014160156,,79.055
dc_cnn27,sweep_all,Deep Contractive,CNN,synthetic,dist,200,uniform_only,0.1,10,1e-12,width,0.0,2,d_eff,19.54386194516574,,79.055
dc_cnn27,sweep_all,Deep Contractive,CNN,synthetic,dist,200,uniform_only,0.1,10,1e-12,width,0.0,2,g_ibp,0.9867621189037513,,0.085
dc_cnn27,sweep_all,Deep Contractive,CNN,synthetic,dist,200,uniform_only,0.1,10,1e-12,width,0.0,3,margin_hat_min,8.553633689880371,,88.671
dc_cnn27,sweep_all,Deep Contractive,CNN,synthetic,dist,200,uniform_only,0.1,10,1e-12,width,0.0,3,d_eff,21.30090592262989,,88.671
dc_cnn27,sweep_all,Deep Contractive,CNN,synthetic,dist,200,uniform_only,0.1,10,1e-12,width,0.0,3,g_ibp,0.9867621292353126,,0.086
dc_cnn27,sweep_all,Deep Contractive,CNN,synthetic,dist,200,uniform_only,0.1,10,1e-12,width,0.0,4,margin_hat_min,8.553654670715332,,82.917
dc_cnn27,sweep_all,Deep Contractive,CNN,synthetic,dist,200,uniform_only,0.1,10,1e-12,width,0.0,4,d_eff,18.57630370494554,,82.917
dc_cnn27,sweep_all,Deep Contractive,CNN,synthetic,dist,200,uniform_only,0.1,10,1e-12,width,0.0,4,g_ibp,0.9867621617058286,,0.105
dc_cnn27,sweep_all,Deep Contractive,CNN,synthetic,dist,200,uniform_only,0.1,10,1e-12,width,0.0,5,margin_hat_min,8.553643226623535,,84.637
dc_cnn27,sweep_all,Deep Contractive,CNN,synthetic,dist,200,uniform_only,0.1,10,1e-12,width,0.0,5,d_eff,18.556164447338055,,84.637
dc_cnn27,sweep_all,Deep Contractive,CNN,synthetic,dist,200,uniform_only,0.1,10,1e-12,width,0.0,5,g_ibp,0.9867621439946578,,0.051
dc_cnn27,sweep_all,Deep Contractive,CNN,synthetic,dist,200,uniform_only,0.1,10,1e-12,width,0.0,6,margin_hat_min,8.553638458251953,,93.262
dc_cnn27,sweep_all,Deep Contractive,CNN,synthetic,dist,200,uniform_only,0.1,10,1e-12,width,0.0,6,d_eff,18.311295957919334,,93.262
dc_cnn27,sweep_all,Deep Contractive,CNN,synthetic,dist,200,uniform_only,0.1,10,1e-12,width,0.0,6,g_ibp,0.9867621366149893,,0.106
dc_cnn27,sweep_all,Deep Contractive,CNN,synthetic,dist,200,uniform_only,0.1,10,1e-12,width,0.0,7,margin_hat_min,8.553628921508789,,106.403
dc_cnn27,sweep_all,Deep Contractive,CNN,synthetic,dist,200,uniform_only,0.1,10,1e-12,width,0.0,7,d_eff,19.974402985346234,,106.403
dc_cnn27,sweep_all,Deep Contractive,CNN,synthetic,dist,200,uniform_only,0.1,10,1e-12,width,0.0,7,g_ibp,0.9867621218556276,,0.051
dc_cnn27,sweep_all,Deep Contractive,CNN,synthetic,dist,200,boundary_only,0.1,10,1e-12,width,0.0,0,margin_hat_min,8.553594589233398,,78.11
dc_cnn27,sweep_all,Deep Contractive,CNN,synthetic,dist,200,boundary_only,0.1,10,1e-12,width,0.0,0,d_eff,19.018218798056367,,78.11
dc_cnn27,sweep_all,Deep Contractive,CNN,synthetic,dist,200,boundary_only,0.1,10,1e-12,width,0.0,0,g_ibp,0.986762068721653,,0.061
dc_cnn27,sweep_all,Deep Contractive,CNN,synthetic,dist,200,boundary_only,0.1,10,1e-12,width,0.0,1,margin_hat_min,8.553608894348145,,102.321
dc_cnn27,sweep_all,Deep Contractive,CNN,synthetic,dist,200,boundary_only,0.1,10,1e-12,width,0.0,1,d_eff,19.72749821861004,,102.321
dc_cnn27,sweep_all,Deep Contractive,CNN,synthetic,dist,200,boundary_only,0.1,10,1e-12,width,0.0,1,g_ibp,0.9867620908608609,,0.1
dc_cnn27,sweep_all,Deep Contractive,CNN,synthetic,dist,200,boundary_only,0.1,10,1e-12,width,0.0,2,margin_hat_min,8.553613662719727,,81.15
dc_cnn27,sweep_all,Deep Contractive,CNN,synthetic,dist,200,boundary_only,0.1,10,1e-12,width,0.0,2,d_eff,20.56172374220751,,81.15
dc_cnn27,sweep_all,Deep Contractive,CNN,synthetic,dist,200,boundary_only,0.1,10,1e-12,width,0.0,2,g_ibp,0.9867620982405804,,0.056
dc_cnn27,sweep_all,Deep Contractive,CNN,synthetic,dist,200,boundary_only,0.1,10,1e-12,width,0.0,3,margin_hat_min,8.553633689880371,,103.187
dc_cnn27,sweep_all,Deep Contractive,CNN,synthetic,dist,200,boundary_only,0.1,10,1e-12,width,0.0,3,d_eff,19.796950999883183,,103.187
dc_cnn27,sweep_all,Deep Contractive,CNN,synthetic,dist,200,boundary_only,0.1,10,1e-12,width,0.0,3,g_ibp,0.9867621292353126,,0.104
dc_cnn27,sweep_all,Deep Contractive,CNN,synthetic,dist,200,boundary_only,0.1,10,1e-12,width,0.0,4,margin_hat_min,8.553614616394043,,108.231
dc_cnn27,sweep_all,Deep Contractive,CNN,synthetic,dist,200,boundary_only,0.1,10,1e-12,width,0.0,4,d_eff,18.933438343911686,,108.231
dc_cnn27,sweep_all,Deep Contractive,CNN,synthetic,dist,200,boundary_only,0.1,10,1e-12,width,0.0,4,g_ibp,0.9867620997165233,,0.103
dc_cnn27,sweep_all,Deep Contractive,CNN,synthetic,dist,200,boundary_only,0.1,10,1e-12,width,0.0,5,margin_hat_min,8.553571701049805,,87.927
dc_cnn27,sweep_all,Deep Contractive,CNN,synthetic,dist,200,boundary_only,0.1,10,1e-12,width,0.0,5,d_eff,19.548291200478687,,87.927
dc_cnn27,sweep_all,Deep Contractive,CNN,synthetic,dist,200,boundary_only,0.1,10,1e-12,width,0.0,5,g_ibp,0.9867620332987662,,0.042
dc_cnn27,sweep_all,Deep Contractive,CNN,synthetic,dist,200,boundary_only,0.1,10,1e-12,width,0.0,6,margin_hat_min,8.553621292114258,,82.777
dc_cnn27,sweep_all,Deep Contractive,CNN,synthetic,dist,200,boundary_only,0.1,10,1e-12,width,0.0,6,d_eff,19.538975614025997,,82.777
dc_cnn27,sweep_all,Deep Contractive,CNN,synthetic,dist,200,boundary_only,0.1,10,1e-12,width,0.0,6,g_ibp,0.9867621100481145,,0.045
dc_cnn27,sweep_all,Deep Contractive,CNN,synthetic,dist,200,boundary_only,0.1,10,1e-12,width,0.0,7,margin_hat_min,8.553620338439941,,89.955
dc_cnn27,sweep_all,Deep Contractive,CNN,synthetic,dist,200,boundary_only,0.1,10,1e-12,width,0.0,7,d_eff,20.523107340084344,,89.955
dc_cnn27,sweep_all,Deep Contractive,CNN,synthetic,dist,200,boundary_only,0.1,10,1e-12,width,0.0,7,g_ibp,0.986762108572174,,0.081
dc_cnn27,sweep_all,Deep Contractive,CNN,synthetic,dist,200,current_mixture,0.1,10,1e-12,width,0.0,0,margin_hat_min,8.5535888671875,,131.811
dc_cnn27,sweep_all,Deep Contractive,CNN,synthetic,dist,200,current_mixture,0.1,10,1e-12,width,0.0,0,d_eff,19.842890919383866,,131.811
dc_cnn27,sweep_all,Deep Contractive,CNN,synthetic,dist,200,current_mixture,0.1,10,1e-12,width,0.0,0,g_ibp,0.986762059865949,,0.083
dc_cnn27,sweep_all,Deep Contractive,CNN,synthetic,dist,200,current_mixture,0.1,10,1e-12,width,0.0,1,margin_hat_min,8.553592681884766,,111.666
dc_cnn27,sweep_all,Deep Contractive,CNN,synthetic,dist,200,current_mixture,0.1,10,1e-12,width,0.0,1,d_eff,19.36990962303119,,111.666
dc_cnn27,sweep_all,Deep Contractive,CNN,synthetic,dist,200,current_mixture,0.1,10,1e-12,width,0.0,1,g_ibp,0.986762065769753,,0.093
dc_cnn27,sweep_all,Deep Contractive,CNN,synthetic,dist,200,current_mixture,0.1,10,1e-12,width,0.0,2,margin_hat_min,8.553597450256348,,107.173
dc_cnn27,sweep_all,Deep Contractive,CNN,synthetic,dist,200,current_mixture,0.1,10,1e-12,width,0.0,2,d_eff,17.92138321584736,,107.173
dc_cnn27,sweep_all,Deep Contractive,CNN,synthetic,dist,200,current_mixture,0.1,10,1e-12,width,0.0,2,g_ibp,0.9867620731495005,,0.073
dc_cnn27,sweep_all,Deep Contractive,CNN,synthetic,dist,200,current_mixture,0.1,10,1e-12,width,0.0,3,margin_hat_min,8.553604125976562,,118.193
dc_cnn27,sweep_all,Deep Contractive,CNN,synthetic,dist,200,current_mixture,0.1,10,1e-12,width,0.0,3,d_eff,20.284407438817894,,118.193
dc_cnn27,sweep_all,Deep Contractive,CNN,synthetic,dist,200,current_mixture,0.1,10,1e-12,width,0.0,3,g_ibp,0.9867620834811331,,0.055
dc_cnn27,sweep_all,Deep Contractive,CNN,synthetic,dist,200,current_mixture,0.1,10,1e-12,width,0.0,4,margin_hat_min,8.553574562072754,,121.757
dc_cnn27,sweep_all,Deep Contractive,CNN,synthetic,dist,200,current_mixture,0.1,10,1e-12,width,0.0,4,d_eff,18.128588970840795,,121.757
dc_cnn27,sweep_all,Deep Contractive,CNN,synthetic,dist,200,current_mixture,0.1,10,1e-12,width,0.0,4,g_ibp,0.9867620377266374,,0.081
dc_cnn27,sweep_all,Deep Contractive,CNN,synthetic,dist,200,current_mixture,0.1,10,1e-12,width,0.0,5,margin_hat_min,8.553603172302246,,127.507
dc_cnn27,sweep_all,Deep Contractive,CNN,synthetic,dist,200,current_mixture,0.1,10,1e-12,width,0.0,5,d_eff,18.388059238962033,,127.507
dc_cnn27,sweep_all,Deep Contractive,CNN,synthetic,dist,200,current_mixture,0.1,10,1e-12,width,0.0,5,g_ibp,0.9867620820051866,,0.08
dc_cnn27,sweep_all,Deep Contractive,CNN,synthetic,dist,200,current_mixture,0.1,10,1e-12,width,0.0,6,margin_hat_min,8.553585052490234,,117.313
dc_cnn27,sweep_all,Deep Contractive,CNN,synthetic,dist,200,current_mixture,0.1,10,1e-12,width,0.0,6,d_eff,19.666129742384427,,117.313
dc_cnn27,sweep_all,Deep Contractive,CNN,synthetic,dist,200,current_mixture,0.1,10,1e-12,width,0.0,6,g_ibp,0.9867620539621399,,0.076
dc_cnn27,sweep_all,Deep Contractive,CNN,synthetic,dist,200,current_mixture,0.1,10,1e-12,width,0.0,7,margin_hat_min,8.553600311279297,,118.037
dc_cnn27,sweep_all,Deep Contractive,CNN,synthetic,dist,200,current_mixture,0.1,10,1e-12,width,0.0,7,d_eff,19.448898220406523,,118.037
dc_cnn27,sweep_all,Deep Contractive,CNN,synthetic,dist,200,current_mixture,0.1,10,1e-12,width,0.0,7,g_ibp,0.986762077577345,,0.062
dc_cnn27,sweep_all,Deep Contractive,CNN,synthetic,dist,200,pgd_heavy,0.1,10,1e-12,width,0.0,0,margin_hat_min,8.553579330444336,,188.615
dc_cnn27,sweep_all,Deep Contractive,CNN,synthetic,dist,200,pgd_heavy,0.1,10,1e-12,width,0.0,0,d_eff,16.53208698914485,,188.615
dc_cnn27,sweep_all,Deep Contractive,CNN,synthetic,dist,200,pgd_heavy,0.1,10,1e-12,width,0.0,0,g_ibp,0.9867620451064162,,0.093
dc_cnn27,sweep_all,Deep Contractive,CNN,synthetic,dist,200,pgd_heavy,0.1,10,1e-12,width,0.0,1,margin_hat_min,8.553585052490234,,192.329
dc_cnn27,sweep_all,Deep Contractive,CNN,synthetic,dist,200,pgd_heavy,0.1,10,1e-12,width,0.0,1,d_eff,14.95644042856901,,192.329
dc_cnn27,sweep_all,Deep Contractive,CNN,synthetic,dist,200,pgd_heavy,0.1,10,1e-12,width,0.0,1,g_ibp,0.9867620539621399,,0.088
dc_cnn27,sweep_all,Deep Contractive,CNN,synthetic,dist,200,pgd_heavy,0.1,10,1e-12,width,0.0,2,margin_hat_min,8.55357551574707,,232.562
dc_cnn27,sweep_all,Deep Contractive,CNN,synthetic,dist,200,pgd_heavy,0.1,10,1e-12,width,0.0,2,d_eff,15.388751903045556,,232.562
dc_cnn27,sweep_all,Deep Contractive,CNN,synthetic,dist,200,pgd_heavy,0.1,10,1e-12,width,0.0,2,g_ibp,0.9867620392025939,,0.103
dc_cnn27,sweep_all,Deep Contractive,CNN,synthetic,dist,200,pgd_heavy,0.1,10,1e-12,width,0.0,3,margin_hat_min,8.553565979003906,,190.69
dc_cnn27,sweep_all,Deep Contractive,CNN,synthetic,dist,200,pgd_heavy,0.1,10,1e-12,width,0.0,3,d_eff,15.704862764583739,,190.69
dc_cnn27,sweep_all,Deep Contractive,CNN,synthetic,dist,200,pgd_heavy,0.1,10,1e-12,width,0.0,3,g_ibp,0.986762024443015,,0.073
dc_cnn27,sweep_all,Deep Contractive,CNN,synthetic,dist,200,pgd_heavy,0.1,10,1e-12,width,0.0,4,margin_hat_min,8.553574562072754,,186.868
dc_cnn27,sweep_all,Deep Contractive,CNN,synthetic,dist,200,pgd_heavy,0.1,10,1e-12,width,0.0,4,d_eff,17.246606409442407,,186.868
dc_cnn27,sweep_all,Deep Contractive,CNN,synthetic,dist,200,pgd_heavy,0.1,10,1e-12,width,0.0,4,g_ibp,0.9867620377266374,,0.072
dc_cnn27,sweep_all,Deep Contractive,CNN,synthetic,dist,200,pgd_heavy,0.1,10,1e-12,width,0.0,5,margin_hat_min,8.553587913513184,,186.078
dc_cnn27,sweep_all,Deep Contractive,CNN,synthetic,dist,200,pgd_heavy,0.1,10,1e-12,width,0.0,5,d_eff,16.104406051204517,,186.078
dc_cnn27,sweep_all,Deep Contractive,CNN,synthetic,dist,200,pgd_heavy,0.1,10,1e-12,width,0.0,5,g_ibp,0.9867620583899972,,0.084
dc_cnn27,sweep_all,Deep Contractive,CNN,synthetic,dist,200,pgd_heavy,0.1,10,1e-12,width,0.0,6,margin_hat_min,8.553598403930664,,193.574
dc_cnn27,sweep_all,Deep Contractive,CNN,synthetic,dist,200,pgd_heavy,0.1,10,1e-12,width,0.0,6,d_eff,16.346126889763973,,193.574
dc_cnn27,sweep_all,Deep Contractive,CNN,synthetic,dist,200,pgd_heavy,0.1,10,1e-12,width,0.0,6,g_ibp,0.986762074625449,,0.081
dc_cnn27,sweep_all,Deep Contractive,CNN,synthetic,dist,200,pgd_heavy,0.1,10,1e-12,width,0.0,7,margin_hat_min,8.553580284118652,,186.895
dc_cnn27,sweep_all,Deep Contractive,CNN,synthetic,dist,200,pgd_heavy,0.1,10,1e-12,width,0.0,7,d_eff,16.212402269267574,,186.895
dc_cnn27,sweep_all,Deep Contractive,CNN,synthetic,dist,200,pgd_heavy,0.1,10,1e-12,width,0.0,7,g_ibp,0.986762046582371,,0.04
dc_cnn24,sweep_all,Deep Contractive,CNN,synthetic,dist,200,uniform_only,0.1,10,1e-12,width,0.0,0,margin_hat_min,10.468143463134766,,104.772
dc_cnn24,sweep_all,Deep Contractive,CNN,synthetic,dist,200,uniform_only,0.1,10,1e-12,width,0.0,0,d_eff,22.216093338666955,,104.772
dc_cnn24,sweep_all,Deep Contractive,CNN,synthetic,dist,200,uniform_only,0.1,10,1e-12,width,0.0,0,g_ibp,0.9850381495244782,,0.095
dc_cnn24,sweep_all,Deep Contractive,CNN,synthetic,dist,200,uniform_only,0.1,10,1e-12,width,0.0,1,margin_hat_min,10.468133926391602,,104.959
dc_cnn24,sweep_all,Deep Contractive,CNN,synthetic,dist,200,uniform_only,0.1,10,1e-12,width,0.0,1,d_eff,22.578205989956707,,104.959
dc_cnn24,sweep_all,Deep Contractive,CNN,synthetic,dist,200,uniform_only,0.1,10,1e-12,width,0.0,1,g_ibp,0.985038135893842,,0.095
dc_cnn24,sweep_all,Deep Contractive,CNN,synthetic,dist,200,uniform_only,0.1,10,1e-12,width,0.0,2,margin_hat_min,10.468130111694336,,104.729
dc_cnn24,sweep_all,Deep Contractive,CNN,synthetic,dist,200,uniform_only,0.1,10,1e-12,width,0.0,2,d_eff,22.992555569235034,,104.729
dc_cnn24,sweep_all,Deep Contractive,CNN,synthetic,dist,200,uniform_only,0.1,10,1e-12,width,0.0,2,g_ibp,0.9850381304415806,,0.096
dc_cnn24,sweep_all,Deep Contractive,CNN,synthetic,dist,200,uniform_only,0.1,10,1e-12,width,0.0,3,margin_hat_min,10.468144416809082,,104.909
dc_cnn24,sweep_all,Deep Contractive,CNN,synthetic,dist,200,uniform_only,0.1,10,1e-12,width,0.0,3,d_eff,23.18531916824663,,104.909
dc_cnn24,sweep_all,Deep Contractive,CNN,synthetic,dist,200,uniform_only,0.1,10,1e-12,width,0.0,3,g_ibp,0.9850381508875405,,0.095
dc_cnn24,sweep_all,Deep Contractive,CNN,synthetic,dist,200,uniform_only,0.1,10,1e-12,width,0.0,4,margin_hat_min,10.468151092529297,,85.457
dc_cnn24,sweep_all,Deep Contractive,CNN,synthetic,dist,200,uniform_only,0.1,10,1e-12,width,0.0,4,d_eff,23.31578282134764,,85.457
dc_cnn24,sweep_all,Deep Contractive,CNN,synthetic,dist,200,uniform_only,0.1,10,1e-12,width,0.0,4,g_ibp,0.9850381604289693,,0.113
dc_cnn24,sweep_all,Deep Contractive,CNN,synthetic,dist,200,uniform_only,0.1,10,1e-12,width,0.0,5,margin_hat_min,10.46814250946045,,95.124
dc_cnn24,sweep_all,Deep Contractive,CNN,synthetic,dist,200,uniform_only,0.1,10,1e-12,width,0.0,5,d_eff,23.579227283760233,,95.124
dc_cnn24,sweep_all,Deep Contractive,CNN,synthetic,dist,200,uniform_only,0.1,10,1e-12,width,0.0,5,g_ibp,0.9850381481614158,,0.007
dc_cnn24,sweep_all,Deep Contractive,CNN,synthetic,dist,200,uniform_only,0.1,10,1e-12,width,0.0,6,margin_hat_min,10.468146324157715,,97.158
dc_cnn24,sweep_all,Deep Contractive,CNN,synthetic,dist,200,uniform_only,0.1,10,1e-12,width,0.0,6,d_eff,22.633143659137666,,97.158
dc_cnn24,sweep_all,Deep Contractive,CNN,synthetic,dist,200,uniform_only,0.1,10,1e-12,width,0.0,6,g_ibp,0.9850381536136643,,0.05
dc_cnn24,sweep_all,Deep Contractive,CNN,synthetic,dist,200,uniform_only,0.1,10,1e-12,width,0.0,7,margin_hat_min,10.468145370483398,,93.986
dc_cnn24,sweep_all,Deep Contractive,CNN,synthetic,dist,200,uniform_only,0.1,10,1e-12,width,0.0,7,d_eff,23.330990483810933,,93.986
dc_cnn24,sweep_all,Deep Contractive,CNN,synthetic,dist,200,uniform_only,0.1,10,1e-12,width,0.0,7,g_ibp,0.9850381522506025,,0.069
dc_cnn24,sweep_all,Deep Contractive,CNN,synthetic,dist,200,boundary_only,0.1,10,1e-12,width,0.0,0,margin_hat_min,10.468119621276855,,94.448
dc_cnn24,sweep_all,Deep Contractive,CNN,synthetic,dist,200,boundary_only,0.1,10,1e-12,width,0.0,0,d_eff,23.549596755747316,,94.448
dc_cnn24,sweep_all,Deep Contractive,CNN,synthetic,dist,200,boundary_only,0.1,10,1e-12,width,0.0,0,g_ibp,0.9850381154478411,,0.073
dc_cnn24,sweep_all,Deep Contractive,CNN,synthetic,dist,200,boundary_only,0.1,10,1e-12,width,0.0,1,margin_hat_min,10.468094825744629,,89.255
dc_cnn24,sweep_all,Deep Contractive,CNN,synthetic,dist,200,boundary_only,0.1,10,1e-12,width,0.0,1,d_eff,25.82173503211116,,89.255
dc_cnn24,sweep_all,Deep Contractive,CNN,synthetic,dist,200,boundary_only,0.1,10,1e-12,width,0.0,1,g_ibp,0.985038080007974,,0.063
dc_cnn24,sweep_all,Deep Contractive,CNN,synthetic,dist,200,boundary_only,0.1,10,1e-12,width,0.0,2,margin_hat_min,10.468128204345703,,86.834
dc_cnn24,sweep_all,Deep Contractive,CNN,synthetic,dist,200,boundary_only,0.1,10,1e-12,width,0.0,2,d_eff,22.232525499308046,,86.834
dc_cnn24,sweep_all,Deep Contractive,CNN,synthetic,dist,200,boundary_only,0.1,10,1e-12,width,0.0,2,g_ibp,0.9850381277154484,,0.088
dc_cnn24,sweep_all,Deep Contractive,CNN,synthetic,dist,200,boundary_only,0.1,10,1e-12,width,0.0,3,margin_hat_min,10.468107223510742,,90.592
dc_cnn24,sweep_all,Deep Contractive,CNN,synthetic,dist,200,boundary_only,0.1,10,1e-12,width,0.0,3,d_eff,24.354858302663718,,90.592
dc_cnn24,sweep_all,Deep Contractive,CNN,synthetic,dist,200,boundary_only,0.1,10,1e-12,width,0.0,3,g_ibp,0.9850380977279286,,0.089
dc_cnn24,sweep_all,Deep Contractive,CNN,synthetic,dist,200,boundary_only,0.1,10,1e-12,width,0.0,4,margin_hat_min,10.46807861328125,,95.527
dc_cnn24,sweep_all,Deep Contractive,CNN,synthetic,dist,200,boundary_only,0.1,10,1e-12,width,0.0,4,d_eff,23.06307895528915,,95.527
dc_cnn24,sweep_all,Deep Contractive,CNN,synthetic,dist,200,boundary_only,0.1,10,1e-12,width,0.0,4,g_ibp,0.9850380568356624,,0.103
dc_cnn24,sweep_all,Deep Contractive,CNN,synthetic,dist,200,boundary_only,0.1,10,1e-12,width,0.0,5,margin_hat_min,10.468135833740234,,95.239
dc_cnn24,sweep_all,Deep Contractive,CNN,synthetic,dist,200,boundary_only,0.1,10,1e-12,width,0.0,5,d_eff,22.32514901698203,,95.239
dc_cnn24,sweep_all,Deep Contractive,CNN,synthetic,dist,200,boundary_only,0.1,10,1e-12,width,0.0,5,g_ibp,0.9850381386199712,,0.084
dc_cnn24,sweep_all,Deep Contractive,CNN,synthetic,dist,200,boundary_only,0.1,10,1e-12,width,0.0,6,margin_hat_min,10.468116760253906,,98.917
dc_cnn24,sweep_all,Deep Contractive,CNN,synthetic,dist,200,boundary_only,0.1,10,1e-12,width,0.0,6,d_eff,21.913627394346033,,98.917
dc_cnn24,sweep_all,Deep Contractive,CNN,synthetic,dist,200,boundary_only,0.1,10,1e-12,width,0.0,6,g_ibp,0.9850381113586343,,0.104
dc_cnn24,sweep_all,Deep Contractive,CNN,synthetic,dist,200,boundary_only,0.1,10,1e-12,width,0.0,7,margin_hat_min,10.468125343322754,,88.968
dc_cnn24,sweep_all,Deep Contractive,CNN,synthetic,dist,200,boundary_only,0.1,10,1e-12,width,0.0,7,d_eff,23.45785691693033,,88.968
dc_cnn24,sweep_all,Deep Contractive,CNN,synthetic,dist,200,boundary_only,0.1,10,1e-12,width,0.0,7,g_ibp,0.9850381236262482,,0.085
dc_cnn24,sweep_all,Deep Contractive,CNN,synthetic,dist,200,current_mixture,0.1,10,1e-12,width,0.0,0,margin_hat_min,10.468109130859375,,127.696
dc_cnn24,sweep_all,Deep Contractive,CNN,synthetic,dist,200,current_mixture,0.1,10,1e-12,width,0.0,0,d_eff,21.000700908163196,,127.696
dc_cnn24,sweep_all,Deep Contractive,CNN,synthetic,dist,200,current_mixture,0.1,10,1e-12,width,0.0,0,g_ibp,0.9850381004540717,,0.072
dc_cnn24,sweep_all,Deep Contractive,CNN,synthetic,dist,200,current_mixture,0.1,10,1e-12,width,0.0,1,margin_hat_min,10.468103408813477,,149.297
dc_cnn24,sweep_all,Deep Contractive,CNN,synthetic,dist,200,current_mixture,0.1,10,1e-12,width,0.0,1,d_eff,22.794493229607752,,149.297
dc_cnn24,sweep_all,Deep Contractive,CNN,synthetic,dist,200,current_mixture,0.1,10,1e-12,width,0.0,1,g_ibp,0.9850380922756393,,0.103
dc_cnn24,sweep_all,Deep Contractive,CNN,synthetic,dist,200,current_mixture,0.1,10,1e-12,width,0.0,2,margin_hat_min,10.468119621276855,,144.314
dc_cnn24,sweep_all,Deep Contractive,CNN,synthetic,dist,200,current_mixture,0.1,10,1e-12,width,0.0,2,d_eff,22.35422554556627,,144.314
dc_cnn24,sweep_all,Deep Contractive,CNN,synthetic,dist,200,current_mixture,0.1,10,1e-12,width,0.0,2,g_ibp,0.9850381154478411,,0.107
dc_cnn24,sweep_all,Deep Contractive,CNN,synthetic,dist,200,current_mixture,0.1,10,1e-12,width,0.0,3,margin_hat_min,10.468116760253906,,130.718
dc_cnn24,sweep_all,Deep Contractive,CNN,synthetic,dist,200,current_mixture,0.1,10,1e-12,width,0.0,3,d_eff,21.133870898999657,,130.718
dc_cnn24,sweep_all,Deep Contractive,CNN,synthetic,dist,200,current_mixture,0.1,10,1e-12,width,0.0,3,g_ibp,0.9850381113586343,,0.025
dc_cnn24,sweep_all,Deep Contractive,CNN,synthetic,dist,200,current_mixture,0.1,10,1e-12,width,0.0,4,margin_hat_min,10.468124389648438,,145.699
dc_cnn24,sweep_all,Deep Contractive,CNN,synthetic,dist,200,current_mixture,0.1,10,1e-12,width,0.0,4,d_eff,22.102930865028792,,145.699
dc_cnn24,sweep_all,Deep Contractive,CNN,synthetic,dist,200,current_mixture,0.1,10,1e-12,width,0.0,4,g_ibp,0.985038122263181,,0.055
dc_cnn24,sweep_all,Deep Contractive,CNN,synthetic,dist,200,current_mixture,0.1,10,1e-12,width,0.0,5,margin_hat_min,10.46811580657959,,121.33
dc_cnn24,sweep_all,Deep Contractive,CNN,synthetic,dist,200,current_mixture,0.1,10,1e-12,width,0.0,5,d_eff,22.119019880450047,,121.33
dc_cnn24,sweep_all,Deep Contractive,CNN,synthetic,dist,200,current_mixture,0.1,10,1e-12,width,0.0,5,g_ibp,0.9850381099955648,,0.052
dc_cnn24,sweep_all,Deep Contractive,CNN,synthetic,dist,200,current_mixture,0.1,10,1e-12,width,0.0,6,margin_hat_min,10.468111991882324,,144.083
dc_cnn24,sweep_all,Deep Contractive,CNN,synthetic,dist,200,current_mixture,0.1,10,1e-12,width,0.0,6,d_eff,21.982887502691646,,144.083
dc_cnn24,sweep_all,Deep Contractive,CNN,synthetic,dist,200,current_mixture,0.1,10,1e-12,width,0.0,6,g_ibp,0.9850381045432846,,0.107
dc_cnn24,sweep_all,Deep Contractive,CNN,synthetic,dist,200,current_mixture,0.1,10,1e-12,width,0.0,7,margin_hat_min,10.468122482299805,,123.573
dc_cnn24,sweep_all,Deep Contractive,CNN,synthetic,dist,200,current_mixture,0.1,10,1e-12,width,0.0,7,d_eff,23.110533202712485,,123.573
dc_cnn24,sweep_all,Deep Contractive,CNN,synthetic,dist,200,current_mixture,0.1,10,1e-12,width,0.0,7,g_ibp,0.9850381195370458,,0.071
dc_cnn24,sweep_all,Deep Contractive,CNN,synthetic,dist,200,pgd_heavy,0.1,10,1e-12,width,0.0,0,margin_hat_min,10.468095779418945,,177.146
dc_cnn24,sweep_all,Deep Contractive,CNN,synthetic,dist,200,pgd_heavy,0.1,10,1e-12,width,0.0,0,d_eff,21.67516769773755,,177.146
dc_cnn24,sweep_all,Deep Contractive,CNN,synthetic,dist,200,pgd_heavy,0.1,10,1e-12,width,0.0,0,g_ibp,0.9850380813710489,,0.009
dc_cnn24,sweep_all,Deep Contractive,CNN,synthetic,dist,200,pgd_heavy,0.1,10,1e-12,width,0.0,1,margin_hat_min,10.468093872070312,,188.118
dc_cnn24,sweep_all,Deep Contractive,CNN,synthetic,dist,200,pgd_heavy,0.1,10,1e-12,width,0.0,1,d_eff,21.736761944529587,,188.118
dc_cnn24,sweep_all,Deep Contractive,CNN,synthetic,dist,200,pgd_heavy,0.1,10,1e-12,width,0.0,1,g_ibp,0.9850380786448988,,0.027
dc_cnn24,sweep_all,Deep Contractive,CNN,synthetic,dist,200,pgd_heavy,0.1,10,1e-12,width,0.0,2,margin_hat_min,10.468109130859375,,189.78
dc_cnn24,sweep_all,Deep Contractive,CNN,synthetic,dist,200,pgd_heavy,0.1,10,1e-12,width,0.0,2,d_eff,21.441753824167588,,189.78
dc_cnn24,sweep_all,Deep Contractive,CNN,synthetic,dist,200,pgd_heavy,0.1,10,1e-12,width,0.0,2,g_ibp,0.9850381004540717,,0.094
dc_cnn24,sweep_all,Deep Contractive,CNN,synthetic,dist,200,pgd_heavy,0.1,10,1e-12,width,0.0,3,margin_hat_min,10.468106269836426,,190.118
dc_cnn24,sweep_all,Deep Contractive,CNN,synthetic,dist,200,pgd_heavy,0.1,10,1e-12,width,0.0,3,d_eff,20.808649634296934,,190.118
dc_cnn24,sweep_all,Deep Contractive,CNN,synthetic,dist,200,pgd_heavy,0.1,10,1e-12,width,0.0,3,g_ibp,0.9850380963648566,,0.066
dc_cnn24,sweep_all,Deep Contractive,CNN,synthetic,dist,200,pgd_heavy,0.1,10,1e-12,width,0.0,4,margin_hat_min,10.468107223510742,,164.96
dc_cnn24,sweep_all,Deep Contractive,CNN,synthetic,dist,200,pgd_heavy,0.1,10,1e-12,width,0.0,4,d_eff,22.0174189342602,,164.96
dc_cnn24,sweep_all,Deep Contractive,CNN,synthetic,dist,200,pgd_heavy,0.1,10,1e-12,width,0.0,4,g_ibp,0.9850380977279286,,0.029
dc_cnn24,sweep_all,Deep Contractive,CNN,synthetic,dist,200,pgd_heavy,0.1,10,1e-12,width,0.0,5,margin_hat_min,10.468111038208008,,169.434
dc_cnn24,sweep_all,Deep Contractive,CNN,synthetic,dist,200,pgd_heavy,0.1,10,1e-12,width,0.0,5,d_eff,22.419857777463083,,169.434
dc_cnn24,sweep_all,Deep Contractive,CNN,synthetic,dist,200,pgd_heavy,0.1,10,1e-12,width,0.0,5,g_ibp,0.9850381031802138,,0.094
dc_cnn24,sweep_all,Deep Contractive,CNN,synthetic,dist,200,pgd_heavy,0.1,10,1e-12,width,0.0,6,margin_hat_min,10.468118667602539,,161.625
dc_cnn24,sweep_all,Deep Contractive,CNN,synthetic,dist,200,pgd_heavy,0.1,10,1e-12,width,0.0,6,d_eff,21.66623380106391,,161.625
dc_cnn24,sweep_all,Deep Contractive,CNN,synthetic,dist,200,pgd_heavy,0.1,10,1e-12,width,0.0,6,g_ibp,0.9850381140847725,,0.026
dc_cnn24,sweep_all,Deep Contractive,CNN,synthetic,dist,200,pgd_heavy,0.1,10,1e-12,width,0.0,7,margin_hat_min,10.468087196350098,,184.185
dc_cnn24,sweep_all,Deep Contractive,CNN,synthetic,dist,200,pgd_heavy,0.1,10,1e-12,width,0.0,7,d_eff,21.140814056885294,,184.185
dc_cnn24,sweep_all,Deep Contractive,CNN,synthetic,dist,200,pgd_heavy,0.1,10,1e-12,width,0.0,7,g_ibp,0.9850380691033657,,0.028
dc_cnn28,sweep_all,Deep Contractive,CNN,synthetic,dist,200,uniform_only,0.1,10,1e-12,width,0.0,0,margin_hat_min,8.55363655090332,,93.899
dc_cnn28,sweep_all,Deep Contractive,CNN,synthetic,dist,200,uniform_only,0.1,10,1e-12,width,0.0,0,d_eff,20.160743932364937,,93.899
dc_cnn28,sweep_all,Deep Contractive,CNN,synthetic,dist,200,uniform_only,0.1,10,1e-12,width,0.0,0,g_ibp,0.9867621336631196,,0.069
dc_cnn28,sweep_all,Deep Contractive,CNN,synthetic,dist,200,uniform_only,0.1,10,1e-12,width,0.0,1,margin_hat_min,8.553641319274902,,89.65
dc_cnn28,sweep_all,Deep Contractive,CNN,synthetic,dist,200,uniform_only,0.1,10,1e-12,width,0.0,1,d_eff,18.88815282167263,,89.65
dc_cnn28,sweep_all,Deep Contractive,CNN,synthetic,dist,200,uniform_only,0.1,10,1e-12,width,0.0,1,g_ibp,0.9867621410427914,,0.081
dc_cnn28,sweep_all,Deep Contractive,CNN,synthetic,dist,200,uniform_only,0.1,10,1e-12,width,0.0,2,margin_hat_min,8.553627014160156,,90.84
dc_cnn28,sweep_all,Deep Contractive,CNN,synthetic,dist,200,uniform_only,0.1,10,1e-12,width,0.0,2,d_eff,19.54386194516574,,90.84
dc_cnn28,sweep_all,Deep Contractive,CNN,synthetic,dist,200,uniform_only,0.1,10,1e-12,width,0.0,2,g_ibp,0.9867621189037513,,0.032
dc_cnn28,sweep_all,Deep Contractive,CNN,synthetic,dist,200,uniform_only,0.1,10,1e-12,width,0.0,3,margin_hat_min,8.553633689880371,,95.122
dc_cnn28,sweep_all,Deep Contractive,CNN,synthetic,dist,200,uniform_only,0.1,10,1e-12,width,0.0,3,d_eff,21.30090592262989,,95.122
dc_cnn28,sweep_all,Deep Contractive,CNN,synthetic,dist,200,uniform_only,0.1,10,1e-12,width,0.0,3,g_ibp,0.9867621292353126,,0.048
dc_cnn28,sweep_all,Deep Contractive,CNN,synthetic,dist,200,uniform_only,0.1,10,1e-12,width,0.0,4,margin_hat_min,8.553654670715332,,91.758
dc_cnn28,sweep_all,Deep Contractive,CNN,synthetic,dist,200,uniform_only,0.1,10,1e-12,width,0.0,4,d_eff,18.57630370494554,,91.758
dc_cnn28,sweep_all,Deep Contractive,CNN,synthetic,dist,200,uniform_only,0.1,10,1e-12,width,0.0,4,g_ibp,0.9867621617058286,,0.025
dc_cnn28,sweep_all,Deep Contractive,CNN,synthetic,dist,200,uniform_only,0.1,10,1e-12,width,0.0,5,margin_hat_min,8.553643226623535,,91.155
dc_cnn28,sweep_all,Deep Contractive,CNN,synthetic,dist,200,uniform_only,0.1,10,1e-12,width,0.0,5,d_eff,18.556164447338055,,91.155
dc_cnn28,sweep_all,Deep Contractive,CNN,synthetic,dist,200,uniform_only,0.1,10,1e-12,width,0.0,5,g_ibp,0.9867621439946578,,0.053
dc_cnn28,sweep_all,Deep Contractive,CNN,synthetic,dist,200,uniform_only,0.1,10,1e-12,width,0.0,6,margin_hat_min,8.553638458251953,,89.207
dc_cnn28,sweep_all,Deep Contractive,CNN,synthetic,dist,200,uniform_only,0.1,10,1e-12,width,0.0,6,d_eff,18.311295957919334,,89.207
dc_cnn28,sweep_all,Deep Contractive,CNN,synthetic,dist,200,uniform_only,0.1,10,1e-12,width,0.0,6,g_ibp,0.9867621366149893,,0.081
dc_cnn28,sweep_all,Deep Contractive,CNN,synthetic,dist,200,uniform_only,0.1,10,1e-12,width,0.0,7,margin_hat_min,8.553628921508789,,110.256
dc_cnn28,sweep_all,Deep Contractive,CNN,synthetic,dist,200,uniform_only,0.1,10,1e-12,width,0.0,7,d_eff,19.974402985346234,,110.256
dc_cnn28,sweep_all,Deep Contractive,CNN,synthetic,dist,200,uniform_only,0.1,10,1e-12,width,0.0,7,g_ibp,0.9867621218556276,,0.043
dc_cnn28,sweep_all,Deep Contractive,CNN,synthetic,dist,200,boundary_only,0.1,10,1e-12,width,0.0,0,margin_hat_min,8.553594589233398,,89.1
dc_cnn28,sweep_all,Deep Contractive,CNN,synthetic,dist,200,boundary_only,0.1,10,1e-12,width,0.0,0,d_eff,19.018218798056367,,89.1
dc_cnn28,sweep_all,Deep Contractive,CNN,synthetic,dist,200,boundary_only,0.1,10,1e-12,width,0.0,0,g_ibp,0.986762068721653,,0.095
dc_cnn28,sweep_all,Deep Contractive,CNN,synthetic,dist,200,boundary_only,0.1,10,1e-12,width,0.0,1,margin_hat_min,8.553608894348145,,97.727
dc_cnn28,sweep_all,Deep Contractive,CNN,synthetic,dist,200,boundary_only,0.1,10,1e-12,width,0.0,1,d_eff,19.72749821861004,,97.727
dc_cnn28,sweep_all,Deep Contractive,CNN,synthetic,dist,200,boundary_only,0.1,10,1e-12,width,0.0,1,g_ibp,0.9867620908608609,,0.103
dc_cnn28,sweep_all,Deep Contractive,CNN,synthetic,dist,200,boundary_only,0.1,10,1e-12,width,0.0,2,margin_hat_min,8.553613662719727,,90.469
dc_cnn28,sweep_all,Deep Contractive,CNN,synthetic,dist,200,boundary_only,0.1,10,1e-12,width,0.0,2,d_eff,20.56172374220751,,90.469
dc_cnn28,sweep_all,Deep Contractive,CNN,synthetic,dist,200,boundary_only,0.1,10,1e-12,width,0.0,2,g_ibp,0.9867620982405804,,0.009
dc_cnn28,sweep_all,Deep Contractive,CNN,synthetic,dist,200,boundary_only,0.1,10,1e-12,width,0.0,3,margin_hat_min,8.553633689880371,,71.701
dc_cnn28,sweep_all,Deep Contractive,CNN,synthetic,dist,200,boundary_only,0.1,10,1e-12,width,0.0,3,d_eff,19.796950999883183,,71.701
dc_cnn28,sweep_all,Deep Contractive,CNN,synthetic,dist,200,boundary_only,0.1,10,1e-12,width,0.0,3,g_ibp,0.9867621292353126,,0.016
dc_cnn28,sweep_all,Deep Contractive,CNN,synthetic,dist,200,boundary_only,0.1,10,1e-12,width,0.0,4,margin_hat_min,8.553614616394043,,106.38
dc_cnn28,sweep_all,Deep Contractive,CNN,synthetic,dist,200,boundary_only,0.1,10,1e-12,width,0.0,4,d_eff,18.933438343911686,,106.38
dc_cnn28,sweep_all,Deep Contractive,CNN,synthetic,dist,200,boundary_only,0.1,10,1e-12,width,0.0,4,g_ibp,0.9867620997165233,,0.099
dc_cnn28,sweep_all,Deep Contractive,CNN,synthetic,dist,200,boundary_only,0.1,10,1e-12,width,0.0,5,margin_hat_min,8.553571701049805,,109.772
dc_cnn28,sweep_all,Deep Contractive,CNN,synthetic,dist,200,boundary_only,0.1,10,1e-12,width,0.0,5,d_eff,19.548291200478687,,109.772
dc_cnn28,sweep_all,Deep Contractive,CNN,synthetic,dist,200,boundary_only,0.1,10,1e-12,width,0.0,5,g_ibp,0.9867620332987662,,0.103
dc_cnn28,sweep_all,Deep Contractive,CNN,synthetic,dist,200,boundary_only,0.1,10,1e-12,width,0.0,6,margin_hat_min,8.553621292114258,,103.06
dc_cnn28,sweep_all,Deep Contractive,CNN,synthetic,dist,200,boundary_only,0.1,10,1e-12,width,0.0,6,d_eff,19.538975614025997,,103.06
dc_cnn28,sweep_all,Deep Contractive,CNN,synthetic,dist,200,boundary_only,0.1,10,1e-12,width,0.0,6,g_ibp,0.9867621100481145,,0.051
dc_cnn28,sweep_all,Deep Contractive,CNN,synthetic,dist,200,boundary_only,0.1,10,1e-12,width,0.0,7,margin_hat_min,8.553620338439941,,103.729
dc_cnn28,sweep_all,Deep Contractive,CNN,synthetic,dist,200,boundary_only,0.1,10,1e-12,width,0.0,7,d_eff,20.523107340084344,,103.729
dc_cnn28,sweep_all,Deep Contractive,CNN,synthetic,dist,200,boundary_only,0.1,10,1e-12,width,0.0,7,g_ibp,0.986762108572174,,0.095
dc_cnn28,sweep_all,Deep Contractive,CNN,synthetic,dist,200,current_mixture,0.1,10,1e-12,width,0.0,0,margin_hat_min,8.5535888671875,,141.321
dc_cnn28,sweep_all,Deep Contractive,CNN,synthetic,dist,200,current_mixture,0.1,10,1e-12,width,0.0,0,d_eff,19.842890919383866,,141.321
dc_cnn28,sweep_all,Deep Contractive,CNN,synthetic,dist,200,current_mixture,0.1,10,1e-12,width,0.0,0,g_ibp,0.986762059865949,,0.055
dc_cnn28,sweep_all,Deep Contractive,CNN,synthetic,dist,200,current_mixture,0.1,10,1e-12,width,0.0,1,margin_hat_min,8.553592681884766,,105.762
dc_cnn28,sweep_all,Deep Contractive,CNN,synthetic,dist,200,current_mixture,0.1,10,1e-12,width,0.0,1,d_eff,19.36990962303119,,105.762
dc_cnn28,sweep_all,Deep Contractive,CNN,synthetic,dist,200,current_mixture,0.1,10,1e-12,width,0.0,1,g_ibp,0.986762065769753,,0.095
dc_cnn28,sweep_all,Deep Contractive,CNN,synthetic,dist,200,current_mixture,0.1,10,1e-12,width,0.0,2,margin_hat_min,8.553597450256348,,118.659
dc_cnn28,sweep_all,Deep Contractive,CNN,synthetic,dist,200,current_mixture,0.1,10,1e-12,width,0.0,2,d_eff,17.92138321584736,,118.659
dc_cnn28,sweep_all,Deep Contractive,CNN,synthetic,dist,200,current_mixture,0.1,10,1e-12,width,0.0,2,g_ibp,0.9867620731495005,,0.091
dc_cnn28,sweep_all,Deep Contractive,CNN,synthetic,dist,200,current_mixture,0.1,10,1e-12,width,0.0,3,margin_hat_min,8.553604125976562,,105.425
dc_cnn28,sweep_all,Deep Contractive,CNN,synthetic,dist,200,current_mixture,0.1,10,1e-12,width,0.0,3,d_eff,20.284407438817894,,105.425
dc_cnn28,sweep_all,Deep Contractive,CNN,synthetic,dist,200,current_mixture,0.1,10,1e-12,width,0.0,3,g_ibp,0.9867620834811331,,0.007
dc_cnn28,sweep_all,Deep Contractive,CNN,synthetic,dist,200,current_mixture,0.1,10,1e-12,width,0.0,4,margin_hat_min,8.553574562072754,,120.017
dc_cnn28,sweep_all,Deep Contractive,CNN,synthetic,dist,200,current_mixture,0.1,10,1e-12,width,0.0,4,d_eff,18.128588970840795,,120.017
dc_cnn28,sweep_all,Deep Contractive,CNN,synthetic,dist,200,current_mixture,0.1,10,1e-12,width,0.0,4,g_ibp,0.9867620377266374,,0.084
dc_cnn28,sweep_all,Deep Contractive,CNN,synthetic,dist,200,current_mixture,0.1,10,1e-12,width,0.0,5,margin_hat_min,8.553603172302246,,101.007
dc_cnn28,sweep_all,Deep Contractive,CNN,synthetic,dist,200,current_mixture,0.1,10,1e-12,width,0.0,5,d_eff,18.388059238962033,,101.007
dc_cnn28,sweep_all,Deep Contractive,CNN,synthetic,dist,200,current_mixture,0.1,10,1e-12,width,0.0,5,g_ibp,0.9867620820051866,,0.036
dc_cnn28,sweep_all,Deep Contractive,CNN,synthetic,dist,200,current_mixture,0.1,10,1e-12,width,0.0,6,margin_hat_min,8.553585052490234,,119.431
dc_cnn28,sweep_all,Deep Contractive,CNN,synthetic,dist,200,current_mixture,0.1,10,1e-12,width,0.0,6,d_eff,19.666129742384427,,119.431
dc_cnn28,sweep_all,Deep Contractive,CNN,synthetic,dist,200,current_mixture,0.1,10,1e-12,width,0.0,6,g_ibp,0.9867620539621399,,0.077
dc_cnn28,sweep_all,Deep Contractive,CNN,synthetic,dist,200,current_mixture,0.1,10,1e-12,width,0.0,7,margin_hat_min,8.553600311279297,,74.307
dc_cnn28,sweep_all,Deep Contractive,CNN,synthetic,dist,200,current_mixture,0.1,10,1e-12,width,0.0,7,d_eff,19.448898220406523,,74.307
dc_cnn28,sweep_all,Deep Contractive,CNN,synthetic,dist,200,current_mixture,0.1,10,1e-12,width,0.0,7,g_ibp,0.986762077577345,,0.065
dc_cnn28,sweep_all,Deep Contractive,CNN,synthetic,dist,200,pgd_heavy,0.1,10,1e-12,width,0.0,0,margin_hat_min,8.553579330444336,,182.899
dc_cnn28,sweep_all,Deep Contractive,CNN,synthetic,dist,200,pgd_heavy,0.1,10,1e-12,width,0.0,0,d_eff,16.53208698914485,,182.899
dc_cnn28,sweep_all,Deep Contractive,CNN,synthetic,dist,200,pgd_heavy,0.1,10,1e-12,width,0.0,0,g_ibp,0.9867620451064162,,0.137
dc_cnn28,sweep_all,Deep Contractive,CNN,synthetic,dist,200,pgd_heavy,0.1,10,1e-12,width,0.0,1,margin_hat_min,8.553585052490234,,233.652
dc_cnn28,sweep_all,Deep Contractive,CNN,synthetic,dist,200,pgd_heavy,0.1,10,1e-12,width,0.0,1,d_eff,14.95644042856901,,233.652
dc_cnn28,sweep_all,Deep Contractive,CNN,synthetic,dist,200,pgd_heavy,0.1,10,1e-12,width,0.0,1,g_ibp,0.9867620539621399,,0.103
dc_cnn28,sweep_all,Deep Contractive,CNN,synthetic,dist,200,pgd_heavy,0.1,10,1e-12,width,0.0,2,margin_hat_min,8.55357551574707,,156.844
dc_cnn28,sweep_all,Deep Contractive,CNN,synthetic,dist,200,pgd_heavy,0.1,10,1e-12,width,0.0,2,d_eff,15.388751903045556,,156.844
dc_cnn28,sweep_all,Deep Contractive,CNN,synthetic,dist,200,pgd_heavy,0.1,10,1e-12,width,0.0,2,g_ibp,0.9867620392025939,,0.073
dc_cnn28,sweep_all,Deep Contractive,CNN,synthetic,dist,200,pgd_heavy,0.1,10,1e-12,width,0.0,3,margin_hat_min,8.553565979003906,,142.534
dc_cnn28,sweep_all,Deep Contractive,CNN,synthetic,dist,200,pgd_heavy,0.1,10,1e-12,width,0.0,3,d_eff,15.704862764583739,,142.534
dc_cnn28,sweep_all,Deep Contractive,CNN,synthetic,dist,200,pgd_heavy,0.1,10,1e-12,width,0.0,3,g_ibp,0.986762024443015,,0.09
dc_cnn28,sweep_all,Deep Contractive,CNN,synthetic,dist,200,pgd_heavy,0.1,10,1e-12,width,0.0,4,margin_hat_min,8.553574562072754,,208.309
dc_cnn28,sweep_all,Deep Contractive,CNN,synthetic,dist,200,pgd_heavy,0.1,10,1e-12,width,0.0,4,d_eff,17.246606409442407,,208.309
dc_cnn28,sweep_all,Deep Contractive,CNN,synthetic,dist,200,pgd_heavy,0.1,10,1e-12,width,0.0,4,g_ibp,0.9867620377266374,,0.06
dc_cnn28,sweep_all,Deep Contractive,CNN,synthetic,dist,200,pgd_heavy,0.1,10,1e-12,width,0.0,5,margin_hat_min,8.553587913513184,,147.148
dc_cnn28,sweep_all,Deep Contractive,CNN,synthetic,dist,200,pgd_heavy,0.1,10,1e-12,width,0.0,5,d_eff,16.104406051204517,,147.148
dc_cnn28,sweep_all,Deep Contractive,CNN,synthetic,dist,200,pgd_heavy,0.1,10,1e-12,width,0.0,5,g_ibp,0.9867620583899972,,0.08
dc_cnn28,sweep_all,Deep Contractive,CNN,synthetic,dist,200,pgd_heavy,0.1,10,1e-12,width,0.0,6,margin_hat_min,8.553598403930664,,196.293
dc_cnn28,sweep_all,Deep Contractive,CNN,synthetic,dist,200,pgd_heavy,0.1,10,1e-12,width,0.0,6,d_eff,16.346126889763973,,196.293
dc_cnn28,sweep_all,Deep Contractive,CNN,synthetic,dist,200,pgd_heavy,0.1,10,1e-12,width,0.0,6,g_ibp,0.986762074625449,,0.055
dc_cnn28,sweep_all,Deep Contractive,CNN,synthetic,dist,200,pgd_heavy,0.1,10,1e-12,width,0.0,7,margin_hat_min,8.553580284118652,,153.112
dc_cnn28,sweep_all,Deep Contractive,CNN,synthetic,dist,200,pgd_heavy,0.1,10,1e-12,width,0.0,7,d_eff,16.212402269267574,,153.112
dc_cnn28,sweep_all,Deep Contractive,CNN,synthetic,dist,200,pgd_heavy,0.1,10,1e-12,width,0.0,7,g_ibp,0.986762046582371,,0.092
dc_cnn23,sweep_all,Deep Contractive,CNN,synthetic,dist,200,uniform_only,0.1,10,1e-12,width,0.0,0,margin_hat_min,10.468143463134766,,73.918
dc_cnn23,sweep_all,Deep Contractive,CNN,synthetic,dist,200,uniform_only,0.1,10,1e-12,width,0.0,0,d_eff,22.216093338666955,,73.918
dc_cnn23,sweep_all,Deep Contractive,CNN,synthetic,dist,200,uniform_only,0.1,10,1e-12,width,0.0,0,g_ibp,0.9850381495244782,,0.037
dc_cnn23,sweep_all,Deep Contractive,CNN,synthetic,dist,200,uniform_only,0.1,10,1e-12,width,0.0,1,margin_hat_min,10.468133926391602,,78.147
dc_cnn23,sweep_all,Deep Contractive,CNN,synthetic,dist,200,uniform_only,0.1,10,1e-12,width,0.0,1,d_eff,22.578205989956707,,78.147
dc_cnn23,sweep_all,Deep Contractive,CNN,synthetic,dist,200,uniform_only,0.1,10,1e-12,width,0.0,1,g_ibp,0.985038135893842,,0.06
dc_cnn23,sweep_all,Deep Contractive,CNN,synthetic,dist,200,uniform_only,0.1,10,1e-12,width,0.0,2,margin_hat_min,10.468130111694336,,69.993
dc_cnn23,sweep_all,Deep Contractive,CNN,synthetic,dist,200,uniform_only,0.1,10,1e-12,width,0.0,2,d_eff,22.992555569235034,,69.993
dc_cnn23,sweep_all,Deep Contractive,CNN,synthetic,dist,200,uniform_only,0.1,10,1e-12,width,0.0,2,g_ibp,0.9850381304415806,,0.064
dc_cnn23,sweep_all,Deep Contractive,CNN,synthetic,dist,200,uniform_only,0.1,10,1e-12,width,0.0,3,margin_hat_min,10.468144416809082,,104.09
dc_cnn23,sweep_all,Deep Contractive,CNN,synthetic,dist,200,uniform_only,0.1,10,1e-12,width,0.0,3,d_eff,23.18531916824663,,104.09
dc_cnn23,sweep_all,Deep Contractive,CNN,synthetic,dist,200,uniform_only,0.1,10,1e-12,width,0.0,3,g_ibp,0.9850381508875405,,0.055
dc_cnn23,sweep_all,Deep Contractive,CNN,synthetic,dist,200,uniform_only,0.1,10,1e-12,width,0.0,4,margin_hat_min,10.468151092529297,,103.9
dc_cnn23,sweep_all,Deep Contractive,CNN,synthetic,dist,200,uniform_only,0.1,10,1e-12,width,0.0,4,d_eff,23.31578282134764,,103.9
dc_cnn23,sweep_all,Deep Contractive,CNN,synthetic,dist,200,uniform_only,0.1,10,1e-12,width,0.0,4,g_ibp,0.9850381604289693,,0.051
dc_cnn23,sweep_all,Deep Contractive,CNN,synthetic,dist,200,uniform_only,0.1,10,1e-12,width,0.0,5,margin_hat_min,10.46814250946045,,59.493
dc_cnn23,sweep_all,Deep Contractive,CNN,synthetic,dist,200,uniform_only,0.1,10,1e-12,width,0.0,5,d_eff,23.579227283760233,,59.493
dc_cnn23,sweep_all,Deep Contractive,CNN,synthetic,dist,200,uniform_only,0.1,10,1e-12,width,0.0,5,g_ibp,0.9850381481614158,,0.053
dc_cnn23,sweep_all,Deep Contractive,CNN,synthetic,dist,200,uniform_only,0.1,10,1e-12,width,0.0,6,margin_hat_min,10.468146324157715,,108.526
dc_cnn23,sweep_all,Deep Contractive,CNN,synthetic,dist,200,uniform_only,0.1,10,1e-12,width,0.0,6,d_eff,22.633143659137666,,108.526
dc_cnn23,sweep_all,Deep Contractive,CNN,synthetic,dist,200,uniform_only,0.1,10,1e-12,width,0.0,6,g_ibp,0.9850381536136643,,0.103
dc_cnn23,sweep_all,Deep Contractive,CNN,synthetic,dist,200,uniform_only,0.1,10,1e-12,width,0.0,7,margin_hat_min,10.468145370483398,,100.748
dc_cnn23,sweep_all,Deep Contractive,CNN,synthetic,dist,200,uniform_only,0.1,10,1e-12,width,0.0,7,d_eff,23.330990483810933,,100.748
dc_cnn23,sweep_all,Deep Contractive,CNN,synthetic,dist,200,uniform_only,0.1,10,1e-12,width,0.0,7,g_ibp,0.9850381522506025,,0.103
dc_cnn23,sweep_all,Deep Contractive,CNN,synthetic,dist,200,boundary_only,0.1,10,1e-12,width,0.0,0,margin_hat_min,10.468119621276855,,98.369
dc_cnn23,sweep_all,Deep Contractive,CNN,synthetic,dist,200,boundary_only,0.1,10,1e-12,width,0.0,0,d_eff,23.549596755747316,,98.369
dc_cnn23,sweep_all,Deep Contractive,CNN,synthetic,dist,200,boundary_only,0.1,10,1e-12,width,0.0,0,g_ibp,0.9850381154478411,,0.081
dc_cnn23,sweep_all,Deep Contractive,CNN,synthetic,dist,200,boundary_only,0.1,10,1e-12,width,0.0,1,margin_hat_min,10.468094825744629,,77.8
dc_cnn23,sweep_all,Deep Contractive,CNN,synthetic,dist,200,boundary_only,0.1,10,1e-12,width,0.0,1,d_eff,25.82173503211116,,77.8
dc_cnn23,sweep_all,Deep Contractive,CNN,synthetic,dist,200,boundary_only,0.1,10,1e-12,width,0.0,1,g_ibp,0.985038080007974,,0.047
dc_cnn23,sweep_all,Deep Contractive,CNN,synthetic,dist,200,boundary_only,0.1,10,1e-12,width,0.0,2,margin_hat_min,10.468128204345703,,82.502
dc_cnn23,sweep_all,Deep Contractive,CNN,synthetic,dist,200,boundary_only,0.1,10,1e-12,width,0.0,2,d_eff,22.232525499308046,,82.502
dc_cnn23,sweep_all,Deep Contractive,CNN,synthetic,dist,200,boundary_only,0.1,10,1e-12,width,0.0,2,g_ibp,0.9850381277154484,,0.053
dc_cnn23,sweep_all,Deep Contractive,CNN,synthetic,dist,200,boundary_only,0.1,10,1e-12,width,0.0,3,margin_hat_min,10.468107223510742,,91.305
dc_cnn23,sweep_all,Deep Contractive,CNN,synthetic,dist,200,boundary_only,0.1,10,1e-12,width,0.0,3,d_eff,24.354858302663718,,91.305
dc_cnn23,sweep_all,Deep Contractive,CNN,synthetic,dist,200,boundary_only,0.1,10,1e-12,width,0.0,3,g_ibp,0.9850380977279286,,0.077
dc_cnn23,sweep_all,Deep Contractive,CNN,synthetic,dist,200,boundary_only,0.1,10,1e-12,width,0.0,4,margin_hat_min,10.46807861328125,,86.221
dc_cnn23,sweep_all,Deep Contractive,CNN,synthetic,dist,200,boundary_only,0.1,10,1e-12,width,0.0,4,d_eff,23.06307895528915,,86.221
dc_cnn23,sweep_all,Deep Contractive,CNN,synthetic,dist,200,boundary_only,0.1,10,1e-12,width,0.0,4,g_ibp,0.9850380568356624,,0.145
dc_cnn23,sweep_all,Deep Contractive,CNN,synthetic,dist,200,boundary_only,0.1,10,1e-12,width,0.0,5,margin_hat_min,10.468135833740234,,97.456
dc_cnn23,sweep_all,Deep Contractive,CNN,synthetic,dist,200,boundary_only,0.1,10,1e-12,width,0.0,5,d_eff,22.32514901698203,,97.456
dc_cnn23,sweep_all,Deep Contractive,CNN,synthetic,dist,200,boundary_only,0.1,10,1e-12,width,0.0,5,g_ibp,0.9850381386199712,,0.081
dc_cnn23,sweep_all,Deep Contractive,CNN,synthetic,dist,200,boundary_only,0.1,10,1e-12,width,0.0,6,margin_hat_min,10.468116760253906,,98.585
dc_cnn23,sweep_all,Deep Contractive,CNN,synthetic,dist,200,boundary_only,0.1,10,1e-12,width,0.0,6,d_eff,21.913627394346033,,98.585
dc_cnn23,sweep_all,Deep Contractive,CNN,synthetic,dist,200,boundary_only,0.1,10,1e-12,width,0.0,6,g_ibp,0.9850381113586343,,0.121
dc_cnn23,sweep_all,Deep Contractive,CNN,synthetic,dist,200,boundary_only,0.1,10,1e-12,width,0.0,7,margin_hat_min,10.468125343322754,,97.658
dc_cnn23,sweep_all,Deep Contractive,CNN,synthetic,dist,200,boundary_only,0.1,10,1e-12,width,0.0,7,d_eff,23.45785691693033,,97.658
dc_cnn23,sweep_all,Deep Contractive,CNN,synthetic,dist,200,boundary_only,0.1,10,1e-12,width,0.0,7,g_ibp,0.9850381236262482,,0.081
dc_cnn23,sweep_all,Deep Contractive,CNN,synthetic,dist,200,current_mixture,0.1,10,1e-12,width,0.0,0,margin_hat_min,10.468109130859375,,119.25
dc_cnn23,sweep_all,Deep Contractive,CNN,synthetic,dist,200,current_mixture,0.1,10,1e-12,width,0.0,0,d_eff,21.000700908163196,,119.25
dc_cnn23,sweep_all,Deep Contractive,CNN,synthetic,dist,200,current_mixture,0.1,10,1e-12,width,0.0,0,g_ibp,0.9850381004540717,,0.096
dc_cnn23,sweep_all,Deep Contractive,CNN,synthetic,dist,200,current_mixture,0.1,10,1e-12,width,0.0,1,margin_hat_min,10.468103408813477,,117.917
dc_cnn23,sweep_all,Deep Contractive,CNN,synthetic,dist,200,current_mixture,0.1,10,1e-12,width,0.0,1,d_eff,22.794493229607752,,117.917
dc_cnn23,sweep_all,Deep Contractive,CNN,synthetic,dist,200,current_mixture,0.1,10,1e-12,width,0.0,1,g_ibp,0.9850380922756393,,0.031
dc_cnn23,sweep_all,Deep Contractive,CNN,synthetic,dist,200,current_mixture,0.1,10,1e-12,width,0.0,2,margin_hat_min,10.468119621276855,,124.756
dc_cnn23,sweep_all,Deep Contractive,CNN,synthetic,dist,200,current_mixture,0.1,10,1e-12,width,0.0,2,d_eff,22.35422554556627,,124.756
dc_cnn23,sweep_all,Deep Contractive,CNN,synthetic,dist,200,current_mixture,0.1,10,1e-12,width,0.0,2,g_ibp,0.9850381154478411,,0.064
dc_cnn23,sweep_all,Deep Contractive,CNN,synthetic,dist,200,current_mixture,0.1,10,1e-12,width,0.0,3,margin_hat_min,10.468116760253906,,114.583
dc_cnn23,sweep_all,Deep Contractive,CNN,synthetic,dist,200,current_mixture,0.1,10,1e-12,width,0.0,3,d_eff,21.133870898999657,,114.583
dc_cnn23,sweep_all,Deep Contractive,CNN,synthetic,dist,200,current_mixture,0.1,10,1e-12,width,0.0,3,g_ibp,0.9850381113586343,,0.049
dc_cnn23,sweep_all,Deep Contractive,CNN,synthetic,dist,200,current_mixture,0.1,10,1e-12,width,0.0,4,margin_hat_min,10.468124389648438,,116.652
dc_cnn23,sweep_all,Deep Contractive,CNN,synthetic,dist,200,current_mixture,0.1,10,1e-12,width,0.0,4,d_eff,22.102930865028792,,116.652
dc_cnn23,sweep_all,Deep Contractive,CNN,synthetic,dist,200,current_mixture,0.1,10,1e-12,width,0.0,4,g_ibp,0.985038122263181,,0.06
dc_cnn23,sweep_all,Deep Contractive,CNN,synthetic,dist,200,current_mixture,0.1,10,1e-12,width,0.0,5,margin_hat_min,10.46811580657959,,139.992
dc_cnn23,sweep_all,Deep Contractive,CNN,synthetic,dist,200,current_mixture,0.1,10,1e-12,width,0.0,5,d_eff,22.119019880450047,,139.992
dc_cnn23,sweep_all,Deep Contractive,CNN,synthetic,dist,200,current_mixture,0.1,10,1e-12,width,0.0,5,g_ibp,0.9850381099955648,,0.095
dc_cnn23,sweep_all,Deep Contractive,CNN,synthetic,dist,200,current_mixture,0.1,10,1e-12,width,0.0,6,margin_hat_min,10.468111991882324,,143.909
dc_cnn23,sweep_all,Deep Contractive,CNN,synthetic,dist,200,current_mixture,0.1,10,1e-12,width,0.0,6,d_eff,21.982887502691646,,143.909
dc_cnn23,sweep_all,Deep Contractive,CNN,synthetic,dist,200,current_mixture,0.1,10,1e-12,width,0.0,6,g_ibp,0.9850381045432846,,0.099
dc_cnn23,sweep_all,Deep Contractive,CNN,synthetic,dist,200,current_mixture,0.1,10,1e-12,width,0.0,7,margin_hat_min,10.468122482299805,,141.782
dc_cnn23,sweep_all,Deep Contractive,CNN,synthetic,dist,200,current_mixture,0.1,10,1e-12,width,0.0,7,d_eff,23.110533202712485,,141.782
dc_cnn23,sweep_all,Deep Contractive,CNN,synthetic,dist,200,current_mixture,0.1,10,1e-12,width,0.0,7,g_ibp,0.9850381195370458,,0.095
dc_cnn23,sweep_all,Deep Contractive,CNN,synthetic,dist,200,pgd_heavy,0.1,10,1e-12,width,0.0,0,margin_hat_min,10.468095779418945,,190.116
dc_cnn23,sweep_all,Deep Contractive,CNN,synthetic,dist,200,pgd_heavy,0.1,10,1e-12,width,0.0,0,d_eff,21.67516769773755,,190.116
dc_cnn23,sweep_all,Deep Contractive,CNN,synthetic,dist,200,pgd_heavy,0.1,10,1e-12,width,0.0,0,g_ibp,0.9850380813710489,,0.077
dc_cnn23,sweep_all,Deep Contractive,CNN,synthetic,dist,200,pgd_heavy,0.1,10,1e-12,width,0.0,1,margin_hat_min,10.468093872070312,,224.674
dc_cnn23,sweep_all,Deep Contractive,CNN,synthetic,dist,200,pgd_heavy,0.1,10,1e-12,width,0.0,1,d_eff,21.736761944529587,,224.674
dc_cnn23,sweep_all,Deep Contractive,CNN,synthetic,dist,200,pgd_heavy,0.1,10,1e-12,width,0.0,1,g_ibp,0.9850380786448988,,0.079
dc_cnn23,sweep_all,Deep Contractive,CNN,synthetic,dist,200,pgd_heavy,0.1,10,1e-12,width,0.0,2,margin_hat_min,10.468109130859375,,198.466
dc_cnn23,sweep_all,Deep Contractive,CNN,synthetic,dist,200,pgd_heavy,0.1,10,1e-12,width,0.0,2,d_eff,21.441753824167588,,198.466
dc_cnn23,sweep_all,Deep Contractive,CNN,synthetic,dist,200,pgd_heavy,0.1,10,1e-12,width,0.0,2,g_ibp,0.9850381004540717,,0.085
dc_cnn23,sweep_all,Deep Contractive,CNN,synthetic,dist,200,pgd_heavy,0.1,10,1e-12,width,0.0,3,margin_hat_min,10.468106269836426,,191.378
dc_cnn23,sweep_all,Deep Contractive,CNN,synthetic,dist,200,pgd_heavy,0.1,10,1e-12,width,0.0,3,d_eff,20.808649634296934,,191.378
dc_cnn23,sweep_all,Deep Contractive,CNN,synthetic,dist,200,pgd_heavy,0.1,10,1e-12,width,0.0,3,g_ibp,0.9850380963648566,,0.08
dc_cnn23,sweep_all,Deep Contractive,CNN,synthetic,dist,200,pgd_heavy,0.1,10,1e-12,width,0.0,4,margin_hat_min,10.468107223510742,,195.685
dc_cnn23,sweep_all,Deep Contractive,CNN,synthetic,dist,200,pgd_heavy,0.1,10,1e-12,width,0.0,4,d_eff,22.0174189342602,,195.685
dc_cnn23,sweep_all,Deep Contractive,CNN,synthetic,dist,200,pgd_heavy,0.1,10,1e-12,width,0.0,4,g_ibp,0.9850380977279286,,0.073
dc_cnn23,sweep_all,Deep Contractive,CNN,synthetic,dist,200,pgd_heavy,0.1,10,1e-12,width,0.0,5,margin_hat_min,10.468111038208008,,170.349
dc_cnn23,sweep_all,Deep Contractive,CNN,synthetic,dist,200,pgd_heavy,0.1,10,1e-12,width,0.0,5,d_eff,22.419857777463083,,170.349
dc_cnn23,sweep_all,Deep Contractive,CNN,synthetic,dist,200,pgd_heavy,0.1,10,1e-12,width,0.0,5,g_ibp,0.9850381031802138,,0.101
dc_cnn23,sweep_all,Deep Contractive,CNN,synthetic,dist,200,pgd_heavy,0.1,10,1e-12,width,0.0,6,margin_hat_min,10.468118667602539,,174.216
dc_cnn23,sweep_all,Deep Contractive,CNN,synthetic,dist,200,pgd_heavy,0.1,10,1e-12,width,0.0,6,d_eff,21.66623380106391,,174.216
dc_cnn23,sweep_all,Deep Contractive,CNN,synthetic,dist,200,pgd_heavy,0.1,10,1e-12,width,0.0,6,g_ibp,0.9850381140847725,,0.055
dc_cnn23,sweep_all,Deep Contractive,CNN,synthetic,dist,200,pgd_heavy,0.1,10,1e-12,width,0.0,7,margin_hat_min,10.468087196350098,,189.764
dc_cnn23,sweep_all,Deep Contractive,CNN,synthetic,dist,200,pgd_heavy,0.1,10,1e-12,width,0.0,7,d_eff,21.140814056885294,,189.764
dc_cnn23,sweep_all,Deep Contractive,CNN,synthetic,dist,200,pgd_heavy,0.1,10,1e-12,width,0.0,7,g_ibp,0.9850380691033657,,0.076
dc_cnn29,sweep_all,Deep Contractive,CNN,synthetic,dist,200,uniform_only,0.1,10,1e-12,width,0.0,0,margin_hat_min,8.55363655090332,,91.729
dc_cnn29,sweep_all,Deep Contractive,CNN,synthetic,dist,200,uniform_only,0.1,10,1e-12,width,0.0,0,d_eff,20.160743932364937,,91.729
dc_cnn29,sweep_all,Deep Contractive,CNN,synthetic,dist,200,uniform_only,0.1,10,1e-12,width,0.0,0,g_ibp,0.9867621336631196,,0.113
dc_cnn29,sweep_all,Deep Contractive,CNN,synthetic,dist,200,uniform_only,0.1,10,1e-12,width,0.0,1,margin_hat_min,8.553641319274902,,75.979
dc_cnn29,sweep_all,Deep Contractive,CNN,synthetic,dist,200,uniform_only,0.1,10,1e-12,width,0.0,1,d_eff,18.88815282167263,,75.979
dc_cnn29,sweep_all,Deep Contractive,CNN,synthetic,dist,200,uniform_only,0.1,10,1e-12,width,0.0,1,g_ibp,0.9867621410427914,,0.02
dc_cnn29,sweep_all,Deep Contractive,CNN,synthetic,dist,200,uniform_only,0.1,10,1e-12,width,0.0,2,margin_hat_min,8.553627014160156,,94.348
dc_cnn29,sweep_all,Deep Contractive,CNN,synthetic,dist,200,uniform_only,0.1,10,1e-12,width,0.0,2,d_eff,19.54386194516574,,94.348
dc_cnn29,sweep_all,Deep Contractive,CNN,synthetic,dist,200,uniform_only,0.1,10,1e-12,width,0.0,2,g_ibp,0.9867621189037513,,0.081
dc_cnn29,sweep_all,Deep Contractive,CNN,synthetic,dist,200,uniform_only,0.1,10,1e-12,width,0.0,3,margin_hat_min,8.553633689880371,,85.761
dc_cnn29,sweep_all,Deep Contractive,CNN,synthetic,dist,200,uniform_only,0.1,10,1e-12,width,0.0,3,d_eff,21.30090592262989,,85.761
dc_cnn29,sweep_all,Deep Contractive,CNN,synthetic,dist,200,uniform_only,0.1,10,1e-12,width,0.0,3,g_ibp,0.9867621292353126,,0.118
dc_cnn29,sweep_all,Deep Contractive,CNN,synthetic,dist,200,uniform_only,0.1,10,1e-12,width,0.0,4,margin_hat_min,8.553654670715332,,70.876
dc_cnn29,sweep_all,Deep Contractive,CNN,synthetic,dist,200,uniform_only,0.1,10,1e-12,width,0.0,4,d_eff,18.57630370494554,,70.876
dc_cnn29,sweep_all,Deep Contractive,CNN,synthetic,dist,200,uniform_only,0.1,10,1e-12,width,0.0,4,g_ibp,0.9867621617058286,,0.109
dc_cnn29,sweep_all,Deep Contractive,CNN,synthetic,dist,200,uniform_only,0.1,10,1e-12,width,0.0,5,margin_hat_min,8.553643226623535,,85.034
dc_cnn29,sweep_all,Deep Contractive,CNN,synthetic,dist,200,uniform_only,0.1,10,1e-12,width,0.0,5,d_eff,18.556164447338055,,85.034
dc_cnn29,sweep_all,Deep Contractive,CNN,synthetic,dist,200,uniform_only,0.1,10,1e-12,width,0.0,5,g_ibp,0.9867621439946578,,0.036
dc_cnn29,sweep_all,Deep Contractive,CNN,synthetic,dist,200,uniform_only,0.1,10,1e-12,width,0.0,6,margin_hat_min,8.553638458251953,,85.973
dc_cnn29,sweep_all,Deep Contractive,CNN,synthetic,dist,200,uniform_only,0.1,10,1e-12,width,0.0,6,d_eff,18.311295957919334,,85.973
dc_cnn29,sweep_all,Deep Contractive,CNN,synthetic,dist,200,uniform_only,0.1,10,1e-12,width,0.0,6,g_ibp,0.9867621366149893,,0.081
dc_cnn29,sweep_all,Deep Contractive,CNN,synthetic,dist,200,uniform_only,0.1,10,1e-12,width,0.0,7,margin_hat_min,8.553628921508789,,83.163
dc_cnn29,sweep_all,Deep Contractive,CNN,synthetic,dist,200,uniform_only,0.1,10,1e-12,width,0.0,7,d_eff,19.974402985346234,,83.163
dc_cnn29,sweep_all,Deep Contractive,CNN,synthetic,dist,200,uniform_only,0.1,10,1e-12,width,0.0,7,g_ibp,0.9867621218556276,,0.073
dc_cnn29,sweep_all,Deep Contractive,CNN,synthetic,dist,200,boundary_only,0.1,10,1e-12,width,0.0,0,margin_hat_min,8.553594589233398,,86.917
dc_cnn29,sweep_all,Deep Contractive,CNN,synthetic,dist,200,boundary_only,0.1,10,1e-12,width,0.0,0,d_eff,19.018218798056367,,86.917
dc_cnn29,sweep_all,Deep Contractive,CNN,synthetic,dist,200,boundary_only,0.1,10,1e-12,width,0.0,0,g_ibp,0.986762068721653,,0.081
dc_cnn29,sweep_all,Deep Contractive,CNN,synthetic,dist,200,boundary_only,0.1,10,1e-12,width,0.0,1,margin_hat_min,8.553608894348145,,91.506
dc_cnn29,sweep_all,Deep Contractive,CNN,synthetic,dist,200,boundary_only,0.1,10,1e-12,width,0.0,1,d_eff,19.72749821861004,,91.506
dc_cnn29,sweep_all,Deep Contractive,CNN,synthetic,dist,200,boundary_only,0.1,10,1e-12,width,0.0,1,g_ibp,0.9867620908608609,,0.133
dc_cnn29,sweep_all,Deep Contractive,CNN,synthetic,dist,200,boundary_only,0.1,10,1e-12,width,0.0,2,margin_hat_min,8.553613662719727,,89.735
dc_cnn29,sweep_all,Deep Contractive,CNN,synthetic,dist,200,boundary_only,0.1,10,1e-12,width,0.0,2,d_eff,20.56172374220751,,89.735
dc_cnn29,sweep_all,Deep Contractive,CNN,synthetic,dist,200,boundary_only,0.1,10,1e-12,width,0.0,2,g_ibp,0.9867620982405804,,0.065
dc_cnn29,sweep_all,Deep Contractive,CNN,synthetic,dist,200,boundary_only,0.1,10,1e-12,width,0.0,3,margin_hat_min,8.553633689880371,,103.862
dc_cnn29,sweep_all,Deep Contractive,CNN,synthetic,dist,200,boundary_only,0.1,10,1e-12,width,0.0,3,d_eff,19.796950999883183,,103.862
dc_cnn29,sweep_all,Deep Contractive,CNN,synthetic,dist,200,boundary_only,0.1,10,1e-12,width,0.0,3,g_ibp,0.9867621292353126,,0.099
dc_cnn29,sweep_all,Deep Contractive,CNN,synthetic,dist,200,boundary_only,0.1,10,1e-12,width,0.0,4,margin_hat_min,8.553614616394043,,91.819
dc_cnn29,sweep_all,Deep Contractive,CNN,synthetic,dist,200,boundary_only,0.1,10,1e-12,width,0.0,4,d_eff,18.933438343911686,,91.819
dc_cnn29,sweep_all,Deep Contractive,CNN,synthetic,dist,200,boundary_only,0.1,10,1e-12,width,0.0,4,g_ibp,0.9867620997165233,,0.097
dc_cnn29,sweep_all,Deep Contractive,CNN,synthetic,dist,200,boundary_only,0.1,10,1e-12,width,0.0,5,margin_hat_min,8.553571701049805,,93.967
dc_cnn29,sweep_all,Deep Contractive,CNN,synthetic,dist,200,boundary_only,0.1,10,1e-12,width,0.0,5,d_eff,19.548291200478687,,93.967
dc_cnn29,sweep_all,Deep Contractive,CNN,synthetic,dist,200,boundary_only,0.1,10,1e-12,width,0.0,5,g_ibp,0.9867620332987662,,0.141
dc_cnn29,sweep_all,Deep Contractive,CNN,synthetic,dist,200,boundary_only,0.1,10,1e-12,width,0.0,6,margin_hat_min,8.553621292114258,,87.456
dc_cnn29,sweep_all,Deep Contractive,CNN,synthetic,dist,200,boundary_only,0.1,10,1e-12,width,0.0,6,d_eff,19.538975614025997,,87.456
dc_cnn29,sweep_all,Deep Contractive,CNN,synthetic,dist,200,boundary_only,0.1,10,1e-12,width,0.0,6,g_ibp,0.9867621100481145,,0.109
dc_cnn29,sweep_all,Deep Contractive,CNN,synthetic,dist,200,boundary_only,0.1,10,1e-12,width,0.0,7,margin_hat_min,8.553620338439941,,87.467
dc_cnn29,sweep_all,Deep Contractive,CNN,synthetic,dist,200,boundary_only,0.1,10,1e-12,width,0.0,7,d_eff,20.523107340084344,,87.467
dc_cnn29,sweep_all,Deep Contractive,CNN,synthetic,dist,200,boundary_only,0.1,10,1e-12,width,0.0,7,g_ibp,0.986762108572174,,0.077
dc_cnn29,sweep_all,Deep Contractive,CNN,synthetic,dist,200,current_mixture,0.1,10,1e-12,width,0.0,0,margin_hat_min,8.5535888671875,,122.738
dc_cnn29,sweep_all,Deep Contractive,CNN,synthetic,dist,200,current_mixture,0.1,10,1e-12,width,0.0,0,d_eff,19.842890919383866,,122.738
dc_cnn29,sweep_all,Deep Contractive,CNN,synthetic,dist,200,current_mixture,0.1,10,1e-12,width,0.0,0,g_ibp,0.986762059865949,,0.041
dc_cnn29,sweep_all,Deep Contractive,CNN,synthetic,dist,200,current_mixture,0.1,10,1e-12,width,0.0,1,margin_hat_min,8.553592681884766,,119.668
dc_cnn29,sweep_all,Deep Contractive,CNN,synthetic,dist,200,current_mixture,0.1,10,1e-12,width,0.0,1,d_eff,19.36990962303119,,119.668
dc_cnn29,sweep_all,Deep Contractive,CNN,synthetic,dist,200,current_mixture,0.1,10,1e-12,width,0.0,1,g_ibp,0.986762065769753,,0.097
dc_cnn29,sweep_all,Deep Contractive,CNN,synthetic,dist,200,current_mixture,0.1,10,1e-12,width,0.0,2,margin_hat_min,8.553597450256348,,118.72
dc_cnn29,sweep_all,Deep Contractive,CNN,synthetic,dist,200,current_mixture,0.1,10,1e-12,width,0.0,2,d_eff,17.92138321584736,,118.72
dc_cnn29,sweep_all,Deep Contractive,CNN,synthetic,dist,200,current_mixture,0.1,10,1e-12,width,0.0,2,g_ibp,0.9867620731495005,,0.063
dc_cnn29,sweep_all,Deep Contractive,CNN,synthetic,dist,200,current_mixture,0.1,10,1e-12,width,0.0,3,margin_hat_min,8.553604125976562,,119.665
dc_cnn29,sweep_all,Deep Contractive,CNN,synthetic,dist,200,current_mixture,0.1,10,1e-12,width,0.0,3,d_eff,20.284407438817894,,119.665
dc_cnn29,sweep_all,Deep Contractive,CNN,synthetic,dist,200,current_mixture,0.1,10,1e-12,width,0.0,3,g_ibp,0.9867620834811331,,0.055
dc_cnn29,sweep_all,Deep Contractive,CNN,synthetic,dist,200,current_mixture,0.1,10,1e-12,width,0.0,4,margin_hat_min,8.553574562072754,,118.641
dc_cnn29,sweep_all,Deep Contractive,CNN,synthetic,dist,200,current_mixture,0.1,10,1e-12,width,0.0,4,d_eff,18.128588970840795,,118.641
dc_cnn29,sweep_all,Deep Contractive,CNN,synthetic,dist,200,current_mixture,0.1,10,1e-12,width,0.0,4,g_ibp,0.9867620377266374,,0.055
dc_cnn29,sweep_all,Deep Contractive,CNN,synthetic,dist,200,current_mixture,0.1,10,1e-12,width,0.0,5,margin_hat_min,8.553603172302246,,110.457
dc_cnn29,sweep_all,Deep Contractive,CNN,synthetic,dist,200,current_mixture,0.1,10,1e-12,width,0.0,5,d_eff,18.388059238962033,,110.457
dc_cnn29,sweep_all,Deep Contractive,CNN,synthetic,dist,200,current_mixture,0.1,10,1e-12,width,0.0,5,g_ibp,0.9867620820051866,,0.051
dc_cnn29,sweep_all,Deep Contractive,CNN,synthetic,dist,200,current_mixture,0.1,10,1e-12,width,0.0,6,margin_hat_min,8.553585052490234,,114.978
dc_cnn29,sweep_all,Deep Contractive,CNN,synthetic,dist,200,current_mixture,0.1,10,1e-12,width,0.0,6,d_eff,19.666129742384427,,114.978
dc_cnn29,sweep_all,Deep Contractive,CNN,synthetic,dist,200,current_mixture,0.1,10,1e-12,width,0.0,6,g_ibp,0.9867620539621399,,0.042
dc_cnn29,sweep_all,Deep Contractive,CNN,synthetic,dist,200,current_mixture,0.1,10,1e-12,width,0.0,7,margin_hat_min,8.553600311279297,,109.669
dc_cnn29,sweep_all,Deep Contractive,CNN,synthetic,dist,200,current_mixture,0.1,10,1e-12,width,0.0,7,d_eff,19.448898220406523,,109.669
dc_cnn29,sweep_all,Deep Contractive,CNN,synthetic,dist,200,current_mixture,0.1,10,1e-12,width,0.0,7,g_ibp,0.986762077577345,,0.039
dc_cnn29,sweep_all,Deep Contractive,CNN,synthetic,dist,200,pgd_heavy,0.1,10,1e-12,width,0.0,0,margin_hat_min,8.553579330444336,,135.682
dc_cnn29,sweep_all,Deep Contractive,CNN,synthetic,dist,200,pgd_heavy,0.1,10,1e-12,width,0.0,0,d_eff,16.53208698914485,,135.682
dc_cnn29,sweep_all,Deep Contractive,CNN,synthetic,dist,200,pgd_heavy,0.1,10,1e-12,width,0.0,0,g_ibp,0.9867620451064162,,0.046
dc_cnn29,sweep_all,Deep Contractive,CNN,synthetic,dist,200,pgd_heavy,0.1,10,1e-12,width,0.0,1,margin_hat_min,8.553585052490234,,132.307
dc_cnn29,sweep_all,Deep Contractive,CNN,synthetic,dist,200,pgd_heavy,0.1,10,1e-12,width,0.0,1,d_eff,14.95644042856901,,132.307
dc_cnn29,sweep_all,Deep Contractive,CNN,synthetic,dist,200,pgd_heavy,0.1,10,1e-12,width,0.0,1,g_ibp,0.9867620539621399,,0.006
dc_cnn29,sweep_all,Deep Contractive,CNN,synthetic,dist,200,pgd_heavy,0.1,10,1e-12,width,0.0,2,margin_hat_min,8.55357551574707,,125.733
dc_cnn29,sweep_all,Deep Contractive,CNN,synthetic,dist,200,pgd_heavy,0.1,10,1e-12,width,0.0,2,d_eff,15.388751903045556,,125.733
dc_cnn29,sweep_all,Deep Contractive,CNN,synthetic,dist,200,pgd_heavy,0.1,10,1e-12,width,0.0,2,g_ibp,0.9867620392025939,,0.03
dc_cnn29,sweep_all,Deep Contractive,CNN,synthetic,dist,200,pgd_heavy,0.1,10,1e-12,width,0.0,3,margin_hat_min,8.553565979003906,,118.507
dc_cnn29,sweep_all,Deep Contractive,CNN,synthetic,dist,200,pgd_heavy,0.1,10,1e-12,width,0.0,3,d_eff,15.704862764583739,,118.507
dc_cnn29,sweep_all,Deep Contractive,CNN,synthetic,dist,200,pgd_heavy,0.1,10,1e-12,width,0.0,3,g_ibp,0.986762024443015,,0.024
dc_cnn29,sweep_all,Deep Contractive,CNN,synthetic,dist,200,pgd_heavy,0.1,10,1e-12,width,0.0,4,margin_hat_min,8.553574562072754,,112.258
dc_cnn29,sweep_all,Deep Contractive,CNN,synthetic,dist,200,pgd_heavy,0.1,10,1e-12,width,0.0,4,d_eff,17.246606409442407,,112.258
dc_cnn29,sweep_all,Deep Contractive,CNN,synthetic,dist,200,pgd_heavy,0.1,10,1e-12,width,0.0,4,g_ibp,0.9867620377266374,,0.031
dc_cnn29,sweep_all,Deep Contractive,CNN,synthetic,dist,200,pgd_heavy,0.1,10,1e-12,width,0.0,5,margin_hat_min,8.553587913513184,,111.683
dc_cnn29,sweep_all,Deep Contractive,CNN,synthetic,dist,200,pgd_heavy,0.1,10,1e-12,width,0.0,5,d_eff,16.104406051204517,,111.683
dc_cnn29,sweep_all,Deep Contractive,CNN,synthetic,dist,200,pgd_heavy,0.1,10,1e-12,width,0.0,5,g_ibp,0.9867620583899972,,0.007
dc_cnn29,sweep_all,Deep Contractive,CNN,synthetic,dist,200,pgd_heavy,0.1,10,1e-12,width,0.0,6,margin_hat_min,8.553598403930664,,110.558
dc_cnn29,sweep_all,Deep Contractive,CNN,synthetic,dist,200,pgd_heavy,0.1,10,1e-12,width,0.0,6,d_eff,16.346126889763973,,110.558
dc_cnn29,sweep_all,Deep Contractive,CNN,synthetic,dist,200,pgd_heavy,0.1,10,1e-12,width,0.0,6,g_ibp,0.986762074625449,,0.009
dc_cnn29,sweep_all,Deep Contractive,CNN,synthetic,dist,200,pgd_heavy,0.1,10,1e-12,width,0.0,7,margin_hat_min,8.553580284118652,,106.851
dc_cnn29,sweep_all,Deep Contractive,CNN,synthetic,dist,200,pgd_heavy,0.1,10,1e-12,width,0.0,7,d_eff,16.212402269267574,,106.851
dc_cnn29,sweep_all,Deep Contractive,CNN,synthetic,dist,200,pgd_heavy,0.1,10,1e-12,width,0.0,7,g_ibp,0.986762046582371,,0.022
ld10,sweep_all,Dominant Key Attn,MLP,synthetic,dist,200,uniform_only,0.1,10,1e-12,width,0.0,0,margin_hat_min,0.45490598678588867,,16.252
ld10,sweep_all,Dominant Key Attn,MLP,synthetic,dist,200,uniform_only,0.1,10,1e-12,width,0.0,0,d_eff,8.022079078100546,,16.252
ld10,sweep_all,Dominant Key Attn,MLP,synthetic,dist,200,uniform_only,0.1,10,1e-12,width,0.0,0,g_ibp,0.0631882319782428,,0.002
ld10,sweep_all,Dominant Key Attn,MLP,synthetic,dist,200,uniform_only,0.1,10,1e-12,width,0.0,1,margin_hat_min,0.4417549967765808,,14.889
ld10,sweep_all,Dominant Key Attn,MLP,synthetic,dist,200,uniform_only,0.1,10,1e-12,width,0.0,1,d_eff,7.67511721943454,,14.889
ld10,sweep_all,Dominant Key Attn,MLP,synthetic,dist,200,uniform_only,0.1,10,1e-12,width,0.0,1,g_ibp,0.03529946492020054,,0.033
ld10,sweep_all,Dominant Key Attn,MLP,synthetic,dist,200,uniform_only,0.1,10,1e-12,width,0.0,2,margin_hat_min,0.4446865916252136,,15.653
ld10,sweep_all,Dominant Key Attn,MLP,synthetic,dist,200,uniform_only,0.1,10,1e-12,width,0.0,2,d_eff,7.972612102571218,,15.653
ld10,sweep_all,Dominant Key Attn,MLP,synthetic,dist,200,uniform_only,0.1,10,1e-12,width,0.0,2,g_ibp,0.04165924992916807,,0.002
ld10,sweep_all,Dominant Key Attn,MLP,synthetic,dist,200,uniform_only,0.1,10,1e-12,width,0.0,3,margin_hat_min,0.44243013858795166,,15.422
ld10,sweep_all,Dominant Key Attn,MLP,synthetic,dist,200,uniform_only,0.1,10,1e-12,width,0.0,3,d_eff,8.232764660377509,,15.422
ld10,sweep_all,Dominant Key Attn,MLP,synthetic,dist,200,uniform_only,0.1,10,1e-12,width,0.0,3,g_ibp,0.03677158358906301,,0.002
ld10,sweep_all,Dominant Key Attn,MLP,synthetic,dist,200,uniform_only,0.1,10,1e-12,width,0.0,4,margin_hat_min,0.44991323351860046,,11.73
ld10,sweep_all,Dominant Key Attn,MLP,synthetic,dist,200,uniform_only,0.1,10,1e-12,width,0.0,4,d_eff,7.807691225237245,,11.73
ld10,sweep_all,Dominant Key Attn,MLP,synthetic,dist,200,uniform_only,0.1,10,1e-12,width,0.0,4,g_ibp,0.052792294123658885,,0.001
ld10,sweep_all,Dominant Key Attn,MLP,synthetic,dist,200,uniform_only,0.1,10,1e-12,width,0.0,5,margin_hat_min,0.4485277533531189,,14.028
ld10,sweep_all,Dominant Key Attn,MLP,synthetic,dist,200,uniform_only,0.1,10,1e-12,width,0.0,5,d_eff,7.981383336440484,,14.028
ld10,sweep_all,Dominant Key Attn,MLP,synthetic,dist,200,uniform_only,0.1,10,1e-12,width,0.0,5,g_ibp,0.04986641611662537,,0.001
ld10,sweep_all,Dominant Key Attn,MLP,synthetic,dist,200,uniform_only,0.1,10,1e-12,width,0.0,6,margin_hat_min,0.4518364667892456,,15.544
ld10,sweep_all,Dominant Key Attn,MLP,synthetic,dist,200,uniform_only,0.1,10,1e-12,width,0.0,6,d_eff,7.812424634436466,,15.544
ld10,sweep_all,Dominant Key Attn,MLP,synthetic,dist,200,uniform_only,0.1,10,1e-12,width,0.0,6,g_ibp,0.05682406558976881,,0.03
ld10,sweep_all,Dominant Key Attn,MLP,synthetic,dist,200,uniform_only,0.1,10,1e-12,width,0.0,7,margin_hat_min,0.4482685625553131,,14.595
ld10,sweep_all,Dominant Key Attn,MLP,synthetic,dist,200,uniform_only,0.1,10,1e-12,width,0.0,7,d_eff,7.79413687971666,,14.595
ld10,sweep_all,Dominant Key Attn,MLP,synthetic,dist,200,uniform_only,0.1,10,1e-12,width,0.0,7,g_ibp,0.04931704481959656,,0.002
ld10,sweep_all,Dominant Key Attn,MLP,synthetic,dist,200,boundary_only,0.1,10,1e-12,width,0.0,0,margin_hat_min,0.420357882976532,,11.545
ld10,sweep_all,Dominant Key Attn,MLP,synthetic,dist,200,boundary_only,0.1,10,1e-12,width,0.0,0,d_eff,7.742649602787138,,11.545
ld10,sweep_all,Dominant Key Attn,MLP,synthetic,dist,200,boundary_only,0.1,10,1e-12,width,0.0,0,g_ibp,-0.013805852163085287,,0.029
ld10,sweep_all,Dominant Key Attn,MLP,synthetic,dist,200,boundary_only,0.1,10,1e-12,width,0.0,1,margin_hat_min,0.42352479696273804,,15.718
ld10,sweep_all,Dominant Key Attn,MLP,synthetic,dist,200,boundary_only,0.1,10,1e-12,width,0.0,1,d_eff,7.600028300938335,,15.718
ld10,sweep_all,Dominant Key Attn,MLP,synthetic,dist,200,boundary_only,0.1,10,1e-12,width,0.0,1,g_ibp,-0.006225101388797764,,0.002
ld10,sweep_all,Dominant Key Attn,MLP,synthetic,dist,200,boundary_only,0.1,10,1e-12,width,0.0,2,margin_hat_min,0.42047327756881714,,15.035
ld10,sweep_all,Dominant Key Attn,MLP,synthetic,dist,200,boundary_only,0.1,10,1e-12,width,0.0,2,d_eff,7.921167373618351,,15.035
ld10,sweep_all,Dominant Key Attn,MLP,synthetic,dist,200,boundary_only,0.1,10,1e-12,width,0.0,2,g_ibp,-0.013527623511688434,,0.002
ld10,sweep_all,Dominant Key Attn,MLP,synthetic,dist,200,boundary_only,0.1,10,1e-12,width,0.0,3,margin_hat_min,0.4121892750263214,,15.37
ld10,sweep_all,Dominant Key Attn,MLP,synthetic,dist,200,boundary_only,0.1,10,1e-12,width,0.0,3,d_eff,7.7818448810593015,,15.37
ld10,sweep_all,Dominant Key Attn,MLP,synthetic,dist,200,boundary_only,0.1,10,1e-12,width,0.0,3,g_ibp,-0.03389706521903019,,0.002
ld10,sweep_all,Dominant Key Attn,MLP,synthetic,dist,200,boundary_only,0.1,10,1e-12,width,0.0,4,margin_hat_min,0.41634026169776917,,11.337
ld10,sweep_all,Dominant Key Attn,MLP,synthetic,dist,200,boundary_only,0.1,10,1e-12,width,0.0,4,d_eff,7.814038272464134,,11.337
ld10,sweep_all,Dominant Key Attn,MLP,synthetic,dist,200,boundary_only,0.1,10,1e-12,width,0.0,4,g_ibp,-0.023588927063325528,,0.029
ld10,sweep_all,Dominant Key Attn,MLP,synthetic,dist,200,boundary_only,0.1,10,1e-12,width,0.0,5,margin_hat_min,0.42211106419563293,,12.995
ld10,sweep_all,Dominant Key Attn,MLP,synthetic,dist,200,boundary_only,0.1,10,1e-12,width,0.0,5,d_eff,7.774894818223666,,12.995
ld10,sweep_all,Dominant Key Attn,MLP,synthetic,dist,200,boundary_only,0.1,10,1e-12,width,0.0,5,g_ibp,-0.00959514666260356,,0.002
ld10,sweep_all,Dominant Key Attn,MLP,synthetic,dist,200,boundary_only,0.1,10,1e-12,width,0.0,6,margin_hat_min,0.42136815190315247,,10.909
ld10,sweep_all,Dominant Key Attn,MLP,synthetic,dist,200,boundary_only,0.1,10,1e-12,width,0.0,6,d_eff,7.590087075395981,,10.909
ld10,sweep_all,Dominant Key Attn,MLP,synthetic,dist,200,boundary_only,0.1,10,1e-12,width,0.0,6,g_ibp,-0.011375159322542034,,0.029
ld10,sweep_all,Dominant Key Attn,MLP,synthetic,dist,200,boundary_only,0.1,10,1e-12,width,0.0,7,margin_hat_min,0.4225715398788452,,10.73
ld10,sweep_all,Dominant Key Attn,MLP,synthetic,dist,200,boundary_only,0.1,10,1e-12,width,0.0,7,d_eff,7.9565204160351355,,10.73
ld10,sweep_all,Dominant Key Attn,MLP,synthetic,dist,200,boundary_only,0.1,10,1e-12,width,0.0,7,g_ibp,-0.008494992082719989,,0.033
ld10,sweep_all,Dominant Key Attn,MLP,synthetic,dist,200,current_mixture,0.1,10,1e-12,width,0.0,0,margin_hat_min,0.39972108602523804,,22.223
ld10,sweep_all,Dominant Key Attn,MLP,synthetic,dist,200,current_mixture,0.1,10,1e-12,width,0.0,0,d_eff,7.498851682763584,,22.223
ld10,sweep_all,Dominant Key Attn,MLP,synthetic,dist,200,current_mixture,0.1,10,1e-12,width,0.0,0,g_ibp,-0.06614661238445074,,0.026
ld10,sweep_all,Dominant Key Attn,MLP,synthetic,dist,200,current_mixture,0.1,10,1e-12,width,0.0,1,margin_hat_min,0.39972108602523804,,15.568
ld10,sweep_all,Dominant Key Attn,MLP,synthetic,dist,200,current_mixture,0.1,10,1e-12,width,0.0,1,d_eff,7.3101026810538166,,15.568
ld10,sweep_all,Dominant Key Attn,MLP,synthetic,dist,200,current_mixture,0.1,10,1e-12,width,0.0,1,g_ibp,-0.06614661238445074,,0.001
ld10,sweep_all,Dominant Key Attn,MLP,synthetic,dist,200,current_mixture,0.1,10,1e-12,width,0.0,2,margin_hat_min,0.39972108602523804,,21.986
ld10,sweep_all,Dominant Key Attn,MLP,synthetic,dist,200,current_mixture,0.1,10,1e-12,width,0.0,2,d_eff,7.531008367594432,,21.986
ld10,sweep_all,Dominant Key Attn,MLP,synthetic,dist,200,current_mixture,0.1,10,1e-12,width,0.0,2,g_ibp,-0.06614661238445074,,0.002
ld10,sweep_all,Dominant Key Attn,MLP,synthetic,dist,200,current_mixture,0.1,10,1e-12,width,0.0,3,margin_hat_min,0.39972108602523804,,21.803
ld10,sweep_all,Dominant Key Attn,MLP,synthetic,dist,200,current_mixture,0.1,10,1e-12,width,0.0,3,d_eff,7.518846176116697,,21.803
ld10,sweep_all,Dominant Key Attn,MLP,synthetic,dist,200,current_mixture,0.1,10,1e-12,width,0.0,3,g_ibp,-0.06614661238445074,,0.039
ld10,sweep_all,Dominant Key Attn,MLP,synthetic,dist,200,current_mixture,0.1,10,1e-12,width,0.0,4,margin_hat_min,0.39972108602523804,,21.068
ld10,sweep_all,Dominant Key Attn,MLP,synthetic,dist,200,current_mixture,0.1,10,1e-12,width,0.0,4,d_eff,7.339361855783755,,21.068
ld10,sweep_all,Dominant Key Attn,MLP,synthetic,dist,200,current_mixture,0.1,10,1e-12,width,0.0,4,g_ibp,-0.06614661238445074,,0.041
ld10,sweep_all,Dominant Key Attn,MLP,synthetic,dist,200,current_mixture,0.1,10,1e-12,width,0.0,5,margin_hat_min,0.39972108602523804,,15.799
ld10,sweep_all,Dominant Key Attn,MLP,synthetic,dist,200,current_mixture,0.1,10,1e-12,width,0.0,5,d_eff,7.4518213391721355,,15.799
ld10,sweep_all,Dominant Key Attn,MLP,synthetic,dist,200,current_mixture,0.1,10,1e-12,width,0.0,5,g_ibp,-0.06614661238445074,,0.001
ld10,sweep_all,Dominant Key Attn,MLP,synthetic,dist,200,current_mixture,0.1,10,1e-12,width,0.0,6,margin_hat_min,0.39972108602523804,,15.095
ld10,sweep_all,Dominant Key Attn,MLP,synthetic,dist,200,current_mixture,0.1,10,1e-12,width,0.0,6,d_eff,7.282005215386695,,15.095
ld10,sweep_all,Dominant Key Attn,MLP,synthetic,dist,200,current_mixture,0.1,10,1e-12,width,0.0,6,g_ibp,-0.06614661238445074,,0.001
ld10,sweep_all,Dominant Key Attn,MLP,synthetic,dist,200,current_mixture,0.1,10,1e-12,width,0.0,7,margin_hat_min,0.39972108602523804,,14.209
ld10,sweep_all,Dominant Key Attn,MLP,synthetic,dist,200,current_mixture,0.1,10,1e-12,width,0.0,7,d_eff,7.475005552877364,,14.209
ld10,sweep_all,Dominant Key Attn,MLP,synthetic,dist,200,current_mixture,0.1,10,1e-12,width,0.0,7,g_ibp,-0.06614661238445074,,0.021
ld10,sweep_all,Dominant Key Attn,MLP,synthetic,dist,200,pgd_heavy,0.1,10,1e-12,width,0.0,0,margin_hat_min,0.39972108602523804,,28.549
ld10,sweep_all,Dominant Key Attn,MLP,synthetic,dist,200,pgd_heavy,0.1,10,1e-12,width,0.0,0,d_eff,6.881314524795013,,28.549
ld10,sweep_all,Dominant Key Attn,MLP,synthetic,dist,200,pgd_heavy,0.1,10,1e-12,width,0.0,0,g_ibp,-0.06614661238445074,,0.002
ld10,sweep_all,Dominant Key Attn,MLP,synthetic,dist,200,pgd_heavy,0.1,10,1e-12,width,0.0,1,margin_hat_min,0.39972108602523804,,27.41
ld10,sweep_all,Dominant Key Attn,MLP,synthetic,dist,200,pgd_heavy,0.1,10,1e-12,width,0.0,1,d_eff,6.7304258710017475,,27.41
ld10,sweep_all,Dominant Key Attn,MLP,synthetic,dist,200,pgd_heavy,0.1,10,1e-12,width,0.0,1,g_ibp,-0.06614661238445074,,0.002
ld10,sweep_all,Dominant Key Attn,MLP,synthetic,dist,200,pgd_heavy,0.1,10,1e-12,width,0.0,2,margin_hat_min,0.39972108602523804,,21.078
ld10,sweep_all,Dominant Key Attn,MLP,synthetic,dist,200,pgd_heavy,0.1,10,1e-12,width,0.0,2,d_eff,6.672435804624721,,21.078
ld10,sweep_all,Dominant Key Attn,MLP,synthetic,dist,200,pgd_heavy,0.1,10,1e-12,width,0.0,2,g_ibp,-0.06614661238445074,,0.001
ld10,sweep_all,Dominant Key Attn,MLP,synthetic,dist,200,pgd_heavy,0.1,10,1e-12,width,0.0,3,margin_hat_min,0.39972108602523804,,19.734
ld10,sweep_all,Dominant Key Attn,MLP,synthetic,dist,200,pgd_heavy,0.1,10,1e-12,width,0.0,3,d_eff,6.832450012661583,,19.734
ld10,sweep_all,Dominant Key Attn,MLP,synthetic,dist,200,pgd_heavy,0.1,10,1e-12,width,0.0,3,g_ibp,-0.06614661238445074,,0.001
ld10,sweep_all,Dominant Key Attn,MLP,synthetic,dist,200,pgd_heavy,0.1,10,1e-12,width,0.0,4,margin_hat_min,0.39972108602523804,,19.656
ld10,sweep_all,Dominant Key Attn,MLP,synthetic,dist,200,pgd_heavy,0.1,10,1e-12,width,0.0,4,d_eff,6.930149326581046,,19.656
ld10,sweep_all,Dominant Key Attn,MLP,synthetic,dist,200,pgd_heavy,0.1,10,1e-12,width,0.0,4,g_ibp,-0.06614661238445074,,0.002
ld10,sweep_all,Dominant Key Attn,MLP,synthetic,dist,200,pgd_heavy,0.1,10,1e-12,width,0.0,5,margin_hat_min,0.39972108602523804,,18.721
ld10,sweep_all,Dominant Key Attn,MLP,synthetic,dist,200,pgd_heavy,0.1,10,1e-12,width,0.0,5,d_eff,6.9575445403337,,18.721
ld10,sweep_all,Dominant Key Attn,MLP,synthetic,dist,200,pgd_heavy,0.1,10,1e-12,width,0.0,5,g_ibp,-0.06614661238445074,,0.033
ld10,sweep_all,Dominant Key Attn,MLP,synthetic,dist,200,pgd_heavy,0.1,10,1e-12,width,0.0,6,margin_hat_min,0.39972108602523804,,18.604
ld10,sweep_all,Dominant Key Attn,MLP,synthetic,dist,200,pgd_heavy,0.1,10,1e-12,width,0.0,6,d_eff,6.8658611505456255,,18.604
ld10,sweep_all,Dominant Key Attn,MLP,synthetic,dist,200,pgd_heavy,0.1,10,1e-12,width,0.0,6,g_ibp,-0.06614661238445074,,0.001
ld10,sweep_all,Dominant Key Attn,MLP,synthetic,dist,200,pgd_heavy,0.1,10,1e-12,width,0.0,7,margin_hat_min,0.39972108602523804,,18.092
ld10,sweep_all,Dominant Key Attn,MLP,synthetic,dist,200,pgd_heavy,0.1,10,1e-12,width,0.0,7,d_eff,7.070289015832081,,18.092
ld10,sweep_all,Dominant Key Attn,MLP,synthetic,dist,200,pgd_heavy,0.1,10,1e-12,width,0.0,7,g_ibp,-0.06614661238445074,,0.001
ld9,sweep_all,Dominant Key Attn,MLP,synthetic,dist,200,uniform_only,0.1,10,1e-12,width,0.0,0,margin_hat_min,0.6513925194740295,,16.128
ld9,sweep_all,Dominant Key Attn,MLP,synthetic,dist,200,uniform_only,0.1,10,1e-12,width,0.0,0,d_eff,15.723863617848382,,16.128
ld9,sweep_all,Dominant Key Attn,MLP,synthetic,dist,200,uniform_only,0.1,10,1e-12,width,0.0,0,g_ibp,0.056366222499818076,,0.034
ld9,sweep_all,Dominant Key Attn,MLP,synthetic,dist,200,uniform_only,0.1,10,1e-12,width,0.0,1,margin_hat_min,0.6559874415397644,,16.545
ld9,sweep_all,Dominant Key Attn,MLP,synthetic,dist,200,uniform_only,0.1,10,1e-12,width,0.0,1,d_eff,16.064619947447106,,16.545
ld9,sweep_all,Dominant Key Attn,MLP,synthetic,dist,200,uniform_only,0.1,10,1e-12,width,0.0,1,g_ibp,0.06297598877220927,,0.003
ld9,sweep_all,Dominant Key Attn,MLP,synthetic,dist,200,uniform_only,0.1,10,1e-12,width,0.0,2,margin_hat_min,0.65439772605896,,17.818
ld9,sweep_all,Dominant Key Attn,MLP,synthetic,dist,200,uniform_only,0.1,10,1e-12,width,0.0,2,d_eff,16.156185712311743,,17.818
ld9,sweep_all,Dominant Key Attn,MLP,synthetic,dist,200,uniform_only,0.1,10,1e-12,width,0.0,2,g_ibp,0.060699694834724205,,0.001
ld9,sweep_all,Dominant Key Attn,MLP,synthetic,dist,200,uniform_only,0.1,10,1e-12,width,0.0,3,margin_hat_min,0.6602895855903625,,14.873
ld9,sweep_all,Dominant Key Attn,MLP,synthetic,dist,200,uniform_only,0.1,10,1e-12,width,0.0,3,d_eff,15.944585390640402,,14.873
ld9,sweep_all,Dominant Key Attn,MLP,synthetic,dist,200,uniform_only,0.1,10,1e-12,width,0.0,3,g_ibp,0.06908120739618749,,0.002
ld9,sweep_all,Dominant Key Attn,MLP,synthetic,dist,200,uniform_only,0.1,10,1e-12,width,0.0,4,margin_hat_min,0.6603293418884277,,18.913
ld9,sweep_all,Dominant Key Attn,MLP,synthetic,dist,200,uniform_only,0.1,10,1e-12,width,0.0,4,d_eff,16.10858457966856,,18.913
ld9,sweep_all,Dominant Key Attn,MLP,synthetic,dist,200,uniform_only,0.1,10,1e-12,width,0.0,4,g_ibp,0.06913725501159004,,0.004
ld9,sweep_all,Dominant Key Attn,MLP,synthetic,dist,200,uniform_only,0.1,10,1e-12,width,0.0,5,margin_hat_min,0.6515491604804993,,17.99
ld9,sweep_all,Dominant Key Attn,MLP,synthetic,dist,200,uniform_only,0.1,10,1e-12,width,0.0,5,d_eff,15.665539289065785,,17.99
ld9,sweep_all,Dominant Key Attn,MLP,synthetic,dist,200,uniform_only,0.1,10,1e-12,width,0.0,5,g_ibp,0.056593084498285276,,0.002
ld9,sweep_all,Dominant Key Attn,MLP,synthetic,dist,200,uniform_only,0.1,10,1e-12,width,0.0,6,margin_hat_min,0.6424515247344971,,13.312
ld9,sweep_all,Dominant Key Attn,MLP,synthetic,dist,200,uniform_only,0.1,10,1e-12,width,0.0,6,d_eff,15.959409581182694,,13.312
ld9,sweep_all,Dominant Key Attn,MLP,synthetic,dist,200,uniform_only,0.1,10,1e-12,width,0.0,6,g_ibp,0.04323367581600738,,0.025
ld9,sweep_all,Dominant Key Attn,MLP,synthetic,dist,200,uniform_only,0.1,10,1e-12,width,0.0,7,margin_hat_min,0.6589230895042419,,17.281
ld9,sweep_all,Dominant Key Attn,MLP,synthetic,dist,200,uniform_only,0.1,10,1e-12,width,0.0,7,d_eff,15.987490882167997,,17.281
ld9,sweep_all,Dominant Key Attn,MLP,synthetic,dist,200,uniform_only,0.1,10,1e-12,width,0.0,7,g_ibp,0.06715063779428691,,0.012
ld9,sweep_all,Dominant Key Attn,MLP,synthetic,dist,200,boundary_only,0.1,10,1e-12,width,0.0,0,margin_hat_min,0.6337677240371704,,14.97
ld9,sweep_all,Dominant Key Attn,MLP,synthetic,dist,200,boundary_only,0.1,10,1e-12,width,0.0,0,d_eff,15.911336863761125,,14.97
ld9,sweep_all,Dominant Key Attn,MLP,synthetic,dist,200,boundary_only,0.1,10,1e-12,width,0.0,0,g_ibp,0.03012419144499951,,0.002
ld9,sweep_all,Dominant Key Attn,MLP,synthetic,dist,200,boundary_only,0.1,10,1e-12,width,0.0,1,margin_hat_min,0.6220940947532654,,19.144
ld9,sweep_all,Dominant Key Attn,MLP,synthetic,dist,200,boundary_only,0.1,10,1e-12,width,0.0,1,d_eff,15.963245958289193,,19.144
ld9,sweep_all,Dominant Key Attn,MLP,synthetic,dist,200,boundary_only,0.1,10,1e-12,width,0.0,1,g_ibp,0.011924419519868095,,0.01
ld9,sweep_all,Dominant Key Attn,MLP,synthetic,dist,200,boundary_only,0.1,10,1e-12,width,0.0,2,margin_hat_min,0.6276359558105469,,16.365
ld9,sweep_all,Dominant Key Attn,MLP,synthetic,dist,200,boundary_only,0.1,10,1e-12,width,0.0,2,d_eff,15.718390102349346,,16.365
ld9,sweep_all,Dominant Key Attn,MLP,synthetic,dist,200,boundary_only,0.1,10,1e-12,width,0.0,2,g_ibp,0.020648868032435146,,0.022
ld9,sweep_all,Dominant Key Attn,MLP,synthetic,dist,200,boundary_only,0.1,10,1e-12,width,0.0,3,margin_hat_min,0.6265006065368652,,18.775
ld9,sweep_all,Dominant Key Attn,MLP,synthetic,dist,200,boundary_only,0.1,10,1e-12,width,0.0,3,d_eff,15.75627675592315,,18.775
ld9,sweep_all,Dominant Key Attn,MLP,synthetic,dist,200,boundary_only,0.1,10,1e-12,width,0.0,3,g_ibp,0.018874080291201786,,0.003
ld9,sweep_all,Dominant Key Attn,MLP,synthetic,dist,200,boundary_only,0.1,10,1e-12,width,0.0,4,margin_hat_min,0.5923709869384766,,13.382
ld9,sweep_all,Dominant Key Attn,MLP,synthetic,dist,200,boundary_only,0.1,10,1e-12,width,0.0,4,d_eff,15.861884015965792,,13.382
ld9,sweep_all,Dominant Key Attn,MLP,synthetic,dist,200,boundary_only,0.1,10,1e-12,width,0.0,4,g_ibp,-0.03765376316511821,,0.001
ld9,sweep_all,Dominant Key Attn,MLP,synthetic,dist,200,boundary_only,0.1,10,1e-12,width,0.0,5,margin_hat_min,0.6277492642402649,,14.194
ld9,sweep_all,Dominant Key Attn,MLP,synthetic,dist,200,boundary_only,0.1,10,1e-12,width,0.0,5,d_eff,15.705004730097343,,14.194
ld9,sweep_all,Dominant Key Attn,MLP,synthetic,dist,200,boundary_only,0.1,10,1e-12,width,0.0,5,g_ibp,0.020825640424259342,,0.025
ld9,sweep_all,Dominant Key Attn,MLP,synthetic,dist,200,boundary_only,0.1,10,1e-12,width,0.0,6,margin_hat_min,0.6230490803718567,,14.093
ld9,sweep_all,Dominant Key Attn,MLP,synthetic,dist,200,boundary_only,0.1,10,1e-12,width,0.0,6,d_eff,15.89796775703743,,14.093
ld9,sweep_all,Dominant Key Attn,MLP,synthetic,dist,200,boundary_only,0.1,10,1e-12,width,0.0,6,g_ibp,0.013438903689999764,,0.033
ld9,sweep_all,Dominant Key Attn,MLP,synthetic,dist,200,boundary_only,0.1,10,1e-12,width,0.0,7,margin_hat_min,0.6244626045227051,,19.49
ld9,sweep_all,Dominant Key Attn,MLP,synthetic,dist,200,boundary_only,0.1,10,1e-12,width,0.0,7,d_eff,15.931428730552158,,19.49
ld9,sweep_all,Dominant Key Attn,MLP,synthetic,dist,200,boundary_only,0.1,10,1e-12,width,0.0,7,g_ibp,0.015672068535771903,,0.003
ld9,sweep_all,Dominant Key Attn,MLP,synthetic,dist,200,current_mixture,0.1,10,1e-12,width,0.0,0,margin_hat_min,0.5711484551429749,,20.029
ld9,sweep_all,Dominant Key Attn,MLP,synthetic,dist,200,current_mixture,0.1,10,1e-12,width,0.0,0,d_eff,15.514039161818255,,20.029
ld9,sweep_all,Dominant Key Attn,MLP,synthetic,dist,200,current_mixture,0.1,10,1e-12,width,0.0,0,g_ibp,-0.07621053379656904,,0.002
ld9,sweep_all,Dominant Key Attn,MLP,synthetic,dist,200,current_mixture,0.1,10,1e-12,width,0.0,1,margin_hat_min,0.5711484551429749,,21.231
ld9,sweep_all,Dominant Key Attn,MLP,synthetic,dist,200,current_mixture,0.1,10,1e-12,width,0.0,1,d_eff,15.619957372051399,,21.231
ld9,sweep_all,Dominant Key Attn,MLP,synthetic,dist,200,current_mixture,0.1,10,1e-12,width,0.0,1,g_ibp,-0.07621053379656904,,0.001
ld9,sweep_all,Dominant Key Attn,MLP,synthetic,dist,200,current_mixture,0.1,10,1e-12,width,0.0,2,margin_hat_min,0.5711484551429749,,22.096
ld9,sweep_all,Dominant Key Attn,MLP,synthetic,dist,200,current_mixture,0.1,10,1e-12,width,0.0,2,d_eff,15.668806883632524,,22.096
ld9,sweep_all,Dominant Key Attn,MLP,synthetic,dist,200,current_mixture,0.1,10,1e-12,width,0.0,2,g_ibp,-0.07621053379656904,,0.022
ld9,sweep_all,Dominant Key Attn,MLP,synthetic,dist,200,current_mixture,0.1,10,1e-12,width,0.0,3,margin_hat_min,0.5711484551429749,,24.059
ld9,sweep_all,Dominant Key Attn,MLP,synthetic,dist,200,current_mixture,0.1,10,1e-12,width,0.0,3,d_eff,15.488785942102464,,24.059
ld9,sweep_all,Dominant Key Attn,MLP,synthetic,dist,200,current_mixture,0.1,10,1e-12,width,0.0,3,g_ibp,-0.07621053379656904,,0.002
ld9,sweep_all,Dominant Key Attn,MLP,synthetic,dist,200,current_mixture,0.1,10,1e-12,width,0.0,4,margin_hat_min,0.5711484551429749,,18.643
ld9,sweep_all,Dominant Key Attn,MLP,synthetic,dist,200,current_mixture,0.1,10,1e-12,width,0.0,4,d_eff,15.50354168125838,,18.643
ld9,sweep_all,Dominant Key Attn,MLP,synthetic,dist,200,current_mixture,0.1,10,1e-12,width,0.0,4,g_ibp,-0.07621053379656904,,0.001
ld9,sweep_all,Dominant Key Attn,MLP,synthetic,dist,200,current_mixture,0.1,10,1e-12,width,0.0,5,margin_hat_min,0.5711484551429749,,24.433
ld9,sweep_all,Dominant Key Attn,MLP,synthetic,dist,200,current_mixture,0.1,10,1e-12,width,0.0,5,d_eff,15.326128512538272,,24.433
ld9,sweep_all,Dominant Key Attn,MLP,synthetic,dist,200,current_mixture,0.1,10,1e-12,width,0.0,5,g_ibp,-0.07621053379656904,,0.002
ld9,sweep_all,Dominant Key Attn,MLP,synthetic,dist,200,current_mixture,0.1,10,1e-12,width,0.0,6,margin_hat_min,0.5711484551429749,,22.931
ld9,sweep_all,Dominant Key Attn,MLP,synthetic,dist,200,current_mixture,0.1,10,1e-12,width,0.0,6,d_eff,15.848165395084532,,22.931
ld9,sweep_all,Dominant Key Attn,MLP,synthetic,dist,200,current_mixture,0.1,10,1e-12,width,0.0,6,g_ibp,-0.07621053379656904,,0.001
ld9,sweep_all,Dominant Key Attn,MLP,synthetic,dist,200,current_mixture,0.1,10,1e-12,width,0.0,7,margin_hat_min,0.5711484551429749,,18.459
ld9,sweep_all,Dominant Key Attn,MLP,synthetic,dist,200,current_mixture,0.1,10,1e-12,width,0.0,7,d_eff,15.651774002216925,,18.459
ld9,sweep_all,Dominant Key Attn,MLP,synthetic,dist,200,current_mixture,0.1,10,1e-12,width,0.0,7,g_ibp,-0.07621053379656904,,0.001
ld9,sweep_all,Dominant Key Attn,MLP,synthetic,dist,200,pgd_heavy,0.1,10,1e-12,width,0.0,0,margin_hat_min,0.5711484551429749,,21.789
ld9,sweep_all,Dominant Key Attn,MLP,synthetic,dist,200,pgd_heavy,0.1,10,1e-12,width,0.0,0,d_eff,15.073373528324154,,21.789
ld9,sweep_all,Dominant Key Attn,MLP,synthetic,dist,200,pgd_heavy,0.1,10,1e-12,width,0.0,0,g_ibp,-0.07621053379656904,,0.001
ld9,sweep_all,Dominant Key Attn,MLP,synthetic,dist,200,pgd_heavy,0.1,10,1e-12,width,0.0,1,margin_hat_min,0.5711484551429749,,21.85
ld9,sweep_all,Dominant Key Attn,MLP,synthetic,dist,200,pgd_heavy,0.1,10,1e-12,width,0.0,1,d_eff,15.313612677232147,,21.85
ld9,sweep_all,Dominant Key Attn,MLP,synthetic,dist,200,pgd_heavy,0.1,10,1e-12,width,0.0,1,g_ibp,-0.07621053379656904,,0.002
ld9,sweep_all,Dominant Key Attn,MLP,synthetic,dist,200,pgd_heavy,0.1,10,1e-12,width,0.0,2,margin_hat_min,0.5711484551429749,,18.961
ld9,sweep_all,Dominant Key Attn,MLP,synthetic,dist,200,pgd_heavy,0.1,10,1e-12,width,0.0,2,d_eff,15.122831811202559,,18.961
ld9,sweep_all,Dominant Key Attn,MLP,synthetic,dist,200,pgd_heavy,0.1,10,1e-12,width,0.0,2,g_ibp,-0.07621053379656904,,0.002
ld9,sweep_all,Dominant Key Attn,MLP,synthetic,dist,200,pgd_heavy,0.1,10,1e-12,width,0.0,3,margin_hat_min,0.5711484551429749,,19.368
ld9,sweep_all,Dominant Key Attn,MLP,synthetic,dist,200,pgd_heavy,0.1,10,1e-12,width,0.0,3,d_eff,15.068847027310582,,19.368
ld9,sweep_all,Dominant Key Attn,MLP,synthetic,dist,200,pgd_heavy,0.1,10,1e-12,width,0.0,3,g_ibp,-0.07621053379656904,,0.002
ld9,sweep_all,Dominant Key Attn,MLP,synthetic,dist,200,pgd_heavy,0.1,10,1e-12,width,0.0,4,margin_hat_min,0.5711484551429749,,18.725
ld9,sweep_all,Dominant Key Attn,MLP,synthetic,dist,200,pgd_heavy,0.1,10,1e-12,width,0.0,4,d_eff,15.194625993648659,,18.725
ld9,sweep_all,Dominant Key Attn,MLP,synthetic,dist,200,pgd_heavy,0.1,10,1e-12,width,0.0,4,g_ibp,-0.07621053379656904,,0.002
ld9,sweep_all,Dominant Key Attn,MLP,synthetic,dist,200,pgd_heavy,0.1,10,1e-12,width,0.0,5,margin_hat_min,0.5711484551429749,,17.458
ld9,sweep_all,Dominant Key Attn,MLP,synthetic,dist,200,pgd_heavy,0.1,10,1e-12,width,0.0,5,d_eff,15.11319084727701,,17.458
ld9,sweep_all,Dominant Key Attn,MLP,synthetic,dist,200,pgd_heavy,0.1,10,1e-12,width,0.0,5,g_ibp,-0.07621053379656904,,0.001
ld9,sweep_all,Dominant Key Attn,MLP,synthetic,dist,200,pgd_heavy,0.1,10,1e-12,width,0.0,6,margin_hat_min,0.5711484551429749,,15.48
ld9,sweep_all,Dominant Key Attn,MLP,synthetic,dist,200,pgd_heavy,0.1,10,1e-12,width,0.0,6,d_eff,14.961721713763701,,15.48
ld9,sweep_all,Dominant Key Attn,MLP,synthetic,dist,200,pgd_heavy,0.1,10,1e-12,width,0.0,6,g_ibp,-0.07621053379656904,,0.003
ld9,sweep_all,Dominant Key Attn,MLP,synthetic,dist,200,pgd_heavy,0.1,10,1e-12,width,0.0,7,margin_hat_min,0.5711484551429749,,14.722
ld9,sweep_all,Dominant Key Attn,MLP,synthetic,dist,200,pgd_heavy,0.1,10,1e-12,width,0.0,7,d_eff,15.196167073397476,,14.722
ld9,sweep_all,Dominant Key Attn,MLP,synthetic,dist,200,pgd_heavy,0.1,10,1e-12,width,0.0,7,g_ibp,-0.07621053379656904,,0.001
ld11,sweep_all,Dominant Key Attn,MLP,synthetic,dist,200,uniform_only,0.1,10,1e-12,width,0.0,0,margin_hat_min,0.5156774520874023,,7.246
ld11,sweep_all,Dominant Key Attn,MLP,synthetic,dist,200,uniform_only,0.1,10,1e-12,width,0.0,0,d_eff,14.562878572021022,,7.246
ld11,sweep_all,Dominant Key Attn,MLP,synthetic,dist,200,uniform_only,0.1,10,1e-12,width,0.0,0,g_ibp,-0.003054568201692901,,0.001
ld11,sweep_all,Dominant Key Attn,MLP,synthetic,dist,200,uniform_only,0.1,10,1e-12,width,0.0,1,margin_hat_min,0.5205411314964294,,7.051
ld11,sweep_all,Dominant Key Attn,MLP,synthetic,dist,200,uniform_only,0.1,10,1e-12,width,0.0,1,d_eff,15.171316725167136,,7.051
ld11,sweep_all,Dominant Key Attn,MLP,synthetic,dist,200,uniform_only,0.1,10,1e-12,width,0.0,1,g_ibp,0.006317478605557784,,0.001
ld11,sweep_all,Dominant Key Attn,MLP,synthetic,dist,200,uniform_only,0.1,10,1e-12,width,0.0,2,margin_hat_min,0.5176306962966919,,6.736
ld11,sweep_all,Dominant Key Attn,MLP,synthetic,dist,200,uniform_only,0.1,10,1e-12,width,0.0,2,d_eff,14.957986272981435,,6.736
ld11,sweep_all,Dominant Key Attn,MLP,synthetic,dist,200,uniform_only,0.1,10,1e-12,width,0.0,2,g_ibp,0.0007303899566127577,,0.001
ld11,sweep_all,Dominant Key Attn,MLP,synthetic,dist,200,uniform_only,0.1,10,1e-12,width,0.0,3,margin_hat_min,0.5241163969039917,,6.67
ld11,sweep_all,Dominant Key Attn,MLP,synthetic,dist,200,uniform_only,0.1,10,1e-12,width,0.0,3,d_eff,15.163101024500374,,6.67
ld11,sweep_all,Dominant Key Attn,MLP,synthetic,dist,200,uniform_only,0.1,10,1e-12,width,0.0,3,g_ibp,0.013095894174732958,,0.002
ld11,sweep_all,Dominant Key Attn,MLP,synthetic,dist,200,uniform_only,0.1,10,1e-12,width,0.0,4,margin_hat_min,0.526092529296875,,6.295
ld11,sweep_all,Dominant Key Attn,MLP,synthetic,dist,200,uniform_only,0.1,10,1e-12,width,0.0,4,d_eff,14.990312972393777,,6.295
ld11,sweep_all,Dominant Key Attn,MLP,synthetic,dist,200,uniform_only,0.1,10,1e-12,width,0.0,4,g_ibp,0.01680294771300246,,0.001
ld11,sweep_all,Dominant Key Attn,MLP,synthetic,dist,200,uniform_only,0.1,10,1e-12,width,0.0,5,margin_hat_min,0.5206043124198914,,6.246
ld11,sweep_all,Dominant Key Attn,MLP,synthetic,dist,200,uniform_only,0.1,10,1e-12,width,0.0,5,d_eff,15.309456557673455,,6.246
ld11,sweep_all,Dominant Key Attn,MLP,synthetic,dist,200,uniform_only,0.1,10,1e-12,width,0.0,5,g_ibp,0.006438072649502059,,0.001
ld11,sweep_all,Dominant Key Attn,MLP,synthetic,dist,200,uniform_only,0.1,10,1e-12,width,0.0,6,margin_hat_min,0.517933189868927,,6.079
ld11,sweep_all,Dominant Key Attn,MLP,synthetic,dist,200,uniform_only,0.1,10,1e-12,width,0.0,6,d_eff,15.220437681769903,,6.079
ld11,sweep_all,Dominant Key Attn,MLP,synthetic,dist,200,uniform_only,0.1,10,1e-12,width,0.0,6,g_ibp,0.0013140031327521732,,0.002
ld11,sweep_all,Dominant Key Attn,MLP,synthetic,dist,200,uniform_only,0.1,10,1e-12,width,0.0,7,margin_hat_min,0.5238581299781799,,5.019
ld11,sweep_all,Dominant Key Attn,MLP,synthetic,dist,200,uniform_only,0.1,10,1e-12,width,0.0,7,d_eff,15.223216074557234,,5.019
ld11,sweep_all,Dominant Key Attn,MLP,synthetic,dist,200,uniform_only,0.1,10,1e-12,width,0.0,7,g_ibp,0.012609341280168484,,0.001
ld11,sweep_all,Dominant Key Attn,MLP,synthetic,dist,200,boundary_only,0.1,10,1e-12,width,0.0,0,margin_hat_min,0.4983757734298706,,5.567
ld11,sweep_all,Dominant Key Attn,MLP,synthetic,dist,200,boundary_only,0.1,10,1e-12,width,0.0,0,d_eff,15.117806333744324,,5.567
ld11,sweep_all,Dominant Key Attn,MLP,synthetic,dist,200,boundary_only,0.1,10,1e-12,width,0.0,0,g_ibp,-0.03787674203154135,,0.001
ld11,sweep_all,Dominant Key Attn,MLP,synthetic,dist,200,boundary_only,0.1,10,1e-12,width,0.0,1,margin_hat_min,0.4914967715740204,,4.346
ld11,sweep_all,Dominant Key Attn,MLP,synthetic,dist,200,boundary_only,0.1,10,1e-12,width,0.0,1,d_eff,15.010691241271056,,4.346
ld11,sweep_all,Dominant Key Attn,MLP,synthetic,dist,200,boundary_only,0.1,10,1e-12,width,0.0,1,g_ibp,-0.052402892451003456,,0.005
ld11,sweep_all,Dominant Key Attn,MLP,synthetic,dist,200,boundary_only,0.1,10,1e-12,width,0.0,2,margin_hat_min,0.49353674054145813,,4.008
ld11,sweep_all,Dominant Key Attn,MLP,synthetic,dist,200,boundary_only,0.1,10,1e-12,width,0.0,2,d_eff,14.805722543615273,,4.008
ld11,sweep_all,Dominant Key Attn,MLP,synthetic,dist,200,boundary_only,0.1,10,1e-12,width,0.0,2,g_ibp,-0.04805292401809187,,0.002
ld11,sweep_all,Dominant Key Attn,MLP,synthetic,dist,200,boundary_only,0.1,10,1e-12,width,0.0,3,margin_hat_min,0.4964776933193207,,4.02
ld11,sweep_all,Dominant Key Attn,MLP,synthetic,dist,200,boundary_only,0.1,10,1e-12,width,0.0,3,d_eff,14.97569336371505,,4.02
ld11,sweep_all,Dominant Key Attn,MLP,synthetic,dist,200,boundary_only,0.1,10,1e-12,width,0.0,3,g_ibp,-0.04184464074634107,,0.002
ld11,sweep_all,Dominant Key Attn,MLP,synthetic,dist,200,boundary_only,0.1,10,1e-12,width,0.0,4,margin_hat_min,0.4850216507911682,,3.669
ld11,sweep_all,Dominant Key Attn,MLP,synthetic,dist,200,boundary_only,0.1,10,1e-12,width,0.0,4,d_eff,14.984521426921134,,3.669
ld11,sweep_all,Dominant Key Attn,MLP,synthetic,dist,200,boundary_only,0.1,10,1e-12,width,0.0,4,g_ibp,-0.06645264843553211,,0.002
ld11,sweep_all,Dominant Key Attn,MLP,synthetic,dist,200,boundary_only,0.1,10,1e-12,width,0.0,5,margin_hat_min,0.49314215779304504,,3.421
ld11,sweep_all,Dominant Key Attn,MLP,synthetic,dist,200,boundary_only,0.1,10,1e-12,width,0.0,5,d_eff,15.379852017050968,,3.421
ld11,sweep_all,Dominant Key Attn,MLP,synthetic,dist,200,boundary_only,0.1,10,1e-12,width,0.0,5,g_ibp,-0.048891513047047176,,0.001
ld11,sweep_all,Dominant Key Attn,MLP,synthetic,dist,200,boundary_only,0.1,10,1e-12,width,0.0,6,margin_hat_min,0.4963453710079193,,3.601
ld11,sweep_all,Dominant Key Attn,MLP,synthetic,dist,200,boundary_only,0.1,10,1e-12,width,0.0,6,d_eff,15.112884346313141,,3.601
ld11,sweep_all,Dominant Key Attn,MLP,synthetic,dist,200,boundary_only,0.1,10,1e-12,width,0.0,6,g_ibp,-0.0421223894653519,,0.001
ld11,sweep_all,Dominant Key Attn,MLP,synthetic,dist,200,boundary_only,0.1,10,1e-12,width,0.0,7,margin_hat_min,0.4889383912086487,,3.926
ld11,sweep_all,Dominant Key Attn,MLP,synthetic,dist,200,boundary_only,0.1,10,1e-12,width,0.0,7,d_eff,15.235679271040814,,3.926
ld11,sweep_all,Dominant Key Attn,MLP,synthetic,dist,200,boundary_only,0.1,10,1e-12,width,0.0,7,g_ibp,-0.05790961261230198,,0.001
ld11,sweep_all,Dominant Key Attn,MLP,synthetic,dist,200,current_mixture,0.1,10,1e-12,width,0.0,0,margin_hat_min,0.4478011131286621,,4.189
ld11,sweep_all,Dominant Key Attn,MLP,synthetic,dist,200,current_mixture,0.1,10,1e-12,width,0.0,0,d_eff,14.0296531018273,,4.189
ld11,sweep_all,Dominant Key Attn,MLP,synthetic,dist,200,current_mixture,0.1,10,1e-12,width,0.0,0,g_ibp,-0.15509454726636554,,0.001
ld11,sweep_all,Dominant Key Attn,MLP,synthetic,dist,200,current_mixture,0.1,10,1e-12,width,0.0,1,margin_hat_min,0.4478011131286621,,4.231
ld11,sweep_all,Dominant Key Attn,MLP,synthetic,dist,200,current_mixture,0.1,10,1e-12,width,0.0,1,d_eff,14.391163346862179,,4.231
ld11,sweep_all,Dominant Key Attn,MLP,synthetic,dist,200,current_mixture,0.1,10,1e-12,width,0.0,1,g_ibp,-0.15509454726636554,,0.001
ld11,sweep_all,Dominant Key Attn,MLP,synthetic,dist,200,current_mixture,0.1,10,1e-12,width,0.0,2,margin_hat_min,0.4478011131286621,,4.276
ld11,sweep_all,Dominant Key Attn,MLP,synthetic,dist,200,current_mixture,0.1,10,1e-12,width,0.0,2,d_eff,14.314429828316083,,4.276
ld11,sweep_all,Dominant Key Attn,MLP,synthetic,dist,200,current_mixture,0.1,10,1e-12,width,0.0,2,g_ibp,-0.15509454726636554,,0.001
ld11,sweep_all,Dominant Key Attn,MLP,synthetic,dist,200,current_mixture,0.1,10,1e-12,width,0.0,3,margin_hat_min,0.4478011131286621,,3.904
ld11,sweep_all,Dominant Key Attn,MLP,synthetic,dist,200,current_mixture,0.1,10,1e-12,width,0.0,3,d_eff,14.497697168306955,,3.904
ld11,sweep_all,Dominant Key Attn,MLP,synthetic,dist,200,current_mixture,0.1,10,1e-12,width,0.0,3,g_ibp,-0.15509454726636554,,0.001
ld11,sweep_all,Dominant Key Attn,MLP,synthetic,dist,200,current_mixture,0.1,10,1e-12,width,0.0,4,margin_hat_min,0.4478011131286621,,3.549
ld11,sweep_all,Dominant Key Attn,MLP,synthetic,dist,200,current_mixture,0.1,10,1e-12,width,0.0,4,d_eff,14.444344169595734,,3.549
ld11,sweep_all,Dominant Key Attn,MLP,synthetic,dist,200,current_mixture,0.1,10,1e-12,width,0.0,4,g_ibp,-0.15509454726636554,,0.001
ld11,sweep_all,Dominant Key Attn,MLP,synthetic,dist,200,current_mixture,0.1,10,1e-12,width,0.0,5,margin_hat_min,0.4478011131286621,,3.564
ld11,sweep_all,Dominant Key Attn,MLP,synthetic,dist,200,current_mixture,0.1,10,1e-12,width,0.0,5,d_eff,14.321692849799485,,3.564
ld11,sweep_all,Dominant Key Attn,MLP,synthetic,dist,200,current_mixture,0.1,10,1e-12,width,0.0,5,g_ibp,-0.15509454726636554,,0.002
ld11,sweep_all,Dominant Key Attn,MLP,synthetic,dist,200,current_mixture,0.1,10,1e-12,width,0.0,6,margin_hat_min,0.4478011131286621,,3.247
ld11,sweep_all,Dominant Key Attn,MLP,synthetic,dist,200,current_mixture,0.1,10,1e-12,width,0.0,6,d_eff,14.131258172192828,,3.247
ld11,sweep_all,Dominant Key Attn,MLP,synthetic,dist,200,current_mixture,0.1,10,1e-12,width,0.0,6,g_ibp,-0.15509454726636554,,0.001
ld11,sweep_all,Dominant Key Attn,MLP,synthetic,dist,200,current_mixture,0.1,10,1e-12,width,0.0,7,margin_hat_min,0.4478011131286621,,3.182
ld11,sweep_all,Dominant Key Attn,MLP,synthetic,dist,200,current_mixture,0.1,10,1e-12,width,0.0,7,d_eff,14.17270619927323,,3.182
ld11,sweep_all,Dominant Key Attn,MLP,synthetic,dist,200,current_mixture,0.1,10,1e-12,width,0.0,7,g_ibp,-0.15509454726636554,,0.001
ld11,sweep_all,Dominant Key Attn,MLP,synthetic,dist,200,pgd_heavy,0.1,10,1e-12,width,0.0,0,margin_hat_min,0.4478011131286621,,4.702
ld11,sweep_all,Dominant Key Attn,MLP,synthetic,dist,200,pgd_heavy,0.1,10,1e-12,width,0.0,0,d_eff,14.358646577336165,,4.702
ld11,sweep_all,Dominant Key Attn,MLP,synthetic,dist,200,pgd_heavy,0.1,10,1e-12,width,0.0,0,g_ibp,-0.15509454726636554,,0.002
ld11,sweep_all,Dominant Key Attn,MLP,synthetic,dist,200,pgd_heavy,0.1,10,1e-12,width,0.0,1,margin_hat_min,0.4478011131286621,,5.666
ld11,sweep_all,Dominant Key Attn,MLP,synthetic,dist,200,pgd_heavy,0.1,10,1e-12,width,0.0,1,d_eff,14.770548737628683,,5.666
ld11,sweep_all,Dominant Key Attn,MLP,synthetic,dist,200,pgd_heavy,0.1,10,1e-12,width,0.0,1,g_ibp,-0.15509454726636554,,0.001
ld11,sweep_all,Dominant Key Attn,MLP,synthetic,dist,200,pgd_heavy,0.1,10,1e-12,width,0.0,2,margin_hat_min,0.4478011131286621,,5.564
ld11,sweep_all,Dominant Key Attn,MLP,synthetic,dist,200,pgd_heavy,0.1,10,1e-12,width,0.0,2,d_eff,14.416393601348176,,5.564
ld11,sweep_all,Dominant Key Attn,MLP,synthetic,dist,200,pgd_heavy,0.1,10,1e-12,width,0.0,2,g_ibp,-0.15509454726636554,,0.002
ld11,sweep_all,Dominant Key Attn,MLP,synthetic,dist,200,pgd_heavy,0.1,10,1e-12,width,0.0,3,margin_hat_min,0.4478011131286621,,5.705
ld11,sweep_all,Dominant Key Attn,MLP,synthetic,dist,200,pgd_heavy,0.1,10,1e-12,width,0.0,3,d_eff,14.39217046403381,,5.705
ld11,sweep_all,Dominant Key Attn,MLP,synthetic,dist,200,pgd_heavy,0.1,10,1e-12,width,0.0,3,g_ibp,-0.15509454726636554,,0.002
ld11,sweep_all,Dominant Key Attn,MLP,synthetic,dist,200,pgd_heavy,0.1,10,1e-12,width,0.0,4,margin_hat_min,0.4478011131286621,,4.718
ld11,sweep_all,Dominant Key Attn,MLP,synthetic,dist,200,pgd_heavy,0.1,10,1e-12,width,0.0,4,d_eff,14.581934800273595,,4.718
ld11,sweep_all,Dominant Key Attn,MLP,synthetic,dist,200,pgd_heavy,0.1,10,1e-12,width,0.0,4,g_ibp,-0.15509454726636554,,0.001
ld11,sweep_all,Dominant Key Attn,MLP,synthetic,dist,200,pgd_heavy,0.1,10,1e-12,width,0.0,5,margin_hat_min,0.4478011131286621,,5.753
ld11,sweep_all,Dominant Key Attn,MLP,synthetic,dist,200,pgd_heavy,0.1,10,1e-12,width,0.0,5,d_eff,14.634449767018625,,5.753
ld11,sweep_all,Dominant Key Attn,MLP,synthetic,dist,200,pgd_heavy,0.1,10,1e-12,width,0.0,5,g_ibp,-0.15509454726636554,,0.001
ld11,sweep_all,Dominant Key Attn,MLP,synthetic,dist,200,pgd_heavy,0.1,10,1e-12,width,0.0,6,margin_hat_min,0.4478011131286621,,4.749
ld11,sweep_all,Dominant Key Attn,MLP,synthetic,dist,200,pgd_heavy,0.1,10,1e-12,width,0.0,6,d_eff,14.80353531984283,,4.749
ld11,sweep_all,Dominant Key Attn,MLP,synthetic,dist,200,pgd_heavy,0.1,10,1e-12,width,0.0,6,g_ibp,-0.15509454726636554,,0.002
ld11,sweep_all,Dominant Key Attn,MLP,synthetic,dist,200,pgd_heavy,0.1,10,1e-12,width,0.0,7,margin_hat_min,0.4478011131286621,,5.858
ld11,sweep_all,Dominant Key Attn,MLP,synthetic,dist,200,pgd_heavy,0.1,10,1e-12,width,0.0,7,d_eff,14.564769306662384,,5.858
ld11,sweep_all,Dominant Key Attn,MLP,synthetic,dist,200,pgd_heavy,0.1,10,1e-12,width,0.0,7,g_ibp,-0.15509454726636554,,0.001
fp9,sweep_all,Fixed Order Attn,ATTENTION,synthetic,dist,200,uniform_only,0.1,10,1e-12,width,0.0,0,margin_hat_min,1.837217092514038,,15.703
fp9,sweep_all,Fixed Order Attn,ATTENTION,synthetic,dist,200,uniform_only,0.1,10,1e-12,width,0.0,0,d_eff,70.08312715960294,,15.703
fp9,sweep_all,Fixed Order Attn,ATTENTION,synthetic,dist,200,uniform_only,0.1,10,1e-12,width,0.0,0,g_ibp,0.027022954128194686,,0.002
fp9,sweep_all,Fixed Order Attn,ATTENTION,synthetic,dist,200,uniform_only,0.1,10,1e-12,width,0.0,1,margin_hat_min,1.8374130725860596,,15.79
fp9,sweep_all,Fixed Order Attn,ATTENTION,synthetic,dist,200,uniform_only,0.1,10,1e-12,width,0.0,1,d_eff,70.0801591809425,,15.79
fp9,sweep_all,Fixed Order Attn,ATTENTION,synthetic,dist,200,uniform_only,0.1,10,1e-12,width,0.0,1,g_ibp,0.027126732703829138,,0.002
fp9,sweep_all,Fixed Order Attn,ATTENTION,synthetic,dist,200,uniform_only,0.1,10,1e-12,width,0.0,2,margin_hat_min,1.8369886875152588,,15.969
fp9,sweep_all,Fixed Order Attn,ATTENTION,synthetic,dist,200,uniform_only,0.1,10,1e-12,width,0.0,2,d_eff,70.07745704566464,,15.969
fp9,sweep_all,Fixed Order Attn,ATTENTION,synthetic,dist,200,uniform_only,0.1,10,1e-12,width,0.0,2,g_ibp,0.026901977432755637,,0.002
fp9,sweep_all,Fixed Order Attn,ATTENTION,synthetic,dist,200,uniform_only,0.1,10,1e-12,width,0.0,3,margin_hat_min,1.837325930595398,,15.787
fp9,sweep_all,Fixed Order Attn,ATTENTION,synthetic,dist,200,uniform_only,0.1,10,1e-12,width,0.0,3,d_eff,70.08271817593577,,15.787
fp9,sweep_all,Fixed Order Attn,ATTENTION,synthetic,dist,200,uniform_only,0.1,10,1e-12,width,0.0,3,g_ibp,0.02708059058404414,,0.002
fp9,sweep_all,Fixed Order Attn,ATTENTION,synthetic,dist,200,uniform_only,0.1,10,1e-12,width,0.0,4,margin_hat_min,1.8372783660888672,,12.268
fp9,sweep_all,Fixed Order Attn,ATTENTION,synthetic,dist,200,uniform_only,0.1,10,1e-12,width,0.0,4,d_eff,70.06733330356823,,12.268
fp9,sweep_all,Fixed Order Attn,ATTENTION,synthetic,dist,200,uniform_only,0.1,10,1e-12,width,0.0,4,g_ibp,0.02705540309342912,,0.002
fp9,sweep_all,Fixed Order Attn,ATTENTION,synthetic,dist,200,uniform_only,0.1,10,1e-12,width,0.0,5,margin_hat_min,1.8373304605484009,,16.044
fp9,sweep_all,Fixed Order Attn,ATTENTION,synthetic,dist,200,uniform_only,0.1,10,1e-12,width,0.0,5,d_eff,70.08081560998517,,16.044
fp9,sweep_all,Fixed Order Attn,ATTENTION,synthetic,dist,200,uniform_only,0.1,10,1e-12,width,0.0,5,g_ibp,0.0270829893246599,,0.002
fp9,sweep_all,Fixed Order Attn,ATTENTION,synthetic,dist,200,uniform_only,0.1,10,1e-12,width,0.0,6,margin_hat_min,1.837375521659851,,15.896
fp9,sweep_all,Fixed Order Attn,ATTENTION,synthetic,dist,200,uniform_only,0.1,10,1e-12,width,0.0,6,d_eff,70.11425083881052,,15.896
fp9,sweep_all,Fixed Order Attn,ATTENTION,synthetic,dist,200,uniform_only,0.1,10,1e-12,width,0.0,6,g_ibp,0.027106849837294902,,0.002
fp9,sweep_all,Fixed Order Attn,ATTENTION,synthetic,dist,200,uniform_only,0.1,10,1e-12,width,0.0,7,margin_hat_min,1.8372912406921387,,15.701
fp9,sweep_all,Fixed Order Attn,ATTENTION,synthetic,dist,200,uniform_only,0.1,10,1e-12,width,0.0,7,d_eff,70.1113918851796,,15.701
fp9,sweep_all,Fixed Order Attn,ATTENTION,synthetic,dist,200,uniform_only,0.1,10,1e-12,width,0.0,7,g_ibp,0.027062220888786147,,0.002
fp9,sweep_all,Fixed Order Attn,ATTENTION,synthetic,dist,200,boundary_only,0.1,10,1e-12,width,0.0,0,margin_hat_min,1.836716651916504,,11.913
fp9,sweep_all,Fixed Order Attn,ATTENTION,synthetic,dist,200,boundary_only,0.1,10,1e-12,width,0.0,0,d_eff,70.07859857023143,,11.913
fp9,sweep_all,Fixed Order Attn,ATTENTION,synthetic,dist,200,boundary_only,0.1,10,1e-12,width,0.0,0,g_ibp,0.02675785215195094,,0.002
fp9,sweep_all,Fixed Order Attn,ATTENTION,synthetic,dist,200,boundary_only,0.1,10,1e-12,width,0.0,1,margin_hat_min,1.8363604545593262,,15.814
fp9,sweep_all,Fixed Order Attn,ATTENTION,synthetic,dist,200,boundary_only,0.1,10,1e-12,width,0.0,1,d_eff,70.0863913380543,,15.814
fp9,sweep_all,Fixed Order Attn,ATTENTION,synthetic,dist,200,boundary_only,0.1,10,1e-12,width,0.0,1,g_ibp,0.02656907315701203,,0.002
fp9,sweep_all,Fixed Order Attn,ATTENTION,synthetic,dist,200,boundary_only,0.1,10,1e-12,width,0.0,2,margin_hat_min,1.8365975618362427,,11.718
fp9,sweep_all,Fixed Order Attn,ATTENTION,synthetic,dist,200,boundary_only,0.1,10,1e-12,width,0.0,2,d_eff,70.08493107975762,,11.718
fp9,sweep_all,Fixed Order Attn,ATTENTION,synthetic,dist,200,boundary_only,0.1,10,1e-12,width,0.0,2,g_ibp,0.026694744431506788,,0.002
fp9,sweep_all,Fixed Order Attn,ATTENTION,synthetic,dist,200,boundary_only,0.1,10,1e-12,width,0.0,3,margin_hat_min,1.8369550704956055,,16.312
fp9,sweep_all,Fixed Order Attn,ATTENTION,synthetic,dist,200,boundary_only,0.1,10,1e-12,width,0.0,3,d_eff,70.10923531799537,,16.312
fp9,sweep_all,Fixed Order Attn,ATTENTION,synthetic,dist,200,boundary_only,0.1,10,1e-12,width,0.0,3,g_ibp,0.02688416934595229,,0.002
fp9,sweep_all,Fixed Order Attn,ATTENTION,synthetic,dist,200,boundary_only,0.1,10,1e-12,width,0.0,4,margin_hat_min,1.8367918729782104,,16.086
fp9,sweep_all,Fixed Order Attn,ATTENTION,synthetic,dist,200,boundary_only,0.1,10,1e-12,width,0.0,4,d_eff,70.1041345547782,,16.086
fp9,sweep_all,Fixed Order Attn,ATTENTION,synthetic,dist,200,boundary_only,0.1,10,1e-12,width,0.0,4,g_ibp,0.0267977087675728,,0.002
fp9,sweep_all,Fixed Order Attn,ATTENTION,synthetic,dist,200,boundary_only,0.1,10,1e-12,width,0.0,5,margin_hat_min,1.8367362022399902,,15.766
fp9,sweep_all,Fixed Order Attn,ATTENTION,synthetic,dist,200,boundary_only,0.1,10,1e-12,width,0.0,5,d_eff,70.07938012251684,,15.766
fp9,sweep_all,Fixed Order Attn,ATTENTION,synthetic,dist,200,boundary_only,0.1,10,1e-12,width,0.0,5,g_ibp,0.02676821139613513,,0.002
fp9,sweep_all,Fixed Order Attn,ATTENTION,synthetic,dist,200,boundary_only,0.1,10,1e-12,width,0.0,6,margin_hat_min,1.836832046508789,,15.548
fp9,sweep_all,Fixed Order Attn,ATTENTION,synthetic,dist,200,boundary_only,0.1,10,1e-12,width,0.0,6,d_eff,70.07787654546648,,15.548
fp9,sweep_all,Fixed Order Attn,ATTENTION,synthetic,dist,200,boundary_only,0.1,10,1e-12,width,0.0,6,g_ibp,0.026818993768605033,,0.001
fp9,sweep_all,Fixed Order Attn,ATTENTION,synthetic,dist,200,boundary_only,0.1,10,1e-12,width,0.0,7,margin_hat_min,1.836849570274353,,16.027
fp9,sweep_all,Fixed Order Attn,ATTENTION,synthetic,dist,200,boundary_only,0.1,10,1e-12,width,0.0,7,d_eff,70.10548351870402,,16.027
fp9,sweep_all,Fixed Order Attn,ATTENTION,synthetic,dist,200,boundary_only,0.1,10,1e-12,width,0.0,7,g_ibp,0.0268282780323142,,0.003
fp9,sweep_all,Fixed Order Attn,ATTENTION,synthetic,dist,200,current_mixture,0.1,10,1e-12,width,0.0,0,margin_hat_min,1.8341386318206787,,14.558
fp9,sweep_all,Fixed Order Attn,ATTENTION,synthetic,dist,200,current_mixture,0.1,10,1e-12,width,0.0,0,d_eff,70.08474774461104,,14.558
fp9,sweep_all,Fixed Order Attn,ATTENTION,synthetic,dist,200,current_mixture,0.1,10,1e-12,width,0.0,0,g_ibp,0.025389886954705,,0.002
fp9,sweep_all,Fixed Order Attn,ATTENTION,synthetic,dist,200,current_mixture,0.1,10,1e-12,width,0.0,1,margin_hat_min,1.8341386318206787,,14.699
fp9,sweep_all,Fixed Order Attn,ATTENTION,synthetic,dist,200,current_mixture,0.1,10,1e-12,width,0.0,1,d_eff,70.0713250308091,,14.699
fp9,sweep_all,Fixed Order Attn,ATTENTION,synthetic,dist,200,current_mixture,0.1,10,1e-12,width,0.0,1,g_ibp,0.025389886954705,,0.002
fp9,sweep_all,Fixed Order Attn,ATTENTION,synthetic,dist,200,current_mixture,0.1,10,1e-12,width,0.0,2,margin_hat_min,1.8341386318206787,,18.433
fp9,sweep_all,Fixed Order Attn,ATTENTION,synthetic,dist,200,current_mixture,0.1,10,1e-12,width,0.0,2,d_eff,70.10341051792265,,18.433
fp9,sweep_all,Fixed Order Attn,ATTENTION,synthetic,dist,200,current_mixture,0.1,10,1e-12,width,0.0,2,g_ibp,0.025389886954705,,0.003
fp9,sweep_all,Fixed Order Attn,ATTENTION,synthetic,dist,200,current_mixture,0.1,10,1e-12,width,0.0,3,margin_hat_min,1.8341386318206787,,20.138
fp9,sweep_all,Fixed Order Attn,ATTENTION,synthetic,dist,200,current_mixture,0.1,10,1e-12,width,0.0,3,d_eff,70.09952066382105,,20.138
fp9,sweep_all,Fixed Order Attn,ATTENTION,synthetic,dist,200,current_mixture,0.1,10,1e-12,width,0.0,3,g_ibp,0.025389886954705,,0.004
fp9,sweep_all,Fixed Order Attn,ATTENTION,synthetic,dist,200,current_mixture,0.1,10,1e-12,width,0.0,4,margin_hat_min,1.8341386318206787,,19.708
fp9,sweep_all,Fixed Order Attn,ATTENTION,synthetic,dist,200,current_mixture,0.1,10,1e-12,width,0.0,4,d_eff,70.08623510318695,,19.708
fp9,sweep_all,Fixed Order Attn,ATTENTION,synthetic,dist,200,current_mixture,0.1,10,1e-12,width,0.0,4,g_ibp,0.025389886954705,,0.003
fp9,sweep_all,Fixed Order Attn,ATTENTION,synthetic,dist,200,current_mixture,0.1,10,1e-12,width,0.0,5,margin_hat_min,1.8341386318206787,,16.908
fp9,sweep_all,Fixed Order Attn,ATTENTION,synthetic,dist,200,current_mixture,0.1,10,1e-12,width,0.0,5,d_eff,70.10226269412675,,16.908
fp9,sweep_all,Fixed Order Attn,ATTENTION,synthetic,dist,200,current_mixture,0.1,10,1e-12,width,0.0,5,g_ibp,0.025389886954705,,0.001
fp9,sweep_all,Fixed Order Attn,ATTENTION,synthetic,dist,200,current_mixture,0.1,10,1e-12,width,0.0,6,margin_hat_min,1.8341386318206787,,19.912
fp9,sweep_all,Fixed Order Attn,ATTENTION,synthetic,dist,200,current_mixture,0.1,10,1e-12,width,0.0,6,d_eff,70.10137014068586,,19.912
fp9,sweep_all,Fixed Order Attn,ATTENTION,synthetic,dist,200,current_mixture,0.1,10,1e-12,width,0.0,6,g_ibp,0.025389886954705,,0.002
fp9,sweep_all,Fixed Order Attn,ATTENTION,synthetic,dist,200,current_mixture,0.1,10,1e-12,width,0.0,7,margin_hat_min,1.8341386318206787,,20.366
fp9,sweep_all,Fixed Order Attn,ATTENTION,synthetic,dist,200,current_mixture,0.1,10,1e-12,width,0.0,7,d_eff,70.093364210997,,20.366
fp9,sweep_all,Fixed Order Attn,ATTENTION,synthetic,dist,200,current_mixture,0.1,10,1e-12,width,0.0,7,g_ibp,0.025389886954705,,0.002
fp9,sweep_all,Fixed Order Attn,ATTENTION,synthetic,dist,200,pgd_heavy,0.1,10,1e-12,width,0.0,0,margin_hat_min,1.8341386318206787,,25.356
fp9,sweep_all,Fixed Order Attn,ATTENTION,synthetic,dist,200,pgd_heavy,0.1,10,1e-12,width,0.0,0,d_eff,70.10918541905754,,25.356
fp9,sweep_all,Fixed Order Attn,ATTENTION,synthetic,dist,200,pgd_heavy,0.1,10,1e-12,width,0.0,0,g_ibp,0.025389886954705,,0.002
fp9,sweep_all,Fixed Order Attn,ATTENTION,synthetic,dist,200,pgd_heavy,0.1,10,1e-12,width,0.0,1,margin_hat_min,1.8341385126113892,,24.428
fp9,sweep_all,Fixed Order Attn,ATTENTION,synthetic,dist,200,pgd_heavy,0.1,10,1e-12,width,0.0,1,d_eff,70.1001085319618,,24.428
fp9,sweep_all,Fixed Order Attn,ATTENTION,synthetic,dist,200,pgd_heavy,0.1,10,1e-12,width,0.0,1,g_ibp,0.025389823610209278,,0.002
fp9,sweep_all,Fixed Order Attn,ATTENTION,synthetic,dist,200,pgd_heavy,0.1,10,1e-12,width,0.0,2,margin_hat_min,1.8341385126113892,,24.628
fp9,sweep_all,Fixed Order Attn,ATTENTION,synthetic,dist,200,pgd_heavy,0.1,10,1e-12,width,0.0,2,d_eff,70.11853569144665,,24.628
fp9,sweep_all,Fixed Order Attn,ATTENTION,synthetic,dist,200,pgd_heavy,0.1,10,1e-12,width,0.0,2,g_ibp,0.025389823610209278,,0.001
fp9,sweep_all,Fixed Order Attn,ATTENTION,synthetic,dist,200,pgd_heavy,0.1,10,1e-12,width,0.0,3,margin_hat_min,1.8341386318206787,,31.893
fp9,sweep_all,Fixed Order Attn,ATTENTION,synthetic,dist,200,pgd_heavy,0.1,10,1e-12,width,0.0,3,d_eff,70.1005322188742,,31.893
fp9,sweep_all,Fixed Order Attn,ATTENTION,synthetic,dist,200,pgd_heavy,0.1,10,1e-12,width,0.0,3,g_ibp,0.025389886954705,,0.002
fp9,sweep_all,Fixed Order Attn,ATTENTION,synthetic,dist,200,pgd_heavy,0.1,10,1e-12,width,0.0,4,margin_hat_min,1.8341386318206787,,32.593
fp9,sweep_all,Fixed Order Attn,ATTENTION,synthetic,dist,200,pgd_heavy,0.1,10,1e-12,width,0.0,4,d_eff,70.12750151174049,,32.593
fp9,sweep_all,Fixed Order Attn,ATTENTION,synthetic,dist,200,pgd_heavy,0.1,10,1e-12,width,0.0,4,g_ibp,0.025389886954705,,0.002
fp9,sweep_all,Fixed Order Attn,ATTENTION,synthetic,dist,200,pgd_heavy,0.1,10,1e-12,width,0.0,5,margin_hat_min,1.8341386318206787,,32.398
fp9,sweep_all,Fixed Order Attn,ATTENTION,synthetic,dist,200,pgd_heavy,0.1,10,1e-12,width,0.0,5,d_eff,70.11280008472258,,32.398
fp9,sweep_all,Fixed Order Attn,ATTENTION,synthetic,dist,200,pgd_heavy,0.1,10,1e-12,width,0.0,5,g_ibp,0.025389886954705,,0.002
fp9,sweep_all,Fixed Order Attn,ATTENTION,synthetic,dist,200,pgd_heavy,0.1,10,1e-12,width,0.0,6,margin_hat_min,1.8341383934020996,,32.626
fp9,sweep_all,Fixed Order Attn,ATTENTION,synthetic,dist,200,pgd_heavy,0.1,10,1e-12,width,0.0,6,d_eff,70.10334745941898,,32.626
fp9,sweep_all,Fixed Order Attn,ATTENTION,synthetic,dist,200,pgd_heavy,0.1,10,1e-12,width,0.0,6,g_ibp,0.02538976026570532,,0.003
fp9,sweep_all,Fixed Order Attn,ATTENTION,synthetic,dist,200,pgd_heavy,0.1,10,1e-12,width,0.0,7,margin_hat_min,1.8341386318206787,,32.835
fp9,sweep_all,Fixed Order Attn,ATTENTION,synthetic,dist,200,pgd_heavy,0.1,10,1e-12,width,0.0,7,d_eff,70.12059008198872,,32.835
fp9,sweep_all,Fixed Order Attn,ATTENTION,synthetic,dist,200,pgd_heavy,0.1,10,1e-12,width,0.0,7,g_ibp,0.025389886954705,,0.002
fp10,sweep_all,Fixed Order Attn,ATTENTION,synthetic,dist,200,uniform_only,0.1,10,1e-12,width,0.0,0,margin_hat_min,0.6708713173866272,,7.638
fp10,sweep_all,Fixed Order Attn,ATTENTION,synthetic,dist,200,uniform_only,0.1,10,1e-12,width,0.0,0,d_eff,43.57246734730127,,7.638
fp10,sweep_all,Fixed Order Attn,ATTENTION,synthetic,dist,200,uniform_only,0.1,10,1e-12,width,0.0,0,g_ibp,0.05962229705270015,,0.001
fp10,sweep_all,Fixed Order Attn,ATTENTION,synthetic,dist,200,uniform_only,0.1,10,1e-12,width,0.0,1,margin_hat_min,0.67100989818573,,7.511
fp10,sweep_all,Fixed Order Attn,ATTENTION,synthetic,dist,200,uniform_only,0.1,10,1e-12,width,0.0,1,d_eff,43.507239584726996,,7.511
fp10,sweep_all,Fixed Order Attn,ATTENTION,synthetic,dist,200,uniform_only,0.1,10,1e-12,width,0.0,1,g_ibp,0.059816509230322314,,0.002
fp10,sweep_all,Fixed Order Attn,ATTENTION,synthetic,dist,200,uniform_only,0.1,10,1e-12,width,0.0,2,margin_hat_min,0.6708756685256958,,7.595
fp10,sweep_all,Fixed Order Attn,ATTENTION,synthetic,dist,200,uniform_only,0.1,10,1e-12,width,0.0,2,d_eff,43.39091679268974,,7.595
fp10,sweep_all,Fixed Order Attn,ATTENTION,synthetic,dist,200,uniform_only,0.1,10,1e-12,width,0.0,2,g_ibp,0.059628396117481434,,0.001
fp10,sweep_all,Fixed Order Attn,ATTENTION,synthetic,dist,200,uniform_only,0.1,10,1e-12,width,0.0,3,margin_hat_min,0.6708497405052185,,7.528
fp10,sweep_all,Fixed Order Attn,ATTENTION,synthetic,dist,200,uniform_only,0.1,10,1e-12,width,0.0,3,d_eff,43.54139856837201,,7.528
fp10,sweep_all,Fixed Order Attn,ATTENTION,synthetic,dist,200,uniform_only,0.1,10,1e-12,width,0.0,3,g_ibp,0.05959205120634928,,0.001
fp10,sweep_all,Fixed Order Attn,ATTENTION,synthetic,dist,200,uniform_only,0.1,10,1e-12,width,0.0,4,margin_hat_min,0.6706409454345703,,7.907
fp10,sweep_all,Fixed Order Attn,ATTENTION,synthetic,dist,200,uniform_only,0.1,10,1e-12,width,0.0,4,d_eff,43.53947190314096,,7.907
fp10,sweep_all,Fixed Order Attn,ATTENTION,synthetic,dist,200,uniform_only,0.1,10,1e-12,width,0.0,4,g_ibp,0.059299267794535725,,0.002
fp10,sweep_all,Fixed Order Attn,ATTENTION,synthetic,dist,200,uniform_only,0.1,10,1e-12,width,0.0,5,margin_hat_min,0.6708653569221497,,7.711
fp10,sweep_all,Fixed Order Attn,ATTENTION,synthetic,dist,200,uniform_only,0.1,10,1e-12,width,0.0,5,d_eff,43.576480600170605,,7.711
fp10,sweep_all,Fixed Order Attn,ATTENTION,synthetic,dist,200,uniform_only,0.1,10,1e-12,width,0.0,5,g_ibp,0.059613942041018525,,0.002
fp10,sweep_all,Fixed Order Attn,ATTENTION,synthetic,dist,200,uniform_only,0.1,10,1e-12,width,0.0,6,margin_hat_min,0.6706249713897705,,7.865
fp10,sweep_all,Fixed Order Attn,ATTENTION,synthetic,dist,200,uniform_only,0.1,10,1e-12,width,0.0,6,d_eff,43.55518174469008,,7.865
fp10,sweep_all,Fixed Order Attn,ATTENTION,synthetic,dist,200,uniform_only,0.1,10,1e-12,width,0.0,6,g_ibp,0.0592768606425797,,0.002
fp10,sweep_all,Fixed Order Attn,ATTENTION,synthetic,dist,200,uniform_only,0.1,10,1e-12,width,0.0,7,margin_hat_min,0.6709626913070679,,5.345
fp10,sweep_all,Fixed Order Attn,ATTENTION,synthetic,dist,200,uniform_only,0.1,10,1e-12,width,0.0,7,d_eff,43.5717532494145,,5.345
fp10,sweep_all,Fixed Order Attn,ATTENTION,synthetic,dist,200,uniform_only,0.1,10,1e-12,width,0.0,7,g_ibp,0.059750360801290654,,0.002
fp10,sweep_all,Fixed Order Attn,ATTENTION,synthetic,dist,200,boundary_only,0.1,10,1e-12,width,0.0,0,margin_hat_min,0.6701600551605225,,5.465
fp10,sweep_all,Fixed Order Attn,ATTENTION,synthetic,dist,200,boundary_only,0.1,10,1e-12,width,0.0,0,d_eff,43.389847392199876,,5.465
fp10,sweep_all,Fixed Order Attn,ATTENTION,synthetic,dist,200,boundary_only,0.1,10,1e-12,width,0.0,0,g_ibp,0.05862424422453457,,0.001
fp10,sweep_all,Fixed Order Attn,ATTENTION,synthetic,dist,200,boundary_only,0.1,10,1e-12,width,0.0,1,margin_hat_min,0.6702275276184082,,7.723
fp10,sweep_all,Fixed Order Attn,ATTENTION,synthetic,dist,200,boundary_only,0.1,10,1e-12,width,0.0,1,d_eff,43.343140600694205,,7.723
fp10,sweep_all,Fixed Order Attn,ATTENTION,synthetic,dist,200,boundary_only,0.1,10,1e-12,width,0.0,1,g_ibp,0.058719013438598075,,0.002
fp10,sweep_all,Fixed Order Attn,ATTENTION,synthetic,dist,200,boundary_only,0.1,10,1e-12,width,0.0,2,margin_hat_min,0.6702050566673279,,7.148
fp10,sweep_all,Fixed Order Attn,ATTENTION,synthetic,dist,200,boundary_only,0.1,10,1e-12,width,0.0,2,d_eff,43.30552973405428,,7.148
fp10,sweep_all,Fixed Order Attn,ATTENTION,synthetic,dist,200,boundary_only,0.1,10,1e-12,width,0.0,2,g_ibp,0.058687453725952805,,0.002
fp10,sweep_all,Fixed Order Attn,ATTENTION,synthetic,dist,200,boundary_only,0.1,10,1e-12,width,0.0,3,margin_hat_min,0.6705197095870972,,6.99
fp10,sweep_all,Fixed Order Attn,ATTENTION,synthetic,dist,200,boundary_only,0.1,10,1e-12,width,0.0,3,d_eff,43.37371047317388,,6.99
fp10,sweep_all,Fixed Order Attn,ATTENTION,synthetic,dist,200,boundary_only,0.1,10,1e-12,width,0.0,3,g_ibp,0.05912918084726672,,0.002
fp10,sweep_all,Fixed Order Attn,ATTENTION,synthetic,dist,200,boundary_only,0.1,10,1e-12,width,0.0,4,margin_hat_min,0.6700414419174194,,6.452
fp10,sweep_all,Fixed Order Attn,ATTENTION,synthetic,dist,200,boundary_only,0.1,10,1e-12,width,0.0,4,d_eff,43.40853219993157,,6.452
fp10,sweep_all,Fixed Order Attn,ATTENTION,synthetic,dist,200,boundary_only,0.1,10,1e-12,width,0.0,4,g_ibp,0.05845759836595694,,0.002
fp10,sweep_all,Fixed Order Attn,ATTENTION,synthetic,dist,200,boundary_only,0.1,10,1e-12,width,0.0,5,margin_hat_min,0.6704559326171875,,7.503
fp10,sweep_all,Fixed Order Attn,ATTENTION,synthetic,dist,200,boundary_only,0.1,10,1e-12,width,0.0,5,d_eff,43.47210501522168,,7.503
fp10,sweep_all,Fixed Order Attn,ATTENTION,synthetic,dist,200,boundary_only,0.1,10,1e-12,width,0.0,5,g_ibp,0.05903968072204945,,0.001
fp10,sweep_all,Fixed Order Attn,ATTENTION,synthetic,dist,200,boundary_only,0.1,10,1e-12,width,0.0,6,margin_hat_min,0.6703289747238159,,7.219
fp10,sweep_all,Fixed Order Attn,ATTENTION,synthetic,dist,200,boundary_only,0.1,10,1e-12,width,0.0,6,d_eff,43.299555528813045,,7.219
fp10,sweep_all,Fixed Order Attn,ATTENTION,synthetic,dist,200,boundary_only,0.1,10,1e-12,width,0.0,6,g_ibp,0.05886146622679983,,0.002
fp10,sweep_all,Fixed Order Attn,ATTENTION,synthetic,dist,200,boundary_only,0.1,10,1e-12,width,0.0,7,margin_hat_min,0.6700787544250488,,7.342
fp10,sweep_all,Fixed Order Attn,ATTENTION,synthetic,dist,200,boundary_only,0.1,10,1e-12,width,0.0,7,d_eff,43.38723535450197,,7.342
fp10,sweep_all,Fixed Order Attn,ATTENTION,synthetic,dist,200,boundary_only,0.1,10,1e-12,width,0.0,7,g_ibp,0.058510026991416726,,0.002
fp10,sweep_all,Fixed Order Attn,ATTENTION,synthetic,dist,200,current_mixture,0.1,10,1e-12,width,0.0,0,margin_hat_min,0.6677330732345581,,9.385
fp10,sweep_all,Fixed Order Attn,ATTENTION,synthetic,dist,200,current_mixture,0.1,10,1e-12,width,0.0,0,d_eff,43.561831473200016,,9.385
fp10,sweep_all,Fixed Order Attn,ATTENTION,synthetic,dist,200,current_mixture,0.1,10,1e-12,width,0.0,0,g_ibp,0.05520266449996384,,0.002
fp10,sweep_all,Fixed Order Attn,ATTENTION,synthetic,dist,200,current_mixture,0.1,10,1e-12,width,0.0,1,margin_hat_min,0.6677330732345581,,9.487
fp10,sweep_all,Fixed Order Attn,ATTENTION,synthetic,dist,200,current_mixture,0.1,10,1e-12,width,0.0,1,d_eff,43.56074592951178,,9.487
fp10,sweep_all,Fixed Order Attn,ATTENTION,synthetic,dist,200,current_mixture,0.1,10,1e-12,width,0.0,1,g_ibp,0.05520266449996384,,0.001
fp10,sweep_all,Fixed Order Attn,ATTENTION,synthetic,dist,200,current_mixture,0.1,10,1e-12,width,0.0,2,margin_hat_min,0.6677330732345581,,9.305
fp10,sweep_all,Fixed Order Attn,ATTENTION,synthetic,dist,200,current_mixture,0.1,10,1e-12,width,0.0,2,d_eff,43.41381971514923,,9.305
fp10,sweep_all,Fixed Order Attn,ATTENTION,synthetic,dist,200,current_mixture,0.1,10,1e-12,width,0.0,2,g_ibp,0.05520266449996384,,0.002
fp10,sweep_all,Fixed Order Attn,ATTENTION,synthetic,dist,200,current_mixture,0.1,10,1e-12,width,0.0,3,margin_hat_min,0.6677330732345581,,9.171
fp10,sweep_all,Fixed Order Attn,ATTENTION,synthetic,dist,200,current_mixture,0.1,10,1e-12,width,0.0,3,d_eff,43.539627319028355,,9.171
fp10,sweep_all,Fixed Order Attn,ATTENTION,synthetic,dist,200,current_mixture,0.1,10,1e-12,width,0.0,3,g_ibp,0.05520266449996384,,0.001
fp10,sweep_all,Fixed Order Attn,ATTENTION,synthetic,dist,200,current_mixture,0.1,10,1e-12,width,0.0,4,margin_hat_min,0.6677330732345581,,9.156
fp10,sweep_all,Fixed Order Attn,ATTENTION,synthetic,dist,200,current_mixture,0.1,10,1e-12,width,0.0,4,d_eff,43.54411500506274,,9.156
fp10,sweep_all,Fixed Order Attn,ATTENTION,synthetic,dist,200,current_mixture,0.1,10,1e-12,width,0.0,4,g_ibp,0.05520266449996384,,0.002
fp10,sweep_all,Fixed Order Attn,ATTENTION,synthetic,dist,200,current_mixture,0.1,10,1e-12,width,0.0,5,margin_hat_min,0.6677330732345581,,9.358
fp10,sweep_all,Fixed Order Attn,ATTENTION,synthetic,dist,200,current_mixture,0.1,10,1e-12,width,0.0,5,d_eff,43.49784291727564,,9.358
fp10,sweep_all,Fixed Order Attn,ATTENTION,synthetic,dist,200,current_mixture,0.1,10,1e-12,width,0.0,5,g_ibp,0.05520266449996384,,0.002
fp10,sweep_all,Fixed Order Attn,ATTENTION,synthetic,dist,200,current_mixture,0.1,10,1e-12,width,0.0,6,margin_hat_min,0.6677330732345581,,9.477
fp10,sweep_all,Fixed Order Attn,ATTENTION,synthetic,dist,200,current_mixture,0.1,10,1e-12,width,0.0,6,d_eff,43.52881817337164,,9.477
fp10,sweep_all,Fixed Order Attn,ATTENTION,synthetic,dist,200,current_mixture,0.1,10,1e-12,width,0.0,6,g_ibp,0.05520266449996384,,0.002
fp10,sweep_all,Fixed Order Attn,ATTENTION,synthetic,dist,200,current_mixture,0.1,10,1e-12,width,0.0,7,margin_hat_min,0.6677330732345581,,9.351
fp10,sweep_all,Fixed Order Attn,ATTENTION,synthetic,dist,200,current_mixture,0.1,10,1e-12,width,0.0,7,d_eff,43.580377863931815,,9.351
fp10,sweep_all,Fixed Order Attn,ATTENTION,synthetic,dist,200,current_mixture,0.1,10,1e-12,width,0.0,7,g_ibp,0.05520266449996384,,0.002
fp10,sweep_all,Fixed Order Attn,ATTENTION,synthetic,dist,200,pgd_heavy,0.1,10,1e-12,width,0.0,0,margin_hat_min,0.6677330732345581,,15.094
fp10,sweep_all,Fixed Order Attn,ATTENTION,synthetic,dist,200,pgd_heavy,0.1,10,1e-12,width,0.0,0,d_eff,43.579208714052,,15.094
fp10,sweep_all,Fixed Order Attn,ATTENTION,synthetic,dist,200,pgd_heavy,0.1,10,1e-12,width,0.0,0,g_ibp,0.05520266449996384,,0.002
fp10,sweep_all,Fixed Order Attn,ATTENTION,synthetic,dist,200,pgd_heavy,0.1,10,1e-12,width,0.0,1,margin_hat_min,0.6677330732345581,,15.272
fp10,sweep_all,Fixed Order Attn,ATTENTION,synthetic,dist,200,pgd_heavy,0.1,10,1e-12,width,0.0,1,d_eff,43.48103965778781,,15.272
fp10,sweep_all,Fixed Order Attn,ATTENTION,synthetic,dist,200,pgd_heavy,0.1,10,1e-12,width,0.0,1,g_ibp,0.05520266449996384,,0.002
fp10,sweep_all,Fixed Order Attn,ATTENTION,synthetic,dist,200,pgd_heavy,0.1,10,1e-12,width,0.0,2,margin_hat_min,0.6677330732345581,,13.936
fp10,sweep_all,Fixed Order Attn,ATTENTION,synthetic,dist,200,pgd_heavy,0.1,10,1e-12,width,0.0,2,d_eff,43.44802886440833,,13.936
fp10,sweep_all,Fixed Order Attn,ATTENTION,synthetic,dist,200,pgd_heavy,0.1,10,1e-12,width,0.0,2,g_ibp,0.05520266449996384,,0.003
fp10,sweep_all,Fixed Order Attn,ATTENTION,synthetic,dist,200,pgd_heavy,0.1,10,1e-12,width,0.0,3,margin_hat_min,0.6677330732345581,,11.874
fp10,sweep_all,Fixed Order Attn,ATTENTION,synthetic,dist,200,pgd_heavy,0.1,10,1e-12,width,0.0,3,d_eff,43.49566946232592,,11.874
fp10,sweep_all,Fixed Order Attn,ATTENTION,synthetic,dist,200,pgd_heavy,0.1,10,1e-12,width,0.0,3,g_ibp,0.05520266449996384,,0.002
fp10,sweep_all,Fixed Order Attn,ATTENTION,synthetic,dist,200,pgd_heavy,0.1,10,1e-12,width,0.0,4,margin_hat_min,0.6677330732345581,,12.032
fp10,sweep_all,Fixed Order Attn,ATTENTION,synthetic,dist,200,pgd_heavy,0.1,10,1e-12,width,0.0,4,d_eff,43.47832010337526,,12.032
fp10,sweep_all,Fixed Order Attn,ATTENTION,synthetic,dist,200,pgd_heavy,0.1,10,1e-12,width,0.0,4,g_ibp,0.05520266449996384,,0.001
fp10,sweep_all,Fixed Order Attn,ATTENTION,synthetic,dist,200,pgd_heavy,0.1,10,1e-12,width,0.0,5,margin_hat_min,0.6677330136299133,,15.286
fp10,sweep_all,Fixed Order Attn,ATTENTION,synthetic,dist,200,pgd_heavy,0.1,10,1e-12,width,0.0,5,d_eff,43.51103144337241,,15.286
fp10,sweep_all,Fixed Order Attn,ATTENTION,synthetic,dist,200,pgd_heavy,0.1,10,1e-12,width,0.0,5,g_ibp,0.05520258016339755,,0.002
fp10,sweep_all,Fixed Order Attn,ATTENTION,synthetic,dist,200,pgd_heavy,0.1,10,1e-12,width,0.0,6,margin_hat_min,0.6677330136299133,,11.371
fp10,sweep_all,Fixed Order Attn,ATTENTION,synthetic,dist,200,pgd_heavy,0.1,10,1e-12,width,0.0,6,d_eff,43.43017973438355,,11.371
fp10,sweep_all,Fixed Order Attn,ATTENTION,synthetic,dist,200,pgd_heavy,0.1,10,1e-12,width,0.0,6,g_ibp,0.05520258016339755,,0.003
fp10,sweep_all,Fixed Order Attn,ATTENTION,synthetic,dist,200,pgd_heavy,0.1,10,1e-12,width,0.0,7,margin_hat_min,0.6677329540252686,,15.188
fp10,sweep_all,Fixed Order Attn,ATTENTION,synthetic,dist,200,pgd_heavy,0.1,10,1e-12,width,0.0,7,d_eff,43.420714682416914,,15.188
fp10,sweep_all,Fixed Order Attn,ATTENTION,synthetic,dist,200,pgd_heavy,0.1,10,1e-12,width,0.0,7,g_ibp,0.0552024958268162,,0.001
rc7,sweep_all,Input-Corner Stress,MLP,synthetic,dist,200,uniform_only,0.1,10,1e-12,width,0.0,0,margin_hat_min,4.0,,4.463
rc7,sweep_all,Input-Corner Stress,MLP,synthetic,dist,200,uniform_only,0.1,10,1e-12,width,0.0,0,d_eff,0.0,,4.463
rc7,sweep_all,Input-Corner Stress,MLP,synthetic,dist,200,uniform_only,0.1,10,1e-12,width,0.0,0,g_ibp,0.25267440080636383,,0.001
rc7,sweep_all,Input-Corner Stress,MLP,synthetic,dist,200,uniform_only,0.1,10,1e-12,width,0.0,1,margin_hat_min,4.0,,4.268
rc7,sweep_all,Input-Corner Stress,MLP,synthetic,dist,200,uniform_only,0.1,10,1e-12,width,0.0,1,d_eff,0.0,,4.268
rc7,sweep_all,Input-Corner Stress,MLP,synthetic,dist,200,uniform_only,0.1,10,1e-12,width,0.0,1,g_ibp,0.25267440080636383,,0.001
rc7,sweep_all,Input-Corner Stress,MLP,synthetic,dist,200,uniform_only,0.1,10,1e-12,width,0.0,2,margin_hat_min,4.0,,4.458
rc7,sweep_all,Input-Corner Stress,MLP,synthetic,dist,200,uniform_only,0.1,10,1e-12,width,0.0,2,d_eff,0.0,,4.458
rc7,sweep_all,Input-Corner Stress,MLP,synthetic,dist,200,uniform_only,0.1,10,1e-12,width,0.0,2,g_ibp,0.25267440080636383,,0.001
rc7,sweep_all,Input-Corner Stress,MLP,synthetic,dist,200,uniform_only,0.1,10,1e-12,width,0.0,3,margin_hat_min,4.0,,4.55
rc7,sweep_all,Input-Corner Stress,MLP,synthetic,dist,200,uniform_only,0.1,10,1e-12,width,0.0,3,d_eff,0.0,,4.55
rc7,sweep_all,Input-Corner Stress,MLP,synthetic,dist,200,uniform_only,0.1,10,1e-12,width,0.0,3,g_ibp,0.25267440080636383,,0.001
rc7,sweep_all,Input-Corner Stress,MLP,synthetic,dist,200,uniform_only,0.1,10,1e-12,width,0.0,4,margin_hat_min,4.0,,4.272
rc7,sweep_all,Input-Corner Stress,MLP,synthetic,dist,200,uniform_only,0.1,10,1e-12,width,0.0,4,d_eff,0.0,,4.272
rc7,sweep_all,Input-Corner Stress,MLP,synthetic,dist,200,uniform_only,0.1,10,1e-12,width,0.0,4,g_ibp,0.25267440080636383,,0.001
rc7,sweep_all,Input-Corner Stress,MLP,synthetic,dist,200,uniform_only,0.1,10,1e-12,width,0.0,5,margin_hat_min,4.0,,4.446
rc7,sweep_all,Input-Corner Stress,MLP,synthetic,dist,200,uniform_only,0.1,10,1e-12,width,0.0,5,d_eff,0.0,,4.446
rc7,sweep_all,Input-Corner Stress,MLP,synthetic,dist,200,uniform_only,0.1,10,1e-12,width,0.0,5,g_ibp,0.25267440080636383,,0.001
rc7,sweep_all,Input-Corner Stress,MLP,synthetic,dist,200,uniform_only,0.1,10,1e-12,width,0.0,6,margin_hat_min,4.0,,4.52
rc7,sweep_all,Input-Corner Stress,MLP,synthetic,dist,200,uniform_only,0.1,10,1e-12,width,0.0,6,d_eff,0.0,,4.52
rc7,sweep_all,Input-Corner Stress,MLP,synthetic,dist,200,uniform_only,0.1,10,1e-12,width,0.0,6,g_ibp,0.25267440080636383,,0.001
rc7,sweep_all,Input-Corner Stress,MLP,synthetic,dist,200,uniform_only,0.1,10,1e-12,width,0.0,7,margin_hat_min,4.0,,4.613
rc7,sweep_all,Input-Corner Stress,MLP,synthetic,dist,200,uniform_only,0.1,10,1e-12,width,0.0,7,d_eff,0.0,,4.613
rc7,sweep_all,Input-Corner Stress,MLP,synthetic,dist,200,uniform_only,0.1,10,1e-12,width,0.0,7,g_ibp,0.25267440080636383,,0.002
rc7,sweep_all,Input-Corner Stress,MLP,synthetic,dist,200,boundary_only,0.1,10,1e-12,width,0.0,0,margin_hat_min,4.0,,3.462
rc7,sweep_all,Input-Corner Stress,MLP,synthetic,dist,200,boundary_only,0.1,10,1e-12,width,0.0,0,d_eff,0.0,,3.462
rc7,sweep_all,Input-Corner Stress,MLP,synthetic,dist,200,boundary_only,0.1,10,1e-12,width,0.0,0,g_ibp,0.25267440080636383,,0.001
rc7,sweep_all,Input-Corner Stress,MLP,synthetic,dist,200,boundary_only,0.1,10,1e-12,width,0.0,1,margin_hat_min,4.0,,3.448
rc7,sweep_all,Input-Corner Stress,MLP,synthetic,dist,200,boundary_only,0.1,10,1e-12,width,0.0,1,d_eff,0.0,,3.448
rc7,sweep_all,Input-Corner Stress,MLP,synthetic,dist,200,boundary_only,0.1,10,1e-12,width,0.0,1,g_ibp,0.25267440080636383,,0.001
rc7,sweep_all,Input-Corner Stress,MLP,synthetic,dist,200,boundary_only,0.1,10,1e-12,width,0.0,2,margin_hat_min,4.0,,3.682
rc7,sweep_all,Input-Corner Stress,MLP,synthetic,dist,200,boundary_only,0.1,10,1e-12,width,0.0,2,d_eff,0.0,,3.682
rc7,sweep_all,Input-Corner Stress,MLP,synthetic,dist,200,boundary_only,0.1,10,1e-12,width,0.0,2,g_ibp,0.25267440080636383,,0.001
rc7,sweep_all,Input-Corner Stress,MLP,synthetic,dist,200,boundary_only,0.1,10,1e-12,width,0.0,3,margin_hat_min,4.0,,4.3
rc7,sweep_all,Input-Corner Stress,MLP,synthetic,dist,200,boundary_only,0.1,10,1e-12,width,0.0,3,d_eff,0.0,,4.3
rc7,sweep_all,Input-Corner Stress,MLP,synthetic,dist,200,boundary_only,0.1,10,1e-12,width,0.0,3,g_ibp,0.25267440080636383,,0.001
rc7,sweep_all,Input-Corner Stress,MLP,synthetic,dist,200,boundary_only,0.1,10,1e-12,width,0.0,4,margin_hat_min,4.0,,4.434
rc7,sweep_all,Input-Corner Stress,MLP,synthetic,dist,200,boundary_only,0.1,10,1e-12,width,0.0,4,d_eff,0.0,,4.434
rc7,sweep_all,Input-Corner Stress,MLP,synthetic,dist,200,boundary_only,0.1,10,1e-12,width,0.0,4,g_ibp,0.25267440080636383,,0.001
rc7,sweep_all,Input-Corner Stress,MLP,synthetic,dist,200,boundary_only,0.1,10,1e-12,width,0.0,5,margin_hat_min,4.0,,4.626
rc7,sweep_all,Input-Corner Stress,MLP,synthetic,dist,200,boundary_only,0.1,10,1e-12,width,0.0,5,d_eff,0.0,,4.626
rc7,sweep_all,Input-Corner Stress,MLP,synthetic,dist,200,boundary_only,0.1,10,1e-12,width,0.0,5,g_ibp,0.25267440080636383,,0.001
rc7,sweep_all,Input-Corner Stress,MLP,synthetic,dist,200,boundary_only,0.1,10,1e-12,width,0.0,6,margin_hat_min,4.0,,4.408
rc7,sweep_all,Input-Corner Stress,MLP,synthetic,dist,200,boundary_only,0.1,10,1e-12,width,0.0,6,d_eff,0.0,,4.408
rc7,sweep_all,Input-Corner Stress,MLP,synthetic,dist,200,boundary_only,0.1,10,1e-12,width,0.0,6,g_ibp,0.25267440080636383,,0.001
rc7,sweep_all,Input-Corner Stress,MLP,synthetic,dist,200,boundary_only,0.1,10,1e-12,width,0.0,7,margin_hat_min,4.0,,4.54
rc7,sweep_all,Input-Corner Stress,MLP,synthetic,dist,200,boundary_only,0.1,10,1e-12,width,0.0,7,d_eff,0.0,,4.54
rc7,sweep_all,Input-Corner Stress,MLP,synthetic,dist,200,boundary_only,0.1,10,1e-12,width,0.0,7,g_ibp,0.25267440080636383,,0.001
rc7,sweep_all,Input-Corner Stress,MLP,synthetic,dist,200,current_mixture,0.1,10,1e-12,width,0.0,0,margin_hat_min,4.0,,6.483
rc7,sweep_all,Input-Corner Stress,MLP,synthetic,dist,200,current_mixture,0.1,10,1e-12,width,0.0,0,d_eff,0.0,,6.483
rc7,sweep_all,Input-Corner Stress,MLP,synthetic,dist,200,current_mixture,0.1,10,1e-12,width,0.0,0,g_ibp,0.25267440080636383,,0.001
rc7,sweep_all,Input-Corner Stress,MLP,synthetic,dist,200,current_mixture,0.1,10,1e-12,width,0.0,1,margin_hat_min,4.0,,6.701
rc7,sweep_all,Input-Corner Stress,MLP,synthetic,dist,200,current_mixture,0.1,10,1e-12,width,0.0,1,d_eff,0.0,,6.701
rc7,sweep_all,Input-Corner Stress,MLP,synthetic,dist,200,current_mixture,0.1,10,1e-12,width,0.0,1,g_ibp,0.25267440080636383,,0.001
rc7,sweep_all,Input-Corner Stress,MLP,synthetic,dist,200,current_mixture,0.1,10,1e-12,width,0.0,2,margin_hat_min,4.0,,6.329
rc7,sweep_all,Input-Corner Stress,MLP,synthetic,dist,200,current_mixture,0.1,10,1e-12,width,0.0,2,d_eff,0.0,,6.329
rc7,sweep_all,Input-Corner Stress,MLP,synthetic,dist,200,current_mixture,0.1,10,1e-12,width,0.0,2,g_ibp,0.25267440080636383,,0.001
rc7,sweep_all,Input-Corner Stress,MLP,synthetic,dist,200,current_mixture,0.1,10,1e-12,width,0.0,3,margin_hat_min,4.0,,5.112
rc7,sweep_all,Input-Corner Stress,MLP,synthetic,dist,200,current_mixture,0.1,10,1e-12,width,0.0,3,d_eff,0.0,,5.112
rc7,sweep_all,Input-Corner Stress,MLP,synthetic,dist,200,current_mixture,0.1,10,1e-12,width,0.0,3,g_ibp,0.25267440080636383,,0.001
rc7,sweep_all,Input-Corner Stress,MLP,synthetic,dist,200,current_mixture,0.1,10,1e-12,width,0.0,4,margin_hat_min,4.0,,6.754
rc7,sweep_all,Input-Corner Stress,MLP,synthetic,dist,200,current_mixture,0.1,10,1e-12,width,0.0,4,d_eff,0.0,,6.754
rc7,sweep_all,Input-Corner Stress,MLP,synthetic,dist,200,current_mixture,0.1,10,1e-12,width,0.0,4,g_ibp,0.25267440080636383,,0.001
rc7,sweep_all,Input-Corner Stress,MLP,synthetic,dist,200,current_mixture,0.1,10,1e-12,width,0.0,5,margin_hat_min,4.0,,5.121
rc7,sweep_all,Input-Corner Stress,MLP,synthetic,dist,200,current_mixture,0.1,10,1e-12,width,0.0,5,d_eff,0.0,,5.121
rc7,sweep_all,Input-Corner Stress,MLP,synthetic,dist,200,current_mixture,0.1,10,1e-12,width,0.0,5,g_ibp,0.25267440080636383,,0.001
rc7,sweep_all,Input-Corner Stress,MLP,synthetic,dist,200,current_mixture,0.1,10,1e-12,width,0.0,6,margin_hat_min,4.0,,5.292
rc7,sweep_all,Input-Corner Stress,MLP,synthetic,dist,200,current_mixture,0.1,10,1e-12,width,0.0,6,d_eff,0.0,,5.292
rc7,sweep_all,Input-Corner Stress,MLP,synthetic,dist,200,current_mixture,0.1,10,1e-12,width,0.0,6,g_ibp,0.25267440080636383,,0.001
rc7,sweep_all,Input-Corner Stress,MLP,synthetic,dist,200,current_mixture,0.1,10,1e-12,width,0.0,7,margin_hat_min,4.0,,6.812
rc7,sweep_all,Input-Corner Stress,MLP,synthetic,dist,200,current_mixture,0.1,10,1e-12,width,0.0,7,d_eff,0.0,,6.812
rc7,sweep_all,Input-Corner Stress,MLP,synthetic,dist,200,current_mixture,0.1,10,1e-12,width,0.0,7,g_ibp,0.25267440080636383,,0.001
rc7,sweep_all,Input-Corner Stress,MLP,synthetic,dist,200,pgd_heavy,0.1,10,1e-12,width,0.0,0,margin_hat_min,4.0,,10.347
rc7,sweep_all,Input-Corner Stress,MLP,synthetic,dist,200,pgd_heavy,0.1,10,1e-12,width,0.0,0,d_eff,0.0,,10.347
rc7,sweep_all,Input-Corner Stress,MLP,synthetic,dist,200,pgd_heavy,0.1,10,1e-12,width,0.0,0,g_ibp,0.25267440080636383,,0.001
rc7,sweep_all,Input-Corner Stress,MLP,synthetic,dist,200,pgd_heavy,0.1,10,1e-12,width,0.0,1,margin_hat_min,4.0,,10.919
rc7,sweep_all,Input-Corner Stress,MLP,synthetic,dist,200,pgd_heavy,0.1,10,1e-12,width,0.0,1,d_eff,0.0,,10.919
rc7,sweep_all,Input-Corner Stress,MLP,synthetic,dist,200,pgd_heavy,0.1,10,1e-12,width,0.0,1,g_ibp,0.25267440080636383,,0.001
rc7,sweep_all,Input-Corner Stress,MLP,synthetic,dist,200,pgd_heavy,0.1,10,1e-12,width,0.0,2,margin_hat_min,4.0,,12.123
rc7,sweep_all,Input-Corner Stress,MLP,synthetic,dist,200,pgd_heavy,0.1,10,1e-12,width,0.0,2,d_eff,0.0,,12.123
rc7,sweep_all,Input-Corner Stress,MLP,synthetic,dist,200,pgd_heavy,0.1,10,1e-12,width,0.0,2,g_ibp,0.25267440080636383,,0.001
rc7,sweep_all,Input-Corner Stress,MLP,synthetic,dist,200,pgd_heavy,0.1,10,1e-12,width,0.0,3,margin_hat_min,4.0,,12.407
rc7,sweep_all,Input-Corner Stress,MLP,synthetic,dist,200,pgd_heavy,0.1,10,1e-12,width,0.0,3,d_eff,0.0,,12.407
rc7,sweep_all,Input-Corner Stress,MLP,synthetic,dist,200,pgd_heavy,0.1,10,1e-12,width,0.0,3,g_ibp,0.25267440080636383,,0.001
rc7,sweep_all,Input-Corner Stress,MLP,synthetic,dist,200,pgd_heavy,0.1,10,1e-12,width,0.0,4,margin_hat_min,4.0,,12.088
rc7,sweep_all,Input-Corner Stress,MLP,synthetic,dist,200,pgd_heavy,0.1,10,1e-12,width,0.0,4,d_eff,0.0,,12.088
rc7,sweep_all,Input-Corner Stress,MLP,synthetic,dist,200,pgd_heavy,0.1,10,1e-12,width,0.0,4,g_ibp,0.25267440080636383,,0.001
rc7,sweep_all,Input-Corner Stress,MLP,synthetic,dist,200,pgd_heavy,0.1,10,1e-12,width,0.0,5,margin_hat_min,4.0,,10.185
rc7,sweep_all,Input-Corner Stress,MLP,synthetic,dist,200,pgd_heavy,0.1,10,1e-12,width,0.0,5,d_eff,0.0,,10.185
rc7,sweep_all,Input-Corner Stress,MLP,synthetic,dist,200,pgd_heavy,0.1,10,1e-12,width,0.0,5,g_ibp,0.25267440080636383,,0.001
rc7,sweep_all,Input-Corner Stress,MLP,synthetic,dist,200,pgd_heavy,0.1,10,1e-12,width,0.0,6,margin_hat_min,4.0,,12.109
rc7,sweep_all,Input-Corner Stress,MLP,synthetic,dist,200,pgd_heavy,0.1,10,1e-12,width,0.0,6,d_eff,0.0,,12.109
rc7,sweep_all,Input-Corner Stress,MLP,synthetic,dist,200,pgd_heavy,0.1,10,1e-12,width,0.0,6,g_ibp,0.25267440080636383,,0.001
rc7,sweep_all,Input-Corner Stress,MLP,synthetic,dist,200,pgd_heavy,0.1,10,1e-12,width,0.0,7,margin_hat_min,4.0,,12.85
rc7,sweep_all,Input-Corner Stress,MLP,synthetic,dist,200,pgd_heavy,0.1,10,1e-12,width,0.0,7,d_eff,0.0,,12.85
rc7,sweep_all,Input-Corner Stress,MLP,synthetic,dist,200,pgd_heavy,0.1,10,1e-12,width,0.0,7,g_ibp,0.25267440080636383,,0.002
rc15,sweep_all,Input-Corner Stress,MLP,synthetic,dist,200,uniform_only,0.1,10,1e-12,width,0.0,0,margin_hat_min,4.0,,4.528
rc15,sweep_all,Input-Corner Stress,MLP,synthetic,dist,200,uniform_only,0.1,10,1e-12,width,0.0,0,d_eff,0.0,,4.528
rc15,sweep_all,Input-Corner Stress,MLP,synthetic,dist,200,uniform_only,0.1,10,1e-12,width,0.0,0,g_ibp,2438.0664062493906,,0.001
rc15,sweep_all,Input-Corner Stress,MLP,synthetic,dist,200,uniform_only,0.1,10,1e-12,width,0.0,1,margin_hat_min,4.0,,4.428
rc15,sweep_all,Input-Corner Stress,MLP,synthetic,dist,200,uniform_only,0.1,10,1e-12,width,0.0,1,d_eff,0.0,,4.428
rc15,sweep_all,Input-Corner Stress,MLP,synthetic,dist,200,uniform_only,0.1,10,1e-12,width,0.0,1,g_ibp,2438.0664062493906,,0.001
rc15,sweep_all,Input-Corner Stress,MLP,synthetic,dist,200,uniform_only,0.1,10,1e-12,width,0.0,2,margin_hat_min,4.0,,3.848
rc15,sweep_all,Input-Corner Stress,MLP,synthetic,dist,200,uniform_only,0.1,10,1e-12,width,0.0,2,d_eff,0.0,,3.848
rc15,sweep_all,Input-Corner Stress,MLP,synthetic,dist,200,uniform_only,0.1,10,1e-12,width,0.0,2,g_ibp,2438.0664062493906,,0.001
rc15,sweep_all,Input-Corner Stress,MLP,synthetic,dist,200,uniform_only,0.1,10,1e-12,width,0.0,3,margin_hat_min,4.0,,4.648
rc15,sweep_all,Input-Corner Stress,MLP,synthetic,dist,200,uniform_only,0.1,10,1e-12,width,0.0,3,d_eff,0.0,,4.648
rc15,sweep_all,Input-Corner Stress,MLP,synthetic,dist,200,uniform_only,0.1,10,1e-12,width,0.0,3,g_ibp,2438.0664062493906,,0.001
rc15,sweep_all,Input-Corner Stress,MLP,synthetic,dist,200,uniform_only,0.1,10,1e-12,width,0.0,4,margin_hat_min,4.0,,4.361
rc15,sweep_all,Input-Corner Stress,MLP,synthetic,dist,200,uniform_only,0.1,10,1e-12,width,0.0,4,d_eff,0.0,,4.361
rc15,sweep_all,Input-Corner Stress,MLP,synthetic,dist,200,uniform_only,0.1,10,1e-12,width,0.0,4,g_ibp,2438.0664062493906,,0.001
rc15,sweep_all,Input-Corner Stress,MLP,synthetic,dist,200,uniform_only,0.1,10,1e-12,width,0.0,5,margin_hat_min,4.0,,3.769
rc15,sweep_all,Input-Corner Stress,MLP,synthetic,dist,200,uniform_only,0.1,10,1e-12,width,0.0,5,d_eff,0.0,,3.769
rc15,sweep_all,Input-Corner Stress,MLP,synthetic,dist,200,uniform_only,0.1,10,1e-12,width,0.0,5,g_ibp,2438.0664062493906,,0.001
rc15,sweep_all,Input-Corner Stress,MLP,synthetic,dist,200,uniform_only,0.1,10,1e-12,width,0.0,6,margin_hat_min,4.0,,4.331
rc15,sweep_all,Input-Corner Stress,MLP,synthetic,dist,200,uniform_only,0.1,10,1e-12,width,0.0,6,d_eff,0.0,,4.331
rc15,sweep_all,Input-Corner Stress,MLP,synthetic,dist,200,uniform_only,0.1,10,1e-12,width,0.0,6,g_ibp,2438.0664062493906,,0.001
rc15,sweep_all,Input-Corner Stress,MLP,synthetic,dist,200,uniform_only,0.1,10,1e-12,width,0.0,7,margin_hat_min,4.0,,4.203
rc15,sweep_all,Input-Corner Stress,MLP,synthetic,dist,200,uniform_only,0.1,10,1e-12,width,0.0,7,d_eff,0.0,,4.203
rc15,sweep_all,Input-Corner Stress,MLP,synthetic,dist,200,uniform_only,0.1,10,1e-12,width,0.0,7,g_ibp,2438.0664062493906,,0.001
rc15,sweep_all,Input-Corner Stress,MLP,synthetic,dist,200,boundary_only,0.1,10,1e-12,width,0.0,0,margin_hat_min,4.0,,3.862
rc15,sweep_all,Input-Corner Stress,MLP,synthetic,dist,200,boundary_only,0.1,10,1e-12,width,0.0,0,d_eff,0.0,,3.862
rc15,sweep_all,Input-Corner Stress,MLP,synthetic,dist,200,boundary_only,0.1,10,1e-12,width,0.0,0,g_ibp,2438.0664062493906,,0.001
rc15,sweep_all,Input-Corner Stress,MLP,synthetic,dist,200,boundary_only,0.1,10,1e-12,width,0.0,1,margin_hat_min,4.0,,4.297
rc15,sweep_all,Input-Corner Stress,MLP,synthetic,dist,200,boundary_only,0.1,10,1e-12,width,0.0,1,d_eff,0.0,,4.297
rc15,sweep_all,Input-Corner Stress,MLP,synthetic,dist,200,boundary_only,0.1,10,1e-12,width,0.0,1,g_ibp,2438.0664062493906,,0.001
rc15,sweep_all,Input-Corner Stress,MLP,synthetic,dist,200,boundary_only,0.1,10,1e-12,width,0.0,2,margin_hat_min,4.0,,4.552
rc15,sweep_all,Input-Corner Stress,MLP,synthetic,dist,200,boundary_only,0.1,10,1e-12,width,0.0,2,d_eff,0.0,,4.552
rc15,sweep_all,Input-Corner Stress,MLP,synthetic,dist,200,boundary_only,0.1,10,1e-12,width,0.0,2,g_ibp,2438.0664062493906,,0.001
rc15,sweep_all,Input-Corner Stress,MLP,synthetic,dist,200,boundary_only,0.1,10,1e-12,width,0.0,3,margin_hat_min,3.99951171875,,4.425
rc15,sweep_all,Input-Corner Stress,MLP,synthetic,dist,200,boundary_only,0.1,10,1e-12,width,0.0,3,d_eff,0.031032489728077796,,4.425
rc15,sweep_all,Input-Corner Stress,MLP,synthetic,dist,200,boundary_only,0.1,10,1e-12,width,0.0,3,g_ibp,2438.3639360267375,,0.001
rc15,sweep_all,Input-Corner Stress,MLP,synthetic,dist,200,boundary_only,0.1,10,1e-12,width,0.0,4,margin_hat_min,4.0,,4.24
rc15,sweep_all,Input-Corner Stress,MLP,synthetic,dist,200,boundary_only,0.1,10,1e-12,width,0.0,4,d_eff,0.0,,4.24
rc15,sweep_all,Input-Corner Stress,MLP,synthetic,dist,200,boundary_only,0.1,10,1e-12,width,0.0,4,g_ibp,2438.0664062493906,,0.001
rc15,sweep_all,Input-Corner Stress,MLP,synthetic,dist,200,boundary_only,0.1,10,1e-12,width,0.0,5,margin_hat_min,3.99951171875,,4.459
rc15,sweep_all,Input-Corner Stress,MLP,synthetic,dist,200,boundary_only,0.1,10,1e-12,width,0.0,5,d_eff,0.031032489728077796,,4.459
rc15,sweep_all,Input-Corner Stress,MLP,synthetic,dist,200,boundary_only,0.1,10,1e-12,width,0.0,5,g_ibp,2438.3639360267375,,0.001
rc15,sweep_all,Input-Corner Stress,MLP,synthetic,dist,200,boundary_only,0.1,10,1e-12,width,0.0,6,margin_hat_min,4.0,,4.431
rc15,sweep_all,Input-Corner Stress,MLP,synthetic,dist,200,boundary_only,0.1,10,1e-12,width,0.0,6,d_eff,0.0,,4.431
rc15,sweep_all,Input-Corner Stress,MLP,synthetic,dist,200,boundary_only,0.1,10,1e-12,width,0.0,6,g_ibp,2438.0664062493906,,0.001
rc15,sweep_all,Input-Corner Stress,MLP,synthetic,dist,200,boundary_only,0.1,10,1e-12,width,0.0,7,margin_hat_min,3.99951171875,,4.494
rc15,sweep_all,Input-Corner Stress,MLP,synthetic,dist,200,boundary_only,0.1,10,1e-12,width,0.0,7,d_eff,0.031032489728077796,,4.494
rc15,sweep_all,Input-Corner Stress,MLP,synthetic,dist,200,boundary_only,0.1,10,1e-12,width,0.0,7,g_ibp,2438.3639360267375,,0.001
rc15,sweep_all,Input-Corner Stress,MLP,synthetic,dist,200,current_mixture,0.1,10,1e-12,width,0.0,0,margin_hat_min,3.99951171875,,6.67
rc15,sweep_all,Input-Corner Stress,MLP,synthetic,dist,200,current_mixture,0.1,10,1e-12,width,0.0,0,d_eff,0.030878863541305136,,6.67
rc15,sweep_all,Input-Corner Stress,MLP,synthetic,dist,200,current_mixture,0.1,10,1e-12,width,0.0,0,g_ibp,2438.3639360267375,,0.001
rc15,sweep_all,Input-Corner Stress,MLP,synthetic,dist,200,current_mixture,0.1,10,1e-12,width,0.0,1,margin_hat_min,4.0,,5.617
rc15,sweep_all,Input-Corner Stress,MLP,synthetic,dist,200,current_mixture,0.1,10,1e-12,width,0.0,1,d_eff,0.0,,5.617
rc15,sweep_all,Input-Corner Stress,MLP,synthetic,dist,200,current_mixture,0.1,10,1e-12,width,0.0,1,g_ibp,2438.0664062493906,,0.001
rc15,sweep_all,Input-Corner Stress,MLP,synthetic,dist,200,current_mixture,0.1,10,1e-12,width,0.0,2,margin_hat_min,4.0,,5.496
rc15,sweep_all,Input-Corner Stress,MLP,synthetic,dist,200,current_mixture,0.1,10,1e-12,width,0.0,2,d_eff,0.0,,5.496
rc15,sweep_all,Input-Corner Stress,MLP,synthetic,dist,200,current_mixture,0.1,10,1e-12,width,0.0,2,g_ibp,2438.0664062493906,,0.001
rc15,sweep_all,Input-Corner Stress,MLP,synthetic,dist,200,current_mixture,0.1,10,1e-12,width,0.0,3,margin_hat_min,3.99951171875,,6.5
rc15,sweep_all,Input-Corner Stress,MLP,synthetic,dist,200,current_mixture,0.1,10,1e-12,width,0.0,3,d_eff,0.030878863541305136,,6.5
rc15,sweep_all,Input-Corner Stress,MLP,synthetic,dist,200,current_mixture,0.1,10,1e-12,width,0.0,3,g_ibp,2438.3639360267375,,0.001
rc15,sweep_all,Input-Corner Stress,MLP,synthetic,dist,200,current_mixture,0.1,10,1e-12,width,0.0,4,margin_hat_min,4.0,,6.826
rc15,sweep_all,Input-Corner Stress,MLP,synthetic,dist,200,current_mixture,0.1,10,1e-12,width,0.0,4,d_eff,0.0,,6.826
rc15,sweep_all,Input-Corner Stress,MLP,synthetic,dist,200,current_mixture,0.1,10,1e-12,width,0.0,4,g_ibp,2438.0664062493906,,0.002
rc15,sweep_all,Input-Corner Stress,MLP,synthetic,dist,200,current_mixture,0.1,10,1e-12,width,0.0,5,margin_hat_min,4.0,,6.283
rc15,sweep_all,Input-Corner Stress,MLP,synthetic,dist,200,current_mixture,0.1,10,1e-12,width,0.0,5,d_eff,0.0,,6.283
rc15,sweep_all,Input-Corner Stress,MLP,synthetic,dist,200,current_mixture,0.1,10,1e-12,width,0.0,5,g_ibp,2438.0664062493906,,0.001
rc15,sweep_all,Input-Corner Stress,MLP,synthetic,dist,200,current_mixture,0.1,10,1e-12,width,0.0,6,margin_hat_min,4.0,,6.599
rc15,sweep_all,Input-Corner Stress,MLP,synthetic,dist,200,current_mixture,0.1,10,1e-12,width,0.0,6,d_eff,0.0,,6.599
rc15,sweep_all,Input-Corner Stress,MLP,synthetic,dist,200,current_mixture,0.1,10,1e-12,width,0.0,6,g_ibp,2438.0664062493906,,0.001
rc15,sweep_all,Input-Corner Stress,MLP,synthetic,dist,200,current_mixture,0.1,10,1e-12,width,0.0,7,margin_hat_min,4.0,,6.456
rc15,sweep_all,Input-Corner Stress,MLP,synthetic,dist,200,current_mixture,0.1,10,1e-12,width,0.0,7,d_eff,0.0,,6.456
rc15,sweep_all,Input-Corner Stress,MLP,synthetic,dist,200,current_mixture,0.1,10,1e-12,width,0.0,7,g_ibp,2438.0664062493906,,0.001
rc15,sweep_all,Input-Corner Stress,MLP,synthetic,dist,200,pgd_heavy,0.1,10,1e-12,width,0.0,0,margin_hat_min,4.0,,12.465
rc15,sweep_all,Input-Corner Stress,MLP,synthetic,dist,200,pgd_heavy,0.1,10,1e-12,width,0.0,0,d_eff,0.0,,12.465
rc15,sweep_all,Input-Corner Stress,MLP,synthetic,dist,200,pgd_heavy,0.1,10,1e-12,width,0.0,0,g_ibp,2438.0664062493906,,0.001
rc15,sweep_all,Input-Corner Stress,MLP,synthetic,dist,200,pgd_heavy,0.1,10,1e-12,width,0.0,1,margin_hat_min,4.0,,12.194
rc15,sweep_all,Input-Corner Stress,MLP,synthetic,dist,200,pgd_heavy,0.1,10,1e-12,width,0.0,1,d_eff,0.0,,12.194
rc15,sweep_all,Input-Corner Stress,MLP,synthetic,dist,200,pgd_heavy,0.1,10,1e-12,width,0.0,1,g_ibp,2438.0664062493906,,0.001
rc15,sweep_all,Input-Corner Stress,MLP,synthetic,dist,200,pgd_heavy,0.1,10,1e-12,width,0.0,2,margin_hat_min,4.0,,10.124
rc15,sweep_all,Input-Corner Stress,MLP,synthetic,dist,200,pgd_heavy,0.1,10,1e-12,width,0.0,2,d_eff,0.0,,10.124
rc15,sweep_all,Input-Corner Stress,MLP,synthetic,dist,200,pgd_heavy,0.1,10,1e-12,width,0.0,2,g_ibp,2438.0664062493906,,0.001
rc15,sweep_all,Input-Corner Stress,MLP,synthetic,dist,200,pgd_heavy,0.1,10,1e-12,width,0.0,3,margin_hat_min,4.0,,12.833
rc15,sweep_all,Input-Corner Stress,MLP,synthetic,dist,200,pgd_heavy,0.1,10,1e-12,width,0.0,3,d_eff,0.0,,12.833
rc15,sweep_all,Input-Corner Stress,MLP,synthetic,dist,200,pgd_heavy,0.1,10,1e-12,width,0.0,3,g_ibp,2438.0664062493906,,0.001
rc15,sweep_all,Input-Corner Stress,MLP,synthetic,dist,200,pgd_heavy,0.1,10,1e-12,width,0.0,4,margin_hat_min,4.0,,12.786
rc15,sweep_all,Input-Corner Stress,MLP,synthetic,dist,200,pgd_heavy,0.1,10,1e-12,width,0.0,4,d_eff,0.0,,12.786
rc15,sweep_all,Input-Corner Stress,MLP,synthetic,dist,200,pgd_heavy,0.1,10,1e-12,width,0.0,4,g_ibp,2438.0664062493906,,0.001
rc15,sweep_all,Input-Corner Stress,MLP,synthetic,dist,200,pgd_heavy,0.1,10,1e-12,width,0.0,5,margin_hat_min,4.0,,12.459
rc15,sweep_all,Input-Corner Stress,MLP,synthetic,dist,200,pgd_heavy,0.1,10,1e-12,width,0.0,5,d_eff,0.0,,12.459
rc15,sweep_all,Input-Corner Stress,MLP,synthetic,dist,200,pgd_heavy,0.1,10,1e-12,width,0.0,5,g_ibp,2438.0664062493906,,0.001
rc15,sweep_all,Input-Corner Stress,MLP,synthetic,dist,200,pgd_heavy,0.1,10,1e-12,width,0.0,6,margin_hat_min,4.0,,12.38
rc15,sweep_all,Input-Corner Stress,MLP,synthetic,dist,200,pgd_heavy,0.1,10,1e-12,width,0.0,6,d_eff,0.0,,12.38
rc15,sweep_all,Input-Corner Stress,MLP,synthetic,dist,200,pgd_heavy,0.1,10,1e-12,width,0.0,6,g_ibp,2438.0664062493906,,0.001
rc15,sweep_all,Input-Corner Stress,MLP,synthetic,dist,200,pgd_heavy,0.1,10,1e-12,width,0.0,7,margin_hat_min,4.0,,9.554
rc15,sweep_all,Input-Corner Stress,MLP,synthetic,dist,200,pgd_heavy,0.1,10,1e-12,width,0.0,7,d_eff,0.0,,9.554
rc15,sweep_all,Input-Corner Stress,MLP,synthetic,dist,200,pgd_heavy,0.1,10,1e-12,width,0.0,7,g_ibp,2438.0664062493906,,0.001
rc21,sweep_all,Input-Corner Stress,MLP,synthetic,dist,200,uniform_only,0.1,10,1e-12,width,0.0,0,margin_hat_min,4.0,,5.092
rc21,sweep_all,Input-Corner Stress,MLP,synthetic,dist,200,uniform_only,0.1,10,1e-12,width,0.0,0,d_eff,0.0,,5.092
rc21,sweep_all,Input-Corner Stress,MLP,synthetic,dist,200,uniform_only,0.1,10,1e-12,width,0.0,0,g_ibp,20.63885307311496,,0.001
rc21,sweep_all,Input-Corner Stress,MLP,synthetic,dist,200,uniform_only,0.1,10,1e-12,width,0.0,1,margin_hat_min,4.0,,4.648
rc21,sweep_all,Input-Corner Stress,MLP,synthetic,dist,200,uniform_only,0.1,10,1e-12,width,0.0,1,d_eff,0.0,,4.648
rc21,sweep_all,Input-Corner Stress,MLP,synthetic,dist,200,uniform_only,0.1,10,1e-12,width,0.0,1,g_ibp,20.63885307311496,,0.001
rc21,sweep_all,Input-Corner Stress,MLP,synthetic,dist,200,uniform_only,0.1,10,1e-12,width,0.0,2,margin_hat_min,4.0,,6.068
rc21,sweep_all,Input-Corner Stress,MLP,synthetic,dist,200,uniform_only,0.1,10,1e-12,width,0.0,2,d_eff,0.0,,6.068
rc21,sweep_all,Input-Corner Stress,MLP,synthetic,dist,200,uniform_only,0.1,10,1e-12,width,0.0,2,g_ibp,20.63885307311496,,0.002
rc21,sweep_all,Input-Corner Stress,MLP,synthetic,dist,200,uniform_only,0.1,10,1e-12,width,0.0,3,margin_hat_min,4.0,,5.184
rc21,sweep_all,Input-Corner Stress,MLP,synthetic,dist,200,uniform_only,0.1,10,1e-12,width,0.0,3,d_eff,0.0,,5.184
rc21,sweep_all,Input-Corner Stress,MLP,synthetic,dist,200,uniform_only,0.1,10,1e-12,width,0.0,3,g_ibp,20.63885307311496,,0.002
rc21,sweep_all,Input-Corner Stress,MLP,synthetic,dist,200,uniform_only,0.1,10,1e-12,width,0.0,4,margin_hat_min,4.0,,5.48
rc21,sweep_all,Input-Corner Stress,MLP,synthetic,dist,200,uniform_only,0.1,10,1e-12,width,0.0,4,d_eff,0.0,,5.48
rc21,sweep_all,Input-Corner Stress,MLP,synthetic,dist,200,uniform_only,0.1,10,1e-12,width,0.0,4,g_ibp,20.63885307311496,,0.001
rc21,sweep_all,Input-Corner Stress,MLP,synthetic,dist,200,uniform_only,0.1,10,1e-12,width,0.0,5,margin_hat_min,4.0,,5.819
rc21,sweep_all,Input-Corner Stress,MLP,synthetic,dist,200,uniform_only,0.1,10,1e-12,width,0.0,5,d_eff,0.0,,5.819
rc21,sweep_all,Input-Corner Stress,MLP,synthetic,dist,200,uniform_only,0.1,10,1e-12,width,0.0,5,g_ibp,20.63885307311496,,0.002
rc21,sweep_all,Input-Corner Stress,MLP,synthetic,dist,200,uniform_only,0.1,10,1e-12,width,0.0,6,margin_hat_min,4.0,,5.858
rc21,sweep_all,Input-Corner Stress,MLP,synthetic,dist,200,uniform_only,0.1,10,1e-12,width,0.0,6,d_eff,0.0,,5.858
rc21,sweep_all,Input-Corner Stress,MLP,synthetic,dist,200,uniform_only,0.1,10,1e-12,width,0.0,6,g_ibp,20.63885307311496,,0.001
rc21,sweep_all,Input-Corner Stress,MLP,synthetic,dist,200,uniform_only,0.1,10,1e-12,width,0.0,7,margin_hat_min,4.0,,4.362
rc21,sweep_all,Input-Corner Stress,MLP,synthetic,dist,200,uniform_only,0.1,10,1e-12,width,0.0,7,d_eff,0.0,,4.362
rc21,sweep_all,Input-Corner Stress,MLP,synthetic,dist,200,uniform_only,0.1,10,1e-12,width,0.0,7,g_ibp,20.63885307311496,,0.001
rc21,sweep_all,Input-Corner Stress,MLP,synthetic,dist,200,boundary_only,0.1,10,1e-12,width,0.0,0,margin_hat_min,4.0,,4.36
rc21,sweep_all,Input-Corner Stress,MLP,synthetic,dist,200,boundary_only,0.1,10,1e-12,width,0.0,0,d_eff,0.0,,4.36
rc21,sweep_all,Input-Corner Stress,MLP,synthetic,dist,200,boundary_only,0.1,10,1e-12,width,0.0,0,g_ibp,20.63885307311496,,0.001
rc21,sweep_all,Input-Corner Stress,MLP,synthetic,dist,200,boundary_only,0.1,10,1e-12,width,0.0,1,margin_hat_min,4.0,,5.393
rc21,sweep_all,Input-Corner Stress,MLP,synthetic,dist,200,boundary_only,0.1,10,1e-12,width,0.0,1,d_eff,0.0,,5.393
rc21,sweep_all,Input-Corner Stress,MLP,synthetic,dist,200,boundary_only,0.1,10,1e-12,width,0.0,1,g_ibp,20.63885307311496,,0.001
rc21,sweep_all,Input-Corner Stress,MLP,synthetic,dist,200,boundary_only,0.1,10,1e-12,width,0.0,2,margin_hat_min,4.0,,5.222
rc21,sweep_all,Input-Corner Stress,MLP,synthetic,dist,200,boundary_only,0.1,10,1e-12,width,0.0,2,d_eff,0.0,,5.222
rc21,sweep_all,Input-Corner Stress,MLP,synthetic,dist,200,boundary_only,0.1,10,1e-12,width,0.0,2,g_ibp,20.63885307311496,,0.001
rc21,sweep_all,Input-Corner Stress,MLP,synthetic,dist,200,boundary_only,0.1,10,1e-12,width,0.0,3,margin_hat_min,4.0,,5.614
rc21,sweep_all,Input-Corner Stress,MLP,synthetic,dist,200,boundary_only,0.1,10,1e-12,width,0.0,3,d_eff,0.0,,5.614
rc21,sweep_all,Input-Corner Stress,MLP,synthetic,dist,200,boundary_only,0.1,10,1e-12,width,0.0,3,g_ibp,20.63885307311496,,0.001
rc21,sweep_all,Input-Corner Stress,MLP,synthetic,dist,200,boundary_only,0.1,10,1e-12,width,0.0,4,margin_hat_min,4.0,,4.391
rc21,sweep_all,Input-Corner Stress,MLP,synthetic,dist,200,boundary_only,0.1,10,1e-12,width,0.0,4,d_eff,0.0,,4.391
rc21,sweep_all,Input-Corner Stress,MLP,synthetic,dist,200,boundary_only,0.1,10,1e-12,width,0.0,4,g_ibp,20.63885307311496,,0.001
rc21,sweep_all,Input-Corner Stress,MLP,synthetic,dist,200,boundary_only,0.1,10,1e-12,width,0.0,5,margin_hat_min,4.0,,5.419
rc21,sweep_all,Input-Corner Stress,MLP,synthetic,dist,200,boundary_only,0.1,10,1e-12,width,0.0,5,d_eff,0.0,,5.419
rc21,sweep_all,Input-Corner Stress,MLP,synthetic,dist,200,boundary_only,0.1,10,1e-12,width,0.0,5,g_ibp,20.63885307311496,,0.001
rc21,sweep_all,Input-Corner Stress,MLP,synthetic,dist,200,boundary_only,0.1,10,1e-12,width,0.0,6,margin_hat_min,4.0,,5.954
rc21,sweep_all,Input-Corner Stress,MLP,synthetic,dist,200,boundary_only,0.1,10,1e-12,width,0.0,6,d_eff,0.0,,5.954
rc21,sweep_all,Input-Corner Stress,MLP,synthetic,dist,200,boundary_only,0.1,10,1e-12,width,0.0,6,g_ibp,20.63885307311496,,0.001
rc21,sweep_all,Input-Corner Stress,MLP,synthetic,dist,200,boundary_only,0.1,10,1e-12,width,0.0,7,margin_hat_min,4.0,,5.619
rc21,sweep_all,Input-Corner Stress,MLP,synthetic,dist,200,boundary_only,0.1,10,1e-12,width,0.0,7,d_eff,0.0,,5.619
rc21,sweep_all,Input-Corner Stress,MLP,synthetic,dist,200,boundary_only,0.1,10,1e-12,width,0.0,7,g_ibp,20.63885307311496,,0.001
rc21,sweep_all,Input-Corner Stress,MLP,synthetic,dist,200,current_mixture,0.1,10,1e-12,width,0.0,0,margin_hat_min,4.0,,6.438
rc21,sweep_all,Input-Corner Stress,MLP,synthetic,dist,200,current_mixture,0.1,10,1e-12,width,0.0,0,d_eff,0.0,,6.438
rc21,sweep_all,Input-Corner Stress,MLP,synthetic,dist,200,current_mixture,0.1,10,1e-12,width,0.0,0,g_ibp,20.63885307311496,,0.001
rc21,sweep_all,Input-Corner Stress,MLP,synthetic,dist,200,current_mixture,0.1,10,1e-12,width,0.0,1,margin_hat_min,4.0,,8.454
rc21,sweep_all,Input-Corner Stress,MLP,synthetic,dist,200,current_mixture,0.1,10,1e-12,width,0.0,1,d_eff,0.0,,8.454
rc21,sweep_all,Input-Corner Stress,MLP,synthetic,dist,200,current_mixture,0.1,10,1e-12,width,0.0,1,g_ibp,20.63885307311496,,0.001
rc21,sweep_all,Input-Corner Stress,MLP,synthetic,dist,200,current_mixture,0.1,10,1e-12,width,0.0,2,margin_hat_min,4.0,,9.418
rc21,sweep_all,Input-Corner Stress,MLP,synthetic,dist,200,current_mixture,0.1,10,1e-12,width,0.0,2,d_eff,0.0,,9.418
rc21,sweep_all,Input-Corner Stress,MLP,synthetic,dist,200,current_mixture,0.1,10,1e-12,width,0.0,2,g_ibp,20.63885307311496,,0.001
rc21,sweep_all,Input-Corner Stress,MLP,synthetic,dist,200,current_mixture,0.1,10,1e-12,width,0.0,3,margin_hat_min,4.0,,7.66
rc21,sweep_all,Input-Corner Stress,MLP,synthetic,dist,200,current_mixture,0.1,10,1e-12,width,0.0,3,d_eff,0.0,,7.66
rc21,sweep_all,Input-Corner Stress,MLP,synthetic,dist,200,current_mixture,0.1,10,1e-12,width,0.0,3,g_ibp,20.63885307311496,,0.001
rc21,sweep_all,Input-Corner Stress,MLP,synthetic,dist,200,current_mixture,0.1,10,1e-12,width,0.0,4,margin_hat_min,4.0,,6.681
rc21,sweep_all,Input-Corner Stress,MLP,synthetic,dist,200,current_mixture,0.1,10,1e-12,width,0.0,4,d_eff,0.0,,6.681
rc21,sweep_all,Input-Corner Stress,MLP,synthetic,dist,200,current_mixture,0.1,10,1e-12,width,0.0,4,g_ibp,20.63885307311496,,0.001
rc21,sweep_all,Input-Corner Stress,MLP,synthetic,dist,200,current_mixture,0.1,10,1e-12,width,0.0,5,margin_hat_min,4.0,,7.244
rc21,sweep_all,Input-Corner Stress,MLP,synthetic,dist,200,current_mixture,0.1,10,1e-12,width,0.0,5,d_eff,0.0,,7.244
rc21,sweep_all,Input-Corner Stress,MLP,synthetic,dist,200,current_mixture,0.1,10,1e-12,width,0.0,5,g_ibp,20.63885307311496,,0.001
rc21,sweep_all,Input-Corner Stress,MLP,synthetic,dist,200,current_mixture,0.1,10,1e-12,width,0.0,6,margin_hat_min,4.0,,7.613
rc21,sweep_all,Input-Corner Stress,MLP,synthetic,dist,200,current_mixture,0.1,10,1e-12,width,0.0,6,d_eff,0.0,,7.613
rc21,sweep_all,Input-Corner Stress,MLP,synthetic,dist,200,current_mixture,0.1,10,1e-12,width,0.0,6,g_ibp,20.63885307311496,,0.001
rc21,sweep_all,Input-Corner Stress,MLP,synthetic,dist,200,current_mixture,0.1,10,1e-12,width,0.0,7,margin_hat_min,4.0,,8.591
rc21,sweep_all,Input-Corner Stress,MLP,synthetic,dist,200,current_mixture,0.1,10,1e-12,width,0.0,7,d_eff,0.0,,8.591
rc21,sweep_all,Input-Corner Stress,MLP,synthetic,dist,200,current_mixture,0.1,10,1e-12,width,0.0,7,g_ibp,20.63885307311496,,0.001
rc21,sweep_all,Input-Corner Stress,MLP,synthetic,dist,200,pgd_heavy,0.1,10,1e-12,width,0.0,0,margin_hat_min,4.0,,16.236
rc21,sweep_all,Input-Corner Stress,MLP,synthetic,dist,200,pgd_heavy,0.1,10,1e-12,width,0.0,0,d_eff,0.0,,16.236
rc21,sweep_all,Input-Corner Stress,MLP,synthetic,dist,200,pgd_heavy,0.1,10,1e-12,width,0.0,0,g_ibp,20.63885307311496,,0.001
rc21,sweep_all,Input-Corner Stress,MLP,synthetic,dist,200,pgd_heavy,0.1,10,1e-12,width,0.0,1,margin_hat_min,4.0,,15.625
rc21,sweep_all,Input-Corner Stress,MLP,synthetic,dist,200,pgd_heavy,0.1,10,1e-12,width,0.0,1,d_eff,0.0,,15.625
rc21,sweep_all,Input-Corner Stress,MLP,synthetic,dist,200,pgd_heavy,0.1,10,1e-12,width,0.0,1,g_ibp,20.63885307311496,,0.002
rc21,sweep_all,Input-Corner Stress,MLP,synthetic,dist,200,pgd_heavy,0.1,10,1e-12,width,0.0,2,margin_hat_min,4.0,,16.647
rc21,sweep_all,Input-Corner Stress,MLP,synthetic,dist,200,pgd_heavy,0.1,10,1e-12,width,0.0,2,d_eff,0.0,,16.647
rc21,sweep_all,Input-Corner Stress,MLP,synthetic,dist,200,pgd_heavy,0.1,10,1e-12,width,0.0,2,g_ibp,20.63885307311496,,0.002
rc21,sweep_all,Input-Corner Stress,MLP,synthetic,dist,200,pgd_heavy,0.1,10,1e-12,width,0.0,3,margin_hat_min,4.0,,13.094
rc21,sweep_all,Input-Corner Stress,MLP,synthetic,dist,200,pgd_heavy,0.1,10,1e-12,width,0.0,3,d_eff,0.0,,13.094
rc21,sweep_all,Input-Corner Stress,MLP,synthetic,dist,200,pgd_heavy,0.1,10,1e-12,width,0.0,3,g_ibp,20.63885307311496,,0.002
rc21,sweep_all,Input-Corner Stress,MLP,synthetic,dist,200,pgd_heavy,0.1,10,1e-12,width,0.0,4,margin_hat_min,4.0,,12.313
rc21,sweep_all,Input-Corner Stress,MLP,synthetic,dist,200,pgd_heavy,0.1,10,1e-12,width,0.0,4,d_eff,0.0,,12.313
rc21,sweep_all,Input-Corner Stress,MLP,synthetic,dist,200,pgd_heavy,0.1,10,1e-12,width,0.0,4,g_ibp,20.63885307311496,,0.001
rc21,sweep_all,Input-Corner Stress,MLP,synthetic,dist,200,pgd_heavy,0.1,10,1e-12,width,0.0,5,margin_hat_min,4.0,,11.829
rc21,sweep_all,Input-Corner Stress,MLP,synthetic,dist,200,pgd_heavy,0.1,10,1e-12,width,0.0,5,d_eff,0.0,,11.829
rc21,sweep_all,Input-Corner Stress,MLP,synthetic,dist,200,pgd_heavy,0.1,10,1e-12,width,0.0,5,g_ibp,20.63885307311496,,0.001
rc21,sweep_all,Input-Corner Stress,MLP,synthetic,dist,200,pgd_heavy,0.1,10,1e-12,width,0.0,6,margin_hat_min,4.0,,14.88
rc21,sweep_all,Input-Corner Stress,MLP,synthetic,dist,200,pgd_heavy,0.1,10,1e-12,width,0.0,6,d_eff,0.0,,14.88
rc21,sweep_all,Input-Corner Stress,MLP,synthetic,dist,200,pgd_heavy,0.1,10,1e-12,width,0.0,6,g_ibp,20.63885307311496,,0.001
rc21,sweep_all,Input-Corner Stress,MLP,synthetic,dist,200,pgd_heavy,0.1,10,1e-12,width,0.0,7,margin_hat_min,4.0,,16.355
rc21,sweep_all,Input-Corner Stress,MLP,synthetic,dist,200,pgd_heavy,0.1,10,1e-12,width,0.0,7,d_eff,0.0,,16.355
rc21,sweep_all,Input-Corner Stress,MLP,synthetic,dist,200,pgd_heavy,0.1,10,1e-12,width,0.0,7,g_ibp,20.63885307311496,,0.001
meap5,sweep_all,MEAP,MLP,synthetic,dist,200,uniform_only,0.1,10,1e-12,width,0.0,0,margin_hat_min,0.0010000000474974513,,9.363
meap5,sweep_all,MEAP,MLP,synthetic,dist,200,uniform_only,0.1,10,1e-12,width,0.0,0,d_eff,63.54874406170834,,9.363
meap5,sweep_all,MEAP,MLP,synthetic,dist,200,uniform_only,0.1,10,1e-12,width,0.0,0,g_ibp,724.0898983263686,,0.003
meap5,sweep_all,MEAP,MLP,synthetic,dist,200,uniform_only,0.1,10,1e-12,width,0.0,1,margin_hat_min,0.0010000000474974513,,9.197
meap5,sweep_all,MEAP,MLP,synthetic,dist,200,uniform_only,0.1,10,1e-12,width,0.0,1,d_eff,64.06272424790833,,9.197
meap5,sweep_all,MEAP,MLP,synthetic,dist,200,uniform_only,0.1,10,1e-12,width,0.0,1,g_ibp,724.0898983263686,,0.003
meap5,sweep_all,MEAP,MLP,synthetic,dist,200,uniform_only,0.1,10,1e-12,width,0.0,2,margin_hat_min,0.0010000000474974513,,9.274
meap5,sweep_all,MEAP,MLP,synthetic,dist,200,uniform_only,0.1,10,1e-12,width,0.0,2,d_eff,63.68257944009065,,9.274
meap5,sweep_all,MEAP,MLP,synthetic,dist,200,uniform_only,0.1,10,1e-12,width,0.0,2,g_ibp,724.0898983263686,,0.003
meap5,sweep_all,MEAP,MLP,synthetic,dist,200,uniform_only,0.1,10,1e-12,width,0.0,3,margin_hat_min,0.0010000000474974513,,9.353
meap5,sweep_all,MEAP,MLP,synthetic,dist,200,uniform_only,0.1,10,1e-12,width,0.0,3,d_eff,64.08781715192352,,9.353
meap5,sweep_all,MEAP,MLP,synthetic,dist,200,uniform_only,0.1,10,1e-12,width,0.0,3,g_ibp,724.0898983263686,,0.002
meap5,sweep_all,MEAP,MLP,synthetic,dist,200,uniform_only,0.1,10,1e-12,width,0.0,4,margin_hat_min,0.0010000000474974513,,6.978
meap5,sweep_all,MEAP,MLP,synthetic,dist,200,uniform_only,0.1,10,1e-12,width,0.0,4,d_eff,64.31572279223367,,6.978
meap5,sweep_all,MEAP,MLP,synthetic,dist,200,uniform_only,0.1,10,1e-12,width,0.0,4,g_ibp,724.0898983263686,,0.002
meap5,sweep_all,MEAP,MLP,synthetic,dist,200,uniform_only,0.1,10,1e-12,width,0.0,5,margin_hat_min,0.0010000000474974513,,9.092
meap5,sweep_all,MEAP,MLP,synthetic,dist,200,uniform_only,0.1,10,1e-12,width,0.0,5,d_eff,63.872017016116,,9.092
meap5,sweep_all,MEAP,MLP,synthetic,dist,200,uniform_only,0.1,10,1e-12,width,0.0,5,g_ibp,724.0898983263686,,0.002
meap5,sweep_all,MEAP,MLP,synthetic,dist,200,uniform_only,0.1,10,1e-12,width,0.0,6,margin_hat_min,0.0010000000474974513,,9.03
meap5,sweep_all,MEAP,MLP,synthetic,dist,200,uniform_only,0.1,10,1e-12,width,0.0,6,d_eff,64.3038916945528,,9.03
meap5,sweep_all,MEAP,MLP,synthetic,dist,200,uniform_only,0.1,10,1e-12,width,0.0,6,g_ibp,724.0898983263686,,0.002
meap5,sweep_all,MEAP,MLP,synthetic,dist,200,uniform_only,0.1,10,1e-12,width,0.0,7,margin_hat_min,0.0010000000474974513,,9.404
meap5,sweep_all,MEAP,MLP,synthetic,dist,200,uniform_only,0.1,10,1e-12,width,0.0,7,d_eff,64.07860867375585,,9.404
meap5,sweep_all,MEAP,MLP,synthetic,dist,200,uniform_only,0.1,10,1e-12,width,0.0,7,g_ibp,724.0898983263686,,0.003
meap5,sweep_all,MEAP,MLP,synthetic,dist,200,boundary_only,0.1,10,1e-12,width,0.0,0,margin_hat_min,0.0010000000474974513,,9.463
meap5,sweep_all,MEAP,MLP,synthetic,dist,200,boundary_only,0.1,10,1e-12,width,0.0,0,d_eff,63.4004589404111,,9.463
meap5,sweep_all,MEAP,MLP,synthetic,dist,200,boundary_only,0.1,10,1e-12,width,0.0,0,g_ibp,724.0898983263686,,0.004
meap5,sweep_all,MEAP,MLP,synthetic,dist,200,boundary_only,0.1,10,1e-12,width,0.0,1,margin_hat_min,0.0010000000474974513,,9.361
meap5,sweep_all,MEAP,MLP,synthetic,dist,200,boundary_only,0.1,10,1e-12,width,0.0,1,d_eff,63.79764852748384,,9.361
meap5,sweep_all,MEAP,MLP,synthetic,dist,200,boundary_only,0.1,10,1e-12,width,0.0,1,g_ibp,724.0898983263686,,0.003
meap5,sweep_all,MEAP,MLP,synthetic,dist,200,boundary_only,0.1,10,1e-12,width,0.0,2,margin_hat_min,0.0010000000474974513,,8.694
meap5,sweep_all,MEAP,MLP,synthetic,dist,200,boundary_only,0.1,10,1e-12,width,0.0,2,d_eff,63.51289893724213,,8.694
meap5,sweep_all,MEAP,MLP,synthetic,dist,200,boundary_only,0.1,10,1e-12,width,0.0,2,g_ibp,724.0898983263686,,0.003
meap5,sweep_all,MEAP,MLP,synthetic,dist,200,boundary_only,0.1,10,1e-12,width,0.0,3,margin_hat_min,0.0010000000474974513,,7.262
meap5,sweep_all,MEAP,MLP,synthetic,dist,200,boundary_only,0.1,10,1e-12,width,0.0,3,d_eff,63.96808839606326,,7.262
meap5,sweep_all,MEAP,MLP,synthetic,dist,200,boundary_only,0.1,10,1e-12,width,0.0,3,g_ibp,724.0898983263686,,0.004
meap5,sweep_all,MEAP,MLP,synthetic,dist,200,boundary_only,0.1,10,1e-12,width,0.0,4,margin_hat_min,0.0010000000474974513,,9.121
meap5,sweep_all,MEAP,MLP,synthetic,dist,200,boundary_only,0.1,10,1e-12,width,0.0,4,d_eff,63.872694030751624,,9.121
meap5,sweep_all,MEAP,MLP,synthetic,dist,200,boundary_only,0.1,10,1e-12,width,0.0,4,g_ibp,724.0898983263686,,0.002
meap5,sweep_all,MEAP,MLP,synthetic,dist,200,boundary_only,0.1,10,1e-12,width,0.0,5,margin_hat_min,0.0010000000474974513,,9.25
meap5,sweep_all,MEAP,MLP,synthetic,dist,200,boundary_only,0.1,10,1e-12,width,0.0,5,d_eff,63.81579505856818,,9.25
meap5,sweep_all,MEAP,MLP,synthetic,dist,200,boundary_only,0.1,10,1e-12,width,0.0,5,g_ibp,724.0898983263686,,0.002
meap5,sweep_all,MEAP,MLP,synthetic,dist,200,boundary_only,0.1,10,1e-12,width,0.0,6,margin_hat_min,0.0010000000474974513,,9.676
meap5,sweep_all,MEAP,MLP,synthetic,dist,200,boundary_only,0.1,10,1e-12,width,0.0,6,d_eff,63.975330404880445,,9.676
meap5,sweep_all,MEAP,MLP,synthetic,dist,200,boundary_only,0.1,10,1e-12,width,0.0,6,g_ibp,724.0898983263686,,0.003
meap5,sweep_all,MEAP,MLP,synthetic,dist,200,boundary_only,0.1,10,1e-12,width,0.0,7,margin_hat_min,0.0010000000474974513,,9.374
meap5,sweep_all,MEAP,MLP,synthetic,dist,200,boundary_only,0.1,10,1e-12,width,0.0,7,d_eff,63.41621161103943,,9.374
meap5,sweep_all,MEAP,MLP,synthetic,dist,200,boundary_only,0.1,10,1e-12,width,0.0,7,g_ibp,724.0898983263686,,0.002
meap5,sweep_all,MEAP,MLP,synthetic,dist,200,current_mixture,0.1,10,1e-12,width,0.0,0,margin_hat_min,0.0010000000474974513,,11.041
meap5,sweep_all,MEAP,MLP,synthetic,dist,200,current_mixture,0.1,10,1e-12,width,0.0,0,d_eff,63.800604783222084,,11.041
meap5,sweep_all,MEAP,MLP,synthetic,dist,200,current_mixture,0.1,10,1e-12,width,0.0,0,g_ibp,724.0898983263686,,0.002
meap5,sweep_all,MEAP,MLP,synthetic,dist,200,current_mixture,0.1,10,1e-12,width,0.0,1,margin_hat_min,0.0010000000474974513,,14.037
meap5,sweep_all,MEAP,MLP,synthetic,dist,200,current_mixture,0.1,10,1e-12,width,0.0,1,d_eff,63.93174589255786,,14.037
meap5,sweep_all,MEAP,MLP,synthetic,dist,200,current_mixture,0.1,10,1e-12,width,0.0,1,g_ibp,724.0898983263686,,0.004
meap5,sweep_all,MEAP,MLP,synthetic,dist,200,current_mixture,0.1,10,1e-12,width,0.0,2,margin_hat_min,0.0010000000474974513,,13.585
meap5,sweep_all,MEAP,MLP,synthetic,dist,200,current_mixture,0.1,10,1e-12,width,0.0,2,d_eff,63.29976801663897,,13.585
meap5,sweep_all,MEAP,MLP,synthetic,dist,200,current_mixture,0.1,10,1e-12,width,0.0,2,g_ibp,724.0898983263686,,0.003
meap5,sweep_all,MEAP,MLP,synthetic,dist,200,current_mixture,0.1,10,1e-12,width,0.0,3,margin_hat_min,0.0010000000474974513,,13.688
meap5,sweep_all,MEAP,MLP,synthetic,dist,200,current_mixture,0.1,10,1e-12,width,0.0,3,d_eff,63.991994576642185,,13.688
meap5,sweep_all,MEAP,MLP,synthetic,dist,200,current_mixture,0.1,10,1e-12,width,0.0,3,g_ibp,724.0898983263686,,0.002
meap5,sweep_all,MEAP,MLP,synthetic,dist,200,current_mixture,0.1,10,1e-12,width,0.0,4,margin_hat_min,0.0010000000474974513,,13.915
meap5,sweep_all,MEAP,MLP,synthetic,dist,200,current_mixture,0.1,10,1e-12,width,0.0,4,d_eff,63.538951006382725,,13.915
meap5,sweep_all,MEAP,MLP,synthetic,dist,200,current_mixture,0.1,10,1e-12,width,0.0,4,g_ibp,724.0898983263686,,0.003
meap5,sweep_all,MEAP,MLP,synthetic,dist,200,current_mixture,0.1,10,1e-12,width,0.0,5,margin_hat_min,0.0010000000474974513,,13.593
meap5,sweep_all,MEAP,MLP,synthetic,dist,200,current_mixture,0.1,10,1e-12,width,0.0,5,d_eff,63.73354736288928,,13.593
meap5,sweep_all,MEAP,MLP,synthetic,dist,200,current_mixture,0.1,10,1e-12,width,0.0,5,g_ibp,724.0898983263686,,0.002
meap5,sweep_all,MEAP,MLP,synthetic,dist,200,current_mixture,0.1,10,1e-12,width,0.0,6,margin_hat_min,0.0010000000474974513,,13.48
meap5,sweep_all,MEAP,MLP,synthetic,dist,200,current_mixture,0.1,10,1e-12,width,0.0,6,d_eff,63.332286959732535,,13.48
meap5,sweep_all,MEAP,MLP,synthetic,dist,200,current_mixture,0.1,10,1e-12,width,0.0,6,g_ibp,724.0898983263686,,0.003
meap5,sweep_all,MEAP,MLP,synthetic,dist,200,current_mixture,0.1,10,1e-12,width,0.0,7,margin_hat_min,0.0010000000474974513,,10.578
meap5,sweep_all,MEAP,MLP,synthetic,dist,200,current_mixture,0.1,10,1e-12,width,0.0,7,d_eff,63.45804036498631,,10.578
meap5,sweep_all,MEAP,MLP,synthetic,dist,200,current_mixture,0.1,10,1e-12,width,0.0,7,g_ibp,724.0898983263686,,0.002
meap5,sweep_all,MEAP,MLP,synthetic,dist,200,pgd_heavy,0.1,10,1e-12,width,0.0,0,margin_hat_min,0.0010000000474974513,,21.591
meap5,sweep_all,MEAP,MLP,synthetic,dist,200,pgd_heavy,0.1,10,1e-12,width,0.0,0,d_eff,63.40176201481473,,21.591
meap5,sweep_all,MEAP,MLP,synthetic,dist,200,pgd_heavy,0.1,10,1e-12,width,0.0,0,g_ibp,724.0898983263686,,0.002
meap5,sweep_all,MEAP,MLP,synthetic,dist,200,pgd_heavy,0.1,10,1e-12,width,0.0,1,margin_hat_min,0.0010000000474974513,,26.869
meap5,sweep_all,MEAP,MLP,synthetic,dist,200,pgd_heavy,0.1,10,1e-12,width,0.0,1,d_eff,63.63988397509257,,26.869
meap5,sweep_all,MEAP,MLP,synthetic,dist,200,pgd_heavy,0.1,10,1e-12,width,0.0,1,g_ibp,724.0898983263686,,0.003
meap5,sweep_all,MEAP,MLP,synthetic,dist,200,pgd_heavy,0.1,10,1e-12,width,0.0,2,margin_hat_min,0.0010000000474974513,,24.206
meap5,sweep_all,MEAP,MLP,synthetic,dist,200,pgd_heavy,0.1,10,1e-12,width,0.0,2,d_eff,63.49999726018716,,24.206
meap5,sweep_all,MEAP,MLP,synthetic,dist,200,pgd_heavy,0.1,10,1e-12,width,0.0,2,g_ibp,724.0898983263686,,0.002
meap5,sweep_all,MEAP,MLP,synthetic,dist,200,pgd_heavy,0.1,10,1e-12,width,0.0,3,margin_hat_min,0.0010000000474974513,,20.759
meap5,sweep_all,MEAP,MLP,synthetic,dist,200,pgd_heavy,0.1,10,1e-12,width,0.0,3,d_eff,63.820739481960295,,20.759
meap5,sweep_all,MEAP,MLP,synthetic,dist,200,pgd_heavy,0.1,10,1e-12,width,0.0,3,g_ibp,724.0898983263686,,0.003
meap5,sweep_all,MEAP,MLP,synthetic,dist,200,pgd_heavy,0.1,10,1e-12,width,0.0,4,margin_hat_min,0.0010000000474974513,,27.482
meap5,sweep_all,MEAP,MLP,synthetic,dist,200,pgd_heavy,0.1,10,1e-12,width,0.0,4,d_eff,63.78121266005845,,27.482
meap5,sweep_all,MEAP,MLP,synthetic,dist,200,pgd_heavy,0.1,10,1e-12,width,0.0,4,g_ibp,724.0898983263686,,0.003
meap5,sweep_all,MEAP,MLP,synthetic,dist,200,pgd_heavy,0.1,10,1e-12,width,0.0,5,margin_hat_min,0.0010000000474974513,,21.006
meap5,sweep_all,MEAP,MLP,synthetic,dist,200,pgd_heavy,0.1,10,1e-12,width,0.0,5,d_eff,63.893890110359415,,21.006
meap5,sweep_all,MEAP,MLP,synthetic,dist,200,pgd_heavy,0.1,10,1e-12,width,0.0,5,g_ibp,724.0898983263686,,0.002
meap5,sweep_all,MEAP,MLP,synthetic,dist,200,pgd_heavy,0.1,10,1e-12,width,0.0,6,margin_hat_min,0.0010000000474974513,,26.57
meap5,sweep_all,MEAP,MLP,synthetic,dist,200,pgd_heavy,0.1,10,1e-12,width,0.0,6,d_eff,63.23829851943495,,26.57
meap5,sweep_all,MEAP,MLP,synthetic,dist,200,pgd_heavy,0.1,10,1e-12,width,0.0,6,g_ibp,724.0898983263686,,0.004
meap5,sweep_all,MEAP,MLP,synthetic,dist,200,pgd_heavy,0.1,10,1e-12,width,0.0,7,margin_hat_min,0.0010000000474974513,,26.211
meap5,sweep_all,MEAP,MLP,synthetic,dist,200,pgd_heavy,0.1,10,1e-12,width,0.0,7,d_eff,63.51803060076048,,26.211
meap5,sweep_all,MEAP,MLP,synthetic,dist,200,pgd_heavy,0.1,10,1e-12,width,0.0,7,g_ibp,724.0898983263686,,0.004
meap4,sweep_all,MEAP,MLP,synthetic,dist,200,uniform_only,0.1,10,1e-12,width,0.0,0,margin_hat_min,0.0010000000474974513,,16.314
meap4,sweep_all,MEAP,MLP,synthetic,dist,200,uniform_only,0.1,10,1e-12,width,0.0,0,d_eff,63.94375484828636,,16.314
meap4,sweep_all,MEAP,MLP,synthetic,dist,200,uniform_only,0.1,10,1e-12,width,0.0,0,g_ibp,5365.0897056746335,,0.005
meap4,sweep_all,MEAP,MLP,synthetic,dist,200,uniform_only,0.1,10,1e-12,width,0.0,1,margin_hat_min,0.0010000000474974513,,15.788
meap4,sweep_all,MEAP,MLP,synthetic,dist,200,uniform_only,0.1,10,1e-12,width,0.0,1,d_eff,64.52269208418599,,15.788
meap4,sweep_all,MEAP,MLP,synthetic,dist,200,uniform_only,0.1,10,1e-12,width,0.0,1,g_ibp,5365.0897056746335,,0.004
meap4,sweep_all,MEAP,MLP,synthetic,dist,200,uniform_only,0.1,10,1e-12,width,0.0,2,margin_hat_min,0.0010000000474974513,,16.032
meap4,sweep_all,MEAP,MLP,synthetic,dist,200,uniform_only,0.1,10,1e-12,width,0.0,2,d_eff,63.935684248901616,,16.032
meap4,sweep_all,MEAP,MLP,synthetic,dist,200,uniform_only,0.1,10,1e-12,width,0.0,2,g_ibp,5365.0897056746335,,0.006
meap4,sweep_all,MEAP,MLP,synthetic,dist,200,uniform_only,0.1,10,1e-12,width,0.0,3,margin_hat_min,0.0010000000474974513,,15.731
meap4,sweep_all,MEAP,MLP,synthetic,dist,200,uniform_only,0.1,10,1e-12,width,0.0,3,d_eff,64.22434604369771,,15.731
meap4,sweep_all,MEAP,MLP,synthetic,dist,200,uniform_only,0.1,10,1e-12,width,0.0,3,g_ibp,5365.0897056746335,,0.004
meap4,sweep_all,MEAP,MLP,synthetic,dist,200,uniform_only,0.1,10,1e-12,width,0.0,4,margin_hat_min,0.0010000000474974513,,16.42
meap4,sweep_all,MEAP,MLP,synthetic,dist,200,uniform_only,0.1,10,1e-12,width,0.0,4,d_eff,64.2902530580661,,16.42
meap4,sweep_all,MEAP,MLP,synthetic,dist,200,uniform_only,0.1,10,1e-12,width,0.0,4,g_ibp,5365.0897056746335,,0.006
meap4,sweep_all,MEAP,MLP,synthetic,dist,200,uniform_only,0.1,10,1e-12,width,0.0,5,margin_hat_min,0.0010000000474974513,,16.079
meap4,sweep_all,MEAP,MLP,synthetic,dist,200,uniform_only,0.1,10,1e-12,width,0.0,5,d_eff,63.905675511392765,,16.079
meap4,sweep_all,MEAP,MLP,synthetic,dist,200,uniform_only,0.1,10,1e-12,width,0.0,5,g_ibp,5365.0897056746335,,0.008
meap4,sweep_all,MEAP,MLP,synthetic,dist,200,uniform_only,0.1,10,1e-12,width,0.0,6,margin_hat_min,0.0010000000474974513,,16.049
meap4,sweep_all,MEAP,MLP,synthetic,dist,200,uniform_only,0.1,10,1e-12,width,0.0,6,d_eff,64.8120080873247,,16.049
meap4,sweep_all,MEAP,MLP,synthetic,dist,200,uniform_only,0.1,10,1e-12,width,0.0,6,g_ibp,5365.0897056746335,,0.005
meap4,sweep_all,MEAP,MLP,synthetic,dist,200,uniform_only,0.1,10,1e-12,width,0.0,7,margin_hat_min,0.0010000000474974513,,15.81
meap4,sweep_all,MEAP,MLP,synthetic,dist,200,uniform_only,0.1,10,1e-12,width,0.0,7,d_eff,64.031826959564,,15.81
meap4,sweep_all,MEAP,MLP,synthetic,dist,200,uniform_only,0.1,10,1e-12,width,0.0,7,g_ibp,5365.0897056746335,,0.005
meap4,sweep_all,MEAP,MLP,synthetic,dist,200,boundary_only,0.1,10,1e-12,width,0.0,0,margin_hat_min,0.0010000000474974513,,12.984
meap4,sweep_all,MEAP,MLP,synthetic,dist,200,boundary_only,0.1,10,1e-12,width,0.0,0,d_eff,64.18151928304296,,12.984
meap4,sweep_all,MEAP,MLP,synthetic,dist,200,boundary_only,0.1,10,1e-12,width,0.0,0,g_ibp,5365.0897056746335,,0.007
meap4,sweep_all,MEAP,MLP,synthetic,dist,200,boundary_only,0.1,10,1e-12,width,0.0,1,margin_hat_min,0.0010000000474974513,,12.992
meap4,sweep_all,MEAP,MLP,synthetic,dist,200,boundary_only,0.1,10,1e-12,width,0.0,1,d_eff,63.946722211811355,,12.992
meap4,sweep_all,MEAP,MLP,synthetic,dist,200,boundary_only,0.1,10,1e-12,width,0.0,1,g_ibp,5365.0897056746335,,0.004
meap4,sweep_all,MEAP,MLP,synthetic,dist,200,boundary_only,0.1,10,1e-12,width,0.0,2,margin_hat_min,0.0010000000474974513,,16.343
meap4,sweep_all,MEAP,MLP,synthetic,dist,200,boundary_only,0.1,10,1e-12,width,0.0,2,d_eff,64.10560322784714,,16.343
meap4,sweep_all,MEAP,MLP,synthetic,dist,200,boundary_only,0.1,10,1e-12,width,0.0,2,g_ibp,5365.0897056746335,,0.005
meap4,sweep_all,MEAP,MLP,synthetic,dist,200,boundary_only,0.1,10,1e-12,width,0.0,3,margin_hat_min,0.0010000000474974513,,16.017
meap4,sweep_all,MEAP,MLP,synthetic,dist,200,boundary_only,0.1,10,1e-12,width,0.0,3,d_eff,64.20602681568722,,16.017
meap4,sweep_all,MEAP,MLP,synthetic,dist,200,boundary_only,0.1,10,1e-12,width,0.0,3,g_ibp,5365.0897056746335,,0.006
meap4,sweep_all,MEAP,MLP,synthetic,dist,200,boundary_only,0.1,10,1e-12,width,0.0,4,margin_hat_min,0.0010000000474974513,,15.433
meap4,sweep_all,MEAP,MLP,synthetic,dist,200,boundary_only,0.1,10,1e-12,width,0.0,4,d_eff,64.06621081568068,,15.433
meap4,sweep_all,MEAP,MLP,synthetic,dist,200,boundary_only,0.1,10,1e-12,width,0.0,4,g_ibp,5365.0897056746335,,0.007
meap4,sweep_all,MEAP,MLP,synthetic,dist,200,boundary_only,0.1,10,1e-12,width,0.0,5,margin_hat_min,0.0010000000474974513,,16.011
meap4,sweep_all,MEAP,MLP,synthetic,dist,200,boundary_only,0.1,10,1e-12,width,0.0,5,d_eff,63.69043405005997,,16.011
meap4,sweep_all,MEAP,MLP,synthetic,dist,200,boundary_only,0.1,10,1e-12,width,0.0,5,g_ibp,5365.0897056746335,,0.006
meap4,sweep_all,MEAP,MLP,synthetic,dist,200,boundary_only,0.1,10,1e-12,width,0.0,6,margin_hat_min,0.0010000000474974513,,15.127
meap4,sweep_all,MEAP,MLP,synthetic,dist,200,boundary_only,0.1,10,1e-12,width,0.0,6,d_eff,64.01120961054752,,15.127
meap4,sweep_all,MEAP,MLP,synthetic,dist,200,boundary_only,0.1,10,1e-12,width,0.0,6,g_ibp,5365.0897056746335,,0.005
meap4,sweep_all,MEAP,MLP,synthetic,dist,200,boundary_only,0.1,10,1e-12,width,0.0,7,margin_hat_min,0.0010000000474974513,,16.085
meap4,sweep_all,MEAP,MLP,synthetic,dist,200,boundary_only,0.1,10,1e-12,width,0.0,7,d_eff,63.85994118829287,,16.085
meap4,sweep_all,MEAP,MLP,synthetic,dist,200,boundary_only,0.1,10,1e-12,width,0.0,7,g_ibp,5365.0897056746335,,0.004
meap4,sweep_all,MEAP,MLP,synthetic,dist,200,current_mixture,0.1,10,1e-12,width,0.0,0,margin_hat_min,0.0010000000474974513,,24.131
meap4,sweep_all,MEAP,MLP,synthetic,dist,200,current_mixture,0.1,10,1e-12,width,0.0,0,d_eff,64.03259831085875,,24.131
meap4,sweep_all,MEAP,MLP,synthetic,dist,200,current_mixture,0.1,10,1e-12,width,0.0,0,g_ibp,5365.0897056746335,,0.004
meap4,sweep_all,MEAP,MLP,synthetic,dist,200,current_mixture,0.1,10,1e-12,width,0.0,1,margin_hat_min,0.0010000000474974513,,25.16
meap4,sweep_all,MEAP,MLP,synthetic,dist,200,current_mixture,0.1,10,1e-12,width,0.0,1,d_eff,64.37598967206307,,25.16
meap4,sweep_all,MEAP,MLP,synthetic,dist,200,current_mixture,0.1,10,1e-12,width,0.0,1,g_ibp,5365.0897056746335,,0.004
meap4,sweep_all,MEAP,MLP,synthetic,dist,200,current_mixture,0.1,10,1e-12,width,0.0,2,margin_hat_min,0.0010000000474974513,,24.649
meap4,sweep_all,MEAP,MLP,synthetic,dist,200,current_mixture,0.1,10,1e-12,width,0.0,2,d_eff,63.612228300048564,,24.649
meap4,sweep_all,MEAP,MLP,synthetic,dist,200,current_mixture,0.1,10,1e-12,width,0.0,2,g_ibp,5365.0897056746335,,0.006
meap4,sweep_all,MEAP,MLP,synthetic,dist,200,current_mixture,0.1,10,1e-12,width,0.0,3,margin_hat_min,0.0010000000474974513,,24.954
meap4,sweep_all,MEAP,MLP,synthetic,dist,200,current_mixture,0.1,10,1e-12,width,0.0,3,d_eff,64.14104090485228,,24.954
meap4,sweep_all,MEAP,MLP,synthetic,dist,200,current_mixture,0.1,10,1e-12,width,0.0,3,g_ibp,5365.0897056746335,,0.006
meap4,sweep_all,MEAP,MLP,synthetic,dist,200,current_mixture,0.1,10,1e-12,width,0.0,4,margin_hat_min,0.0010000000474974513,,25.149
meap4,sweep_all,MEAP,MLP,synthetic,dist,200,current_mixture,0.1,10,1e-12,width,0.0,4,d_eff,64.93242304596117,,25.149
meap4,sweep_all,MEAP,MLP,synthetic,dist,200,current_mixture,0.1,10,1e-12,width,0.0,4,g_ibp,5365.0897056746335,,0.005
meap4,sweep_all,MEAP,MLP,synthetic,dist,200,current_mixture,0.1,10,1e-12,width,0.0,5,margin_hat_min,0.0010000000474974513,,24.862
meap4,sweep_all,MEAP,MLP,synthetic,dist,200,current_mixture,0.1,10,1e-12,width,0.0,5,d_eff,63.86278269322348,,24.862
meap4,sweep_all,MEAP,MLP,synthetic,dist,200,current_mixture,0.1,10,1e-12,width,0.0,5,g_ibp,5365.0897056746335,,0.007
meap4,sweep_all,MEAP,MLP,synthetic,dist,200,current_mixture,0.1,10,1e-12,width,0.0,6,margin_hat_min,0.0010000000474974513,,25.086
meap4,sweep_all,MEAP,MLP,synthetic,dist,200,current_mixture,0.1,10,1e-12,width,0.0,6,d_eff,63.76064223423219,,25.086
meap4,sweep_all,MEAP,MLP,synthetic,dist,200,current_mixture,0.1,10,1e-12,width,0.0,6,g_ibp,5365.0897056746335,,0.005
meap4,sweep_all,MEAP,MLP,synthetic,dist,200,current_mixture,0.1,10,1e-12,width,0.0,7,margin_hat_min,0.0010000000474974513,,24.939
meap4,sweep_all,MEAP,MLP,synthetic,dist,200,current_mixture,0.1,10,1e-12,width,0.0,7,d_eff,64.22782598026969,,24.939
meap4,sweep_all,MEAP,MLP,synthetic,dist,200,current_mixture,0.1,10,1e-12,width,0.0,7,g_ibp,5365.0897056746335,,0.004
meap4,sweep_all,MEAP,MLP,synthetic,dist,200,pgd_heavy,0.1,10,1e-12,width,0.0,0,margin_hat_min,0.0010000000474974513,,58.325
meap4,sweep_all,MEAP,MLP,synthetic,dist,200,pgd_heavy,0.1,10,1e-12,width,0.0,0,d_eff,64.5509192770608,,58.325
meap4,sweep_all,MEAP,MLP,synthetic,dist,200,pgd_heavy,0.1,10,1e-12,width,0.0,0,g_ibp,5365.0897056746335,,0.049
meap4,sweep_all,MEAP,MLP,synthetic,dist,200,pgd_heavy,0.1,10,1e-12,width,0.0,1,margin_hat_min,0.0010000000474974513,,57.261
meap4,sweep_all,MEAP,MLP,synthetic,dist,200,pgd_heavy,0.1,10,1e-12,width,0.0,1,d_eff,64.20812555163933,,57.261
meap4,sweep_all,MEAP,MLP,synthetic,dist,200,pgd_heavy,0.1,10,1e-12,width,0.0,1,g_ibp,5365.0897056746335,,0.005
meap4,sweep_all,MEAP,MLP,synthetic,dist,200,pgd_heavy,0.1,10,1e-12,width,0.0,2,margin_hat_min,0.0010000000474974513,,68.15
meap4,sweep_all,MEAP,MLP,synthetic,dist,200,pgd_heavy,0.1,10,1e-12,width,0.0,2,d_eff,63.7421326072451,,68.15
meap4,sweep_all,MEAP,MLP,synthetic,dist,200,pgd_heavy,0.1,10,1e-12,width,0.0,2,g_ibp,5365.0897056746335,,0.043
meap4,sweep_all,MEAP,MLP,synthetic,dist,200,pgd_heavy,0.1,10,1e-12,width,0.0,3,margin_hat_min,0.0010000000474974513,,57.77
meap4,sweep_all,MEAP,MLP,synthetic,dist,200,pgd_heavy,0.1,10,1e-12,width,0.0,3,d_eff,63.518857370550776,,57.77
meap4,sweep_all,MEAP,MLP,synthetic,dist,200,pgd_heavy,0.1,10,1e-12,width,0.0,3,g_ibp,5365.0897056746335,,0.029
meap4,sweep_all,MEAP,MLP,synthetic,dist,200,pgd_heavy,0.1,10,1e-12,width,0.0,4,margin_hat_min,0.0010000000474974513,,77.369
meap4,sweep_all,MEAP,MLP,synthetic,dist,200,pgd_heavy,0.1,10,1e-12,width,0.0,4,d_eff,64.04999846061611,,77.369
meap4,sweep_all,MEAP,MLP,synthetic,dist,200,pgd_heavy,0.1,10,1e-12,width,0.0,4,g_ibp,5365.0897056746335,,0.045
meap4,sweep_all,MEAP,MLP,synthetic,dist,200,pgd_heavy,0.1,10,1e-12,width,0.0,5,margin_hat_min,0.0010000000474974513,,115.494
meap4,sweep_all,MEAP,MLP,synthetic,dist,200,pgd_heavy,0.1,10,1e-12,width,0.0,5,d_eff,64.1839123200807,,115.494
meap4,sweep_all,MEAP,MLP,synthetic,dist,200,pgd_heavy,0.1,10,1e-12,width,0.0,5,g_ibp,5365.0897056746335,,0.078
meap4,sweep_all,MEAP,MLP,synthetic,dist,200,pgd_heavy,0.1,10,1e-12,width,0.0,6,margin_hat_min,0.0010000000474974513,,276.293
meap4,sweep_all,MEAP,MLP,synthetic,dist,200,pgd_heavy,0.1,10,1e-12,width,0.0,6,d_eff,64.65728477152973,,276.293
meap4,sweep_all,MEAP,MLP,synthetic,dist,200,pgd_heavy,0.1,10,1e-12,width,0.0,6,g_ibp,5365.0897056746335,,0.073
meap4,sweep_all,MEAP,MLP,synthetic,dist,200,pgd_heavy,0.1,10,1e-12,width,0.0,7,margin_hat_min,0.0010000000474974513,,294.381
meap4,sweep_all,MEAP,MLP,synthetic,dist,200,pgd_heavy,0.1,10,1e-12,width,0.0,7,d_eff,63.74318949651188,,294.381
meap4,sweep_all,MEAP,MLP,synthetic,dist,200,pgd_heavy,0.1,10,1e-12,width,0.0,7,g_ibp,5365.0897056746335,,0.077
milp16,sweep_all,MILP,MLP,synthetic,dist,200,uniform_only,0.1,10,1e-12,width,0.0,0,margin_hat_min,0.013923808932304382,,1.997
milp16,sweep_all,MILP,MLP,synthetic,dist,200,uniform_only,0.1,10,1e-12,width,0.0,0,d_eff,32.052713289829924,,1.997
milp16,sweep_all,MILP,MLP,synthetic,dist,200,uniform_only,0.1,10,1e-12,width,0.0,0,g_ibp,21.153388603709097,,0.001
milp16,sweep_all,MILP,MLP,synthetic,dist,200,uniform_only,0.1,10,1e-12,width,0.0,1,margin_hat_min,0.014456689357757568,,1.928
milp16,sweep_all,MILP,MLP,synthetic,dist,200,uniform_only,0.1,10,1e-12,width,0.0,1,d_eff,32.06450271819124,,1.928
milp16,sweep_all,MILP,MLP,synthetic,dist,200,uniform_only,0.1,10,1e-12,width,0.0,1,g_ibp,20.410525142583246,,0.001
milp16,sweep_all,MILP,MLP,synthetic,dist,200,uniform_only,0.1,10,1e-12,width,0.0,2,margin_hat_min,0.012672662734985352,,1.91
milp16,sweep_all,MILP,MLP,synthetic,dist,200,uniform_only,0.1,10,1e-12,width,0.0,2,d_eff,32.0874402451315,,1.91
milp16,sweep_all,MILP,MLP,synthetic,dist,200,uniform_only,0.1,10,1e-12,width,0.0,2,g_ibp,23.143091639285284,,0.001
milp16,sweep_all,MILP,MLP,synthetic,dist,200,uniform_only,0.1,10,1e-12,width,0.0,3,margin_hat_min,0.014484390616416931,,1.977
milp16,sweep_all,MILP,MLP,synthetic,dist,200,uniform_only,0.1,10,1e-12,width,0.0,3,d_eff,32.08801840347374,,1.977
milp16,sweep_all,MILP,MLP,synthetic,dist,200,uniform_only,0.1,10,1e-12,width,0.0,3,g_ibp,20.37340269871307,,0.001
milp16,sweep_all,MILP,MLP,synthetic,dist,200,uniform_only,0.1,10,1e-12,width,0.0,4,margin_hat_min,0.014229342341423035,,1.925
milp16,sweep_all,MILP,MLP,synthetic,dist,200,uniform_only,0.1,10,1e-12,width,0.0,4,d_eff,31.943238480614816,,1.925
milp16,sweep_all,MILP,MLP,synthetic,dist,200,uniform_only,0.1,10,1e-12,width,0.0,4,g_ibp,20.720653669289373,,0.001
milp16,sweep_all,MILP,MLP,synthetic,dist,200,uniform_only,0.1,10,1e-12,width,0.0,5,margin_hat_min,0.014449596405029297,,1.887
milp16,sweep_all,MILP,MLP,synthetic,dist,200,uniform_only,0.1,10,1e-12,width,0.0,5,d_eff,32.08033981913005,,1.887
milp16,sweep_all,MILP,MLP,synthetic,dist,200,uniform_only,0.1,10,1e-12,width,0.0,5,g_ibp,20.420053293640102,,0.001
milp16,sweep_all,MILP,MLP,synthetic,dist,200,uniform_only,0.1,10,1e-12,width,0.0,6,margin_hat_min,0.01403169333934784,,2.003
milp16,sweep_all,MILP,MLP,synthetic,dist,200,uniform_only,0.1,10,1e-12,width,0.0,6,d_eff,31.95742469079769,,2.003
milp16,sweep_all,MILP,MLP,synthetic,dist,200,uniform_only,0.1,10,1e-12,width,0.0,6,g_ibp,20.998436786655372,,0.001
milp16,sweep_all,MILP,MLP,synthetic,dist,200,uniform_only,0.1,10,1e-12,width,0.0,7,margin_hat_min,0.013916775584220886,,1.906
milp16,sweep_all,MILP,MLP,synthetic,dist,200,uniform_only,0.1,10,1e-12,width,0.0,7,d_eff,32.030944323569834,,1.906
milp16,sweep_all,MILP,MLP,synthetic,dist,200,uniform_only,0.1,10,1e-12,width,0.0,7,g_ibp,21.16357385073301,,0.001
milp16,sweep_all,MILP,MLP,synthetic,dist,200,boundary_only,0.1,10,1e-12,width,0.0,0,margin_hat_min,0.013028949499130249,,1.913
milp16,sweep_all,MILP,MLP,synthetic,dist,200,boundary_only,0.1,10,1e-12,width,0.0,0,d_eff,32.36355342696836,,1.913
milp16,sweep_all,MILP,MLP,synthetic,dist,200,boundary_only,0.1,10,1e-12,width,0.0,0,g_ibp,22.537571565065488,,0.001
milp16,sweep_all,MILP,MLP,synthetic,dist,200,boundary_only,0.1,10,1e-12,width,0.0,1,margin_hat_min,0.011305510997772217,,1.785
milp16,sweep_all,MILP,MLP,synthetic,dist,200,boundary_only,0.1,10,1e-12,width,0.0,1,d_eff,32.302465329005635,,1.785
milp16,sweep_all,MILP,MLP,synthetic,dist,200,boundary_only,0.1,10,1e-12,width,0.0,1,g_ibp,25.820809276746004,,0.001
milp16,sweep_all,MILP,MLP,synthetic,dist,200,boundary_only,0.1,10,1e-12,width,0.0,2,margin_hat_min,0.011629119515419006,,1.92
milp16,sweep_all,MILP,MLP,synthetic,dist,200,boundary_only,0.1,10,1e-12,width,0.0,2,d_eff,32.358172626394825,,1.92
milp16,sweep_all,MILP,MLP,synthetic,dist,200,boundary_only,0.1,10,1e-12,width,0.0,2,g_ibp,25.1301099262491,,0.002
milp16,sweep_all,MILP,MLP,synthetic,dist,200,boundary_only,0.1,10,1e-12,width,0.0,3,margin_hat_min,0.011135026812553406,,1.923
milp16,sweep_all,MILP,MLP,synthetic,dist,200,boundary_only,0.1,10,1e-12,width,0.0,3,d_eff,32.22252058163911,,1.923
milp16,sweep_all,MILP,MLP,synthetic,dist,200,boundary_only,0.1,10,1e-12,width,0.0,3,g_ibp,26.20083130245563,,0.002
milp16,sweep_all,MILP,MLP,synthetic,dist,200,boundary_only,0.1,10,1e-12,width,0.0,4,margin_hat_min,0.012820765376091003,,1.873
milp16,sweep_all,MILP,MLP,synthetic,dist,200,boundary_only,0.1,10,1e-12,width,0.0,4,d_eff,32.235266280896354,,1.873
milp16,sweep_all,MILP,MLP,synthetic,dist,200,boundary_only,0.1,10,1e-12,width,0.0,4,g_ibp,22.887299550625542,,0.001
milp16,sweep_all,MILP,MLP,synthetic,dist,200,boundary_only,0.1,10,1e-12,width,0.0,5,margin_hat_min,0.012638434767723083,,1.952
milp16,sweep_all,MILP,MLP,synthetic,dist,200,boundary_only,0.1,10,1e-12,width,0.0,5,d_eff,32.294120615795656,,1.952
milp16,sweep_all,MILP,MLP,synthetic,dist,200,boundary_only,0.1,10,1e-12,width,0.0,5,g_ibp,23.203060538091528,,0.002
milp16,sweep_all,MILP,MLP,synthetic,dist,200,boundary_only,0.1,10,1e-12,width,0.0,6,margin_hat_min,0.012671738862991333,,1.89
milp16,sweep_all,MILP,MLP,synthetic,dist,200,boundary_only,0.1,10,1e-12,width,0.0,6,d_eff,32.22695011497357,,1.89
milp16,sweep_all,MILP,MLP,synthetic,dist,200,boundary_only,0.1,10,1e-12,width,0.0,6,g_ibp,23.144706049307942,,0.001
milp16,sweep_all,MILP,MLP,synthetic,dist,200,boundary_only,0.1,10,1e-12,width,0.0,7,margin_hat_min,0.011868909001350403,,1.922
milp16,sweep_all,MILP,MLP,synthetic,dist,200,boundary_only,0.1,10,1e-12,width,0.0,7,d_eff,32.144646062283634,,1.922
milp16,sweep_all,MILP,MLP,synthetic,dist,200,boundary_only,0.1,10,1e-12,width,0.0,7,g_ibp,24.64260541732267,,0.001
milp16,sweep_all,MILP,MLP,synthetic,dist,200,current_mixture,0.1,10,1e-12,width,0.0,0,margin_hat_min,0.004393190145492554,,2.975
milp16,sweep_all,MILP,MLP,synthetic,dist,200,current_mixture,0.1,10,1e-12,width,0.0,0,d_eff,32.11740105565865,,2.975
milp16,sweep_all,MILP,MLP,synthetic,dist,200,current_mixture,0.1,10,1e-12,width,0.0,0,g_ibp,64.87429701869723,,0.001
milp16,sweep_all,MILP,MLP,synthetic,dist,200,current_mixture,0.1,10,1e-12,width,0.0,1,margin_hat_min,0.011149108409881592,,2.847
milp16,sweep_all,MILP,MLP,synthetic,dist,200,current_mixture,0.1,10,1e-12,width,0.0,1,d_eff,31.990459610608582,,2.847
milp16,sweep_all,MILP,MLP,synthetic,dist,200,current_mixture,0.1,10,1e-12,width,0.0,1,g_ibp,26.169002034530457,,0.001
milp16,sweep_all,MILP,MLP,synthetic,dist,200,current_mixture,0.1,10,1e-12,width,0.0,2,margin_hat_min,0.004395008087158203,,2.913
milp16,sweep_all,MILP,MLP,synthetic,dist,200,current_mixture,0.1,10,1e-12,width,0.0,2,d_eff,32.113944904199705,,2.913
milp16,sweep_all,MILP,MLP,synthetic,dist,200,current_mixture,0.1,10,1e-12,width,0.0,2,g_ibp,64.84787619225389,,0.001
milp16,sweep_all,MILP,MLP,synthetic,dist,200,current_mixture,0.1,10,1e-12,width,0.0,3,margin_hat_min,0.004390209913253784,,2.869
milp16,sweep_all,MILP,MLP,synthetic,dist,200,current_mixture,0.1,10,1e-12,width,0.0,3,d_eff,32.00460454793186,,2.869
milp16,sweep_all,MILP,MLP,synthetic,dist,200,current_mixture,0.1,10,1e-12,width,0.0,3,g_ibp,64.91765718664406,,0.001
milp16,sweep_all,MILP,MLP,synthetic,dist,200,current_mixture,0.1,10,1e-12,width,0.0,4,margin_hat_min,0.004390209913253784,,2.817
milp16,sweep_all,MILP,MLP,synthetic,dist,200,current_mixture,0.1,10,1e-12,width,0.0,4,d_eff,32.0270356166144,,2.817
milp16,sweep_all,MILP,MLP,synthetic,dist,200,current_mixture,0.1,10,1e-12,width,0.0,4,g_ibp,64.91765718664406,,0.001
milp16,sweep_all,MILP,MLP,synthetic,dist,200,current_mixture,0.1,10,1e-12,width,0.0,5,margin_hat_min,0.004391312599182129,,2.801
milp16,sweep_all,MILP,MLP,synthetic,dist,200,current_mixture,0.1,10,1e-12,width,0.0,5,d_eff,32.02897708661888,,2.801
milp16,sweep_all,MILP,MLP,synthetic,dist,200,current_mixture,0.1,10,1e-12,width,0.0,5,g_ibp,64.90160706505866,,0.001
milp16,sweep_all,MILP,MLP,synthetic,dist,200,current_mixture,0.1,10,1e-12,width,0.0,6,margin_hat_min,0.004390209913253784,,2.829
milp16,sweep_all,MILP,MLP,synthetic,dist,200,current_mixture,0.1,10,1e-12,width,0.0,6,d_eff,31.976318327370045,,2.829
milp16,sweep_all,MILP,MLP,synthetic,dist,200,current_mixture,0.1,10,1e-12,width,0.0,6,g_ibp,64.91765718664406,,0.001
milp16,sweep_all,MILP,MLP,synthetic,dist,200,current_mixture,0.1,10,1e-12,width,0.0,7,margin_hat_min,0.011149108409881592,,2.613
milp16,sweep_all,MILP,MLP,synthetic,dist,200,current_mixture,0.1,10,1e-12,width,0.0,7,d_eff,32.02342072567874,,2.613
milp16,sweep_all,MILP,MLP,synthetic,dist,200,current_mixture,0.1,10,1e-12,width,0.0,7,g_ibp,26.169002034530457,,0.001
milp16,sweep_all,MILP,MLP,synthetic,dist,200,pgd_heavy,0.1,10,1e-12,width,0.0,0,margin_hat_min,0.004390209913253784,,5.469
milp16,sweep_all,MILP,MLP,synthetic,dist,200,pgd_heavy,0.1,10,1e-12,width,0.0,0,d_eff,31.80084649266625,,5.469
milp16,sweep_all,MILP,MLP,synthetic,dist,200,pgd_heavy,0.1,10,1e-12,width,0.0,0,g_ibp,64.91765718664406,,0.001
milp16,sweep_all,MILP,MLP,synthetic,dist,200,pgd_heavy,0.1,10,1e-12,width,0.0,1,margin_hat_min,0.004390209913253784,,5.49
milp16,sweep_all,MILP,MLP,synthetic,dist,200,pgd_heavy,0.1,10,1e-12,width,0.0,1,d_eff,31.770828801333817,,5.49
milp16,sweep_all,MILP,MLP,synthetic,dist,200,pgd_heavy,0.1,10,1e-12,width,0.0,1,g_ibp,64.91765718664406,,0.001
milp16,sweep_all,MILP,MLP,synthetic,dist,200,pgd_heavy,0.1,10,1e-12,width,0.0,2,margin_hat_min,0.004390209913253784,,5.459
milp16,sweep_all,MILP,MLP,synthetic,dist,200,pgd_heavy,0.1,10,1e-12,width,0.0,2,d_eff,31.825363746044953,,5.459
milp16,sweep_all,MILP,MLP,synthetic,dist,200,pgd_heavy,0.1,10,1e-12,width,0.0,2,g_ibp,64.91765718664406,,0.001
milp16,sweep_all,MILP,MLP,synthetic,dist,200,pgd_heavy,0.1,10,1e-12,width,0.0,3,margin_hat_min,0.004390209913253784,,5.489
milp16,sweep_all,MILP,MLP,synthetic,dist,200,pgd_heavy,0.1,10,1e-12,width,0.0,3,d_eff,31.778340104283956,,5.489
milp16,sweep_all,MILP,MLP,synthetic,dist,200,pgd_heavy,0.1,10,1e-12,width,0.0,3,g_ibp,64.91765718664406,,0.001
milp16,sweep_all,MILP,MLP,synthetic,dist,200,pgd_heavy,0.1,10,1e-12,width,0.0,4,margin_hat_min,0.00439058244228363,,5.427
milp16,sweep_all,MILP,MLP,synthetic,dist,200,pgd_heavy,0.1,10,1e-12,width,0.0,4,d_eff,31.739701359817378,,5.427
milp16,sweep_all,MILP,MLP,synthetic,dist,200,pgd_heavy,0.1,10,1e-12,width,0.0,4,g_ibp,64.912233946532,,0.001
milp16,sweep_all,MILP,MLP,synthetic,dist,200,pgd_heavy,0.1,10,1e-12,width,0.0,5,margin_hat_min,0.0043910592794418335,,5.279
milp16,sweep_all,MILP,MLP,synthetic,dist,200,pgd_heavy,0.1,10,1e-12,width,0.0,5,d_eff,31.70136343008923,,5.279
milp16,sweep_all,MILP,MLP,synthetic,dist,200,pgd_heavy,0.1,10,1e-12,width,0.0,5,g_ibp,64.9052935419364,,0.001
milp16,sweep_all,MILP,MLP,synthetic,dist,200,pgd_heavy,0.1,10,1e-12,width,0.0,6,margin_hat_min,0.011149108409881592,,5.363
milp16,sweep_all,MILP,MLP,synthetic,dist,200,pgd_heavy,0.1,10,1e-12,width,0.0,6,d_eff,31.72396215831485,,5.363
milp16,sweep_all,MILP,MLP,synthetic,dist,200,pgd_heavy,0.1,10,1e-12,width,0.0,6,g_ibp,26.169002034530457,,0.001
milp16,sweep_all,MILP,MLP,synthetic,dist,200,pgd_heavy,0.1,10,1e-12,width,0.0,7,margin_hat_min,0.004390209913253784,,5.443
milp16,sweep_all,MILP,MLP,synthetic,dist,200,pgd_heavy,0.1,10,1e-12,width,0.0,7,d_eff,31.781284581242947,,5.443
milp16,sweep_all,MILP,MLP,synthetic,dist,200,pgd_heavy,0.1,10,1e-12,width,0.0,7,g_ibp,64.91765718664406,,0.001
milp14,sweep_all,MILP,MLP,synthetic,dist,200,uniform_only,0.1,10,1e-12,width,0.0,0,margin_hat_min,0.112682044506073,,2.122
milp14,sweep_all,MILP,MLP,synthetic,dist,200,uniform_only,0.1,10,1e-12,width,0.0,0,d_eff,33.45513094316097,,2.122
milp14,sweep_all,MILP,MLP,synthetic,dist,200,uniform_only,0.1,10,1e-12,width,0.0,0,g_ibp,18.121473733382476,,0.001
milp14,sweep_all,MILP,MLP,synthetic,dist,200,uniform_only,0.1,10,1e-12,width,0.0,1,margin_hat_min,0.08815090358257294,,1.951
milp14,sweep_all,MILP,MLP,synthetic,dist,200,uniform_only,0.1,10,1e-12,width,0.0,1,d_eff,33.44125432426537,,1.951
milp14,sweep_all,MILP,MLP,synthetic,dist,200,uniform_only,0.1,10,1e-12,width,0.0,1,g_ibp,22.88613601019525,,0.001
milp14,sweep_all,MILP,MLP,synthetic,dist,200,uniform_only,0.1,10,1e-12,width,0.0,2,margin_hat_min,0.11923946440219879,,1.966
milp14,sweep_all,MILP,MLP,synthetic,dist,200,uniform_only,0.1,10,1e-12,width,0.0,2,d_eff,33.3052404514765,,1.966
milp14,sweep_all,MILP,MLP,synthetic,dist,200,uniform_only,0.1,10,1e-12,width,0.0,2,g_ibp,17.179900462551302,,0.001
milp14,sweep_all,MILP,MLP,synthetic,dist,200,uniform_only,0.1,10,1e-12,width,0.0,3,margin_hat_min,0.11272203922271729,,1.899
milp14,sweep_all,MILP,MLP,synthetic,dist,200,uniform_only,0.1,10,1e-12,width,0.0,3,d_eff,33.34204648249112,,1.899
milp14,sweep_all,MILP,MLP,synthetic,dist,200,uniform_only,0.1,10,1e-12,width,0.0,3,g_ibp,18.11539889216052,,0.001
milp14,sweep_all,MILP,MLP,synthetic,dist,200,uniform_only,0.1,10,1e-12,width,0.0,4,margin_hat_min,0.10312570631504059,,2.129
milp14,sweep_all,MILP,MLP,synthetic,dist,200,uniform_only,0.1,10,1e-12,width,0.0,4,d_eff,33.381847412767385,,2.129
milp14,sweep_all,MILP,MLP,synthetic,dist,200,uniform_only,0.1,10,1e-12,width,0.0,4,g_ibp,19.70806740793781,,0.001
milp14,sweep_all,MILP,MLP,synthetic,dist,200,uniform_only,0.1,10,1e-12,width,0.0,5,margin_hat_min,0.11558619141578674,,2.042
milp14,sweep_all,MILP,MLP,synthetic,dist,200,uniform_only,0.1,10,1e-12,width,0.0,5,d_eff,33.33080810174583,,2.042
milp14,sweep_all,MILP,MLP,synthetic,dist,200,uniform_only,0.1,10,1e-12,width,0.0,5,g_ibp,17.691290210393532,,0.001
milp14,sweep_all,MILP,MLP,synthetic,dist,200,uniform_only,0.1,10,1e-12,width,0.0,6,margin_hat_min,0.11460371315479279,,1.95
milp14,sweep_all,MILP,MLP,synthetic,dist,200,uniform_only,0.1,10,1e-12,width,0.0,6,d_eff,33.37739462110665,,1.95
milp14,sweep_all,MILP,MLP,synthetic,dist,200,uniform_only,0.1,10,1e-12,width,0.0,6,g_ibp,17.83438181997655,,0.001
milp14,sweep_all,MILP,MLP,synthetic,dist,200,uniform_only,0.1,10,1e-12,width,0.0,7,margin_hat_min,0.11168496310710907,,1.965
milp14,sweep_all,MILP,MLP,synthetic,dist,200,uniform_only,0.1,10,1e-12,width,0.0,7,d_eff,33.31015675474787,,1.965
milp14,sweep_all,MILP,MLP,synthetic,dist,200,uniform_only,0.1,10,1e-12,width,0.0,7,g_ibp,18.27432781962039,,0.001
milp14,sweep_all,MILP,MLP,synthetic,dist,200,boundary_only,0.1,10,1e-12,width,0.0,0,margin_hat_min,0.0969552993774414,,2.1
milp14,sweep_all,MILP,MLP,synthetic,dist,200,boundary_only,0.1,10,1e-12,width,0.0,0,d_eff,33.55368308004846,,2.1
milp14,sweep_all,MILP,MLP,synthetic,dist,200,boundary_only,0.1,10,1e-12,width,0.0,0,g_ibp,20.898681945390116,,0.001
milp14,sweep_all,MILP,MLP,synthetic,dist,200,boundary_only,0.1,10,1e-12,width,0.0,1,margin_hat_min,0.09795495122671127,,2.194
milp14,sweep_all,MILP,MLP,synthetic,dist,200,boundary_only,0.1,10,1e-12,width,0.0,1,d_eff,33.37399783327402,,2.194
milp14,sweep_all,MILP,MLP,synthetic,dist,200,boundary_only,0.1,10,1e-12,width,0.0,1,g_ibp,20.69561151397822,,0.001
milp14,sweep_all,MILP,MLP,synthetic,dist,200,boundary_only,0.1,10,1e-12,width,0.0,2,margin_hat_min,0.09741391986608505,,1.96
milp14,sweep_all,MILP,MLP,synthetic,dist,200,boundary_only,0.1,10,1e-12,width,0.0,2,d_eff,33.494514359970026,,1.96
milp14,sweep_all,MILP,MLP,synthetic,dist,200,boundary_only,0.1,10,1e-12,width,0.0,2,g_ibp,20.80499981813755,,0.001
milp14,sweep_all,MILP,MLP,synthetic,dist,200,boundary_only,0.1,10,1e-12,width,0.0,3,margin_hat_min,0.10194044560194016,,1.927
milp14,sweep_all,MILP,MLP,synthetic,dist,200,boundary_only,0.1,10,1e-12,width,0.0,3,d_eff,33.408314337260585,,1.927
milp14,sweep_all,MILP,MLP,synthetic,dist,200,boundary_only,0.1,10,1e-12,width,0.0,3,g_ibp,19.925585952079075,,0.001
milp14,sweep_all,MILP,MLP,synthetic,dist,200,boundary_only,0.1,10,1e-12,width,0.0,4,margin_hat_min,0.0997186079621315,,2.046
milp14,sweep_all,MILP,MLP,synthetic,dist,200,boundary_only,0.1,10,1e-12,width,0.0,4,d_eff,33.46483885266924,,2.046
milp14,sweep_all,MILP,MLP,synthetic,dist,200,boundary_only,0.1,10,1e-12,width,0.0,4,g_ibp,20.347268324934802,,0.002
milp14,sweep_all,MILP,MLP,synthetic,dist,200,boundary_only,0.1,10,1e-12,width,0.0,5,margin_hat_min,0.07722426950931549,,2.025
milp14,sweep_all,MILP,MLP,synthetic,dist,200,boundary_only,0.1,10,1e-12,width,0.0,5,d_eff,33.34245929268968,,2.025
milp14,sweep_all,MILP,MLP,synthetic,dist,200,boundary_only,0.1,10,1e-12,width,0.0,5,g_ibp,25.982854191893328,,0.002
milp14,sweep_all,MILP,MLP,synthetic,dist,200,boundary_only,0.1,10,1e-12,width,0.0,6,margin_hat_min,0.10971005260944366,,2.008
milp14,sweep_all,MILP,MLP,synthetic,dist,200,boundary_only,0.1,10,1e-12,width,0.0,6,d_eff,33.66295081257566,,2.008
milp14,sweep_all,MILP,MLP,synthetic,dist,200,boundary_only,0.1,10,1e-12,width,0.0,6,g_ibp,18.585286118694565,,0.001
milp14,sweep_all,MILP,MLP,synthetic,dist,200,boundary_only,0.1,10,1e-12,width,0.0,7,margin_hat_min,0.0852583795785904,,2.001
milp14,sweep_all,MILP,MLP,synthetic,dist,200,boundary_only,0.1,10,1e-12,width,0.0,7,d_eff,33.445617421008635,,2.001
milp14,sweep_all,MILP,MLP,synthetic,dist,200,boundary_only,0.1,10,1e-12,width,0.0,7,g_ibp,23.62865743830683,,0.001
milp14,sweep_all,MILP,MLP,synthetic,dist,200,current_mixture,0.1,10,1e-12,width,0.0,0,margin_hat_min,0.011491924524307251,,3.085
milp14,sweep_all,MILP,MLP,synthetic,dist,200,current_mixture,0.1,10,1e-12,width,0.0,0,d_eff,33.74279879767281,,3.085
milp14,sweep_all,MILP,MLP,synthetic,dist,200,current_mixture,0.1,10,1e-12,width,0.0,0,g_ibp,168.88159903095985,,0.001
milp14,sweep_all,MILP,MLP,synthetic,dist,200,current_mixture,0.1,10,1e-12,width,0.0,1,margin_hat_min,0.00977487862110138,,2.934
milp14,sweep_all,MILP,MLP,synthetic,dist,200,current_mixture,0.1,10,1e-12,width,0.0,1,d_eff,33.7872572191349,,2.934
milp14,sweep_all,MILP,MLP,synthetic,dist,200,current_mixture,0.1,10,1e-12,width,0.0,1,g_ibp,198.37152141096695,,0.001
milp14,sweep_all,MILP,MLP,synthetic,dist,200,current_mixture,0.1,10,1e-12,width,0.0,2,margin_hat_min,0.008949607610702515,,2.989
milp14,sweep_all,MILP,MLP,synthetic,dist,200,current_mixture,0.1,10,1e-12,width,0.0,2,d_eff,33.446160049752024,,2.989
milp14,sweep_all,MILP,MLP,synthetic,dist,200,current_mixture,0.1,10,1e-12,width,0.0,2,g_ibp,216.5717601215224,,0.001
milp14,sweep_all,MILP,MLP,synthetic,dist,200,current_mixture,0.1,10,1e-12,width,0.0,3,margin_hat_min,0.009690150618553162,,2.858
milp14,sweep_all,MILP,MLP,synthetic,dist,200,current_mixture,0.1,10,1e-12,width,0.0,3,d_eff,33.95755417482681,,2.858
milp14,sweep_all,MILP,MLP,synthetic,dist,200,current_mixture,0.1,10,1e-12,width,0.0,3,g_ibp,200.09728351989742,,0.002
milp14,sweep_all,MILP,MLP,synthetic,dist,200,current_mixture,0.1,10,1e-12,width,0.0,4,margin_hat_min,0.010240688920021057,,2.917
milp14,sweep_all,MILP,MLP,synthetic,dist,200,current_mixture,0.1,10,1e-12,width,0.0,4,d_eff,33.696660293469556,,2.917
milp14,sweep_all,MILP,MLP,synthetic,dist,200,current_mixture,0.1,10,1e-12,width,0.0,4,g_ibp,189.39383562286008,,0.001
milp14,sweep_all,MILP,MLP,synthetic,dist,200,current_mixture,0.1,10,1e-12,width,0.0,5,margin_hat_min,0.008197739720344543,,3.242
milp14,sweep_all,MILP,MLP,synthetic,dist,200,current_mixture,0.1,10,1e-12,width,0.0,5,d_eff,33.80695107224969,,3.242
milp14,sweep_all,MILP,MLP,synthetic,dist,200,current_mixture,0.1,10,1e-12,width,0.0,5,g_ibp,236.3432447029748,,0.001
milp14,sweep_all,MILP,MLP,synthetic,dist,200,current_mixture,0.1,10,1e-12,width,0.0,6,margin_hat_min,0.00823606550693512,,2.768
milp14,sweep_all,MILP,MLP,synthetic,dist,200,current_mixture,0.1,10,1e-12,width,0.0,6,d_eff,33.64963450958192,,2.768
milp14,sweep_all,MILP,MLP,synthetic,dist,200,current_mixture,0.1,10,1e-12,width,0.0,6,g_ibp,235.2480961805001,,0.001
milp14,sweep_all,MILP,MLP,synthetic,dist,200,current_mixture,0.1,10,1e-12,width,0.0,7,margin_hat_min,0.005842357873916626,,2.853
milp14,sweep_all,MILP,MLP,synthetic,dist,200,current_mixture,0.1,10,1e-12,width,0.0,7,d_eff,33.59850913789287,,2.853
milp14,sweep_all,MILP,MLP,synthetic,dist,200,current_mixture,0.1,10,1e-12,width,0.0,7,g_ibp,331.22329452545176,,0.001
milp14,sweep_all,MILP,MLP,synthetic,dist,200,pgd_heavy,0.1,10,1e-12,width,0.0,0,margin_hat_min,0.008840441703796387,,5.555
milp14,sweep_all,MILP,MLP,synthetic,dist,200,pgd_heavy,0.1,10,1e-12,width,0.0,0,d_eff,34.13374253979649,,5.555
milp14,sweep_all,MILP,MLP,synthetic,dist,200,pgd_heavy,0.1,10,1e-12,width,0.0,0,g_ibp,219.23374099112627,,0.002
milp14,sweep_all,MILP,MLP,synthetic,dist,200,pgd_heavy,0.1,10,1e-12,width,0.0,1,margin_hat_min,0.008306324481964111,,5.304
milp14,sweep_all,MILP,MLP,synthetic,dist,200,pgd_heavy,0.1,10,1e-12,width,0.0,1,d_eff,34.28411171606873,,5.304
milp14,sweep_all,MILP,MLP,synthetic,dist,200,pgd_heavy,0.1,10,1e-12,width,0.0,1,g_ibp,233.26671065024672,,0.002
milp14,sweep_all,MILP,MLP,synthetic,dist,200,pgd_heavy,0.1,10,1e-12,width,0.0,2,margin_hat_min,0.006831943988800049,,5.445
milp14,sweep_all,MILP,MLP,synthetic,dist,200,pgd_heavy,0.1,10,1e-12,width,0.0,2,d_eff,34.46986664323277,,5.445
milp14,sweep_all,MILP,MLP,synthetic,dist,200,pgd_heavy,0.1,10,1e-12,width,0.0,2,g_ibp,283.3914640008853,,0.002
milp14,sweep_all,MILP,MLP,synthetic,dist,200,pgd_heavy,0.1,10,1e-12,width,0.0,3,margin_hat_min,0.00816260278224945,,5.427
milp14,sweep_all,MILP,MLP,synthetic,dist,200,pgd_heavy,0.1,10,1e-12,width,0.0,3,d_eff,34.11341756284747,,5.427
milp14,sweep_all,MILP,MLP,synthetic,dist,200,pgd_heavy,0.1,10,1e-12,width,0.0,3,g_ibp,237.3563089472862,,0.002
milp14,sweep_all,MILP,MLP,synthetic,dist,200,pgd_heavy,0.1,10,1e-12,width,0.0,4,margin_hat_min,0.0048498064279556274,,5.408
milp14,sweep_all,MILP,MLP,synthetic,dist,200,pgd_heavy,0.1,10,1e-12,width,0.0,4,d_eff,34.20418902131142,,5.408
milp14,sweep_all,MILP,MLP,synthetic,dist,200,pgd_heavy,0.1,10,1e-12,width,0.0,4,g_ibp,398.8061173190253,,0.002
milp14,sweep_all,MILP,MLP,synthetic,dist,200,pgd_heavy,0.1,10,1e-12,width,0.0,5,margin_hat_min,0.0050125569105148315,,5.342
milp14,sweep_all,MILP,MLP,synthetic,dist,200,pgd_heavy,0.1,10,1e-12,width,0.0,5,d_eff,34.11779454563052,,5.342
milp14,sweep_all,MILP,MLP,synthetic,dist,200,pgd_heavy,0.1,10,1e-12,width,0.0,5,g_ibp,385.88992729833006,,0.002
milp14,sweep_all,MILP,MLP,synthetic,dist,200,pgd_heavy,0.1,10,1e-12,width,0.0,6,margin_hat_min,0.008349642157554626,,5.398
milp14,sweep_all,MILP,MLP,synthetic,dist,200,pgd_heavy,0.1,10,1e-12,width,0.0,6,d_eff,34.30557735854957,,5.398
milp14,sweep_all,MILP,MLP,synthetic,dist,200,pgd_heavy,0.1,10,1e-12,width,0.0,6,g_ibp,232.06171840849956,,0.001
milp14,sweep_all,MILP,MLP,synthetic,dist,200,pgd_heavy,0.1,10,1e-12,width,0.0,7,margin_hat_min,0.007927924394607544,,5.282
milp14,sweep_all,MILP,MLP,synthetic,dist,200,pgd_heavy,0.1,10,1e-12,width,0.0,7,d_eff,34.43315411296558,,5.282
milp14,sweep_all,MILP,MLP,synthetic,dist,200,pgd_heavy,0.1,10,1e-12,width,0.0,7,g_ibp,244.35280824834834,,0.001
milp30,sweep_all,MILP,MLP,synthetic,dist,200,uniform_only,0.1,10,1e-12,width,0.0,0,margin_hat_min,0.03692606836557388,,1.905
milp30,sweep_all,MILP,MLP,synthetic,dist,200,uniform_only,0.1,10,1e-12,width,0.0,0,d_eff,30.788399468933,,1.905
milp30,sweep_all,MILP,MLP,synthetic,dist,200,uniform_only,0.1,10,1e-12,width,0.0,0,g_ibp,62.28363383138436,,0.001
milp30,sweep_all,MILP,MLP,synthetic,dist,200,uniform_only,0.1,10,1e-12,width,0.0,1,margin_hat_min,0.047206345945596695,,2.023
milp30,sweep_all,MILP,MLP,synthetic,dist,200,uniform_only,0.1,10,1e-12,width,0.0,1,d_eff,30.649301764513986,,2.023
milp30,sweep_all,MILP,MLP,synthetic,dist,200,uniform_only,0.1,10,1e-12,width,0.0,1,g_ibp,48.9377000535015,,0.001
milp30,sweep_all,MILP,MLP,synthetic,dist,200,uniform_only,0.1,10,1e-12,width,0.0,2,margin_hat_min,0.04873868077993393,,1.83
milp30,sweep_all,MILP,MLP,synthetic,dist,200,uniform_only,0.1,10,1e-12,width,0.0,2,d_eff,30.741468367842256,,1.83
milp30,sweep_all,MILP,MLP,synthetic,dist,200,uniform_only,0.1,10,1e-12,width,0.0,2,g_ibp,47.43054790057073,,0.001
milp30,sweep_all,MILP,MLP,synthetic,dist,200,uniform_only,0.1,10,1e-12,width,0.0,3,margin_hat_min,0.05244990438222885,,1.91
milp30,sweep_all,MILP,MLP,synthetic,dist,200,uniform_only,0.1,10,1e-12,width,0.0,3,d_eff,30.692758167587282,,1.91
milp30,sweep_all,MILP,MLP,synthetic,dist,200,uniform_only,0.1,10,1e-12,width,0.0,3,g_ibp,44.145238856400546,,0.002
milp30,sweep_all,MILP,MLP,synthetic,dist,200,uniform_only,0.1,10,1e-12,width,0.0,4,margin_hat_min,0.050468236207962036,,1.86
milp30,sweep_all,MILP,MLP,synthetic,dist,200,uniform_only,0.1,10,1e-12,width,0.0,4,d_eff,30.886853724050987,,1.86
milp30,sweep_all,MILP,MLP,synthetic,dist,200,uniform_only,0.1,10,1e-12,width,0.0,4,g_ibp,45.839364768763744,,0.001
milp30,sweep_all,MILP,MLP,synthetic,dist,200,uniform_only,0.1,10,1e-12,width,0.0,5,margin_hat_min,0.05430842190980911,,1.905
milp30,sweep_all,MILP,MLP,synthetic,dist,200,uniform_only,0.1,10,1e-12,width,0.0,5,d_eff,30.791042820109748,,1.905
milp30,sweep_all,MILP,MLP,synthetic,dist,200,uniform_only,0.1,10,1e-12,width,0.0,5,g_ibp,42.66874258151436,,0.001
milp30,sweep_all,MILP,MLP,synthetic,dist,200,uniform_only,0.1,10,1e-12,width,0.0,6,margin_hat_min,0.05356637015938759,,1.81
milp30,sweep_all,MILP,MLP,synthetic,dist,200,uniform_only,0.1,10,1e-12,width,0.0,6,d_eff,30.820459369744007,,1.81
milp30,sweep_all,MILP,MLP,synthetic,dist,200,uniform_only,0.1,10,1e-12,width,0.0,6,g_ibp,43.2459772023762,,0.001
milp30,sweep_all,MILP,MLP,synthetic,dist,200,uniform_only,0.1,10,1e-12,width,0.0,7,margin_hat_min,0.04729195684194565,,1.868
milp30,sweep_all,MILP,MLP,synthetic,dist,200,uniform_only,0.1,10,1e-12,width,0.0,7,d_eff,30.677964904682433,,1.868
milp30,sweep_all,MILP,MLP,synthetic,dist,200,uniform_only,0.1,10,1e-12,width,0.0,7,g_ibp,48.85092019188325,,0.001
milp30,sweep_all,MILP,MLP,synthetic,dist,200,boundary_only,0.1,10,1e-12,width,0.0,0,margin_hat_min,0.04188322275876999,,1.878
milp30,sweep_all,MILP,MLP,synthetic,dist,200,boundary_only,0.1,10,1e-12,width,0.0,0,d_eff,30.695398782378703,,1.878
milp30,sweep_all,MILP,MLP,synthetic,dist,200,boundary_only,0.1,10,1e-12,width,0.0,0,g_ibp,55.030313416650905,,0.001
milp30,sweep_all,MILP,MLP,synthetic,dist,200,boundary_only,0.1,10,1e-12,width,0.0,1,margin_hat_min,0.04126694053411484,,1.875
milp30,sweep_all,MILP,MLP,synthetic,dist,200,boundary_only,0.1,10,1e-12,width,0.0,1,d_eff,30.66626069135368,,1.875
milp30,sweep_all,MILP,MLP,synthetic,dist,200,boundary_only,0.1,10,1e-12,width,0.0,1,g_ibp,55.83720438844211,,0.001
milp30,sweep_all,MILP,MLP,synthetic,dist,200,boundary_only,0.1,10,1e-12,width,0.0,2,margin_hat_min,0.040557458996772766,,2.004
milp30,sweep_all,MILP,MLP,synthetic,dist,200,boundary_only,0.1,10,1e-12,width,0.0,2,d_eff,30.60229490857577,,2.004
milp30,sweep_all,MILP,MLP,synthetic,dist,200,boundary_only,0.1,10,1e-12,width,0.0,2,g_ibp,56.79648500006006,,0.001
milp30,sweep_all,MILP,MLP,synthetic,dist,200,boundary_only,0.1,10,1e-12,width,0.0,3,margin_hat_min,0.042859919369220734,,1.84
milp30,sweep_all,MILP,MLP,synthetic,dist,200,boundary_only,0.1,10,1e-12,width,0.0,3,d_eff,30.562014413523617,,1.84
milp30,sweep_all,MILP,MLP,synthetic,dist,200,boundary_only,0.1,10,1e-12,width,0.0,3,g_ibp,53.79906462404818,,0.001
milp30,sweep_all,MILP,MLP,synthetic,dist,200,boundary_only,0.1,10,1e-12,width,0.0,4,margin_hat_min,0.036973513662815094,,2.148
milp30,sweep_all,MILP,MLP,synthetic,dist,200,boundary_only,0.1,10,1e-12,width,0.0,4,d_eff,30.673732644370297,,2.148
milp30,sweep_all,MILP,MLP,synthetic,dist,200,boundary_only,0.1,10,1e-12,width,0.0,4,g_ibp,62.204993206379406,,0.001
milp30,sweep_all,MILP,MLP,synthetic,dist,200,boundary_only,0.1,10,1e-12,width,0.0,5,margin_hat_min,0.03437301516532898,,2.054
milp30,sweep_all,MILP,MLP,synthetic,dist,200,boundary_only,0.1,10,1e-12,width,0.0,5,d_eff,30.703941651961674,,2.054
milp30,sweep_all,MILP,MLP,synthetic,dist,200,boundary_only,0.1,10,1e-12,width,0.0,5,g_ibp,66.83547127476109,,0.001
milp30,sweep_all,MILP,MLP,synthetic,dist,200,boundary_only,0.1,10,1e-12,width,0.0,6,margin_hat_min,0.042041536420583725,,2.281
milp30,sweep_all,MILP,MLP,synthetic,dist,200,boundary_only,0.1,10,1e-12,width,0.0,6,d_eff,30.683427569091794,,2.281
milp30,sweep_all,MILP,MLP,synthetic,dist,200,boundary_only,0.1,10,1e-12,width,0.0,6,g_ibp,54.82685423095039,,0.002
milp30,sweep_all,MILP,MLP,synthetic,dist,200,boundary_only,0.1,10,1e-12,width,0.0,7,margin_hat_min,0.04324726015329361,,2.074
milp30,sweep_all,MILP,MLP,synthetic,dist,200,boundary_only,0.1,10,1e-12,width,0.0,7,d_eff,30.76930160622417,,2.074
milp30,sweep_all,MILP,MLP,synthetic,dist,200,boundary_only,0.1,10,1e-12,width,0.0,7,g_ibp,53.32617383242741,,0.001
milp30,sweep_all,MILP,MLP,synthetic,dist,200,current_mixture,0.1,10,1e-12,width,0.0,0,margin_hat_min,0.004749450832605362,,3.023
milp30,sweep_all,MILP,MLP,synthetic,dist,200,current_mixture,0.1,10,1e-12,width,0.0,0,d_eff,30.170694641075094,,3.023
milp30,sweep_all,MILP,MLP,synthetic,dist,200,current_mixture,0.1,10,1e-12,width,0.0,0,g_ibp,477.46848696651045,,0.002
milp30,sweep_all,MILP,MLP,synthetic,dist,200,current_mixture,0.1,10,1e-12,width,0.0,1,margin_hat_min,0.005011856555938721,,2.95
milp30,sweep_all,MILP,MLP,synthetic,dist,200,current_mixture,0.1,10,1e-12,width,0.0,1,d_eff,29.965019325260812,,2.95
milp30,sweep_all,MILP,MLP,synthetic,dist,200,current_mixture,0.1,10,1e-12,width,0.0,1,g_ibp,452.52203118758325,,0.001
milp30,sweep_all,MILP,MLP,synthetic,dist,200,current_mixture,0.1,10,1e-12,width,0.0,2,margin_hat_min,0.00431428849697113,,3.068
milp30,sweep_all,MILP,MLP,synthetic,dist,200,current_mixture,0.1,10,1e-12,width,0.0,2,d_eff,30.059612738911266,,3.068
milp30,sweep_all,MILP,MLP,synthetic,dist,200,current_mixture,0.1,10,1e-12,width,0.0,2,g_ibp,525.5276605108761,,0.001
milp30,sweep_all,MILP,MLP,synthetic,dist,200,current_mixture,0.1,10,1e-12,width,0.0,3,margin_hat_min,0.004787374287843704,,3.231
milp30,sweep_all,MILP,MLP,synthetic,dist,200,current_mixture,0.1,10,1e-12,width,0.0,3,d_eff,30.06407848782906,,3.231
milp30,sweep_all,MILP,MLP,synthetic,dist,200,current_mixture,0.1,10,1e-12,width,0.0,3,g_ibp,473.6941149939527,,0.001
milp30,sweep_all,MILP,MLP,synthetic,dist,200,current_mixture,0.1,10,1e-12,width,0.0,4,margin_hat_min,0.0046857669949531555,,3.393
milp30,sweep_all,MILP,MLP,synthetic,dist,200,current_mixture,0.1,10,1e-12,width,0.0,4,d_eff,30.052091197700975,,3.393
milp30,sweep_all,MILP,MLP,synthetic,dist,200,current_mixture,0.1,10,1e-12,width,0.0,4,g_ibp,483.9441273038498,,0.001
milp30,sweep_all,MILP,MLP,synthetic,dist,200,current_mixture,0.1,10,1e-12,width,0.0,5,margin_hat_min,0.0033903345465660095,,3.103
milp30,sweep_all,MILP,MLP,synthetic,dist,200,current_mixture,0.1,10,1e-12,width,0.0,5,d_eff,30.138889793801596,,3.103
milp30,sweep_all,MILP,MLP,synthetic,dist,200,current_mixture,0.1,10,1e-12,width,0.0,5,g_ibp,668.4750296351747,,0.002
milp30,sweep_all,MILP,MLP,synthetic,dist,200,current_mixture,0.1,10,1e-12,width,0.0,6,margin_hat_min,0.0032354816794395447,,3.376
milp30,sweep_all,MILP,MLP,synthetic,dist,200,current_mixture,0.1,10,1e-12,width,0.0,6,d_eff,30.140238926323974,,3.376
milp30,sweep_all,MILP,MLP,synthetic,dist,200,current_mixture,0.1,10,1e-12,width,0.0,6,g_ibp,700.4209444271531,,0.002
milp30,sweep_all,MILP,MLP,synthetic,dist,200,current_mixture,0.1,10,1e-12,width,0.0,7,margin_hat_min,0.004439949989318848,,2.928
milp30,sweep_all,MILP,MLP,synthetic,dist,200,current_mixture,0.1,10,1e-12,width,0.0,7,d_eff,30.016018832172655,,2.928
milp30,sweep_all,MILP,MLP,synthetic,dist,200,current_mixture,0.1,10,1e-12,width,0.0,7,g_ibp,510.68223911172197,,0.001
milp30,sweep_all,MILP,MLP,synthetic,dist,200,pgd_heavy,0.1,10,1e-12,width,0.0,0,margin_hat_min,0.004201345145702362,,5.979
milp30,sweep_all,MILP,MLP,synthetic,dist,200,pgd_heavy,0.1,10,1e-12,width,0.0,0,d_eff,29.085167346281708,,5.979
milp30,sweep_all,MILP,MLP,synthetic,dist,200,pgd_heavy,0.1,10,1e-12,width,0.0,0,g_ibp,539.6283615346337,,0.001
milp30,sweep_all,MILP,MLP,synthetic,dist,200,pgd_heavy,0.1,10,1e-12,width,0.0,1,margin_hat_min,0.004008151590824127,,5.742
milp30,sweep_all,MILP,MLP,synthetic,dist,200,pgd_heavy,0.1,10,1e-12,width,0.0,1,d_eff,29.073396205967683,,5.742
milp30,sweep_all,MILP,MLP,synthetic,dist,200,pgd_heavy,0.1,10,1e-12,width,0.0,1,g_ibp,565.590335661405,,0.001
milp30,sweep_all,MILP,MLP,synthetic,dist,200,pgd_heavy,0.1,10,1e-12,width,0.0,2,margin_hat_min,0.004101485013961792,,5.79
milp30,sweep_all,MILP,MLP,synthetic,dist,200,pgd_heavy,0.1,10,1e-12,width,0.0,2,d_eff,29.16564327886971,,5.79
milp30,sweep_all,MILP,MLP,synthetic,dist,200,pgd_heavy,0.1,10,1e-12,width,0.0,2,g_ibp,552.7425138345554,,0.001
milp30,sweep_all,MILP,MLP,synthetic,dist,200,pgd_heavy,0.1,10,1e-12,width,0.0,3,margin_hat_min,0.0035108551383018494,,5.541
milp30,sweep_all,MILP,MLP,synthetic,dist,200,pgd_heavy,0.1,10,1e-12,width,0.0,3,d_eff,29.020499280397182,,5.541
milp30,sweep_all,MILP,MLP,synthetic,dist,200,pgd_heavy,0.1,10,1e-12,width,0.0,3,g_ibp,645.56195508533,,0.001
milp30,sweep_all,MILP,MLP,synthetic,dist,200,pgd_heavy,0.1,10,1e-12,width,0.0,4,margin_hat_min,0.004421241581439972,,5.867
milp30,sweep_all,MILP,MLP,synthetic,dist,200,pgd_heavy,0.1,10,1e-12,width,0.0,4,d_eff,28.927671834368848,,5.867
milp30,sweep_all,MILP,MLP,synthetic,dist,200,pgd_heavy,0.1,10,1e-12,width,0.0,4,g_ibp,512.8389507593715,,0.001
milp30,sweep_all,MILP,MLP,synthetic,dist,200,pgd_heavy,0.1,10,1e-12,width,0.0,5,margin_hat_min,0.004183582961559296,,5.873
milp30,sweep_all,MILP,MLP,synthetic,dist,200,pgd_heavy,0.1,10,1e-12,width,0.0,5,d_eff,29.10143341640848,,5.873
milp30,sweep_all,MILP,MLP,synthetic,dist,200,pgd_heavy,0.1,10,1e-12,width,0.0,5,g_ibp,541.9152090115159,,0.002
milp30,sweep_all,MILP,MLP,synthetic,dist,200,pgd_heavy,0.1,10,1e-12,width,0.0,6,margin_hat_min,0.004428587853908539,,6.189
milp30,sweep_all,MILP,MLP,synthetic,dist,200,pgd_heavy,0.1,10,1e-12,width,0.0,6,d_eff,29.031681275384184,,6.189
milp30,sweep_all,MILP,MLP,synthetic,dist,200,pgd_heavy,0.1,10,1e-12,width,0.0,6,g_ibp,511.9898971749121,,0.001
milp30,sweep_all,MILP,MLP,synthetic,dist,200,pgd_heavy,0.1,10,1e-12,width,0.0,7,margin_hat_min,0.00434122234582901,,5.726
milp30,sweep_all,MILP,MLP,synthetic,dist,200,pgd_heavy,0.1,10,1e-12,width,0.0,7,d_eff,29.019774286235606,,5.726
milp30,sweep_all,MILP,MLP,synthetic,dist,200,pgd_heavy,0.1,10,1e-12,width,0.0,7,g_ibp,522.2733815080288,,0.002
milp26,sweep_all,MILP,MLP,synthetic,dist,200,uniform_only,0.1,10,1e-12,width,0.0,0,margin_hat_min,0.06551197171211243,,2.082
milp26,sweep_all,MILP,MLP,synthetic,dist,200,uniform_only,0.1,10,1e-12,width,0.0,0,d_eff,31.227386864238415,,2.082
milp26,sweep_all,MILP,MLP,synthetic,dist,200,uniform_only,0.1,10,1e-12,width,0.0,0,g_ibp,84.08613389723513,,0.001
milp26,sweep_all,MILP,MLP,synthetic,dist,200,uniform_only,0.1,10,1e-12,width,0.0,1,margin_hat_min,0.06568274646997452,,2.239
milp26,sweep_all,MILP,MLP,synthetic,dist,200,uniform_only,0.1,10,1e-12,width,0.0,1,d_eff,31.258004273841756,,2.239
milp26,sweep_all,MILP,MLP,synthetic,dist,200,uniform_only,0.1,10,1e-12,width,0.0,1,g_ibp,83.870110433535,,0.001
milp26,sweep_all,MILP,MLP,synthetic,dist,200,uniform_only,0.1,10,1e-12,width,0.0,2,margin_hat_min,0.05891844257712364,,2.046
milp26,sweep_all,MILP,MLP,synthetic,dist,200,uniform_only,0.1,10,1e-12,width,0.0,2,d_eff,31.142321996851603,,2.046
milp26,sweep_all,MILP,MLP,synthetic,dist,200,uniform_only,0.1,10,1e-12,width,0.0,2,g_ibp,93.3842555140548,,0.001
milp26,sweep_all,MILP,MLP,synthetic,dist,200,uniform_only,0.1,10,1e-12,width,0.0,3,margin_hat_min,0.06690402328968048,,2.058
milp26,sweep_all,MILP,MLP,synthetic,dist,200,uniform_only,0.1,10,1e-12,width,0.0,3,d_eff,31.09836293652747,,2.058
milp26,sweep_all,MILP,MLP,synthetic,dist,200,uniform_only,0.1,10,1e-12,width,0.0,3,g_ibp,82.35738608691042,,0.001
milp26,sweep_all,MILP,MLP,synthetic,dist,200,uniform_only,0.1,10,1e-12,width,0.0,4,margin_hat_min,0.06764371693134308,,2.093
milp26,sweep_all,MILP,MLP,synthetic,dist,200,uniform_only,0.1,10,1e-12,width,0.0,4,d_eff,31.25591558739439,,2.093
milp26,sweep_all,MILP,MLP,synthetic,dist,200,uniform_only,0.1,10,1e-12,width,0.0,4,g_ibp,81.46773152740467,,0.002
milp26,sweep_all,MILP,MLP,synthetic,dist,200,uniform_only,0.1,10,1e-12,width,0.0,5,margin_hat_min,0.07326684147119522,,2.099
milp26,sweep_all,MILP,MLP,synthetic,dist,200,uniform_only,0.1,10,1e-12,width,0.0,5,d_eff,31.139684957699636,,2.099
milp26,sweep_all,MILP,MLP,synthetic,dist,200,uniform_only,0.1,10,1e-12,width,0.0,5,g_ibp,75.29194904891882,,0.002
milp26,sweep_all,MILP,MLP,synthetic,dist,200,uniform_only,0.1,10,1e-12,width,0.0,6,margin_hat_min,0.0669884979724884,,2.033
milp26,sweep_all,MILP,MLP,synthetic,dist,200,uniform_only,0.1,10,1e-12,width,0.0,6,d_eff,31.159177517998355,,2.033
milp26,sweep_all,MILP,MLP,synthetic,dist,200,uniform_only,0.1,10,1e-12,width,0.0,6,g_ibp,82.25479176711401,,0.001
milp26,sweep_all,MILP,MLP,synthetic,dist,200,uniform_only,0.1,10,1e-12,width,0.0,7,margin_hat_min,0.06980900466442108,,2.206
milp26,sweep_all,MILP,MLP,synthetic,dist,200,uniform_only,0.1,10,1e-12,width,0.0,7,d_eff,31.342549074236228,,2.206
milp26,sweep_all,MILP,MLP,synthetic,dist,200,uniform_only,0.1,10,1e-12,width,0.0,7,g_ibp,78.97183872933404,,0.001
milp26,sweep_all,MILP,MLP,synthetic,dist,200,boundary_only,0.1,10,1e-12,width,0.0,0,margin_hat_min,0.05610879510641098,,2.344
milp26,sweep_all,MILP,MLP,synthetic,dist,200,boundary_only,0.1,10,1e-12,width,0.0,0,d_eff,31.39077070932331,,2.344
milp26,sweep_all,MILP,MLP,synthetic,dist,200,boundary_only,0.1,10,1e-12,width,0.0,0,g_ibp,98.01039637738715,,0.001
milp26,sweep_all,MILP,MLP,synthetic,dist,200,boundary_only,0.1,10,1e-12,width,0.0,1,margin_hat_min,0.05828970670700073,,2.201
milp26,sweep_all,MILP,MLP,synthetic,dist,200,boundary_only,0.1,10,1e-12,width,0.0,1,d_eff,31.414227612391684,,2.201
milp26,sweep_all,MILP,MLP,synthetic,dist,200,boundary_only,0.1,10,1e-12,width,0.0,1,g_ibp,94.38074869538545,,0.001
milp26,sweep_all,MILP,MLP,synthetic,dist,200,boundary_only,0.1,10,1e-12,width,0.0,2,margin_hat_min,0.06397812068462372,,2.455
milp26,sweep_all,MILP,MLP,synthetic,dist,200,boundary_only,0.1,10,1e-12,width,0.0,2,d_eff,31.50990938958534,,2.455
milp26,sweep_all,MILP,MLP,synthetic,dist,200,boundary_only,0.1,10,1e-12,width,0.0,2,g_ibp,86.07809224928744,,0.002
milp26,sweep_all,MILP,MLP,synthetic,dist,200,boundary_only,0.1,10,1e-12,width,0.0,3,margin_hat_min,0.052846357226371765,,2.338
milp26,sweep_all,MILP,MLP,synthetic,dist,200,boundary_only,0.1,10,1e-12,width,0.0,3,d_eff,31.46055611225645,,2.338
milp26,sweep_all,MILP,MLP,synthetic,dist,200,boundary_only,0.1,10,1e-12,width,0.0,3,g_ibp,103.99927448562657,,0.002
milp26,sweep_all,MILP,MLP,synthetic,dist,200,boundary_only,0.1,10,1e-12,width,0.0,4,margin_hat_min,0.057900480926036835,,2.197
milp26,sweep_all,MILP,MLP,synthetic,dist,200,boundary_only,0.1,10,1e-12,width,0.0,4,d_eff,31.30763119688231,,2.197
milp26,sweep_all,MILP,MLP,synthetic,dist,200,boundary_only,0.1,10,1e-12,width,0.0,4,g_ibp,95.00848432479683,,0.001
milp26,sweep_all,MILP,MLP,synthetic,dist,200,boundary_only,0.1,10,1e-12,width,0.0,5,margin_hat_min,0.06152823939919472,,2.261
milp26,sweep_all,MILP,MLP,synthetic,dist,200,boundary_only,0.1,10,1e-12,width,0.0,5,d_eff,31.51283939190865,,2.261
milp26,sweep_all,MILP,MLP,synthetic,dist,200,boundary_only,0.1,10,1e-12,width,0.0,5,g_ibp,89.46566238022918,,0.002
milp26,sweep_all,MILP,MLP,synthetic,dist,200,boundary_only,0.1,10,1e-12,width,0.0,6,margin_hat_min,0.05530428886413574,,2.187
milp26,sweep_all,MILP,MLP,synthetic,dist,200,boundary_only,0.1,10,1e-12,width,0.0,6,d_eff,31.58401973892581,,2.187
milp26,sweep_all,MILP,MLP,synthetic,dist,200,boundary_only,0.1,10,1e-12,width,0.0,6,g_ibp,99.42159740813403,,0.002
milp26,sweep_all,MILP,MLP,synthetic,dist,200,boundary_only,0.1,10,1e-12,width,0.0,7,margin_hat_min,0.054894156754016876,,2.332
milp26,sweep_all,MILP,MLP,synthetic,dist,200,boundary_only,0.1,10,1e-12,width,0.0,7,d_eff,31.522721744555486,,2.332
milp26,sweep_all,MILP,MLP,synthetic,dist,200,boundary_only,0.1,10,1e-12,width,0.0,7,g_ibp,100.15693719313909,,0.001
milp26,sweep_all,MILP,MLP,synthetic,dist,200,current_mixture,0.1,10,1e-12,width,0.0,0,margin_hat_min,0.0009584873914718628,,3.168
milp26,sweep_all,MILP,MLP,synthetic,dist,200,current_mixture,0.1,10,1e-12,width,0.0,0,d_eff,31.828317280000594,,3.168
milp26,sweep_all,MILP,MLP,synthetic,dist,200,current_mixture,0.1,10,1e-12,width,0.0,0,g_ibp,5679.881638276038,,0.001
milp26,sweep_all,MILP,MLP,synthetic,dist,200,current_mixture,0.1,10,1e-12,width,0.0,1,margin_hat_min,0.0016117095947265625,,2.734
milp26,sweep_all,MILP,MLP,synthetic,dist,200,current_mixture,0.1,10,1e-12,width,0.0,1,d_eff,31.872401109605597,,2.734
milp26,sweep_all,MILP,MLP,synthetic,dist,200,current_mixture,0.1,10,1e-12,width,0.0,1,g_ibp,3378.24393281518,,0.001
milp26,sweep_all,MILP,MLP,synthetic,dist,200,current_mixture,0.1,10,1e-12,width,0.0,2,margin_hat_min,0.0018818750977516174,,3.631
milp26,sweep_all,MILP,MLP,synthetic,dist,200,current_mixture,0.1,10,1e-12,width,0.0,2,d_eff,31.906546122542625,,3.631
milp26,sweep_all,MILP,MLP,synthetic,dist,200,current_mixture,0.1,10,1e-12,width,0.0,2,g_ibp,2893.4004878104624,,0.002
milp26,sweep_all,MILP,MLP,synthetic,dist,200,current_mixture,0.1,10,1e-12,width,0.0,3,margin_hat_min,0.0015273764729499817,,3.039
milp26,sweep_all,MILP,MLP,synthetic,dist,200,current_mixture,0.1,10,1e-12,width,0.0,3,d_eff,31.773209886884057,,3.039
milp26,sweep_all,MILP,MLP,synthetic,dist,200,current_mixture,0.1,10,1e-12,width,0.0,3,g_ibp,3564.716311245076,,0.002
milp26,sweep_all,MILP,MLP,synthetic,dist,200,current_mixture,0.1,10,1e-12,width,0.0,4,margin_hat_min,0.001558065414428711,,4.903
milp26,sweep_all,MILP,MLP,synthetic,dist,200,current_mixture,0.1,10,1e-12,width,0.0,4,d_eff,31.885831768143635,,4.903
milp26,sweep_all,MILP,MLP,synthetic,dist,200,current_mixture,0.1,10,1e-12,width,0.0,4,g_ibp,3494.522415507714,,0.001
milp26,sweep_all,MILP,MLP,synthetic,dist,200,current_mixture,0.1,10,1e-12,width,0.0,5,margin_hat_min,0.0015702620148658752,,4.903
milp26,sweep_all,MILP,MLP,synthetic,dist,200,current_mixture,0.1,10,1e-12,width,0.0,5,d_eff,31.871612417583883,,4.903
milp26,sweep_all,MILP,MLP,synthetic,dist,200,current_mixture,0.1,10,1e-12,width,0.0,5,g_ibp,3467.3873918048516,,0.002
milp26,sweep_all,MILP,MLP,synthetic,dist,200,current_mixture,0.1,10,1e-12,width,0.0,6,margin_hat_min,0.0022009611129760742,,7.031
milp26,sweep_all,MILP,MLP,synthetic,dist,200,current_mixture,0.1,10,1e-12,width,0.0,6,d_eff,31.521498096308257,,7.031
milp26,sweep_all,MILP,MLP,synthetic,dist,200,current_mixture,0.1,10,1e-12,width,0.0,6,g_ibp,2474.0725223011414,,0.025
milp26,sweep_all,MILP,MLP,synthetic,dist,200,current_mixture,0.1,10,1e-12,width,0.0,7,margin_hat_min,0.002053655683994293,,5.817
milp26,sweep_all,MILP,MLP,synthetic,dist,200,current_mixture,0.1,10,1e-12,width,0.0,7,d_eff,31.73983350087383,,5.817
milp26,sweep_all,MILP,MLP,synthetic,dist,200,current_mixture,0.1,10,1e-12,width,0.0,7,g_ibp,2651.4620484337256,,0.001
milp26,sweep_all,MILP,MLP,synthetic,dist,200,pgd_heavy,0.1,10,1e-12,width,0.0,0,margin_hat_min,0.0013606250286102295,,27.875
milp26,sweep_all,MILP,MLP,synthetic,dist,200,pgd_heavy,0.1,10,1e-12,width,0.0,0,d_eff,32.982305332205726,,27.875
milp26,sweep_all,MILP,MLP,synthetic,dist,200,pgd_heavy,0.1,10,1e-12,width,0.0,0,g_ibp,4001.467678583573,,0.026
milp26,sweep_all,MILP,MLP,synthetic,dist,200,pgd_heavy,0.1,10,1e-12,width,0.0,1,margin_hat_min,0.0014095678925514221,,27.046
milp26,sweep_all,MILP,MLP,synthetic,dist,200,pgd_heavy,0.1,10,1e-12,width,0.0,1,d_eff,32.895103280938834,,27.046
milp26,sweep_all,MILP,MLP,synthetic,dist,200,pgd_heavy,0.1,10,1e-12,width,0.0,1,g_ibp,3862.5638725379144,,0.002
milp26,sweep_all,MILP,MLP,synthetic,dist,200,pgd_heavy,0.1,10,1e-12,width,0.0,2,margin_hat_min,0.0014184117317199707,,29.07
milp26,sweep_all,MILP,MLP,synthetic,dist,200,pgd_heavy,0.1,10,1e-12,width,0.0,2,d_eff,32.875549216291134,,29.07
milp26,sweep_all,MILP,MLP,synthetic,dist,200,pgd_heavy,0.1,10,1e-12,width,0.0,2,g_ibp,3838.4869074085336,,0.002
milp26,sweep_all,MILP,MLP,synthetic,dist,200,pgd_heavy,0.1,10,1e-12,width,0.0,3,margin_hat_min,0.0014311671257019043,,24.314
milp26,sweep_all,MILP,MLP,synthetic,dist,200,pgd_heavy,0.1,10,1e-12,width,0.0,3,d_eff,33.121320288720106,,24.314
milp26,sweep_all,MILP,MLP,synthetic,dist,200,pgd_heavy,0.1,10,1e-12,width,0.0,3,g_ibp,3804.284991719407,,0.002
milp26,sweep_all,MILP,MLP,synthetic,dist,200,pgd_heavy,0.1,10,1e-12,width,0.0,4,margin_hat_min,0.0015421435236930847,,29.708
milp26,sweep_all,MILP,MLP,synthetic,dist,200,pgd_heavy,0.1,10,1e-12,width,0.0,4,d_eff,33.15804074669079,,29.708
milp26,sweep_all,MILP,MLP,synthetic,dist,200,pgd_heavy,0.1,10,1e-12,width,0.0,4,g_ibp,3530.5913554549506,,0.023
milp26,sweep_all,MILP,MLP,synthetic,dist,200,pgd_heavy,0.1,10,1e-12,width,0.0,5,margin_hat_min,0.001374766230583191,,25.69
milp26,sweep_all,MILP,MLP,synthetic,dist,200,pgd_heavy,0.1,10,1e-12,width,0.0,5,d_eff,32.7810688353403,,25.69
milp26,sweep_all,MILP,MLP,synthetic,dist,200,pgd_heavy,0.1,10,1e-12,width,0.0,5,g_ibp,3960.317830609779,,0.042
milp26,sweep_all,MILP,MLP,synthetic,dist,200,pgd_heavy,0.1,10,1e-12,width,0.0,6,margin_hat_min,0.001207880675792694,,28.304
milp26,sweep_all,MILP,MLP,synthetic,dist,200,pgd_heavy,0.1,10,1e-12,width,0.0,6,d_eff,32.780773747591844,,28.304
milp26,sweep_all,MILP,MLP,synthetic,dist,200,pgd_heavy,0.1,10,1e-12,width,0.0,6,g_ibp,4507.352786502714,,0.027
milp26,sweep_all,MILP,MLP,synthetic,dist,200,pgd_heavy,0.1,10,1e-12,width,0.0,7,margin_hat_min,0.000954940915107727,,26.288
milp26,sweep_all,MILP,MLP,synthetic,dist,200,pgd_heavy,0.1,10,1e-12,width,0.0,7,d_eff,32.80135050819055,,26.288
milp26,sweep_all,MILP,MLP,synthetic,dist,200,pgd_heavy,0.1,10,1e-12,width,0.0,7,g_ibp,5700.9719687511,,0.002
pb_cnn_25,sweep_all,Paired-Biases,CNN,synthetic,dist,200,uniform_only,0.1,10,1e-12,width,0.0,0,margin_hat_min,0.17225393652915955,,6.232
pb_cnn_25,sweep_all,Paired-Biases,CNN,synthetic,dist,200,uniform_only,0.1,10,1e-12,width,0.0,0,d_eff,26.08782553110486,,6.232
pb_cnn_25,sweep_all,Paired-Biases,CNN,synthetic,dist,200,uniform_only,0.1,10,1e-12,width,0.0,0,g_ibp,4.843494755834587,,0.004
pb_cnn_25,sweep_all,Paired-Biases,CNN,synthetic,dist,200,uniform_only,0.1,10,1e-12,width,0.0,1,margin_hat_min,0.17148050665855408,,6.906
pb_cnn_25,sweep_all,Paired-Biases,CNN,synthetic,dist,200,uniform_only,0.1,10,1e-12,width,0.0,1,d_eff,26.119842689632023,,6.906
pb_cnn_25,sweep_all,Paired-Biases,CNN,synthetic,dist,200,uniform_only,0.1,10,1e-12,width,0.0,1,g_ibp,4.860830100297848,,0.003
pb_cnn_25,sweep_all,Paired-Biases,CNN,synthetic,dist,200,uniform_only,0.1,10,1e-12,width,0.0,2,margin_hat_min,0.17049171030521393,,7.116
pb_cnn_25,sweep_all,Paired-Biases,CNN,synthetic,dist,200,uniform_only,0.1,10,1e-12,width,0.0,2,d_eff,26.108079304555098,,7.116
pb_cnn_25,sweep_all,Paired-Biases,CNN,synthetic,dist,200,uniform_only,0.1,10,1e-12,width,0.0,2,g_ibp,4.883221656562864,,0.015
pb_cnn_25,sweep_all,Paired-Biases,CNN,synthetic,dist,200,uniform_only,0.1,10,1e-12,width,0.0,3,margin_hat_min,0.17103199660778046,,7.154
pb_cnn_25,sweep_all,Paired-Biases,CNN,synthetic,dist,200,uniform_only,0.1,10,1e-12,width,0.0,3,d_eff,26.330154823283028,,7.154
pb_cnn_25,sweep_all,Paired-Biases,CNN,synthetic,dist,200,uniform_only,0.1,10,1e-12,width,0.0,3,g_ibp,4.870954645053493,,0.027
pb_cnn_25,sweep_all,Paired-Biases,CNN,synthetic,dist,200,uniform_only,0.1,10,1e-12,width,0.0,4,margin_hat_min,0.17198240756988525,,7.914
pb_cnn_25,sweep_all,Paired-Biases,CNN,synthetic,dist,200,uniform_only,0.1,10,1e-12,width,0.0,4,d_eff,26.46607900093879,,7.914
pb_cnn_25,sweep_all,Paired-Biases,CNN,synthetic,dist,200,uniform_only,0.1,10,1e-12,width,0.0,4,g_ibp,4.849562935398812,,0.002
pb_cnn_25,sweep_all,Paired-Biases,CNN,synthetic,dist,200,uniform_only,0.1,10,1e-12,width,0.0,5,margin_hat_min,0.17103421688079834,,8.04
pb_cnn_25,sweep_all,Paired-Biases,CNN,synthetic,dist,200,uniform_only,0.1,10,1e-12,width,0.0,5,d_eff,26.32272489917367,,8.04
pb_cnn_25,sweep_all,Paired-Biases,CNN,synthetic,dist,200,uniform_only,0.1,10,1e-12,width,0.0,5,g_ibp,4.870904394429328,,0.023
pb_cnn_25,sweep_all,Paired-Biases,CNN,synthetic,dist,200,uniform_only,0.1,10,1e-12,width,0.0,6,margin_hat_min,0.1711999773979187,,8.168
pb_cnn_25,sweep_all,Paired-Biases,CNN,synthetic,dist,200,uniform_only,0.1,10,1e-12,width,0.0,6,d_eff,26.242898900556526,,8.168
pb_cnn_25,sweep_all,Paired-Biases,CNN,synthetic,dist,200,uniform_only,0.1,10,1e-12,width,0.0,6,g_ibp,4.867156478548189,,0.034
pb_cnn_25,sweep_all,Paired-Biases,CNN,synthetic,dist,200,uniform_only,0.1,10,1e-12,width,0.0,7,margin_hat_min,0.17090335488319397,,8.485
pb_cnn_25,sweep_all,Paired-Biases,CNN,synthetic,dist,200,uniform_only,0.1,10,1e-12,width,0.0,7,d_eff,26.128415967650824,,8.485
pb_cnn_25,sweep_all,Paired-Biases,CNN,synthetic,dist,200,uniform_only,0.1,10,1e-12,width,0.0,7,g_ibp,4.873868375340843,,0.003
pb_cnn_25,sweep_all,Paired-Biases,CNN,synthetic,dist,200,boundary_only,0.1,10,1e-12,width,0.0,0,margin_hat_min,0.17006289958953857,,10.551
pb_cnn_25,sweep_all,Paired-Biases,CNN,synthetic,dist,200,boundary_only,0.1,10,1e-12,width,0.0,0,d_eff,27.184342339372453,,10.551
pb_cnn_25,sweep_all,Paired-Biases,CNN,synthetic,dist,200,boundary_only,0.1,10,1e-12,width,0.0,0,g_ibp,4.893013134079042,,0.003
pb_cnn_25,sweep_all,Paired-Biases,CNN,synthetic,dist,200,boundary_only,0.1,10,1e-12,width,0.0,1,margin_hat_min,0.16742423176765442,,8.595
pb_cnn_25,sweep_all,Paired-Biases,CNN,synthetic,dist,200,boundary_only,0.1,10,1e-12,width,0.0,1,d_eff,27.20182102840205,,8.595
pb_cnn_25,sweep_all,Paired-Biases,CNN,synthetic,dist,200,boundary_only,0.1,10,1e-12,width,0.0,1,g_ibp,4.954368461074127,,0.003
pb_cnn_25,sweep_all,Paired-Biases,CNN,synthetic,dist,200,boundary_only,0.1,10,1e-12,width,0.0,2,margin_hat_min,0.16870495676994324,,11.744
pb_cnn_25,sweep_all,Paired-Biases,CNN,synthetic,dist,200,boundary_only,0.1,10,1e-12,width,0.0,2,d_eff,26.849388162892552,,11.744
pb_cnn_25,sweep_all,Paired-Biases,CNN,synthetic,dist,200,boundary_only,0.1,10,1e-12,width,0.0,2,g_ibp,4.924348841892242,,0.004
pb_cnn_25,sweep_all,Paired-Biases,CNN,synthetic,dist,200,boundary_only,0.1,10,1e-12,width,0.0,3,margin_hat_min,0.1696518063545227,,8.336
pb_cnn_25,sweep_all,Paired-Biases,CNN,synthetic,dist,200,boundary_only,0.1,10,1e-12,width,0.0,3,d_eff,27.31713954178589,,8.336
pb_cnn_25,sweep_all,Paired-Biases,CNN,synthetic,dist,200,boundary_only,0.1,10,1e-12,width,0.0,3,g_ibp,4.902446522367841,,0.034
pb_cnn_25,sweep_all,Paired-Biases,CNN,synthetic,dist,200,boundary_only,0.1,10,1e-12,width,0.0,4,margin_hat_min,0.16812258958816528,,8.58
pb_cnn_25,sweep_all,Paired-Biases,CNN,synthetic,dist,200,boundary_only,0.1,10,1e-12,width,0.0,4,d_eff,27.27233278093559,,8.58
pb_cnn_25,sweep_all,Paired-Biases,CNN,synthetic,dist,200,boundary_only,0.1,10,1e-12,width,0.0,4,g_ibp,4.93794256526369,,0.003
pb_cnn_25,sweep_all,Paired-Biases,CNN,synthetic,dist,200,boundary_only,0.1,10,1e-12,width,0.0,5,margin_hat_min,0.16926732659339905,,9.53
pb_cnn_25,sweep_all,Paired-Biases,CNN,synthetic,dist,200,boundary_only,0.1,10,1e-12,width,0.0,5,d_eff,27.61051146263441,,9.53
pb_cnn_25,sweep_all,Paired-Biases,CNN,synthetic,dist,200,boundary_only,0.1,10,1e-12,width,0.0,5,g_ibp,4.911310676702322,,0.003
pb_cnn_25,sweep_all,Paired-Biases,CNN,synthetic,dist,200,boundary_only,0.1,10,1e-12,width,0.0,6,margin_hat_min,0.16882488131523132,,8.963
pb_cnn_25,sweep_all,Paired-Biases,CNN,synthetic,dist,200,boundary_only,0.1,10,1e-12,width,0.0,6,d_eff,27.23288692846236,,8.963
pb_cnn_25,sweep_all,Paired-Biases,CNN,synthetic,dist,200,boundary_only,0.1,10,1e-12,width,0.0,6,g_ibp,4.9215611855542285,,0.023
pb_cnn_25,sweep_all,Paired-Biases,CNN,synthetic,dist,200,boundary_only,0.1,10,1e-12,width,0.0,7,margin_hat_min,0.16878162324428558,,9.69
pb_cnn_25,sweep_all,Paired-Biases,CNN,synthetic,dist,200,boundary_only,0.1,10,1e-12,width,0.0,7,d_eff,27.49850980397417,,9.69
pb_cnn_25,sweep_all,Paired-Biases,CNN,synthetic,dist,200,boundary_only,0.1,10,1e-12,width,0.0,7,g_ibp,4.922566266372394,,0.003
pb_cnn_25,sweep_all,Paired-Biases,CNN,synthetic,dist,200,current_mixture,0.1,10,1e-12,width,0.0,0,margin_hat_min,0.16188497841358185,,13.653
pb_cnn_25,sweep_all,Paired-Biases,CNN,synthetic,dist,200,current_mixture,0.1,10,1e-12,width,0.0,0,d_eff,27.21204271463214,,13.653
pb_cnn_25,sweep_all,Paired-Biases,CNN,synthetic,dist,200,current_mixture,0.1,10,1e-12,width,0.0,0,g_ibp,5.089675942816798,,0.039
pb_cnn_25,sweep_all,Paired-Biases,CNN,synthetic,dist,200,current_mixture,0.1,10,1e-12,width,0.0,1,margin_hat_min,0.16223521530628204,,12.736
pb_cnn_25,sweep_all,Paired-Biases,CNN,synthetic,dist,200,current_mixture,0.1,10,1e-12,width,0.0,1,d_eff,27.383239173797342,,12.736
pb_cnn_25,sweep_all,Paired-Biases,CNN,synthetic,dist,200,current_mixture,0.1,10,1e-12,width,0.0,1,g_ibp,5.0808470619129205,,0.043
pb_cnn_25,sweep_all,Paired-Biases,CNN,synthetic,dist,200,current_mixture,0.1,10,1e-12,width,0.0,2,margin_hat_min,0.16194386780261993,,14.638
pb_cnn_25,sweep_all,Paired-Biases,CNN,synthetic,dist,200,current_mixture,0.1,10,1e-12,width,0.0,2,d_eff,27.13854388043503,,14.638
pb_cnn_25,sweep_all,Paired-Biases,CNN,synthetic,dist,200,current_mixture,0.1,10,1e-12,width,0.0,2,g_ibp,5.088188770002522,,0.024
pb_cnn_25,sweep_all,Paired-Biases,CNN,synthetic,dist,200,current_mixture,0.1,10,1e-12,width,0.0,3,margin_hat_min,0.16190919280052185,,16.491
pb_cnn_25,sweep_all,Paired-Biases,CNN,synthetic,dist,200,current_mixture,0.1,10,1e-12,width,0.0,3,d_eff,27.167814720650604,,16.491
pb_cnn_25,sweep_all,Paired-Biases,CNN,synthetic,dist,200,current_mixture,0.1,10,1e-12,width,0.0,3,g_ibp,5.0890643098759805,,0.047
pb_cnn_25,sweep_all,Paired-Biases,CNN,synthetic,dist,200,current_mixture,0.1,10,1e-12,width,0.0,4,margin_hat_min,0.16185393929481506,,17.587
pb_cnn_25,sweep_all,Paired-Biases,CNN,synthetic,dist,200,current_mixture,0.1,10,1e-12,width,0.0,4,d_eff,27.39736598728512,,17.587
pb_cnn_25,sweep_all,Paired-Biases,CNN,synthetic,dist,200,current_mixture,0.1,10,1e-12,width,0.0,4,g_ibp,5.09046022979714,,0.04
pb_cnn_25,sweep_all,Paired-Biases,CNN,synthetic,dist,200,current_mixture,0.1,10,1e-12,width,0.0,5,margin_hat_min,0.16206444799900055,,17.049
pb_cnn_25,sweep_all,Paired-Biases,CNN,synthetic,dist,200,current_mixture,0.1,10,1e-12,width,0.0,5,d_eff,27.57182387197373,,17.049
pb_cnn_25,sweep_all,Paired-Biases,CNN,synthetic,dist,200,current_mixture,0.1,10,1e-12,width,0.0,5,g_ibp,5.085147050422371,,0.039
pb_cnn_25,sweep_all,Paired-Biases,CNN,synthetic,dist,200,current_mixture,0.1,10,1e-12,width,0.0,6,margin_hat_min,0.16189663112163544,,17.146
pb_cnn_25,sweep_all,Paired-Biases,CNN,synthetic,dist,200,current_mixture,0.1,10,1e-12,width,0.0,6,d_eff,27.051798639754534,,17.146
pb_cnn_25,sweep_all,Paired-Biases,CNN,synthetic,dist,200,current_mixture,0.1,10,1e-12,width,0.0,6,g_ibp,5.089381583388408,,0.003
pb_cnn_25,sweep_all,Paired-Biases,CNN,synthetic,dist,200,current_mixture,0.1,10,1e-12,width,0.0,7,margin_hat_min,0.16195367276668549,,15.908
pb_cnn_25,sweep_all,Paired-Biases,CNN,synthetic,dist,200,current_mixture,0.1,10,1e-12,width,0.0,7,d_eff,27.17510386963085,,15.908
pb_cnn_25,sweep_all,Paired-Biases,CNN,synthetic,dist,200,current_mixture,0.1,10,1e-12,width,0.0,7,g_ibp,5.087941263766337,,0.032
pb_cnn_25,sweep_all,Paired-Biases,CNN,synthetic,dist,200,pgd_heavy,0.1,10,1e-12,width,0.0,0,margin_hat_min,0.16177161037921906,,23.969
pb_cnn_25,sweep_all,Paired-Biases,CNN,synthetic,dist,200,pgd_heavy,0.1,10,1e-12,width,0.0,0,d_eff,28.208626062068646,,23.969
pb_cnn_25,sweep_all,Paired-Biases,CNN,synthetic,dist,200,pgd_heavy,0.1,10,1e-12,width,0.0,0,g_ibp,5.092541949539042,,0.036
pb_cnn_25,sweep_all,Paired-Biases,CNN,synthetic,dist,200,pgd_heavy,0.1,10,1e-12,width,0.0,1,margin_hat_min,0.16164246201515198,,24.457
pb_cnn_25,sweep_all,Paired-Biases,CNN,synthetic,dist,200,pgd_heavy,0.1,10,1e-12,width,0.0,1,d_eff,28.329798323091353,,24.457
pb_cnn_25,sweep_all,Paired-Biases,CNN,synthetic,dist,200,pgd_heavy,0.1,10,1e-12,width,0.0,1,g_ibp,5.095811790217452,,0.048
pb_cnn_25,sweep_all,Paired-Biases,CNN,synthetic,dist,200,pgd_heavy,0.1,10,1e-12,width,0.0,2,margin_hat_min,0.16171219944953918,,25.694
pb_cnn_25,sweep_all,Paired-Biases,CNN,synthetic,dist,200,pgd_heavy,0.1,10,1e-12,width,0.0,2,d_eff,28.393647988074108,,25.694
pb_cnn_25,sweep_all,Paired-Biases,CNN,synthetic,dist,200,pgd_heavy,0.1,10,1e-12,width,0.0,2,g_ibp,5.094045495485496,,0.036
pb_cnn_25,sweep_all,Paired-Biases,CNN,synthetic,dist,200,pgd_heavy,0.1,10,1e-12,width,0.0,3,margin_hat_min,0.1619289219379425,,27.972
pb_cnn_25,sweep_all,Paired-Biases,CNN,synthetic,dist,200,pgd_heavy,0.1,10,1e-12,width,0.0,3,d_eff,28.306622839172004,,27.972
pb_cnn_25,sweep_all,Paired-Biases,CNN,synthetic,dist,200,pgd_heavy,0.1,10,1e-12,width,0.0,3,g_ibp,5.088566105412408,,0.036
pb_cnn_25,sweep_all,Paired-Biases,CNN,synthetic,dist,200,pgd_heavy,0.1,10,1e-12,width,0.0,4,margin_hat_min,0.16189563274383545,,26.301
pb_cnn_25,sweep_all,Paired-Biases,CNN,synthetic,dist,200,pgd_heavy,0.1,10,1e-12,width,0.0,4,d_eff,28.229063520452705,,26.301
pb_cnn_25,sweep_all,Paired-Biases,CNN,synthetic,dist,200,pgd_heavy,0.1,10,1e-12,width,0.0,4,g_ibp,5.089406801782007,,0.056
pb_cnn_25,sweep_all,Paired-Biases,CNN,synthetic,dist,200,pgd_heavy,0.1,10,1e-12,width,0.0,5,margin_hat_min,0.16181659698486328,,24.525
pb_cnn_25,sweep_all,Paired-Biases,CNN,synthetic,dist,200,pgd_heavy,0.1,10,1e-12,width,0.0,5,d_eff,28.21389760124453,,24.525
pb_cnn_25,sweep_all,Paired-Biases,CNN,synthetic,dist,200,pgd_heavy,0.1,10,1e-12,width,0.0,5,g_ibp,5.091404182621459,,0.039
pb_cnn_25,sweep_all,Paired-Biases,CNN,synthetic,dist,200,pgd_heavy,0.1,10,1e-12,width,0.0,6,margin_hat_min,0.1618017852306366,,24.927
pb_cnn_25,sweep_all,Paired-Biases,CNN,synthetic,dist,200,pgd_heavy,0.1,10,1e-12,width,0.0,6,d_eff,28.067504675354623,,24.927
pb_cnn_25,sweep_all,Paired-Biases,CNN,synthetic,dist,200,pgd_heavy,0.1,10,1e-12,width,0.0,6,g_ibp,5.091778720350497,,0.036
pb_cnn_25,sweep_all,Paired-Biases,CNN,synthetic,dist,200,pgd_heavy,0.1,10,1e-12,width,0.0,7,margin_hat_min,0.16175559163093567,,26.351
pb_cnn_25,sweep_all,Paired-Biases,CNN,synthetic,dist,200,pgd_heavy,0.1,10,1e-12,width,0.0,7,d_eff,27.934553848592103,,26.351
pb_cnn_25,sweep_all,Paired-Biases,CNN,synthetic,dist,200,pgd_heavy,0.1,10,1e-12,width,0.0,7,g_ibp,5.092947236297091,,0.036
pb_cnn_24,sweep_all,Paired-Biases,CNN,synthetic,dist,200,uniform_only,0.1,10,1e-12,width,0.0,0,margin_hat_min,0.13520532846450806,,17.33
pb_cnn_24,sweep_all,Paired-Biases,CNN,synthetic,dist,200,uniform_only,0.1,10,1e-12,width,0.0,0,d_eff,27.750942116299786,,17.33
pb_cnn_24,sweep_all,Paired-Biases,CNN,synthetic,dist,200,uniform_only,0.1,10,1e-12,width,0.0,0,g_ibp,6.261912854520117,,0.036
pb_cnn_24,sweep_all,Paired-Biases,CNN,synthetic,dist,200,uniform_only,0.1,10,1e-12,width,0.0,1,margin_hat_min,0.13530179858207703,,18.496
pb_cnn_24,sweep_all,Paired-Biases,CNN,synthetic,dist,200,uniform_only,0.1,10,1e-12,width,0.0,1,d_eff,27.626999105864304,,18.496
pb_cnn_24,sweep_all,Paired-Biases,CNN,synthetic,dist,200,uniform_only,0.1,10,1e-12,width,0.0,1,g_ibp,6.258161113175736,,0.035
pb_cnn_24,sweep_all,Paired-Biases,CNN,synthetic,dist,200,uniform_only,0.1,10,1e-12,width,0.0,2,margin_hat_min,0.133685901761055,,17.663
pb_cnn_24,sweep_all,Paired-Biases,CNN,synthetic,dist,200,uniform_only,0.1,10,1e-12,width,0.0,2,d_eff,27.461807655014518,,17.663
pb_cnn_24,sweep_all,Paired-Biases,CNN,synthetic,dist,200,uniform_only,0.1,10,1e-12,width,0.0,2,g_ibp,6.321717896016796,,0.056
pb_cnn_24,sweep_all,Paired-Biases,CNN,synthetic,dist,200,uniform_only,0.1,10,1e-12,width,0.0,3,margin_hat_min,0.13449902832508087,,17.925
pb_cnn_24,sweep_all,Paired-Biases,CNN,synthetic,dist,200,uniform_only,0.1,10,1e-12,width,0.0,3,d_eff,27.774686790115553,,17.925
pb_cnn_24,sweep_all,Paired-Biases,CNN,synthetic,dist,200,uniform_only,0.1,10,1e-12,width,0.0,3,g_ibp,6.289544948439716,,0.003
pb_cnn_24,sweep_all,Paired-Biases,CNN,synthetic,dist,200,uniform_only,0.1,10,1e-12,width,0.0,4,margin_hat_min,0.13470789790153503,,19.571
pb_cnn_24,sweep_all,Paired-Biases,CNN,synthetic,dist,200,uniform_only,0.1,10,1e-12,width,0.0,4,d_eff,27.865065714882064,,19.571
pb_cnn_24,sweep_all,Paired-Biases,CNN,synthetic,dist,200,uniform_only,0.1,10,1e-12,width,0.0,4,g_ibp,6.281343313418916,,0.035
pb_cnn_24,sweep_all,Paired-Biases,CNN,synthetic,dist,200,uniform_only,0.1,10,1e-12,width,0.0,5,margin_hat_min,0.13497349619865417,,19.747
pb_cnn_24,sweep_all,Paired-Biases,CNN,synthetic,dist,200,uniform_only,0.1,10,1e-12,width,0.0,5,d_eff,27.910999812786077,,19.747
pb_cnn_24,sweep_all,Paired-Biases,CNN,synthetic,dist,200,uniform_only,0.1,10,1e-12,width,0.0,5,g_ibp,6.270950785774298,,0.035
pb_cnn_24,sweep_all,Paired-Biases,CNN,synthetic,dist,200,uniform_only,0.1,10,1e-12,width,0.0,6,margin_hat_min,0.13452212512493134,,20.958
pb_cnn_24,sweep_all,Paired-Biases,CNN,synthetic,dist,200,uniform_only,0.1,10,1e-12,width,0.0,6,d_eff,27.83793936798963,,20.958
pb_cnn_24,sweep_all,Paired-Biases,CNN,synthetic,dist,200,uniform_only,0.1,10,1e-12,width,0.0,6,g_ibp,6.288636759092724,,0.052
pb_cnn_24,sweep_all,Paired-Biases,CNN,synthetic,dist,200,uniform_only,0.1,10,1e-12,width,0.0,7,margin_hat_min,0.13468222320079803,,17.44
pb_cnn_24,sweep_all,Paired-Biases,CNN,synthetic,dist,200,uniform_only,0.1,10,1e-12,width,0.0,7,d_eff,27.84227575481344,,17.44
pb_cnn_24,sweep_all,Paired-Biases,CNN,synthetic,dist,200,uniform_only,0.1,10,1e-12,width,0.0,7,g_ibp,6.282350104856107,,0.039
pb_cnn_24,sweep_all,Paired-Biases,CNN,synthetic,dist,200,boundary_only,0.1,10,1e-12,width,0.0,0,margin_hat_min,0.1339602768421173,,20.981
pb_cnn_24,sweep_all,Paired-Biases,CNN,synthetic,dist,200,boundary_only,0.1,10,1e-12,width,0.0,0,d_eff,28.15256935934088,,20.981
pb_cnn_24,sweep_all,Paired-Biases,CNN,synthetic,dist,200,boundary_only,0.1,10,1e-12,width,0.0,0,g_ibp,6.310818047095012,,0.02
pb_cnn_24,sweep_all,Paired-Biases,CNN,synthetic,dist,200,boundary_only,0.1,10,1e-12,width,0.0,1,margin_hat_min,0.132964625954628,,17.411
pb_cnn_24,sweep_all,Paired-Biases,CNN,synthetic,dist,200,boundary_only,0.1,10,1e-12,width,0.0,1,d_eff,28.083692389077804,,17.411
pb_cnn_24,sweep_all,Paired-Biases,CNN,synthetic,dist,200,boundary_only,0.1,10,1e-12,width,0.0,1,g_ibp,6.350585922677568,,0.042
pb_cnn_24,sweep_all,Paired-Biases,CNN,synthetic,dist,200,boundary_only,0.1,10,1e-12,width,0.0,2,margin_hat_min,0.1337449699640274,,20.882
pb_cnn_24,sweep_all,Paired-Biases,CNN,synthetic,dist,200,boundary_only,0.1,10,1e-12,width,0.0,2,d_eff,28.104394491059765,,20.882
pb_cnn_24,sweep_all,Paired-Biases,CNN,synthetic,dist,200,boundary_only,0.1,10,1e-12,width,0.0,2,g_ibp,6.319367569773305,,0.004
pb_cnn_24,sweep_all,Paired-Biases,CNN,synthetic,dist,200,boundary_only,0.1,10,1e-12,width,0.0,3,margin_hat_min,0.1332700252532959,,19.941
pb_cnn_24,sweep_all,Paired-Biases,CNN,synthetic,dist,200,boundary_only,0.1,10,1e-12,width,0.0,3,d_eff,28.13170757406416,,19.941
pb_cnn_24,sweep_all,Paired-Biases,CNN,synthetic,dist,200,boundary_only,0.1,10,1e-12,width,0.0,3,g_ibp,6.3383246119655,,0.044
pb_cnn_24,sweep_all,Paired-Biases,CNN,synthetic,dist,200,boundary_only,0.1,10,1e-12,width,0.0,4,margin_hat_min,0.13268893957138062,,18.57
pb_cnn_24,sweep_all,Paired-Biases,CNN,synthetic,dist,200,boundary_only,0.1,10,1e-12,width,0.0,4,d_eff,28.118502364709126,,18.57
pb_cnn_24,sweep_all,Paired-Biases,CNN,synthetic,dist,200,boundary_only,0.1,10,1e-12,width,0.0,4,g_ibp,6.3617027775264425,,0.039
pb_cnn_24,sweep_all,Paired-Biases,CNN,synthetic,dist,200,boundary_only,0.1,10,1e-12,width,0.0,5,margin_hat_min,0.1334238201379776,,21.881
pb_cnn_24,sweep_all,Paired-Biases,CNN,synthetic,dist,200,boundary_only,0.1,10,1e-12,width,0.0,5,d_eff,28.137207647573717,,21.881
pb_cnn_24,sweep_all,Paired-Biases,CNN,synthetic,dist,200,boundary_only,0.1,10,1e-12,width,0.0,5,g_ibp,6.33217123532529,,0.036
pb_cnn_24,sweep_all,Paired-Biases,CNN,synthetic,dist,200,boundary_only,0.1,10,1e-12,width,0.0,6,margin_hat_min,0.13421516120433807,,22.408
pb_cnn_24,sweep_all,Paired-Biases,CNN,synthetic,dist,200,boundary_only,0.1,10,1e-12,width,0.0,6,d_eff,28.3465594810623,,22.408
pb_cnn_24,sweep_all,Paired-Biases,CNN,synthetic,dist,200,boundary_only,0.1,10,1e-12,width,0.0,6,g_ibp,6.300732416987,,0.056
pb_cnn_24,sweep_all,Paired-Biases,CNN,synthetic,dist,200,boundary_only,0.1,10,1e-12,width,0.0,7,margin_hat_min,0.13337256014347076,,23.569
pb_cnn_24,sweep_all,Paired-Biases,CNN,synthetic,dist,200,boundary_only,0.1,10,1e-12,width,0.0,7,d_eff,28.213832885814593,,23.569
pb_cnn_24,sweep_all,Paired-Biases,CNN,synthetic,dist,200,boundary_only,0.1,10,1e-12,width,0.0,7,g_ibp,6.3342205854160145,,0.036
pb_cnn_24,sweep_all,Paired-Biases,CNN,synthetic,dist,200,current_mixture,0.1,10,1e-12,width,0.0,0,margin_hat_min,0.12899471819400787,,27.399
pb_cnn_24,sweep_all,Paired-Biases,CNN,synthetic,dist,200,current_mixture,0.1,10,1e-12,width,0.0,0,d_eff,28.196998066766493,,27.399
pb_cnn_24,sweep_all,Paired-Biases,CNN,synthetic,dist,200,current_mixture,0.1,10,1e-12,width,0.0,0,g_ibp,6.51525415774585,,0.036
pb_cnn_24,sweep_all,Paired-Biases,CNN,synthetic,dist,200,current_mixture,0.1,10,1e-12,width,0.0,1,margin_hat_min,0.12897402048110962,,26.905
pb_cnn_24,sweep_all,Paired-Biases,CNN,synthetic,dist,200,current_mixture,0.1,10,1e-12,width,0.0,1,d_eff,28.4632908533853,,26.905
pb_cnn_24,sweep_all,Paired-Biases,CNN,synthetic,dist,200,current_mixture,0.1,10,1e-12,width,0.0,1,g_ibp,6.516139244112013,,0.024
pb_cnn_24,sweep_all,Paired-Biases,CNN,synthetic,dist,200,current_mixture,0.1,10,1e-12,width,0.0,2,margin_hat_min,0.1290636658668518,,25.138
pb_cnn_24,sweep_all,Paired-Biases,CNN,synthetic,dist,200,current_mixture,0.1,10,1e-12,width,0.0,2,d_eff,28.18588825036511,,25.138
pb_cnn_24,sweep_all,Paired-Biases,CNN,synthetic,dist,200,current_mixture,0.1,10,1e-12,width,0.0,2,g_ibp,6.512307829383314,,0.044
pb_cnn_24,sweep_all,Paired-Biases,CNN,synthetic,dist,200,current_mixture,0.1,10,1e-12,width,0.0,3,margin_hat_min,0.12917035818099976,,26.804
pb_cnn_24,sweep_all,Paired-Biases,CNN,synthetic,dist,200,current_mixture,0.1,10,1e-12,width,0.0,3,d_eff,28.216201137747532,,26.804
pb_cnn_24,sweep_all,Paired-Biases,CNN,synthetic,dist,200,current_mixture,0.1,10,1e-12,width,0.0,3,g_ibp,6.507754765608542,,0.036
pb_cnn_24,sweep_all,Paired-Biases,CNN,synthetic,dist,200,current_mixture,0.1,10,1e-12,width,0.0,4,margin_hat_min,0.12929120659828186,,27.356
pb_cnn_24,sweep_all,Paired-Biases,CNN,synthetic,dist,200,current_mixture,0.1,10,1e-12,width,0.0,4,d_eff,28.577974117182162,,27.356
pb_cnn_24,sweep_all,Paired-Biases,CNN,synthetic,dist,200,current_mixture,0.1,10,1e-12,width,0.0,4,g_ibp,6.502606670361317,,0.063
pb_cnn_24,sweep_all,Paired-Biases,CNN,synthetic,dist,200,current_mixture,0.1,10,1e-12,width,0.0,5,margin_hat_min,0.12915770709514618,,21.001
pb_cnn_24,sweep_all,Paired-Biases,CNN,synthetic,dist,200,current_mixture,0.1,10,1e-12,width,0.0,5,d_eff,28.5949191189819,,21.001
pb_cnn_24,sweep_all,Paired-Biases,CNN,synthetic,dist,200,current_mixture,0.1,10,1e-12,width,0.0,5,g_ibp,6.508294253959386,,0.003
pb_cnn_24,sweep_all,Paired-Biases,CNN,synthetic,dist,200,current_mixture,0.1,10,1e-12,width,0.0,6,margin_hat_min,0.1291009783744812,,26.575
pb_cnn_24,sweep_all,Paired-Biases,CNN,synthetic,dist,200,current_mixture,0.1,10,1e-12,width,0.0,6,d_eff,28.57926839003133,,26.575
pb_cnn_24,sweep_all,Paired-Biases,CNN,synthetic,dist,200,current_mixture,0.1,10,1e-12,width,0.0,6,g_ibp,6.5107146731537675,,0.035
pb_cnn_24,sweep_all,Paired-Biases,CNN,synthetic,dist,200,current_mixture,0.1,10,1e-12,width,0.0,7,margin_hat_min,0.12878578901290894,,26.156
pb_cnn_24,sweep_all,Paired-Biases,CNN,synthetic,dist,200,current_mixture,0.1,10,1e-12,width,0.0,7,d_eff,28.502299826189176,,26.156
pb_cnn_24,sweep_all,Paired-Biases,CNN,synthetic,dist,200,current_mixture,0.1,10,1e-12,width,0.0,7,g_ibp,6.524201554376746,,0.036
pb_cnn_24,sweep_all,Paired-Biases,CNN,synthetic,dist,200,pgd_heavy,0.1,10,1e-12,width,0.0,0,margin_hat_min,0.12903937697410583,,32.969
pb_cnn_24,sweep_all,Paired-Biases,CNN,synthetic,dist,200,pgd_heavy,0.1,10,1e-12,width,0.0,0,d_eff,28.68919320192655,,32.969
pb_cnn_24,sweep_all,Paired-Biases,CNN,synthetic,dist,200,pgd_heavy,0.1,10,1e-12,width,0.0,0,g_ibp,6.513345403004554,,0.004
pb_cnn_24,sweep_all,Paired-Biases,CNN,synthetic,dist,200,pgd_heavy,0.1,10,1e-12,width,0.0,1,margin_hat_min,0.12891684472560883,,34.19
pb_cnn_24,sweep_all,Paired-Biases,CNN,synthetic,dist,200,pgd_heavy,0.1,10,1e-12,width,0.0,1,d_eff,28.701357963071597,,34.19
pb_cnn_24,sweep_all,Paired-Biases,CNN,synthetic,dist,200,pgd_heavy,0.1,10,1e-12,width,0.0,1,g_ibp,6.51858570042576,,0.04
pb_cnn_24,sweep_all,Paired-Biases,CNN,synthetic,dist,200,pgd_heavy,0.1,10,1e-12,width,0.0,2,margin_hat_min,0.12884454429149628,,33.916
pb_cnn_24,sweep_all,Paired-Biases,CNN,synthetic,dist,200,pgd_heavy,0.1,10,1e-12,width,0.0,2,d_eff,28.47175666939164,,33.916
pb_cnn_24,sweep_all,Paired-Biases,CNN,synthetic,dist,200,pgd_heavy,0.1,10,1e-12,width,0.0,2,g_ibp,6.52168242558412,,0.06
pb_cnn_24,sweep_all,Paired-Biases,CNN,synthetic,dist,200,pgd_heavy,0.1,10,1e-12,width,0.0,3,margin_hat_min,0.12898100912570953,,26.711
pb_cnn_24,sweep_all,Paired-Biases,CNN,synthetic,dist,200,pgd_heavy,0.1,10,1e-12,width,0.0,3,d_eff,28.43475762786989,,26.711
pb_cnn_24,sweep_all,Paired-Biases,CNN,synthetic,dist,200,pgd_heavy,0.1,10,1e-12,width,0.0,3,g_ibp,6.515840360291816,,0.043
pb_cnn_24,sweep_all,Paired-Biases,CNN,synthetic,dist,200,pgd_heavy,0.1,10,1e-12,width,0.0,4,margin_hat_min,0.12898287177085876,,32.294
pb_cnn_24,sweep_all,Paired-Biases,CNN,synthetic,dist,200,pgd_heavy,0.1,10,1e-12,width,0.0,4,d_eff,28.664140115534998,,32.294
pb_cnn_24,sweep_all,Paired-Biases,CNN,synthetic,dist,200,pgd_heavy,0.1,10,1e-12,width,0.0,4,g_ibp,6.5157607058915845,,0.044
pb_cnn_24,sweep_all,Paired-Biases,CNN,synthetic,dist,200,pgd_heavy,0.1,10,1e-12,width,0.0,5,margin_hat_min,0.1288904994726181,,30.552
pb_cnn_24,sweep_all,Paired-Biases,CNN,synthetic,dist,200,pgd_heavy,0.1,10,1e-12,width,0.0,5,d_eff,28.5302461699811,,30.552
pb_cnn_24,sweep_all,Paired-Biases,CNN,synthetic,dist,200,pgd_heavy,0.1,10,1e-12,width,0.0,5,g_ibp,6.519713700837135,,0.065
pb_cnn_24,sweep_all,Paired-Biases,CNN,synthetic,dist,200,pgd_heavy,0.1,10,1e-12,width,0.0,6,margin_hat_min,0.1289898157119751,,34.501
pb_cnn_24,sweep_all,Paired-Biases,CNN,synthetic,dist,200,pgd_heavy,0.1,10,1e-12,width,0.0,6,d_eff,28.824719657676052,,34.501
pb_cnn_24,sweep_all,Paired-Biases,CNN,synthetic,dist,200,pgd_heavy,0.1,10,1e-12,width,0.0,6,g_ibp,6.51546377456145,,0.04
pb_cnn_24,sweep_all,Paired-Biases,CNN,synthetic,dist,200,pgd_heavy,0.1,10,1e-12,width,0.0,7,margin_hat_min,0.1289682537317276,,29.194
pb_cnn_24,sweep_all,Paired-Biases,CNN,synthetic,dist,200,pgd_heavy,0.1,10,1e-12,width,0.0,7,d_eff,28.726054825722272,,29.194
pb_cnn_24,sweep_all,Paired-Biases,CNN,synthetic,dist,200,pgd_heavy,0.1,10,1e-12,width,0.0,7,g_ibp,6.516385895451831,,0.039
pb_cnn_22,sweep_all,Paired-Biases,CNN,synthetic,dist,200,uniform_only,0.1,10,1e-12,width,0.0,0,margin_hat_min,0.1068863570690155,,21.799
pb_cnn_22,sweep_all,Paired-Biases,CNN,synthetic,dist,200,uniform_only,0.1,10,1e-12,width,0.0,0,d_eff,28.43289731747771,,21.799
pb_cnn_22,sweep_all,Paired-Biases,CNN,synthetic,dist,200,uniform_only,0.1,10,1e-12,width,0.0,0,g_ibp,8.029841536727634,,0.003
pb_cnn_22,sweep_all,Paired-Biases,CNN,synthetic,dist,200,uniform_only,0.1,10,1e-12,width,0.0,1,margin_hat_min,0.10700074583292007,,17.87
pb_cnn_22,sweep_all,Paired-Biases,CNN,synthetic,dist,200,uniform_only,0.1,10,1e-12,width,0.0,1,d_eff,28.563644605352682,,17.87
pb_cnn_22,sweep_all,Paired-Biases,CNN,synthetic,dist,200,uniform_only,0.1,10,1e-12,width,0.0,1,g_ibp,8.022326309823708,,0.039
pb_cnn_22,sweep_all,Paired-Biases,CNN,synthetic,dist,200,uniform_only,0.1,10,1e-12,width,0.0,2,margin_hat_min,0.10657153278589249,,22.454
pb_cnn_22,sweep_all,Paired-Biases,CNN,synthetic,dist,200,uniform_only,0.1,10,1e-12,width,0.0,2,d_eff,28.66641313513795,,22.454
pb_cnn_22,sweep_all,Paired-Biases,CNN,synthetic,dist,200,uniform_only,0.1,10,1e-12,width,0.0,2,g_ibp,8.050608478559035,,0.036
pb_cnn_22,sweep_all,Paired-Biases,CNN,synthetic,dist,200,uniform_only,0.1,10,1e-12,width,0.0,3,margin_hat_min,0.1066819578409195,,22.447
pb_cnn_22,sweep_all,Paired-Biases,CNN,synthetic,dist,200,uniform_only,0.1,10,1e-12,width,0.0,3,d_eff,28.68190546389586,,22.447
pb_cnn_22,sweep_all,Paired-Biases,CNN,synthetic,dist,200,uniform_only,0.1,10,1e-12,width,0.0,3,g_ibp,8.043310488861728,,0.036
pb_cnn_22,sweep_all,Paired-Biases,CNN,synthetic,dist,200,uniform_only,0.1,10,1e-12,width,0.0,4,margin_hat_min,0.10687112808227539,,24.003
pb_cnn_22,sweep_all,Paired-Biases,CNN,synthetic,dist,200,uniform_only,0.1,10,1e-12,width,0.0,4,d_eff,28.711405668000804,,24.003
pb_cnn_22,sweep_all,Paired-Biases,CNN,synthetic,dist,200,uniform_only,0.1,10,1e-12,width,0.0,4,g_ibp,8.03084327934482,,0.032
pb_cnn_22,sweep_all,Paired-Biases,CNN,synthetic,dist,200,uniform_only,0.1,10,1e-12,width,0.0,5,margin_hat_min,0.10690969228744507,,20.551
pb_cnn_22,sweep_all,Paired-Biases,CNN,synthetic,dist,200,uniform_only,0.1,10,1e-12,width,0.0,5,d_eff,28.477034575905975,,20.551
pb_cnn_22,sweep_all,Paired-Biases,CNN,synthetic,dist,200,uniform_only,0.1,10,1e-12,width,0.0,5,g_ibp,8.0283071305922,,0.02
pb_cnn_22,sweep_all,Paired-Biases,CNN,synthetic,dist,200,uniform_only,0.1,10,1e-12,width,0.0,6,margin_hat_min,0.1068115085363388,,22.648
pb_cnn_22,sweep_all,Paired-Biases,CNN,synthetic,dist,200,uniform_only,0.1,10,1e-12,width,0.0,6,d_eff,28.723014551128124,,22.648
pb_cnn_22,sweep_all,Paired-Biases,CNN,synthetic,dist,200,uniform_only,0.1,10,1e-12,width,0.0,6,g_ibp,8.034767722409113,,0.052
pb_cnn_22,sweep_all,Paired-Biases,CNN,synthetic,dist,200,uniform_only,0.1,10,1e-12,width,0.0,7,margin_hat_min,0.10683770477771759,,23.239
pb_cnn_22,sweep_all,Paired-Biases,CNN,synthetic,dist,200,uniform_only,0.1,10,1e-12,width,0.0,7,d_eff,28.761964964618493,,23.239
pb_cnn_22,sweep_all,Paired-Biases,CNN,synthetic,dist,200,uniform_only,0.1,10,1e-12,width,0.0,7,g_ibp,8.033042821320292,,0.004
pb_cnn_22,sweep_all,Paired-Biases,CNN,synthetic,dist,200,boundary_only,0.1,10,1e-12,width,0.0,0,margin_hat_min,0.10666260123252869,,18.821
pb_cnn_22,sweep_all,Paired-Biases,CNN,synthetic,dist,200,boundary_only,0.1,10,1e-12,width,0.0,0,d_eff,28.695510549181247,,18.821
pb_cnn_22,sweep_all,Paired-Biases,CNN,synthetic,dist,200,boundary_only,0.1,10,1e-12,width,0.0,0,g_ibp,8.044588674480034,,0.039
pb_cnn_22,sweep_all,Paired-Biases,CNN,synthetic,dist,200,boundary_only,0.1,10,1e-12,width,0.0,1,margin_hat_min,0.10654817521572113,,22.809
pb_cnn_22,sweep_all,Paired-Biases,CNN,synthetic,dist,200,boundary_only,0.1,10,1e-12,width,0.0,1,d_eff,28.587353119134487,,22.809
pb_cnn_22,sweep_all,Paired-Biases,CNN,synthetic,dist,200,boundary_only,0.1,10,1e-12,width,0.0,1,g_ibp,8.052154118190627,,0.036
pb_cnn_22,sweep_all,Paired-Biases,CNN,synthetic,dist,200,boundary_only,0.1,10,1e-12,width,0.0,2,margin_hat_min,0.10668520629405975,,23.216
pb_cnn_22,sweep_all,Paired-Biases,CNN,synthetic,dist,200,boundary_only,0.1,10,1e-12,width,0.0,2,d_eff,28.615437013399703,,23.216
pb_cnn_22,sweep_all,Paired-Biases,CNN,synthetic,dist,200,boundary_only,0.1,10,1e-12,width,0.0,2,g_ibp,8.043096027411355,,0.036
pb_cnn_22,sweep_all,Paired-Biases,CNN,synthetic,dist,200,boundary_only,0.1,10,1e-12,width,0.0,3,margin_hat_min,0.1068011149764061,,23.006
pb_cnn_22,sweep_all,Paired-Biases,CNN,synthetic,dist,200,boundary_only,0.1,10,1e-12,width,0.0,3,d_eff,28.511368433800584,,23.006
pb_cnn_22,sweep_all,Paired-Biases,CNN,synthetic,dist,200,boundary_only,0.1,10,1e-12,width,0.0,3,g_ibp,8.03545232462465,,0.036
pb_cnn_22,sweep_all,Paired-Biases,CNN,synthetic,dist,200,boundary_only,0.1,10,1e-12,width,0.0,4,margin_hat_min,0.10638470202684402,,21.893
pb_cnn_22,sweep_all,Paired-Biases,CNN,synthetic,dist,200,boundary_only,0.1,10,1e-12,width,0.0,4,d_eff,28.77163282827116,,21.893
pb_cnn_22,sweep_all,Paired-Biases,CNN,synthetic,dist,200,boundary_only,0.1,10,1e-12,width,0.0,4,g_ibp,8.06299062099769,,0.004
pb_cnn_22,sweep_all,Paired-Biases,CNN,synthetic,dist,200,boundary_only,0.1,10,1e-12,width,0.0,5,margin_hat_min,0.10652866959571838,,18.489
pb_cnn_22,sweep_all,Paired-Biases,CNN,synthetic,dist,200,boundary_only,0.1,10,1e-12,width,0.0,5,d_eff,28.50742248355855,,18.489
pb_cnn_22,sweep_all,Paired-Biases,CNN,synthetic,dist,200,boundary_only,0.1,10,1e-12,width,0.0,5,g_ibp,8.053445382213269,,0.047
pb_cnn_22,sweep_all,Paired-Biases,CNN,synthetic,dist,200,boundary_only,0.1,10,1e-12,width,0.0,6,margin_hat_min,0.10660780966281891,,19.445
pb_cnn_22,sweep_all,Paired-Biases,CNN,synthetic,dist,200,boundary_only,0.1,10,1e-12,width,0.0,6,d_eff,28.750443733252016,,19.445
pb_cnn_22,sweep_all,Paired-Biases,CNN,synthetic,dist,200,boundary_only,0.1,10,1e-12,width,0.0,6,g_ibp,8.048209272939488,,0.003
pb_cnn_22,sweep_all,Paired-Biases,CNN,synthetic,dist,200,boundary_only,0.1,10,1e-12,width,0.0,7,margin_hat_min,0.10632596909999847,,19.223
pb_cnn_22,sweep_all,Paired-Biases,CNN,synthetic,dist,200,boundary_only,0.1,10,1e-12,width,0.0,7,d_eff,28.381437528319307,,19.223
pb_cnn_22,sweep_all,Paired-Biases,CNN,synthetic,dist,200,boundary_only,0.1,10,1e-12,width,0.0,7,g_ibp,8.06689211481864,,0.043
pb_cnn_22,sweep_all,Paired-Biases,CNN,synthetic,dist,200,current_mixture,0.1,10,1e-12,width,0.0,0,margin_hat_min,0.10578851401805878,,26.537
pb_cnn_22,sweep_all,Paired-Biases,CNN,synthetic,dist,200,current_mixture,0.1,10,1e-12,width,0.0,0,d_eff,28.58360275226737,,26.537
pb_cnn_22,sweep_all,Paired-Biases,CNN,synthetic,dist,200,current_mixture,0.1,10,1e-12,width,0.0,0,g_ibp,8.102795228836712,,0.036
pb_cnn_22,sweep_all,Paired-Biases,CNN,synthetic,dist,200,current_mixture,0.1,10,1e-12,width,0.0,1,margin_hat_min,0.10579808056354523,,25.639
pb_cnn_22,sweep_all,Paired-Biases,CNN,synthetic,dist,200,current_mixture,0.1,10,1e-12,width,0.0,1,d_eff,28.42354653803876,,25.639
pb_cnn_22,sweep_all,Paired-Biases,CNN,synthetic,dist,200,current_mixture,0.1,10,1e-12,width,0.0,1,g_ibp,8.10215297509,,0.032
pb_cnn_22,sweep_all,Paired-Biases,CNN,synthetic,dist,200,current_mixture,0.1,10,1e-12,width,0.0,2,margin_hat_min,0.10559041053056717,,24.398
pb_cnn_22,sweep_all,Paired-Biases,CNN,synthetic,dist,200,current_mixture,0.1,10,1e-12,width,0.0,2,d_eff,28.58816903352145,,24.398
pb_cnn_22,sweep_all,Paired-Biases,CNN,synthetic,dist,200,current_mixture,0.1,10,1e-12,width,0.0,2,g_ibp,8.11612114071344,,0.032
pb_cnn_22,sweep_all,Paired-Biases,CNN,synthetic,dist,200,current_mixture,0.1,10,1e-12,width,0.0,3,margin_hat_min,0.10562499612569809,,25.198
pb_cnn_22,sweep_all,Paired-Biases,CNN,synthetic,dist,200,current_mixture,0.1,10,1e-12,width,0.0,3,d_eff,28.042621384870248,,25.198
pb_cnn_22,sweep_all,Paired-Biases,CNN,synthetic,dist,200,current_mixture,0.1,10,1e-12,width,0.0,3,g_ibp,8.113791055092609,,0.044
pb_cnn_22,sweep_all,Paired-Biases,CNN,synthetic,dist,200,current_mixture,0.1,10,1e-12,width,0.0,4,margin_hat_min,0.10544765740633011,,25.254
pb_cnn_22,sweep_all,Paired-Biases,CNN,synthetic,dist,200,current_mixture,0.1,10,1e-12,width,0.0,4,d_eff,28.538514448272373,,25.254
pb_cnn_22,sweep_all,Paired-Biases,CNN,synthetic,dist,200,current_mixture,0.1,10,1e-12,width,0.0,4,g_ibp,8.125754816323344,,0.034
pb_cnn_22,sweep_all,Paired-Biases,CNN,synthetic,dist,200,current_mixture,0.1,10,1e-12,width,0.0,5,margin_hat_min,0.105661541223526,,26.697
pb_cnn_22,sweep_all,Paired-Biases,CNN,synthetic,dist,200,current_mixture,0.1,10,1e-12,width,0.0,5,d_eff,28.399794056895207,,26.697
pb_cnn_22,sweep_all,Paired-Biases,CNN,synthetic,dist,200,current_mixture,0.1,10,1e-12,width,0.0,5,g_ibp,8.111330612181945,,0.032
pb_cnn_22,sweep_all,Paired-Biases,CNN,synthetic,dist,200,current_mixture,0.1,10,1e-12,width,0.0,6,margin_hat_min,0.10563430935144424,,22.875
pb_cnn_22,sweep_all,Paired-Biases,CNN,synthetic,dist,200,current_mixture,0.1,10,1e-12,width,0.0,6,d_eff,28.64940353745577,,22.875
pb_cnn_22,sweep_all,Paired-Biases,CNN,synthetic,dist,200,current_mixture,0.1,10,1e-12,width,0.0,6,g_ibp,8.113163869262426,,0.043
pb_cnn_22,sweep_all,Paired-Biases,CNN,synthetic,dist,200,current_mixture,0.1,10,1e-12,width,0.0,7,margin_hat_min,0.10572408139705658,,25.453
pb_cnn_22,sweep_all,Paired-Biases,CNN,synthetic,dist,200,current_mixture,0.1,10,1e-12,width,0.0,7,d_eff,28.71735428882233,,25.453
pb_cnn_22,sweep_all,Paired-Biases,CNN,synthetic,dist,200,current_mixture,0.1,10,1e-12,width,0.0,7,g_ibp,8.107123965553873,,0.028
pb_cnn_22,sweep_all,Paired-Biases,CNN,synthetic,dist,200,pgd_heavy,0.1,10,1e-12,width,0.0,0,margin_hat_min,0.10565685480833054,,31.712
pb_cnn_22,sweep_all,Paired-Biases,CNN,synthetic,dist,200,pgd_heavy,0.1,10,1e-12,width,0.0,0,d_eff,28.28560421374904,,31.712
pb_cnn_22,sweep_all,Paired-Biases,CNN,synthetic,dist,200,pgd_heavy,0.1,10,1e-12,width,0.0,0,g_ibp,8.111646035614728,,0.02
pb_cnn_22,sweep_all,Paired-Biases,CNN,synthetic,dist,200,pgd_heavy,0.1,10,1e-12,width,0.0,1,margin_hat_min,0.10569006204605103,,28.555
pb_cnn_22,sweep_all,Paired-Biases,CNN,synthetic,dist,200,pgd_heavy,0.1,10,1e-12,width,0.0,1,d_eff,28.71688524732939,,28.555
pb_cnn_22,sweep_all,Paired-Biases,CNN,synthetic,dist,200,pgd_heavy,0.1,10,1e-12,width,0.0,1,g_ibp,8.109411595442069,,0.032
pb_cnn_22,sweep_all,Paired-Biases,CNN,synthetic,dist,200,pgd_heavy,0.1,10,1e-12,width,0.0,2,margin_hat_min,0.10552027821540833,,31.226
pb_cnn_22,sweep_all,Paired-Biases,CNN,synthetic,dist,200,pgd_heavy,0.1,10,1e-12,width,0.0,2,d_eff,28.443900534150355,,31.226
pb_cnn_22,sweep_all,Paired-Biases,CNN,synthetic,dist,200,pgd_heavy,0.1,10,1e-12,width,0.0,2,g_ibp,8.12085075343798,,0.056
pb_cnn_22,sweep_all,Paired-Biases,CNN,synthetic,dist,200,pgd_heavy,0.1,10,1e-12,width,0.0,3,margin_hat_min,0.10535000264644623,,29.317
pb_cnn_22,sweep_all,Paired-Biases,CNN,synthetic,dist,200,pgd_heavy,0.1,10,1e-12,width,0.0,3,d_eff,28.900298854307245,,29.317
pb_cnn_22,sweep_all,Paired-Biases,CNN,synthetic,dist,200,pgd_heavy,0.1,10,1e-12,width,0.0,3,g_ibp,8.132360073637937,,0.003
pb_cnn_22,sweep_all,Paired-Biases,CNN,synthetic,dist,200,pgd_heavy,0.1,10,1e-12,width,0.0,4,margin_hat_min,0.10558320581912994,,30.997
pb_cnn_22,sweep_all,Paired-Biases,CNN,synthetic,dist,200,pgd_heavy,0.1,10,1e-12,width,0.0,4,d_eff,28.781349906478265,,30.997
pb_cnn_22,sweep_all,Paired-Biases,CNN,synthetic,dist,200,pgd_heavy,0.1,10,1e-12,width,0.0,4,g_ibp,8.116606725508607,,0.024
pb_cnn_22,sweep_all,Paired-Biases,CNN,synthetic,dist,200,pgd_heavy,0.1,10,1e-12,width,0.0,5,margin_hat_min,0.10555698722600937,,30.471
pb_cnn_22,sweep_all,Paired-Biases,CNN,synthetic,dist,200,pgd_heavy,0.1,10,1e-12,width,0.0,5,d_eff,28.58288613408011,,30.471
pb_cnn_22,sweep_all,Paired-Biases,CNN,synthetic,dist,200,pgd_heavy,0.1,10,1e-12,width,0.0,5,g_ibp,8.118374371791786,,0.028
pb_cnn_22,sweep_all,Paired-Biases,CNN,synthetic,dist,200,pgd_heavy,0.1,10,1e-12,width,0.0,6,margin_hat_min,0.10542432963848114,,28.657
pb_cnn_22,sweep_all,Paired-Biases,CNN,synthetic,dist,200,pgd_heavy,0.1,10,1e-12,width,0.0,6,d_eff,28.6881684196209,,28.657
pb_cnn_22,sweep_all,Paired-Biases,CNN,synthetic,dist,200,pgd_heavy,0.1,10,1e-12,width,0.0,6,g_ibp,8.12733156767355,,0.002
pb_cnn_22,sweep_all,Paired-Biases,CNN,synthetic,dist,200,pgd_heavy,0.1,10,1e-12,width,0.0,7,margin_hat_min,0.10548683255910873,,31.26
pb_cnn_22,sweep_all,Paired-Biases,CNN,synthetic,dist,200,pgd_heavy,0.1,10,1e-12,width,0.0,7,d_eff,28.458447262815852,,31.26
pb_cnn_22,sweep_all,Paired-Biases,CNN,synthetic,dist,200,pgd_heavy,0.1,10,1e-12,width,0.0,7,g_ibp,8.123108490456715,,0.032
pb_cnn_33,sweep_all,Paired-Biases,CNN,synthetic,dist,200,uniform_only,0.1,10,1e-12,width,0.0,0,margin_hat_min,0.12441335618495941,,22.067
pb_cnn_33,sweep_all,Paired-Biases,CNN,synthetic,dist,200,uniform_only,0.1,10,1e-12,width,0.0,0,d_eff,28.20361776865943,,22.067
pb_cnn_33,sweep_all,Paired-Biases,CNN,synthetic,dist,200,uniform_only,0.1,10,1e-12,width,0.0,0,g_ibp,9.139941855705247,,0.044
pb_cnn_33,sweep_all,Paired-Biases,CNN,synthetic,dist,200,uniform_only,0.1,10,1e-12,width,0.0,1,margin_hat_min,0.12468840181827545,,20.637
pb_cnn_33,sweep_all,Paired-Biases,CNN,synthetic,dist,200,uniform_only,0.1,10,1e-12,width,0.0,1,d_eff,28.45064960706768,,20.637
pb_cnn_33,sweep_all,Paired-Biases,CNN,synthetic,dist,200,uniform_only,0.1,10,1e-12,width,0.0,1,g_ibp,9.121986252536132,,0.002
pb_cnn_33,sweep_all,Paired-Biases,CNN,synthetic,dist,200,uniform_only,0.1,10,1e-12,width,0.0,2,margin_hat_min,0.12459209561347961,,23.706
pb_cnn_33,sweep_all,Paired-Biases,CNN,synthetic,dist,200,uniform_only,0.1,10,1e-12,width,0.0,2,d_eff,28.411296775197798,,23.706
pb_cnn_33,sweep_all,Paired-Biases,CNN,synthetic,dist,200,uniform_only,0.1,10,1e-12,width,0.0,2,g_ibp,9.128264320719575,,0.036
pb_cnn_33,sweep_all,Paired-Biases,CNN,synthetic,dist,200,uniform_only,0.1,10,1e-12,width,0.0,3,margin_hat_min,0.12444177269935608,,22.378
pb_cnn_33,sweep_all,Paired-Biases,CNN,synthetic,dist,200,uniform_only,0.1,10,1e-12,width,0.0,3,d_eff,28.189190130853813,,22.378
pb_cnn_33,sweep_all,Paired-Biases,CNN,synthetic,dist,200,uniform_only,0.1,10,1e-12,width,0.0,3,g_ibp,9.138083084571477,,0.047
pb_cnn_33,sweep_all,Paired-Biases,CNN,synthetic,dist,200,uniform_only,0.1,10,1e-12,width,0.0,4,margin_hat_min,0.12467890977859497,,24.151
pb_cnn_33,sweep_all,Paired-Biases,CNN,synthetic,dist,200,uniform_only,0.1,10,1e-12,width,0.0,4,d_eff,28.362624641544226,,24.151
pb_cnn_33,sweep_all,Paired-Biases,CNN,synthetic,dist,200,uniform_only,0.1,10,1e-12,width,0.0,4,g_ibp,9.122604594611223,,0.033
pb_cnn_33,sweep_all,Paired-Biases,CNN,synthetic,dist,200,uniform_only,0.1,10,1e-12,width,0.0,5,margin_hat_min,0.12489614635705948,,24.216
pb_cnn_33,sweep_all,Paired-Biases,CNN,synthetic,dist,200,uniform_only,0.1,10,1e-12,width,0.0,5,d_eff,28.272662221511414,,24.216
pb_cnn_33,sweep_all,Paired-Biases,CNN,synthetic,dist,200,uniform_only,0.1,10,1e-12,width,0.0,5,g_ibp,9.108476642053787,,0.036
pb_cnn_33,sweep_all,Paired-Biases,CNN,synthetic,dist,200,uniform_only,0.1,10,1e-12,width,0.0,6,margin_hat_min,0.12469415366649628,,25.075
pb_cnn_33,sweep_all,Paired-Biases,CNN,synthetic,dist,200,uniform_only,0.1,10,1e-12,width,0.0,6,d_eff,28.38465017408461,,25.075
pb_cnn_33,sweep_all,Paired-Biases,CNN,synthetic,dist,200,uniform_only,0.1,10,1e-12,width,0.0,6,g_ibp,9.121611604400655,,0.025
pb_cnn_33,sweep_all,Paired-Biases,CNN,synthetic,dist,200,uniform_only,0.1,10,1e-12,width,0.0,7,margin_hat_min,0.1245679035782814,,24.222
pb_cnn_33,sweep_all,Paired-Biases,CNN,synthetic,dist,200,uniform_only,0.1,10,1e-12,width,0.0,7,d_eff,28.1658426484899,,24.222
pb_cnn_33,sweep_all,Paired-Biases,CNN,synthetic,dist,200,uniform_only,0.1,10,1e-12,width,0.0,7,g_ibp,9.129842891530329,,0.089
pb_cnn_33,sweep_all,Paired-Biases,CNN,synthetic,dist,200,boundary_only,0.1,10,1e-12,width,0.0,0,margin_hat_min,0.12420045584440231,,25.116
pb_cnn_33,sweep_all,Paired-Biases,CNN,synthetic,dist,200,boundary_only,0.1,10,1e-12,width,0.0,0,d_eff,28.015095295885573,,25.116
pb_cnn_33,sweep_all,Paired-Biases,CNN,synthetic,dist,200,boundary_only,0.1,10,1e-12,width,0.0,0,g_ibp,9.153895076580312,,0.033
pb_cnn_33,sweep_all,Paired-Biases,CNN,synthetic,dist,200,boundary_only,0.1,10,1e-12,width,0.0,1,margin_hat_min,0.12429510802030563,,21.734
pb_cnn_33,sweep_all,Paired-Biases,CNN,synthetic,dist,200,boundary_only,0.1,10,1e-12,width,0.0,1,d_eff,28.057137653180998,,21.734
pb_cnn_33,sweep_all,Paired-Biases,CNN,synthetic,dist,200,boundary_only,0.1,10,1e-12,width,0.0,1,g_ibp,9.147685790282791,,0.004
pb_cnn_33,sweep_all,Paired-Biases,CNN,synthetic,dist,200,boundary_only,0.1,10,1e-12,width,0.0,2,margin_hat_min,0.1243627518415451,,24.715
pb_cnn_33,sweep_all,Paired-Biases,CNN,synthetic,dist,200,boundary_only,0.1,10,1e-12,width,0.0,2,d_eff,28.160170312287487,,24.715
pb_cnn_33,sweep_all,Paired-Biases,CNN,synthetic,dist,200,boundary_only,0.1,10,1e-12,width,0.0,2,g_ibp,9.14325407264268,,0.033
pb_cnn_33,sweep_all,Paired-Biases,CNN,synthetic,dist,200,boundary_only,0.1,10,1e-12,width,0.0,3,margin_hat_min,0.12454330921173096,,21.851
pb_cnn_33,sweep_all,Paired-Biases,CNN,synthetic,dist,200,boundary_only,0.1,10,1e-12,width,0.0,3,d_eff,27.930691561329326,,21.851
pb_cnn_33,sweep_all,Paired-Biases,CNN,synthetic,dist,200,boundary_only,0.1,10,1e-12,width,0.0,3,g_ibp,9.131448343780923,,0.085
pb_cnn_33,sweep_all,Paired-Biases,CNN,synthetic,dist,200,boundary_only,0.1,10,1e-12,width,0.0,4,margin_hat_min,0.12404932081699371,,24.631
pb_cnn_33,sweep_all,Paired-Biases,CNN,synthetic,dist,200,boundary_only,0.1,10,1e-12,width,0.0,4,d_eff,28.270674985985085,,24.631
pb_cnn_33,sweep_all,Paired-Biases,CNN,synthetic,dist,200,boundary_only,0.1,10,1e-12,width,0.0,4,g_ibp,9.163829344239012,,0.058
pb_cnn_33,sweep_all,Paired-Biases,CNN,synthetic,dist,200,boundary_only,0.1,10,1e-12,width,0.0,5,margin_hat_min,0.12422116845846176,,24.191
pb_cnn_33,sweep_all,Paired-Biases,CNN,synthetic,dist,200,boundary_only,0.1,10,1e-12,width,0.0,5,d_eff,27.991190862341973,,24.191
pb_cnn_33,sweep_all,Paired-Biases,CNN,synthetic,dist,200,boundary_only,0.1,10,1e-12,width,0.0,5,g_ibp,9.152535497662347,,0.037
pb_cnn_33,sweep_all,Paired-Biases,CNN,synthetic,dist,200,boundary_only,0.1,10,1e-12,width,0.0,6,margin_hat_min,0.12426872551441193,,20.198
pb_cnn_33,sweep_all,Paired-Biases,CNN,synthetic,dist,200,boundary_only,0.1,10,1e-12,width,0.0,6,d_eff,28.3088619673955,,20.198
pb_cnn_33,sweep_all,Paired-Biases,CNN,synthetic,dist,200,boundary_only,0.1,10,1e-12,width,0.0,6,g_ibp,9.14941556072576,,0.044
pb_cnn_33,sweep_all,Paired-Biases,CNN,synthetic,dist,200,boundary_only,0.1,10,1e-12,width,0.0,7,margin_hat_min,0.12398354709148407,,25.804
pb_cnn_33,sweep_all,Paired-Biases,CNN,synthetic,dist,200,boundary_only,0.1,10,1e-12,width,0.0,7,d_eff,28.20884786340832,,25.804
pb_cnn_33,sweep_all,Paired-Biases,CNN,synthetic,dist,200,boundary_only,0.1,10,1e-12,width,0.0,7,g_ibp,9.168160285585568,,0.032
pb_cnn_33,sweep_all,Paired-Biases,CNN,synthetic,dist,200,current_mixture,0.1,10,1e-12,width,0.0,0,margin_hat_min,0.12360879778862,,28.006
pb_cnn_33,sweep_all,Paired-Biases,CNN,synthetic,dist,200,current_mixture,0.1,10,1e-12,width,0.0,0,d_eff,28.03232551921248,,28.006
pb_cnn_33,sweep_all,Paired-Biases,CNN,synthetic,dist,200,current_mixture,0.1,10,1e-12,width,0.0,0,g_ibp,9.192923995187494,,0.044
pb_cnn_33,sweep_all,Paired-Biases,CNN,synthetic,dist,200,current_mixture,0.1,10,1e-12,width,0.0,1,margin_hat_min,0.12352452427148819,,30.367
pb_cnn_33,sweep_all,Paired-Biases,CNN,synthetic,dist,200,current_mixture,0.1,10,1e-12,width,0.0,1,d_eff,28.156512138287695,,30.367
pb_cnn_33,sweep_all,Paired-Biases,CNN,synthetic,dist,200,current_mixture,0.1,10,1e-12,width,0.0,1,g_ibp,9.198513545317189,,0.032
pb_cnn_33,sweep_all,Paired-Biases,CNN,synthetic,dist,200,current_mixture,0.1,10,1e-12,width,0.0,2,margin_hat_min,0.12348413467407227,,28.33
pb_cnn_33,sweep_all,Paired-Biases,CNN,synthetic,dist,200,current_mixture,0.1,10,1e-12,width,0.0,2,d_eff,28.16282103397794,,28.33
pb_cnn_33,sweep_all,Paired-Biases,CNN,synthetic,dist,200,current_mixture,0.1,10,1e-12,width,0.0,2,g_ibp,9.20119514212617,,0.044
pb_cnn_33,sweep_all,Paired-Biases,CNN,synthetic,dist,200,current_mixture,0.1,10,1e-12,width,0.0,3,margin_hat_min,0.12358991801738739,,28.158
pb_cnn_33,sweep_all,Paired-Biases,CNN,synthetic,dist,200,current_mixture,0.1,10,1e-12,width,0.0,3,d_eff,27.849497069769242,,28.158
pb_cnn_33,sweep_all,Paired-Biases,CNN,synthetic,dist,200,current_mixture,0.1,10,1e-12,width,0.0,3,g_ibp,9.194175557881564,,0.044
pb_cnn_33,sweep_all,Paired-Biases,CNN,synthetic,dist,200,current_mixture,0.1,10,1e-12,width,0.0,4,margin_hat_min,0.12356816232204437,,28.626
pb_cnn_33,sweep_all,Paired-Biases,CNN,synthetic,dist,200,current_mixture,0.1,10,1e-12,width,0.0,4,d_eff,27.956569382213168,,28.626
pb_cnn_33,sweep_all,Paired-Biases,CNN,synthetic,dist,200,current_mixture,0.1,10,1e-12,width,0.0,4,g_ibp,9.195618243308564,,0.032
pb_cnn_33,sweep_all,Paired-Biases,CNN,synthetic,dist,200,current_mixture,0.1,10,1e-12,width,0.0,5,margin_hat_min,0.12360066920518875,,31.771
pb_cnn_33,sweep_all,Paired-Biases,CNN,synthetic,dist,200,current_mixture,0.1,10,1e-12,width,0.0,5,d_eff,28.055233397011023,,31.771
pb_cnn_33,sweep_all,Paired-Biases,CNN,synthetic,dist,200,current_mixture,0.1,10,1e-12,width,0.0,5,g_ibp,9.193462801867655,,0.061
pb_cnn_33,sweep_all,Paired-Biases,CNN,synthetic,dist,200,current_mixture,0.1,10,1e-12,width,0.0,6,margin_hat_min,0.12354404479265213,,32.423
pb_cnn_33,sweep_all,Paired-Biases,CNN,synthetic,dist,200,current_mixture,0.1,10,1e-12,width,0.0,6,d_eff,27.98130236413167,,32.423
pb_cnn_33,sweep_all,Paired-Biases,CNN,synthetic,dist,200,current_mixture,0.1,10,1e-12,width,0.0,6,g_ibp,9.197218142876372,,0.04
pb_cnn_33,sweep_all,Paired-Biases,CNN,synthetic,dist,200,current_mixture,0.1,10,1e-12,width,0.0,7,margin_hat_min,0.12363468110561371,,31.478
pb_cnn_33,sweep_all,Paired-Biases,CNN,synthetic,dist,200,current_mixture,0.1,10,1e-12,width,0.0,7,d_eff,28.0529004656528,,31.478
pb_cnn_33,sweep_all,Paired-Biases,CNN,synthetic,dist,200,current_mixture,0.1,10,1e-12,width,0.0,7,g_ibp,9.191208780273888,,0.056
pb_cnn_33,sweep_all,Paired-Biases,CNN,synthetic,dist,200,pgd_heavy,0.1,10,1e-12,width,0.0,0,margin_hat_min,0.12349241226911545,,37.923
pb_cnn_33,sweep_all,Paired-Biases,CNN,synthetic,dist,200,pgd_heavy,0.1,10,1e-12,width,0.0,0,d_eff,27.8318019466831,,37.923
pb_cnn_33,sweep_all,Paired-Biases,CNN,synthetic,dist,200,pgd_heavy,0.1,10,1e-12,width,0.0,0,g_ibp,9.200645422746584,,0.065
pb_cnn_33,sweep_all,Paired-Biases,CNN,synthetic,dist,200,pgd_heavy,0.1,10,1e-12,width,0.0,1,margin_hat_min,0.12340371310710907,,34.471
pb_cnn_33,sweep_all,Paired-Biases,CNN,synthetic,dist,200,pgd_heavy,0.1,10,1e-12,width,0.0,1,d_eff,28.132634955408808,,34.471
pb_cnn_33,sweep_all,Paired-Biases,CNN,synthetic,dist,200,pgd_heavy,0.1,10,1e-12,width,0.0,1,g_ibp,9.206539818940902,,0.048
pb_cnn_33,sweep_all,Paired-Biases,CNN,synthetic,dist,200,pgd_heavy,0.1,10,1e-12,width,0.0,2,margin_hat_min,0.12346292287111282,,37.345
pb_cnn_33,sweep_all,Paired-Biases,CNN,synthetic,dist,200,pgd_heavy,0.1,10,1e-12,width,0.0,2,d_eff,28.075264928224843,,37.345
pb_cnn_33,sweep_all,Paired-Biases,CNN,synthetic,dist,200,pgd_heavy,0.1,10,1e-12,width,0.0,2,g_ibp,9.202604165429198,,0.036
pb_cnn_33,sweep_all,Paired-Biases,CNN,synthetic,dist,200,pgd_heavy,0.1,10,1e-12,width,0.0,3,margin_hat_min,0.12347147613763809,,37.672
pb_cnn_33,sweep_all,Paired-Biases,CNN,synthetic,dist,200,pgd_heavy,0.1,10,1e-12,width,0.0,3,d_eff,28.16302422208596,,37.672
pb_cnn_33,sweep_all,Paired-Biases,CNN,synthetic,dist,200,pgd_heavy,0.1,10,1e-12,width,0.0,3,g_ibp,9.202035944639892,,0.028
pb_cnn_33,sweep_all,Paired-Biases,CNN,synthetic,dist,200,pgd_heavy,0.1,10,1e-12,width,0.0,4,margin_hat_min,0.12352917343378067,,38.704
pb_cnn_33,sweep_all,Paired-Biases,CNN,synthetic,dist,200,pgd_heavy,0.1,10,1e-12,width,0.0,4,d_eff,27.870894346424492,,38.704
pb_cnn_33,sweep_all,Paired-Biases,CNN,synthetic,dist,200,pgd_heavy,0.1,10,1e-12,width,0.0,4,g_ibp,9.198204984845445,,0.044
pb_cnn_33,sweep_all,Paired-Biases,CNN,synthetic,dist,200,pgd_heavy,0.1,10,1e-12,width,0.0,5,margin_hat_min,0.12356717884540558,,37.699
pb_cnn_33,sweep_all,Paired-Biases,CNN,synthetic,dist,200,pgd_heavy,0.1,10,1e-12,width,0.0,5,d_eff,27.868793225382614,,37.699
pb_cnn_33,sweep_all,Paired-Biases,CNN,synthetic,dist,200,pgd_heavy,0.1,10,1e-12,width,0.0,5,g_ibp,9.195683472596453,,0.033
pb_cnn_33,sweep_all,Paired-Biases,CNN,synthetic,dist,200,pgd_heavy,0.1,10,1e-12,width,0.0,6,margin_hat_min,0.1234063059091568,,37.664
pb_cnn_33,sweep_all,Paired-Biases,CNN,synthetic,dist,200,pgd_heavy,0.1,10,1e-12,width,0.0,6,d_eff,27.807203536329506,,37.664
pb_cnn_33,sweep_all,Paired-Biases,CNN,synthetic,dist,200,pgd_heavy,0.1,10,1e-12,width,0.0,6,g_ibp,9.206367397174523,,0.032
pb_cnn_33,sweep_all,Paired-Biases,CNN,synthetic,dist,200,pgd_heavy,0.1,10,1e-12,width,0.0,7,margin_hat_min,0.1233489066362381,,35.444
pb_cnn_33,sweep_all,Paired-Biases,CNN,synthetic,dist,200,pgd_heavy,0.1,10,1e-12,width,0.0,7,d_eff,27.992118847471335,,35.444
pb_cnn_33,sweep_all,Paired-Biases,CNN,synthetic,dist,200,pgd_heavy,0.1,10,1e-12,width,0.0,7,g_ibp,9.210186154346703,,0.003
pb_cnn_40,sweep_all,Paired-Biases,CNN,synthetic,dist,200,uniform_only,0.1,10,1e-12,width,0.0,0,margin_hat_min,0.11381470412015915,,113.17
pb_cnn_40,sweep_all,Paired-Biases,CNN,synthetic,dist,200,uniform_only,0.1,10,1e-12,width,0.0,0,d_eff,109.36768958095998,,113.17
pb_cnn_40,sweep_all,Paired-Biases,CNN,synthetic,dist,200,uniform_only,0.1,10,1e-12,width,0.0,0,g_ibp,14.810695255438574,,0.048
pb_cnn_40,sweep_all,Paired-Biases,CNN,synthetic,dist,200,uniform_only,0.1,10,1e-12,width,0.0,1,margin_hat_min,0.11370499432086945,,113.522
pb_cnn_40,sweep_all,Paired-Biases,CNN,synthetic,dist,200,uniform_only,0.1,10,1e-12,width,0.0,1,d_eff,109.18343950219332,,113.522
pb_cnn_40,sweep_all,Paired-Biases,CNN,synthetic,dist,200,uniform_only,0.1,10,1e-12,width,0.0,1,g_ibp,14.824020691261,,0.025
pb_cnn_40,sweep_all,Paired-Biases,CNN,synthetic,dist,200,uniform_only,0.1,10,1e-12,width,0.0,2,margin_hat_min,0.11393973231315613,,113.452
pb_cnn_40,sweep_all,Paired-Biases,CNN,synthetic,dist,200,uniform_only,0.1,10,1e-12,width,0.0,2,d_eff,108.42132588183156,,113.452
pb_cnn_40,sweep_all,Paired-Biases,CNN,synthetic,dist,200,uniform_only,0.1,10,1e-12,width,0.0,2,g_ibp,14.795540521995296,,0.033
pb_cnn_40,sweep_all,Paired-Biases,CNN,synthetic,dist,200,uniform_only,0.1,10,1e-12,width,0.0,3,margin_hat_min,0.11380599439144135,,109.067
pb_cnn_40,sweep_all,Paired-Biases,CNN,synthetic,dist,200,uniform_only,0.1,10,1e-12,width,0.0,3,d_eff,108.9931762813081,,109.067
pb_cnn_40,sweep_all,Paired-Biases,CNN,synthetic,dist,200,uniform_only,0.1,10,1e-12,width,0.0,3,g_ibp,14.811752206873525,,0.029
pb_cnn_40,sweep_all,Paired-Biases,CNN,synthetic,dist,200,uniform_only,0.1,10,1e-12,width,0.0,4,margin_hat_min,0.11377875506877899,,106.589
pb_cnn_40,sweep_all,Paired-Biases,CNN,synthetic,dist,200,uniform_only,0.1,10,1e-12,width,0.0,4,d_eff,108.7092543927878,,106.589
pb_cnn_40,sweep_all,Paired-Biases,CNN,synthetic,dist,200,uniform_only,0.1,10,1e-12,width,0.0,4,g_ibp,14.815058823953882,,0.024
pb_cnn_40,sweep_all,Paired-Biases,CNN,synthetic,dist,200,uniform_only,0.1,10,1e-12,width,0.0,5,margin_hat_min,0.11372219771146774,,118.195
pb_cnn_40,sweep_all,Paired-Biases,CNN,synthetic,dist,200,uniform_only,0.1,10,1e-12,width,0.0,5,d_eff,108.75346673235983,,118.195
pb_cnn_40,sweep_all,Paired-Biases,CNN,synthetic,dist,200,uniform_only,0.1,10,1e-12,width,0.0,5,g_ibp,14.821929454612619,,0.044
pb_cnn_40,sweep_all,Paired-Biases,CNN,synthetic,dist,200,uniform_only,0.1,10,1e-12,width,0.0,6,margin_hat_min,0.1136498972773552,,108.365
pb_cnn_40,sweep_all,Paired-Biases,CNN,synthetic,dist,200,uniform_only,0.1,10,1e-12,width,0.0,6,d_eff,108.77226805020607,,108.365
pb_cnn_40,sweep_all,Paired-Biases,CNN,synthetic,dist,200,uniform_only,0.1,10,1e-12,width,0.0,6,g_ibp,14.830722524591327,,0.003
pb_cnn_40,sweep_all,Paired-Biases,CNN,synthetic,dist,200,uniform_only,0.1,10,1e-12,width,0.0,7,margin_hat_min,0.113829106092453,,111.604
pb_cnn_40,sweep_all,Paired-Biases,CNN,synthetic,dist,200,uniform_only,0.1,10,1e-12,width,0.0,7,d_eff,107.60838510212051,,111.604
pb_cnn_40,sweep_all,Paired-Biases,CNN,synthetic,dist,200,uniform_only,0.1,10,1e-12,width,0.0,7,g_ibp,14.808947888203129,,0.052
pb_cnn_40,sweep_all,Paired-Biases,CNN,synthetic,dist,200,boundary_only,0.1,10,1e-12,width,0.0,0,margin_hat_min,0.11334024369716644,,112.01
pb_cnn_40,sweep_all,Paired-Biases,CNN,synthetic,dist,200,boundary_only,0.1,10,1e-12,width,0.0,0,d_eff,107.80658460346321,,112.01
pb_cnn_40,sweep_all,Paired-Biases,CNN,synthetic,dist,200,boundary_only,0.1,10,1e-12,width,0.0,0,g_ibp,14.868509038953711,,0.003
pb_cnn_40,sweep_all,Paired-Biases,CNN,synthetic,dist,200,boundary_only,0.1,10,1e-12,width,0.0,1,margin_hat_min,0.11356943100690842,,113.439
pb_cnn_40,sweep_all,Paired-Biases,CNN,synthetic,dist,200,boundary_only,0.1,10,1e-12,width,0.0,1,d_eff,106.97529389533184,,113.439
pb_cnn_40,sweep_all,Paired-Biases,CNN,synthetic,dist,200,boundary_only,0.1,10,1e-12,width,0.0,1,g_ibp,14.840521875079054,,0.053
pb_cnn_40,sweep_all,Paired-Biases,CNN,synthetic,dist,200,boundary_only,0.1,10,1e-12,width,0.0,2,margin_hat_min,0.11390393227338791,,110.902
pb_cnn_40,sweep_all,Paired-Biases,CNN,synthetic,dist,200,boundary_only,0.1,10,1e-12,width,0.0,2,d_eff,107.64865547256065,,110.902
pb_cnn_40,sweep_all,Paired-Biases,CNN,synthetic,dist,200,boundary_only,0.1,10,1e-12,width,0.0,2,g_ibp,14.799876464481653,,0.021
pb_cnn_40,sweep_all,Paired-Biases,CNN,synthetic,dist,200,boundary_only,0.1,10,1e-12,width,0.0,3,margin_hat_min,0.11326175183057785,,109.171
pb_cnn_40,sweep_all,Paired-Biases,CNN,synthetic,dist,200,boundary_only,0.1,10,1e-12,width,0.0,3,d_eff,108.53397676744763,,109.171
pb_cnn_40,sweep_all,Paired-Biases,CNN,synthetic,dist,200,boundary_only,0.1,10,1e-12,width,0.0,3,g_ibp,14.878120096028715,,0.033
pb_cnn_40,sweep_all,Paired-Biases,CNN,synthetic,dist,200,boundary_only,0.1,10,1e-12,width,0.0,4,margin_hat_min,0.11385996639728546,,118.032
pb_cnn_40,sweep_all,Paired-Biases,CNN,synthetic,dist,200,boundary_only,0.1,10,1e-12,width,0.0,4,d_eff,108.47711031580046,,118.032
pb_cnn_40,sweep_all,Paired-Biases,CNN,synthetic,dist,200,boundary_only,0.1,10,1e-12,width,0.0,4,g_ibp,14.805205147407344,,0.101
pb_cnn_40,sweep_all,Paired-Biases,CNN,synthetic,dist,200,boundary_only,0.1,10,1e-12,width,0.0,5,margin_hat_min,0.11353114992380142,,112.722
pb_cnn_40,sweep_all,Paired-Biases,CNN,synthetic,dist,200,boundary_only,0.1,10,1e-12,width,0.0,5,d_eff,107.58512565304956,,112.722
pb_cnn_40,sweep_all,Paired-Biases,CNN,synthetic,dist,200,boundary_only,0.1,10,1e-12,width,0.0,5,g_ibp,14.845188701483039,,0.022
pb_cnn_40,sweep_all,Paired-Biases,CNN,synthetic,dist,200,boundary_only,0.1,10,1e-12,width,0.0,6,margin_hat_min,0.1135106012225151,,112.245
pb_cnn_40,sweep_all,Paired-Biases,CNN,synthetic,dist,200,boundary_only,0.1,10,1e-12,width,0.0,6,d_eff,109.02537190153221,,112.245
pb_cnn_40,sweep_all,Paired-Biases,CNN,synthetic,dist,200,boundary_only,0.1,10,1e-12,width,0.0,6,g_ibp,14.847695081008942,,0.052
pb_cnn_40,sweep_all,Paired-Biases,CNN,synthetic,dist,200,boundary_only,0.1,10,1e-12,width,0.0,7,margin_hat_min,0.11384845525026321,,108.161
pb_cnn_40,sweep_all,Paired-Biases,CNN,synthetic,dist,200,boundary_only,0.1,10,1e-12,width,0.0,7,d_eff,107.91150107351864,,108.161
pb_cnn_40,sweep_all,Paired-Biases,CNN,synthetic,dist,200,boundary_only,0.1,10,1e-12,width,0.0,7,g_ibp,14.806600983176686,,0.02
pb_cnn_40,sweep_all,Paired-Biases,CNN,synthetic,dist,200,current_mixture,0.1,10,1e-12,width,0.0,0,margin_hat_min,0.11120115965604782,,129.664
pb_cnn_40,sweep_all,Paired-Biases,CNN,synthetic,dist,200,current_mixture,0.1,10,1e-12,width,0.0,0,d_eff,107.65737048873348,,129.664
pb_cnn_40,sweep_all,Paired-Biases,CNN,synthetic,dist,200,current_mixture,0.1,10,1e-12,width,0.0,0,g_ibp,15.135285990298707,,0.065
pb_cnn_40,sweep_all,Paired-Biases,CNN,synthetic,dist,200,current_mixture,0.1,10,1e-12,width,0.0,1,margin_hat_min,0.11118560284376144,,130.07
pb_cnn_40,sweep_all,Paired-Biases,CNN,synthetic,dist,200,current_mixture,0.1,10,1e-12,width,0.0,1,d_eff,108.38804627317795,,130.07
pb_cnn_40,sweep_all,Paired-Biases,CNN,synthetic,dist,200,current_mixture,0.1,10,1e-12,width,0.0,1,g_ibp,15.13726376426529,,0.045
pb_cnn_40,sweep_all,Paired-Biases,CNN,synthetic,dist,200,current_mixture,0.1,10,1e-12,width,0.0,2,margin_hat_min,0.11130516231060028,,146.44
pb_cnn_40,sweep_all,Paired-Biases,CNN,synthetic,dist,200,current_mixture,0.1,10,1e-12,width,0.0,2,d_eff,109.09672339524259,,146.44
pb_cnn_40,sweep_all,Paired-Biases,CNN,synthetic,dist,200,current_mixture,0.1,10,1e-12,width,0.0,2,g_ibp,15.12207809198278,,0.052
pb_cnn_40,sweep_all,Paired-Biases,CNN,synthetic,dist,200,current_mixture,0.1,10,1e-12,width,0.0,3,margin_hat_min,0.1111268475651741,,137.439
pb_cnn_40,sweep_all,Paired-Biases,CNN,synthetic,dist,200,current_mixture,0.1,10,1e-12,width,0.0,3,d_eff,108.93268216688868,,137.439
pb_cnn_40,sweep_all,Paired-Biases,CNN,synthetic,dist,200,current_mixture,0.1,10,1e-12,width,0.0,3,g_ibp,15.144738455477398,,0.057
pb_cnn_40,sweep_all,Paired-Biases,CNN,synthetic,dist,200,current_mixture,0.1,10,1e-12,width,0.0,4,margin_hat_min,0.11123020946979523,,144.764
pb_cnn_40,sweep_all,Paired-Biases,CNN,synthetic,dist,200,current_mixture,0.1,10,1e-12,width,0.0,4,d_eff,108.3240749211943,,144.764
pb_cnn_40,sweep_all,Paired-Biases,CNN,synthetic,dist,200,current_mixture,0.1,10,1e-12,width,0.0,4,g_ibp,15.131594300538898,,0.048
pb_cnn_40,sweep_all,Paired-Biases,CNN,synthetic,dist,200,current_mixture,0.1,10,1e-12,width,0.0,5,margin_hat_min,0.11123368889093399,,137.676
pb_cnn_40,sweep_all,Paired-Biases,CNN,synthetic,dist,200,current_mixture,0.1,10,1e-12,width,0.0,5,d_eff,108.50390177041507,,137.676
pb_cnn_40,sweep_all,Paired-Biases,CNN,synthetic,dist,200,current_mixture,0.1,10,1e-12,width,0.0,5,g_ibp,15.131152260286314,,0.065
pb_cnn_40,sweep_all,Paired-Biases,CNN,synthetic,dist,200,current_mixture,0.1,10,1e-12,width,0.0,6,margin_hat_min,0.1111091673374176,,130.114
pb_cnn_40,sweep_all,Paired-Biases,CNN,synthetic,dist,200,current_mixture,0.1,10,1e-12,width,0.0,6,d_eff,107.6632254737418,,130.114
pb_cnn_40,sweep_all,Paired-Biases,CNN,synthetic,dist,200,current_mixture,0.1,10,1e-12,width,0.0,6,g_ibp,15.146989234629466,,0.037
pb_cnn_40,sweep_all,Paired-Biases,CNN,synthetic,dist,200,current_mixture,0.1,10,1e-12,width,0.0,7,margin_hat_min,0.11113551259040833,,130.988
pb_cnn_40,sweep_all,Paired-Biases,CNN,synthetic,dist,200,current_mixture,0.1,10,1e-12,width,0.0,7,d_eff,108.83307934526024,,130.988
pb_cnn_40,sweep_all,Paired-Biases,CNN,synthetic,dist,200,current_mixture,0.1,10,1e-12,width,0.0,7,g_ibp,15.14363561703458,,0.028
pb_cnn_40,sweep_all,Paired-Biases,CNN,synthetic,dist,200,pgd_heavy,0.1,10,1e-12,width,0.0,0,margin_hat_min,0.11114957183599472,,181.919
pb_cnn_40,sweep_all,Paired-Biases,CNN,synthetic,dist,200,pgd_heavy,0.1,10,1e-12,width,0.0,0,d_eff,108.17283603089723,,181.919
pb_cnn_40,sweep_all,Paired-Biases,CNN,synthetic,dist,200,pgd_heavy,0.1,10,1e-12,width,0.0,0,g_ibp,15.141846596678153,,0.045
pb_cnn_40,sweep_all,Paired-Biases,CNN,synthetic,dist,200,pgd_heavy,0.1,10,1e-12,width,0.0,1,margin_hat_min,0.11093062907457352,,183.804
pb_cnn_40,sweep_all,Paired-Biases,CNN,synthetic,dist,200,pgd_heavy,0.1,10,1e-12,width,0.0,1,d_eff,106.37215975862811,,183.804
pb_cnn_40,sweep_all,Paired-Biases,CNN,synthetic,dist,200,pgd_heavy,0.1,10,1e-12,width,0.0,1,g_ibp,15.169758229121546,,0.023
pb_cnn_40,sweep_all,Paired-Biases,CNN,synthetic,dist,200,pgd_heavy,0.1,10,1e-12,width,0.0,2,margin_hat_min,0.11100451648235321,,197.196
pb_cnn_40,sweep_all,Paired-Biases,CNN,synthetic,dist,200,pgd_heavy,0.1,10,1e-12,width,0.0,2,d_eff,108.38533645660685,,197.196
pb_cnn_40,sweep_all,Paired-Biases,CNN,synthetic,dist,200,pgd_heavy,0.1,10,1e-12,width,0.0,2,g_ibp,15.160326480418133,,0.025
pb_cnn_40,sweep_all,Paired-Biases,CNN,synthetic,dist,200,pgd_heavy,0.1,10,1e-12,width,0.0,3,margin_hat_min,0.11103298515081406,,183.42
pb_cnn_40,sweep_all,Paired-Biases,CNN,synthetic,dist,200,pgd_heavy,0.1,10,1e-12,width,0.0,3,d_eff,108.2353515181624,,183.42
pb_cnn_40,sweep_all,Paired-Biases,CNN,synthetic,dist,200,pgd_heavy,0.1,10,1e-12,width,0.0,3,g_ibp,15.156695796803556,,0.024
pb_cnn_40,sweep_all,Paired-Biases,CNN,synthetic,dist,200,pgd_heavy,0.1,10,1e-12,width,0.0,4,margin_hat_min,0.1111116036772728,,197.001
pb_cnn_40,sweep_all,Paired-Biases,CNN,synthetic,dist,200,pgd_heavy,0.1,10,1e-12,width,0.0,4,d_eff,107.46160644461611,,197.001
pb_cnn_40,sweep_all,Paired-Biases,CNN,synthetic,dist,200,pgd_heavy,0.1,10,1e-12,width,0.0,4,g_ibp,15.146679034141288,,0.056
pb_cnn_40,sweep_all,Paired-Biases,CNN,synthetic,dist,200,pgd_heavy,0.1,10,1e-12,width,0.0,5,margin_hat_min,0.11101695150136948,,210.107
pb_cnn_40,sweep_all,Paired-Biases,CNN,synthetic,dist,200,pgd_heavy,0.1,10,1e-12,width,0.0,5,d_eff,107.90232720070229,,210.107
pb_cnn_40,sweep_all,Paired-Biases,CNN,synthetic,dist,200,pgd_heavy,0.1,10,1e-12,width,0.0,5,g_ibp,15.158740380938031,,0.052
pb_cnn_40,sweep_all,Paired-Biases,CNN,synthetic,dist,200,pgd_heavy,0.1,10,1e-12,width,0.0,6,margin_hat_min,0.11096814274787903,,213.562
pb_cnn_40,sweep_all,Paired-Biases,CNN,synthetic,dist,200,pgd_heavy,0.1,10,1e-12,width,0.0,6,d_eff,108.65823714099464,,213.562
pb_cnn_40,sweep_all,Paired-Biases,CNN,synthetic,dist,200,pgd_heavy,0.1,10,1e-12,width,0.0,6,g_ibp,15.164968028367909,,0.004
pb_cnn_40,sweep_all,Paired-Biases,CNN,synthetic,dist,200,pgd_heavy,0.1,10,1e-12,width,0.0,7,margin_hat_min,0.11100370436906815,,215.62
pb_cnn_40,sweep_all,Paired-Biases,CNN,synthetic,dist,200,pgd_heavy,0.1,10,1e-12,width,0.0,7,d_eff,106.96413020681763,,215.62
pb_cnn_40,sweep_all,Paired-Biases,CNN,synthetic,dist,200,pgd_heavy,0.1,10,1e-12,width,0.0,7,g_ibp,15.160430078665787,,0.048
pb_cnn_41,sweep_all,Paired-Biases,CNN,synthetic,dist,200,uniform_only,0.1,10,1e-12,width,0.0,0,margin_hat_min,0.11467589437961578,,299.914
pb_cnn_41,sweep_all,Paired-Biases,CNN,synthetic,dist,200,uniform_only,0.1,10,1e-12,width,0.0,0,d_eff,247.84900455630404,,299.914
pb_cnn_41,sweep_all,Paired-Biases,CNN,synthetic,dist,200,uniform_only,0.1,10,1e-12,width,0.0,0,g_ibp,16.783437366541754,,0.052
pb_cnn_41,sweep_all,Paired-Biases,CNN,synthetic,dist,200,uniform_only,0.1,10,1e-12,width,0.0,1,margin_hat_min,0.11463046818971634,,299.906
pb_cnn_41,sweep_all,Paired-Biases,CNN,synthetic,dist,200,uniform_only,0.1,10,1e-12,width,0.0,1,d_eff,247.1704392087917,,299.906
pb_cnn_41,sweep_all,Paired-Biases,CNN,synthetic,dist,200,uniform_only,0.1,10,1e-12,width,0.0,1,g_ibp,16.789692086027728,,0.038
pb_cnn_41,sweep_all,Paired-Biases,CNN,synthetic,dist,200,uniform_only,0.1,10,1e-12,width,0.0,2,margin_hat_min,0.11456265300512314,,299.993
pb_cnn_41,sweep_all,Paired-Biases,CNN,synthetic,dist,200,uniform_only,0.1,10,1e-12,width,0.0,2,d_eff,247.17531480269744,,299.993
pb_cnn_41,sweep_all,Paired-Biases,CNN,synthetic,dist,200,uniform_only,0.1,10,1e-12,width,0.0,2,g_ibp,16.79903876974521,,0.061
pb_cnn_41,sweep_all,Paired-Biases,CNN,synthetic,dist,200,uniform_only,0.1,10,1e-12,width,0.0,3,margin_hat_min,0.11477332562208176,,299.938
pb_cnn_41,sweep_all,Paired-Biases,CNN,synthetic,dist,200,uniform_only,0.1,10,1e-12,width,0.0,3,d_eff,246.63266974208042,,299.938
pb_cnn_41,sweep_all,Paired-Biases,CNN,synthetic,dist,200,uniform_only,0.1,10,1e-12,width,0.0,3,g_ibp,16.770038783685873,,0.052
pb_cnn_41,sweep_all,Paired-Biases,CNN,synthetic,dist,200,uniform_only,0.1,10,1e-12,width,0.0,4,margin_hat_min,0.11471151560544968,,299.937
pb_cnn_41,sweep_all,Paired-Biases,CNN,synthetic,dist,200,uniform_only,0.1,10,1e-12,width,0.0,4,d_eff,246.64669227619308,,299.937
pb_cnn_41,sweep_all,Paired-Biases,CNN,synthetic,dist,200,uniform_only,0.1,10,1e-12,width,0.0,4,g_ibp,16.77853615515163,,0.017
pb_cnn_41,sweep_all,Paired-Biases,CNN,synthetic,dist,200,uniform_only,0.1,10,1e-12,width,0.0,5,margin_hat_min,0.11471928656101227,,299.954
pb_cnn_41,sweep_all,Paired-Biases,CNN,synthetic,dist,200,uniform_only,0.1,10,1e-12,width,0.0,5,d_eff,246.7726536125393,,299.954
pb_cnn_41,sweep_all,Paired-Biases,CNN,synthetic,dist,200,uniform_only,0.1,10,1e-12,width,0.0,5,g_ibp,16.777467334842694,,0.06
pb_cnn_41,sweep_all,Paired-Biases,CNN,synthetic,dist,200,uniform_only,0.1,10,1e-12,width,0.0,6,margin_hat_min,0.11456435918807983,,299.92
pb_cnn_41,sweep_all,Paired-Biases,CNN,synthetic,dist,200,uniform_only,0.1,10,1e-12,width,0.0,6,d_eff,247.39678406417553,,299.92
pb_cnn_41,sweep_all,Paired-Biases,CNN,synthetic,dist,200,uniform_only,0.1,10,1e-12,width,0.0,6,g_ibp,16.798803477976705,,0.068
pb_cnn_41,sweep_all,Paired-Biases,CNN,synthetic,dist,200,uniform_only,0.1,10,1e-12,width,0.0,7,margin_hat_min,0.11476226150989532,,299.889
pb_cnn_41,sweep_all,Paired-Biases,CNN,synthetic,dist,200,uniform_only,0.1,10,1e-12,width,0.0,7,d_eff,247.19150297843467,,299.889
pb_cnn_41,sweep_all,Paired-Biases,CNN,synthetic,dist,200,uniform_only,0.1,10,1e-12,width,0.0,7,g_ibp,16.771559156986207,,0.052
pb_cnn_41,sweep_all,Paired-Biases,CNN,synthetic,dist,200,boundary_only,0.1,10,1e-12,width,0.0,0,margin_hat_min,0.11451932042837143,,285.036
pb_cnn_41,sweep_all,Paired-Biases,CNN,synthetic,dist,200,boundary_only,0.1,10,1e-12,width,0.0,0,d_eff,245.83471089187339,,285.036
pb_cnn_41,sweep_all,Paired-Biases,CNN,synthetic,dist,200,boundary_only,0.1,10,1e-12,width,0.0,0,g_ibp,16.80501691437204,,0.029
pb_cnn_41,sweep_all,Paired-Biases,CNN,synthetic,dist,200,boundary_only,0.1,10,1e-12,width,0.0,1,margin_hat_min,0.11462730169296265,,299.9
pb_cnn_41,sweep_all,Paired-Biases,CNN,synthetic,dist,200,boundary_only,0.1,10,1e-12,width,0.0,1,d_eff,245.95258416442417,,299.9
pb_cnn_41,sweep_all,Paired-Biases,CNN,synthetic,dist,200,boundary_only,0.1,10,1e-12,width,0.0,1,g_ibp,16.790128264913502,,0.056
pb_cnn_41,sweep_all,Paired-Biases,CNN,synthetic,dist,200,boundary_only,0.1,10,1e-12,width,0.0,2,margin_hat_min,0.11458935588598251,,299.91
pb_cnn_41,sweep_all,Paired-Biases,CNN,synthetic,dist,200,boundary_only,0.1,10,1e-12,width,0.0,2,d_eff,246.8978759757767,,299.91
pb_cnn_41,sweep_all,Paired-Biases,CNN,synthetic,dist,200,boundary_only,0.1,10,1e-12,width,0.0,2,g_ibp,16.795357102746596,,0.03
pb_cnn_41,sweep_all,Paired-Biases,CNN,synthetic,dist,200,boundary_only,0.1,10,1e-12,width,0.0,3,margin_hat_min,0.11455165594816208,,299.981
pb_cnn_41,sweep_all,Paired-Biases,CNN,synthetic,dist,200,boundary_only,0.1,10,1e-12,width,0.0,3,d_eff,244.3709346909653,,299.981
pb_cnn_41,sweep_all,Paired-Biases,CNN,synthetic,dist,200,boundary_only,0.1,10,1e-12,width,0.0,3,g_ibp,16.80055549098194,,0.056
pb_cnn_41,sweep_all,Paired-Biases,CNN,synthetic,dist,200,boundary_only,0.1,10,1e-12,width,0.0,4,margin_hat_min,0.11463406682014465,,299.881
pb_cnn_41,sweep_all,Paired-Biases,CNN,synthetic,dist,200,boundary_only,0.1,10,1e-12,width,0.0,4,d_eff,244.81733944306677,,299.881
pb_cnn_41,sweep_all,Paired-Biases,CNN,synthetic,dist,200,boundary_only,0.1,10,1e-12,width,0.0,4,g_ibp,16.789196410806824,,0.044
pb_cnn_41,sweep_all,Paired-Biases,CNN,synthetic,dist,200,boundary_only,0.1,10,1e-12,width,0.0,5,margin_hat_min,0.11465131491422653,,299.925
pb_cnn_41,sweep_all,Paired-Biases,CNN,synthetic,dist,200,boundary_only,0.1,10,1e-12,width,0.0,5,d_eff,245.9813786344534,,299.925
pb_cnn_41,sweep_all,Paired-Biases,CNN,synthetic,dist,200,boundary_only,0.1,10,1e-12,width,0.0,5,g_ibp,16.786821090947893,,0.04
pb_cnn_41,sweep_all,Paired-Biases,CNN,synthetic,dist,200,boundary_only,0.1,10,1e-12,width,0.0,6,margin_hat_min,0.11464862525463104,,299.942
pb_cnn_41,sweep_all,Paired-Biases,CNN,synthetic,dist,200,boundary_only,0.1,10,1e-12,width,0.0,6,d_eff,246.14136258968153,,299.942
pb_cnn_41,sweep_all,Paired-Biases,CNN,synthetic,dist,200,boundary_only,0.1,10,1e-12,width,0.0,6,g_ibp,16.78719145016271,,0.01
pb_cnn_41,sweep_all,Paired-Biases,CNN,synthetic,dist,200,boundary_only,0.1,10,1e-12,width,0.0,7,margin_hat_min,0.11473682522773743,,299.899
pb_cnn_41,sweep_all,Paired-Biases,CNN,synthetic,dist,200,boundary_only,0.1,10,1e-12,width,0.0,7,d_eff,244.63421937185953,,299.899
pb_cnn_41,sweep_all,Paired-Biases,CNN,synthetic,dist,200,boundary_only,0.1,10,1e-12,width,0.0,7,g_ibp,16.77505559178809,,0.008
pb_cnn_41,sweep_all,Paired-Biases,CNN,synthetic,dist,200,current_mixture,0.1,10,1e-12,width,0.0,0,margin_hat_min,0.11218319088220596,,299.885
pb_cnn_41,sweep_all,Paired-Biases,CNN,synthetic,dist,200,current_mixture,0.1,10,1e-12,width,0.0,0,d_eff,244.8663344957709,,299.885
pb_cnn_41,sweep_all,Paired-Biases,CNN,synthetic,dist,200,current_mixture,0.1,10,1e-12,width,0.0,0,g_ibp,17.13414435940745,,0.032
pb_cnn_41,sweep_all,Paired-Biases,CNN,synthetic,dist,200,current_mixture,0.1,10,1e-12,width,0.0,1,margin_hat_min,0.11203736066818237,,299.916
pb_cnn_41,sweep_all,Paired-Biases,CNN,synthetic,dist,200,current_mixture,0.1,10,1e-12,width,0.0,1,d_eff,245.44897946479296,,299.916
pb_cnn_41,sweep_all,Paired-Biases,CNN,synthetic,dist,200,current_mixture,0.1,10,1e-12,width,0.0,1,g_ibp,17.155144905216158,,0.032
pb_cnn_41,sweep_all,Paired-Biases,CNN,synthetic,dist,200,current_mixture,0.1,10,1e-12,width,0.0,2,margin_hat_min,0.11212916672229767,,299.925
pb_cnn_41,sweep_all,Paired-Biases,CNN,synthetic,dist,200,current_mixture,0.1,10,1e-12,width,0.0,2,d_eff,246.07515998955665,,299.925
pb_cnn_41,sweep_all,Paired-Biases,CNN,synthetic,dist,200,current_mixture,0.1,10,1e-12,width,0.0,2,g_ibp,17.141917837266313,,0.006
pb_cnn_41,sweep_all,Paired-Biases,CNN,synthetic,dist,200,current_mixture,0.1,10,1e-12,width,0.0,3,margin_hat_min,0.1122954711318016,,299.911
pb_cnn_41,sweep_all,Paired-Biases,CNN,synthetic,dist,200,current_mixture,0.1,10,1e-12,width,0.0,3,d_eff,244.8282964724003,,299.911
pb_cnn_41,sweep_all,Paired-Biases,CNN,synthetic,dist,200,current_mixture,0.1,10,1e-12,width,0.0,3,g_ibp,17.11801240201494,,0.005
pb_cnn_41,sweep_all,Paired-Biases,CNN,synthetic,dist,200,current_mixture,0.1,10,1e-12,width,0.0,4,margin_hat_min,0.11225159466266632,,299.91
pb_cnn_41,sweep_all,Paired-Biases,CNN,synthetic,dist,200,current_mixture,0.1,10,1e-12,width,0.0,4,d_eff,245.31065583140983,,299.91
pb_cnn_41,sweep_all,Paired-Biases,CNN,synthetic,dist,200,current_mixture,0.1,10,1e-12,width,0.0,4,g_ibp,17.1243125483585,,0.006
pb_cnn_41,sweep_all,Paired-Biases,CNN,synthetic,dist,200,current_mixture,0.1,10,1e-12,width,0.0,5,margin_hat_min,0.11204259097576141,,299.957
pb_cnn_41,sweep_all,Paired-Biases,CNN,synthetic,dist,200,current_mixture,0.1,10,1e-12,width,0.0,5,d_eff,245.47034444996004,,299.957
pb_cnn_41,sweep_all,Paired-Biases,CNN,synthetic,dist,200,current_mixture,0.1,10,1e-12,width,0.0,5,g_ibp,17.15439076006384,,0.034
pb_cnn_41,sweep_all,Paired-Biases,CNN,synthetic,dist,200,current_mixture,0.1,10,1e-12,width,0.0,6,margin_hat_min,0.1120109036564827,,299.908
pb_cnn_41,sweep_all,Paired-Biases,CNN,synthetic,dist,200,current_mixture,0.1,10,1e-12,width,0.0,6,d_eff,246.4283793852712,,299.908
pb_cnn_41,sweep_all,Paired-Biases,CNN,synthetic,dist,200,current_mixture,0.1,10,1e-12,width,0.0,6,g_ibp,17.15896075567188,,0.028
pb_cnn_41,sweep_all,Paired-Biases,CNN,synthetic,dist,200,current_mixture,0.1,10,1e-12,width,0.0,7,margin_hat_min,0.11216346174478531,,299.938
pb_cnn_41,sweep_all,Paired-Biases,CNN,synthetic,dist,200,current_mixture,0.1,10,1e-12,width,0.0,7,d_eff,245.7929459359971,,299.938
pb_cnn_41,sweep_all,Paired-Biases,CNN,synthetic,dist,200,current_mixture,0.1,10,1e-12,width,0.0,7,g_ibp,17.136982295632645,,0.008
pb_cnn_41,sweep_all,Paired-Biases,CNN,synthetic,dist,200,pgd_heavy,0.1,10,1e-12,width,0.0,0,margin_hat_min,0.11219105124473572,,332.299
pb_cnn_41,sweep_all,Paired-Biases,CNN,synthetic,dist,200,pgd_heavy,0.1,10,1e-12,width,0.0,0,d_eff,242.30106133420313,,332.299
pb_cnn_41,sweep_all,Paired-Biases,CNN,synthetic,dist,200,pgd_heavy,0.1,10,1e-12,width,0.0,0,g_ibp,17.133013964225622,,0.003
pb_cnn_41,sweep_all,Paired-Biases,CNN,synthetic,dist,200,pgd_heavy,0.1,10,1e-12,width,0.0,1,margin_hat_min,0.11209513247013092,,299.963
pb_cnn_41,sweep_all,Paired-Biases,CNN,synthetic,dist,200,pgd_heavy,0.1,10,1e-12,width,0.0,1,d_eff,241.62377014391274,,299.963
pb_cnn_41,sweep_all,Paired-Biases,CNN,synthetic,dist,200,pgd_heavy,0.1,10,1e-12,width,0.0,1,g_ibp,17.146818835998527,,0.003
pb_cnn_41,sweep_all,Paired-Biases,CNN,synthetic,dist,200,pgd_heavy,0.1,10,1e-12,width,0.0,2,margin_hat_min,0.112175852060318,,299.949
pb_cnn_41,sweep_all,Paired-Biases,CNN,synthetic,dist,200,pgd_heavy,0.1,10,1e-12,width,0.0,2,d_eff,243.2895251228423,,299.949
pb_cnn_41,sweep_all,Paired-Biases,CNN,synthetic,dist,200,pgd_heavy,0.1,10,1e-12,width,0.0,2,g_ibp,17.135199895065018,,0.003
pb_cnn_41,sweep_all,Paired-Biases,CNN,synthetic,dist,200,pgd_heavy,0.1,10,1e-12,width,0.0,3,margin_hat_min,0.11218386888504028,,299.923
pb_cnn_41,sweep_all,Paired-Biases,CNN,synthetic,dist,200,pgd_heavy,0.1,10,1e-12,width,0.0,3,d_eff,242.15143814373832,,299.923
pb_cnn_41,sweep_all,Paired-Biases,CNN,synthetic,dist,200,pgd_heavy,0.1,10,1e-12,width,0.0,3,g_ibp,17.1340468498839,,0.003
pb_cnn_41,sweep_all,Paired-Biases,CNN,synthetic,dist,200,pgd_heavy,0.1,10,1e-12,width,0.0,4,margin_hat_min,0.11222747713327408,,299.989
pb_cnn_41,sweep_all,Paired-Biases,CNN,synthetic,dist,200,pgd_heavy,0.1,10,1e-12,width,0.0,4,d_eff,241.05050319430978,,299.989
pb_cnn_41,sweep_all,Paired-Biases,CNN,synthetic,dist,200,pgd_heavy,0.1,10,1e-12,width,0.0,4,g_ibp,17.127777640791695,,0.003
pb_cnn_41,sweep_all,Paired-Biases,CNN,synthetic,dist,200,pgd_heavy,0.1,10,1e-12,width,0.0,5,margin_hat_min,0.11214976757764816,,299.82
pb_cnn_41,sweep_all,Paired-Biases,CNN,synthetic,dist,200,pgd_heavy,0.1,10,1e-12,width,0.0,5,d_eff,241.91147873132803,,299.82
pb_cnn_41,sweep_all,Paired-Biases,CNN,synthetic,dist,200,pgd_heavy,0.1,10,1e-12,width,0.0,5,g_ibp,17.138952719088856,,0.005
pb_cnn_41,sweep_all,Paired-Biases,CNN,synthetic,dist,200,pgd_heavy,0.1,10,1e-12,width,0.0,6,margin_hat_min,0.11213971674442291,,299.927
pb_cnn_41,sweep_all,Paired-Biases,CNN,synthetic,dist,200,pgd_heavy,0.1,10,1e-12,width,0.0,6,d_eff,241.54017062355823,,299.927
pb_cnn_41,sweep_all,Paired-Biases,CNN,synthetic,dist,200,pgd_heavy,0.1,10,1e-12,width,0.0,6,g_ibp,17.140399217500992,,0.004
pb_cnn_41,sweep_all,Paired-Biases,CNN,synthetic,dist,200,pgd_heavy,0.1,10,1e-12,width,0.0,7,margin_hat_min,0.11210516840219498,,299.896
pb_cnn_41,sweep_all,Paired-Biases,CNN,synthetic,dist,200,pgd_heavy,0.1,10,1e-12,width,0.0,7,d_eff,241.58512808152648,,299.896
pb_cnn_41,sweep_all,Paired-Biases,CNN,synthetic,dist,200,pgd_heavy,0.1,10,1e-12,width,0.0,7,g_ibp,17.145373332823276,,0.004
poly11_deg18_b,polynomial_stress_22,Polynomial Net,POLYNOMIAL,synthetic,dist,200,uniform_only,0.1,10,1e-12,width,0.0,0,margin_hat_min,,no_committed_onnx,0.0
poly11_deg18_b,polynomial_stress_22,Polynomial Net,POLYNOMIAL,synthetic,dist,200,uniform_only,0.1,10,1e-12,width,0.0,0,d_eff,,no_committed_onnx,0.0
poly11_deg18_b,polynomial_stress_22,Polynomial Net,POLYNOMIAL,synthetic,dist,200,uniform_only,0.1,10,1e-12,width,0.0,0,g_ibp,,no_committed_onnx,0.0
poly11_deg18_b,polynomial_stress_22,Polynomial Net,POLYNOMIAL,synthetic,dist,200,uniform_only,0.1,10,1e-12,width,0.0,1,margin_hat_min,,no_committed_onnx,0.0
poly11_deg18_b,polynomial_stress_22,Polynomial Net,POLYNOMIAL,synthetic,dist,200,uniform_only,0.1,10,1e-12,width,0.0,1,d_eff,,no_committed_onnx,0.0
poly11_deg18_b,polynomial_stress_22,Polynomial Net,POLYNOMIAL,synthetic,dist,200,uniform_only,0.1,10,1e-12,width,0.0,1,g_ibp,,no_committed_onnx,0.0
poly11_deg18_b,polynomial_stress_22,Polynomial Net,POLYNOMIAL,synthetic,dist,200,uniform_only,0.1,10,1e-12,width,0.0,2,margin_hat_min,,no_committed_onnx,0.0
poly11_deg18_b,polynomial_stress_22,Polynomial Net,POLYNOMIAL,synthetic,dist,200,uniform_only,0.1,10,1e-12,width,0.0,2,d_eff,,no_committed_onnx,0.0
poly11_deg18_b,polynomial_stress_22,Polynomial Net,POLYNOMIAL,synthetic,dist,200,uniform_only,0.1,10,1e-12,width,0.0,2,g_ibp,,no_committed_onnx,0.0
poly11_deg18_b,polynomial_stress_22,Polynomial Net,POLYNOMIAL,synthetic,dist,200,uniform_only,0.1,10,1e-12,width,0.0,3,margin_hat_min,,no_committed_onnx,0.0
poly11_deg18_b,polynomial_stress_22,Polynomial Net,POLYNOMIAL,synthetic,dist,200,uniform_only,0.1,10,1e-12,width,0.0,3,d_eff,,no_committed_onnx,0.0
poly11_deg18_b,polynomial_stress_22,Polynomial Net,POLYNOMIAL,synthetic,dist,200,uniform_only,0.1,10,1e-12,width,0.0,3,g_ibp,,no_committed_onnx,0.0
poly11_deg18_b,polynomial_stress_22,Polynomial Net,POLYNOMIAL,synthetic,dist,200,uniform_only,0.1,10,1e-12,width,0.0,4,margin_hat_min,,no_committed_onnx,0.0
poly11_deg18_b,polynomial_stress_22,Polynomial Net,POLYNOMIAL,synthetic,dist,200,uniform_only,0.1,10,1e-12,width,0.0,4,d_eff,,no_committed_onnx,0.0
poly11_deg18_b,polynomial_stress_22,Polynomial Net,POLYNOMIAL,synthetic,dist,200,uniform_only,0.1,10,1e-12,width,0.0,4,g_ibp,,no_committed_onnx,0.0
poly11_deg18_b,polynomial_stress_22,Polynomial Net,POLYNOMIAL,synthetic,dist,200,uniform_only,0.1,10,1e-12,width,0.0,5,margin_hat_min,,no_committed_onnx,0.0
poly11_deg18_b,polynomial_stress_22,Polynomial Net,POLYNOMIAL,synthetic,dist,200,uniform_only,0.1,10,1e-12,width,0.0,5,d_eff,,no_committed_onnx,0.0
poly11_deg18_b,polynomial_stress_22,Polynomial Net,POLYNOMIAL,synthetic,dist,200,uniform_only,0.1,10,1e-12,width,0.0,5,g_ibp,,no_committed_onnx,0.0
poly11_deg18_b,polynomial_stress_22,Polynomial Net,POLYNOMIAL,synthetic,dist,200,uniform_only,0.1,10,1e-12,width,0.0,6,margin_hat_min,,no_committed_onnx,0.0
poly11_deg18_b,polynomial_stress_22,Polynomial Net,POLYNOMIAL,synthetic,dist,200,uniform_only,0.1,10,1e-12,width,0.0,6,d_eff,,no_committed_onnx,0.0
poly11_deg18_b,polynomial_stress_22,Polynomial Net,POLYNOMIAL,synthetic,dist,200,uniform_only,0.1,10,1e-12,width,0.0,6,g_ibp,,no_committed_onnx,0.0
poly11_deg18_b,polynomial_stress_22,Polynomial Net,POLYNOMIAL,synthetic,dist,200,uniform_only,0.1,10,1e-12,width,0.0,7,margin_hat_min,,no_committed_onnx,0.0
poly11_deg18_b,polynomial_stress_22,Polynomial Net,POLYNOMIAL,synthetic,dist,200,uniform_only,0.1,10,1e-12,width,0.0,7,d_eff,,no_committed_onnx,0.0
poly11_deg18_b,polynomial_stress_22,Polynomial Net,POLYNOMIAL,synthetic,dist,200,uniform_only,0.1,10,1e-12,width,0.0,7,g_ibp,,no_committed_onnx,0.0
poly11_deg18_b,polynomial_stress_22,Polynomial Net,POLYNOMIAL,synthetic,dist,200,boundary_only,0.1,10,1e-12,width,0.0,0,margin_hat_min,,no_committed_onnx,0.0
poly11_deg18_b,polynomial_stress_22,Polynomial Net,POLYNOMIAL,synthetic,dist,200,boundary_only,0.1,10,1e-12,width,0.0,0,d_eff,,no_committed_onnx,0.0
poly11_deg18_b,polynomial_stress_22,Polynomial Net,POLYNOMIAL,synthetic,dist,200,boundary_only,0.1,10,1e-12,width,0.0,0,g_ibp,,no_committed_onnx,0.0
poly11_deg18_b,polynomial_stress_22,Polynomial Net,POLYNOMIAL,synthetic,dist,200,boundary_only,0.1,10,1e-12,width,0.0,1,margin_hat_min,,no_committed_onnx,0.0
poly11_deg18_b,polynomial_stress_22,Polynomial Net,POLYNOMIAL,synthetic,dist,200,boundary_only,0.1,10,1e-12,width,0.0,1,d_eff,,no_committed_onnx,0.0
poly11_deg18_b,polynomial_stress_22,Polynomial Net,POLYNOMIAL,synthetic,dist,200,boundary_only,0.1,10,1e-12,width,0.0,1,g_ibp,,no_committed_onnx,0.0
poly11_deg18_b,polynomial_stress_22,Polynomial Net,POLYNOMIAL,synthetic,dist,200,boundary_only,0.1,10,1e-12,width,0.0,2,margin_hat_min,,no_committed_onnx,0.0
poly11_deg18_b,polynomial_stress_22,Polynomial Net,POLYNOMIAL,synthetic,dist,200,boundary_only,0.1,10,1e-12,width,0.0,2,d_eff,,no_committed_onnx,0.0
poly11_deg18_b,polynomial_stress_22,Polynomial Net,POLYNOMIAL,synthetic,dist,200,boundary_only,0.1,10,1e-12,width,0.0,2,g_ibp,,no_committed_onnx,0.0
poly11_deg18_b,polynomial_stress_22,Polynomial Net,POLYNOMIAL,synthetic,dist,200,boundary_only,0.1,10,1e-12,width,0.0,3,margin_hat_min,,no_committed_onnx,0.0
poly11_deg18_b,polynomial_stress_22,Polynomial Net,POLYNOMIAL,synthetic,dist,200,boundary_only,0.1,10,1e-12,width,0.0,3,d_eff,,no_committed_onnx,0.0
poly11_deg18_b,polynomial_stress_22,Polynomial Net,POLYNOMIAL,synthetic,dist,200,boundary_only,0.1,10,1e-12,width,0.0,3,g_ibp,,no_committed_onnx,0.0
poly11_deg18_b,polynomial_stress_22,Polynomial Net,POLYNOMIAL,synthetic,dist,200,boundary_only,0.1,10,1e-12,width,0.0,4,margin_hat_min,,no_committed_onnx,0.0
poly11_deg18_b,polynomial_stress_22,Polynomial Net,POLYNOMIAL,synthetic,dist,200,boundary_only,0.1,10,1e-12,width,0.0,4,d_eff,,no_committed_onnx,0.0
poly11_deg18_b,polynomial_stress_22,Polynomial Net,POLYNOMIAL,synthetic,dist,200,boundary_only,0.1,10,1e-12,width,0.0,4,g_ibp,,no_committed_onnx,0.0
poly11_deg18_b,polynomial_stress_22,Polynomial Net,POLYNOMIAL,synthetic,dist,200,boundary_only,0.1,10,1e-12,width,0.0,5,margin_hat_min,,no_committed_onnx,0.0
poly11_deg18_b,polynomial_stress_22,Polynomial Net,POLYNOMIAL,synthetic,dist,200,boundary_only,0.1,10,1e-12,width,0.0,5,d_eff,,no_committed_onnx,0.0
poly11_deg18_b,polynomial_stress_22,Polynomial Net,POLYNOMIAL,synthetic,dist,200,boundary_only,0.1,10,1e-12,width,0.0,5,g_ibp,,no_committed_onnx,0.0
poly11_deg18_b,polynomial_stress_22,Polynomial Net,POLYNOMIAL,synthetic,dist,200,boundary_only,0.1,10,1e-12,width,0.0,6,margin_hat_min,,no_committed_onnx,0.0
poly11_deg18_b,polynomial_stress_22,Polynomial Net,POLYNOMIAL,synthetic,dist,200,boundary_only,0.1,10,1e-12,width,0.0,6,d_eff,,no_committed_onnx,0.0
poly11_deg18_b,polynomial_stress_22,Polynomial Net,POLYNOMIAL,synthetic,dist,200,boundary_only,0.1,10,1e-12,width,0.0,6,g_ibp,,no_committed_onnx,0.0
poly11_deg18_b,polynomial_stress_22,Polynomial Net,POLYNOMIAL,synthetic,dist,200,boundary_only,0.1,10,1e-12,width,0.0,7,margin_hat_min,,no_committed_onnx,0.0
poly11_deg18_b,polynomial_stress_22,Polynomial Net,POLYNOMIAL,synthetic,dist,200,boundary_only,0.1,10,1e-12,width,0.0,7,d_eff,,no_committed_onnx,0.0
poly11_deg18_b,polynomial_stress_22,Polynomial Net,POLYNOMIAL,synthetic,dist,200,boundary_only,0.1,10,1e-12,width,0.0,7,g_ibp,,no_committed_onnx,0.0
poly11_deg18_b,polynomial_stress_22,Polynomial Net,POLYNOMIAL,synthetic,dist,200,current_mixture,0.1,10,1e-12,width,0.0,0,margin_hat_min,,no_committed_onnx,0.0
poly11_deg18_b,polynomial_stress_22,Polynomial Net,POLYNOMIAL,synthetic,dist,200,current_mixture,0.1,10,1e-12,width,0.0,0,d_eff,,no_committed_onnx,0.0
poly11_deg18_b,polynomial_stress_22,Polynomial Net,POLYNOMIAL,synthetic,dist,200,current_mixture,0.1,10,1e-12,width,0.0,0,g_ibp,,no_committed_onnx,0.0
poly11_deg18_b,polynomial_stress_22,Polynomial Net,POLYNOMIAL,synthetic,dist,200,current_mixture,0.1,10,1e-12,width,0.0,1,margin_hat_min,,no_committed_onnx,0.0
poly11_deg18_b,polynomial_stress_22,Polynomial Net,POLYNOMIAL,synthetic,dist,200,current_mixture,0.1,10,1e-12,width,0.0,1,d_eff,,no_committed_onnx,0.0
poly11_deg18_b,polynomial_stress_22,Polynomial Net,POLYNOMIAL,synthetic,dist,200,current_mixture,0.1,10,1e-12,width,0.0,1,g_ibp,,no_committed_onnx,0.0
poly11_deg18_b,polynomial_stress_22,Polynomial Net,POLYNOMIAL,synthetic,dist,200,current_mixture,0.1,10,1e-12,width,0.0,2,margin_hat_min,,no_committed_onnx,0.0
poly11_deg18_b,polynomial_stress_22,Polynomial Net,POLYNOMIAL,synthetic,dist,200,current_mixture,0.1,10,1e-12,width,0.0,2,d_eff,,no_committed_onnx,0.0
poly11_deg18_b,polynomial_stress_22,Polynomial Net,POLYNOMIAL,synthetic,dist,200,current_mixture,0.1,10,1e-12,width,0.0,2,g_ibp,,no_committed_onnx,0.0
poly11_deg18_b,polynomial_stress_22,Polynomial Net,POLYNOMIAL,synthetic,dist,200,current_mixture,0.1,10,1e-12,width,0.0,3,margin_hat_min,,no_committed_onnx,0.0
poly11_deg18_b,polynomial_stress_22,Polynomial Net,POLYNOMIAL,synthetic,dist,200,current_mixture,0.1,10,1e-12,width,0.0,3,d_eff,,no_committed_onnx,0.0
poly11_deg18_b,polynomial_stress_22,Polynomial Net,POLYNOMIAL,synthetic,dist,200,current_mixture,0.1,10,1e-12,width,0.0,3,g_ibp,,no_committed_onnx,0.0
poly11_deg18_b,polynomial_stress_22,Polynomial Net,POLYNOMIAL,synthetic,dist,200,current_mixture,0.1,10,1e-12,width,0.0,4,margin_hat_min,,no_committed_onnx,0.0
poly11_deg18_b,polynomial_stress_22,Polynomial Net,POLYNOMIAL,synthetic,dist,200,current_mixture,0.1,10,1e-12,width,0.0,4,d_eff,,no_committed_onnx,0.0
poly11_deg18_b,polynomial_stress_22,Polynomial Net,POLYNOMIAL,synthetic,dist,200,current_mixture,0.1,10,1e-12,width,0.0,4,g_ibp,,no_committed_onnx,0.0
poly11_deg18_b,polynomial_stress_22,Polynomial Net,POLYNOMIAL,synthetic,dist,200,current_mixture,0.1,10,1e-12,width,0.0,5,margin_hat_min,,no_committed_onnx,0.0
poly11_deg18_b,polynomial_stress_22,Polynomial Net,POLYNOMIAL,synthetic,dist,200,current_mixture,0.1,10,1e-12,width,0.0,5,d_eff,,no_committed_onnx,0.0
poly11_deg18_b,polynomial_stress_22,Polynomial Net,POLYNOMIAL,synthetic,dist,200,current_mixture,0.1,10,1e-12,width,0.0,5,g_ibp,,no_committed_onnx,0.0
poly11_deg18_b,polynomial_stress_22,Polynomial Net,POLYNOMIAL,synthetic,dist,200,current_mixture,0.1,10,1e-12,width,0.0,6,margin_hat_min,,no_committed_onnx,0.0
poly11_deg18_b,polynomial_stress_22,Polynomial Net,POLYNOMIAL,synthetic,dist,200,current_mixture,0.1,10,1e-12,width,0.0,6,d_eff,,no_committed_onnx,0.0
poly11_deg18_b,polynomial_stress_22,Polynomial Net,POLYNOMIAL,synthetic,dist,200,current_mixture,0.1,10,1e-12,width,0.0,6,g_ibp,,no_committed_onnx,0.0
poly11_deg18_b,polynomial_stress_22,Polynomial Net,POLYNOMIAL,synthetic,dist,200,current_mixture,0.1,10,1e-12,width,0.0,7,margin_hat_min,,no_committed_onnx,0.0
poly11_deg18_b,polynomial_stress_22,Polynomial Net,POLYNOMIAL,synthetic,dist,200,current_mixture,0.1,10,1e-12,width,0.0,7,d_eff,,no_committed_onnx,0.0
poly11_deg18_b,polynomial_stress_22,Polynomial Net,POLYNOMIAL,synthetic,dist,200,current_mixture,0.1,10,1e-12,width,0.0,7,g_ibp,,no_committed_onnx,0.0
poly11_deg18_b,polynomial_stress_22,Polynomial Net,POLYNOMIAL,synthetic,dist,200,pgd_heavy,0.1,10,1e-12,width,0.0,0,margin_hat_min,,no_committed_onnx,0.0
poly11_deg18_b,polynomial_stress_22,Polynomial Net,POLYNOMIAL,synthetic,dist,200,pgd_heavy,0.1,10,1e-12,width,0.0,0,d_eff,,no_committed_onnx,0.0
poly11_deg18_b,polynomial_stress_22,Polynomial Net,POLYNOMIAL,synthetic,dist,200,pgd_heavy,0.1,10,1e-12,width,0.0,0,g_ibp,,no_committed_onnx,0.0
poly11_deg18_b,polynomial_stress_22,Polynomial Net,POLYNOMIAL,synthetic,dist,200,pgd_heavy,0.1,10,1e-12,width,0.0,1,margin_hat_min,,no_committed_onnx,0.0
poly11_deg18_b,polynomial_stress_22,Polynomial Net,POLYNOMIAL,synthetic,dist,200,pgd_heavy,0.1,10,1e-12,width,0.0,1,d_eff,,no_committed_onnx,0.0
poly11_deg18_b,polynomial_stress_22,Polynomial Net,POLYNOMIAL,synthetic,dist,200,pgd_heavy,0.1,10,1e-12,width,0.0,1,g_ibp,,no_committed_onnx,0.0
poly11_deg18_b,polynomial_stress_22,Polynomial Net,POLYNOMIAL,synthetic,dist,200,pgd_heavy,0.1,10,1e-12,width,0.0,2,margin_hat_min,,no_committed_onnx,0.0
poly11_deg18_b,polynomial_stress_22,Polynomial Net,POLYNOMIAL,synthetic,dist,200,pgd_heavy,0.1,10,1e-12,width,0.0,2,d_eff,,no_committed_onnx,0.0
poly11_deg18_b,polynomial_stress_22,Polynomial Net,POLYNOMIAL,synthetic,dist,200,pgd_heavy,0.1,10,1e-12,width,0.0,2,g_ibp,,no_committed_onnx,0.0
poly11_deg18_b,polynomial_stress_22,Polynomial Net,POLYNOMIAL,synthetic,dist,200,pgd_heavy,0.1,10,1e-12,width,0.0,3,margin_hat_min,,no_committed_onnx,0.0
poly11_deg18_b,polynomial_stress_22,Polynomial Net,POLYNOMIAL,synthetic,dist,200,pgd_heavy,0.1,10,1e-12,width,0.0,3,d_eff,,no_committed_onnx,0.0
poly11_deg18_b,polynomial_stress_22,Polynomial Net,POLYNOMIAL,synthetic,dist,200,pgd_heavy,0.1,10,1e-12,width,0.0,3,g_ibp,,no_committed_onnx,0.0
poly11_deg18_b,polynomial_stress_22,Polynomial Net,POLYNOMIAL,synthetic,dist,200,pgd_heavy,0.1,10,1e-12,width,0.0,4,margin_hat_min,,no_committed_onnx,0.0
poly11_deg18_b,polynomial_stress_22,Polynomial Net,POLYNOMIAL,synthetic,dist,200,pgd_heavy,0.1,10,1e-12,width,0.0,4,d_eff,,no_committed_onnx,0.0
poly11_deg18_b,polynomial_stress_22,Polynomial Net,POLYNOMIAL,synthetic,dist,200,pgd_heavy,0.1,10,1e-12,width,0.0,4,g_ibp,,no_committed_onnx,0.0
poly11_deg18_b,polynomial_stress_22,Polynomial Net,POLYNOMIAL,synthetic,dist,200,pgd_heavy,0.1,10,1e-12,width,0.0,5,margin_hat_min,,no_committed_onnx,0.0
poly11_deg18_b,polynomial_stress_22,Polynomial Net,POLYNOMIAL,synthetic,dist,200,pgd_heavy,0.1,10,1e-12,width,0.0,5,d_eff,,no_committed_onnx,0.0
poly11_deg18_b,polynomial_stress_22,Polynomial Net,POLYNOMIAL,synthetic,dist,200,pgd_heavy,0.1,10,1e-12,width,0.0,5,g_ibp,,no_committed_onnx,0.0
poly11_deg18_b,polynomial_stress_22,Polynomial Net,POLYNOMIAL,synthetic,dist,200,pgd_heavy,0.1,10,1e-12,width,0.0,6,margin_hat_min,,no_committed_onnx,0.0
poly11_deg18_b,polynomial_stress_22,Polynomial Net,POLYNOMIAL,synthetic,dist,200,pgd_heavy,0.1,10,1e-12,width,0.0,6,d_eff,,no_committed_onnx,0.0
poly11_deg18_b,polynomial_stress_22,Polynomial Net,POLYNOMIAL,synthetic,dist,200,pgd_heavy,0.1,10,1e-12,width,0.0,6,g_ibp,,no_committed_onnx,0.0
poly11_deg18_b,polynomial_stress_22,Polynomial Net,POLYNOMIAL,synthetic,dist,200,pgd_heavy,0.1,10,1e-12,width,0.0,7,margin_hat_min,,no_committed_onnx,0.0
poly11_deg18_b,polynomial_stress_22,Polynomial Net,POLYNOMIAL,synthetic,dist,200,pgd_heavy,0.1,10,1e-12,width,0.0,7,d_eff,,no_committed_onnx,0.0
poly11_deg18_b,polynomial_stress_22,Polynomial Net,POLYNOMIAL,synthetic,dist,200,pgd_heavy,0.1,10,1e-12,width,0.0,7,g_ibp,,no_committed_onnx,0.0
poly13_deg19_b,polynomial_stress_22,Polynomial Net,POLYNOMIAL,synthetic,dist,200,uniform_only,0.1,10,1e-12,width,0.0,0,margin_hat_min,,no_committed_onnx,0.0
poly13_deg19_b,polynomial_stress_22,Polynomial Net,POLYNOMIAL,synthetic,dist,200,uniform_only,0.1,10,1e-12,width,0.0,0,d_eff,,no_committed_onnx,0.0
poly13_deg19_b,polynomial_stress_22,Polynomial Net,POLYNOMIAL,synthetic,dist,200,uniform_only,0.1,10,1e-12,width,0.0,0,g_ibp,,no_committed_onnx,0.0
poly13_deg19_b,polynomial_stress_22,Polynomial Net,POLYNOMIAL,synthetic,dist,200,uniform_only,0.1,10,1e-12,width,0.0,1,margin_hat_min,,no_committed_onnx,0.0
poly13_deg19_b,polynomial_stress_22,Polynomial Net,POLYNOMIAL,synthetic,dist,200,uniform_only,0.1,10,1e-12,width,0.0,1,d_eff,,no_committed_onnx,0.0
poly13_deg19_b,polynomial_stress_22,Polynomial Net,POLYNOMIAL,synthetic,dist,200,uniform_only,0.1,10,1e-12,width,0.0,1,g_ibp,,no_committed_onnx,0.0
poly13_deg19_b,polynomial_stress_22,Polynomial Net,POLYNOMIAL,synthetic,dist,200,uniform_only,0.1,10,1e-12,width,0.0,2,margin_hat_min,,no_committed_onnx,0.0
poly13_deg19_b,polynomial_stress_22,Polynomial Net,POLYNOMIAL,synthetic,dist,200,uniform_only,0.1,10,1e-12,width,0.0,2,d_eff,,no_committed_onnx,0.0
poly13_deg19_b,polynomial_stress_22,Polynomial Net,POLYNOMIAL,synthetic,dist,200,uniform_only,0.1,10,1e-12,width,0.0,2,g_ibp,,no_committed_onnx,0.0
poly13_deg19_b,polynomial_stress_22,Polynomial Net,POLYNOMIAL,synthetic,dist,200,uniform_only,0.1,10,1e-12,width,0.0,3,margin_hat_min,,no_committed_onnx,0.0
poly13_deg19_b,polynomial_stress_22,Polynomial Net,POLYNOMIAL,synthetic,dist,200,uniform_only,0.1,10,1e-12,width,0.0,3,d_eff,,no_committed_onnx,0.0
poly13_deg19_b,polynomial_stress_22,Polynomial Net,POLYNOMIAL,synthetic,dist,200,uniform_only,0.1,10,1e-12,width,0.0,3,g_ibp,,no_committed_onnx,0.0
poly13_deg19_b,polynomial_stress_22,Polynomial Net,POLYNOMIAL,synthetic,dist,200,uniform_only,0.1,10,1e-12,width,0.0,4,margin_hat_min,,no_committed_onnx,0.0
poly13_deg19_b,polynomial_stress_22,Polynomial Net,POLYNOMIAL,synthetic,dist,200,uniform_only,0.1,10,1e-12,width,0.0,4,d_eff,,no_committed_onnx,0.0
poly13_deg19_b,polynomial_stress_22,Polynomial Net,POLYNOMIAL,synthetic,dist,200,uniform_only,0.1,10,1e-12,width,0.0,4,g_ibp,,no_committed_onnx,0.0
poly13_deg19_b,polynomial_stress_22,Polynomial Net,POLYNOMIAL,synthetic,dist,200,uniform_only,0.1,10,1e-12,width,0.0,5,margin_hat_min,,no_committed_onnx,0.0
poly13_deg19_b,polynomial_stress_22,Polynomial Net,POLYNOMIAL,synthetic,dist,200,uniform_only,0.1,10,1e-12,width,0.0,5,d_eff,,no_committed_onnx,0.0
poly13_deg19_b,polynomial_stress_22,Polynomial Net,POLYNOMIAL,synthetic,dist,200,uniform_only,0.1,10,1e-12,width,0.0,5,g_ibp,,no_committed_onnx,0.0
poly13_deg19_b,polynomial_stress_22,Polynomial Net,POLYNOMIAL,synthetic,dist,200,uniform_only,0.1,10,1e-12,width,0.0,6,margin_hat_min,,no_committed_onnx,0.0
poly13_deg19_b,polynomial_stress_22,Polynomial Net,POLYNOMIAL,synthetic,dist,200,uniform_only,0.1,10,1e-12,width,0.0,6,d_eff,,no_committed_onnx,0.0
poly13_deg19_b,polynomial_stress_22,Polynomial Net,POLYNOMIAL,synthetic,dist,200,uniform_only,0.1,10,1e-12,width,0.0,6,g_ibp,,no_committed_onnx,0.0
poly13_deg19_b,polynomial_stress_22,Polynomial Net,POLYNOMIAL,synthetic,dist,200,uniform_only,0.1,10,1e-12,width,0.0,7,margin_hat_min,,no_committed_onnx,0.0
poly13_deg19_b,polynomial_stress_22,Polynomial Net,POLYNOMIAL,synthetic,dist,200,uniform_only,0.1,10,1e-12,width,0.0,7,d_eff,,no_committed_onnx,0.0
poly13_deg19_b,polynomial_stress_22,Polynomial Net,POLYNOMIAL,synthetic,dist,200,uniform_only,0.1,10,1e-12,width,0.0,7,g_ibp,,no_committed_onnx,0.0
poly13_deg19_b,polynomial_stress_22,Polynomial Net,POLYNOMIAL,synthetic,dist,200,boundary_only,0.1,10,1e-12,width,0.0,0,margin_hat_min,,no_committed_onnx,0.0
poly13_deg19_b,polynomial_stress_22,Polynomial Net,POLYNOMIAL,synthetic,dist,200,boundary_only,0.1,10,1e-12,width,0.0,0,d_eff,,no_committed_onnx,0.0
poly13_deg19_b,polynomial_stress_22,Polynomial Net,POLYNOMIAL,synthetic,dist,200,boundary_only,0.1,10,1e-12,width,0.0,0,g_ibp,,no_committed_onnx,0.0
poly13_deg19_b,polynomial_stress_22,Polynomial Net,POLYNOMIAL,synthetic,dist,200,boundary_only,0.1,10,1e-12,width,0.0,1,margin_hat_min,,no_committed_onnx,0.0
poly13_deg19_b,polynomial_stress_22,Polynomial Net,POLYNOMIAL,synthetic,dist,200,boundary_only,0.1,10,1e-12,width,0.0,1,d_eff,,no_committed_onnx,0.0
poly13_deg19_b,polynomial_stress_22,Polynomial Net,POLYNOMIAL,synthetic,dist,200,boundary_only,0.1,10,1e-12,width,0.0,1,g_ibp,,no_committed_onnx,0.0
poly13_deg19_b,polynomial_stress_22,Polynomial Net,POLYNOMIAL,synthetic,dist,200,boundary_only,0.1,10,1e-12,width,0.0,2,margin_hat_min,,no_committed_onnx,0.0
poly13_deg19_b,polynomial_stress_22,Polynomial Net,POLYNOMIAL,synthetic,dist,200,boundary_only,0.1,10,1e-12,width,0.0,2,d_eff,,no_committed_onnx,0.0
poly13_deg19_b,polynomial_stress_22,Polynomial Net,POLYNOMIAL,synthetic,dist,200,boundary_only,0.1,10,1e-12,width,0.0,2,g_ibp,,no_committed_onnx,0.0
poly13_deg19_b,polynomial_stress_22,Polynomial Net,POLYNOMIAL,synthetic,dist,200,boundary_only,0.1,10,1e-12,width,0.0,3,margin_hat_min,,no_committed_onnx,0.0
poly13_deg19_b,polynomial_stress_22,Polynomial Net,POLYNOMIAL,synthetic,dist,200,boundary_only,0.1,10,1e-12,width,0.0,3,d_eff,,no_committed_onnx,0.0
poly13_deg19_b,polynomial_stress_22,Polynomial Net,POLYNOMIAL,synthetic,dist,200,boundary_only,0.1,10,1e-12,width,0.0,3,g_ibp,,no_committed_onnx,0.0
poly13_deg19_b,polynomial_stress_22,Polynomial Net,POLYNOMIAL,synthetic,dist,200,boundary_only,0.1,10,1e-12,width,0.0,4,margin_hat_min,,no_committed_onnx,0.0
poly13_deg19_b,polynomial_stress_22,Polynomial Net,POLYNOMIAL,synthetic,dist,200,boundary_only,0.1,10,1e-12,width,0.0,4,d_eff,,no_committed_onnx,0.0
poly13_deg19_b,polynomial_stress_22,Polynomial Net,POLYNOMIAL,synthetic,dist,200,boundary_only,0.1,10,1e-12,width,0.0,4,g_ibp,,no_committed_onnx,0.0
poly13_deg19_b,polynomial_stress_22,Polynomial Net,POLYNOMIAL,synthetic,dist,200,boundary_only,0.1,10,1e-12,width,0.0,5,margin_hat_min,,no_committed_onnx,0.0
poly13_deg19_b,polynomial_stress_22,Polynomial Net,POLYNOMIAL,synthetic,dist,200,boundary_only,0.1,10,1e-12,width,0.0,5,d_eff,,no_committed_onnx,0.0
poly13_deg19_b,polynomial_stress_22,Polynomial Net,POLYNOMIAL,synthetic,dist,200,boundary_only,0.1,10,1e-12,width,0.0,5,g_ibp,,no_committed_onnx,0.0
poly13_deg19_b,polynomial_stress_22,Polynomial Net,POLYNOMIAL,synthetic,dist,200,boundary_only,0.1,10,1e-12,width,0.0,6,margin_hat_min,,no_committed_onnx,0.0
poly13_deg19_b,polynomial_stress_22,Polynomial Net,POLYNOMIAL,synthetic,dist,200,boundary_only,0.1,10,1e-12,width,0.0,6,d_eff,,no_committed_onnx,0.0
poly13_deg19_b,polynomial_stress_22,Polynomial Net,POLYNOMIAL,synthetic,dist,200,boundary_only,0.1,10,1e-12,width,0.0,6,g_ibp,,no_committed_onnx,0.0
poly13_deg19_b,polynomial_stress_22,Polynomial Net,POLYNOMIAL,synthetic,dist,200,boundary_only,0.1,10,1e-12,width,0.0,7,margin_hat_min,,no_committed_onnx,0.0
poly13_deg19_b,polynomial_stress_22,Polynomial Net,POLYNOMIAL,synthetic,dist,200,boundary_only,0.1,10,1e-12,width,0.0,7,d_eff,,no_committed_onnx,0.0
poly13_deg19_b,polynomial_stress_22,Polynomial Net,POLYNOMIAL,synthetic,dist,200,boundary_only,0.1,10,1e-12,width,0.0,7,g_ibp,,no_committed_onnx,0.0
poly13_deg19_b,polynomial_stress_22,Polynomial Net,POLYNOMIAL,synthetic,dist,200,current_mixture,0.1,10,1e-12,width,0.0,0,margin_hat_min,,no_committed_onnx,0.0
poly13_deg19_b,polynomial_stress_22,Polynomial Net,POLYNOMIAL,synthetic,dist,200,current_mixture,0.1,10,1e-12,width,0.0,0,d_eff,,no_committed_onnx,0.0
poly13_deg19_b,polynomial_stress_22,Polynomial Net,POLYNOMIAL,synthetic,dist,200,current_mixture,0.1,10,1e-12,width,0.0,0,g_ibp,,no_committed_onnx,0.0
poly13_deg19_b,polynomial_stress_22,Polynomial Net,POLYNOMIAL,synthetic,dist,200,current_mixture,0.1,10,1e-12,width,0.0,1,margin_hat_min,,no_committed_onnx,0.0
poly13_deg19_b,polynomial_stress_22,Polynomial Net,POLYNOMIAL,synthetic,dist,200,current_mixture,0.1,10,1e-12,width,0.0,1,d_eff,,no_committed_onnx,0.0
poly13_deg19_b,polynomial_stress_22,Polynomial Net,POLYNOMIAL,synthetic,dist,200,current_mixture,0.1,10,1e-12,width,0.0,1,g_ibp,,no_committed_onnx,0.0
poly13_deg19_b,polynomial_stress_22,Polynomial Net,POLYNOMIAL,synthetic,dist,200,current_mixture,0.1,10,1e-12,width,0.0,2,margin_hat_min,,no_committed_onnx,0.0
poly13_deg19_b,polynomial_stress_22,Polynomial Net,POLYNOMIAL,synthetic,dist,200,current_mixture,0.1,10,1e-12,width,0.0,2,d_eff,,no_committed_onnx,0.0
poly13_deg19_b,polynomial_stress_22,Polynomial Net,POLYNOMIAL,synthetic,dist,200,current_mixture,0.1,10,1e-12,width,0.0,2,g_ibp,,no_committed_onnx,0.0
poly13_deg19_b,polynomial_stress_22,Polynomial Net,POLYNOMIAL,synthetic,dist,200,current_mixture,0.1,10,1e-12,width,0.0,3,margin_hat_min,,no_committed_onnx,0.0
poly13_deg19_b,polynomial_stress_22,Polynomial Net,POLYNOMIAL,synthetic,dist,200,current_mixture,0.1,10,1e-12,width,0.0,3,d_eff,,no_committed_onnx,0.0
poly13_deg19_b,polynomial_stress_22,Polynomial Net,POLYNOMIAL,synthetic,dist,200,current_mixture,0.1,10,1e-12,width,0.0,3,g_ibp,,no_committed_onnx,0.0
poly13_deg19_b,polynomial_stress_22,Polynomial Net,POLYNOMIAL,synthetic,dist,200,current_mixture,0.1,10,1e-12,width,0.0,4,margin_hat_min,,no_committed_onnx,0.0
poly13_deg19_b,polynomial_stress_22,Polynomial Net,POLYNOMIAL,synthetic,dist,200,current_mixture,0.1,10,1e-12,width,0.0,4,d_eff,,no_committed_onnx,0.0
poly13_deg19_b,polynomial_stress_22,Polynomial Net,POLYNOMIAL,synthetic,dist,200,current_mixture,0.1,10,1e-12,width,0.0,4,g_ibp,,no_committed_onnx,0.0
poly13_deg19_b,polynomial_stress_22,Polynomial Net,POLYNOMIAL,synthetic,dist,200,current_mixture,0.1,10,1e-12,width,0.0,5,margin_hat_min,,no_committed_onnx,0.0
poly13_deg19_b,polynomial_stress_22,Polynomial Net,POLYNOMIAL,synthetic,dist,200,current_mixture,0.1,10,1e-12,width,0.0,5,d_eff,,no_committed_onnx,0.0
poly13_deg19_b,polynomial_stress_22,Polynomial Net,POLYNOMIAL,synthetic,dist,200,current_mixture,0.1,10,1e-12,width,0.0,5,g_ibp,,no_committed_onnx,0.0
poly13_deg19_b,polynomial_stress_22,Polynomial Net,POLYNOMIAL,synthetic,dist,200,current_mixture,0.1,10,1e-12,width,0.0,6,margin_hat_min,,no_committed_onnx,0.0
poly13_deg19_b,polynomial_stress_22,Polynomial Net,POLYNOMIAL,synthetic,dist,200,current_mixture,0.1,10,1e-12,width,0.0,6,d_eff,,no_committed_onnx,0.0
poly13_deg19_b,polynomial_stress_22,Polynomial Net,POLYNOMIAL,synthetic,dist,200,current_mixture,0.1,10,1e-12,width,0.0,6,g_ibp,,no_committed_onnx,0.0
poly13_deg19_b,polynomial_stress_22,Polynomial Net,POLYNOMIAL,synthetic,dist,200,current_mixture,0.1,10,1e-12,width,0.0,7,margin_hat_min,,no_committed_onnx,0.0
poly13_deg19_b,polynomial_stress_22,Polynomial Net,POLYNOMIAL,synthetic,dist,200,current_mixture,0.1,10,1e-12,width,0.0,7,d_eff,,no_committed_onnx,0.0
poly13_deg19_b,polynomial_stress_22,Polynomial Net,POLYNOMIAL,synthetic,dist,200,current_mixture,0.1,10,1e-12,width,0.0,7,g_ibp,,no_committed_onnx,0.0
poly13_deg19_b,polynomial_stress_22,Polynomial Net,POLYNOMIAL,synthetic,dist,200,pgd_heavy,0.1,10,1e-12,width,0.0,0,margin_hat_min,,no_committed_onnx,0.0
poly13_deg19_b,polynomial_stress_22,Polynomial Net,POLYNOMIAL,synthetic,dist,200,pgd_heavy,0.1,10,1e-12,width,0.0,0,d_eff,,no_committed_onnx,0.0
poly13_deg19_b,polynomial_stress_22,Polynomial Net,POLYNOMIAL,synthetic,dist,200,pgd_heavy,0.1,10,1e-12,width,0.0,0,g_ibp,,no_committed_onnx,0.0
poly13_deg19_b,polynomial_stress_22,Polynomial Net,POLYNOMIAL,synthetic,dist,200,pgd_heavy,0.1,10,1e-12,width,0.0,1,margin_hat_min,,no_committed_onnx,0.0
poly13_deg19_b,polynomial_stress_22,Polynomial Net,POLYNOMIAL,synthetic,dist,200,pgd_heavy,0.1,10,1e-12,width,0.0,1,d_eff,,no_committed_onnx,0.0
poly13_deg19_b,polynomial_stress_22,Polynomial Net,POLYNOMIAL,synthetic,dist,200,pgd_heavy,0.1,10,1e-12,width,0.0,1,g_ibp,,no_committed_onnx,0.0
poly13_deg19_b,polynomial_stress_22,Polynomial Net,POLYNOMIAL,synthetic,dist,200,pgd_heavy,0.1,10,1e-12,width,0.0,2,margin_hat_min,,no_committed_onnx,0.0
poly13_deg19_b,polynomial_stress_22,Polynomial Net,POLYNOMIAL,synthetic,dist,200,pgd_heavy,0.1,10,1e-12,width,0.0,2,d_eff,,no_committed_onnx,0.0
poly13_deg19_b,polynomial_stress_22,Polynomial Net,POLYNOMIAL,synthetic,dist,200,pgd_heavy,0.1,10,1e-12,width,0.0,2,g_ibp,,no_committed_onnx,0.0
poly13_deg19_b,polynomial_stress_22,Polynomial Net,POLYNOMIAL,synthetic,dist,200,pgd_heavy,0.1,10,1e-12,width,0.0,3,margin_hat_min,,no_committed_onnx,0.0
poly13_deg19_b,polynomial_stress_22,Polynomial Net,POLYNOMIAL,synthetic,dist,200,pgd_heavy,0.1,10,1e-12,width,0.0,3,d_eff,,no_committed_onnx,0.0
poly13_deg19_b,polynomial_stress_22,Polynomial Net,POLYNOMIAL,synthetic,dist,200,pgd_heavy,0.1,10,1e-12,width,0.0,3,g_ibp,,no_committed_onnx,0.0
poly13_deg19_b,polynomial_stress_22,Polynomial Net,POLYNOMIAL,synthetic,dist,200,pgd_heavy,0.1,10,1e-12,width,0.0,4,margin_hat_min,,no_committed_onnx,0.0
poly13_deg19_b,polynomial_stress_22,Polynomial Net,POLYNOMIAL,synthetic,dist,200,pgd_heavy,0.1,10,1e-12,width,0.0,4,d_eff,,no_committed_onnx,0.0
poly13_deg19_b,polynomial_stress_22,Polynomial Net,POLYNOMIAL,synthetic,dist,200,pgd_heavy,0.1,10,1e-12,width,0.0,4,g_ibp,,no_committed_onnx,0.0
poly13_deg19_b,polynomial_stress_22,Polynomial Net,POLYNOMIAL,synthetic,dist,200,pgd_heavy,0.1,10,1e-12,width,0.0,5,margin_hat_min,,no_committed_onnx,0.0
poly13_deg19_b,polynomial_stress_22,Polynomial Net,POLYNOMIAL,synthetic,dist,200,pgd_heavy,0.1,10,1e-12,width,0.0,5,d_eff,,no_committed_onnx,0.0
poly13_deg19_b,polynomial_stress_22,Polynomial Net,POLYNOMIAL,synthetic,dist,200,pgd_heavy,0.1,10,1e-12,width,0.0,5,g_ibp,,no_committed_onnx,0.0
poly13_deg19_b,polynomial_stress_22,Polynomial Net,POLYNOMIAL,synthetic,dist,200,pgd_heavy,0.1,10,1e-12,width,0.0,6,margin_hat_min,,no_committed_onnx,0.0
poly13_deg19_b,polynomial_stress_22,Polynomial Net,POLYNOMIAL,synthetic,dist,200,pgd_heavy,0.1,10,1e-12,width,0.0,6,d_eff,,no_committed_onnx,0.0
poly13_deg19_b,polynomial_stress_22,Polynomial Net,POLYNOMIAL,synthetic,dist,200,pgd_heavy,0.1,10,1e-12,width,0.0,6,g_ibp,,no_committed_onnx,0.0
poly13_deg19_b,polynomial_stress_22,Polynomial Net,POLYNOMIAL,synthetic,dist,200,pgd_heavy,0.1,10,1e-12,width,0.0,7,margin_hat_min,,no_committed_onnx,0.0
poly13_deg19_b,polynomial_stress_22,Polynomial Net,POLYNOMIAL,synthetic,dist,200,pgd_heavy,0.1,10,1e-12,width,0.0,7,d_eff,,no_committed_onnx,0.0
poly13_deg19_b,polynomial_stress_22,Polynomial Net,POLYNOMIAL,synthetic,dist,200,pgd_heavy,0.1,10,1e-12,width,0.0,7,g_ibp,,no_committed_onnx,0.0
poly12_deg19_a,polynomial_stress_22,Polynomial Net,POLYNOMIAL,synthetic,dist,200,uniform_only,0.1,10,1e-12,width,0.0,0,margin_hat_min,,no_committed_onnx,0.0
poly12_deg19_a,polynomial_stress_22,Polynomial Net,POLYNOMIAL,synthetic,dist,200,uniform_only,0.1,10,1e-12,width,0.0,0,d_eff,,no_committed_onnx,0.0
poly12_deg19_a,polynomial_stress_22,Polynomial Net,POLYNOMIAL,synthetic,dist,200,uniform_only,0.1,10,1e-12,width,0.0,0,g_ibp,,no_committed_onnx,0.0
poly12_deg19_a,polynomial_stress_22,Polynomial Net,POLYNOMIAL,synthetic,dist,200,uniform_only,0.1,10,1e-12,width,0.0,1,margin_hat_min,,no_committed_onnx,0.0
poly12_deg19_a,polynomial_stress_22,Polynomial Net,POLYNOMIAL,synthetic,dist,200,uniform_only,0.1,10,1e-12,width,0.0,1,d_eff,,no_committed_onnx,0.0
poly12_deg19_a,polynomial_stress_22,Polynomial Net,POLYNOMIAL,synthetic,dist,200,uniform_only,0.1,10,1e-12,width,0.0,1,g_ibp,,no_committed_onnx,0.0
poly12_deg19_a,polynomial_stress_22,Polynomial Net,POLYNOMIAL,synthetic,dist,200,uniform_only,0.1,10,1e-12,width,0.0,2,margin_hat_min,,no_committed_onnx,0.0
poly12_deg19_a,polynomial_stress_22,Polynomial Net,POLYNOMIAL,synthetic,dist,200,uniform_only,0.1,10,1e-12,width,0.0,2,d_eff,,no_committed_onnx,0.0
poly12_deg19_a,polynomial_stress_22,Polynomial Net,POLYNOMIAL,synthetic,dist,200,uniform_only,0.1,10,1e-12,width,0.0,2,g_ibp,,no_committed_onnx,0.0
poly12_deg19_a,polynomial_stress_22,Polynomial Net,POLYNOMIAL,synthetic,dist,200,uniform_only,0.1,10,1e-12,width,0.0,3,margin_hat_min,,no_committed_onnx,0.0
poly12_deg19_a,polynomial_stress_22,Polynomial Net,POLYNOMIAL,synthetic,dist,200,uniform_only,0.1,10,1e-12,width,0.0,3,d_eff,,no_committed_onnx,0.0
poly12_deg19_a,polynomial_stress_22,Polynomial Net,POLYNOMIAL,synthetic,dist,200,uniform_only,0.1,10,1e-12,width,0.0,3,g_ibp,,no_committed_onnx,0.0
poly12_deg19_a,polynomial_stress_22,Polynomial Net,POLYNOMIAL,synthetic,dist,200,uniform_only,0.1,10,1e-12,width,0.0,4,margin_hat_min,,no_committed_onnx,0.0
poly12_deg19_a,polynomial_stress_22,Polynomial Net,POLYNOMIAL,synthetic,dist,200,uniform_only,0.1,10,1e-12,width,0.0,4,d_eff,,no_committed_onnx,0.0
poly12_deg19_a,polynomial_stress_22,Polynomial Net,POLYNOMIAL,synthetic,dist,200,uniform_only,0.1,10,1e-12,width,0.0,4,g_ibp,,no_committed_onnx,0.0
poly12_deg19_a,polynomial_stress_22,Polynomial Net,POLYNOMIAL,synthetic,dist,200,uniform_only,0.1,10,1e-12,width,0.0,5,margin_hat_min,,no_committed_onnx,0.0
poly12_deg19_a,polynomial_stress_22,Polynomial Net,POLYNOMIAL,synthetic,dist,200,uniform_only,0.1,10,1e-12,width,0.0,5,d_eff,,no_committed_onnx,0.0
poly12_deg19_a,polynomial_stress_22,Polynomial Net,POLYNOMIAL,synthetic,dist,200,uniform_only,0.1,10,1e-12,width,0.0,5,g_ibp,,no_committed_onnx,0.0
poly12_deg19_a,polynomial_stress_22,Polynomial Net,POLYNOMIAL,synthetic,dist,200,uniform_only,0.1,10,1e-12,width,0.0,6,margin_hat_min,,no_committed_onnx,0.0
poly12_deg19_a,polynomial_stress_22,Polynomial Net,POLYNOMIAL,synthetic,dist,200,uniform_only,0.1,10,1e-12,width,0.0,6,d_eff,,no_committed_onnx,0.0
poly12_deg19_a,polynomial_stress_22,Polynomial Net,POLYNOMIAL,synthetic,dist,200,uniform_only,0.1,10,1e-12,width,0.0,6,g_ibp,,no_committed_onnx,0.0
poly12_deg19_a,polynomial_stress_22,Polynomial Net,POLYNOMIAL,synthetic,dist,200,uniform_only,0.1,10,1e-12,width,0.0,7,margin_hat_min,,no_committed_onnx,0.0
poly12_deg19_a,polynomial_stress_22,Polynomial Net,POLYNOMIAL,synthetic,dist,200,uniform_only,0.1,10,1e-12,width,0.0,7,d_eff,,no_committed_onnx,0.0
poly12_deg19_a,polynomial_stress_22,Polynomial Net,POLYNOMIAL,synthetic,dist,200,uniform_only,0.1,10,1e-12,width,0.0,7,g_ibp,,no_committed_onnx,0.0
poly12_deg19_a,polynomial_stress_22,Polynomial Net,POLYNOMIAL,synthetic,dist,200,boundary_only,0.1,10,1e-12,width,0.0,0,margin_hat_min,,no_committed_onnx,0.0
poly12_deg19_a,polynomial_stress_22,Polynomial Net,POLYNOMIAL,synthetic,dist,200,boundary_only,0.1,10,1e-12,width,0.0,0,d_eff,,no_committed_onnx,0.0
poly12_deg19_a,polynomial_stress_22,Polynomial Net,POLYNOMIAL,synthetic,dist,200,boundary_only,0.1,10,1e-12,width,0.0,0,g_ibp,,no_committed_onnx,0.0
poly12_deg19_a,polynomial_stress_22,Polynomial Net,POLYNOMIAL,synthetic,dist,200,boundary_only,0.1,10,1e-12,width,0.0,1,margin_hat_min,,no_committed_onnx,0.0
poly12_deg19_a,polynomial_stress_22,Polynomial Net,POLYNOMIAL,synthetic,dist,200,boundary_only,0.1,10,1e-12,width,0.0,1,d_eff,,no_committed_onnx,0.0
poly12_deg19_a,polynomial_stress_22,Polynomial Net,POLYNOMIAL,synthetic,dist,200,boundary_only,0.1,10,1e-12,width,0.0,1,g_ibp,,no_committed_onnx,0.0
poly12_deg19_a,polynomial_stress_22,Polynomial Net,POLYNOMIAL,synthetic,dist,200,boundary_only,0.1,10,1e-12,width,0.0,2,margin_hat_min,,no_committed_onnx,0.0
poly12_deg19_a,polynomial_stress_22,Polynomial Net,POLYNOMIAL,synthetic,dist,200,boundary_only,0.1,10,1e-12,width,0.0,2,d_eff,,no_committed_onnx,0.0
poly12_deg19_a,polynomial_stress_22,Polynomial Net,POLYNOMIAL,synthetic,dist,200,boundary_only,0.1,10,1e-12,width,0.0,2,g_ibp,,no_committed_onnx,0.0
poly12_deg19_a,polynomial_stress_22,Polynomial Net,POLYNOMIAL,synthetic,dist,200,boundary_only,0.1,10,1e-12,width,0.0,3,margin_hat_min,,no_committed_onnx,0.0
poly12_deg19_a,polynomial_stress_22,Polynomial Net,POLYNOMIAL,synthetic,dist,200,boundary_only,0.1,10,1e-12,width,0.0,3,d_eff,,no_committed_onnx,0.0
poly12_deg19_a,polynomial_stress_22,Polynomial Net,POLYNOMIAL,synthetic,dist,200,boundary_only,0.1,10,1e-12,width,0.0,3,g_ibp,,no_committed_onnx,0.0
poly12_deg19_a,polynomial_stress_22,Polynomial Net,POLYNOMIAL,synthetic,dist,200,boundary_only,0.1,10,1e-12,width,0.0,4,margin_hat_min,,no_committed_onnx,0.0
poly12_deg19_a,polynomial_stress_22,Polynomial Net,POLYNOMIAL,synthetic,dist,200,boundary_only,0.1,10,1e-12,width,0.0,4,d_eff,,no_committed_onnx,0.0
poly12_deg19_a,polynomial_stress_22,Polynomial Net,POLYNOMIAL,synthetic,dist,200,boundary_only,0.1,10,1e-12,width,0.0,4,g_ibp,,no_committed_onnx,0.0
poly12_deg19_a,polynomial_stress_22,Polynomial Net,POLYNOMIAL,synthetic,dist,200,boundary_only,0.1,10,1e-12,width,0.0,5,margin_hat_min,,no_committed_onnx,0.0
poly12_deg19_a,polynomial_stress_22,Polynomial Net,POLYNOMIAL,synthetic,dist,200,boundary_only,0.1,10,1e-12,width,0.0,5,d_eff,,no_committed_onnx,0.0
poly12_deg19_a,polynomial_stress_22,Polynomial Net,POLYNOMIAL,synthetic,dist,200,boundary_only,0.1,10,1e-12,width,0.0,5,g_ibp,,no_committed_onnx,0.0
poly12_deg19_a,polynomial_stress_22,Polynomial Net,POLYNOMIAL,synthetic,dist,200,boundary_only,0.1,10,1e-12,width,0.0,6,margin_hat_min,,no_committed_onnx,0.0
poly12_deg19_a,polynomial_stress_22,Polynomial Net,POLYNOMIAL,synthetic,dist,200,boundary_only,0.1,10,1e-12,width,0.0,6,d_eff,,no_committed_onnx,0.0
poly12_deg19_a,polynomial_stress_22,Polynomial Net,POLYNOMIAL,synthetic,dist,200,boundary_only,0.1,10,1e-12,width,0.0,6,g_ibp,,no_committed_onnx,0.0
poly12_deg19_a,polynomial_stress_22,Polynomial Net,POLYNOMIAL,synthetic,dist,200,boundary_only,0.1,10,1e-12,width,0.0,7,margin_hat_min,,no_committed_onnx,0.0
poly12_deg19_a,polynomial_stress_22,Polynomial Net,POLYNOMIAL,synthetic,dist,200,boundary_only,0.1,10,1e-12,width,0.0,7,d_eff,,no_committed_onnx,0.0
poly12_deg19_a,polynomial_stress_22,Polynomial Net,POLYNOMIAL,synthetic,dist,200,boundary_only,0.1,10,1e-12,width,0.0,7,g_ibp,,no_committed_onnx,0.0
poly12_deg19_a,polynomial_stress_22,Polynomial Net,POLYNOMIAL,synthetic,dist,200,current_mixture,0.1,10,1e-12,width,0.0,0,margin_hat_min,,no_committed_onnx,0.0
poly12_deg19_a,polynomial_stress_22,Polynomial Net,POLYNOMIAL,synthetic,dist,200,current_mixture,0.1,10,1e-12,width,0.0,0,d_eff,,no_committed_onnx,0.0
poly12_deg19_a,polynomial_stress_22,Polynomial Net,POLYNOMIAL,synthetic,dist,200,current_mixture,0.1,10,1e-12,width,0.0,0,g_ibp,,no_committed_onnx,0.0
poly12_deg19_a,polynomial_stress_22,Polynomial Net,POLYNOMIAL,synthetic,dist,200,current_mixture,0.1,10,1e-12,width,0.0,1,margin_hat_min,,no_committed_onnx,0.0
poly12_deg19_a,polynomial_stress_22,Polynomial Net,POLYNOMIAL,synthetic,dist,200,current_mixture,0.1,10,1e-12,width,0.0,1,d_eff,,no_committed_onnx,0.0
poly12_deg19_a,polynomial_stress_22,Polynomial Net,POLYNOMIAL,synthetic,dist,200,current_mixture,0.1,10,1e-12,width,0.0,1,g_ibp,,no_committed_onnx,0.0
poly12_deg19_a,polynomial_stress_22,Polynomial Net,POLYNOMIAL,synthetic,dist,200,current_mixture,0.1,10,1e-12,width,0.0,2,margin_hat_min,,no_committed_onnx,0.0
poly12_deg19_a,polynomial_stress_22,Polynomial Net,POLYNOMIAL,synthetic,dist,200,current_mixture,0.1,10,1e-12,width,0.0,2,d_eff,,no_committed_onnx,0.0
poly12_deg19_a,polynomial_stress_22,Polynomial Net,POLYNOMIAL,synthetic,dist,200,current_mixture,0.1,10,1e-12,width,0.0,2,g_ibp,,no_committed_onnx,0.0
poly12_deg19_a,polynomial_stress_22,Polynomial Net,POLYNOMIAL,synthetic,dist,200,current_mixture,0.1,10,1e-12,width,0.0,3,margin_hat_min,,no_committed_onnx,0.0
poly12_deg19_a,polynomial_stress_22,Polynomial Net,POLYNOMIAL,synthetic,dist,200,current_mixture,0.1,10,1e-12,width,0.0,3,d_eff,,no_committed_onnx,0.0
poly12_deg19_a,polynomial_stress_22,Polynomial Net,POLYNOMIAL,synthetic,dist,200,current_mixture,0.1,10,1e-12,width,0.0,3,g_ibp,,no_committed_onnx,0.0
poly12_deg19_a,polynomial_stress_22,Polynomial Net,POLYNOMIAL,synthetic,dist,200,current_mixture,0.1,10,1e-12,width,0.0,4,margin_hat_min,,no_committed_onnx,0.0
poly12_deg19_a,polynomial_stress_22,Polynomial Net,POLYNOMIAL,synthetic,dist,200,current_mixture,0.1,10,1e-12,width,0.0,4,d_eff,,no_committed_onnx,0.0
poly12_deg19_a,polynomial_stress_22,Polynomial Net,POLYNOMIAL,synthetic,dist,200,current_mixture,0.1,10,1e-12,width,0.0,4,g_ibp,,no_committed_onnx,0.0
poly12_deg19_a,polynomial_stress_22,Polynomial Net,POLYNOMIAL,synthetic,dist,200,current_mixture,0.1,10,1e-12,width,0.0,5,margin_hat_min,,no_committed_onnx,0.0
poly12_deg19_a,polynomial_stress_22,Polynomial Net,POLYNOMIAL,synthetic,dist,200,current_mixture,0.1,10,1e-12,width,0.0,5,d_eff,,no_committed_onnx,0.0
poly12_deg19_a,polynomial_stress_22,Polynomial Net,POLYNOMIAL,synthetic,dist,200,current_mixture,0.1,10,1e-12,width,0.0,5,g_ibp,,no_committed_onnx,0.0
poly12_deg19_a,polynomial_stress_22,Polynomial Net,POLYNOMIAL,synthetic,dist,200,current_mixture,0.1,10,1e-12,width,0.0,6,margin_hat_min,,no_committed_onnx,0.0
poly12_deg19_a,polynomial_stress_22,Polynomial Net,POLYNOMIAL,synthetic,dist,200,current_mixture,0.1,10,1e-12,width,0.0,6,d_eff,,no_committed_onnx,0.0
poly12_deg19_a,polynomial_stress_22,Polynomial Net,POLYNOMIAL,synthetic,dist,200,current_mixture,0.1,10,1e-12,width,0.0,6,g_ibp,,no_committed_onnx,0.0
poly12_deg19_a,polynomial_stress_22,Polynomial Net,POLYNOMIAL,synthetic,dist,200,current_mixture,0.1,10,1e-12,width,0.0,7,margin_hat_min,,no_committed_onnx,0.0
poly12_deg19_a,polynomial_stress_22,Polynomial Net,POLYNOMIAL,synthetic,dist,200,current_mixture,0.1,10,1e-12,width,0.0,7,d_eff,,no_committed_onnx,0.0
poly12_deg19_a,polynomial_stress_22,Polynomial Net,POLYNOMIAL,synthetic,dist,200,current_mixture,0.1,10,1e-12,width,0.0,7,g_ibp,,no_committed_onnx,0.0
poly12_deg19_a,polynomial_stress_22,Polynomial Net,POLYNOMIAL,synthetic,dist,200,pgd_heavy,0.1,10,1e-12,width,0.0,0,margin_hat_min,,no_committed_onnx,0.0
poly12_deg19_a,polynomial_stress_22,Polynomial Net,POLYNOMIAL,synthetic,dist,200,pgd_heavy,0.1,10,1e-12,width,0.0,0,d_eff,,no_committed_onnx,0.0
poly12_deg19_a,polynomial_stress_22,Polynomial Net,POLYNOMIAL,synthetic,dist,200,pgd_heavy,0.1,10,1e-12,width,0.0,0,g_ibp,,no_committed_onnx,0.0
poly12_deg19_a,polynomial_stress_22,Polynomial Net,POLYNOMIAL,synthetic,dist,200,pgd_heavy,0.1,10,1e-12,width,0.0,1,margin_hat_min,,no_committed_onnx,0.0
poly12_deg19_a,polynomial_stress_22,Polynomial Net,POLYNOMIAL,synthetic,dist,200,pgd_heavy,0.1,10,1e-12,width,0.0,1,d_eff,,no_committed_onnx,0.0
poly12_deg19_a,polynomial_stress_22,Polynomial Net,POLYNOMIAL,synthetic,dist,200,pgd_heavy,0.1,10,1e-12,width,0.0,1,g_ibp,,no_committed_onnx,0.0
poly12_deg19_a,polynomial_stress_22,Polynomial Net,POLYNOMIAL,synthetic,dist,200,pgd_heavy,0.1,10,1e-12,width,0.0,2,margin_hat_min,,no_committed_onnx,0.0
poly12_deg19_a,polynomial_stress_22,Polynomial Net,POLYNOMIAL,synthetic,dist,200,pgd_heavy,0.1,10,1e-12,width,0.0,2,d_eff,,no_committed_onnx,0.0
poly12_deg19_a,polynomial_stress_22,Polynomial Net,POLYNOMIAL,synthetic,dist,200,pgd_heavy,0.1,10,1e-12,width,0.0,2,g_ibp,,no_committed_onnx,0.0
poly12_deg19_a,polynomial_stress_22,Polynomial Net,POLYNOMIAL,synthetic,dist,200,pgd_heavy,0.1,10,1e-12,width,0.0,3,margin_hat_min,,no_committed_onnx,0.0
poly12_deg19_a,polynomial_stress_22,Polynomial Net,POLYNOMIAL,synthetic,dist,200,pgd_heavy,0.1,10,1e-12,width,0.0,3,d_eff,,no_committed_onnx,0.0
poly12_deg19_a,polynomial_stress_22,Polynomial Net,POLYNOMIAL,synthetic,dist,200,pgd_heavy,0.1,10,1e-12,width,0.0,3,g_ibp,,no_committed_onnx,0.0
poly12_deg19_a,polynomial_stress_22,Polynomial Net,POLYNOMIAL,synthetic,dist,200,pgd_heavy,0.1,10,1e-12,width,0.0,4,margin_hat_min,,no_committed_onnx,0.0
poly12_deg19_a,polynomial_stress_22,Polynomial Net,POLYNOMIAL,synthetic,dist,200,pgd_heavy,0.1,10,1e-12,width,0.0,4,d_eff,,no_committed_onnx,0.0
poly12_deg19_a,polynomial_stress_22,Polynomial Net,POLYNOMIAL,synthetic,dist,200,pgd_heavy,0.1,10,1e-12,width,0.0,4,g_ibp,,no_committed_onnx,0.0
poly12_deg19_a,polynomial_stress_22,Polynomial Net,POLYNOMIAL,synthetic,dist,200,pgd_heavy,0.1,10,1e-12,width,0.0,5,margin_hat_min,,no_committed_onnx,0.0
poly12_deg19_a,polynomial_stress_22,Polynomial Net,POLYNOMIAL,synthetic,dist,200,pgd_heavy,0.1,10,1e-12,width,0.0,5,d_eff,,no_committed_onnx,0.0
poly12_deg19_a,polynomial_stress_22,Polynomial Net,POLYNOMIAL,synthetic,dist,200,pgd_heavy,0.1,10,1e-12,width,0.0,5,g_ibp,,no_committed_onnx,0.0
poly12_deg19_a,polynomial_stress_22,Polynomial Net,POLYNOMIAL,synthetic,dist,200,pgd_heavy,0.1,10,1e-12,width,0.0,6,margin_hat_min,,no_committed_onnx,0.0
poly12_deg19_a,polynomial_stress_22,Polynomial Net,POLYNOMIAL,synthetic,dist,200,pgd_heavy,0.1,10,1e-12,width,0.0,6,d_eff,,no_committed_onnx,0.0
poly12_deg19_a,polynomial_stress_22,Polynomial Net,POLYNOMIAL,synthetic,dist,200,pgd_heavy,0.1,10,1e-12,width,0.0,6,g_ibp,,no_committed_onnx,0.0
poly12_deg19_a,polynomial_stress_22,Polynomial Net,POLYNOMIAL,synthetic,dist,200,pgd_heavy,0.1,10,1e-12,width,0.0,7,margin_hat_min,,no_committed_onnx,0.0
poly12_deg19_a,polynomial_stress_22,Polynomial Net,POLYNOMIAL,synthetic,dist,200,pgd_heavy,0.1,10,1e-12,width,0.0,7,d_eff,,no_committed_onnx,0.0
poly12_deg19_a,polynomial_stress_22,Polynomial Net,POLYNOMIAL,synthetic,dist,200,pgd_heavy,0.1,10,1e-12,width,0.0,7,g_ibp,,no_committed_onnx,0.0
