instance_id,benchmark,family,arch,domain,axis,n_samples,dist_preset,atau_width,proj_dim,eta,u_mode,u_tau,seed,component,value,na_reason,wall_time_s
ep3,sweep_all,Constant-on-Box,MLP,synthetic,eta,200,current_mixture,0.1,10,1e-12,width,0.0,0,d_eff,11.630883863526343,,27.797
ep3,sweep_all,Constant-on-Box,MLP,synthetic,eta,200,current_mixture,0.1,10,1e-12,width,0.0,0,g_ibp,1.1432020632497135e-06,,0.006
ep3,sweep_all,Constant-on-Box,MLP,synthetic,eta,200,current_mixture,0.1,10,1e-12,width,0.0,1,d_eff,11.563159058802086,,37.448
ep3,sweep_all,Constant-on-Box,MLP,synthetic,eta,200,current_mixture,0.1,10,1e-12,width,0.0,1,g_ibp,1.1432020632497135e-06,,0.006
ep3,sweep_all,Constant-on-Box,MLP,synthetic,eta,200,current_mixture,0.1,10,1e-12,width,0.0,2,d_eff,11.563031444400869,,23.437
ep3,sweep_all,Constant-on-Box,MLP,synthetic,eta,200,current_mixture,0.1,10,1e-12,width,0.0,2,g_ibp,1.1432020632497135e-06,,0.005
ep3,sweep_all,Constant-on-Box,MLP,synthetic,eta,200,current_mixture,0.1,10,1e-12,width,0.0,3,d_eff,11.651156620339497,,37.706
ep3,sweep_all,Constant-on-Box,MLP,synthetic,eta,200,current_mixture,0.1,10,1e-12,width,0.0,3,g_ibp,1.1432020632497135e-06,,0.016
ep3,sweep_all,Constant-on-Box,MLP,synthetic,eta,200,current_mixture,0.1,10,1e-12,width,0.0,4,d_eff,11.595402289503749,,39.428
ep3,sweep_all,Constant-on-Box,MLP,synthetic,eta,200,current_mixture,0.1,10,1e-12,width,0.0,4,g_ibp,1.1432020632497135e-06,,0.005
ep3,sweep_all,Constant-on-Box,MLP,synthetic,eta,200,current_mixture,0.1,10,1e-12,width,0.0,5,d_eff,11.56730691666344,,28.307
ep3,sweep_all,Constant-on-Box,MLP,synthetic,eta,200,current_mixture,0.1,10,1e-12,width,0.0,5,g_ibp,1.1432020632497135e-06,,0.006
ep3,sweep_all,Constant-on-Box,MLP,synthetic,eta,200,current_mixture,0.1,10,1e-12,width,0.0,6,d_eff,11.606792341031644,,25.345
ep3,sweep_all,Constant-on-Box,MLP,synthetic,eta,200,current_mixture,0.1,10,1e-12,width,0.0,6,g_ibp,1.1432020632497135e-06,,0.008
ep3,sweep_all,Constant-on-Box,MLP,synthetic,eta,200,current_mixture,0.1,10,1e-12,width,0.0,7,d_eff,11.584711262384308,,18.826
ep3,sweep_all,Constant-on-Box,MLP,synthetic,eta,200,current_mixture,0.1,10,1e-12,width,0.0,7,g_ibp,1.1432020632497135e-06,,0.005
ep3,sweep_all,Constant-on-Box,MLP,synthetic,eta,200,current_mixture,0.1,10,1e-09,width,0.0,0,d_eff,11.63088262041388,,38.441
ep3,sweep_all,Constant-on-Box,MLP,synthetic,eta,200,current_mixture,0.1,10,1e-09,width,0.0,0,g_ibp,1.1432020618806884e-06,,0.007
ep3,sweep_all,Constant-on-Box,MLP,synthetic,eta,200,current_mixture,0.1,10,1e-09,width,0.0,1,d_eff,11.563158834904941,,39.808
ep3,sweep_all,Constant-on-Box,MLP,synthetic,eta,200,current_mixture,0.1,10,1e-09,width,0.0,1,g_ibp,1.1432020618806884e-06,,0.01
ep3,sweep_all,Constant-on-Box,MLP,synthetic,eta,200,current_mixture,0.1,10,1e-09,width,0.0,2,d_eff,11.563030494363906,,36.35
ep3,sweep_all,Constant-on-Box,MLP,synthetic,eta,200,current_mixture,0.1,10,1e-09,width,0.0,2,g_ibp,1.1432020618806884e-06,,0.007
ep3,sweep_all,Constant-on-Box,MLP,synthetic,eta,200,current_mixture,0.1,10,1e-09,width,0.0,3,d_eff,11.651155474438468,,39.338
ep3,sweep_all,Constant-on-Box,MLP,synthetic,eta,200,current_mixture,0.1,10,1e-09,width,0.0,3,g_ibp,1.1432020618806884e-06,,0.005
ep3,sweep_all,Constant-on-Box,MLP,synthetic,eta,200,current_mixture,0.1,10,1e-09,width,0.0,4,d_eff,11.59540187068292,,39.362
ep3,sweep_all,Constant-on-Box,MLP,synthetic,eta,200,current_mixture,0.1,10,1e-09,width,0.0,4,g_ibp,1.1432020618806884e-06,,0.005
ep3,sweep_all,Constant-on-Box,MLP,synthetic,eta,200,current_mixture,0.1,10,1e-09,width,0.0,5,d_eff,11.567306607397029,,26.572
ep3,sweep_all,Constant-on-Box,MLP,synthetic,eta,200,current_mixture,0.1,10,1e-09,width,0.0,5,g_ibp,1.1432020618806884e-06,,0.005
ep3,sweep_all,Constant-on-Box,MLP,synthetic,eta,200,current_mixture,0.1,10,1e-09,width,0.0,6,d_eff,11.606791368367793,,18.055
ep3,sweep_all,Constant-on-Box,MLP,synthetic,eta,200,current_mixture,0.1,10,1e-09,width,0.0,6,g_ibp,1.1432020618806884e-06,,0.005
ep3,sweep_all,Constant-on-Box,MLP,synthetic,eta,200,current_mixture,0.1,10,1e-09,width,0.0,7,d_eff,11.584710911889255,,24.991
ep3,sweep_all,Constant-on-Box,MLP,synthetic,eta,200,current_mixture,0.1,10,1e-09,width,0.0,7,g_ibp,1.1432020618806884e-06,,0.007
ep3,sweep_all,Constant-on-Box,MLP,synthetic,eta,200,current_mixture,0.1,10,1e-06,width,0.0,0,d_eff,11.629780670885035,,36.924
ep3,sweep_all,Constant-on-Box,MLP,synthetic,eta,200,current_mixture,0.1,10,1e-06,width,0.0,0,g_ibp,1.1432006928572624e-06,,0.005
ep3,sweep_all,Constant-on-Box,MLP,synthetic,eta,200,current_mixture,0.1,10,1e-06,width,0.0,1,d_eff,11.562937021766444,,22.664
ep3,sweep_all,Constant-on-Box,MLP,synthetic,eta,200,current_mixture,0.1,10,1e-06,width,0.0,1,g_ibp,1.1432006928572624e-06,,0.006
ep3,sweep_all,Constant-on-Box,MLP,synthetic,eta,200,current_mixture,0.1,10,1e-06,width,0.0,2,d_eff,11.562210726670395,,36.043
ep3,sweep_all,Constant-on-Box,MLP,synthetic,eta,200,current_mixture,0.1,10,1e-06,width,0.0,2,g_ibp,1.1432006928572624e-06,,0.005
ep3,sweep_all,Constant-on-Box,MLP,synthetic,eta,200,current_mixture,0.1,10,1e-06,width,0.0,3,d_eff,11.650142151472727,,20.891
ep3,sweep_all,Constant-on-Box,MLP,synthetic,eta,200,current_mixture,0.1,10,1e-06,width,0.0,3,g_ibp,1.1432006928572624e-06,,0.006
ep3,sweep_all,Constant-on-Box,MLP,synthetic,eta,200,current_mixture,0.1,10,1e-06,width,0.0,4,d_eff,11.594994357948382,,20.46
ep3,sweep_all,Constant-on-Box,MLP,synthetic,eta,200,current_mixture,0.1,10,1e-06,width,0.0,4,g_ibp,1.1432006928572624e-06,,0.006
ep3,sweep_all,Constant-on-Box,MLP,synthetic,eta,200,current_mixture,0.1,10,1e-06,width,0.0,5,d_eff,11.566999465333378,,25.35
ep3,sweep_all,Constant-on-Box,MLP,synthetic,eta,200,current_mixture,0.1,10,1e-06,width,0.0,5,g_ibp,1.1432006928572624e-06,,0.005
ep3,sweep_all,Constant-on-Box,MLP,synthetic,eta,200,current_mixture,0.1,10,1e-06,width,0.0,6,d_eff,11.605949440422533,,37.588
ep3,sweep_all,Constant-on-Box,MLP,synthetic,eta,200,current_mixture,0.1,10,1e-06,width,0.0,6,g_ibp,1.1432006928572624e-06,,0.006
ep3,sweep_all,Constant-on-Box,MLP,synthetic,eta,200,current_mixture,0.1,10,1e-06,width,0.0,7,d_eff,11.58436493288668,,18.733
ep3,sweep_all,Constant-on-Box,MLP,synthetic,eta,200,current_mixture,0.1,10,1e-06,width,0.0,7,g_ibp,1.1432006928572624e-06,,0.006
ep3,sweep_all,Constant-on-Box,MLP,synthetic,eta,200,current_mixture,0.1,10,0.001,width,0.0,0,d_eff,11.56350211627892,,16.983
ep3,sweep_all,Constant-on-Box,MLP,synthetic,eta,200,current_mixture,0.1,10,0.001,width,0.0,0,g_ibp,1.1418333085601178e-06,,0.005
ep3,sweep_all,Constant-on-Box,MLP,synthetic,eta,200,current_mixture,0.1,10,0.001,width,0.0,1,d_eff,11.491545611703543,,18.653
ep3,sweep_all,Constant-on-Box,MLP,synthetic,eta,200,current_mixture,0.1,10,0.001,width,0.0,1,g_ibp,1.1418333085601178e-06,,0.005
ep3,sweep_all,Constant-on-Box,MLP,synthetic,eta,200,current_mixture,0.1,10,0.001,width,0.0,2,d_eff,11.505498972115882,,18.526
ep3,sweep_all,Constant-on-Box,MLP,synthetic,eta,200,current_mixture,0.1,10,0.001,width,0.0,2,g_ibp,1.1418333085601178e-06,,0.005
ep3,sweep_all,Constant-on-Box,MLP,synthetic,eta,200,current_mixture,0.1,10,0.001,width,0.0,3,d_eff,11.565899884620112,,19.497
ep3,sweep_all,Constant-on-Box,MLP,synthetic,eta,200,current_mixture,0.1,10,0.001,width,0.0,3,g_ibp,1.1418333085601178e-06,,0.005
ep3,sweep_all,Constant-on-Box,MLP,synthetic,eta,200,current_mixture,0.1,10,0.001,width,0.0,4,d_eff,11.528274672310644,,20.741
ep3,sweep_all,Constant-on-Box,MLP,synthetic,eta,200,current_mixture,0.1,10,0.001,width,0.0,4,g_ibp,1.1418333085601178e-06,,0.006
ep3,sweep_all,Constant-on-Box,MLP,synthetic,eta,200,current_mixture,0.1,10,0.001,width,0.0,5,d_eff,11.484103418338925,,23.38
ep3,sweep_all,Constant-on-Box,MLP,synthetic,eta,200,current_mixture,0.1,10,0.001,width,0.0,5,g_ibp,1.1418333085601178e-06,,0.005
ep3,sweep_all,Constant-on-Box,MLP,synthetic,eta,200,current_mixture,0.1,10,0.001,width,0.0,6,d_eff,11.553871226777144,,22.774
ep3,sweep_all,Constant-on-Box,MLP,synthetic,eta,200,current_mixture,0.1,10,0.001,width,0.0,6,g_ibp,1.1418333085601178e-06,,0.005
ep3,sweep_all,Constant-on-Box,MLP,synthetic,eta,200,current_mixture,0.1,10,0.001,width,0.0,7,d_eff,11.515751217053921,,24.475
ep3,sweep_all,Constant-on-Box,MLP,synthetic,eta,200,current_mixture,0.1,10,0.001,width,0.0,7,g_ibp,1.1418333085601178e-06,,0.006
ep4,sweep_all,Constant-on-Box,MLP,synthetic,eta,200,current_mixture,0.1,10,1e-12,width,0.0,0,d_eff,11.630883863526343,,24.974
ep4,sweep_all,Constant-on-Box,MLP,synthetic,eta,200,current_mixture,0.1,10,1e-12,width,0.0,0,g_ibp,1.1432020632497135e-06,,0.006
ep4,sweep_all,Constant-on-Box,MLP,synthetic,eta,200,current_mixture,0.1,10,1e-12,width,0.0,1,d_eff,11.563159058802086,,24.466
ep4,sweep_all,Constant-on-Box,MLP,synthetic,eta,200,current_mixture,0.1,10,1e-12,width,0.0,1,g_ibp,1.1432020632497135e-06,,0.007
ep4,sweep_all,Constant-on-Box,MLP,synthetic,eta,200,current_mixture,0.1,10,1e-12,width,0.0,2,d_eff,11.563031444400869,,25.43
ep4,sweep_all,Constant-on-Box,MLP,synthetic,eta,200,current_mixture,0.1,10,1e-12,width,0.0,2,g_ibp,1.1432020632497135e-06,,0.003
ep4,sweep_all,Constant-on-Box,MLP,synthetic,eta,200,current_mixture,0.1,10,1e-12,width,0.0,3,d_eff,11.651156620339497,,27.135
ep4,sweep_all,Constant-on-Box,MLP,synthetic,eta,200,current_mixture,0.1,10,1e-12,width,0.0,3,g_ibp,1.1432020632497135e-06,,0.007
ep4,sweep_all,Constant-on-Box,MLP,synthetic,eta,200,current_mixture,0.1,10,1e-12,width,0.0,4,d_eff,11.595402289503749,,26.929
ep4,sweep_all,Constant-on-Box,MLP,synthetic,eta,200,current_mixture,0.1,10,1e-12,width,0.0,4,g_ibp,1.1432020632497135e-06,,0.008
ep4,sweep_all,Constant-on-Box,MLP,synthetic,eta,200,current_mixture,0.1,10,1e-12,width,0.0,5,d_eff,11.56730691666344,,17.486
ep4,sweep_all,Constant-on-Box,MLP,synthetic,eta,200,current_mixture,0.1,10,1e-12,width,0.0,5,g_ibp,1.1432020632497135e-06,,0.006
ep4,sweep_all,Constant-on-Box,MLP,synthetic,eta,200,current_mixture,0.1,10,1e-12,width,0.0,6,d_eff,11.606792341031644,,40.808
ep4,sweep_all,Constant-on-Box,MLP,synthetic,eta,200,current_mixture,0.1,10,1e-12,width,0.0,6,g_ibp,1.1432020632497135e-06,,0.006
ep4,sweep_all,Constant-on-Box,MLP,synthetic,eta,200,current_mixture,0.1,10,1e-12,width,0.0,7,d_eff,11.584711262384308,,40.389
ep4,sweep_all,Constant-on-Box,MLP,synthetic,eta,200,current_mixture,0.1,10,1e-12,width,0.0,7,g_ibp,1.1432020632497135e-06,,0.007
ep4,sweep_all,Constant-on-Box,MLP,synthetic,eta,200,current_mixture,0.1,10,1e-09,width,0.0,0,d_eff,11.63088262041388,,46.769
ep4,sweep_all,Constant-on-Box,MLP,synthetic,eta,200,current_mixture,0.1,10,1e-09,width,0.0,0,g_ibp,1.1432020618806884e-06,,0.018
ep4,sweep_all,Constant-on-Box,MLP,synthetic,eta,200,current_mixture,0.1,10,1e-09,width,0.0,1,d_eff,11.563158834904941,,47.253
ep4,sweep_all,Constant-on-Box,MLP,synthetic,eta,200,current_mixture,0.1,10,1e-09,width,0.0,1,g_ibp,1.1432020618806884e-06,,0.009
ep4,sweep_all,Constant-on-Box,MLP,synthetic,eta,200,current_mixture,0.1,10,1e-09,width,0.0,2,d_eff,11.563030494363906,,17.542
ep4,sweep_all,Constant-on-Box,MLP,synthetic,eta,200,current_mixture,0.1,10,1e-09,width,0.0,2,g_ibp,1.1432020618806884e-06,,0.005
ep4,sweep_all,Constant-on-Box,MLP,synthetic,eta,200,current_mixture,0.1,10,1e-09,width,0.0,3,d_eff,11.651155474438468,,18.344
ep4,sweep_all,Constant-on-Box,MLP,synthetic,eta,200,current_mixture,0.1,10,1e-09,width,0.0,3,g_ibp,1.1432020618806884e-06,,0.005
ep4,sweep_all,Constant-on-Box,MLP,synthetic,eta,200,current_mixture,0.1,10,1e-09,width,0.0,4,d_eff,11.59540187068292,,48.086
ep4,sweep_all,Constant-on-Box,MLP,synthetic,eta,200,current_mixture,0.1,10,1e-09,width,0.0,4,g_ibp,1.1432020618806884e-06,,0.032
ep4,sweep_all,Constant-on-Box,MLP,synthetic,eta,200,current_mixture,0.1,10,1e-09,width,0.0,5,d_eff,11.567306607397029,,45.991
ep4,sweep_all,Constant-on-Box,MLP,synthetic,eta,200,current_mixture,0.1,10,1e-09,width,0.0,5,g_ibp,1.1432020618806884e-06,,0.007
ep4,sweep_all,Constant-on-Box,MLP,synthetic,eta,200,current_mixture,0.1,10,1e-09,width,0.0,6,d_eff,11.606791368367793,,47.874
ep4,sweep_all,Constant-on-Box,MLP,synthetic,eta,200,current_mixture,0.1,10,1e-09,width,0.0,6,g_ibp,1.1432020618806884e-06,,0.067
ep4,sweep_all,Constant-on-Box,MLP,synthetic,eta,200,current_mixture,0.1,10,1e-09,width,0.0,7,d_eff,11.584710911889255,,53.872
ep4,sweep_all,Constant-on-Box,MLP,synthetic,eta,200,current_mixture,0.1,10,1e-09,width,0.0,7,g_ibp,1.1432020618806884e-06,,0.024
ep4,sweep_all,Constant-on-Box,MLP,synthetic,eta,200,current_mixture,0.1,10,1e-06,width,0.0,0,d_eff,11.629780670885035,,60.425
ep4,sweep_all,Constant-on-Box,MLP,synthetic,eta,200,current_mixture,0.1,10,1e-06,width,0.0,0,g_ibp,1.1432006928572624e-06,,0.065
ep4,sweep_all,Constant-on-Box,MLP,synthetic,eta,200,current_mixture,0.1,10,1e-06,width,0.0,1,d_eff,11.562937021766444,,64.095
ep4,sweep_all,Constant-on-Box,MLP,synthetic,eta,200,current_mixture,0.1,10,1e-06,width,0.0,1,g_ibp,1.1432006928572624e-06,,0.07
ep4,sweep_all,Constant-on-Box,MLP,synthetic,eta,200,current_mixture,0.1,10,1e-06,width,0.0,2,d_eff,11.562210726670395,,61.38
ep4,sweep_all,Constant-on-Box,MLP,synthetic,eta,200,current_mixture,0.1,10,1e-06,width,0.0,2,g_ibp,1.1432006928572624e-06,,0.064
ep4,sweep_all,Constant-on-Box,MLP,synthetic,eta,200,current_mixture,0.1,10,1e-06,width,0.0,3,d_eff,11.650142151472727,,19.483
ep4,sweep_all,Constant-on-Box,MLP,synthetic,eta,200,current_mixture,0.1,10,1e-06,width,0.0,3,g_ibp,1.1432006928572624e-06,,0.006
ep4,sweep_all,Constant-on-Box,MLP,synthetic,eta,200,current_mixture,0.1,10,1e-06,width,0.0,4,d_eff,11.594994357948382,,21.653
ep4,sweep_all,Constant-on-Box,MLP,synthetic,eta,200,current_mixture,0.1,10,1e-06,width,0.0,4,g_ibp,1.1432006928572624e-06,,0.006
ep4,sweep_all,Constant-on-Box,MLP,synthetic,eta,200,current_mixture,0.1,10,1e-06,width,0.0,5,d_eff,11.566999465333378,,30.676
ep4,sweep_all,Constant-on-Box,MLP,synthetic,eta,200,current_mixture,0.1,10,1e-06,width,0.0,5,g_ibp,1.1432006928572624e-06,,0.024
ep4,sweep_all,Constant-on-Box,MLP,synthetic,eta,200,current_mixture,0.1,10,1e-06,width,0.0,6,d_eff,11.605949440422533,,29.041
ep4,sweep_all,Constant-on-Box,MLP,synthetic,eta,200,current_mixture,0.1,10,1e-06,width,0.0,6,g_ibp,1.1432006928572624e-06,,0.008
ep4,sweep_all,Constant-on-Box,MLP,synthetic,eta,200,current_mixture,0.1,10,1e-06,width,0.0,7,d_eff,11.58436493288668,,48.245
ep4,sweep_all,Constant-on-Box,MLP,synthetic,eta,200,current_mixture,0.1,10,1e-06,width,0.0,7,g_ibp,1.1432006928572624e-06,,0.012
ep4,sweep_all,Constant-on-Box,MLP,synthetic,eta,200,current_mixture,0.1,10,0.001,width,0.0,0,d_eff,11.56350211627892,,59.977
ep4,sweep_all,Constant-on-Box,MLP,synthetic,eta,200,current_mixture,0.1,10,0.001,width,0.0,0,g_ibp,1.1418333085601178e-06,,0.009
ep4,sweep_all,Constant-on-Box,MLP,synthetic,eta,200,current_mixture,0.1,10,0.001,width,0.0,1,d_eff,11.491545611703543,,56.473
ep4,sweep_all,Constant-on-Box,MLP,synthetic,eta,200,current_mixture,0.1,10,0.001,width,0.0,1,g_ibp,1.1418333085601178e-06,,0.008
ep4,sweep_all,Constant-on-Box,MLP,synthetic,eta,200,current_mixture,0.1,10,0.001,width,0.0,2,d_eff,11.505498972115882,,126.779
ep4,sweep_all,Constant-on-Box,MLP,synthetic,eta,200,current_mixture,0.1,10,0.001,width,0.0,2,g_ibp,1.1418333085601178e-06,,0.097
ep4,sweep_all,Constant-on-Box,MLP,synthetic,eta,200,current_mixture,0.1,10,0.001,width,0.0,3,d_eff,11.565899884620112,,36.188
ep4,sweep_all,Constant-on-Box,MLP,synthetic,eta,200,current_mixture,0.1,10,0.001,width,0.0,3,g_ibp,1.1418333085601178e-06,,0.048
ep4,sweep_all,Constant-on-Box,MLP,synthetic,eta,200,current_mixture,0.1,10,0.001,width,0.0,4,d_eff,11.528274672310644,,96.345
ep4,sweep_all,Constant-on-Box,MLP,synthetic,eta,200,current_mixture,0.1,10,0.001,width,0.0,4,g_ibp,1.1418333085601178e-06,,0.032
ep4,sweep_all,Constant-on-Box,MLP,synthetic,eta,200,current_mixture,0.1,10,0.001,width,0.0,5,d_eff,11.484103418338925,,60.257
ep4,sweep_all,Constant-on-Box,MLP,synthetic,eta,200,current_mixture,0.1,10,0.001,width,0.0,5,g_ibp,1.1418333085601178e-06,,0.088
ep4,sweep_all,Constant-on-Box,MLP,synthetic,eta,200,current_mixture,0.1,10,0.001,width,0.0,6,d_eff,11.553871226777144,,92.486
ep4,sweep_all,Constant-on-Box,MLP,synthetic,eta,200,current_mixture,0.1,10,0.001,width,0.0,6,g_ibp,1.1418333085601178e-06,,0.006
ep4,sweep_all,Constant-on-Box,MLP,synthetic,eta,200,current_mixture,0.1,10,0.001,width,0.0,7,d_eff,11.515751217053921,,93.665
ep4,sweep_all,Constant-on-Box,MLP,synthetic,eta,200,current_mixture,0.1,10,0.001,width,0.0,7,g_ibp,1.1418333085601178e-06,,0.088
dc_cnn26,sweep_all,Deep Contractive,CNN,synthetic,eta,200,current_mixture,0.1,10,1e-12,width,0.0,0,d_eff,19.469178097251483,,16.183
dc_cnn26,sweep_all,Deep Contractive,CNN,synthetic,eta,200,current_mixture,0.1,10,1e-12,width,0.0,0,g_ibp,0.9765111103723632,,0.023
dc_cnn26,sweep_all,Deep Contractive,CNN,synthetic,eta,200,current_mixture,0.1,10,1e-12,width,0.0,1,d_eff,19.5229289365324,,23.992
dc_cnn26,sweep_all,Deep Contractive,CNN,synthetic,eta,200,current_mixture,0.1,10,1e-12,width,0.0,1,g_ibp,0.9765110559474043,,0.047
dc_cnn26,sweep_all,Deep Contractive,CNN,synthetic,eta,200,current_mixture,0.1,10,1e-12,width,0.0,2,d_eff,19.133692775389083,,85.351
dc_cnn26,sweep_all,Deep Contractive,CNN,synthetic,eta,200,current_mixture,0.1,10,1e-12,width,0.0,2,g_ibp,0.9765110844557475,,0.095
dc_cnn26,sweep_all,Deep Contractive,CNN,synthetic,eta,200,current_mixture,0.1,10,1e-12,width,0.0,3,d_eff,21.04193506902281,,60.502
dc_cnn26,sweep_all,Deep Contractive,CNN,synthetic,eta,200,current_mixture,0.1,10,1e-12,width,0.0,3,g_ibp,0.9765110740890852,,0.026
dc_cnn26,sweep_all,Deep Contractive,CNN,synthetic,eta,200,current_mixture,0.1,10,1e-12,width,0.0,4,d_eff,21.098321799693522,,76.778
dc_cnn26,sweep_all,Deep Contractive,CNN,synthetic,eta,200,current_mixture,0.1,10,1e-12,width,0.0,4,g_ibp,0.9765110196639583,,0.03
dc_cnn26,sweep_all,Deep Contractive,CNN,synthetic,eta,200,current_mixture,0.1,10,1e-12,width,0.0,5,d_eff,18.98072480394677,,71.07
dc_cnn26,sweep_all,Deep Contractive,CNN,synthetic,eta,200,current_mixture,0.1,10,1e-12,width,0.0,5,g_ibp,0.9765110326223446,,0.043
dc_cnn26,sweep_all,Deep Contractive,CNN,synthetic,eta,200,current_mixture,0.1,10,1e-12,width,0.0,6,d_eff,19.220748441907975,,69.14
dc_cnn26,sweep_all,Deep Contractive,CNN,synthetic,eta,200,current_mixture,0.1,10,1e-12,width,0.0,6,g_ibp,0.9765110403973697,,0.059
dc_cnn26,sweep_all,Deep Contractive,CNN,synthetic,eta,200,current_mixture,0.1,10,1e-12,width,0.0,7,d_eff,19.30252738631985,,49.033
dc_cnn26,sweep_all,Deep Contractive,CNN,synthetic,eta,200,current_mixture,0.1,10,1e-12,width,0.0,7,g_ibp,0.9765110378056953,,0.007
dc_cnn26,sweep_all,Deep Contractive,CNN,synthetic,eta,200,current_mixture,0.1,10,1e-09,width,0.0,0,d_eff,19.46913853574497,,77.232
dc_cnn26,sweep_all,Deep Contractive,CNN,synthetic,eta,200,current_mixture,0.1,10,1e-09,width,0.0,0,g_ibp,0.9765111102594985,,0.095
dc_cnn26,sweep_all,Deep Contractive,CNN,synthetic,eta,200,current_mixture,0.1,10,1e-09,width,0.0,1,d_eff,19.522891508721084,,75.991
dc_cnn26,sweep_all,Deep Contractive,CNN,synthetic,eta,200,current_mixture,0.1,10,1e-09,width,0.0,1,g_ibp,0.9765110558345393,,0.009
dc_cnn26,sweep_all,Deep Contractive,CNN,synthetic,eta,200,current_mixture,0.1,10,1e-09,width,0.0,2,d_eff,19.133653343066083,,48.127
dc_cnn26,sweep_all,Deep Contractive,CNN,synthetic,eta,200,current_mixture,0.1,10,1e-09,width,0.0,2,g_ibp,0.9765110843428828,,0.046
dc_cnn26,sweep_all,Deep Contractive,CNN,synthetic,eta,200,current_mixture,0.1,10,1e-09,width,0.0,3,d_eff,21.04189586994868,,66.041
dc_cnn26,sweep_all,Deep Contractive,CNN,synthetic,eta,200,current_mixture,0.1,10,1e-09,width,0.0,3,g_ibp,0.9765110739762204,,0.008
dc_cnn26,sweep_all,Deep Contractive,CNN,synthetic,eta,200,current_mixture,0.1,10,1e-09,width,0.0,4,d_eff,21.098282441284198,,73.442
dc_cnn26,sweep_all,Deep Contractive,CNN,synthetic,eta,200,current_mixture,0.1,10,1e-09,width,0.0,4,g_ibp,0.9765110195510931,,0.024
dc_cnn26,sweep_all,Deep Contractive,CNN,synthetic,eta,200,current_mixture,0.1,10,1e-09,width,0.0,5,d_eff,18.980686497572954,,119.91
dc_cnn26,sweep_all,Deep Contractive,CNN,synthetic,eta,200,current_mixture,0.1,10,1e-09,width,0.0,5,g_ibp,0.9765110325094797,,0.103
dc_cnn26,sweep_all,Deep Contractive,CNN,synthetic,eta,200,current_mixture,0.1,10,1e-09,width,0.0,6,d_eff,19.220709430033757,,89.77
dc_cnn26,sweep_all,Deep Contractive,CNN,synthetic,eta,200,current_mixture,0.1,10,1e-09,width,0.0,6,g_ibp,0.9765110402845047,,0.007
dc_cnn26,sweep_all,Deep Contractive,CNN,synthetic,eta,200,current_mixture,0.1,10,1e-09,width,0.0,7,d_eff,19.302489194970327,,68.723
dc_cnn26,sweep_all,Deep Contractive,CNN,synthetic,eta,200,current_mixture,0.1,10,1e-09,width,0.0,7,g_ibp,0.9765110376928302,,0.016
dc_cnn26,sweep_all,Deep Contractive,CNN,synthetic,eta,200,current_mixture,0.1,10,1e-06,width,0.0,0,d_eff,19.42976349187433,,133.932
dc_cnn26,sweep_all,Deep Contractive,CNN,synthetic,eta,200,current_mixture,0.1,10,1e-06,width,0.0,0,g_ibp,0.9765109973948688,,0.115
dc_cnn26,sweep_all,Deep Contractive,CNN,synthetic,eta,200,current_mixture,0.1,10,1e-06,width,0.0,1,d_eff,19.485633759223717,,126.938
dc_cnn26,sweep_all,Deep Contractive,CNN,synthetic,eta,200,current_mixture,0.1,10,1e-06,width,0.0,1,g_ibp,0.9765109429696543,,0.018
dc_cnn26,sweep_all,Deep Contractive,CNN,synthetic,eta,200,current_mixture,0.1,10,1e-06,width,0.0,2,d_eff,19.094462897347764,,132.862
dc_cnn26,sweep_all,Deep Contractive,CNN,synthetic,eta,200,current_mixture,0.1,10,1e-06,width,0.0,2,g_ibp,0.9765109714781315,,0.103
dc_cnn26,sweep_all,Deep Contractive,CNN,synthetic,eta,200,current_mixture,0.1,10,1e-06,width,0.0,3,d_eff,21.002833782871708,,71.374
dc_cnn26,sweep_all,Deep Contractive,CNN,synthetic,eta,200,current_mixture,0.1,10,1e-06,width,0.0,3,g_ibp,0.9765109611114206,,0.006
dc_cnn26,sweep_all,Deep Contractive,CNN,synthetic,eta,200,current_mixture,0.1,10,1e-06,width,0.0,4,d_eff,21.059097288313374,,82.881
dc_cnn26,sweep_all,Deep Contractive,CNN,synthetic,eta,200,current_mixture,0.1,10,1e-06,width,0.0,4,g_ibp,0.976510906686038,,0.103
dc_cnn26,sweep_all,Deep Contractive,CNN,synthetic,eta,200,current_mixture,0.1,10,1e-06,width,0.0,5,d_eff,18.942568143311792,,136.242
dc_cnn26,sweep_all,Deep Contractive,CNN,synthetic,eta,200,current_mixture,0.1,10,1e-06,width,0.0,5,g_ibp,0.9765109196444853,,0.095
dc_cnn26,sweep_all,Deep Contractive,CNN,synthetic,eta,200,current_mixture,0.1,10,1e-06,width,0.0,6,d_eff,19.18190088582444,,54.429
dc_cnn26,sweep_all,Deep Contractive,CNN,synthetic,eta,200,current_mixture,0.1,10,1e-06,width,0.0,6,g_ibp,0.9765109274195468,,0.006
dc_cnn26,sweep_all,Deep Contractive,CNN,synthetic,eta,200,current_mixture,0.1,10,1e-06,width,0.0,7,d_eff,19.26449414871952,,135.171
dc_cnn26,sweep_all,Deep Contractive,CNN,synthetic,eta,200,current_mixture,0.1,10,1e-06,width,0.0,7,g_ibp,0.9765109248278602,,0.095
dc_cnn26,sweep_all,Deep Contractive,CNN,synthetic,eta,200,current_mixture,0.1,10,0.001,width,0.0,0,d_eff,7.444233275559698,,103.107
dc_cnn26,sweep_all,Deep Contractive,CNN,synthetic,eta,200,current_mixture,0.1,10,0.001,width,0.0,0,g_ibp,0.9763981458213842,,0.103
dc_cnn26,sweep_all,Deep Contractive,CNN,synthetic,eta,200,current_mixture,0.1,10,0.001,width,0.0,1,d_eff,7.857023259113807,,129.528
dc_cnn26,sweep_all,Deep Contractive,CNN,synthetic,eta,200,current_mixture,0.1,10,0.001,width,0.0,1,g_ibp,0.976398091141007,,0.103
dc_cnn26,sweep_all,Deep Contractive,CNN,synthetic,eta,200,current_mixture,0.1,10,0.001,width,0.0,2,d_eff,7.551682373099745,,65.136
dc_cnn26,sweep_all,Deep Contractive,CNN,synthetic,eta,200,current_mixture,0.1,10,0.001,width,0.0,2,g_ibp,0.976398119783141,,0.007
dc_cnn26,sweep_all,Deep Contractive,CNN,synthetic,eta,200,current_mixture,0.1,10,0.001,width,0.0,3,d_eff,8.325667643404019,,92.7
dc_cnn26,sweep_all,Deep Contractive,CNN,synthetic,eta,200,current_mixture,0.1,10,0.001,width,0.0,3,g_ibp,0.9763981093678276,,0.007
dc_cnn26,sweep_all,Deep Contractive,CNN,synthetic,eta,200,current_mixture,0.1,10,0.001,width,0.0,4,d_eff,8.43899057840866,,138.671
dc_cnn26,sweep_all,Deep Contractive,CNN,synthetic,eta,200,current_mixture,0.1,10,0.001,width,0.0,4,g_ibp,0.9763980546872814,,0.095
dc_cnn26,sweep_all,Deep Contractive,CNN,synthetic,eta,200,current_mixture,0.1,10,0.001,width,0.0,5,d_eff,7.3650794696035975,,89.974
dc_cnn26,sweep_all,Deep Contractive,CNN,synthetic,eta,200,current_mixture,0.1,10,0.001,width,0.0,5,g_ibp,0.976398067706482,,0.103
dc_cnn26,sweep_all,Deep Contractive,CNN,synthetic,eta,200,current_mixture,0.1,10,0.001,width,0.0,6,d_eff,7.5694052634485,,106.881
dc_cnn26,sweep_all,Deep Contractive,CNN,synthetic,eta,200,current_mixture,0.1,10,0.001,width,0.0,6,g_ibp,0.9763980755179955,,0.051
dc_cnn26,sweep_all,Deep Contractive,CNN,synthetic,eta,200,current_mixture,0.1,10,0.001,width,0.0,7,d_eff,7.674953187661863,,77.378
dc_cnn26,sweep_all,Deep Contractive,CNN,synthetic,eta,200,current_mixture,0.1,10,0.001,width,0.0,7,g_ibp,0.9763980729141583,,0.028
dc_cnn25,sweep_all,Deep Contractive,CNN,synthetic,eta,200,current_mixture,0.1,10,1e-12,width,0.0,0,d_eff,21.000700908163196,,65.461
dc_cnn25,sweep_all,Deep Contractive,CNN,synthetic,eta,200,current_mixture,0.1,10,1e-12,width,0.0,0,g_ibp,0.9850381004540717,,0.013
dc_cnn25,sweep_all,Deep Contractive,CNN,synthetic,eta,200,current_mixture,0.1,10,1e-12,width,0.0,1,d_eff,22.794493229607752,,140.685
dc_cnn25,sweep_all,Deep Contractive,CNN,synthetic,eta,200,current_mixture,0.1,10,1e-12,width,0.0,1,g_ibp,0.9850380922756393,,0.095
dc_cnn25,sweep_all,Deep Contractive,CNN,synthetic,eta,200,current_mixture,0.1,10,1e-12,width,0.0,2,d_eff,22.35422554556627,,143.981
dc_cnn25,sweep_all,Deep Contractive,CNN,synthetic,eta,200,current_mixture,0.1,10,1e-12,width,0.0,2,g_ibp,0.9850381154478411,,0.054
dc_cnn25,sweep_all,Deep Contractive,CNN,synthetic,eta,200,current_mixture,0.1,10,1e-12,width,0.0,3,d_eff,21.133870898999657,,109.581
dc_cnn25,sweep_all,Deep Contractive,CNN,synthetic,eta,200,current_mixture,0.1,10,1e-12,width,0.0,3,g_ibp,0.9850381113586343,,0.009
dc_cnn25,sweep_all,Deep Contractive,CNN,synthetic,eta,200,current_mixture,0.1,10,1e-12,width,0.0,4,d_eff,22.102930865028792,,98.757
dc_cnn25,sweep_all,Deep Contractive,CNN,synthetic,eta,200,current_mixture,0.1,10,1e-12,width,0.0,4,g_ibp,0.985038122263181,,0.051
dc_cnn25,sweep_all,Deep Contractive,CNN,synthetic,eta,200,current_mixture,0.1,10,1e-12,width,0.0,5,d_eff,22.119019880450047,,87.231
dc_cnn25,sweep_all,Deep Contractive,CNN,synthetic,eta,200,current_mixture,0.1,10,1e-12,width,0.0,5,g_ibp,0.9850381099955648,,0.008
dc_cnn25,sweep_all,Deep Contractive,CNN,synthetic,eta,200,current_mixture,0.1,10,1e-12,width,0.0,6,d_eff,21.982887502691646,,145.712
dc_cnn25,sweep_all,Deep Contractive,CNN,synthetic,eta,200,current_mixture,0.1,10,1e-12,width,0.0,6,g_ibp,0.9850381045432846,,0.055
dc_cnn25,sweep_all,Deep Contractive,CNN,synthetic,eta,200,current_mixture,0.1,10,1e-12,width,0.0,7,d_eff,23.110533202712485,,69.935
dc_cnn25,sweep_all,Deep Contractive,CNN,synthetic,eta,200,current_mixture,0.1,10,1e-12,width,0.0,7,g_ibp,0.9850381195370458,,0.094
dc_cnn25,sweep_all,Deep Contractive,CNN,synthetic,eta,200,current_mixture,0.1,10,1e-09,width,0.0,0,d_eff,21.0006636969705,,54.502
dc_cnn25,sweep_all,Deep Contractive,CNN,synthetic,eta,200,current_mixture,0.1,10,1e-09,width,0.0,0,g_ibp,0.9850381003600669,,0.007
dc_cnn25,sweep_all,Deep Contractive,CNN,synthetic,eta,200,current_mixture,0.1,10,1e-09,width,0.0,1,d_eff,22.79445656215986,,101.079
dc_cnn25,sweep_all,Deep Contractive,CNN,synthetic,eta,200,current_mixture,0.1,10,1e-09,width,0.0,1,g_ibp,0.9850380921816344,,0.021
dc_cnn25,sweep_all,Deep Contractive,CNN,synthetic,eta,200,current_mixture,0.1,10,1e-09,width,0.0,2,d_eff,22.35418967707788,,148.042
dc_cnn25,sweep_all,Deep Contractive,CNN,synthetic,eta,200,current_mixture,0.1,10,1e-09,width,0.0,2,g_ibp,0.9850381153538365,,0.104
dc_cnn25,sweep_all,Deep Contractive,CNN,synthetic,eta,200,current_mixture,0.1,10,1e-09,width,0.0,3,d_eff,21.133833770479125,,45.76
dc_cnn25,sweep_all,Deep Contractive,CNN,synthetic,eta,200,current_mixture,0.1,10,1e-09,width,0.0,3,g_ibp,0.9850381112646295,,0.054
dc_cnn25,sweep_all,Deep Contractive,CNN,synthetic,eta,200,current_mixture,0.1,10,1e-09,width,0.0,4,d_eff,22.10289372252108,,83.033
dc_cnn25,sweep_all,Deep Contractive,CNN,synthetic,eta,200,current_mixture,0.1,10,1e-09,width,0.0,4,g_ibp,0.9850381221691763,,0.007
dc_cnn25,sweep_all,Deep Contractive,CNN,synthetic,eta,200,current_mixture,0.1,10,1e-09,width,0.0,5,d_eff,22.118982198692052,,109.054
dc_cnn25,sweep_all,Deep Contractive,CNN,synthetic,eta,200,current_mixture,0.1,10,1e-09,width,0.0,5,g_ibp,0.98503810990156,,0.007
dc_cnn25,sweep_all,Deep Contractive,CNN,synthetic,eta,200,current_mixture,0.1,10,1e-09,width,0.0,6,d_eff,21.98284914174364,,107.722
dc_cnn25,sweep_all,Deep Contractive,CNN,synthetic,eta,200,current_mixture,0.1,10,1e-09,width,0.0,6,g_ibp,0.9850381044492797,,0.019
dc_cnn25,sweep_all,Deep Contractive,CNN,synthetic,eta,200,current_mixture,0.1,10,1e-09,width,0.0,7,d_eff,23.11049573863295,,146.796
dc_cnn25,sweep_all,Deep Contractive,CNN,synthetic,eta,200,current_mixture,0.1,10,1e-09,width,0.0,7,g_ibp,0.9850381194430411,,0.111
dc_cnn25,sweep_all,Deep Contractive,CNN,synthetic,eta,200,current_mixture,0.1,10,1e-06,width,0.0,0,d_eff,20.963591165081606,,145.392
dc_cnn25,sweep_all,Deep Contractive,CNN,synthetic,eta,200,current_mixture,0.1,10,1e-06,width,0.0,0,g_ibp,0.9850380063552227,,0.099
dc_cnn25,sweep_all,Deep Contractive,CNN,synthetic,eta,200,current_mixture,0.1,10,1e-06,width,0.0,1,d_eff,22.75791883857381,,61.987
dc_cnn25,sweep_all,Deep Contractive,CNN,synthetic,eta,200,current_mixture,0.1,10,1e-06,width,0.0,1,g_ibp,0.9850379981767396,,0.095
dc_cnn25,sweep_all,Deep Contractive,CNN,synthetic,eta,200,current_mixture,0.1,10,1e-06,width,0.0,2,d_eff,22.318433529592316,,70.163
dc_cnn25,sweep_all,Deep Contractive,CNN,synthetic,eta,200,current_mixture,0.1,10,1e-06,width,0.0,2,g_ibp,0.985038021349085,,0.009
dc_cnn25,sweep_all,Deep Contractive,CNN,synthetic,eta,200,current_mixture,0.1,10,1e-06,width,0.0,3,d_eff,21.096839155437756,,81.285
dc_cnn25,sweep_all,Deep Contractive,CNN,synthetic,eta,200,current_mixture,0.1,10,1e-06,width,0.0,3,g_ibp,0.9850380172598528,,0.016
dc_cnn25,sweep_all,Deep Contractive,CNN,synthetic,eta,200,current_mixture,0.1,10,1e-06,width,0.0,4,d_eff,22.065886550787628,,99.906
dc_cnn25,sweep_all,Deep Contractive,CNN,synthetic,eta,200,current_mixture,0.1,10,1e-06,width,0.0,4,g_ibp,0.9850380281644671,,0.103
dc_cnn25,sweep_all,Deep Contractive,CNN,synthetic,eta,200,current_mixture,0.1,10,1e-06,width,0.0,5,d_eff,22.081431890955272,,146.829
dc_cnn25,sweep_all,Deep Contractive,CNN,synthetic,eta,200,current_mixture,0.1,10,1e-06,width,0.0,5,g_ibp,0.985038015896775,,0.095
dc_cnn25,sweep_all,Deep Contractive,CNN,synthetic,eta,200,current_mixture,0.1,10,1e-06,width,0.0,6,d_eff,21.94462994558616,,83.278
dc_cnn25,sweep_all,Deep Contractive,CNN,synthetic,eta,200,current_mixture,0.1,10,1e-06,width,0.0,6,g_ibp,0.9850380104444608,,0.103
dc_cnn25,sweep_all,Deep Contractive,CNN,synthetic,eta,200,current_mixture,0.1,10,1e-06,width,0.0,7,d_eff,23.073156728612414,,77.118
dc_cnn25,sweep_all,Deep Contractive,CNN,synthetic,eta,200,current_mixture,0.1,10,1e-06,width,0.0,7,g_ibp,0.985038025438315,,0.008
dc_cnn25,sweep_all,Deep Contractive,CNN,synthetic,eta,200,current_mixture,0.1,10,0.001,width,0.0,0,d_eff,8.72520787371895,,109.869
dc_cnn25,sweep_all,Deep Contractive,CNN,synthetic,eta,200,current_mixture,0.1,10,0.001,width,0.0,0,g_ibp,0.9849440104902404,,0.008
dc_cnn25,sweep_all,Deep Contractive,CNN,synthetic,eta,200,current_mixture,0.1,10,0.001,width,0.0,1,d_eff,9.969405702936552,,89.897
dc_cnn25,sweep_all,Deep Contractive,CNN,synthetic,eta,200,current_mixture,0.1,10,0.001,width,0.0,1,g_ibp,0.984944002261163,,0.055
dc_cnn25,sweep_all,Deep Contractive,CNN,synthetic,eta,200,current_mixture,0.1,10,0.001,width,0.0,2,d_eff,9.643993199712314,,96.625
dc_cnn25,sweep_all,Deep Contractive,CNN,synthetic,eta,200,current_mixture,0.1,10,0.001,width,0.0,2,g_ibp,0.9849440255768591,,0.103
dc_cnn25,sweep_all,Deep Contractive,CNN,synthetic,eta,200,current_mixture,0.1,10,0.001,width,0.0,3,d_eff,8.8628368013609,,86.909
dc_cnn25,sweep_all,Deep Contractive,CNN,synthetic,eta,200,current_mixture,0.1,10,0.001,width,0.0,3,g_ibp,0.9849440214623297,,0.099
dc_cnn25,sweep_all,Deep Contractive,CNN,synthetic,eta,200,current_mixture,0.1,10,0.001,width,0.0,4,d_eff,9.417447912761125,,86.461
dc_cnn25,sweep_all,Deep Contractive,CNN,synthetic,eta,200,current_mixture,0.1,10,0.001,width,0.0,4,g_ibp,0.984944032434403,,0.055
dc_cnn25,sweep_all,Deep Contractive,CNN,synthetic,eta,200,current_mixture,0.1,10,0.001,width,0.0,5,d_eff,9.304614670330675,,110.165
dc_cnn25,sweep_all,Deep Contractive,CNN,synthetic,eta,200,current_mixture,0.1,10,0.001,width,0.0,5,g_ibp,0.9849440200908194,,0.095
dc_cnn25,sweep_all,Deep Contractive,CNN,synthetic,eta,200,current_mixture,0.1,10,0.001,width,0.0,6,d_eff,9.151680723377545,,139.673
dc_cnn25,sweep_all,Deep Contractive,CNN,synthetic,eta,200,current_mixture,0.1,10,0.001,width,0.0,6,g_ibp,0.9849440146047758,,0.103
dc_cnn25,sweep_all,Deep Contractive,CNN,synthetic,eta,200,current_mixture,0.1,10,0.001,width,0.0,7,d_eff,9.964549354949352,,73.502
dc_cnn25,sweep_all,Deep Contractive,CNN,synthetic,eta,200,current_mixture,0.1,10,0.001,width,0.0,7,g_ibp,0.9849440296913862,,0.095
dc_cnn27,sweep_all,Deep Contractive,CNN,synthetic,eta,200,current_mixture,0.1,10,1e-12,width,0.0,0,d_eff,19.842890919383866,,84.967
dc_cnn27,sweep_all,Deep Contractive,CNN,synthetic,eta,200,current_mixture,0.1,10,1e-12,width,0.0,0,g_ibp,0.986762059865949,,0.006
dc_cnn27,sweep_all,Deep Contractive,CNN,synthetic,eta,200,current_mixture,0.1,10,1e-12,width,0.0,1,d_eff,19.36990962303119,,80.944
dc_cnn27,sweep_all,Deep Contractive,CNN,synthetic,eta,200,current_mixture,0.1,10,1e-12,width,0.0,1,g_ibp,0.986762065769753,,0.035
dc_cnn27,sweep_all,Deep Contractive,CNN,synthetic,eta,200,current_mixture,0.1,10,1e-12,width,0.0,2,d_eff,17.92138321584736,,146.426
dc_cnn27,sweep_all,Deep Contractive,CNN,synthetic,eta,200,current_mixture,0.1,10,1e-12,width,0.0,2,g_ibp,0.9867620731495005,,0.068
dc_cnn27,sweep_all,Deep Contractive,CNN,synthetic,eta,200,current_mixture,0.1,10,1e-12,width,0.0,3,d_eff,20.284407438817894,,59.462
dc_cnn27,sweep_all,Deep Contractive,CNN,synthetic,eta,200,current_mixture,0.1,10,1e-12,width,0.0,3,g_ibp,0.9867620834811331,,0.096
dc_cnn27,sweep_all,Deep Contractive,CNN,synthetic,eta,200,current_mixture,0.1,10,1e-12,width,0.0,4,d_eff,18.128588970840795,,54.482
dc_cnn27,sweep_all,Deep Contractive,CNN,synthetic,eta,200,current_mixture,0.1,10,1e-12,width,0.0,4,g_ibp,0.9867620377266374,,0.007
dc_cnn27,sweep_all,Deep Contractive,CNN,synthetic,eta,200,current_mixture,0.1,10,1e-12,width,0.0,5,d_eff,18.388059238962033,,73.726
dc_cnn27,sweep_all,Deep Contractive,CNN,synthetic,eta,200,current_mixture,0.1,10,1e-12,width,0.0,5,g_ibp,0.9867620820051866,,0.007
dc_cnn27,sweep_all,Deep Contractive,CNN,synthetic,eta,200,current_mixture,0.1,10,1e-12,width,0.0,6,d_eff,19.666129742384427,,141.545
dc_cnn27,sweep_all,Deep Contractive,CNN,synthetic,eta,200,current_mixture,0.1,10,1e-12,width,0.0,6,g_ibp,0.9867620539621399,,0.095
dc_cnn27,sweep_all,Deep Contractive,CNN,synthetic,eta,200,current_mixture,0.1,10,1e-12,width,0.0,7,d_eff,19.448898220406523,,91.831
dc_cnn27,sweep_all,Deep Contractive,CNN,synthetic,eta,200,current_mixture,0.1,10,1e-12,width,0.0,7,g_ibp,0.986762077577345,,0.008
dc_cnn27,sweep_all,Deep Contractive,CNN,synthetic,eta,200,current_mixture,0.1,10,1e-09,width,0.0,0,d_eff,19.842852161985974,,72.833
dc_cnn27,sweep_all,Deep Contractive,CNN,synthetic,eta,200,current_mixture,0.1,10,1e-09,width,0.0,0,g_ibp,0.9867620597507021,,0.007
dc_cnn27,sweep_all,Deep Contractive,CNN,synthetic,eta,200,current_mixture,0.1,10,1e-09,width,0.0,1,d_eff,19.369871527053196,,65.603
dc_cnn27,sweep_all,Deep Contractive,CNN,synthetic,eta,200,current_mixture,0.1,10,1e-09,width,0.0,1,g_ibp,0.9867620656545061,,0.013
dc_cnn27,sweep_all,Deep Contractive,CNN,synthetic,eta,200,current_mixture,0.1,10,1e-09,width,0.0,2,d_eff,17.92134450948489,,102.223
dc_cnn27,sweep_all,Deep Contractive,CNN,synthetic,eta,200,current_mixture,0.1,10,1e-09,width,0.0,2,g_ibp,0.9867620730342536,,0.026
dc_cnn27,sweep_all,Deep Contractive,CNN,synthetic,eta,200,current_mixture,0.1,10,1e-09,width,0.0,3,d_eff,20.2843688093481,,94.687
dc_cnn27,sweep_all,Deep Contractive,CNN,synthetic,eta,200,current_mixture,0.1,10,1e-09,width,0.0,3,g_ibp,0.9867620833658863,,0.055
dc_cnn27,sweep_all,Deep Contractive,CNN,synthetic,eta,200,current_mixture,0.1,10,1e-09,width,0.0,4,d_eff,18.128549793695985,,122.808
dc_cnn27,sweep_all,Deep Contractive,CNN,synthetic,eta,200,current_mixture,0.1,10,1e-09,width,0.0,4,g_ibp,0.9867620376113903,,0.055
dc_cnn27,sweep_all,Deep Contractive,CNN,synthetic,eta,200,current_mixture,0.1,10,1e-09,width,0.0,5,d_eff,18.388020963463696,,69.264
dc_cnn27,sweep_all,Deep Contractive,CNN,synthetic,eta,200,current_mixture,0.1,10,1e-09,width,0.0,5,g_ibp,0.9867620818899399,,0.095
dc_cnn27,sweep_all,Deep Contractive,CNN,synthetic,eta,200,current_mixture,0.1,10,1e-09,width,0.0,6,d_eff,19.666090891157676,,146.417
dc_cnn27,sweep_all,Deep Contractive,CNN,synthetic,eta,200,current_mixture,0.1,10,1e-09,width,0.0,6,g_ibp,0.9867620538468929,,0.103
dc_cnn27,sweep_all,Deep Contractive,CNN,synthetic,eta,200,current_mixture,0.1,10,1e-09,width,0.0,7,d_eff,19.44885822391193,,115.006
dc_cnn27,sweep_all,Deep Contractive,CNN,synthetic,eta,200,current_mixture,0.1,10,1e-09,width,0.0,7,g_ibp,0.9867620774620982,,0.102
dc_cnn27,sweep_all,Deep Contractive,CNN,synthetic,eta,200,current_mixture,0.1,10,1e-06,width,0.0,0,d_eff,19.80425956802889,,96.227
dc_cnn27,sweep_all,Deep Contractive,CNN,synthetic,eta,200,current_mixture,0.1,10,1e-06,width,0.0,0,g_ibp,0.9867619445037341,,0.008
dc_cnn27,sweep_all,Deep Contractive,CNN,synthetic,eta,200,current_mixture,0.1,10,1e-06,width,0.0,1,d_eff,19.332018771292788,,66.239
dc_cnn27,sweep_all,Deep Contractive,CNN,synthetic,eta,200,current_mixture,0.1,10,1e-06,width,0.0,1,g_ibp,0.9867619504075889,,0.016
dc_cnn27,sweep_all,Deep Contractive,CNN,synthetic,eta,200,current_mixture,0.1,10,1e-06,width,0.0,2,d_eff,17.88282564847583,,129.689
dc_cnn27,sweep_all,Deep Contractive,CNN,synthetic,eta,200,current_mixture,0.1,10,1e-06,width,0.0,2,g_ibp,0.9867619577873998,,0.009
dc_cnn27,sweep_all,Deep Contractive,CNN,synthetic,eta,200,current_mixture,0.1,10,1e-06,width,0.0,3,d_eff,20.245899753058584,,75.511
dc_cnn27,sweep_all,Deep Contractive,CNN,synthetic,eta,200,current_mixture,0.1,10,1e-06,width,0.0,3,g_ibp,0.9867619681191213,,0.006
dc_cnn27,sweep_all,Deep Contractive,CNN,synthetic,eta,200,current_mixture,0.1,10,1e-06,width,0.0,4,d_eff,18.089536426404976,,82.997
dc_cnn27,sweep_all,Deep Contractive,CNN,synthetic,eta,200,current_mixture,0.1,10,1e-06,width,0.0,4,g_ibp,0.9867619223642322,,0.008
dc_cnn27,sweep_all,Deep Contractive,CNN,synthetic,eta,200,current_mixture,0.1,10,1e-06,width,0.0,5,d_eff,18.349941387875937,,145.649
dc_cnn27,sweep_all,Deep Contractive,CNN,synthetic,eta,200,current_mixture,0.1,10,1e-06,width,0.0,5,g_ibp,0.9867619666431621,,0.095
dc_cnn27,sweep_all,Deep Contractive,CNN,synthetic,eta,200,current_mixture,0.1,10,1e-06,width,0.0,6,d_eff,19.62742404122544,,148.601
dc_cnn27,sweep_all,Deep Contractive,CNN,synthetic,eta,200,current_mixture,0.1,10,1e-06,width,0.0,6,g_ibp,0.9867619385998743,,0.095
dc_cnn27,sweep_all,Deep Contractive,CNN,synthetic,eta,200,current_mixture,0.1,10,1e-06,width,0.0,7,d_eff,19.40906146905157,,79.804
dc_cnn27,sweep_all,Deep Contractive,CNN,synthetic,eta,200,current_mixture,0.1,10,1e-06,width,0.0,7,g_ibp,0.9867619622152825,,0.009
dc_cnn27,sweep_all,Deep Contractive,CNN,synthetic,eta,200,current_mixture,0.1,10,0.001,width,0.0,0,d_eff,7.751371459529826,,95.304
dc_cnn27,sweep_all,Deep Contractive,CNN,synthetic,eta,200,current_mixture,0.1,10,0.001,width,0.0,0,g_ibp,0.9866467110076698,,0.103
dc_cnn27,sweep_all,Deep Contractive,CNN,synthetic,eta,200,current_mixture,0.1,10,0.001,width,0.0,1,d_eff,7.748622068706022,,72.819
dc_cnn27,sweep_all,Deep Contractive,CNN,synthetic,eta,200,current_mixture,0.1,10,0.001,width,0.0,1,g_ibp,0.9866467169622204,,0.095
dc_cnn27,sweep_all,Deep Contractive,CNN,synthetic,eta,200,current_mixture,0.1,10,0.001,width,0.0,2,d_eff,6.797767693400811,,120.784
dc_cnn27,sweep_all,Deep Contractive,CNN,synthetic,eta,200,current_mixture,0.1,10,0.001,width,0.0,2,g_ibp,0.9866467244054011,,0.103
dc_cnn27,sweep_all,Deep Contractive,CNN,synthetic,eta,200,current_mixture,0.1,10,0.001,width,0.0,3,d_eff,7.9887235850398755,,142.199
dc_cnn27,sweep_all,Deep Contractive,CNN,synthetic,eta,200,current_mixture,0.1,10,0.001,width,0.0,3,g_ibp,0.9866467348258403,,0.096
dc_cnn27,sweep_all,Deep Contractive,CNN,synthetic,eta,200,current_mixture,0.1,10,0.001,width,0.0,4,d_eff,6.739838947396256,,76.006
dc_cnn27,sweep_all,Deep Contractive,CNN,synthetic,eta,200,current_mixture,0.1,10,0.001,width,0.0,4,g_ibp,0.9866466886780577,,0.022
dc_cnn27,sweep_all,Deep Contractive,CNN,synthetic,eta,200,current_mixture,0.1,10,0.001,width,0.0,5,d_eff,7.057785786255839,,100.36
dc_cnn27,sweep_all,Deep Contractive,CNN,synthetic,eta,200,current_mixture,0.1,10,0.001,width,0.0,5,g_ibp,0.9866467333372072,,0.055
dc_cnn27,sweep_all,Deep Contractive,CNN,synthetic,eta,200,current_mixture,0.1,10,0.001,width,0.0,6,d_eff,7.789331375704481,,114.249
dc_cnn27,sweep_all,Deep Contractive,CNN,synthetic,eta,200,current_mixture,0.1,10,0.001,width,0.0,6,g_ibp,0.9866467050531139,,0.095
dc_cnn27,sweep_all,Deep Contractive,CNN,synthetic,eta,200,current_mixture,0.1,10,0.001,width,0.0,7,d_eff,7.530990051369327,,77.139
dc_cnn27,sweep_all,Deep Contractive,CNN,synthetic,eta,200,current_mixture,0.1,10,0.001,width,0.0,7,g_ibp,0.9866467288713057,,0.051
dc_cnn24,sweep_all,Deep Contractive,CNN,synthetic,eta,200,current_mixture,0.1,10,1e-12,width,0.0,0,d_eff,21.000700908163196,,143.585
dc_cnn24,sweep_all,Deep Contractive,CNN,synthetic,eta,200,current_mixture,0.1,10,1e-12,width,0.0,0,g_ibp,0.9850381004540717,,0.122
dc_cnn24,sweep_all,Deep Contractive,CNN,synthetic,eta,200,current_mixture,0.1,10,1e-12,width,0.0,1,d_eff,22.794493229607752,,99.909
dc_cnn24,sweep_all,Deep Contractive,CNN,synthetic,eta,200,current_mixture,0.1,10,1e-12,width,0.0,1,g_ibp,0.9850380922756393,,0.103
dc_cnn24,sweep_all,Deep Contractive,CNN,synthetic,eta,200,current_mixture,0.1,10,1e-12,width,0.0,2,d_eff,22.35422554556627,,77.758
dc_cnn24,sweep_all,Deep Contractive,CNN,synthetic,eta,200,current_mixture,0.1,10,1e-12,width,0.0,2,g_ibp,0.9850381154478411,,0.006
dc_cnn24,sweep_all,Deep Contractive,CNN,synthetic,eta,200,current_mixture,0.1,10,1e-12,width,0.0,3,d_eff,21.133870898999657,,92.647
dc_cnn24,sweep_all,Deep Contractive,CNN,synthetic,eta,200,current_mixture,0.1,10,1e-12,width,0.0,3,g_ibp,0.9850381113586343,,0.021
dc_cnn24,sweep_all,Deep Contractive,CNN,synthetic,eta,200,current_mixture,0.1,10,1e-12,width,0.0,4,d_eff,22.102930865028792,,69.225
dc_cnn24,sweep_all,Deep Contractive,CNN,synthetic,eta,200,current_mixture,0.1,10,1e-12,width,0.0,4,g_ibp,0.985038122263181,,0.055
dc_cnn24,sweep_all,Deep Contractive,CNN,synthetic,eta,200,current_mixture,0.1,10,1e-12,width,0.0,5,d_eff,22.119019880450047,,141.54
dc_cnn24,sweep_all,Deep Contractive,CNN,synthetic,eta,200,current_mixture,0.1,10,1e-12,width,0.0,5,g_ibp,0.9850381099955648,,0.051
dc_cnn24,sweep_all,Deep Contractive,CNN,synthetic,eta,200,current_mixture,0.1,10,1e-12,width,0.0,6,d_eff,21.982887502691646,,74.856
dc_cnn24,sweep_all,Deep Contractive,CNN,synthetic,eta,200,current_mixture,0.1,10,1e-12,width,0.0,6,g_ibp,0.9850381045432846,,0.103
dc_cnn24,sweep_all,Deep Contractive,CNN,synthetic,eta,200,current_mixture,0.1,10,1e-12,width,0.0,7,d_eff,23.110533202712485,,124.217
dc_cnn24,sweep_all,Deep Contractive,CNN,synthetic,eta,200,current_mixture,0.1,10,1e-12,width,0.0,7,g_ibp,0.9850381195370458,,0.051
dc_cnn24,sweep_all,Deep Contractive,CNN,synthetic,eta,200,current_mixture,0.1,10,1e-09,width,0.0,0,d_eff,21.0006636969705,,38.513
dc_cnn24,sweep_all,Deep Contractive,CNN,synthetic,eta,200,current_mixture,0.1,10,1e-09,width,0.0,0,g_ibp,0.9850381003600669,,0.01
dc_cnn24,sweep_all,Deep Contractive,CNN,synthetic,eta,200,current_mixture,0.1,10,1e-09,width,0.0,1,d_eff,22.79445656215986,,44.082
dc_cnn24,sweep_all,Deep Contractive,CNN,synthetic,eta,200,current_mixture,0.1,10,1e-09,width,0.0,1,g_ibp,0.9850380921816344,,0.007
dc_cnn24,sweep_all,Deep Contractive,CNN,synthetic,eta,200,current_mixture,0.1,10,1e-09,width,0.0,2,d_eff,22.35418967707788,,146.956
dc_cnn24,sweep_all,Deep Contractive,CNN,synthetic,eta,200,current_mixture,0.1,10,1e-09,width,0.0,2,g_ibp,0.9850381153538365,,0.051
dc_cnn24,sweep_all,Deep Contractive,CNN,synthetic,eta,200,current_mixture,0.1,10,1e-09,width,0.0,3,d_eff,21.133833770479125,,111.674
dc_cnn24,sweep_all,Deep Contractive,CNN,synthetic,eta,200,current_mixture,0.1,10,1e-09,width,0.0,3,g_ibp,0.9850381112646295,,0.094
dc_cnn24,sweep_all,Deep Contractive,CNN,synthetic,eta,200,current_mixture,0.1,10,1e-09,width,0.0,4,d_eff,22.10289372252108,,63.817
dc_cnn24,sweep_all,Deep Contractive,CNN,synthetic,eta,200,current_mixture,0.1,10,1e-09,width,0.0,4,g_ibp,0.9850381221691763,,0.048
dc_cnn24,sweep_all,Deep Contractive,CNN,synthetic,eta,200,current_mixture,0.1,10,1e-09,width,0.0,5,d_eff,22.118982198692052,,83.14
dc_cnn24,sweep_all,Deep Contractive,CNN,synthetic,eta,200,current_mixture,0.1,10,1e-09,width,0.0,5,g_ibp,0.98503810990156,,0.012
dc_cnn24,sweep_all,Deep Contractive,CNN,synthetic,eta,200,current_mixture,0.1,10,1e-09,width,0.0,6,d_eff,21.98284914174364,,125.746
dc_cnn24,sweep_all,Deep Contractive,CNN,synthetic,eta,200,current_mixture,0.1,10,1e-09,width,0.0,6,g_ibp,0.9850381044492797,,0.09
dc_cnn24,sweep_all,Deep Contractive,CNN,synthetic,eta,200,current_mixture,0.1,10,1e-09,width,0.0,7,d_eff,23.11049573863295,,100.789
dc_cnn24,sweep_all,Deep Contractive,CNN,synthetic,eta,200,current_mixture,0.1,10,1e-09,width,0.0,7,g_ibp,0.9850381194430411,,0.095
dc_cnn24,sweep_all,Deep Contractive,CNN,synthetic,eta,200,current_mixture,0.1,10,1e-06,width,0.0,0,d_eff,20.963591165081606,,97.743
dc_cnn24,sweep_all,Deep Contractive,CNN,synthetic,eta,200,current_mixture,0.1,10,1e-06,width,0.0,0,g_ibp,0.9850380063552227,,0.107
dc_cnn24,sweep_all,Deep Contractive,CNN,synthetic,eta,200,current_mixture,0.1,10,1e-06,width,0.0,1,d_eff,22.75791883857381,,145.276
dc_cnn24,sweep_all,Deep Contractive,CNN,synthetic,eta,200,current_mixture,0.1,10,1e-06,width,0.0,1,g_ibp,0.9850379981767396,,0.103
dc_cnn24,sweep_all,Deep Contractive,CNN,synthetic,eta,200,current_mixture,0.1,10,1e-06,width,0.0,2,d_eff,22.318433529592316,,64.02
dc_cnn24,sweep_all,Deep Contractive,CNN,synthetic,eta,200,current_mixture,0.1,10,1e-06,width,0.0,2,g_ibp,0.985038021349085,,0.007
dc_cnn24,sweep_all,Deep Contractive,CNN,synthetic,eta,200,current_mixture,0.1,10,1e-06,width,0.0,3,d_eff,21.096839155437756,,87.79
dc_cnn24,sweep_all,Deep Contractive,CNN,synthetic,eta,200,current_mixture,0.1,10,1e-06,width,0.0,3,g_ibp,0.9850380172598528,,0.099
dc_cnn24,sweep_all,Deep Contractive,CNN,synthetic,eta,200,current_mixture,0.1,10,1e-06,width,0.0,4,d_eff,22.065886550787628,,73.456
dc_cnn24,sweep_all,Deep Contractive,CNN,synthetic,eta,200,current_mixture,0.1,10,1e-06,width,0.0,4,g_ibp,0.9850380281644671,,0.047
dc_cnn24,sweep_all,Deep Contractive,CNN,synthetic,eta,200,current_mixture,0.1,10,1e-06,width,0.0,5,d_eff,22.081431890955272,,99.338
dc_cnn24,sweep_all,Deep Contractive,CNN,synthetic,eta,200,current_mixture,0.1,10,1e-06,width,0.0,5,g_ibp,0.985038015896775,,0.103
dc_cnn24,sweep_all,Deep Contractive,CNN,synthetic,eta,200,current_mixture,0.1,10,1e-06,width,0.0,6,d_eff,21.94462994558616,,115.512
dc_cnn24,sweep_all,Deep Contractive,CNN,synthetic,eta,200,current_mixture,0.1,10,1e-06,width,0.0,6,g_ibp,0.9850380104444608,,0.024
dc_cnn24,sweep_all,Deep Contractive,CNN,synthetic,eta,200,current_mixture,0.1,10,1e-06,width,0.0,7,d_eff,23.073156728612414,,112.954
dc_cnn24,sweep_all,Deep Contractive,CNN,synthetic,eta,200,current_mixture,0.1,10,1e-06,width,0.0,7,g_ibp,0.985038025438315,,0.099
dc_cnn24,sweep_all,Deep Contractive,CNN,synthetic,eta,200,current_mixture,0.1,10,0.001,width,0.0,0,d_eff,8.72520787371895,,145.613
dc_cnn24,sweep_all,Deep Contractive,CNN,synthetic,eta,200,current_mixture,0.1,10,0.001,width,0.0,0,g_ibp,0.9849440104902404,,0.105
dc_cnn24,sweep_all,Deep Contractive,CNN,synthetic,eta,200,current_mixture,0.1,10,0.001,width,0.0,1,d_eff,9.969405702936552,,98.493
dc_cnn24,sweep_all,Deep Contractive,CNN,synthetic,eta,200,current_mixture,0.1,10,0.001,width,0.0,1,g_ibp,0.984944002261163,,0.099
dc_cnn24,sweep_all,Deep Contractive,CNN,synthetic,eta,200,current_mixture,0.1,10,0.001,width,0.0,2,d_eff,9.643993199712314,,91.904
dc_cnn24,sweep_all,Deep Contractive,CNN,synthetic,eta,200,current_mixture,0.1,10,0.001,width,0.0,2,g_ibp,0.9849440255768591,,0.011
dc_cnn24,sweep_all,Deep Contractive,CNN,synthetic,eta,200,current_mixture,0.1,10,0.001,width,0.0,3,d_eff,8.8628368013609,,143.258
dc_cnn24,sweep_all,Deep Contractive,CNN,synthetic,eta,200,current_mixture,0.1,10,0.001,width,0.0,3,g_ibp,0.9849440214623297,,0.051
dc_cnn24,sweep_all,Deep Contractive,CNN,synthetic,eta,200,current_mixture,0.1,10,0.001,width,0.0,4,d_eff,9.417447912761125,,71.082
dc_cnn24,sweep_all,Deep Contractive,CNN,synthetic,eta,200,current_mixture,0.1,10,0.001,width,0.0,4,g_ibp,0.984944032434403,,0.107
dc_cnn24,sweep_all,Deep Contractive,CNN,synthetic,eta,200,current_mixture,0.1,10,0.001,width,0.0,5,d_eff,9.304614670330675,,56.185
dc_cnn24,sweep_all,Deep Contractive,CNN,synthetic,eta,200,current_mixture,0.1,10,0.001,width,0.0,5,g_ibp,0.9849440200908194,,0.016
dc_cnn24,sweep_all,Deep Contractive,CNN,synthetic,eta,200,current_mixture,0.1,10,0.001,width,0.0,6,d_eff,9.151680723377545,,100.28
dc_cnn24,sweep_all,Deep Contractive,CNN,synthetic,eta,200,current_mixture,0.1,10,0.001,width,0.0,6,g_ibp,0.9849440146047758,,0.006
dc_cnn24,sweep_all,Deep Contractive,CNN,synthetic,eta,200,current_mixture,0.1,10,0.001,width,0.0,7,d_eff,9.964549354949352,,142.855
dc_cnn24,sweep_all,Deep Contractive,CNN,synthetic,eta,200,current_mixture,0.1,10,0.001,width,0.0,7,g_ibp,0.9849440296913862,,0.051
dc_cnn28,sweep_all,Deep Contractive,CNN,synthetic,eta,200,current_mixture,0.1,10,1e-12,width,0.0,0,d_eff,19.842890919383866,,49.395
dc_cnn28,sweep_all,Deep Contractive,CNN,synthetic,eta,200,current_mixture,0.1,10,1e-12,width,0.0,0,g_ibp,0.986762059865949,,0.008
dc_cnn28,sweep_all,Deep Contractive,CNN,synthetic,eta,200,current_mixture,0.1,10,1e-12,width,0.0,1,d_eff,19.36990962303119,,39.147
dc_cnn28,sweep_all,Deep Contractive,CNN,synthetic,eta,200,current_mixture,0.1,10,1e-12,width,0.0,1,g_ibp,0.986762065769753,,0.007
dc_cnn28,sweep_all,Deep Contractive,CNN,synthetic,eta,200,current_mixture,0.1,10,1e-12,width,0.0,2,d_eff,17.92138321584736,,144.613
dc_cnn28,sweep_all,Deep Contractive,CNN,synthetic,eta,200,current_mixture,0.1,10,1e-12,width,0.0,2,g_ibp,0.9867620731495005,,0.107
dc_cnn28,sweep_all,Deep Contractive,CNN,synthetic,eta,200,current_mixture,0.1,10,1e-12,width,0.0,3,d_eff,20.284407438817894,,88.426
dc_cnn28,sweep_all,Deep Contractive,CNN,synthetic,eta,200,current_mixture,0.1,10,1e-12,width,0.0,3,g_ibp,0.9867620834811331,,0.008
dc_cnn28,sweep_all,Deep Contractive,CNN,synthetic,eta,200,current_mixture,0.1,10,1e-12,width,0.0,4,d_eff,18.128588970840795,,96.537
dc_cnn28,sweep_all,Deep Contractive,CNN,synthetic,eta,200,current_mixture,0.1,10,1e-12,width,0.0,4,g_ibp,0.9867620377266374,,0.009
dc_cnn28,sweep_all,Deep Contractive,CNN,synthetic,eta,200,current_mixture,0.1,10,1e-12,width,0.0,5,d_eff,18.388059238962033,,51.61
dc_cnn28,sweep_all,Deep Contractive,CNN,synthetic,eta,200,current_mixture,0.1,10,1e-12,width,0.0,5,g_ibp,0.9867620820051866,,0.011
dc_cnn28,sweep_all,Deep Contractive,CNN,synthetic,eta,200,current_mixture,0.1,10,1e-12,width,0.0,6,d_eff,19.666129742384427,,143.618
dc_cnn28,sweep_all,Deep Contractive,CNN,synthetic,eta,200,current_mixture,0.1,10,1e-12,width,0.0,6,g_ibp,0.9867620539621399,,0.095
dc_cnn28,sweep_all,Deep Contractive,CNN,synthetic,eta,200,current_mixture,0.1,10,1e-12,width,0.0,7,d_eff,19.448898220406523,,110.548
dc_cnn28,sweep_all,Deep Contractive,CNN,synthetic,eta,200,current_mixture,0.1,10,1e-12,width,0.0,7,g_ibp,0.986762077577345,,0.008
dc_cnn28,sweep_all,Deep Contractive,CNN,synthetic,eta,200,current_mixture,0.1,10,1e-09,width,0.0,0,d_eff,19.842852161985974,,81.377
dc_cnn28,sweep_all,Deep Contractive,CNN,synthetic,eta,200,current_mixture,0.1,10,1e-09,width,0.0,0,g_ibp,0.9867620597507021,,0.035
dc_cnn28,sweep_all,Deep Contractive,CNN,synthetic,eta,200,current_mixture,0.1,10,1e-09,width,0.0,1,d_eff,19.369871527053196,,93.292
dc_cnn28,sweep_all,Deep Contractive,CNN,synthetic,eta,200,current_mixture,0.1,10,1e-09,width,0.0,1,g_ibp,0.9867620656545061,,0.051
dc_cnn28,sweep_all,Deep Contractive,CNN,synthetic,eta,200,current_mixture,0.1,10,1e-09,width,0.0,2,d_eff,17.92134450948489,,102.541
dc_cnn28,sweep_all,Deep Contractive,CNN,synthetic,eta,200,current_mixture,0.1,10,1e-09,width,0.0,2,g_ibp,0.9867620730342536,,0.007
dc_cnn28,sweep_all,Deep Contractive,CNN,synthetic,eta,200,current_mixture,0.1,10,1e-09,width,0.0,3,d_eff,20.2843688093481,,50.109
dc_cnn28,sweep_all,Deep Contractive,CNN,synthetic,eta,200,current_mixture,0.1,10,1e-09,width,0.0,3,g_ibp,0.9867620833658863,,0.033
dc_cnn28,sweep_all,Deep Contractive,CNN,synthetic,eta,200,current_mixture,0.1,10,1e-09,width,0.0,4,d_eff,18.128549793695985,,127.652
dc_cnn28,sweep_all,Deep Contractive,CNN,synthetic,eta,200,current_mixture,0.1,10,1e-09,width,0.0,4,g_ibp,0.9867620376113903,,0.055
dc_cnn28,sweep_all,Deep Contractive,CNN,synthetic,eta,200,current_mixture,0.1,10,1e-09,width,0.0,5,d_eff,18.388020963463696,,86.089
dc_cnn28,sweep_all,Deep Contractive,CNN,synthetic,eta,200,current_mixture,0.1,10,1e-09,width,0.0,5,g_ibp,0.9867620818899399,,0.008
dc_cnn28,sweep_all,Deep Contractive,CNN,synthetic,eta,200,current_mixture,0.1,10,1e-09,width,0.0,6,d_eff,19.666090891157676,,67.195
dc_cnn28,sweep_all,Deep Contractive,CNN,synthetic,eta,200,current_mixture,0.1,10,1e-09,width,0.0,6,g_ibp,0.9867620538468929,,0.023
dc_cnn28,sweep_all,Deep Contractive,CNN,synthetic,eta,200,current_mixture,0.1,10,1e-09,width,0.0,7,d_eff,19.44885822391193,,106.222
dc_cnn28,sweep_all,Deep Contractive,CNN,synthetic,eta,200,current_mixture,0.1,10,1e-09,width,0.0,7,g_ibp,0.9867620774620982,,0.041
dc_cnn28,sweep_all,Deep Contractive,CNN,synthetic,eta,200,current_mixture,0.1,10,1e-06,width,0.0,0,d_eff,19.80425956802889,,142.331
dc_cnn28,sweep_all,Deep Contractive,CNN,synthetic,eta,200,current_mixture,0.1,10,1e-06,width,0.0,0,g_ibp,0.9867619445037341,,0.102
dc_cnn28,sweep_all,Deep Contractive,CNN,synthetic,eta,200,current_mixture,0.1,10,1e-06,width,0.0,1,d_eff,19.332018771292788,,113.56
dc_cnn28,sweep_all,Deep Contractive,CNN,synthetic,eta,200,current_mixture,0.1,10,1e-06,width,0.0,1,g_ibp,0.9867619504075889,,0.095
dc_cnn28,sweep_all,Deep Contractive,CNN,synthetic,eta,200,current_mixture,0.1,10,1e-06,width,0.0,2,d_eff,17.88282564847583,,142.734
dc_cnn28,sweep_all,Deep Contractive,CNN,synthetic,eta,200,current_mixture,0.1,10,1e-06,width,0.0,2,g_ibp,0.9867619577873998,,0.095
dc_cnn28,sweep_all,Deep Contractive,CNN,synthetic,eta,200,current_mixture,0.1,10,1e-06,width,0.0,3,d_eff,20.245899753058584,,59.144
dc_cnn28,sweep_all,Deep Contractive,CNN,synthetic,eta,200,current_mixture,0.1,10,1e-06,width,0.0,3,g_ibp,0.9867619681191213,,0.022
dc_cnn28,sweep_all,Deep Contractive,CNN,synthetic,eta,200,current_mixture,0.1,10,1e-06,width,0.0,4,d_eff,18.089536426404976,,94.066
dc_cnn28,sweep_all,Deep Contractive,CNN,synthetic,eta,200,current_mixture,0.1,10,1e-06,width,0.0,4,g_ibp,0.9867619223642322,,0.008
dc_cnn28,sweep_all,Deep Contractive,CNN,synthetic,eta,200,current_mixture,0.1,10,1e-06,width,0.0,5,d_eff,18.349941387875937,,99.512
dc_cnn28,sweep_all,Deep Contractive,CNN,synthetic,eta,200,current_mixture,0.1,10,1e-06,width,0.0,5,g_ibp,0.9867619666431621,,0.051
dc_cnn28,sweep_all,Deep Contractive,CNN,synthetic,eta,200,current_mixture,0.1,10,1e-06,width,0.0,6,d_eff,19.62742404122544,,92.595
dc_cnn28,sweep_all,Deep Contractive,CNN,synthetic,eta,200,current_mixture,0.1,10,1e-06,width,0.0,6,g_ibp,0.9867619385998743,,0.007
dc_cnn28,sweep_all,Deep Contractive,CNN,synthetic,eta,200,current_mixture,0.1,10,1e-06,width,0.0,7,d_eff,19.40906146905157,,145.199
dc_cnn28,sweep_all,Deep Contractive,CNN,synthetic,eta,200,current_mixture,0.1,10,1e-06,width,0.0,7,g_ibp,0.9867619622152825,,0.055
dc_cnn28,sweep_all,Deep Contractive,CNN,synthetic,eta,200,current_mixture,0.1,10,0.001,width,0.0,0,d_eff,7.751371459529826,,77.626
dc_cnn28,sweep_all,Deep Contractive,CNN,synthetic,eta,200,current_mixture,0.1,10,0.001,width,0.0,0,g_ibp,0.9866467110076698,,0.095
dc_cnn28,sweep_all,Deep Contractive,CNN,synthetic,eta,200,current_mixture,0.1,10,0.001,width,0.0,1,d_eff,7.748622068706022,,59.763
dc_cnn28,sweep_all,Deep Contractive,CNN,synthetic,eta,200,current_mixture,0.1,10,0.001,width,0.0,1,g_ibp,0.9866467169622204,,0.008
dc_cnn28,sweep_all,Deep Contractive,CNN,synthetic,eta,200,current_mixture,0.1,10,0.001,width,0.0,2,d_eff,6.797767693400811,,142.74
dc_cnn28,sweep_all,Deep Contractive,CNN,synthetic,eta,200,current_mixture,0.1,10,0.001,width,0.0,2,g_ibp,0.9866467244054011,,0.095
dc_cnn28,sweep_all,Deep Contractive,CNN,synthetic,eta,200,current_mixture,0.1,10,0.001,width,0.0,3,d_eff,7.9887235850398755,,146.058
dc_cnn28,sweep_all,Deep Contractive,CNN,synthetic,eta,200,current_mixture,0.1,10,0.001,width,0.0,3,g_ibp,0.9866467348258403,,0.099
dc_cnn28,sweep_all,Deep Contractive,CNN,synthetic,eta,200,current_mixture,0.1,10,0.001,width,0.0,4,d_eff,6.739838947396256,,128.007
dc_cnn28,sweep_all,Deep Contractive,CNN,synthetic,eta,200,current_mixture,0.1,10,0.001,width,0.0,4,g_ibp,0.9866466886780577,,0.099
dc_cnn28,sweep_all,Deep Contractive,CNN,synthetic,eta,200,current_mixture,0.1,10,0.001,width,0.0,5,d_eff,7.057785786255839,,89.743
dc_cnn28,sweep_all,Deep Contractive,CNN,synthetic,eta,200,current_mixture,0.1,10,0.001,width,0.0,5,g_ibp,0.9866467333372072,,0.106
dc_cnn28,sweep_all,Deep Contractive,CNN,synthetic,eta,200,current_mixture,0.1,10,0.001,width,0.0,6,d_eff,7.789331375704481,,110.088
dc_cnn28,sweep_all,Deep Contractive,CNN,synthetic,eta,200,current_mixture,0.1,10,0.001,width,0.0,6,g_ibp,0.9866467050531139,,0.103
dc_cnn28,sweep_all,Deep Contractive,CNN,synthetic,eta,200,current_mixture,0.1,10,0.001,width,0.0,7,d_eff,7.530990051369327,,138.741
dc_cnn28,sweep_all,Deep Contractive,CNN,synthetic,eta,200,current_mixture,0.1,10,0.001,width,0.0,7,g_ibp,0.9866467288713057,,0.051
dc_cnn23,sweep_all,Deep Contractive,CNN,synthetic,eta,200,current_mixture,0.1,10,1e-12,width,0.0,0,d_eff,21.000700908163196,,138.634
dc_cnn23,sweep_all,Deep Contractive,CNN,synthetic,eta,200,current_mixture,0.1,10,1e-12,width,0.0,0,g_ibp,0.9850381004540717,,0.091
dc_cnn23,sweep_all,Deep Contractive,CNN,synthetic,eta,200,current_mixture,0.1,10,1e-12,width,0.0,1,d_eff,22.794493229607752,,74.092
dc_cnn23,sweep_all,Deep Contractive,CNN,synthetic,eta,200,current_mixture,0.1,10,1e-12,width,0.0,1,g_ibp,0.9850380922756393,,0.011
dc_cnn23,sweep_all,Deep Contractive,CNN,synthetic,eta,200,current_mixture,0.1,10,1e-12,width,0.0,2,d_eff,22.35422554556627,,63.259
dc_cnn23,sweep_all,Deep Contractive,CNN,synthetic,eta,200,current_mixture,0.1,10,1e-12,width,0.0,2,g_ibp,0.9850381154478411,,0.103
dc_cnn23,sweep_all,Deep Contractive,CNN,synthetic,eta,200,current_mixture,0.1,10,1e-12,width,0.0,3,d_eff,21.133870898999657,,95.689
dc_cnn23,sweep_all,Deep Contractive,CNN,synthetic,eta,200,current_mixture,0.1,10,1e-12,width,0.0,3,g_ibp,0.9850381113586343,,0.094
dc_cnn23,sweep_all,Deep Contractive,CNN,synthetic,eta,200,current_mixture,0.1,10,1e-12,width,0.0,4,d_eff,22.102930865028792,,91.542
dc_cnn23,sweep_all,Deep Contractive,CNN,synthetic,eta,200,current_mixture,0.1,10,1e-12,width,0.0,4,g_ibp,0.985038122263181,,0.097
dc_cnn23,sweep_all,Deep Contractive,CNN,synthetic,eta,200,current_mixture,0.1,10,1e-12,width,0.0,5,d_eff,22.119019880450047,,144.69
dc_cnn23,sweep_all,Deep Contractive,CNN,synthetic,eta,200,current_mixture,0.1,10,1e-12,width,0.0,5,g_ibp,0.9850381099955648,,0.1
dc_cnn23,sweep_all,Deep Contractive,CNN,synthetic,eta,200,current_mixture,0.1,10,1e-12,width,0.0,6,d_eff,21.982887502691646,,63.983
dc_cnn23,sweep_all,Deep Contractive,CNN,synthetic,eta,200,current_mixture,0.1,10,1e-12,width,0.0,6,g_ibp,0.9850381045432846,,0.059
dc_cnn23,sweep_all,Deep Contractive,CNN,synthetic,eta,200,current_mixture,0.1,10,1e-12,width,0.0,7,d_eff,23.110533202712485,,86.049
dc_cnn23,sweep_all,Deep Contractive,CNN,synthetic,eta,200,current_mixture,0.1,10,1e-12,width,0.0,7,g_ibp,0.9850381195370458,,0.099
dc_cnn23,sweep_all,Deep Contractive,CNN,synthetic,eta,200,current_mixture,0.1,10,1e-09,width,0.0,0,d_eff,21.0006636969705,,92.961
dc_cnn23,sweep_all,Deep Contractive,CNN,synthetic,eta,200,current_mixture,0.1,10,1e-09,width,0.0,0,g_ibp,0.9850381003600669,,0.025
dc_cnn23,sweep_all,Deep Contractive,CNN,synthetic,eta,200,current_mixture,0.1,10,1e-09,width,0.0,1,d_eff,22.79445656215986,,88.309
dc_cnn23,sweep_all,Deep Contractive,CNN,synthetic,eta,200,current_mixture,0.1,10,1e-09,width,0.0,1,g_ibp,0.9850380921816344,,0.094
dc_cnn23,sweep_all,Deep Contractive,CNN,synthetic,eta,200,current_mixture,0.1,10,1e-09,width,0.0,2,d_eff,22.35418967707788,,83.695
dc_cnn23,sweep_all,Deep Contractive,CNN,synthetic,eta,200,current_mixture,0.1,10,1e-09,width,0.0,2,g_ibp,0.9850381153538365,,0.007
dc_cnn23,sweep_all,Deep Contractive,CNN,synthetic,eta,200,current_mixture,0.1,10,1e-09,width,0.0,3,d_eff,21.133833770479125,,43.353
dc_cnn23,sweep_all,Deep Contractive,CNN,synthetic,eta,200,current_mixture,0.1,10,1e-09,width,0.0,3,g_ibp,0.9850381112646295,,0.008
dc_cnn23,sweep_all,Deep Contractive,CNN,synthetic,eta,200,current_mixture,0.1,10,1e-09,width,0.0,4,d_eff,22.10289372252108,,71.734
dc_cnn23,sweep_all,Deep Contractive,CNN,synthetic,eta,200,current_mixture,0.1,10,1e-09,width,0.0,4,g_ibp,0.9850381221691763,,0.009
dc_cnn23,sweep_all,Deep Contractive,CNN,synthetic,eta,200,current_mixture,0.1,10,1e-09,width,0.0,5,d_eff,22.118982198692052,,104.625
dc_cnn23,sweep_all,Deep Contractive,CNN,synthetic,eta,200,current_mixture,0.1,10,1e-09,width,0.0,5,g_ibp,0.98503810990156,,0.054
dc_cnn23,sweep_all,Deep Contractive,CNN,synthetic,eta,200,current_mixture,0.1,10,1e-09,width,0.0,6,d_eff,21.98284914174364,,146.006
dc_cnn23,sweep_all,Deep Contractive,CNN,synthetic,eta,200,current_mixture,0.1,10,1e-09,width,0.0,6,g_ibp,0.9850381044492797,,0.107
dc_cnn23,sweep_all,Deep Contractive,CNN,synthetic,eta,200,current_mixture,0.1,10,1e-09,width,0.0,7,d_eff,23.11049573863295,,144.731
dc_cnn23,sweep_all,Deep Contractive,CNN,synthetic,eta,200,current_mixture,0.1,10,1e-09,width,0.0,7,g_ibp,0.9850381194430411,,0.055
dc_cnn23,sweep_all,Deep Contractive,CNN,synthetic,eta,200,current_mixture,0.1,10,1e-06,width,0.0,0,d_eff,20.963591165081606,,82.989
dc_cnn23,sweep_all,Deep Contractive,CNN,synthetic,eta,200,current_mixture,0.1,10,1e-06,width,0.0,0,g_ibp,0.9850380063552227,,0.107
dc_cnn23,sweep_all,Deep Contractive,CNN,synthetic,eta,200,current_mixture,0.1,10,1e-06,width,0.0,1,d_eff,22.75791883857381,,42.224
dc_cnn23,sweep_all,Deep Contractive,CNN,synthetic,eta,200,current_mixture,0.1,10,1e-06,width,0.0,1,g_ibp,0.9850379981767396,,0.059
dc_cnn23,sweep_all,Deep Contractive,CNN,synthetic,eta,200,current_mixture,0.1,10,1e-06,width,0.0,2,d_eff,22.318433529592316,,115.649
dc_cnn23,sweep_all,Deep Contractive,CNN,synthetic,eta,200,current_mixture,0.1,10,1e-06,width,0.0,2,g_ibp,0.985038021349085,,0.095
dc_cnn23,sweep_all,Deep Contractive,CNN,synthetic,eta,200,current_mixture,0.1,10,1e-06,width,0.0,3,d_eff,21.096839155437756,,140.672
dc_cnn23,sweep_all,Deep Contractive,CNN,synthetic,eta,200,current_mixture,0.1,10,1e-06,width,0.0,3,g_ibp,0.9850380172598528,,0.047
dc_cnn23,sweep_all,Deep Contractive,CNN,synthetic,eta,200,current_mixture,0.1,10,1e-06,width,0.0,4,d_eff,22.065886550787628,,63.978
dc_cnn23,sweep_all,Deep Contractive,CNN,synthetic,eta,200,current_mixture,0.1,10,1e-06,width,0.0,4,g_ibp,0.9850380281644671,,0.01
dc_cnn23,sweep_all,Deep Contractive,CNN,synthetic,eta,200,current_mixture,0.1,10,1e-06,width,0.0,5,d_eff,22.081431890955272,,108.306
dc_cnn23,sweep_all,Deep Contractive,CNN,synthetic,eta,200,current_mixture,0.1,10,1e-06,width,0.0,5,g_ibp,0.985038015896775,,0.107
dc_cnn23,sweep_all,Deep Contractive,CNN,synthetic,eta,200,current_mixture,0.1,10,1e-06,width,0.0,6,d_eff,21.94462994558616,,75.751
dc_cnn23,sweep_all,Deep Contractive,CNN,synthetic,eta,200,current_mixture,0.1,10,1e-06,width,0.0,6,g_ibp,0.9850380104444608,,0.095
dc_cnn23,sweep_all,Deep Contractive,CNN,synthetic,eta,200,current_mixture,0.1,10,1e-06,width,0.0,7,d_eff,23.073156728612414,,141.346
dc_cnn23,sweep_all,Deep Contractive,CNN,synthetic,eta,200,current_mixture,0.1,10,1e-06,width,0.0,7,g_ibp,0.985038025438315,,0.096
dc_cnn23,sweep_all,Deep Contractive,CNN,synthetic,eta,200,current_mixture,0.1,10,0.001,width,0.0,0,d_eff,8.72520787371895,,98.452
dc_cnn23,sweep_all,Deep Contractive,CNN,synthetic,eta,200,current_mixture,0.1,10,0.001,width,0.0,0,g_ibp,0.9849440104902404,,0.008
dc_cnn23,sweep_all,Deep Contractive,CNN,synthetic,eta,200,current_mixture,0.1,10,0.001,width,0.0,1,d_eff,9.969405702936552,,76.498
dc_cnn23,sweep_all,Deep Contractive,CNN,synthetic,eta,200,current_mixture,0.1,10,0.001,width,0.0,1,g_ibp,0.984944002261163,,0.017
dc_cnn23,sweep_all,Deep Contractive,CNN,synthetic,eta,200,current_mixture,0.1,10,0.001,width,0.0,2,d_eff,9.643993199712314,,88.571
dc_cnn23,sweep_all,Deep Contractive,CNN,synthetic,eta,200,current_mixture,0.1,10,0.001,width,0.0,2,g_ibp,0.9849440255768591,,0.059
dc_cnn23,sweep_all,Deep Contractive,CNN,synthetic,eta,200,current_mixture,0.1,10,0.001,width,0.0,3,d_eff,8.8628368013609,,53.883
dc_cnn23,sweep_all,Deep Contractive,CNN,synthetic,eta,200,current_mixture,0.1,10,0.001,width,0.0,3,g_ibp,0.9849440214623297,,0.006
dc_cnn23,sweep_all,Deep Contractive,CNN,synthetic,eta,200,current_mixture,0.1,10,0.001,width,0.0,4,d_eff,9.417447912761125,,89.554
dc_cnn23,sweep_all,Deep Contractive,CNN,synthetic,eta,200,current_mixture,0.1,10,0.001,width,0.0,4,g_ibp,0.984944032434403,,0.023
dc_cnn23,sweep_all,Deep Contractive,CNN,synthetic,eta,200,current_mixture,0.1,10,0.001,width,0.0,5,d_eff,9.304614670330675,,110.051
dc_cnn23,sweep_all,Deep Contractive,CNN,synthetic,eta,200,current_mixture,0.1,10,0.001,width,0.0,5,g_ibp,0.9849440200908194,,0.103
dc_cnn23,sweep_all,Deep Contractive,CNN,synthetic,eta,200,current_mixture,0.1,10,0.001,width,0.0,6,d_eff,9.151680723377545,,144.614
dc_cnn23,sweep_all,Deep Contractive,CNN,synthetic,eta,200,current_mixture,0.1,10,0.001,width,0.0,6,g_ibp,0.9849440146047758,,0.103
dc_cnn23,sweep_all,Deep Contractive,CNN,synthetic,eta,200,current_mixture,0.1,10,0.001,width,0.0,7,d_eff,9.964549354949352,,87.39
dc_cnn23,sweep_all,Deep Contractive,CNN,synthetic,eta,200,current_mixture,0.1,10,0.001,width,0.0,7,g_ibp,0.9849440296913862,,0.103
dc_cnn29,sweep_all,Deep Contractive,CNN,synthetic,eta,200,current_mixture,0.1,10,1e-12,width,0.0,0,d_eff,19.842890919383866,,146.702
dc_cnn29,sweep_all,Deep Contractive,CNN,synthetic,eta,200,current_mixture,0.1,10,1e-12,width,0.0,0,g_ibp,0.986762059865949,,0.05
dc_cnn29,sweep_all,Deep Contractive,CNN,synthetic,eta,200,current_mixture,0.1,10,1e-12,width,0.0,1,d_eff,19.36990962303119,,123.267
dc_cnn29,sweep_all,Deep Contractive,CNN,synthetic,eta,200,current_mixture,0.1,10,1e-12,width,0.0,1,g_ibp,0.986762065769753,,0.007
dc_cnn29,sweep_all,Deep Contractive,CNN,synthetic,eta,200,current_mixture,0.1,10,1e-12,width,0.0,2,d_eff,17.92138321584736,,93.664
dc_cnn29,sweep_all,Deep Contractive,CNN,synthetic,eta,200,current_mixture,0.1,10,1e-12,width,0.0,2,g_ibp,0.9867620731495005,,0.095
dc_cnn29,sweep_all,Deep Contractive,CNN,synthetic,eta,200,current_mixture,0.1,10,1e-12,width,0.0,3,d_eff,20.284407438817894,,143.16
dc_cnn29,sweep_all,Deep Contractive,CNN,synthetic,eta,200,current_mixture,0.1,10,1e-12,width,0.0,3,g_ibp,0.9867620834811331,,0.088
dc_cnn29,sweep_all,Deep Contractive,CNN,synthetic,eta,200,current_mixture,0.1,10,1e-12,width,0.0,4,d_eff,18.128588970840795,,103.565
dc_cnn29,sweep_all,Deep Contractive,CNN,synthetic,eta,200,current_mixture,0.1,10,1e-12,width,0.0,4,g_ibp,0.9867620377266374,,0.054
dc_cnn29,sweep_all,Deep Contractive,CNN,synthetic,eta,200,current_mixture,0.1,10,1e-12,width,0.0,5,d_eff,18.388059238962033,,79.994
dc_cnn29,sweep_all,Deep Contractive,CNN,synthetic,eta,200,current_mixture,0.1,10,1e-12,width,0.0,5,g_ibp,0.9867620820051866,,0.031
dc_cnn29,sweep_all,Deep Contractive,CNN,synthetic,eta,200,current_mixture,0.1,10,1e-12,width,0.0,6,d_eff,19.666129742384427,,107.154
dc_cnn29,sweep_all,Deep Contractive,CNN,synthetic,eta,200,current_mixture,0.1,10,1e-12,width,0.0,6,g_ibp,0.9867620539621399,,0.107
dc_cnn29,sweep_all,Deep Contractive,CNN,synthetic,eta,200,current_mixture,0.1,10,1e-12,width,0.0,7,d_eff,19.448898220406523,,100.832
dc_cnn29,sweep_all,Deep Contractive,CNN,synthetic,eta,200,current_mixture,0.1,10,1e-12,width,0.0,7,g_ibp,0.986762077577345,,0.026
dc_cnn29,sweep_all,Deep Contractive,CNN,synthetic,eta,200,current_mixture,0.1,10,1e-09,width,0.0,0,d_eff,19.842852161985974,,46.653
dc_cnn29,sweep_all,Deep Contractive,CNN,synthetic,eta,200,current_mixture,0.1,10,1e-09,width,0.0,0,g_ibp,0.9867620597507021,,0.016
dc_cnn29,sweep_all,Deep Contractive,CNN,synthetic,eta,200,current_mixture,0.1,10,1e-09,width,0.0,1,d_eff,19.369871527053196,,132.559
dc_cnn29,sweep_all,Deep Contractive,CNN,synthetic,eta,200,current_mixture,0.1,10,1e-09,width,0.0,1,g_ibp,0.9867620656545061,,0.031
dc_cnn29,sweep_all,Deep Contractive,CNN,synthetic,eta,200,current_mixture,0.1,10,1e-09,width,0.0,2,d_eff,17.92134450948489,,120.57
dc_cnn29,sweep_all,Deep Contractive,CNN,synthetic,eta,200,current_mixture,0.1,10,1e-09,width,0.0,2,g_ibp,0.9867620730342536,,0.071
dc_cnn29,sweep_all,Deep Contractive,CNN,synthetic,eta,200,current_mixture,0.1,10,1e-09,width,0.0,3,d_eff,20.2843688093481,,106.028
dc_cnn29,sweep_all,Deep Contractive,CNN,synthetic,eta,200,current_mixture,0.1,10,1e-09,width,0.0,3,g_ibp,0.9867620833658863,,0.043
dc_cnn29,sweep_all,Deep Contractive,CNN,synthetic,eta,200,current_mixture,0.1,10,1e-09,width,0.0,4,d_eff,18.128549793695985,,127.455
dc_cnn29,sweep_all,Deep Contractive,CNN,synthetic,eta,200,current_mixture,0.1,10,1e-09,width,0.0,4,g_ibp,0.9867620376113903,,0.006
dc_cnn29,sweep_all,Deep Contractive,CNN,synthetic,eta,200,current_mixture,0.1,10,1e-09,width,0.0,5,d_eff,18.388020963463696,,41.957
dc_cnn29,sweep_all,Deep Contractive,CNN,synthetic,eta,200,current_mixture,0.1,10,1e-09,width,0.0,5,g_ibp,0.9867620818899399,,0.008
dc_cnn29,sweep_all,Deep Contractive,CNN,synthetic,eta,200,current_mixture,0.1,10,1e-09,width,0.0,6,d_eff,19.666090891157676,,46.254
dc_cnn29,sweep_all,Deep Contractive,CNN,synthetic,eta,200,current_mixture,0.1,10,1e-09,width,0.0,6,g_ibp,0.9867620538468929,,0.036
dc_cnn29,sweep_all,Deep Contractive,CNN,synthetic,eta,200,current_mixture,0.1,10,1e-09,width,0.0,7,d_eff,19.44885822391193,,66.177
dc_cnn29,sweep_all,Deep Contractive,CNN,synthetic,eta,200,current_mixture,0.1,10,1e-09,width,0.0,7,g_ibp,0.9867620774620982,,0.029
dc_cnn29,sweep_all,Deep Contractive,CNN,synthetic,eta,200,current_mixture,0.1,10,1e-06,width,0.0,0,d_eff,19.80425956802889,,97.304
dc_cnn29,sweep_all,Deep Contractive,CNN,synthetic,eta,200,current_mixture,0.1,10,1e-06,width,0.0,0,g_ibp,0.9867619445037341,,0.006
dc_cnn29,sweep_all,Deep Contractive,CNN,synthetic,eta,200,current_mixture,0.1,10,1e-06,width,0.0,1,d_eff,19.332018771292788,,78.82
dc_cnn29,sweep_all,Deep Contractive,CNN,synthetic,eta,200,current_mixture,0.1,10,1e-06,width,0.0,1,g_ibp,0.9867619504075889,,0.01
dc_cnn29,sweep_all,Deep Contractive,CNN,synthetic,eta,200,current_mixture,0.1,10,1e-06,width,0.0,2,d_eff,17.88282564847583,,114.455
dc_cnn29,sweep_all,Deep Contractive,CNN,synthetic,eta,200,current_mixture,0.1,10,1e-06,width,0.0,2,g_ibp,0.9867619577873998,,0.031
dc_cnn29,sweep_all,Deep Contractive,CNN,synthetic,eta,200,current_mixture,0.1,10,1e-06,width,0.0,3,d_eff,20.245899753058584,,79.979
dc_cnn29,sweep_all,Deep Contractive,CNN,synthetic,eta,200,current_mixture,0.1,10,1e-06,width,0.0,3,g_ibp,0.9867619681191213,,0.041
dc_cnn29,sweep_all,Deep Contractive,CNN,synthetic,eta,200,current_mixture,0.1,10,1e-06,width,0.0,4,d_eff,18.089536426404976,,84.126
dc_cnn29,sweep_all,Deep Contractive,CNN,synthetic,eta,200,current_mixture,0.1,10,1e-06,width,0.0,4,g_ibp,0.9867619223642322,,0.067
dc_cnn29,sweep_all,Deep Contractive,CNN,synthetic,eta,200,current_mixture,0.1,10,1e-06,width,0.0,5,d_eff,18.349941387875937,,80.106
dc_cnn29,sweep_all,Deep Contractive,CNN,synthetic,eta,200,current_mixture,0.1,10,1e-06,width,0.0,5,g_ibp,0.9867619666431621,,0.007
dc_cnn29,sweep_all,Deep Contractive,CNN,synthetic,eta,200,current_mixture,0.1,10,1e-06,width,0.0,6,d_eff,19.62742404122544,,95.184
dc_cnn29,sweep_all,Deep Contractive,CNN,synthetic,eta,200,current_mixture,0.1,10,1e-06,width,0.0,6,g_ibp,0.9867619385998743,,0.03
dc_cnn29,sweep_all,Deep Contractive,CNN,synthetic,eta,200,current_mixture,0.1,10,1e-06,width,0.0,7,d_eff,19.40906146905157,,96.69
dc_cnn29,sweep_all,Deep Contractive,CNN,synthetic,eta,200,current_mixture,0.1,10,1e-06,width,0.0,7,g_ibp,0.9867619622152825,,0.023
dc_cnn29,sweep_all,Deep Contractive,CNN,synthetic,eta,200,current_mixture,0.1,10,0.001,width,0.0,0,d_eff,7.751371459529826,,86.392
dc_cnn29,sweep_all,Deep Contractive,CNN,synthetic,eta,200,current_mixture,0.1,10,0.001,width,0.0,0,g_ibp,0.9866467110076698,,0.01
dc_cnn29,sweep_all,Deep Contractive,CNN,synthetic,eta,200,current_mixture,0.1,10,0.001,width,0.0,1,d_eff,7.748622068706022,,82.325
dc_cnn29,sweep_all,Deep Contractive,CNN,synthetic,eta,200,current_mixture,0.1,10,0.001,width,0.0,1,g_ibp,0.9866467169622204,,0.051
dc_cnn29,sweep_all,Deep Contractive,CNN,synthetic,eta,200,current_mixture,0.1,10,0.001,width,0.0,2,d_eff,6.797767693400811,,76.522
dc_cnn29,sweep_all,Deep Contractive,CNN,synthetic,eta,200,current_mixture,0.1,10,0.001,width,0.0,2,g_ibp,0.9866467244054011,,0.046
dc_cnn29,sweep_all,Deep Contractive,CNN,synthetic,eta,200,current_mixture,0.1,10,0.001,width,0.0,3,d_eff,7.9887235850398755,,86.523
dc_cnn29,sweep_all,Deep Contractive,CNN,synthetic,eta,200,current_mixture,0.1,10,0.001,width,0.0,3,g_ibp,0.9866467348258403,,0.006
dc_cnn29,sweep_all,Deep Contractive,CNN,synthetic,eta,200,current_mixture,0.1,10,0.001,width,0.0,4,d_eff,6.739838947396256,,65.568
dc_cnn29,sweep_all,Deep Contractive,CNN,synthetic,eta,200,current_mixture,0.1,10,0.001,width,0.0,4,g_ibp,0.9866466886780577,,0.008
dc_cnn29,sweep_all,Deep Contractive,CNN,synthetic,eta,200,current_mixture,0.1,10,0.001,width,0.0,5,d_eff,7.057785786255839,,79.775
dc_cnn29,sweep_all,Deep Contractive,CNN,synthetic,eta,200,current_mixture,0.1,10,0.001,width,0.0,5,g_ibp,0.9866467333372072,,0.015
dc_cnn29,sweep_all,Deep Contractive,CNN,synthetic,eta,200,current_mixture,0.1,10,0.001,width,0.0,6,d_eff,7.789331375704481,,50.14
dc_cnn29,sweep_all,Deep Contractive,CNN,synthetic,eta,200,current_mixture,0.1,10,0.001,width,0.0,6,g_ibp,0.9866467050531139,,0.01
dc_cnn29,sweep_all,Deep Contractive,CNN,synthetic,eta,200,current_mixture,0.1,10,0.001,width,0.0,7,d_eff,7.530990051369327,,62.214
dc_cnn29,sweep_all,Deep Contractive,CNN,synthetic,eta,200,current_mixture,0.1,10,0.001,width,0.0,7,g_ibp,0.9866467288713057,,0.031
ld10,sweep_all,Dominant Key Attn,MLP,synthetic,eta,200,current_mixture,0.1,10,1e-12,width,0.0,0,d_eff,7.498851682763584,,19.974
ld10,sweep_all,Dominant Key Attn,MLP,synthetic,eta,200,current_mixture,0.1,10,1e-12,width,0.0,0,g_ibp,-0.06614661238445074,,0.037
ld10,sweep_all,Dominant Key Attn,MLP,synthetic,eta,200,current_mixture,0.1,10,1e-12,width,0.0,1,d_eff,7.3101026810538166,,19.31
ld10,sweep_all,Dominant Key Attn,MLP,synthetic,eta,200,current_mixture,0.1,10,1e-12,width,0.0,1,g_ibp,-0.06614661238445074,,0.001
ld10,sweep_all,Dominant Key Attn,MLP,synthetic,eta,200,current_mixture,0.1,10,1e-12,width,0.0,2,d_eff,7.531008367594432,,4.555
ld10,sweep_all,Dominant Key Attn,MLP,synthetic,eta,200,current_mixture,0.1,10,1e-12,width,0.0,2,g_ibp,-0.06614661238445074,,0.002
ld10,sweep_all,Dominant Key Attn,MLP,synthetic,eta,200,current_mixture,0.1,10,1e-12,width,0.0,3,d_eff,7.518846176116697,,17.836
ld10,sweep_all,Dominant Key Attn,MLP,synthetic,eta,200,current_mixture,0.1,10,1e-12,width,0.0,3,g_ibp,-0.06614661238445074,,0.038
ld10,sweep_all,Dominant Key Attn,MLP,synthetic,eta,200,current_mixture,0.1,10,1e-12,width,0.0,4,d_eff,7.339361855783755,,17.464
ld10,sweep_all,Dominant Key Attn,MLP,synthetic,eta,200,current_mixture,0.1,10,1e-12,width,0.0,4,g_ibp,-0.06614661238445074,,0.033
ld10,sweep_all,Dominant Key Attn,MLP,synthetic,eta,200,current_mixture,0.1,10,1e-12,width,0.0,5,d_eff,7.4518213391721355,,9.886
ld10,sweep_all,Dominant Key Attn,MLP,synthetic,eta,200,current_mixture,0.1,10,1e-12,width,0.0,5,g_ibp,-0.06614661238445074,,0.001
ld10,sweep_all,Dominant Key Attn,MLP,synthetic,eta,200,current_mixture,0.1,10,1e-12,width,0.0,6,d_eff,7.282005215386695,,15.708
ld10,sweep_all,Dominant Key Attn,MLP,synthetic,eta,200,current_mixture,0.1,10,1e-12,width,0.0,6,g_ibp,-0.06614661238445074,,0.033
ld10,sweep_all,Dominant Key Attn,MLP,synthetic,eta,200,current_mixture,0.1,10,1e-12,width,0.0,7,d_eff,7.475005552877364,,15.255
ld10,sweep_all,Dominant Key Attn,MLP,synthetic,eta,200,current_mixture,0.1,10,1e-12,width,0.0,7,g_ibp,-0.06614661238445074,,0.001
ld10,sweep_all,Dominant Key Attn,MLP,synthetic,eta,200,current_mixture,0.1,10,1e-09,width,0.0,0,d_eff,7.498851665489446,,15.127
ld10,sweep_all,Dominant Key Attn,MLP,synthetic,eta,200,current_mixture,0.1,10,1e-09,width,0.0,0,g_ibp,-0.0661466122191343,,0.001
ld10,sweep_all,Dominant Key Attn,MLP,synthetic,eta,200,current_mixture,0.1,10,1e-09,width,0.0,1,d_eff,7.310102665859812,,9.76
ld10,sweep_all,Dominant Key Attn,MLP,synthetic,eta,200,current_mixture,0.1,10,1e-09,width,0.0,1,g_ibp,-0.0661466122191343,,0.002
ld10,sweep_all,Dominant Key Attn,MLP,synthetic,eta,200,current_mixture,0.1,10,1e-09,width,0.0,2,d_eff,7.531008351274776,,13.481
ld10,sweep_all,Dominant Key Attn,MLP,synthetic,eta,200,current_mixture,0.1,10,1e-09,width,0.0,2,g_ibp,-0.0661466122191343,,0.002
ld10,sweep_all,Dominant Key Attn,MLP,synthetic,eta,200,current_mixture,0.1,10,1e-09,width,0.0,3,d_eff,7.5188461590316615,,2.725
ld10,sweep_all,Dominant Key Attn,MLP,synthetic,eta,200,current_mixture,0.1,10,1e-09,width,0.0,3,g_ibp,-0.0661466122191343,,0.001
ld10,sweep_all,Dominant Key Attn,MLP,synthetic,eta,200,current_mixture,0.1,10,1e-09,width,0.0,4,d_eff,7.339361840622042,,14.273
ld10,sweep_all,Dominant Key Attn,MLP,synthetic,eta,200,current_mixture,0.1,10,1e-09,width,0.0,4,g_ibp,-0.0661466122191343,,0.001
ld10,sweep_all,Dominant Key Attn,MLP,synthetic,eta,200,current_mixture,0.1,10,1e-09,width,0.0,5,d_eff,7.451821322788079,,9.449
ld10,sweep_all,Dominant Key Attn,MLP,synthetic,eta,200,current_mixture,0.1,10,1e-09,width,0.0,5,g_ibp,-0.0661466122191343,,0.002
ld10,sweep_all,Dominant Key Attn,MLP,synthetic,eta,200,current_mixture,0.1,10,1e-09,width,0.0,6,d_eff,7.282005199961746,,9.28
ld10,sweep_all,Dominant Key Attn,MLP,synthetic,eta,200,current_mixture,0.1,10,1e-09,width,0.0,6,g_ibp,-0.0661466122191343,,0.041
ld10,sweep_all,Dominant Key Attn,MLP,synthetic,eta,200,current_mixture,0.1,10,1e-09,width,0.0,7,d_eff,7.4750055364654395,,2.804
ld10,sweep_all,Dominant Key Attn,MLP,synthetic,eta,200,current_mixture,0.1,10,1e-09,width,0.0,7,g_ibp,-0.0661466122191343,,0.001
ld10,sweep_all,Dominant Key Attn,MLP,synthetic,eta,200,current_mixture,0.1,10,1e-06,width,0.0,0,d_eff,7.498834391402167,,12.376
ld10,sweep_all,Dominant Key Attn,MLP,synthetic,eta,200,current_mixture,0.1,10,1e-06,width,0.0,0,g_ibp,-0.06614644690311121,,0.026
ld10,sweep_all,Dominant Key Attn,MLP,synthetic,eta,200,current_mixture,0.1,10,1e-06,width,0.0,1,d_eff,7.3100874718987905,,12.221
ld10,sweep_all,Dominant Key Attn,MLP,synthetic,eta,200,current_mixture,0.1,10,1e-06,width,0.0,1,g_ibp,-0.06614644690311121,,0.021
ld10,sweep_all,Dominant Key Attn,MLP,synthetic,eta,200,current_mixture,0.1,10,1e-06,width,0.0,2,d_eff,7.5309920316638115,,11.319
ld10,sweep_all,Dominant Key Attn,MLP,synthetic,eta,200,current_mixture,0.1,10,1e-06,width,0.0,2,g_ibp,-0.06614644690311121,,0.033
ld10,sweep_all,Dominant Key Attn,MLP,synthetic,eta,200,current_mixture,0.1,10,1e-06,width,0.0,3,d_eff,7.518829074046471,,7.802
ld10,sweep_all,Dominant Key Attn,MLP,synthetic,eta,200,current_mixture,0.1,10,1e-06,width,0.0,3,g_ibp,-0.06614644690311121,,0.001
ld10,sweep_all,Dominant Key Attn,MLP,synthetic,eta,200,current_mixture,0.1,10,1e-06,width,0.0,4,d_eff,7.339346678947793,,11.688
ld10,sweep_all,Dominant Key Attn,MLP,synthetic,eta,200,current_mixture,0.1,10,1e-06,width,0.0,4,g_ibp,-0.06614644690311121,,0.001
ld10,sweep_all,Dominant Key Attn,MLP,synthetic,eta,200,current_mixture,0.1,10,1e-06,width,0.0,5,d_eff,7.451804938777797,,5.919
ld10,sweep_all,Dominant Key Attn,MLP,synthetic,eta,200,current_mixture,0.1,10,1e-06,width,0.0,5,g_ibp,-0.06614644690311121,,0.033
ld10,sweep_all,Dominant Key Attn,MLP,synthetic,eta,200,current_mixture,0.1,10,1e-06,width,0.0,6,d_eff,7.281989775053565,,7.972
ld10,sweep_all,Dominant Key Attn,MLP,synthetic,eta,200,current_mixture,0.1,10,1e-06,width,0.0,6,g_ibp,-0.06614644690311121,,0.001
ld10,sweep_all,Dominant Key Attn,MLP,synthetic,eta,200,current_mixture,0.1,10,1e-06,width,0.0,7,d_eff,7.474989124586273,,3.569
ld10,sweep_all,Dominant Key Attn,MLP,synthetic,eta,200,current_mixture,0.1,10,1e-06,width,0.0,7,g_ibp,-0.06614644690311121,,0.001
ld10,sweep_all,Dominant Key Attn,MLP,synthetic,eta,200,current_mixture,0.1,10,0.001,width,0.0,0,d_eff,7.481610636797764,,11.392
ld10,sweep_all,Dominant Key Attn,MLP,synthetic,eta,200,current_mixture,0.1,10,0.001,width,0.0,0,g_ibp,-0.06598154342595292,,0.001
ld10,sweep_all,Dominant Key Attn,MLP,synthetic,eta,200,current_mixture,0.1,10,0.001,width,0.0,1,d_eff,7.294934137763123,,6.785
ld10,sweep_all,Dominant Key Attn,MLP,synthetic,eta,200,current_mixture,0.1,10,0.001,width,0.0,1,g_ibp,-0.06598154342595292,,0.001
ld10,sweep_all,Dominant Key Attn,MLP,synthetic,eta,200,current_mixture,0.1,10,0.001,width,0.0,2,d_eff,7.514716608102252,,6.828
ld10,sweep_all,Dominant Key Attn,MLP,synthetic,eta,200,current_mixture,0.1,10,0.001,width,0.0,2,g_ibp,-0.06598154342595292,,0.001
ld10,sweep_all,Dominant Key Attn,MLP,synthetic,eta,200,current_mixture,0.1,10,0.001,width,0.0,3,d_eff,7.501793279436176,,9.959
ld10,sweep_all,Dominant Key Attn,MLP,synthetic,eta,200,current_mixture,0.1,10,0.001,width,0.0,3,g_ibp,-0.06598154342595292,,0.001
ld10,sweep_all,Dominant Key Attn,MLP,synthetic,eta,200,current_mixture,0.1,10,0.001,width,0.0,4,d_eff,7.32422402938795,,10.038
ld10,sweep_all,Dominant Key Attn,MLP,synthetic,eta,200,current_mixture,0.1,10,0.001,width,0.0,4,g_ibp,-0.06598154342595292,,0.002
ld10,sweep_all,Dominant Key Attn,MLP,synthetic,eta,200,current_mixture,0.1,10,0.001,width,0.0,5,d_eff,7.435466160347631,,10.064
ld10,sweep_all,Dominant Key Attn,MLP,synthetic,eta,200,current_mixture,0.1,10,0.001,width,0.0,5,g_ibp,-0.06598154342595292,,0.002
ld10,sweep_all,Dominant Key Attn,MLP,synthetic,eta,200,current_mixture,0.1,10,0.001,width,0.0,6,d_eff,7.266605540870961,,9.731
ld10,sweep_all,Dominant Key Attn,MLP,synthetic,eta,200,current_mixture,0.1,10,0.001,width,0.0,6,g_ibp,-0.06598154342595292,,0.001
ld10,sweep_all,Dominant Key Attn,MLP,synthetic,eta,200,current_mixture,0.1,10,0.001,width,0.0,7,d_eff,7.458622314446271,,9.742
ld10,sweep_all,Dominant Key Attn,MLP,synthetic,eta,200,current_mixture,0.1,10,0.001,width,0.0,7,g_ibp,-0.06598154342595292,,0.001
ld9,sweep_all,Dominant Key Attn,MLP,synthetic,eta,200,current_mixture,0.1,10,1e-12,width,0.0,0,d_eff,15.514039161818255,,13.427
ld9,sweep_all,Dominant Key Attn,MLP,synthetic,eta,200,current_mixture,0.1,10,1e-12,width,0.0,0,g_ibp,-0.07621053379656904,,0.018
ld9,sweep_all,Dominant Key Attn,MLP,synthetic,eta,200,current_mixture,0.1,10,1e-12,width,0.0,1,d_eff,15.619957372051399,,13.925
ld9,sweep_all,Dominant Key Attn,MLP,synthetic,eta,200,current_mixture,0.1,10,1e-12,width,0.0,1,g_ibp,-0.07621053379656904,,0.001
ld9,sweep_all,Dominant Key Attn,MLP,synthetic,eta,200,current_mixture,0.1,10,1e-12,width,0.0,2,d_eff,15.668806883632524,,13.063
ld9,sweep_all,Dominant Key Attn,MLP,synthetic,eta,200,current_mixture,0.1,10,1e-12,width,0.0,2,g_ibp,-0.07621053379656904,,0.001
ld9,sweep_all,Dominant Key Attn,MLP,synthetic,eta,200,current_mixture,0.1,10,1e-12,width,0.0,3,d_eff,15.488785942102464,,14.108
ld9,sweep_all,Dominant Key Attn,MLP,synthetic,eta,200,current_mixture,0.1,10,1e-12,width,0.0,3,g_ibp,-0.07621053379656904,,0.003
ld9,sweep_all,Dominant Key Attn,MLP,synthetic,eta,200,current_mixture,0.1,10,1e-12,width,0.0,4,d_eff,15.50354168125838,,12.363
ld9,sweep_all,Dominant Key Attn,MLP,synthetic,eta,200,current_mixture,0.1,10,1e-12,width,0.0,4,g_ibp,-0.07621053379656904,,0.001
ld9,sweep_all,Dominant Key Attn,MLP,synthetic,eta,200,current_mixture,0.1,10,1e-12,width,0.0,5,d_eff,15.326128512538272,,12.014
ld9,sweep_all,Dominant Key Attn,MLP,synthetic,eta,200,current_mixture,0.1,10,1e-12,width,0.0,5,g_ibp,-0.07621053379656904,,0.001
ld9,sweep_all,Dominant Key Attn,MLP,synthetic,eta,200,current_mixture,0.1,10,1e-12,width,0.0,6,d_eff,15.848165395084532,,13.087
ld9,sweep_all,Dominant Key Attn,MLP,synthetic,eta,200,current_mixture,0.1,10,1e-12,width,0.0,6,g_ibp,-0.07621053379656904,,0.001
ld9,sweep_all,Dominant Key Attn,MLP,synthetic,eta,200,current_mixture,0.1,10,1e-12,width,0.0,7,d_eff,15.651774002216925,,12.34
ld9,sweep_all,Dominant Key Attn,MLP,synthetic,eta,200,current_mixture,0.1,10,1e-12,width,0.0,7,g_ibp,-0.07621053379656904,,0.001
ld9,sweep_all,Dominant Key Attn,MLP,synthetic,eta,200,current_mixture,0.1,10,1e-09,width,0.0,0,d_eff,15.51403912282362,,10.486
ld9,sweep_all,Dominant Key Attn,MLP,synthetic,eta,200,current_mixture,0.1,10,1e-09,width,0.0,0,g_ibp,-0.07621053366326863,,0.001
ld9,sweep_all,Dominant Key Attn,MLP,synthetic,eta,200,current_mixture,0.1,10,1e-09,width,0.0,1,d_eff,15.619957333581347,,12.193
ld9,sweep_all,Dominant Key Attn,MLP,synthetic,eta,200,current_mixture,0.1,10,1e-09,width,0.0,1,g_ibp,-0.07621053366326863,,0.003
ld9,sweep_all,Dominant Key Attn,MLP,synthetic,eta,200,current_mixture,0.1,10,1e-09,width,0.0,2,d_eff,15.668806842743582,,10.298
ld9,sweep_all,Dominant Key Attn,MLP,synthetic,eta,200,current_mixture,0.1,10,1e-09,width,0.0,2,g_ibp,-0.07621053366326863,,0.001
ld9,sweep_all,Dominant Key Attn,MLP,synthetic,eta,200,current_mixture,0.1,10,1e-09,width,0.0,3,d_eff,15.488785903924793,,10.756
ld9,sweep_all,Dominant Key Attn,MLP,synthetic,eta,200,current_mixture,0.1,10,1e-09,width,0.0,3,g_ibp,-0.07621053366326863,,0.001
ld9,sweep_all,Dominant Key Attn,MLP,synthetic,eta,200,current_mixture,0.1,10,1e-09,width,0.0,4,d_eff,15.503541642552936,,8.926
ld9,sweep_all,Dominant Key Attn,MLP,synthetic,eta,200,current_mixture,0.1,10,1e-09,width,0.0,4,g_ibp,-0.07621053366326863,,0.001
ld9,sweep_all,Dominant Key Attn,MLP,synthetic,eta,200,current_mixture,0.1,10,1e-09,width,0.0,5,d_eff,15.326128476540276,,9.149
ld9,sweep_all,Dominant Key Attn,MLP,synthetic,eta,200,current_mixture,0.1,10,1e-09,width,0.0,5,g_ibp,-0.07621053366326863,,0.001
ld9,sweep_all,Dominant Key Attn,MLP,synthetic,eta,200,current_mixture,0.1,10,1e-09,width,0.0,6,d_eff,15.848165355431613,,9.853
ld9,sweep_all,Dominant Key Attn,MLP,synthetic,eta,200,current_mixture,0.1,10,1e-09,width,0.0,6,g_ibp,-0.07621053366326863,,0.001
ld9,sweep_all,Dominant Key Attn,MLP,synthetic,eta,200,current_mixture,0.1,10,1e-09,width,0.0,7,d_eff,15.651773964005,,8.787
ld9,sweep_all,Dominant Key Attn,MLP,synthetic,eta,200,current_mixture,0.1,10,1e-09,width,0.0,7,g_ibp,-0.07621053366326863,,0.002
ld9,sweep_all,Dominant Key Attn,MLP,synthetic,eta,200,current_mixture,0.1,10,1e-06,width,0.0,0,d_eff,15.514000128305428,,9.732
ld9,sweep_all,Dominant Key Attn,MLP,synthetic,eta,200,current_mixture,0.1,10,1e-06,width,0.0,0,g_ibp,-0.07621040036309222,,0.002
ld9,sweep_all,Dominant Key Attn,MLP,synthetic,eta,200,current_mixture,0.1,10,1e-06,width,0.0,1,d_eff,15.61991886363944,,9.096
ld9,sweep_all,Dominant Key Attn,MLP,synthetic,eta,200,current_mixture,0.1,10,1e-06,width,0.0,1,g_ibp,-0.07621040036309222,,0.003
ld9,sweep_all,Dominant Key Attn,MLP,synthetic,eta,200,current_mixture,0.1,10,1e-06,width,0.0,2,d_eff,15.668765953928613,,9.097
ld9,sweep_all,Dominant Key Attn,MLP,synthetic,eta,200,current_mixture,0.1,10,1e-06,width,0.0,2,g_ibp,-0.07621040036309222,,0.001
ld9,sweep_all,Dominant Key Attn,MLP,synthetic,eta,200,current_mixture,0.1,10,1e-06,width,0.0,3,d_eff,15.488747726362517,,9.318
ld9,sweep_all,Dominant Key Attn,MLP,synthetic,eta,200,current_mixture,0.1,10,1e-06,width,0.0,3,g_ibp,-0.07621040036309222,,0.001
ld9,sweep_all,Dominant Key Attn,MLP,synthetic,eta,200,current_mixture,0.1,10,1e-06,width,0.0,4,d_eff,15.503502937223109,,7.385
ld9,sweep_all,Dominant Key Attn,MLP,synthetic,eta,200,current_mixture,0.1,10,1e-06,width,0.0,4,g_ibp,-0.07621040036309222,,0.001
ld9,sweep_all,Dominant Key Attn,MLP,synthetic,eta,200,current_mixture,0.1,10,1e-06,width,0.0,5,d_eff,15.326092478640104,,6.534
ld9,sweep_all,Dominant Key Attn,MLP,synthetic,eta,200,current_mixture,0.1,10,1e-06,width,0.0,5,g_ibp,-0.07621040036309222,,0.001
ld9,sweep_all,Dominant Key Attn,MLP,synthetic,eta,200,current_mixture,0.1,10,1e-06,width,0.0,6,d_eff,15.848125702627236,,6.717
ld9,sweep_all,Dominant Key Attn,MLP,synthetic,eta,200,current_mixture,0.1,10,1e-06,width,0.0,6,g_ibp,-0.07621040036309222,,0.001
ld9,sweep_all,Dominant Key Attn,MLP,synthetic,eta,200,current_mixture,0.1,10,1e-06,width,0.0,7,d_eff,15.651735752187921,,6.785
ld9,sweep_all,Dominant Key Attn,MLP,synthetic,eta,200,current_mixture,0.1,10,1e-06,width,0.0,7,g_ibp,-0.07621040036309222,,0.001
ld9,sweep_all,Dominant Key Attn,MLP,synthetic,eta,200,current_mixture,0.1,10,0.001,width,0.0,0,d_eff,15.475119959170476,,6.3
ld9,sweep_all,Dominant Key Attn,MLP,synthetic,eta,200,current_mixture,0.1,10,0.001,width,0.0,0,g_ibp,-0.0760773331682438,,0.002
ld9,sweep_all,Dominant Key Attn,MLP,synthetic,eta,200,current_mixture,0.1,10,0.001,width,0.0,1,d_eff,15.581560119764355,,5.517
ld9,sweep_all,Dominant Key Attn,MLP,synthetic,eta,200,current_mixture,0.1,10,0.001,width,0.0,1,g_ibp,-0.0760773331682438,,0.001
ld9,sweep_all,Dominant Key Attn,MLP,synthetic,eta,200,current_mixture,0.1,10,0.001,width,0.0,2,d_eff,15.62800206847035,,5.594
ld9,sweep_all,Dominant Key Attn,MLP,synthetic,eta,200,current_mixture,0.1,10,0.001,width,0.0,2,g_ibp,-0.0760773331682438,,0.002
ld9,sweep_all,Dominant Key Attn,MLP,synthetic,eta,200,current_mixture,0.1,10,0.001,width,0.0,3,d_eff,15.450679093734236,,5.685
ld9,sweep_all,Dominant Key Attn,MLP,synthetic,eta,200,current_mixture,0.1,10,0.001,width,0.0,3,g_ibp,-0.0760773331682438,,0.001
ld9,sweep_all,Dominant Key Attn,MLP,synthetic,eta,200,current_mixture,0.1,10,0.001,width,0.0,4,d_eff,15.46491092941315,,5.58
ld9,sweep_all,Dominant Key Attn,MLP,synthetic,eta,200,current_mixture,0.1,10,0.001,width,0.0,4,g_ibp,-0.0760773331682438,,0.002
ld9,sweep_all,Dominant Key Attn,MLP,synthetic,eta,200,current_mixture,0.1,10,0.001,width,0.0,5,d_eff,15.290190098386994,,5.722
ld9,sweep_all,Dominant Key Attn,MLP,synthetic,eta,200,current_mixture,0.1,10,0.001,width,0.0,5,g_ibp,-0.0760773331682438,,0.006
ld9,sweep_all,Dominant Key Attn,MLP,synthetic,eta,200,current_mixture,0.1,10,0.001,width,0.0,6,d_eff,15.808588461556445,,5.683
ld9,sweep_all,Dominant Key Attn,MLP,synthetic,eta,200,current_mixture,0.1,10,0.001,width,0.0,6,g_ibp,-0.0760773331682438,,0.002
ld9,sweep_all,Dominant Key Attn,MLP,synthetic,eta,200,current_mixture,0.1,10,0.001,width,0.0,7,d_eff,15.61363149157152,,5.254
ld9,sweep_all,Dominant Key Attn,MLP,synthetic,eta,200,current_mixture,0.1,10,0.001,width,0.0,7,g_ibp,-0.0760773331682438,,0.001
ld11,sweep_all,Dominant Key Attn,MLP,synthetic,eta,200,current_mixture,0.1,10,1e-12,width,0.0,0,d_eff,14.0296531018273,,3.838
ld11,sweep_all,Dominant Key Attn,MLP,synthetic,eta,200,current_mixture,0.1,10,1e-12,width,0.0,0,g_ibp,-0.15509454726636554,,0.001
ld11,sweep_all,Dominant Key Attn,MLP,synthetic,eta,200,current_mixture,0.1,10,1e-12,width,0.0,1,d_eff,14.391163346862179,,4.238
ld11,sweep_all,Dominant Key Attn,MLP,synthetic,eta,200,current_mixture,0.1,10,1e-12,width,0.0,1,g_ibp,-0.15509454726636554,,0.001
ld11,sweep_all,Dominant Key Attn,MLP,synthetic,eta,200,current_mixture,0.1,10,1e-12,width,0.0,2,d_eff,14.314429828316083,,3.746
ld11,sweep_all,Dominant Key Attn,MLP,synthetic,eta,200,current_mixture,0.1,10,1e-12,width,0.0,2,g_ibp,-0.15509454726636554,,0.002
ld11,sweep_all,Dominant Key Attn,MLP,synthetic,eta,200,current_mixture,0.1,10,1e-12,width,0.0,3,d_eff,14.497697168306955,,3.971
ld11,sweep_all,Dominant Key Attn,MLP,synthetic,eta,200,current_mixture,0.1,10,1e-12,width,0.0,3,g_ibp,-0.15509454726636554,,0.001
ld11,sweep_all,Dominant Key Attn,MLP,synthetic,eta,200,current_mixture,0.1,10,1e-12,width,0.0,4,d_eff,14.444344169595734,,3.448
ld11,sweep_all,Dominant Key Attn,MLP,synthetic,eta,200,current_mixture,0.1,10,1e-12,width,0.0,4,g_ibp,-0.15509454726636554,,0.002
ld11,sweep_all,Dominant Key Attn,MLP,synthetic,eta,200,current_mixture,0.1,10,1e-12,width,0.0,5,d_eff,14.321692849799485,,3.872
ld11,sweep_all,Dominant Key Attn,MLP,synthetic,eta,200,current_mixture,0.1,10,1e-12,width,0.0,5,g_ibp,-0.15509454726636554,,0.002
ld11,sweep_all,Dominant Key Attn,MLP,synthetic,eta,200,current_mixture,0.1,10,1e-12,width,0.0,6,d_eff,14.131258172192828,,3.586
ld11,sweep_all,Dominant Key Attn,MLP,synthetic,eta,200,current_mixture,0.1,10,1e-12,width,0.0,6,g_ibp,-0.15509454726636554,,0.001
ld11,sweep_all,Dominant Key Attn,MLP,synthetic,eta,200,current_mixture,0.1,10,1e-12,width,0.0,7,d_eff,14.17270619927323,,3.629
ld11,sweep_all,Dominant Key Attn,MLP,synthetic,eta,200,current_mixture,0.1,10,1e-12,width,0.0,7,g_ibp,-0.15509454726636554,,0.002
ld11,sweep_all,Dominant Key Attn,MLP,synthetic,eta,200,current_mixture,0.1,10,1e-09,width,0.0,0,d_eff,14.029653061308785,,3.559
ld11,sweep_all,Dominant Key Attn,MLP,synthetic,eta,200,current_mixture,0.1,10,1e-09,width,0.0,0,g_ibp,-0.15509454692036492,,0.001
ld11,sweep_all,Dominant Key Attn,MLP,synthetic,eta,200,current_mixture,0.1,10,1e-09,width,0.0,1,d_eff,14.391163301120125,,3.449
ld11,sweep_all,Dominant Key Attn,MLP,synthetic,eta,200,current_mixture,0.1,10,1e-09,width,0.0,1,g_ibp,-0.15509454692036492,,0.023
ld11,sweep_all,Dominant Key Attn,MLP,synthetic,eta,200,current_mixture,0.1,10,1e-09,width,0.0,2,d_eff,14.314429784075005,,3.412
ld11,sweep_all,Dominant Key Attn,MLP,synthetic,eta,200,current_mixture,0.1,10,1e-09,width,0.0,2,g_ibp,-0.15509454692036492,,0.002
ld11,sweep_all,Dominant Key Attn,MLP,synthetic,eta,200,current_mixture,0.1,10,1e-09,width,0.0,3,d_eff,14.49769712345717,,3.008
ld11,sweep_all,Dominant Key Attn,MLP,synthetic,eta,200,current_mixture,0.1,10,1e-09,width,0.0,3,g_ibp,-0.15509454692036492,,0.001
ld11,sweep_all,Dominant Key Attn,MLP,synthetic,eta,200,current_mixture,0.1,10,1e-09,width,0.0,4,d_eff,14.444344123608955,,2.826
ld11,sweep_all,Dominant Key Attn,MLP,synthetic,eta,200,current_mixture,0.1,10,1e-09,width,0.0,4,g_ibp,-0.15509454692036492,,0.001
ld11,sweep_all,Dominant Key Attn,MLP,synthetic,eta,200,current_mixture,0.1,10,1e-09,width,0.0,5,d_eff,14.321692804436177,,3.064
ld11,sweep_all,Dominant Key Attn,MLP,synthetic,eta,200,current_mixture,0.1,10,1e-09,width,0.0,5,g_ibp,-0.15509454692036492,,0.001
ld11,sweep_all,Dominant Key Attn,MLP,synthetic,eta,200,current_mixture,0.1,10,1e-09,width,0.0,6,d_eff,14.131258130082237,,3.219
ld11,sweep_all,Dominant Key Attn,MLP,synthetic,eta,200,current_mixture,0.1,10,1e-09,width,0.0,6,g_ibp,-0.15509454692036492,,0.001
ld11,sweep_all,Dominant Key Attn,MLP,synthetic,eta,200,current_mixture,0.1,10,1e-09,width,0.0,7,d_eff,14.172706157069884,,3.035
ld11,sweep_all,Dominant Key Attn,MLP,synthetic,eta,200,current_mixture,0.1,10,1e-09,width,0.0,7,g_ibp,-0.15509454692036492,,0.001
ld11,sweep_all,Dominant Key Attn,MLP,synthetic,eta,200,current_mixture,0.1,10,1e-06,width,0.0,0,d_eff,14.02961254292991,,3.157
ld11,sweep_all,Dominant Key Attn,MLP,synthetic,eta,200,current_mixture,0.1,10,1e-06,width,0.0,0,g_ibp,-0.15509420092054085,,0.001
ld11,sweep_all,Dominant Key Attn,MLP,synthetic,eta,200,current_mixture,0.1,10,1e-06,width,0.0,1,d_eff,14.391117559239392,,3.131
ld11,sweep_all,Dominant Key Attn,MLP,synthetic,eta,200,current_mixture,0.1,10,1e-06,width,0.0,1,g_ibp,-0.15509420092054085,,0.002
ld11,sweep_all,Dominant Key Attn,MLP,synthetic,eta,200,current_mixture,0.1,10,1e-06,width,0.0,2,d_eff,14.314385543162661,,2.888
ld11,sweep_all,Dominant Key Attn,MLP,synthetic,eta,200,current_mixture,0.1,10,1e-06,width,0.0,2,g_ibp,-0.15509420092054085,,0.001
ld11,sweep_all,Dominant Key Attn,MLP,synthetic,eta,200,current_mixture,0.1,10,1e-06,width,0.0,3,d_eff,14.497652273835868,,3.0
ld11,sweep_all,Dominant Key Attn,MLP,synthetic,eta,200,current_mixture,0.1,10,1e-06,width,0.0,3,g_ibp,-0.15509420092054085,,0.002
ld11,sweep_all,Dominant Key Attn,MLP,synthetic,eta,200,current_mixture,0.1,10,1e-06,width,0.0,4,d_eff,14.444298137004141,,3.148
ld11,sweep_all,Dominant Key Attn,MLP,synthetic,eta,200,current_mixture,0.1,10,1e-06,width,0.0,4,g_ibp,-0.15509420092054085,,0.001
ld11,sweep_all,Dominant Key Attn,MLP,synthetic,eta,200,current_mixture,0.1,10,1e-06,width,0.0,5,d_eff,14.321647441306663,,3.153
ld11,sweep_all,Dominant Key Attn,MLP,synthetic,eta,200,current_mixture,0.1,10,1e-06,width,0.0,5,g_ibp,-0.15509420092054085,,0.002
ld11,sweep_all,Dominant Key Attn,MLP,synthetic,eta,200,current_mixture,0.1,10,1e-06,width,0.0,6,d_eff,14.131216019642107,,3.004
ld11,sweep_all,Dominant Key Attn,MLP,synthetic,eta,200,current_mixture,0.1,10,1e-06,width,0.0,6,g_ibp,-0.15509420092054085,,0.002
ld11,sweep_all,Dominant Key Attn,MLP,synthetic,eta,200,current_mixture,0.1,10,1e-06,width,0.0,7,d_eff,14.172663953869092,,2.857
ld11,sweep_all,Dominant Key Attn,MLP,synthetic,eta,200,current_mixture,0.1,10,1e-06,width,0.0,7,g_ibp,-0.15509420092054085,,0.002
ld11,sweep_all,Dominant Key Attn,MLP,synthetic,eta,200,current_mixture,0.1,10,0.001,width,0.0,0,d_eff,13.989229083207304,,2.69
ld11,sweep_all,Dominant Key Attn,MLP,synthetic,eta,200,current_mixture,0.1,10,0.001,width,0.0,0,g_ibp,-0.1547489720381089,,0.002
ld11,sweep_all,Dominant Key Attn,MLP,synthetic,eta,200,current_mixture,0.1,10,0.001,width,0.0,1,d_eff,14.345547527673096,,3.483
ld11,sweep_all,Dominant Key Attn,MLP,synthetic,eta,200,current_mixture,0.1,10,0.001,width,0.0,1,g_ibp,-0.1547489720381089,,0.002
ld11,sweep_all,Dominant Key Attn,MLP,synthetic,eta,200,current_mixture,0.1,10,0.001,width,0.0,2,d_eff,14.270304263730962,,3.038
ld11,sweep_all,Dominant Key Attn,MLP,synthetic,eta,200,current_mixture,0.1,10,0.001,width,0.0,2,g_ibp,-0.1547489720381089,,0.001
ld11,sweep_all,Dominant Key Attn,MLP,synthetic,eta,200,current_mixture,0.1,10,0.001,width,0.0,3,d_eff,14.452964458247756,,2.943
ld11,sweep_all,Dominant Key Attn,MLP,synthetic,eta,200,current_mixture,0.1,10,0.001,width,0.0,3,g_ibp,-0.1547489720381089,,0.001
ld11,sweep_all,Dominant Key Attn,MLP,synthetic,eta,200,current_mixture,0.1,10,0.001,width,0.0,4,d_eff,14.3984853316186,,2.833
ld11,sweep_all,Dominant Key Attn,MLP,synthetic,eta,200,current_mixture,0.1,10,0.001,width,0.0,4,g_ibp,-0.1547489720381089,,0.002
ld11,sweep_all,Dominant Key Attn,MLP,synthetic,eta,200,current_mixture,0.1,10,0.001,width,0.0,5,d_eff,14.276457277828444,,3.012
ld11,sweep_all,Dominant Key Attn,MLP,synthetic,eta,200,current_mixture,0.1,10,0.001,width,0.0,5,g_ibp,-0.1547489720381089,,0.001
ld11,sweep_all,Dominant Key Attn,MLP,synthetic,eta,200,current_mixture,0.1,10,0.001,width,0.0,6,d_eff,14.089252311599376,,2.779
ld11,sweep_all,Dominant Key Attn,MLP,synthetic,eta,200,current_mixture,0.1,10,0.001,width,0.0,6,g_ibp,-0.1547489720381089,,0.001
ld11,sweep_all,Dominant Key Attn,MLP,synthetic,eta,200,current_mixture,0.1,10,0.001,width,0.0,7,d_eff,14.130606156428176,,2.846
ld11,sweep_all,Dominant Key Attn,MLP,synthetic,eta,200,current_mixture,0.1,10,0.001,width,0.0,7,g_ibp,-0.1547489720381089,,0.002
fp9,sweep_all,Fixed Order Attn,ATTENTION,synthetic,eta,200,current_mixture,0.1,10,1e-12,width,0.0,0,d_eff,70.08474774461104,,20.101
fp9,sweep_all,Fixed Order Attn,ATTENTION,synthetic,eta,200,current_mixture,0.1,10,1e-12,width,0.0,0,g_ibp,0.025389886954705,,0.002
fp9,sweep_all,Fixed Order Attn,ATTENTION,synthetic,eta,200,current_mixture,0.1,10,1e-12,width,0.0,1,d_eff,70.0713250308091,,19.459
fp9,sweep_all,Fixed Order Attn,ATTENTION,synthetic,eta,200,current_mixture,0.1,10,1e-12,width,0.0,1,g_ibp,0.025389886954705,,0.002
fp9,sweep_all,Fixed Order Attn,ATTENTION,synthetic,eta,200,current_mixture,0.1,10,1e-12,width,0.0,2,d_eff,70.10341051792265,,20.571
fp9,sweep_all,Fixed Order Attn,ATTENTION,synthetic,eta,200,current_mixture,0.1,10,1e-12,width,0.0,2,g_ibp,0.025389886954705,,0.002
fp9,sweep_all,Fixed Order Attn,ATTENTION,synthetic,eta,200,current_mixture,0.1,10,1e-12,width,0.0,3,d_eff,70.09952066382105,,15.235
fp9,sweep_all,Fixed Order Attn,ATTENTION,synthetic,eta,200,current_mixture,0.1,10,1e-12,width,0.0,3,g_ibp,0.025389886954705,,0.001
fp9,sweep_all,Fixed Order Attn,ATTENTION,synthetic,eta,200,current_mixture,0.1,10,1e-12,width,0.0,4,d_eff,70.08623510318695,,16.734
fp9,sweep_all,Fixed Order Attn,ATTENTION,synthetic,eta,200,current_mixture,0.1,10,1e-12,width,0.0,4,g_ibp,0.025389886954705,,0.001
fp9,sweep_all,Fixed Order Attn,ATTENTION,synthetic,eta,200,current_mixture,0.1,10,1e-12,width,0.0,5,d_eff,70.10226269412675,,20.166
fp9,sweep_all,Fixed Order Attn,ATTENTION,synthetic,eta,200,current_mixture,0.1,10,1e-12,width,0.0,5,g_ibp,0.025389886954705,,0.002
fp9,sweep_all,Fixed Order Attn,ATTENTION,synthetic,eta,200,current_mixture,0.1,10,1e-12,width,0.0,6,d_eff,70.10137014068586,,19.452
fp9,sweep_all,Fixed Order Attn,ATTENTION,synthetic,eta,200,current_mixture,0.1,10,1e-12,width,0.0,6,g_ibp,0.025389886954705,,0.002
fp9,sweep_all,Fixed Order Attn,ATTENTION,synthetic,eta,200,current_mixture,0.1,10,1e-12,width,0.0,7,d_eff,70.093364210997,,20.254
fp9,sweep_all,Fixed Order Attn,ATTENTION,synthetic,eta,200,current_mixture,0.1,10,1e-12,width,0.0,7,g_ibp,0.025389886954705,,0.002
fp9,sweep_all,Fixed Order Attn,ATTENTION,synthetic,eta,200,current_mixture,0.1,10,1e-09,width,0.0,0,d_eff,70.08474741481633,,19.639
fp9,sweep_all,Fixed Order Attn,ATTENTION,synthetic,eta,200,current_mixture,0.1,10,1e-09,width,0.0,0,g_ibp,0.02538988694087589,,0.001
fp9,sweep_all,Fixed Order Attn,ATTENTION,synthetic,eta,200,current_mixture,0.1,10,1e-09,width,0.0,1,d_eff,70.07132470108998,,14.717
fp9,sweep_all,Fixed Order Attn,ATTENTION,synthetic,eta,200,current_mixture,0.1,10,1e-09,width,0.0,1,g_ibp,0.02538988694087589,,0.002
fp9,sweep_all,Fixed Order Attn,ATTENTION,synthetic,eta,200,current_mixture,0.1,10,1e-09,width,0.0,2,d_eff,70.10341018809633,,14.807
fp9,sweep_all,Fixed Order Attn,ATTENTION,synthetic,eta,200,current_mixture,0.1,10,1e-09,width,0.0,2,g_ibp,0.02538988694087589,,0.003
fp9,sweep_all,Fixed Order Attn,ATTENTION,synthetic,eta,200,current_mixture,0.1,10,1e-09,width,0.0,3,d_eff,70.09952033407787,,19.905
fp9,sweep_all,Fixed Order Attn,ATTENTION,synthetic,eta,200,current_mixture,0.1,10,1e-09,width,0.0,3,g_ibp,0.02538988694087589,,0.002
fp9,sweep_all,Fixed Order Attn,ATTENTION,synthetic,eta,200,current_mixture,0.1,10,1e-09,width,0.0,4,d_eff,70.08623477334538,,19.375
fp9,sweep_all,Fixed Order Attn,ATTENTION,synthetic,eta,200,current_mixture,0.1,10,1e-09,width,0.0,4,g_ibp,0.02538988694087589,,0.002
fp9,sweep_all,Fixed Order Attn,ATTENTION,synthetic,eta,200,current_mixture,0.1,10,1e-09,width,0.0,5,d_eff,70.10226236429114,,15.253
fp9,sweep_all,Fixed Order Attn,ATTENTION,synthetic,eta,200,current_mixture,0.1,10,1e-09,width,0.0,5,g_ibp,0.02538988694087589,,0.003
fp9,sweep_all,Fixed Order Attn,ATTENTION,synthetic,eta,200,current_mixture,0.1,10,1e-09,width,0.0,6,d_eff,70.10136981079596,,19.961
fp9,sweep_all,Fixed Order Attn,ATTENTION,synthetic,eta,200,current_mixture,0.1,10,1e-09,width,0.0,6,g_ibp,0.02538988694087589,,0.003
fp9,sweep_all,Fixed Order Attn,ATTENTION,synthetic,eta,200,current_mixture,0.1,10,1e-09,width,0.0,7,d_eff,70.09336388125594,,20.36
fp9,sweep_all,Fixed Order Attn,ATTENTION,synthetic,eta,200,current_mixture,0.1,10,1e-09,width,0.0,7,g_ibp,0.02538988694087589,,0.003
fp9,sweep_all,Fixed Order Attn,ATTENTION,synthetic,eta,200,current_mixture,0.1,10,1e-06,width,0.0,0,d_eff,70.08441762167153,,19.956
fp9,sweep_all,Fixed Order Attn,ATTENTION,synthetic,eta,200,current_mixture,0.1,10,1e-06,width,0.0,0,g_ibp,0.02538987311177771,,0.003
fp9,sweep_all,Fixed Order Attn,ATTENTION,synthetic,eta,200,current_mixture,0.1,10,1e-06,width,0.0,1,d_eff,70.07099498352251,,14.327
fp9,sweep_all,Fixed Order Attn,ATTENTION,synthetic,eta,200,current_mixture,0.1,10,1e-06,width,0.0,1,g_ibp,0.02538987311177771,,0.001
fp9,sweep_all,Fixed Order Attn,ATTENTION,synthetic,eta,200,current_mixture,0.1,10,1e-06,width,0.0,2,d_eff,70.10308036333308,,20.168
fp9,sweep_all,Fixed Order Attn,ATTENTION,synthetic,eta,200,current_mixture,0.1,10,1e-06,width,0.0,2,g_ibp,0.02538987311177771,,0.003
fp9,sweep_all,Fixed Order Attn,ATTENTION,synthetic,eta,200,current_mixture,0.1,10,1e-06,width,0.0,3,d_eff,70.09919059245222,,19.494
fp9,sweep_all,Fixed Order Attn,ATTENTION,synthetic,eta,200,current_mixture,0.1,10,1e-06,width,0.0,3,g_ibp,0.02538987311177771,,0.003
fp9,sweep_all,Fixed Order Attn,ATTENTION,synthetic,eta,200,current_mixture,0.1,10,1e-06,width,0.0,4,d_eff,70.08590493333953,,19.986
fp9,sweep_all,Fixed Order Attn,ATTENTION,synthetic,eta,200,current_mixture,0.1,10,1e-06,width,0.0,4,g_ibp,0.02538987311177771,,0.003
fp9,sweep_all,Fixed Order Attn,ATTENTION,synthetic,eta,200,current_mixture,0.1,10,1e-06,width,0.0,5,d_eff,70.10193253024194,,19.782
fp9,sweep_all,Fixed Order Attn,ATTENTION,synthetic,eta,200,current_mixture,0.1,10,1e-06,width,0.0,5,g_ibp,0.02538987311177771,,0.003
fp9,sweep_all,Fixed Order Attn,ATTENTION,synthetic,eta,200,current_mixture,0.1,10,1e-06,width,0.0,6,d_eff,70.1010399224576,,19.396
fp9,sweep_all,Fixed Order Attn,ATTENTION,synthetic,eta,200,current_mixture,0.1,10,1e-06,width,0.0,6,g_ibp,0.02538987311177771,,0.004
fp9,sweep_all,Fixed Order Attn,ATTENTION,synthetic,eta,200,current_mixture,0.1,10,1e-06,width,0.0,7,d_eff,70.0930341417471,,14.02
fp9,sweep_all,Fixed Order Attn,ATTENTION,synthetic,eta,200,current_mixture,0.1,10,1e-06,width,0.0,7,g_ibp,0.02538987311177771,,0.002
fp9,sweep_all,Fixed Order Attn,ATTENTION,synthetic,eta,200,current_mixture,0.1,10,0.001,width,0.0,0,d_eff,69.75617065635774,,16.272
fp9,sweep_all,Fixed Order Attn,ATTENTION,synthetic,eta,200,current_mixture,0.1,10,0.001,width,0.0,0,g_ibp,0.025376051549308883,,0.002
fp9,sweep_all,Fixed Order Attn,ATTENTION,synthetic,eta,200,current_mixture,0.1,10,0.001,width,0.0,1,d_eff,69.74282318248603,,16.583
fp9,sweep_all,Fixed Order Attn,ATTENTION,synthetic,eta,200,current_mixture,0.1,10,0.001,width,0.0,1,g_ibp,0.025376051549308883,,0.002
fp9,sweep_all,Fixed Order Attn,ATTENTION,synthetic,eta,200,current_mixture,0.1,10,0.001,width,0.0,2,d_eff,69.77480166706286,,16.433
fp9,sweep_all,Fixed Order Attn,ATTENTION,synthetic,eta,200,current_mixture,0.1,10,0.001,width,0.0,2,g_ibp,0.025376051549308883,,0.002
fp9,sweep_all,Fixed Order Attn,ATTENTION,synthetic,eta,200,current_mixture,0.1,10,0.001,width,0.0,3,d_eff,69.77099433917488,,16.373
fp9,sweep_all,Fixed Order Attn,ATTENTION,synthetic,eta,200,current_mixture,0.1,10,0.001,width,0.0,3,g_ibp,0.025376051549308883,,0.002
fp9,sweep_all,Fixed Order Attn,ATTENTION,synthetic,eta,200,current_mixture,0.1,10,0.001,width,0.0,4,d_eff,69.75761151412735,,17.903
fp9,sweep_all,Fixed Order Attn,ATTENTION,synthetic,eta,200,current_mixture,0.1,10,0.001,width,0.0,4,g_ibp,0.025376051549308883,,0.002
fp9,sweep_all,Fixed Order Attn,ATTENTION,synthetic,eta,200,current_mixture,0.1,10,0.001,width,0.0,5,d_eff,69.7736446550236,,16.674
fp9,sweep_all,Fixed Order Attn,ATTENTION,synthetic,eta,200,current_mixture,0.1,10,0.001,width,0.0,5,g_ibp,0.025376051549308883,,0.002
fp9,sweep_all,Fixed Order Attn,ATTENTION,synthetic,eta,200,current_mixture,0.1,10,0.001,width,0.0,6,d_eff,69.77269828782666,,16.954
fp9,sweep_all,Fixed Order Attn,ATTENTION,synthetic,eta,200,current_mixture,0.1,10,0.001,width,0.0,6,g_ibp,0.025376051549308883,,0.002
fp9,sweep_all,Fixed Order Attn,ATTENTION,synthetic,eta,200,current_mixture,0.1,10,0.001,width,0.0,7,d_eff,69.76484011907898,,19.647
fp9,sweep_all,Fixed Order Attn,ATTENTION,synthetic,eta,200,current_mixture,0.1,10,0.001,width,0.0,7,g_ibp,0.025376051549308883,,0.003
fp10,sweep_all,Fixed Order Attn,ATTENTION,synthetic,eta,200,current_mixture,0.1,10,1e-12,width,0.0,0,d_eff,43.561831473200016,,9.319
fp10,sweep_all,Fixed Order Attn,ATTENTION,synthetic,eta,200,current_mixture,0.1,10,1e-12,width,0.0,0,g_ibp,0.05520266449996384,,0.002
fp10,sweep_all,Fixed Order Attn,ATTENTION,synthetic,eta,200,current_mixture,0.1,10,1e-12,width,0.0,1,d_eff,43.56074592951178,,9.246
fp10,sweep_all,Fixed Order Attn,ATTENTION,synthetic,eta,200,current_mixture,0.1,10,1e-12,width,0.0,1,g_ibp,0.05520266449996384,,0.002
fp10,sweep_all,Fixed Order Attn,ATTENTION,synthetic,eta,200,current_mixture,0.1,10,1e-12,width,0.0,2,d_eff,43.41381971514923,,9.129
fp10,sweep_all,Fixed Order Attn,ATTENTION,synthetic,eta,200,current_mixture,0.1,10,1e-12,width,0.0,2,g_ibp,0.05520266449996384,,0.002
fp10,sweep_all,Fixed Order Attn,ATTENTION,synthetic,eta,200,current_mixture,0.1,10,1e-12,width,0.0,3,d_eff,43.539627319028355,,8.973
fp10,sweep_all,Fixed Order Attn,ATTENTION,synthetic,eta,200,current_mixture,0.1,10,1e-12,width,0.0,3,g_ibp,0.05520266449996384,,0.002
fp10,sweep_all,Fixed Order Attn,ATTENTION,synthetic,eta,200,current_mixture,0.1,10,1e-12,width,0.0,4,d_eff,43.54411500506274,,9.231
fp10,sweep_all,Fixed Order Attn,ATTENTION,synthetic,eta,200,current_mixture,0.1,10,1e-12,width,0.0,4,g_ibp,0.05520266449996384,,0.001
fp10,sweep_all,Fixed Order Attn,ATTENTION,synthetic,eta,200,current_mixture,0.1,10,1e-12,width,0.0,5,d_eff,43.49784291727564,,8.85
fp10,sweep_all,Fixed Order Attn,ATTENTION,synthetic,eta,200,current_mixture,0.1,10,1e-12,width,0.0,5,g_ibp,0.05520266449996384,,0.002
fp10,sweep_all,Fixed Order Attn,ATTENTION,synthetic,eta,200,current_mixture,0.1,10,1e-12,width,0.0,6,d_eff,43.52881817337164,,9.436
fp10,sweep_all,Fixed Order Attn,ATTENTION,synthetic,eta,200,current_mixture,0.1,10,1e-12,width,0.0,6,g_ibp,0.05520266449996384,,0.002
fp10,sweep_all,Fixed Order Attn,ATTENTION,synthetic,eta,200,current_mixture,0.1,10,1e-12,width,0.0,7,d_eff,43.580377863931815,,9.15
fp10,sweep_all,Fixed Order Attn,ATTENTION,synthetic,eta,200,current_mixture,0.1,10,1e-12,width,0.0,7,g_ibp,0.05520266449996384,,0.003
fp10,sweep_all,Fixed Order Attn,ATTENTION,synthetic,eta,200,current_mixture,0.1,10,1e-09,width,0.0,0,d_eff,43.56183135293283,,8.92
fp10,sweep_all,Fixed Order Attn,ATTENTION,synthetic,eta,200,current_mixture,0.1,10,1e-09,width,0.0,0,g_ibp,0.05520266441737476,,0.002
fp10,sweep_all,Fixed Order Attn,ATTENTION,synthetic,eta,200,current_mixture,0.1,10,1e-09,width,0.0,1,d_eff,43.560745809227406,,9.258
fp10,sweep_all,Fixed Order Attn,ATTENTION,synthetic,eta,200,current_mixture,0.1,10,1e-09,width,0.0,1,g_ibp,0.05520266441737476,,0.002
fp10,sweep_all,Fixed Order Attn,ATTENTION,synthetic,eta,200,current_mixture,0.1,10,1e-09,width,0.0,2,d_eff,43.41381959408932,,9.229
fp10,sweep_all,Fixed Order Attn,ATTENTION,synthetic,eta,200,current_mixture,0.1,10,1e-09,width,0.0,2,g_ibp,0.05520266441737476,,0.002
fp10,sweep_all,Fixed Order Attn,ATTENTION,synthetic,eta,200,current_mixture,0.1,10,1e-09,width,0.0,3,d_eff,43.539627198677216,,9.183
fp10,sweep_all,Fixed Order Attn,ATTENTION,synthetic,eta,200,current_mixture,0.1,10,1e-09,width,0.0,3,g_ibp,0.05520266441737476,,0.003
fp10,sweep_all,Fixed Order Attn,ATTENTION,synthetic,eta,200,current_mixture,0.1,10,1e-09,width,0.0,4,d_eff,43.54411488469883,,9.079
fp10,sweep_all,Fixed Order Attn,ATTENTION,synthetic,eta,200,current_mixture,0.1,10,1e-09,width,0.0,4,g_ibp,0.05520266441737476,,0.002
fp10,sweep_all,Fixed Order Attn,ATTENTION,synthetic,eta,200,current_mixture,0.1,10,1e-09,width,0.0,5,d_eff,43.4978427966444,,9.381
fp10,sweep_all,Fixed Order Attn,ATTENTION,synthetic,eta,200,current_mixture,0.1,10,1e-09,width,0.0,5,g_ibp,0.05520266441737476,,0.002
fp10,sweep_all,Fixed Order Attn,ATTENTION,synthetic,eta,200,current_mixture,0.1,10,1e-09,width,0.0,6,d_eff,43.52881805291354,,9.281
fp10,sweep_all,Fixed Order Attn,ATTENTION,synthetic,eta,200,current_mixture,0.1,10,1e-09,width,0.0,6,g_ibp,0.05520266441737476,,0.003
fp10,sweep_all,Fixed Order Attn,ATTENTION,synthetic,eta,200,current_mixture,0.1,10,1e-09,width,0.0,7,d_eff,43.58037774371978,,9.594
fp10,sweep_all,Fixed Order Attn,ATTENTION,synthetic,eta,200,current_mixture,0.1,10,1e-09,width,0.0,7,g_ibp,0.05520266441737476,,0.003
fp10,sweep_all,Fixed Order Attn,ATTENTION,synthetic,eta,200,current_mixture,0.1,10,1e-06,width,0.0,0,d_eff,43.56171108608248,,9.796
fp10,sweep_all,Fixed Order Attn,ATTENTION,synthetic,eta,200,current_mixture,0.1,10,1e-06,width,0.0,0,g_ibp,0.055202581828416114,,0.002
fp10,sweep_all,Fixed Order Attn,ATTENTION,synthetic,eta,200,current_mixture,0.1,10,1e-06,width,0.0,1,d_eff,43.56062552519312,,9.942
fp10,sweep_all,Fixed Order Attn,ATTENTION,synthetic,eta,200,current_mixture,0.1,10,1e-06,width,0.0,1,g_ibp,0.055202581828416114,,0.002
fp10,sweep_all,Fixed Order Attn,ATTENTION,synthetic,eta,200,current_mixture,0.1,10,1e-06,width,0.0,2,d_eff,43.4136985345236,,9.678
fp10,sweep_all,Fixed Order Attn,ATTENTION,synthetic,eta,200,current_mixture,0.1,10,1e-06,width,0.0,2,g_ibp,0.055202581828416114,,0.002
fp10,sweep_all,Fixed Order Attn,ATTENTION,synthetic,eta,200,current_mixture,0.1,10,1e-06,width,0.0,3,d_eff,43.53950684787832,,10.048
fp10,sweep_all,Fixed Order Attn,ATTENTION,synthetic,eta,200,current_mixture,0.1,10,1e-06,width,0.0,3,g_ibp,0.055202581828416114,,0.002
fp10,sweep_all,Fixed Order Attn,ATTENTION,synthetic,eta,200,current_mixture,0.1,10,1e-06,width,0.0,4,d_eff,43.54399452112224,,9.593
fp10,sweep_all,Fixed Order Attn,ATTENTION,synthetic,eta,200,current_mixture,0.1,10,1e-06,width,0.0,4,g_ibp,0.055202581828416114,,0.002
fp10,sweep_all,Fixed Order Attn,ATTENTION,synthetic,eta,200,current_mixture,0.1,10,1e-06,width,0.0,5,d_eff,43.49772216574375,,9.748
fp10,sweep_all,Fixed Order Attn,ATTENTION,synthetic,eta,200,current_mixture,0.1,10,1e-06,width,0.0,5,g_ibp,0.055202581828416114,,0.001
fp10,sweep_all,Fixed Order Attn,ATTENTION,synthetic,eta,200,current_mixture,0.1,10,1e-06,width,0.0,6,d_eff,43.52869759516882,,10.113
fp10,sweep_all,Fixed Order Attn,ATTENTION,synthetic,eta,200,current_mixture,0.1,10,1e-06,width,0.0,6,g_ibp,0.055202581828416114,,0.002
fp10,sweep_all,Fixed Order Attn,ATTENTION,synthetic,eta,200,current_mixture,0.1,10,1e-06,width,0.0,7,d_eff,43.58025753201926,,9.783
fp10,sweep_all,Fixed Order Attn,ATTENTION,synthetic,eta,200,current_mixture,0.1,10,1e-06,width,0.0,7,g_ibp,0.055202581828416114,,0.002
fp10,sweep_all,Fixed Order Attn,ATTENTION,synthetic,eta,200,current_mixture,0.1,10,0.001,width,0.0,0,d_eff,43.441776823433436,,9.917
fp10,sweep_all,Fixed Order Attn,ATTENTION,synthetic,eta,200,current_mixture,0.1,10,0.001,width,0.0,0,g_ibp,0.055120116370292675,,0.003
fp10,sweep_all,Fixed Order Attn,ATTENTION,synthetic,eta,200,current_mixture,0.1,10,0.001,width,0.0,1,d_eff,43.440674181457894,,9.829
fp10,sweep_all,Fixed Order Attn,ATTENTION,synthetic,eta,200,current_mixture,0.1,10,0.001,width,0.0,1,g_ibp,0.055120116370292675,,0.003
fp10,sweep_all,Fixed Order Attn,ATTENTION,synthetic,eta,200,current_mixture,0.1,10,0.001,width,0.0,2,d_eff,43.29297772360779,,9.893
fp10,sweep_all,Fixed Order Attn,ATTENTION,synthetic,eta,200,current_mixture,0.1,10,0.001,width,0.0,2,g_ibp,0.055120116370292675,,0.002
fp10,sweep_all,Fixed Order Attn,ATTENTION,synthetic,eta,200,current_mixture,0.1,10,0.001,width,0.0,3,d_eff,43.419489333588416,,9.782
fp10,sweep_all,Fixed Order Attn,ATTENTION,synthetic,eta,200,current_mixture,0.1,10,0.001,width,0.0,3,g_ibp,0.055120116370292675,,0.003
fp10,sweep_all,Fixed Order Attn,ATTENTION,synthetic,eta,200,current_mixture,0.1,10,0.001,width,0.0,4,d_eff,43.42396428247745,,9.615
fp10,sweep_all,Fixed Order Attn,ATTENTION,synthetic,eta,200,current_mixture,0.1,10,0.001,width,0.0,4,g_ibp,0.055120116370292675,,0.001
fp10,sweep_all,Fixed Order Attn,ATTENTION,synthetic,eta,200,current_mixture,0.1,10,0.001,width,0.0,5,d_eff,43.37742663322333,,8.818
fp10,sweep_all,Fixed Order Attn,ATTENTION,synthetic,eta,200,current_mixture,0.1,10,0.001,width,0.0,5,g_ibp,0.055120116370292675,,0.002
fp10,sweep_all,Fixed Order Attn,ATTENTION,synthetic,eta,200,current_mixture,0.1,10,0.001,width,0.0,6,d_eff,43.40857390103637,,9.874
fp10,sweep_all,Fixed Order Attn,ATTENTION,synthetic,eta,200,current_mixture,0.1,10,0.001,width,0.0,6,g_ibp,0.055120116370292675,,0.002
fp10,sweep_all,Fixed Order Attn,ATTENTION,synthetic,eta,200,current_mixture,0.1,10,0.001,width,0.0,7,d_eff,43.460377894100155,,10.092
fp10,sweep_all,Fixed Order Attn,ATTENTION,synthetic,eta,200,current_mixture,0.1,10,0.001,width,0.0,7,g_ibp,0.055120116370292675,,0.002
rc7,sweep_all,Input-Corner Stress,MLP,synthetic,eta,200,current_mixture,0.1,10,1e-12,width,0.0,0,d_eff,0.0,,6.381
rc7,sweep_all,Input-Corner Stress,MLP,synthetic,eta,200,current_mixture,0.1,10,1e-12,width,0.0,0,g_ibp,0.25267440080636383,,0.001
rc7,sweep_all,Input-Corner Stress,MLP,synthetic,eta,200,current_mixture,0.1,10,1e-12,width,0.0,1,d_eff,0.0,,4.834
rc7,sweep_all,Input-Corner Stress,MLP,synthetic,eta,200,current_mixture,0.1,10,1e-12,width,0.0,1,g_ibp,0.25267440080636383,,0.001
rc7,sweep_all,Input-Corner Stress,MLP,synthetic,eta,200,current_mixture,0.1,10,1e-12,width,0.0,2,d_eff,0.0,,4.761
rc7,sweep_all,Input-Corner Stress,MLP,synthetic,eta,200,current_mixture,0.1,10,1e-12,width,0.0,2,g_ibp,0.25267440080636383,,0.001
rc7,sweep_all,Input-Corner Stress,MLP,synthetic,eta,200,current_mixture,0.1,10,1e-12,width,0.0,3,d_eff,0.0,,4.666
rc7,sweep_all,Input-Corner Stress,MLP,synthetic,eta,200,current_mixture,0.1,10,1e-12,width,0.0,3,g_ibp,0.25267440080636383,,0.001
rc7,sweep_all,Input-Corner Stress,MLP,synthetic,eta,200,current_mixture,0.1,10,1e-12,width,0.0,4,d_eff,0.0,,4.783
rc7,sweep_all,Input-Corner Stress,MLP,synthetic,eta,200,current_mixture,0.1,10,1e-12,width,0.0,4,g_ibp,0.25267440080636383,,0.001
rc7,sweep_all,Input-Corner Stress,MLP,synthetic,eta,200,current_mixture,0.1,10,1e-12,width,0.0,5,d_eff,0.0,,4.938
rc7,sweep_all,Input-Corner Stress,MLP,synthetic,eta,200,current_mixture,0.1,10,1e-12,width,0.0,5,g_ibp,0.25267440080636383,,0.001
rc7,sweep_all,Input-Corner Stress,MLP,synthetic,eta,200,current_mixture,0.1,10,1e-12,width,0.0,6,d_eff,0.0,,4.642
rc7,sweep_all,Input-Corner Stress,MLP,synthetic,eta,200,current_mixture,0.1,10,1e-12,width,0.0,6,g_ibp,0.25267440080636383,,0.001
rc7,sweep_all,Input-Corner Stress,MLP,synthetic,eta,200,current_mixture,0.1,10,1e-12,width,0.0,7,d_eff,0.0,,5.716
rc7,sweep_all,Input-Corner Stress,MLP,synthetic,eta,200,current_mixture,0.1,10,1e-12,width,0.0,7,g_ibp,0.25267440080636383,,0.001
rc7,sweep_all,Input-Corner Stress,MLP,synthetic,eta,200,current_mixture,0.1,10,1e-09,width,0.0,0,d_eff,0.0,,6.027
rc7,sweep_all,Input-Corner Stress,MLP,synthetic,eta,200,current_mixture,0.1,10,1e-09,width,0.0,0,g_ibp,0.2526744007432584,,0.001
rc7,sweep_all,Input-Corner Stress,MLP,synthetic,eta,200,current_mixture,0.1,10,1e-09,width,0.0,1,d_eff,0.0,,5.422
rc7,sweep_all,Input-Corner Stress,MLP,synthetic,eta,200,current_mixture,0.1,10,1e-09,width,0.0,1,g_ibp,0.2526744007432584,,0.001
rc7,sweep_all,Input-Corner Stress,MLP,synthetic,eta,200,current_mixture,0.1,10,1e-09,width,0.0,2,d_eff,0.0,,5.423
rc7,sweep_all,Input-Corner Stress,MLP,synthetic,eta,200,current_mixture,0.1,10,1e-09,width,0.0,2,g_ibp,0.2526744007432584,,0.001
rc7,sweep_all,Input-Corner Stress,MLP,synthetic,eta,200,current_mixture,0.1,10,1e-09,width,0.0,3,d_eff,0.0,,6.692
rc7,sweep_all,Input-Corner Stress,MLP,synthetic,eta,200,current_mixture,0.1,10,1e-09,width,0.0,3,g_ibp,0.2526744007432584,,0.001
rc7,sweep_all,Input-Corner Stress,MLP,synthetic,eta,200,current_mixture,0.1,10,1e-09,width,0.0,4,d_eff,0.0,,6.532
rc7,sweep_all,Input-Corner Stress,MLP,synthetic,eta,200,current_mixture,0.1,10,1e-09,width,0.0,4,g_ibp,0.2526744007432584,,0.001
rc7,sweep_all,Input-Corner Stress,MLP,synthetic,eta,200,current_mixture,0.1,10,1e-09,width,0.0,5,d_eff,0.0,,6.489
rc7,sweep_all,Input-Corner Stress,MLP,synthetic,eta,200,current_mixture,0.1,10,1e-09,width,0.0,5,g_ibp,0.2526744007432584,,0.001
rc7,sweep_all,Input-Corner Stress,MLP,synthetic,eta,200,current_mixture,0.1,10,1e-09,width,0.0,6,d_eff,0.0,,5.488
rc7,sweep_all,Input-Corner Stress,MLP,synthetic,eta,200,current_mixture,0.1,10,1e-09,width,0.0,6,g_ibp,0.2526744007432584,,0.001
rc7,sweep_all,Input-Corner Stress,MLP,synthetic,eta,200,current_mixture,0.1,10,1e-09,width,0.0,7,d_eff,0.0,,5.22
rc7,sweep_all,Input-Corner Stress,MLP,synthetic,eta,200,current_mixture,0.1,10,1e-09,width,0.0,7,g_ibp,0.2526744007432584,,0.001
rc7,sweep_all,Input-Corner Stress,MLP,synthetic,eta,200,current_mixture,0.1,10,1e-06,width,0.0,0,d_eff,0.0,,6.466
rc7,sweep_all,Input-Corner Stress,MLP,synthetic,eta,200,current_mixture,0.1,10,1e-06,width,0.0,0,g_ibp,0.2526743376378426,,0.001
rc7,sweep_all,Input-Corner Stress,MLP,synthetic,eta,200,current_mixture,0.1,10,1e-06,width,0.0,1,d_eff,0.0,,6.426
rc7,sweep_all,Input-Corner Stress,MLP,synthetic,eta,200,current_mixture,0.1,10,1e-06,width,0.0,1,g_ibp,0.2526743376378426,,0.001
rc7,sweep_all,Input-Corner Stress,MLP,synthetic,eta,200,current_mixture,0.1,10,1e-06,width,0.0,2,d_eff,0.0,,6.4
rc7,sweep_all,Input-Corner Stress,MLP,synthetic,eta,200,current_mixture,0.1,10,1e-06,width,0.0,2,g_ibp,0.2526743376378426,,0.001
rc7,sweep_all,Input-Corner Stress,MLP,synthetic,eta,200,current_mixture,0.1,10,1e-06,width,0.0,3,d_eff,0.0,,6.4
rc7,sweep_all,Input-Corner Stress,MLP,synthetic,eta,200,current_mixture,0.1,10,1e-06,width,0.0,3,g_ibp,0.2526743376378426,,0.001
rc7,sweep_all,Input-Corner Stress,MLP,synthetic,eta,200,current_mixture,0.1,10,1e-06,width,0.0,4,d_eff,0.0,,6.343
rc7,sweep_all,Input-Corner Stress,MLP,synthetic,eta,200,current_mixture,0.1,10,1e-06,width,0.0,4,g_ibp,0.2526743376378426,,0.001
rc7,sweep_all,Input-Corner Stress,MLP,synthetic,eta,200,current_mixture,0.1,10,1e-06,width,0.0,5,d_eff,0.0,,5.419
rc7,sweep_all,Input-Corner Stress,MLP,synthetic,eta,200,current_mixture,0.1,10,1e-06,width,0.0,5,g_ibp,0.2526743376378426,,0.001
rc7,sweep_all,Input-Corner Stress,MLP,synthetic,eta,200,current_mixture,0.1,10,1e-06,width,0.0,6,d_eff,0.0,,6.466
rc7,sweep_all,Input-Corner Stress,MLP,synthetic,eta,200,current_mixture,0.1,10,1e-06,width,0.0,6,g_ibp,0.2526743376378426,,0.001
rc7,sweep_all,Input-Corner Stress,MLP,synthetic,eta,200,current_mixture,0.1,10,1e-06,width,0.0,7,d_eff,0.0,,6.451
rc7,sweep_all,Input-Corner Stress,MLP,synthetic,eta,200,current_mixture,0.1,10,1e-06,width,0.0,7,g_ibp,0.2526743376378426,,0.001
rc7,sweep_all,Input-Corner Stress,MLP,synthetic,eta,200,current_mixture,0.1,10,0.001,width,0.0,0,d_eff,0.0,,6.594
rc7,sweep_all,Input-Corner Stress,MLP,synthetic,eta,200,current_mixture,0.1,10,0.001,width,0.0,0,g_ibp,0.25261124799442836,,0.001
rc7,sweep_all,Input-Corner Stress,MLP,synthetic,eta,200,current_mixture,0.1,10,0.001,width,0.0,1,d_eff,0.0,,6.719
rc7,sweep_all,Input-Corner Stress,MLP,synthetic,eta,200,current_mixture,0.1,10,0.001,width,0.0,1,g_ibp,0.25261124799442836,,0.001
rc7,sweep_all,Input-Corner Stress,MLP,synthetic,eta,200,current_mixture,0.1,10,0.001,width,0.0,2,d_eff,0.0,,6.369
rc7,sweep_all,Input-Corner Stress,MLP,synthetic,eta,200,current_mixture,0.1,10,0.001,width,0.0,2,g_ibp,0.25261124799442836,,0.001
rc7,sweep_all,Input-Corner Stress,MLP,synthetic,eta,200,current_mixture,0.1,10,0.001,width,0.0,3,d_eff,0.0,,6.433
rc7,sweep_all,Input-Corner Stress,MLP,synthetic,eta,200,current_mixture,0.1,10,0.001,width,0.0,3,g_ibp,0.25261124799442836,,0.001
rc7,sweep_all,Input-Corner Stress,MLP,synthetic,eta,200,current_mixture,0.1,10,0.001,width,0.0,4,d_eff,0.0,,6.701
rc7,sweep_all,Input-Corner Stress,MLP,synthetic,eta,200,current_mixture,0.1,10,0.001,width,0.0,4,g_ibp,0.25261124799442836,,0.001
rc7,sweep_all,Input-Corner Stress,MLP,synthetic,eta,200,current_mixture,0.1,10,0.001,width,0.0,5,d_eff,0.0,,6.545
rc7,sweep_all,Input-Corner Stress,MLP,synthetic,eta,200,current_mixture,0.1,10,0.001,width,0.0,5,g_ibp,0.25261124799442836,,0.001
rc7,sweep_all,Input-Corner Stress,MLP,synthetic,eta,200,current_mixture,0.1,10,0.001,width,0.0,6,d_eff,0.0,,6.367
rc7,sweep_all,Input-Corner Stress,MLP,synthetic,eta,200,current_mixture,0.1,10,0.001,width,0.0,6,g_ibp,0.25261124799442836,,0.001
rc7,sweep_all,Input-Corner Stress,MLP,synthetic,eta,200,current_mixture,0.1,10,0.001,width,0.0,7,d_eff,0.0,,5.463
rc7,sweep_all,Input-Corner Stress,MLP,synthetic,eta,200,current_mixture,0.1,10,0.001,width,0.0,7,g_ibp,0.25261124799442836,,0.001
rc15,sweep_all,Input-Corner Stress,MLP,synthetic,eta,200,current_mixture,0.1,10,1e-12,width,0.0,0,d_eff,0.030878863541305136,,5.452
rc15,sweep_all,Input-Corner Stress,MLP,synthetic,eta,200,current_mixture,0.1,10,1e-12,width,0.0,0,g_ibp,2438.3639360267375,,0.001
rc15,sweep_all,Input-Corner Stress,MLP,synthetic,eta,200,current_mixture,0.1,10,1e-12,width,0.0,1,d_eff,0.0,,5.769
rc15,sweep_all,Input-Corner Stress,MLP,synthetic,eta,200,current_mixture,0.1,10,1e-12,width,0.0,1,g_ibp,2438.0664062493906,,0.001
rc15,sweep_all,Input-Corner Stress,MLP,synthetic,eta,200,current_mixture,0.1,10,1e-12,width,0.0,2,d_eff,0.0,,5.592
rc15,sweep_all,Input-Corner Stress,MLP,synthetic,eta,200,current_mixture,0.1,10,1e-12,width,0.0,2,g_ibp,2438.0664062493906,,0.001
rc15,sweep_all,Input-Corner Stress,MLP,synthetic,eta,200,current_mixture,0.1,10,1e-12,width,0.0,3,d_eff,0.030878863541305136,,5.299
rc15,sweep_all,Input-Corner Stress,MLP,synthetic,eta,200,current_mixture,0.1,10,1e-12,width,0.0,3,g_ibp,2438.3639360267375,,0.001
rc15,sweep_all,Input-Corner Stress,MLP,synthetic,eta,200,current_mixture,0.1,10,1e-12,width,0.0,4,d_eff,0.0,,5.62
rc15,sweep_all,Input-Corner Stress,MLP,synthetic,eta,200,current_mixture,0.1,10,1e-12,width,0.0,4,g_ibp,2438.0664062493906,,0.001
rc15,sweep_all,Input-Corner Stress,MLP,synthetic,eta,200,current_mixture,0.1,10,1e-12,width,0.0,5,d_eff,0.0,,6.58
rc15,sweep_all,Input-Corner Stress,MLP,synthetic,eta,200,current_mixture,0.1,10,1e-12,width,0.0,5,g_ibp,2438.0664062493906,,0.001
rc15,sweep_all,Input-Corner Stress,MLP,synthetic,eta,200,current_mixture,0.1,10,1e-12,width,0.0,6,d_eff,0.0,,6.691
rc15,sweep_all,Input-Corner Stress,MLP,synthetic,eta,200,current_mixture,0.1,10,1e-12,width,0.0,6,g_ibp,2438.0664062493906,,0.002
rc15,sweep_all,Input-Corner Stress,MLP,synthetic,eta,200,current_mixture,0.1,10,1e-12,width,0.0,7,d_eff,0.0,,6.526
rc15,sweep_all,Input-Corner Stress,MLP,synthetic,eta,200,current_mixture,0.1,10,1e-12,width,0.0,7,g_ibp,2438.0664062493906,,0.001
rc15,sweep_all,Input-Corner Stress,MLP,synthetic,eta,200,current_mixture,0.1,10,1e-09,width,0.0,0,d_eff,0.030878863541305136,,6.063
rc15,sweep_all,Input-Corner Stress,MLP,synthetic,eta,200,current_mixture,0.1,10,1e-09,width,0.0,0,g_ibp,2438.3639354176817,,0.001
rc15,sweep_all,Input-Corner Stress,MLP,synthetic,eta,200,current_mixture,0.1,10,1e-09,width,0.0,1,d_eff,0.0,,6.597
rc15,sweep_all,Input-Corner Stress,MLP,synthetic,eta,200,current_mixture,0.1,10,1e-09,width,0.0,1,g_ibp,2438.0664056404835,,0.001
rc15,sweep_all,Input-Corner Stress,MLP,synthetic,eta,200,current_mixture,0.1,10,1e-09,width,0.0,2,d_eff,0.0,,6.784
rc15,sweep_all,Input-Corner Stress,MLP,synthetic,eta,200,current_mixture,0.1,10,1e-09,width,0.0,2,g_ibp,2438.0664056404835,,0.002
rc15,sweep_all,Input-Corner Stress,MLP,synthetic,eta,200,current_mixture,0.1,10,1e-09,width,0.0,3,d_eff,0.030878863541305136,,6.369
rc15,sweep_all,Input-Corner Stress,MLP,synthetic,eta,200,current_mixture,0.1,10,1e-09,width,0.0,3,g_ibp,2438.3639354176817,,0.001
rc15,sweep_all,Input-Corner Stress,MLP,synthetic,eta,200,current_mixture,0.1,10,1e-09,width,0.0,4,d_eff,0.0,,6.567
rc15,sweep_all,Input-Corner Stress,MLP,synthetic,eta,200,current_mixture,0.1,10,1e-09,width,0.0,4,g_ibp,2438.0664056404835,,0.001
rc15,sweep_all,Input-Corner Stress,MLP,synthetic,eta,200,current_mixture,0.1,10,1e-09,width,0.0,5,d_eff,0.0,,6.626
rc15,sweep_all,Input-Corner Stress,MLP,synthetic,eta,200,current_mixture,0.1,10,1e-09,width,0.0,5,g_ibp,2438.0664056404835,,0.001
rc15,sweep_all,Input-Corner Stress,MLP,synthetic,eta,200,current_mixture,0.1,10,1e-09,width,0.0,6,d_eff,0.0,,6.584
rc15,sweep_all,Input-Corner Stress,MLP,synthetic,eta,200,current_mixture,0.1,10,1e-09,width,0.0,6,g_ibp,2438.0664056404835,,0.001
rc15,sweep_all,Input-Corner Stress,MLP,synthetic,eta,200,current_mixture,0.1,10,1e-09,width,0.0,7,d_eff,0.0,,6.559
rc15,sweep_all,Input-Corner Stress,MLP,synthetic,eta,200,current_mixture,0.1,10,1e-09,width,0.0,7,g_ibp,2438.0664056404835,,0.001
rc15,sweep_all,Input-Corner Stress,MLP,synthetic,eta,200,current_mixture,0.1,10,1e-06,width,0.0,0,d_eff,0.030878863541305007,,6.424
rc15,sweep_all,Input-Corner Stress,MLP,synthetic,eta,200,current_mixture,0.1,10,1e-06,width,0.0,0,g_ibp,2438.363326362093,,0.001
rc15,sweep_all,Input-Corner Stress,MLP,synthetic,eta,200,current_mixture,0.1,10,1e-06,width,0.0,1,d_eff,0.0,,6.685
rc15,sweep_all,Input-Corner Stress,MLP,synthetic,eta,200,current_mixture,0.1,10,1e-06,width,0.0,1,g_ibp,2438.0657967335505,,0.001
rc15,sweep_all,Input-Corner Stress,MLP,synthetic,eta,200,current_mixture,0.1,10,1e-06,width,0.0,2,d_eff,0.0,,6.612
rc15,sweep_all,Input-Corner Stress,MLP,synthetic,eta,200,current_mixture,0.1,10,1e-06,width,0.0,2,g_ibp,2438.0657967335505,,0.001
rc15,sweep_all,Input-Corner Stress,MLP,synthetic,eta,200,current_mixture,0.1,10,1e-06,width,0.0,3,d_eff,0.030878863541305007,,6.765
rc15,sweep_all,Input-Corner Stress,MLP,synthetic,eta,200,current_mixture,0.1,10,1e-06,width,0.0,3,g_ibp,2438.363326362093,,0.001
rc15,sweep_all,Input-Corner Stress,MLP,synthetic,eta,200,current_mixture,0.1,10,1e-06,width,0.0,4,d_eff,0.0,,6.583
rc15,sweep_all,Input-Corner Stress,MLP,synthetic,eta,200,current_mixture,0.1,10,1e-06,width,0.0,4,g_ibp,2438.0657967335505,,0.001
rc15,sweep_all,Input-Corner Stress,MLP,synthetic,eta,200,current_mixture,0.1,10,1e-06,width,0.0,5,d_eff,0.0,,6.6
rc15,sweep_all,Input-Corner Stress,MLP,synthetic,eta,200,current_mixture,0.1,10,1e-06,width,0.0,5,g_ibp,2438.0657967335505,,0.001
rc15,sweep_all,Input-Corner Stress,MLP,synthetic,eta,200,current_mixture,0.1,10,1e-06,width,0.0,6,d_eff,0.0,,6.776
rc15,sweep_all,Input-Corner Stress,MLP,synthetic,eta,200,current_mixture,0.1,10,1e-06,width,0.0,6,g_ibp,2438.0657967335505,,0.001
rc15,sweep_all,Input-Corner Stress,MLP,synthetic,eta,200,current_mixture,0.1,10,1e-06,width,0.0,7,d_eff,0.0,,5.403
rc15,sweep_all,Input-Corner Stress,MLP,synthetic,eta,200,current_mixture,0.1,10,1e-06,width,0.0,7,g_ibp,2438.0657967335505,,0.001
rc15,sweep_all,Input-Corner Stress,MLP,synthetic,eta,200,current_mixture,0.1,10,0.001,width,0.0,0,d_eff,0.030878863541177172,,5.366
rc15,sweep_all,Input-Corner Stress,MLP,synthetic,eta,200,current_mixture,0.1,10,0.001,width,0.0,0,g_ibp,2437.754423018149,,0.002
rc15,sweep_all,Input-Corner Stress,MLP,synthetic,eta,200,current_mixture,0.1,10,0.001,width,0.0,1,d_eff,0.0,,5.696
rc15,sweep_all,Input-Corner Stress,MLP,synthetic,eta,200,current_mixture,0.1,10,0.001,width,0.0,1,g_ibp,2437.4570419895026,,0.001
rc15,sweep_all,Input-Corner Stress,MLP,synthetic,eta,200,current_mixture,0.1,10,0.001,width,0.0,2,d_eff,0.0,,5.499
rc15,sweep_all,Input-Corner Stress,MLP,synthetic,eta,200,current_mixture,0.1,10,0.001,width,0.0,2,g_ibp,2437.4570419895026,,0.001
rc15,sweep_all,Input-Corner Stress,MLP,synthetic,eta,200,current_mixture,0.1,10,0.001,width,0.0,3,d_eff,0.030878863541177172,,5.425
rc15,sweep_all,Input-Corner Stress,MLP,synthetic,eta,200,current_mixture,0.1,10,0.001,width,0.0,3,g_ibp,2437.754423018149,,0.001
rc15,sweep_all,Input-Corner Stress,MLP,synthetic,eta,200,current_mixture,0.1,10,0.001,width,0.0,4,d_eff,0.0,,5.727
rc15,sweep_all,Input-Corner Stress,MLP,synthetic,eta,200,current_mixture,0.1,10,0.001,width,0.0,4,g_ibp,2437.4570419895026,,0.001
rc15,sweep_all,Input-Corner Stress,MLP,synthetic,eta,200,current_mixture,0.1,10,0.001,width,0.0,5,d_eff,0.0,,5.831
rc15,sweep_all,Input-Corner Stress,MLP,synthetic,eta,200,current_mixture,0.1,10,0.001,width,0.0,5,g_ibp,2437.4570419895026,,0.001
rc15,sweep_all,Input-Corner Stress,MLP,synthetic,eta,200,current_mixture,0.1,10,0.001,width,0.0,6,d_eff,0.0,,6.599
rc15,sweep_all,Input-Corner Stress,MLP,synthetic,eta,200,current_mixture,0.1,10,0.001,width,0.0,6,g_ibp,2437.4570419895026,,0.001
rc15,sweep_all,Input-Corner Stress,MLP,synthetic,eta,200,current_mixture,0.1,10,0.001,width,0.0,7,d_eff,0.0,,6.501
rc15,sweep_all,Input-Corner Stress,MLP,synthetic,eta,200,current_mixture,0.1,10,0.001,width,0.0,7,g_ibp,2437.4570419895026,,0.001
rc21,sweep_all,Input-Corner Stress,MLP,synthetic,eta,200,current_mixture,0.1,10,1e-12,width,0.0,0,d_eff,0.0,,8.013
rc21,sweep_all,Input-Corner Stress,MLP,synthetic,eta,200,current_mixture,0.1,10,1e-12,width,0.0,0,g_ibp,20.63885307311496,,0.001
rc21,sweep_all,Input-Corner Stress,MLP,synthetic,eta,200,current_mixture,0.1,10,1e-12,width,0.0,1,d_eff,0.0,,8.192
rc21,sweep_all,Input-Corner Stress,MLP,synthetic,eta,200,current_mixture,0.1,10,1e-12,width,0.0,1,g_ibp,20.63885307311496,,0.001
rc21,sweep_all,Input-Corner Stress,MLP,synthetic,eta,200,current_mixture,0.1,10,1e-12,width,0.0,2,d_eff,0.0,,8.801
rc21,sweep_all,Input-Corner Stress,MLP,synthetic,eta,200,current_mixture,0.1,10,1e-12,width,0.0,2,g_ibp,20.63885307311496,,0.001
rc21,sweep_all,Input-Corner Stress,MLP,synthetic,eta,200,current_mixture,0.1,10,1e-12,width,0.0,3,d_eff,0.0,,7.34
rc21,sweep_all,Input-Corner Stress,MLP,synthetic,eta,200,current_mixture,0.1,10,1e-12,width,0.0,3,g_ibp,20.63885307311496,,0.001
rc21,sweep_all,Input-Corner Stress,MLP,synthetic,eta,200,current_mixture,0.1,10,1e-12,width,0.0,4,d_eff,0.0,,8.15
rc21,sweep_all,Input-Corner Stress,MLP,synthetic,eta,200,current_mixture,0.1,10,1e-12,width,0.0,4,g_ibp,20.63885307311496,,0.001
rc21,sweep_all,Input-Corner Stress,MLP,synthetic,eta,200,current_mixture,0.1,10,1e-12,width,0.0,5,d_eff,0.0,,7.817
rc21,sweep_all,Input-Corner Stress,MLP,synthetic,eta,200,current_mixture,0.1,10,1e-12,width,0.0,5,g_ibp,20.63885307311496,,0.001
rc21,sweep_all,Input-Corner Stress,MLP,synthetic,eta,200,current_mixture,0.1,10,1e-12,width,0.0,6,d_eff,0.0,,8.902
rc21,sweep_all,Input-Corner Stress,MLP,synthetic,eta,200,current_mixture,0.1,10,1e-12,width,0.0,6,g_ibp,20.63885307311496,,0.001
rc21,sweep_all,Input-Corner Stress,MLP,synthetic,eta,200,current_mixture,0.1,10,1e-12,width,0.0,7,d_eff,0.0,,8.938
rc21,sweep_all,Input-Corner Stress,MLP,synthetic,eta,200,current_mixture,0.1,10,1e-12,width,0.0,7,g_ibp,20.63885307311496,,0.001
rc21,sweep_all,Input-Corner Stress,MLP,synthetic,eta,200,current_mixture,0.1,10,1e-09,width,0.0,0,d_eff,0.0,,8.574
rc21,sweep_all,Input-Corner Stress,MLP,synthetic,eta,200,current_mixture,0.1,10,1e-09,width,0.0,0,g_ibp,20.638853067960405,,0.002
rc21,sweep_all,Input-Corner Stress,MLP,synthetic,eta,200,current_mixture,0.1,10,1e-09,width,0.0,1,d_eff,0.0,,6.641
rc21,sweep_all,Input-Corner Stress,MLP,synthetic,eta,200,current_mixture,0.1,10,1e-09,width,0.0,1,g_ibp,20.638853067960405,,0.001
rc21,sweep_all,Input-Corner Stress,MLP,synthetic,eta,200,current_mixture,0.1,10,1e-09,width,0.0,2,d_eff,0.0,,8.547
rc21,sweep_all,Input-Corner Stress,MLP,synthetic,eta,200,current_mixture,0.1,10,1e-09,width,0.0,2,g_ibp,20.638853067960405,,0.002
rc21,sweep_all,Input-Corner Stress,MLP,synthetic,eta,200,current_mixture,0.1,10,1e-09,width,0.0,3,d_eff,0.0,,8.885
rc21,sweep_all,Input-Corner Stress,MLP,synthetic,eta,200,current_mixture,0.1,10,1e-09,width,0.0,3,g_ibp,20.638853067960405,,0.001
rc21,sweep_all,Input-Corner Stress,MLP,synthetic,eta,200,current_mixture,0.1,10,1e-09,width,0.0,4,d_eff,0.0,,6.895
rc21,sweep_all,Input-Corner Stress,MLP,synthetic,eta,200,current_mixture,0.1,10,1e-09,width,0.0,4,g_ibp,20.638853067960405,,0.001
rc21,sweep_all,Input-Corner Stress,MLP,synthetic,eta,200,current_mixture,0.1,10,1e-09,width,0.0,5,d_eff,0.0,,7.533
rc21,sweep_all,Input-Corner Stress,MLP,synthetic,eta,200,current_mixture,0.1,10,1e-09,width,0.0,5,g_ibp,20.638853067960405,,0.002
rc21,sweep_all,Input-Corner Stress,MLP,synthetic,eta,200,current_mixture,0.1,10,1e-09,width,0.0,6,d_eff,0.0,,8.513
rc21,sweep_all,Input-Corner Stress,MLP,synthetic,eta,200,current_mixture,0.1,10,1e-09,width,0.0,6,g_ibp,20.638853067960405,,0.002
rc21,sweep_all,Input-Corner Stress,MLP,synthetic,eta,200,current_mixture,0.1,10,1e-09,width,0.0,7,d_eff,0.0,,7.632
rc21,sweep_all,Input-Corner Stress,MLP,synthetic,eta,200,current_mixture,0.1,10,1e-09,width,0.0,7,g_ibp,20.638853067960405,,0.001
rc21,sweep_all,Input-Corner Stress,MLP,synthetic,eta,200,current_mixture,0.1,10,1e-06,width,0.0,0,d_eff,0.0,,8.597
rc21,sweep_all,Input-Corner Stress,MLP,synthetic,eta,200,current_mixture,0.1,10,1e-06,width,0.0,0,g_ibp,20.63884791340814,,0.002
rc21,sweep_all,Input-Corner Stress,MLP,synthetic,eta,200,current_mixture,0.1,10,1e-06,width,0.0,1,d_eff,0.0,,6.781
rc21,sweep_all,Input-Corner Stress,MLP,synthetic,eta,200,current_mixture,0.1,10,1e-06,width,0.0,1,g_ibp,20.63884791340814,,0.001
rc21,sweep_all,Input-Corner Stress,MLP,synthetic,eta,200,current_mixture,0.1,10,1e-06,width,0.0,2,d_eff,0.0,,6.325
rc21,sweep_all,Input-Corner Stress,MLP,synthetic,eta,200,current_mixture,0.1,10,1e-06,width,0.0,2,g_ibp,20.63884791340814,,0.001
rc21,sweep_all,Input-Corner Stress,MLP,synthetic,eta,200,current_mixture,0.1,10,1e-06,width,0.0,3,d_eff,0.0,,6.187
rc21,sweep_all,Input-Corner Stress,MLP,synthetic,eta,200,current_mixture,0.1,10,1e-06,width,0.0,3,g_ibp,20.63884791340814,,0.001
rc21,sweep_all,Input-Corner Stress,MLP,synthetic,eta,200,current_mixture,0.1,10,1e-06,width,0.0,4,d_eff,0.0,,6.489
rc21,sweep_all,Input-Corner Stress,MLP,synthetic,eta,200,current_mixture,0.1,10,1e-06,width,0.0,4,g_ibp,20.63884791340814,,0.001
rc21,sweep_all,Input-Corner Stress,MLP,synthetic,eta,200,current_mixture,0.1,10,1e-06,width,0.0,5,d_eff,0.0,,7.864
rc21,sweep_all,Input-Corner Stress,MLP,synthetic,eta,200,current_mixture,0.1,10,1e-06,width,0.0,5,g_ibp,20.63884791340814,,0.001
rc21,sweep_all,Input-Corner Stress,MLP,synthetic,eta,200,current_mixture,0.1,10,1e-06,width,0.0,6,d_eff,0.0,,8.401
rc21,sweep_all,Input-Corner Stress,MLP,synthetic,eta,200,current_mixture,0.1,10,1e-06,width,0.0,6,g_ibp,20.63884791340814,,0.001
rc21,sweep_all,Input-Corner Stress,MLP,synthetic,eta,200,current_mixture,0.1,10,1e-06,width,0.0,7,d_eff,0.0,,7.894
rc21,sweep_all,Input-Corner Stress,MLP,synthetic,eta,200,current_mixture,0.1,10,1e-06,width,0.0,7,g_ibp,20.63884791340814,,0.001
rc21,sweep_all,Input-Corner Stress,MLP,synthetic,eta,200,current_mixture,0.1,10,0.001,width,0.0,0,d_eff,0.0,,8.174
rc21,sweep_all,Input-Corner Stress,MLP,synthetic,eta,200,current_mixture,0.1,10,0.001,width,0.0,0,g_ibp,20.633694649457752,,0.001
rc21,sweep_all,Input-Corner Stress,MLP,synthetic,eta,200,current_mixture,0.1,10,0.001,width,0.0,1,d_eff,0.0,,7.578
rc21,sweep_all,Input-Corner Stress,MLP,synthetic,eta,200,current_mixture,0.1,10,0.001,width,0.0,1,g_ibp,20.633694649457752,,0.001
rc21,sweep_all,Input-Corner Stress,MLP,synthetic,eta,200,current_mixture,0.1,10,0.001,width,0.0,2,d_eff,0.0,,6.59
rc21,sweep_all,Input-Corner Stress,MLP,synthetic,eta,200,current_mixture,0.1,10,0.001,width,0.0,2,g_ibp,20.633694649457752,,0.001
rc21,sweep_all,Input-Corner Stress,MLP,synthetic,eta,200,current_mixture,0.1,10,0.001,width,0.0,3,d_eff,0.0,,8.171
rc21,sweep_all,Input-Corner Stress,MLP,synthetic,eta,200,current_mixture,0.1,10,0.001,width,0.0,3,g_ibp,20.633694649457752,,0.001
rc21,sweep_all,Input-Corner Stress,MLP,synthetic,eta,200,current_mixture,0.1,10,0.001,width,0.0,4,d_eff,0.0,,7.857
rc21,sweep_all,Input-Corner Stress,MLP,synthetic,eta,200,current_mixture,0.1,10,0.001,width,0.0,4,g_ibp,20.633694649457752,,0.001
rc21,sweep_all,Input-Corner Stress,MLP,synthetic,eta,200,current_mixture,0.1,10,0.001,width,0.0,5,d_eff,0.0,,7.949
rc21,sweep_all,Input-Corner Stress,MLP,synthetic,eta,200,current_mixture,0.1,10,0.001,width,0.0,5,g_ibp,20.633694649457752,,0.001
rc21,sweep_all,Input-Corner Stress,MLP,synthetic,eta,200,current_mixture,0.1,10,0.001,width,0.0,6,d_eff,0.0,,6.561
rc21,sweep_all,Input-Corner Stress,MLP,synthetic,eta,200,current_mixture,0.1,10,0.001,width,0.0,6,g_ibp,20.633694649457752,,0.002
rc21,sweep_all,Input-Corner Stress,MLP,synthetic,eta,200,current_mixture,0.1,10,0.001,width,0.0,7,d_eff,0.0,,8.56
rc21,sweep_all,Input-Corner Stress,MLP,synthetic,eta,200,current_mixture,0.1,10,0.001,width,0.0,7,g_ibp,20.633694649457752,,0.001
meap5,sweep_all,MEAP,MLP,synthetic,eta,200,current_mixture,0.1,10,1e-12,width,0.0,0,d_eff,63.800604783222084,,10.686
meap5,sweep_all,MEAP,MLP,synthetic,eta,200,current_mixture,0.1,10,1e-12,width,0.0,0,g_ibp,724.0898983263686,,0.003
meap5,sweep_all,MEAP,MLP,synthetic,eta,200,current_mixture,0.1,10,1e-12,width,0.0,1,d_eff,63.93174589255786,,10.629
meap5,sweep_all,MEAP,MLP,synthetic,eta,200,current_mixture,0.1,10,1e-12,width,0.0,1,g_ibp,724.0898983263686,,0.003
meap5,sweep_all,MEAP,MLP,synthetic,eta,200,current_mixture,0.1,10,1e-12,width,0.0,2,d_eff,63.29976801663897,,10.851
meap5,sweep_all,MEAP,MLP,synthetic,eta,200,current_mixture,0.1,10,1e-12,width,0.0,2,g_ibp,724.0898983263686,,0.003
meap5,sweep_all,MEAP,MLP,synthetic,eta,200,current_mixture,0.1,10,1e-12,width,0.0,3,d_eff,63.991994576642185,,13.649
meap5,sweep_all,MEAP,MLP,synthetic,eta,200,current_mixture,0.1,10,1e-12,width,0.0,3,g_ibp,724.0898983263686,,0.002
meap5,sweep_all,MEAP,MLP,synthetic,eta,200,current_mixture,0.1,10,1e-12,width,0.0,4,d_eff,63.538951006382725,,11.134
meap5,sweep_all,MEAP,MLP,synthetic,eta,200,current_mixture,0.1,10,1e-12,width,0.0,4,g_ibp,724.0898983263686,,0.002
meap5,sweep_all,MEAP,MLP,synthetic,eta,200,current_mixture,0.1,10,1e-12,width,0.0,5,d_eff,63.73354736288928,,13.71
meap5,sweep_all,MEAP,MLP,synthetic,eta,200,current_mixture,0.1,10,1e-12,width,0.0,5,g_ibp,724.0898983263686,,0.003
meap5,sweep_all,MEAP,MLP,synthetic,eta,200,current_mixture,0.1,10,1e-12,width,0.0,6,d_eff,63.332286959732535,,13.617
meap5,sweep_all,MEAP,MLP,synthetic,eta,200,current_mixture,0.1,10,1e-12,width,0.0,6,g_ibp,724.0898983263686,,0.003
meap5,sweep_all,MEAP,MLP,synthetic,eta,200,current_mixture,0.1,10,1e-12,width,0.0,7,d_eff,63.45804036498631,,14.028
meap5,sweep_all,MEAP,MLP,synthetic,eta,200,current_mixture,0.1,10,1e-12,width,0.0,7,g_ibp,724.0898983263686,,0.002
meap5,sweep_all,MEAP,MLP,synthetic,eta,200,current_mixture,0.1,10,1e-09,width,0.0,0,d_eff,63.749692167105756,,13.88
meap5,sweep_all,MEAP,MLP,synthetic,eta,200,current_mixture,0.1,10,1e-09,width,0.0,0,g_ibp,724.089174961318,,0.003
meap5,sweep_all,MEAP,MLP,synthetic,eta,200,current_mixture,0.1,10,1e-09,width,0.0,1,d_eff,63.88083277034669,,13.409
meap5,sweep_all,MEAP,MLP,synthetic,eta,200,current_mixture,0.1,10,1e-09,width,0.0,1,g_ibp,724.089174961318,,0.003
meap5,sweep_all,MEAP,MLP,synthetic,eta,200,current_mixture,0.1,10,1e-09,width,0.0,2,d_eff,63.248855937445924,,14.013
meap5,sweep_all,MEAP,MLP,synthetic,eta,200,current_mixture,0.1,10,1e-09,width,0.0,2,g_ibp,724.089174961318,,0.002
meap5,sweep_all,MEAP,MLP,synthetic,eta,200,current_mixture,0.1,10,1e-09,width,0.0,3,d_eff,63.941081895013326,,13.564
meap5,sweep_all,MEAP,MLP,synthetic,eta,200,current_mixture,0.1,10,1e-09,width,0.0,3,g_ibp,724.089174961318,,0.004
meap5,sweep_all,MEAP,MLP,synthetic,eta,200,current_mixture,0.1,10,1e-09,width,0.0,4,d_eff,63.488038592797345,,13.723
meap5,sweep_all,MEAP,MLP,synthetic,eta,200,current_mixture,0.1,10,1e-09,width,0.0,4,g_ibp,724.089174961318,,0.002
meap5,sweep_all,MEAP,MLP,synthetic,eta,200,current_mixture,0.1,10,1e-09,width,0.0,5,d_eff,63.68257895236533,,13.315
meap5,sweep_all,MEAP,MLP,synthetic,eta,200,current_mixture,0.1,10,1e-09,width,0.0,5,g_ibp,724.089174961318,,0.002
meap5,sweep_all,MEAP,MLP,synthetic,eta,200,current_mixture,0.1,10,1e-09,width,0.0,6,d_eff,63.28137480636384,,13.377
meap5,sweep_all,MEAP,MLP,synthetic,eta,200,current_mixture,0.1,10,1e-09,width,0.0,6,g_ibp,724.089174961318,,0.003
meap5,sweep_all,MEAP,MLP,synthetic,eta,200,current_mixture,0.1,10,1e-09,width,0.0,7,d_eff,63.40712779095723,,13.67
meap5,sweep_all,MEAP,MLP,synthetic,eta,200,current_mixture,0.1,10,1e-09,width,0.0,7,g_ibp,724.089174961318,,0.003
meap5,sweep_all,MEAP,MLP,synthetic,eta,200,current_mixture,0.1,10,1e-06,width,0.0,0,d_eff,63.47692358827836,,11.051
meap5,sweep_all,MEAP,MLP,synthetic,eta,200,current_mixture,0.1,10,1e-06,width,0.0,0,g_ibp,723.3665325522643,,0.002
meap5,sweep_all,MEAP,MLP,synthetic,eta,200,current_mixture,0.1,10,1e-06,width,0.0,1,d_eff,63.60755912804403,,13.223
meap5,sweep_all,MEAP,MLP,synthetic,eta,200,current_mixture,0.1,10,1e-06,width,0.0,1,g_ibp,723.3665325522643,,0.002
meap5,sweep_all,MEAP,MLP,synthetic,eta,200,current_mixture,0.1,10,1e-06,width,0.0,2,d_eff,62.97662389018361,,10.904
meap5,sweep_all,MEAP,MLP,synthetic,eta,200,current_mixture,0.1,10,1e-06,width,0.0,2,g_ibp,723.3665325522643,,0.002
meap5,sweep_all,MEAP,MLP,synthetic,eta,200,current_mixture,0.1,10,1e-06,width,0.0,3,d_eff,63.668247789083644,,13.646
meap5,sweep_all,MEAP,MLP,synthetic,eta,200,current_mixture,0.1,10,1e-06,width,0.0,3,g_ibp,723.3665325522643,,0.002
meap5,sweep_all,MEAP,MLP,synthetic,eta,200,current_mixture,0.1,10,1e-06,width,0.0,4,d_eff,63.21547242875469,,13.112
meap5,sweep_all,MEAP,MLP,synthetic,eta,200,current_mixture,0.1,10,1e-06,width,0.0,4,g_ibp,723.3665325522643,,0.003
meap5,sweep_all,MEAP,MLP,synthetic,eta,200,current_mixture,0.1,10,1e-06,width,0.0,5,d_eff,63.35988817834525,,13.597
meap5,sweep_all,MEAP,MLP,synthetic,eta,200,current_mixture,0.1,10,1e-06,width,0.0,5,g_ibp,723.3665325522643,,0.003
meap5,sweep_all,MEAP,MLP,synthetic,eta,200,current_mixture,0.1,10,1e-06,width,0.0,6,d_eff,63.0090686417061,,13.243
meap5,sweep_all,MEAP,MLP,synthetic,eta,200,current_mixture,0.1,10,1e-06,width,0.0,6,g_ibp,723.3665325522643,,0.003
meap5,sweep_all,MEAP,MLP,synthetic,eta,200,current_mixture,0.1,10,1e-06,width,0.0,7,d_eff,63.1344014198964,,13.497
meap5,sweep_all,MEAP,MLP,synthetic,eta,200,current_mixture,0.1,10,1e-06,width,0.0,7,g_ibp,723.3665325522643,,0.002
meap5,sweep_all,MEAP,MLP,synthetic,eta,200,current_mixture,0.1,10,0.001,width,0.0,0,d_eff,45.32024953240553,,11.356
meap5,sweep_all,MEAP,MLP,synthetic,eta,200,current_mixture,0.1,10,0.001,width,0.0,0,g_ibp,362.0449581233352,,0.002
meap5,sweep_all,MEAP,MLP,synthetic,eta,200,current_mixture,0.1,10,0.001,width,0.0,1,d_eff,45.30257249700107,,11.512
meap5,sweep_all,MEAP,MLP,synthetic,eta,200,current_mixture,0.1,10,0.001,width,0.0,1,g_ibp,362.0449581233352,,0.002
meap5,sweep_all,MEAP,MLP,synthetic,eta,200,current_mixture,0.1,10,0.001,width,0.0,2,d_eff,45.12130286092051,,11.579
meap5,sweep_all,MEAP,MLP,synthetic,eta,200,current_mixture,0.1,10,0.001,width,0.0,2,g_ibp,362.0449581233352,,0.002
meap5,sweep_all,MEAP,MLP,synthetic,eta,200,current_mixture,0.1,10,0.001,width,0.0,3,d_eff,45.45139309060642,,11.935
meap5,sweep_all,MEAP,MLP,synthetic,eta,200,current_mixture,0.1,10,0.001,width,0.0,3,g_ibp,362.0449581233352,,0.002
meap5,sweep_all,MEAP,MLP,synthetic,eta,200,current_mixture,0.1,10,0.001,width,0.0,4,d_eff,45.18373444363355,,13.518
meap5,sweep_all,MEAP,MLP,synthetic,eta,200,current_mixture,0.1,10,0.001,width,0.0,4,g_ibp,362.0449581233352,,0.003
meap5,sweep_all,MEAP,MLP,synthetic,eta,200,current_mixture,0.1,10,0.001,width,0.0,5,d_eff,44.98901668303717,,13.549
meap5,sweep_all,MEAP,MLP,synthetic,eta,200,current_mixture,0.1,10,0.001,width,0.0,5,g_ibp,362.0449581233352,,0.003
meap5,sweep_all,MEAP,MLP,synthetic,eta,200,current_mixture,0.1,10,0.001,width,0.0,6,d_eff,45.11467599108217,,13.361
meap5,sweep_all,MEAP,MLP,synthetic,eta,200,current_mixture,0.1,10,0.001,width,0.0,6,g_ibp,362.0449581233352,,0.002
meap5,sweep_all,MEAP,MLP,synthetic,eta,200,current_mixture,0.1,10,0.001,width,0.0,7,d_eff,45.05493994684991,,13.243
meap5,sweep_all,MEAP,MLP,synthetic,eta,200,current_mixture,0.1,10,0.001,width,0.0,7,g_ibp,362.0449581233352,,0.003
meap4,sweep_all,MEAP,MLP,synthetic,eta,200,current_mixture,0.1,10,1e-12,width,0.0,0,d_eff,64.03259831085875,,22.929
meap4,sweep_all,MEAP,MLP,synthetic,eta,200,current_mixture,0.1,10,1e-12,width,0.0,0,g_ibp,5365.0897056746335,,0.009
meap4,sweep_all,MEAP,MLP,synthetic,eta,200,current_mixture,0.1,10,1e-12,width,0.0,1,d_eff,64.37598967206307,,24.166
meap4,sweep_all,MEAP,MLP,synthetic,eta,200,current_mixture,0.1,10,1e-12,width,0.0,1,g_ibp,5365.0897056746335,,0.005
meap4,sweep_all,MEAP,MLP,synthetic,eta,200,current_mixture,0.1,10,1e-12,width,0.0,2,d_eff,63.612228300048564,,23.255
meap4,sweep_all,MEAP,MLP,synthetic,eta,200,current_mixture,0.1,10,1e-12,width,0.0,2,g_ibp,5365.0897056746335,,0.006
meap4,sweep_all,MEAP,MLP,synthetic,eta,200,current_mixture,0.1,10,1e-12,width,0.0,3,d_eff,64.14104090485228,,24.406
meap4,sweep_all,MEAP,MLP,synthetic,eta,200,current_mixture,0.1,10,1e-12,width,0.0,3,g_ibp,5365.0897056746335,,0.004
meap4,sweep_all,MEAP,MLP,synthetic,eta,200,current_mixture,0.1,10,1e-12,width,0.0,4,d_eff,64.93242304596117,,23.176
meap4,sweep_all,MEAP,MLP,synthetic,eta,200,current_mixture,0.1,10,1e-12,width,0.0,4,g_ibp,5365.0897056746335,,0.004
meap4,sweep_all,MEAP,MLP,synthetic,eta,200,current_mixture,0.1,10,1e-12,width,0.0,5,d_eff,63.86278269322348,,19.617
meap4,sweep_all,MEAP,MLP,synthetic,eta,200,current_mixture,0.1,10,1e-12,width,0.0,5,g_ibp,5365.0897056746335,,0.005
meap4,sweep_all,MEAP,MLP,synthetic,eta,200,current_mixture,0.1,10,1e-12,width,0.0,6,d_eff,63.76064223423219,,19.044
meap4,sweep_all,MEAP,MLP,synthetic,eta,200,current_mixture,0.1,10,1e-12,width,0.0,6,g_ibp,5365.0897056746335,,0.004
meap4,sweep_all,MEAP,MLP,synthetic,eta,200,current_mixture,0.1,10,1e-12,width,0.0,7,d_eff,64.22782598026969,,21.076
meap4,sweep_all,MEAP,MLP,synthetic,eta,200,current_mixture,0.1,10,1e-12,width,0.0,7,g_ibp,5365.0897056746335,,0.005
meap4,sweep_all,MEAP,MLP,synthetic,eta,200,current_mixture,0.1,10,1e-09,width,0.0,0,d_eff,63.91449266799971,,23.733
meap4,sweep_all,MEAP,MLP,synthetic,eta,200,current_mixture,0.1,10,1e-09,width,0.0,0,g_ibp,5365.084345955632,,0.005
meap4,sweep_all,MEAP,MLP,synthetic,eta,200,current_mixture,0.1,10,1e-09,width,0.0,1,d_eff,64.25796526424594,,23.501
meap4,sweep_all,MEAP,MLP,synthetic,eta,200,current_mixture,0.1,10,1e-09,width,0.0,1,g_ibp,5365.084345955632,,0.004
meap4,sweep_all,MEAP,MLP,synthetic,eta,200,current_mixture,0.1,10,1e-09,width,0.0,2,d_eff,63.49421217960968,,23.032
meap4,sweep_all,MEAP,MLP,synthetic,eta,200,current_mixture,0.1,10,1e-09,width,0.0,2,g_ibp,5365.084345955632,,0.004
meap4,sweep_all,MEAP,MLP,synthetic,eta,200,current_mixture,0.1,10,1e-09,width,0.0,3,d_eff,64.02175851490352,,23.488
meap4,sweep_all,MEAP,MLP,synthetic,eta,200,current_mixture,0.1,10,1e-09,width,0.0,3,g_ibp,5365.084345955632,,0.005
meap4,sweep_all,MEAP,MLP,synthetic,eta,200,current_mixture,0.1,10,1e-09,width,0.0,4,d_eff,64.81416795851642,,23.228
meap4,sweep_all,MEAP,MLP,synthetic,eta,200,current_mixture,0.1,10,1e-09,width,0.0,4,g_ibp,5365.084345955632,,0.004
meap4,sweep_all,MEAP,MLP,synthetic,eta,200,current_mixture,0.1,10,1e-09,width,0.0,5,d_eff,63.744698788854464,,23.065
meap4,sweep_all,MEAP,MLP,synthetic,eta,200,current_mixture,0.1,10,1e-09,width,0.0,5,g_ibp,5365.084345955632,,0.005
meap4,sweep_all,MEAP,MLP,synthetic,eta,200,current_mixture,0.1,10,1e-09,width,0.0,6,d_eff,63.64262428385902,,23.185
meap4,sweep_all,MEAP,MLP,synthetic,eta,200,current_mixture,0.1,10,1e-09,width,0.0,6,g_ibp,5365.084345955632,,0.005
meap4,sweep_all,MEAP,MLP,synthetic,eta,200,current_mixture,0.1,10,1e-09,width,0.0,7,d_eff,64.10980503041633,,23.828
meap4,sweep_all,MEAP,MLP,synthetic,eta,200,current_mixture,0.1,10,1e-09,width,0.0,7,g_ibp,5365.084345955632,,0.007
meap4,sweep_all,MEAP,MLP,synthetic,eta,200,current_mixture,0.1,10,1e-06,width,0.0,0,d_eff,63.57853005984244,,19.367
meap4,sweep_all,MEAP,MLP,synthetic,eta,200,current_mixture,0.1,10,1e-06,width,0.0,0,g_ibp,5359.729981312984,,0.003
meap4,sweep_all,MEAP,MLP,synthetic,eta,200,current_mixture,0.1,10,1e-06,width,0.0,1,d_eff,63.992365391111086,,19.346
meap4,sweep_all,MEAP,MLP,synthetic,eta,200,current_mixture,0.1,10,1e-06,width,0.0,1,g_ibp,5359.729981312984,,0.003
meap4,sweep_all,MEAP,MLP,synthetic,eta,200,current_mixture,0.1,10,1e-06,width,0.0,2,d_eff,63.236843429409305,,19.674
meap4,sweep_all,MEAP,MLP,synthetic,eta,200,current_mixture,0.1,10,1e-06,width,0.0,2,g_ibp,5359.729981312984,,0.005
meap4,sweep_all,MEAP,MLP,synthetic,eta,200,current_mixture,0.1,10,1e-06,width,0.0,3,d_eff,63.40427713566943,,20.139
meap4,sweep_all,MEAP,MLP,synthetic,eta,200,current_mixture,0.1,10,1e-06,width,0.0,3,g_ibp,5359.729981312984,,0.005
meap4,sweep_all,MEAP,MLP,synthetic,eta,200,current_mixture,0.1,10,1e-06,width,0.0,4,d_eff,64.36188683072169,,23.436
meap4,sweep_all,MEAP,MLP,synthetic,eta,200,current_mixture,0.1,10,1e-06,width,0.0,4,g_ibp,5359.729981312984,,0.004
meap4,sweep_all,MEAP,MLP,synthetic,eta,200,current_mixture,0.1,10,1e-06,width,0.0,5,d_eff,63.42586645591328,,23.957
meap4,sweep_all,MEAP,MLP,synthetic,eta,200,current_mixture,0.1,10,1e-06,width,0.0,5,g_ibp,5359.729981312984,,0.004
meap4,sweep_all,MEAP,MLP,synthetic,eta,200,current_mixture,0.1,10,1e-06,width,0.0,6,d_eff,63.38343372119099,,23.48
meap4,sweep_all,MEAP,MLP,synthetic,eta,200,current_mixture,0.1,10,1e-06,width,0.0,6,g_ibp,5359.729981312984,,0.004
meap4,sweep_all,MEAP,MLP,synthetic,eta,200,current_mixture,0.1,10,1e-06,width,0.0,7,d_eff,63.84763053117681,,23.382
meap4,sweep_all,MEAP,MLP,synthetic,eta,200,current_mixture,0.1,10,1e-06,width,0.0,7,g_ibp,5359.729981312984,,0.005
meap4,sweep_all,MEAP,MLP,synthetic,eta,200,current_mixture,0.1,10,0.001,width,0.0,0,d_eff,23.988520712806316,,22.165
meap4,sweep_all,MEAP,MLP,synthetic,eta,200,current_mixture,0.1,10,0.001,width,0.0,0,g_ibp,2682.5449192268816,,0.004
meap4,sweep_all,MEAP,MLP,synthetic,eta,200,current_mixture,0.1,10,0.001,width,0.0,1,d_eff,24.121091803585593,,22.042
meap4,sweep_all,MEAP,MLP,synthetic,eta,200,current_mixture,0.1,10,0.001,width,0.0,1,g_ibp,2682.5449192268816,,0.003
meap4,sweep_all,MEAP,MLP,synthetic,eta,200,current_mixture,0.1,10,0.001,width,0.0,2,d_eff,24.252395585565864,,24.825
meap4,sweep_all,MEAP,MLP,synthetic,eta,200,current_mixture,0.1,10,0.001,width,0.0,2,g_ibp,2682.5449192268816,,0.006
meap4,sweep_all,MEAP,MLP,synthetic,eta,200,current_mixture,0.1,10,0.001,width,0.0,3,d_eff,23.82925303364795,,22.274
meap4,sweep_all,MEAP,MLP,synthetic,eta,200,current_mixture,0.1,10,0.001,width,0.0,3,g_ibp,2682.5449192268816,,0.004
meap4,sweep_all,MEAP,MLP,synthetic,eta,200,current_mixture,0.1,10,0.001,width,0.0,4,d_eff,23.600859352901118,,26.334
meap4,sweep_all,MEAP,MLP,synthetic,eta,200,current_mixture,0.1,10,0.001,width,0.0,4,g_ibp,2682.5449192268816,,0.005
meap4,sweep_all,MEAP,MLP,synthetic,eta,200,current_mixture,0.1,10,0.001,width,0.0,5,d_eff,23.801301899600876,,25.855
meap4,sweep_all,MEAP,MLP,synthetic,eta,200,current_mixture,0.1,10,0.001,width,0.0,5,g_ibp,2682.5449192268816,,0.006
meap4,sweep_all,MEAP,MLP,synthetic,eta,200,current_mixture,0.1,10,0.001,width,0.0,6,d_eff,24.156376054997942,,25.986
meap4,sweep_all,MEAP,MLP,synthetic,eta,200,current_mixture,0.1,10,0.001,width,0.0,6,g_ibp,2682.5449192268816,,0.006
meap4,sweep_all,MEAP,MLP,synthetic,eta,200,current_mixture,0.1,10,0.001,width,0.0,7,d_eff,24.16779506803847,,27.361
meap4,sweep_all,MEAP,MLP,synthetic,eta,200,current_mixture,0.1,10,0.001,width,0.0,7,g_ibp,2682.5449192268816,,0.006
milp16,sweep_all,MILP,MLP,synthetic,eta,200,current_mixture,0.1,10,1e-12,width,0.0,0,d_eff,32.11740105565865,,2.455
milp16,sweep_all,MILP,MLP,synthetic,eta,200,current_mixture,0.1,10,1e-12,width,0.0,0,g_ibp,64.87429701869723,,0.001
milp16,sweep_all,MILP,MLP,synthetic,eta,200,current_mixture,0.1,10,1e-12,width,0.0,1,d_eff,31.990459610608582,,2.444
milp16,sweep_all,MILP,MLP,synthetic,eta,200,current_mixture,0.1,10,1e-12,width,0.0,1,g_ibp,26.169002034530457,,0.001
milp16,sweep_all,MILP,MLP,synthetic,eta,200,current_mixture,0.1,10,1e-12,width,0.0,2,d_eff,32.113944904199705,,2.774
milp16,sweep_all,MILP,MLP,synthetic,eta,200,current_mixture,0.1,10,1e-12,width,0.0,2,g_ibp,64.84787619225389,,0.001
milp16,sweep_all,MILP,MLP,synthetic,eta,200,current_mixture,0.1,10,1e-12,width,0.0,3,d_eff,32.00460454793186,,2.84
milp16,sweep_all,MILP,MLP,synthetic,eta,200,current_mixture,0.1,10,1e-12,width,0.0,3,g_ibp,64.91765718664406,,0.001
milp16,sweep_all,MILP,MLP,synthetic,eta,200,current_mixture,0.1,10,1e-12,width,0.0,4,d_eff,32.0270356166144,,3.057
milp16,sweep_all,MILP,MLP,synthetic,eta,200,current_mixture,0.1,10,1e-12,width,0.0,4,g_ibp,64.91765718664406,,0.001
milp16,sweep_all,MILP,MLP,synthetic,eta,200,current_mixture,0.1,10,1e-12,width,0.0,5,d_eff,32.02897708661888,,2.81
milp16,sweep_all,MILP,MLP,synthetic,eta,200,current_mixture,0.1,10,1e-12,width,0.0,5,g_ibp,64.90160706505866,,0.002
milp16,sweep_all,MILP,MLP,synthetic,eta,200,current_mixture,0.1,10,1e-12,width,0.0,6,d_eff,31.976318327370045,,2.896
milp16,sweep_all,MILP,MLP,synthetic,eta,200,current_mixture,0.1,10,1e-12,width,0.0,6,g_ibp,64.91765718664406,,0.001
milp16,sweep_all,MILP,MLP,synthetic,eta,200,current_mixture,0.1,10,1e-12,width,0.0,7,d_eff,32.02342072567874,,2.6
milp16,sweep_all,MILP,MLP,synthetic,eta,200,current_mixture,0.1,10,1e-12,width,0.0,7,g_ibp,26.169002034530457,,0.001
milp16,sweep_all,MILP,MLP,synthetic,eta,200,current_mixture,0.1,10,1e-09,width,0.0,0,d_eff,32.117115290109865,,2.995
milp16,sweep_all,MILP,MLP,synthetic,eta,200,current_mixture,0.1,10,1e-09,width,0.0,0,g_ibp,64.87428226645437,,0.001
milp16,sweep_all,MILP,MLP,synthetic,eta,200,current_mixture,0.1,10,1e-09,width,0.0,1,d_eff,31.990172503293138,,2.877
milp16,sweep_all,MILP,MLP,synthetic,eta,200,current_mixture,0.1,10,1e-09,width,0.0,1,g_ibp,26.168999689694466,,0.001
milp16,sweep_all,MILP,MLP,synthetic,eta,200,current_mixture,0.1,10,1e-09,width,0.0,2,d_eff,32.11366019442785,,2.417
milp16,sweep_all,MILP,MLP,synthetic,eta,200,current_mixture,0.1,10,1e-09,width,0.0,2,g_ibp,64.84786145211865,,0.001
milp16,sweep_all,MILP,MLP,synthetic,eta,200,current_mixture,0.1,10,1e-09,width,0.0,3,d_eff,32.00431384922995,,2.564
milp16,sweep_all,MILP,MLP,synthetic,eta,200,current_mixture,0.1,10,1e-09,width,0.0,3,g_ibp,64.91764241452017,,0.001
milp16,sweep_all,MILP,MLP,synthetic,eta,200,current_mixture,0.1,10,1e-09,width,0.0,4,d_eff,32.02675244215909,,2.868
milp16,sweep_all,MILP,MLP,synthetic,eta,200,current_mixture,0.1,10,1e-09,width,0.0,4,g_ibp,64.91764241452017,,0.001
milp16,sweep_all,MILP,MLP,synthetic,eta,200,current_mixture,0.1,10,1e-09,width,0.0,5,d_eff,32.02868921387402,,2.878
milp16,sweep_all,MILP,MLP,synthetic,eta,200,current_mixture,0.1,10,1e-09,width,0.0,5,g_ibp,64.90159230029545,,0.001
milp16,sweep_all,MILP,MLP,synthetic,eta,200,current_mixture,0.1,10,1e-09,width,0.0,6,d_eff,31.97602307129436,,2.952
milp16,sweep_all,MILP,MLP,synthetic,eta,200,current_mixture,0.1,10,1e-09,width,0.0,6,g_ibp,64.91764241452017,,0.001
milp16,sweep_all,MILP,MLP,synthetic,eta,200,current_mixture,0.1,10,1e-09,width,0.0,7,d_eff,32.023131447872906,,2.773
milp16,sweep_all,MILP,MLP,synthetic,eta,200,current_mixture,0.1,10,1e-09,width,0.0,7,g_ibp,26.168999689694466,,0.001
milp16,sweep_all,MILP,MLP,synthetic,eta,200,current_mixture,0.1,10,1e-06,width,0.0,0,d_eff,31.834007197973335,,3.12
milp16,sweep_all,MILP,MLP,synthetic,eta,200,current_mixture,0.1,10,1e-06,width,0.0,0,g_ibp,64.85953338080348,,0.001
milp16,sweep_all,MILP,MLP,synthetic,eta,200,current_mixture,0.1,10,1e-06,width,0.0,1,d_eff,31.705745696827115,,3.112
milp16,sweep_all,MILP,MLP,synthetic,eta,200,current_mixture,0.1,10,1e-06,width,0.0,1,g_ibp,26.166655063998558,,0.001
milp16,sweep_all,MILP,MLP,synthetic,eta,200,current_mixture,0.1,10,1e-06,width,0.0,2,d_eff,31.831602454179308,,2.455
milp16,sweep_all,MILP,MLP,synthetic,eta,200,current_mixture,0.1,10,1e-06,width,0.0,2,g_ibp,64.83312466995032,,0.001
milp16,sweep_all,MILP,MLP,synthetic,eta,200,current_mixture,0.1,10,1e-06,width,0.0,3,d_eff,31.716331528413054,,2.534
milp16,sweep_all,MILP,MLP,synthetic,eta,200,current_mixture,0.1,10,1e-06,width,0.0,3,g_ibp,64.9028736546446,,0.001
milp16,sweep_all,MILP,MLP,synthetic,eta,200,current_mixture,0.1,10,1e-06,width,0.0,4,d_eff,31.746205631855716,,3.01
milp16,sweep_all,MILP,MLP,synthetic,eta,200,current_mixture,0.1,10,1e-06,width,0.0,4,g_ibp,64.9028736546446,,0.001
milp16,sweep_all,MILP,MLP,synthetic,eta,200,current_mixture,0.1,10,1e-06,width,0.0,5,d_eff,31.743498565647766,,2.608
milp16,sweep_all,MILP,MLP,synthetic,eta,200,current_mixture,0.1,10,1e-06,width,0.0,5,g_ibp,64.88683089858645,,0.001
milp16,sweep_all,MILP,MLP,synthetic,eta,200,current_mixture,0.1,10,1e-06,width,0.0,6,d_eff,31.683525221472653,,2.984
milp16,sweep_all,MILP,MLP,synthetic,eta,200,current_mixture,0.1,10,1e-06,width,0.0,6,g_ibp,64.9028736546446,,0.001
milp16,sweep_all,MILP,MLP,synthetic,eta,200,current_mixture,0.1,10,1e-06,width,0.0,7,d_eff,31.736548082609694,,2.873
milp16,sweep_all,MILP,MLP,synthetic,eta,200,current_mixture,0.1,10,1e-06,width,0.0,7,g_ibp,26.166655063998558,,0.001
milp16,sweep_all,MILP,MLP,synthetic,eta,200,current_mixture,0.1,10,0.001,width,0.0,0,d_eff,3.945604238059846,,2.857
milp16,sweep_all,MILP,MLP,synthetic,eta,200,current_mixture,0.1,10,0.001,width,0.0,0,g_ibp,52.84536883265087,,0.001
milp16,sweep_all,MILP,MLP,synthetic,eta,200,current_mixture,0.1,10,0.001,width,0.0,1,d_eff,3.8059363102103814,,2.881
milp16,sweep_all,MILP,MLP,synthetic,eta,200,current_mixture,0.1,10,0.001,width,0.0,1,g_ibp,24.015016645193025,,0.001
milp16,sweep_all,MILP,MLP,synthetic,eta,200,current_mixture,0.1,10,0.001,width,0.0,2,d_eff,4.019082849401624,,2.451
milp16,sweep_all,MILP,MLP,synthetic,eta,200,current_mixture,0.1,10,0.001,width,0.0,2,g_ibp,52.8278986352667,,0.001
milp16,sweep_all,MILP,MLP,synthetic,eta,200,current_mixture,0.1,10,0.001,width,0.0,3,d_eff,3.621954182317184,,2.837
milp16,sweep_all,MILP,MLP,synthetic,eta,200,current_mixture,0.1,10,0.001,width,0.0,3,g_ibp,52.87403399451146,,0.001
milp16,sweep_all,MILP,MLP,synthetic,eta,200,current_mixture,0.1,10,0.001,width,0.0,4,d_eff,3.9618513563289857,,3.327
milp16,sweep_all,MILP,MLP,synthetic,eta,200,current_mixture,0.1,10,0.001,width,0.0,4,g_ibp,52.87403399451146,,0.001
milp16,sweep_all,MILP,MLP,synthetic,eta,200,current_mixture,0.1,10,0.001,width,0.0,5,d_eff,3.79297519243996,,2.94
milp16,sweep_all,MILP,MLP,synthetic,eta,200,current_mixture,0.1,10,0.001,width,0.0,5,g_ibp,52.863424191002586,,0.001
milp16,sweep_all,MILP,MLP,synthetic,eta,200,current_mixture,0.1,10,0.001,width,0.0,6,d_eff,3.3619342583682466,,2.428
milp16,sweep_all,MILP,MLP,synthetic,eta,200,current_mixture,0.1,10,0.001,width,0.0,6,g_ibp,52.87403399451146,,0.001
milp16,sweep_all,MILP,MLP,synthetic,eta,200,current_mixture,0.1,10,0.001,width,0.0,7,d_eff,3.682667032607511,,2.493
milp16,sweep_all,MILP,MLP,synthetic,eta,200,current_mixture,0.1,10,0.001,width,0.0,7,g_ibp,24.015016645193025,,0.001
milp14,sweep_all,MILP,MLP,synthetic,eta,200,current_mixture,0.1,10,1e-12,width,0.0,0,d_eff,33.74279879767281,,2.638
milp14,sweep_all,MILP,MLP,synthetic,eta,200,current_mixture,0.1,10,1e-12,width,0.0,0,g_ibp,168.88159903095985,,0.001
milp14,sweep_all,MILP,MLP,synthetic,eta,200,current_mixture,0.1,10,1e-12,width,0.0,1,d_eff,33.7872572191349,,2.771
milp14,sweep_all,MILP,MLP,synthetic,eta,200,current_mixture,0.1,10,1e-12,width,0.0,1,g_ibp,198.37152141096695,,0.001
milp14,sweep_all,MILP,MLP,synthetic,eta,200,current_mixture,0.1,10,1e-12,width,0.0,2,d_eff,33.446160049752024,,2.891
milp14,sweep_all,MILP,MLP,synthetic,eta,200,current_mixture,0.1,10,1e-12,width,0.0,2,g_ibp,216.5717601215224,,0.001
milp14,sweep_all,MILP,MLP,synthetic,eta,200,current_mixture,0.1,10,1e-12,width,0.0,3,d_eff,33.95755417482681,,3.19
milp14,sweep_all,MILP,MLP,synthetic,eta,200,current_mixture,0.1,10,1e-12,width,0.0,3,g_ibp,200.09728351989742,,0.001
milp14,sweep_all,MILP,MLP,synthetic,eta,200,current_mixture,0.1,10,1e-12,width,0.0,4,d_eff,33.696660293469556,,2.887
milp14,sweep_all,MILP,MLP,synthetic,eta,200,current_mixture,0.1,10,1e-12,width,0.0,4,g_ibp,189.39383562286008,,0.001
milp14,sweep_all,MILP,MLP,synthetic,eta,200,current_mixture,0.1,10,1e-12,width,0.0,5,d_eff,33.80695107224969,,2.998
milp14,sweep_all,MILP,MLP,synthetic,eta,200,current_mixture,0.1,10,1e-12,width,0.0,5,g_ibp,236.3432447029748,,0.001
milp14,sweep_all,MILP,MLP,synthetic,eta,200,current_mixture,0.1,10,1e-12,width,0.0,6,d_eff,33.64963450958192,,2.53
milp14,sweep_all,MILP,MLP,synthetic,eta,200,current_mixture,0.1,10,1e-12,width,0.0,6,g_ibp,235.2480961805001,,0.001
milp14,sweep_all,MILP,MLP,synthetic,eta,200,current_mixture,0.1,10,1e-12,width,0.0,7,d_eff,33.59850913789287,,3.127
milp14,sweep_all,MILP,MLP,synthetic,eta,200,current_mixture,0.1,10,1e-12,width,0.0,7,g_ibp,331.22329452545176,,0.001
milp14,sweep_all,MILP,MLP,synthetic,eta,200,current_mixture,0.1,10,1e-09,width,0.0,0,d_eff,33.7427967419029,,2.995
milp14,sweep_all,MILP,MLP,synthetic,eta,200,current_mixture,0.1,10,1e-09,width,0.0,0,g_ibp,168.88158434998084,,0.001
milp14,sweep_all,MILP,MLP,synthetic,eta,200,current_mixture,0.1,10,1e-09,width,0.0,1,d_eff,33.78725511963154,,2.481
milp14,sweep_all,MILP,MLP,synthetic,eta,200,current_mixture,0.1,10,1e-09,width,0.0,1,g_ibp,198.37150113724928,,0.001
milp14,sweep_all,MILP,MLP,synthetic,eta,200,current_mixture,0.1,10,1e-09,width,0.0,2,d_eff,33.44615807643294,,3.046
milp14,sweep_all,MILP,MLP,synthetic,eta,200,current_mixture,0.1,10,1e-09,width,0.0,2,g_ibp,216.57173594670118,,0.001
milp14,sweep_all,MILP,MLP,synthetic,eta,200,current_mixture,0.1,10,1e-09,width,0.0,3,d_eff,33.957552055950615,,3.06
milp14,sweep_all,MILP,MLP,synthetic,eta,200,current_mixture,0.1,10,1e-09,width,0.0,3,g_ibp,200.09726289099564,,0.001
milp14,sweep_all,MILP,MLP,synthetic,eta,200,current_mixture,0.1,10,1e-09,width,0.0,4,d_eff,33.69665821421506,,2.426
milp14,sweep_all,MILP,MLP,synthetic,eta,200,current_mixture,0.1,10,1e-09,width,0.0,4,g_ibp,189.39381714710865,,0.001
milp14,sweep_all,MILP,MLP,synthetic,eta,200,current_mixture,0.1,10,1e-09,width,0.0,5,d_eff,33.8069489793415,,3.062
milp14,sweep_all,MILP,MLP,synthetic,eta,200,current_mixture,0.1,10,1e-09,width,0.0,5,g_ibp,236.34321590151484,,0.001
milp14,sweep_all,MILP,MLP,synthetic,eta,200,current_mixture,0.1,10,1e-09,width,0.0,6,d_eff,33.64963243016234,,3.033
milp14,sweep_all,MILP,MLP,synthetic,eta,200,current_mixture,0.1,10,1e-09,width,0.0,6,g_ibp,235.24806764590198,,0.001
milp14,sweep_all,MILP,MLP,synthetic,eta,200,current_mixture,0.1,10,1e-09,width,0.0,7,d_eff,33.59850711633479,,2.506
milp14,sweep_all,MILP,MLP,synthetic,eta,200,current_mixture,0.1,10,1e-09,width,0.0,7,g_ibp,331.22323788872706,,0.001
milp14,sweep_all,MILP,MLP,synthetic,eta,200,current_mixture,0.1,10,1e-06,width,0.0,0,d_eff,33.740741109064075,,3.029
milp14,sweep_all,MILP,MLP,synthetic,eta,200,current_mixture,0.1,10,1e-06,width,0.0,0,g_ibp,168.8669046483602,,0.001
milp14,sweep_all,MILP,MLP,synthetic,eta,200,current_mixture,0.1,10,1e-06,width,0.0,1,d_eff,33.78515576119524,,2.978
milp14,sweep_all,MILP,MLP,synthetic,eta,200,current_mixture,0.1,10,1e-06,width,0.0,1,g_ibp,198.35122949340865,,0.001
milp14,sweep_all,MILP,MLP,synthetic,eta,200,current_mixture,0.1,10,1e-06,width,0.0,2,d_eff,33.444184882499734,,2.975
milp14,sweep_all,MILP,MLP,synthetic,eta,200,current_mixture,0.1,10,1e-06,width,0.0,2,g_ibp,216.54756382636916,,0.001
milp14,sweep_all,MILP,MLP,synthetic,eta,200,current_mixture,0.1,10,1e-06,width,0.0,3,d_eff,33.955433323339754,,2.936
milp14,sweep_all,MILP,MLP,synthetic,eta,200,current_mixture,0.1,10,1e-06,width,0.0,3,g_ibp,200.07663611781913,,0.001
milp14,sweep_all,MILP,MLP,synthetic,eta,200,current_mixture,0.1,10,1e-06,width,0.0,4,d_eff,33.69457909902842,,3.083
milp14,sweep_all,MILP,MLP,synthetic,eta,200,current_mixture,0.1,10,1e-06,width,0.0,4,g_ibp,189.37534319961742,,0.001
milp14,sweep_all,MILP,MLP,synthetic,eta,200,current_mixture,0.1,10,1e-06,width,0.0,5,d_eff,33.8048562133728,,2.511
milp14,sweep_all,MILP,MLP,synthetic,eta,200,current_mixture,0.1,10,1e-06,width,0.0,5,g_ibp,236.31441795442308,,0.001
milp14,sweep_all,MILP,MLP,synthetic,eta,200,current_mixture,0.1,10,1e-06,width,0.0,6,d_eff,33.64755315095161,,3.133
milp14,sweep_all,MILP,MLP,synthetic,eta,200,current_mixture,0.1,10,1e-06,width,0.0,6,g_ibp,235.21953651192226,,0.001
milp14,sweep_all,MILP,MLP,synthetic,eta,200,current_mixture,0.1,10,1e-06,width,0.0,7,d_eff,33.59648568996884,,2.51
milp14,sweep_all,MILP,MLP,synthetic,eta,200,current_mixture,0.1,10,1e-06,width,0.0,7,g_ibp,331.1666108564982,,0.001
milp14,sweep_all,MILP,MLP,synthetic,eta,200,current_mixture,0.1,10,0.001,width,0.0,0,d_eff,31.812887397530076,,2.564
milp14,sweep_all,MILP,MLP,synthetic,eta,200,current_mixture,0.1,10,0.001,width,0.0,0,g_ibp,155.36233716434657,,0.001
milp14,sweep_all,MILP,MLP,synthetic,eta,200,current_mixture,0.1,10,0.001,width,0.0,1,d_eff,31.820388517457125,,3.142
milp14,sweep_all,MILP,MLP,synthetic,eta,200,current_mixture,0.1,10,0.001,width,0.0,1,g_ibp,179.96096402203196,,0.001
milp14,sweep_all,MILP,MLP,synthetic,eta,200,current_mixture,0.1,10,0.001,width,0.0,2,d_eff,31.588160765599735,,2.85
milp14,sweep_all,MILP,MLP,synthetic,eta,200,current_mixture,0.1,10,0.001,width,0.0,2,g_ibp,194.80489570045813,,0.001
milp14,sweep_all,MILP,MLP,synthetic,eta,200,current_mixture,0.1,10,0.001,width,0.0,3,d_eff,31.970489376131535,,2.595
milp14,sweep_all,MILP,MLP,synthetic,eta,200,current_mixture,0.1,10,0.001,width,0.0,3,g_ibp,181.37937294410779,,0.001
milp14,sweep_all,MILP,MLP,synthetic,eta,200,current_mixture,0.1,10,0.001,width,0.0,4,d_eff,31.745350593896635,,2.996
milp14,sweep_all,MILP,MLP,synthetic,eta,200,current_mixture,0.1,10,0.001,width,0.0,4,g_ibp,172.54488296693057,,0.001
milp14,sweep_all,MILP,MLP,synthetic,eta,200,current_mixture,0.1,10,0.001,width,0.0,5,d_eff,31.84445420644673,,3.014
milp14,sweep_all,MILP,MLP,synthetic,eta,200,current_mixture,0.1,10,0.001,width,0.0,5,g_ibp,210.64744859951884,,0.001
milp14,sweep_all,MILP,MLP,synthetic,eta,200,current_mixture,0.1,10,0.001,width,0.0,6,d_eff,31.699031922505544,,2.978
milp14,sweep_all,MILP,MLP,synthetic,eta,200,current_mixture,0.1,10,0.001,width,0.0,6,g_ibp,209.777499878578,,0.001
milp14,sweep_all,MILP,MLP,synthetic,eta,200,current_mixture,0.1,10,0.001,width,0.0,7,d_eff,31.698090318320634,,3.088
milp14,sweep_all,MILP,MLP,synthetic,eta,200,current_mixture,0.1,10,0.001,width,0.0,7,g_ibp,282.81552335977415,,0.001
milp30,sweep_all,MILP,MLP,synthetic,eta,200,current_mixture,0.1,10,1e-12,width,0.0,0,d_eff,30.170694641075094,,3.324
milp30,sweep_all,MILP,MLP,synthetic,eta,200,current_mixture,0.1,10,1e-12,width,0.0,0,g_ibp,477.46848696651045,,0.001
milp30,sweep_all,MILP,MLP,synthetic,eta,200,current_mixture,0.1,10,1e-12,width,0.0,1,d_eff,29.965019325260812,,3.093
milp30,sweep_all,MILP,MLP,synthetic,eta,200,current_mixture,0.1,10,1e-12,width,0.0,1,g_ibp,452.52203118758325,,0.002
milp30,sweep_all,MILP,MLP,synthetic,eta,200,current_mixture,0.1,10,1e-12,width,0.0,2,d_eff,30.059612738911266,,3.304
milp30,sweep_all,MILP,MLP,synthetic,eta,200,current_mixture,0.1,10,1e-12,width,0.0,2,g_ibp,525.5276605108761,,0.001
milp30,sweep_all,MILP,MLP,synthetic,eta,200,current_mixture,0.1,10,1e-12,width,0.0,3,d_eff,30.06407848782906,,2.58
milp30,sweep_all,MILP,MLP,synthetic,eta,200,current_mixture,0.1,10,1e-12,width,0.0,3,g_ibp,473.6941149939527,,0.001
milp30,sweep_all,MILP,MLP,synthetic,eta,200,current_mixture,0.1,10,1e-12,width,0.0,4,d_eff,30.052091197700975,,3.275
milp30,sweep_all,MILP,MLP,synthetic,eta,200,current_mixture,0.1,10,1e-12,width,0.0,4,g_ibp,483.9441273038498,,0.001
milp30,sweep_all,MILP,MLP,synthetic,eta,200,current_mixture,0.1,10,1e-12,width,0.0,5,d_eff,30.138889793801596,,3.202
milp30,sweep_all,MILP,MLP,synthetic,eta,200,current_mixture,0.1,10,1e-12,width,0.0,5,g_ibp,668.4750296351747,,0.001
milp30,sweep_all,MILP,MLP,synthetic,eta,200,current_mixture,0.1,10,1e-12,width,0.0,6,d_eff,30.140238926323974,,2.554
milp30,sweep_all,MILP,MLP,synthetic,eta,200,current_mixture,0.1,10,1e-12,width,0.0,6,g_ibp,700.4209444271531,,0.001
milp30,sweep_all,MILP,MLP,synthetic,eta,200,current_mixture,0.1,10,1e-12,width,0.0,7,d_eff,30.016018832172655,,2.641
milp30,sweep_all,MILP,MLP,synthetic,eta,200,current_mixture,0.1,10,1e-12,width,0.0,7,g_ibp,510.68223911172197,,0.001
milp30,sweep_all,MILP,MLP,synthetic,eta,200,current_mixture,0.1,10,1e-09,width,0.0,0,d_eff,30.17069319432807,,3.18
milp30,sweep_all,MILP,MLP,synthetic,eta,200,current_mixture,0.1,10,1e-09,width,0.0,0,g_ibp,477.4683865357586,,0.001
milp30,sweep_all,MILP,MLP,synthetic,eta,200,current_mixture,0.1,10,1e-09,width,0.0,1,d_eff,29.965017838100213,,2.763
milp30,sweep_all,MILP,MLP,synthetic,eta,200,current_mixture,0.1,10,1e-09,width,0.0,1,g_ibp,452.52194098759173,,0.001
milp30,sweep_all,MILP,MLP,synthetic,eta,200,current_mixture,0.1,10,1e-09,width,0.0,2,d_eff,30.059611252251923,,3.247
milp30,sweep_all,MILP,MLP,synthetic,eta,200,current_mixture,0.1,10,1e-09,width,0.0,2,g_ibp,525.5275388217467,,0.001
milp30,sweep_all,MILP,MLP,synthetic,eta,200,current_mixture,0.1,10,1e-09,width,0.0,3,d_eff,30.064076978975546,,3.326
milp30,sweep_all,MILP,MLP,synthetic,eta,200,current_mixture,0.1,10,1e-09,width,0.0,3,g_ibp,473.6940161463813,,0.001
milp30,sweep_all,MILP,MLP,synthetic,eta,200,current_mixture,0.1,10,1e-09,width,0.0,4,d_eff,30.052089715910633,,3.228
milp30,sweep_all,MILP,MLP,synthetic,eta,200,current_mixture,0.1,10,1e-09,width,0.0,4,g_ibp,483.9440241275543,,0.001
milp30,sweep_all,MILP,MLP,synthetic,eta,200,current_mixture,0.1,10,1e-09,width,0.0,5,d_eff,30.13888831167543,,3.271
milp30,sweep_all,MILP,MLP,synthetic,eta,200,current_mixture,0.1,10,1e-09,width,0.0,5,g_ibp,668.4748326615875,,0.001
milp30,sweep_all,MILP,MLP,synthetic,eta,200,current_mixture,0.1,10,1e-09,width,0.0,6,d_eff,30.140237460026235,,3.198
milp30,sweep_all,MILP,MLP,synthetic,eta,200,current_mixture,0.1,10,1e-09,width,0.0,6,g_ibp,700.4207281625049,,0.001
milp30,sweep_all,MILP,MLP,synthetic,eta,200,current_mixture,0.1,10,1e-09,width,0.0,7,d_eff,30.016017347147212,,3.164
milp30,sweep_all,MILP,MLP,synthetic,eta,200,current_mixture,0.1,10,1e-09,width,0.0,7,g_ibp,510.6821242069498,,0.001
milp30,sweep_all,MILP,MLP,synthetic,eta,200,current_mixture,0.1,10,1e-06,width,0.0,0,d_eff,30.169246524210358,,3.013
milp30,sweep_all,MILP,MLP,synthetic,eta,200,current_mixture,0.1,10,1e-06,width,0.0,0,g_ibp,477.36797692518536,,0.001
milp30,sweep_all,MILP,MLP,synthetic,eta,200,current_mixture,0.1,10,1e-06,width,0.0,1,d_eff,29.963530759167483,,2.54
milp30,sweep_all,MILP,MLP,synthetic,eta,200,current_mixture,0.1,10,1e-06,width,0.0,1,g_ibp,452.43175898976233,,0.001
milp30,sweep_all,MILP,MLP,synthetic,eta,200,current_mixture,0.1,10,1e-06,width,0.0,2,d_eff,30.058124674882123,,3.276
milp30,sweep_all,MILP,MLP,synthetic,eta,200,current_mixture,0.1,10,1e-06,width,0.0,2,g_ibp,525.4058778918572,,0.001
milp30,sweep_all,MILP,MLP,synthetic,eta,200,current_mixture,0.1,10,1e-06,width,0.0,3,d_eff,30.06256820984163,,2.553
milp30,sweep_all,MILP,MLP,synthetic,eta,200,current_mixture,0.1,10,1e-06,width,0.0,3,g_ibp,473.59518921814146,,0.001
milp30,sweep_all,MILP,MLP,synthetic,eta,200,current_mixture,0.1,10,1e-06,width,0.0,4,d_eff,30.050608006205447,,3.103
milp30,sweep_all,MILP,MLP,synthetic,eta,200,current_mixture,0.1,10,1e-06,width,0.0,4,g_ibp,483.84086984644244,,0.001
milp30,sweep_all,MILP,MLP,synthetic,eta,200,current_mixture,0.1,10,1e-06,width,0.0,5,d_eff,30.13740626712618,,2.718
milp30,sweep_all,MILP,MLP,synthetic,eta,200,current_mixture,0.1,10,1e-06,width,0.0,5,g_ibp,668.2779171557123,,0.001
milp30,sweep_all,MILP,MLP,synthetic,eta,200,current_mixture,0.1,10,1e-06,width,0.0,6,d_eff,30.138771241214993,,3.298
milp30,sweep_all,MILP,MLP,synthetic,eta,200,current_mixture,0.1,10,1e-06,width,0.0,6,g_ibp,700.2045303351297,,0.001
milp30,sweep_all,MILP,MLP,synthetic,eta,200,current_mixture,0.1,10,1e-06,width,0.0,7,d_eff,30.014532402837485,,3.107
milp30,sweep_all,MILP,MLP,synthetic,eta,200,current_mixture,0.1,10,1e-06,width,0.0,7,g_ibp,510.5672453086714,,0.001
milp30,sweep_all,MILP,MLP,synthetic,eta,200,current_mixture,0.1,10,0.001,width,0.0,0,d_eff,28.79518269612633,,2.758
milp30,sweep_all,MILP,MLP,synthetic,eta,200,current_mixture,0.1,10,0.001,width,0.0,0,g_ibp,394.4225578177126,,0.001
milp30,sweep_all,MILP,MLP,synthetic,eta,200,current_mixture,0.1,10,0.001,width,0.0,1,d_eff,28.553455223103217,,3.384
milp30,sweep_all,MILP,MLP,synthetic,eta,200,current_mixture,0.1,10,0.001,width,0.0,1,g_ibp,377.25043637748354,,0.001
milp30,sweep_all,MILP,MLP,synthetic,eta,200,current_mixture,0.1,10,0.001,width,0.0,2,d_eff,28.6487713224677,,3.214
milp30,sweep_all,MILP,MLP,synthetic,eta,200,current_mixture,0.1,10,0.001,width,0.0,2,g_ibp,426.6380988536812,,0.001
milp30,sweep_all,MILP,MLP,synthetic,eta,200,current_mixture,0.1,10,0.001,width,0.0,3,d_eff,28.633232047045215,,3.009
milp30,sweep_all,MILP,MLP,synthetic,eta,200,current_mixture,0.1,10,0.001,width,0.0,3,g_ibp,391.8445419474598,,0.001
milp30,sweep_all,MILP,MLP,synthetic,eta,200,current_mixture,0.1,10,0.001,width,0.0,4,d_eff,28.64496337726871,,3.095
milp30,sweep_all,MILP,MLP,synthetic,eta,200,current_mixture,0.1,10,0.001,width,0.0,4,g_ibp,398.82911516046306,,0.001
milp30,sweep_all,MILP,MLP,synthetic,eta,200,current_mixture,0.1,10,0.001,width,0.0,5,d_eff,28.73224166200168,,3.234
milp30,sweep_all,MILP,MLP,synthetic,eta,200,current_mixture,0.1,10,0.001,width,0.0,5,g_ibp,516.2144167191132,,0.001
milp30,sweep_all,MILP,MLP,synthetic,eta,200,current_mixture,0.1,10,0.001,width,0.0,6,d_eff,28.74703438976968,,3.177
milp30,sweep_all,MILP,MLP,synthetic,eta,200,current_mixture,0.1,10,0.001,width,0.0,6,g_ibp,535.0511006318626,,0.001
milp30,sweep_all,MILP,MLP,synthetic,eta,200,current_mixture,0.1,10,0.001,width,0.0,7,d_eff,28.60610489620031,,3.073
milp30,sweep_all,MILP,MLP,synthetic,eta,200,current_mixture,0.1,10,0.001,width,0.0,7,g_ibp,416.8059645864513,,0.001
milp26,sweep_all,MILP,MLP,synthetic,eta,200,current_mixture,0.1,10,1e-12,width,0.0,0,d_eff,31.828317280000594,,2.993
milp26,sweep_all,MILP,MLP,synthetic,eta,200,current_mixture,0.1,10,1e-12,width,0.0,0,g_ibp,5679.881638276038,,0.001
milp26,sweep_all,MILP,MLP,synthetic,eta,200,current_mixture,0.1,10,1e-12,width,0.0,1,d_eff,31.872401109605597,,3.54
milp26,sweep_all,MILP,MLP,synthetic,eta,200,current_mixture,0.1,10,1e-12,width,0.0,1,g_ibp,3378.24393281518,,0.001
milp26,sweep_all,MILP,MLP,synthetic,eta,200,current_mixture,0.1,10,1e-12,width,0.0,2,d_eff,31.906546122542625,,3.591
milp26,sweep_all,MILP,MLP,synthetic,eta,200,current_mixture,0.1,10,1e-12,width,0.0,2,g_ibp,2893.4004878104624,,0.001
milp26,sweep_all,MILP,MLP,synthetic,eta,200,current_mixture,0.1,10,1e-12,width,0.0,3,d_eff,31.773209886884057,,2.973
milp26,sweep_all,MILP,MLP,synthetic,eta,200,current_mixture,0.1,10,1e-12,width,0.0,3,g_ibp,3564.716311245076,,0.001
milp26,sweep_all,MILP,MLP,synthetic,eta,200,current_mixture,0.1,10,1e-12,width,0.0,4,d_eff,31.885831768143635,,3.168
milp26,sweep_all,MILP,MLP,synthetic,eta,200,current_mixture,0.1,10,1e-12,width,0.0,4,g_ibp,3494.522415507714,,0.001
milp26,sweep_all,MILP,MLP,synthetic,eta,200,current_mixture,0.1,10,1e-12,width,0.0,5,d_eff,31.871612417583883,,2.954
milp26,sweep_all,MILP,MLP,synthetic,eta,200,current_mixture,0.1,10,1e-12,width,0.0,5,g_ibp,3467.3873918048516,,0.001
milp26,sweep_all,MILP,MLP,synthetic,eta,200,current_mixture,0.1,10,1e-12,width,0.0,6,d_eff,31.521498096308257,,3.092
milp26,sweep_all,MILP,MLP,synthetic,eta,200,current_mixture,0.1,10,1e-12,width,0.0,6,g_ibp,2474.0725223011414,,0.001
milp26,sweep_all,MILP,MLP,synthetic,eta,200,current_mixture,0.1,10,1e-12,width,0.0,7,d_eff,31.73983350087383,,3.197
milp26,sweep_all,MILP,MLP,synthetic,eta,200,current_mixture,0.1,10,1e-12,width,0.0,7,g_ibp,2651.4620484337256,,0.001
milp26,sweep_all,MILP,MLP,synthetic,eta,200,current_mixture,0.1,10,1e-09,width,0.0,0,d_eff,31.828315145247455,,3.22
milp26,sweep_all,MILP,MLP,synthetic,eta,200,current_mixture,0.1,10,1e-09,width,0.0,0,g_ibp,5679.875718327704,,0.002
milp26,sweep_all,MILP,MLP,synthetic,eta,200,current_mixture,0.1,10,1e-09,width,0.0,1,d_eff,31.872398983573543,,3.163
milp26,sweep_all,MILP,MLP,synthetic,eta,200,current_mixture,0.1,10,1e-09,width,0.0,1,g_ibp,3378.24183885011,,0.001
milp26,sweep_all,MILP,MLP,synthetic,eta,200,current_mixture,0.1,10,1e-09,width,0.0,2,d_eff,31.906543980841764,,3.297
milp26,sweep_all,MILP,MLP,synthetic,eta,200,current_mixture,0.1,10,1e-09,width,0.0,2,g_ibp,2893.3989518394756,,0.002
milp26,sweep_all,MILP,MLP,synthetic,eta,200,current_mixture,0.1,10,1e-09,width,0.0,3,d_eff,31.77320776165745,,3.482
milp26,sweep_all,MILP,MLP,synthetic,eta,200,current_mixture,0.1,10,1e-09,width,0.0,3,g_ibp,3564.7139796985807,,0.001
milp26,sweep_all,MILP,MLP,synthetic,eta,200,current_mixture,0.1,10,1e-09,width,0.0,4,d_eff,31.88582958486487,,3.65
milp26,sweep_all,MILP,MLP,synthetic,eta,200,current_mixture,0.1,10,1e-09,width,0.0,4,g_ibp,3494.5201748921277,,0.002
milp26,sweep_all,MILP,MLP,synthetic,eta,200,current_mixture,0.1,10,1e-09,width,0.0,5,d_eff,31.871610209896414,,3.865
milp26,sweep_all,MILP,MLP,synthetic,eta,200,current_mixture,0.1,10,1e-09,width,0.0,5,g_ibp,3467.38518585593,,0.001
milp26,sweep_all,MILP,MLP,synthetic,eta,200,current_mixture,0.1,10,1e-09,width,0.0,6,d_eff,31.521495935191137,,3.964
milp26,sweep_all,MILP,MLP,synthetic,eta,200,current_mixture,0.1,10,1e-09,width,0.0,6,g_ibp,2474.0713993383993,,0.001
milp26,sweep_all,MILP,MLP,synthetic,eta,200,current_mixture,0.1,10,1e-09,width,0.0,7,d_eff,31.73983137885143,,4.725
milp26,sweep_all,MILP,MLP,synthetic,eta,200,current_mixture,0.1,10,1e-09,width,0.0,7,g_ibp,2651.460758631683,,0.002
milp26,sweep_all,MILP,MLP,synthetic,eta,200,current_mixture,0.1,10,1e-06,width,0.0,0,d_eff,31.82618054059673,,6.978
milp26,sweep_all,MILP,MLP,synthetic,eta,200,current_mixture,0.1,10,1e-06,width,0.0,0,g_ibp,5673.961939894508,,0.033
milp26,sweep_all,MILP,MLP,synthetic,eta,200,current_mixture,0.1,10,1e-06,width,0.0,1,d_eff,31.870273097290987,,5.219
milp26,sweep_all,MILP,MLP,synthetic,eta,200,current_mixture,0.1,10,1e-06,width,0.0,1,g_ibp,3376.149172192674,,0.002
milp26,sweep_all,MILP,MLP,synthetic,eta,200,current_mixture,0.1,10,1e-06,width,0.0,2,d_eff,31.904402428249135,,8.777
milp26,sweep_all,MILP,MLP,synthetic,eta,200,current_mixture,0.1,10,1e-06,width,0.0,2,g_ibp,2891.8637966099336,,0.001
milp26,sweep_all,MILP,MLP,synthetic,eta,200,current_mixture,0.1,10,1e-06,width,0.0,3,d_eff,31.771082681074287,,8.565
milp26,sweep_all,MILP,MLP,synthetic,eta,200,current_mixture,0.1,10,1e-06,width,0.0,3,g_ibp,3562.383958706537,,0.001
milp26,sweep_all,MILP,MLP,synthetic,eta,200,current_mixture,0.1,10,1e-06,width,0.0,4,d_eff,31.8836464611738,,9.612
milp26,sweep_all,MILP,MLP,synthetic,eta,200,current_mixture,0.1,10,1e-06,width,0.0,4,g_ibp,3492.2809964571443,,0.002
milp26,sweep_all,MILP,MLP,synthetic,eta,200,current_mixture,0.1,10,1e-06,width,0.0,5,d_eff,31.869402679797957,,10.358
milp26,sweep_all,MILP,MLP,synthetic,eta,200,current_mixture,0.1,10,1e-06,width,0.0,5,g_ibp,3465.1806408673174,,0.013
milp26,sweep_all,MILP,MLP,synthetic,eta,200,current_mixture,0.1,10,1e-06,width,0.0,6,d_eff,31.519334972677854,,11.931
milp26,sweep_all,MILP,MLP,synthetic,eta,200,current_mixture,0.1,10,1e-06,width,0.0,6,g_ibp,2472.9489465787324,,0.026
milp26,sweep_all,MILP,MLP,synthetic,eta,200,current_mixture,0.1,10,1e-06,width,0.0,7,d_eff,31.737709502880698,,12.574
milp26,sweep_all,MILP,MLP,synthetic,eta,200,current_mixture,0.1,10,1e-06,width,0.0,7,g_ibp,2650.1715843342527,,0.001
milp26,sweep_all,MILP,MLP,synthetic,eta,200,current_mixture,0.1,10,0.001,width,0.0,0,d_eff,29.8301049198364,,11.326
milp26,sweep_all,MILP,MLP,synthetic,eta,200,current_mixture,0.1,10,0.001,width,0.0,0,g_ibp,2779.7446972219764,,0.03
milp26,sweep_all,MILP,MLP,synthetic,eta,200,current_mixture,0.1,10,0.001,width,0.0,1,d_eff,29.88059836891324,,14.988
milp26,sweep_all,MILP,MLP,synthetic,eta,200,current_mixture,0.1,10,0.001,width,0.0,1,g_ibp,2084.744863754009,,0.038
milp26,sweep_all,MILP,MLP,synthetic,eta,200,current_mixture,0.1,10,0.001,width,0.0,2,d_eff,29.901239113735397,,5.992
milp26,sweep_all,MILP,MLP,synthetic,eta,200,current_mixture,0.1,10,0.001,width,0.0,2,g_ibp,1889.4012210919163,,0.003
milp26,sweep_all,MILP,MLP,synthetic,eta,200,current_mixture,0.1,10,0.001,width,0.0,3,d_eff,29.7824254183427,,15.172
milp26,sweep_all,MILP,MLP,synthetic,eta,200,current_mixture,0.1,10,0.001,width,0.0,3,g_ibp,2154.2749520598404,,0.001
milp26,sweep_all,MILP,MLP,synthetic,eta,200,current_mixture,0.1,10,0.001,width,0.0,4,d_eff,29.845001756834044,,14.477
milp26,sweep_all,MILP,MLP,synthetic,eta,200,current_mixture,0.1,10,0.001,width,0.0,4,g_ibp,2128.4422549682627,,0.002
milp26,sweep_all,MILP,MLP,synthetic,eta,200,current_mixture,0.1,10,0.001,width,0.0,5,d_eff,29.808521344897613,,17.476
milp26,sweep_all,MILP,MLP,synthetic,eta,200,current_mixture,0.1,10,0.001,width,0.0,5,g_ibp,2118.346956128334,,0.038
milp26,sweep_all,MILP,MLP,synthetic,eta,200,current_mixture,0.1,10,0.001,width,0.0,6,d_eff,29.5022415499021,,12.207
milp26,sweep_all,MILP,MLP,synthetic,eta,200,current_mixture,0.1,10,0.001,width,0.0,6,g_ibp,1701.1570033347723,,0.002
milp26,sweep_all,MILP,MLP,synthetic,eta,200,current_mixture,0.1,10,0.001,width,0.0,7,d_eff,29.752566040693925,,19.843
milp26,sweep_all,MILP,MLP,synthetic,eta,200,current_mixture,0.1,10,0.001,width,0.0,7,g_ibp,1783.1709507569717,,0.046
pb_cnn_25,sweep_all,Paired-Biases,CNN,synthetic,eta,200,current_mixture,0.1,10,1e-12,width,0.0,0,d_eff,27.21204271463214,,10.285
pb_cnn_25,sweep_all,Paired-Biases,CNN,synthetic,eta,200,current_mixture,0.1,10,1e-12,width,0.0,0,g_ibp,5.089675942816798,,0.035
pb_cnn_25,sweep_all,Paired-Biases,CNN,synthetic,eta,200,current_mixture,0.1,10,1e-12,width,0.0,1,d_eff,27.383239173797342,,10.796
pb_cnn_25,sweep_all,Paired-Biases,CNN,synthetic,eta,200,current_mixture,0.1,10,1e-12,width,0.0,1,g_ibp,5.0808470619129205,,0.027
pb_cnn_25,sweep_all,Paired-Biases,CNN,synthetic,eta,200,current_mixture,0.1,10,1e-12,width,0.0,2,d_eff,27.13854388043503,,12.015
pb_cnn_25,sweep_all,Paired-Biases,CNN,synthetic,eta,200,current_mixture,0.1,10,1e-12,width,0.0,2,g_ibp,5.088188770002522,,0.044
pb_cnn_25,sweep_all,Paired-Biases,CNN,synthetic,eta,200,current_mixture,0.1,10,1e-12,width,0.0,3,d_eff,27.167814720650604,,15.945
pb_cnn_25,sweep_all,Paired-Biases,CNN,synthetic,eta,200,current_mixture,0.1,10,1e-12,width,0.0,3,g_ibp,5.0890643098759805,,0.048
pb_cnn_25,sweep_all,Paired-Biases,CNN,synthetic,eta,200,current_mixture,0.1,10,1e-12,width,0.0,4,d_eff,27.39736598728512,,10.038
pb_cnn_25,sweep_all,Paired-Biases,CNN,synthetic,eta,200,current_mixture,0.1,10,1e-12,width,0.0,4,g_ibp,5.09046022979714,,0.004
pb_cnn_25,sweep_all,Paired-Biases,CNN,synthetic,eta,200,current_mixture,0.1,10,1e-12,width,0.0,5,d_eff,27.57182387197373,,14.823
pb_cnn_25,sweep_all,Paired-Biases,CNN,synthetic,eta,200,current_mixture,0.1,10,1e-12,width,0.0,5,g_ibp,5.085147050422371,,0.047
pb_cnn_25,sweep_all,Paired-Biases,CNN,synthetic,eta,200,current_mixture,0.1,10,1e-12,width,0.0,6,d_eff,27.051798639754534,,5.806
pb_cnn_25,sweep_all,Paired-Biases,CNN,synthetic,eta,200,current_mixture,0.1,10,1e-12,width,0.0,6,g_ibp,5.089381583388408,,0.003
pb_cnn_25,sweep_all,Paired-Biases,CNN,synthetic,eta,200,current_mixture,0.1,10,1e-12,width,0.0,7,d_eff,27.17510386963085,,9.737
pb_cnn_25,sweep_all,Paired-Biases,CNN,synthetic,eta,200,current_mixture,0.1,10,1e-12,width,0.0,7,g_ibp,5.087941263766337,,0.004
pb_cnn_25,sweep_all,Paired-Biases,CNN,synthetic,eta,200,current_mixture,0.1,10,1e-09,width,0.0,0,d_eff,27.212035910742124,,14.208
pb_cnn_25,sweep_all,Paired-Biases,CNN,synthetic,eta,200,current_mixture,0.1,10,1e-09,width,0.0,0,g_ibp,5.089675911408163,,0.035
pb_cnn_25,sweep_all,Paired-Biases,CNN,synthetic,eta,200,current_mixture,0.1,10,1e-09,width,0.0,1,d_eff,27.383232326308825,,4.891
pb_cnn_25,sweep_all,Paired-Biases,CNN,synthetic,eta,200,current_mixture,0.1,10,1e-09,width,0.0,1,g_ibp,5.080847030626456,,0.003
pb_cnn_25,sweep_all,Paired-Biases,CNN,synthetic,eta,200,current_mixture,0.1,10,1e-09,width,0.0,2,d_eff,27.138536993356237,,20.027
pb_cnn_25,sweep_all,Paired-Biases,CNN,synthetic,eta,200,current_mixture,0.1,10,1e-09,width,0.0,2,g_ibp,5.088188738614482,,0.003
pb_cnn_25,sweep_all,Paired-Biases,CNN,synthetic,eta,200,current_mixture,0.1,10,1e-09,width,0.0,3,d_eff,27.167808016829,,24.237
pb_cnn_25,sweep_all,Paired-Biases,CNN,synthetic,eta,200,current_mixture,0.1,10,1e-09,width,0.0,3,g_ibp,5.089064278475816,,0.003
pb_cnn_25,sweep_all,Paired-Biases,CNN,synthetic,eta,200,current_mixture,0.1,10,1e-09,width,0.0,4,d_eff,27.39735905616996,,22.078
pb_cnn_25,sweep_all,Paired-Biases,CNN,synthetic,eta,200,current_mixture,0.1,10,1e-09,width,0.0,4,g_ibp,5.090460198377641,,0.003
pb_cnn_25,sweep_all,Paired-Biases,CNN,synthetic,eta,200,current_mixture,0.1,10,1e-09,width,0.0,5,d_eff,27.571817118211836,,16.746
pb_cnn_25,sweep_all,Paired-Biases,CNN,synthetic,eta,200,current_mixture,0.1,10,1e-09,width,0.0,5,g_ibp,5.085147019076435,,0.003
pb_cnn_25,sweep_all,Paired-Biases,CNN,synthetic,eta,200,current_mixture,0.1,10,1e-09,width,0.0,6,d_eff,27.05179162200495,,20.031
pb_cnn_25,sweep_all,Paired-Biases,CNN,synthetic,eta,200,current_mixture,0.1,10,1e-09,width,0.0,6,g_ibp,5.08938155198385,,0.028
pb_cnn_25,sweep_all,Paired-Biases,CNN,synthetic,eta,200,current_mixture,0.1,10,1e-09,width,0.0,7,d_eff,27.175096939991143,,22.318
pb_cnn_25,sweep_all,Paired-Biases,CNN,synthetic,eta,200,current_mixture,0.1,10,1e-09,width,0.0,7,g_ibp,5.087941232381724,,0.051
pb_cnn_25,sweep_all,Paired-Biases,CNN,synthetic,eta,200,current_mixture,0.1,10,1e-06,width,0.0,0,d_eff,27.20523406419906,,14.962
pb_cnn_25,sweep_all,Paired-Biases,CNN,synthetic,eta,200,current_mixture,0.1,10,1e-06,width,0.0,0,g_ibp,5.089644502966954,,0.003
pb_cnn_25,sweep_all,Paired-Biases,CNN,synthetic,eta,200,current_mixture,0.1,10,1e-06,width,0.0,1,d_eff,27.37638678802231,,9.116
pb_cnn_25,sweep_all,Paired-Biases,CNN,synthetic,eta,200,current_mixture,0.1,10,1e-06,width,0.0,1,g_ibp,5.080815744355546,,0.024
pb_cnn_25,sweep_all,Paired-Biases,CNN,synthetic,eta,200,current_mixture,0.1,10,1e-06,width,0.0,2,d_eff,27.131651926652218,,22.964
pb_cnn_25,sweep_all,Paired-Biases,CNN,synthetic,eta,200,current_mixture,0.1,10,1e-06,width,0.0,2,g_ibp,5.088157350768613,,0.047
pb_cnn_25,sweep_all,Paired-Biases,CNN,synthetic,eta,200,current_mixture,0.1,10,1e-06,width,0.0,3,d_eff,27.16110609432858,,10.075
pb_cnn_25,sweep_all,Paired-Biases,CNN,synthetic,eta,200,current_mixture,0.1,10,1e-06,width,0.0,3,g_ibp,5.089032878505708,,0.004
pb_cnn_25,sweep_all,Paired-Biases,CNN,synthetic,eta,200,current_mixture,0.1,10,1e-06,width,0.0,4,d_eff,27.390429987941864,,24.223
pb_cnn_25,sweep_all,Paired-Biases,CNN,synthetic,eta,200,current_mixture,0.1,10,1e-06,width,0.0,4,g_ibp,5.090428779072425,,0.051
pb_cnn_25,sweep_all,Paired-Biases,CNN,synthetic,eta,200,current_mixture,0.1,10,1e-06,width,0.0,5,d_eff,27.565065236806362,,19.654
pb_cnn_25,sweep_all,Paired-Biases,CNN,synthetic,eta,200,current_mixture,0.1,10,1e-06,width,0.0,5,g_ibp,5.0851156733334975,,0.019
pb_cnn_25,sweep_all,Paired-Biases,CNN,synthetic,eta,200,current_mixture,0.1,10,1e-06,width,0.0,6,d_eff,27.044775972717353,,9.301
pb_cnn_25,sweep_all,Paired-Biases,CNN,synthetic,eta,200,current_mixture,0.1,10,1e-06,width,0.0,6,g_ibp,5.089350147619653,,0.027
pb_cnn_25,sweep_all,Paired-Biases,CNN,synthetic,eta,200,current_mixture,0.1,10,1e-06,width,0.0,7,d_eff,27.16816937653893,,23.8
pb_cnn_25,sweep_all,Paired-Biases,CNN,synthetic,eta,200,current_mixture,0.1,10,1e-06,width,0.0,7,g_ibp,5.087909847962835,,0.055
pb_cnn_25,sweep_all,Paired-Biases,CNN,synthetic,eta,200,current_mixture,0.1,10,0.001,width,0.0,0,d_eff,21.917915765445105,,10.966
pb_cnn_25,sweep_all,Paired-Biases,CNN,synthetic,eta,200,current_mixture,0.1,10,0.001,width,0.0,0,g_ibp,5.058428887457255,,0.019
pb_cnn_25,sweep_all,Paired-Biases,CNN,synthetic,eta,200,current_mixture,0.1,10,0.001,width,0.0,1,d_eff,22.013821231380444,,9.807
pb_cnn_25,sweep_all,Paired-Biases,CNN,synthetic,eta,200,current_mixture,0.1,10,0.001,width,0.0,1,g_ibp,5.049721136987354,,0.004
pb_cnn_25,sweep_all,Paired-Biases,CNN,synthetic,eta,200,current_mixture,0.1,10,0.001,width,0.0,2,d_eff,21.765834160407394,,14.68
pb_cnn_25,sweep_all,Paired-Biases,CNN,synthetic,eta,200,current_mixture,0.1,10,0.001,width,0.0,2,g_ibp,5.056962134514294,,0.047
pb_cnn_25,sweep_all,Paired-Biases,CNN,synthetic,eta,200,current_mixture,0.1,10,0.001,width,0.0,3,d_eff,21.903465642082747,,19.83
pb_cnn_25,sweep_all,Paired-Biases,CNN,synthetic,eta,200,current_mixture,0.1,10,0.001,width,0.0,3,g_ibp,5.057825653436142,,0.003
pb_cnn_25,sweep_all,Paired-Biases,CNN,synthetic,eta,200,current_mixture,0.1,10,0.001,width,0.0,4,d_eff,21.996190085995533,,24.613
pb_cnn_25,sweep_all,Paired-Biases,CNN,synthetic,eta,200,current_mixture,0.1,10,0.001,width,0.0,4,g_ibp,5.059202403018437,,0.003
pb_cnn_25,sweep_all,Paired-Biases,CNN,synthetic,eta,200,current_mixture,0.1,10,0.001,width,0.0,5,d_eff,22.251932599361474,,25.472
pb_cnn_25,sweep_all,Paired-Biases,CNN,synthetic,eta,200,current_mixture,0.1,10,0.001,width,0.0,5,g_ibp,5.053962159370164,,0.043
pb_cnn_25,sweep_all,Paired-Biases,CNN,synthetic,eta,200,current_mixture,0.1,10,0.001,width,0.0,6,d_eff,21.60276208670065,,16.044
pb_cnn_25,sweep_all,Paired-Biases,CNN,synthetic,eta,200,current_mixture,0.1,10,0.001,width,0.0,6,g_ibp,5.058138570299336,,0.004
pb_cnn_25,sweep_all,Paired-Biases,CNN,synthetic,eta,200,current_mixture,0.1,10,0.001,width,0.0,7,d_eff,21.785330101724913,,26.574
pb_cnn_25,sweep_all,Paired-Biases,CNN,synthetic,eta,200,current_mixture,0.1,10,0.001,width,0.0,7,g_ibp,5.056718026067588,,0.047
pb_cnn_24,sweep_all,Paired-Biases,CNN,synthetic,eta,200,current_mixture,0.1,10,1e-12,width,0.0,0,d_eff,28.196998066766493,,23.826
pb_cnn_24,sweep_all,Paired-Biases,CNN,synthetic,eta,200,current_mixture,0.1,10,1e-12,width,0.0,0,g_ibp,6.51525415774585,,0.047
pb_cnn_24,sweep_all,Paired-Biases,CNN,synthetic,eta,200,current_mixture,0.1,10,1e-12,width,0.0,1,d_eff,28.4632908533853,,19.696
pb_cnn_24,sweep_all,Paired-Biases,CNN,synthetic,eta,200,current_mixture,0.1,10,1e-12,width,0.0,1,g_ibp,6.516139244112013,,0.047
pb_cnn_24,sweep_all,Paired-Biases,CNN,synthetic,eta,200,current_mixture,0.1,10,1e-12,width,0.0,2,d_eff,28.18588825036511,,18.571
pb_cnn_24,sweep_all,Paired-Biases,CNN,synthetic,eta,200,current_mixture,0.1,10,1e-12,width,0.0,2,g_ibp,6.512307829383314,,0.059
pb_cnn_24,sweep_all,Paired-Biases,CNN,synthetic,eta,200,current_mixture,0.1,10,1e-12,width,0.0,3,d_eff,28.216201137747532,,11.855
pb_cnn_24,sweep_all,Paired-Biases,CNN,synthetic,eta,200,current_mixture,0.1,10,1e-12,width,0.0,3,g_ibp,6.507754765608542,,0.004
pb_cnn_24,sweep_all,Paired-Biases,CNN,synthetic,eta,200,current_mixture,0.1,10,1e-12,width,0.0,4,d_eff,28.577974117182162,,19.512
pb_cnn_24,sweep_all,Paired-Biases,CNN,synthetic,eta,200,current_mixture,0.1,10,1e-12,width,0.0,4,g_ibp,6.502606670361317,,0.003
pb_cnn_24,sweep_all,Paired-Biases,CNN,synthetic,eta,200,current_mixture,0.1,10,1e-12,width,0.0,5,d_eff,28.5949191189819,,20.137
pb_cnn_24,sweep_all,Paired-Biases,CNN,synthetic,eta,200,current_mixture,0.1,10,1e-12,width,0.0,5,g_ibp,6.508294253959386,,0.047
pb_cnn_24,sweep_all,Paired-Biases,CNN,synthetic,eta,200,current_mixture,0.1,10,1e-12,width,0.0,6,d_eff,28.57926839003133,,11.963
pb_cnn_24,sweep_all,Paired-Biases,CNN,synthetic,eta,200,current_mixture,0.1,10,1e-12,width,0.0,6,g_ibp,6.5107146731537675,,0.004
pb_cnn_24,sweep_all,Paired-Biases,CNN,synthetic,eta,200,current_mixture,0.1,10,1e-12,width,0.0,7,d_eff,28.502299826189176,,24.022
pb_cnn_24,sweep_all,Paired-Biases,CNN,synthetic,eta,200,current_mixture,0.1,10,1e-12,width,0.0,7,g_ibp,6.524201554376746,,0.051
pb_cnn_24,sweep_all,Paired-Biases,CNN,synthetic,eta,200,current_mixture,0.1,10,1e-09,width,0.0,0,d_eff,28.196977356975143,,13.094
pb_cnn_24,sweep_all,Paired-Biases,CNN,synthetic,eta,200,current_mixture,0.1,10,1e-09,width,0.0,0,g_ibp,6.5152541072884445,,0.004
pb_cnn_24,sweep_all,Paired-Biases,CNN,synthetic,eta,200,current_mixture,0.1,10,1e-09,width,0.0,1,d_eff,28.463270703249474,,26.276
pb_cnn_24,sweep_all,Paired-Biases,CNN,synthetic,eta,200,current_mixture,0.1,10,1e-09,width,0.0,1,g_ibp,6.516139193639654,,0.043
pb_cnn_24,sweep_all,Paired-Biases,CNN,synthetic,eta,200,current_mixture,0.1,10,1e-09,width,0.0,2,d_eff,28.185867011945714,,25.012
pb_cnn_24,sweep_all,Paired-Biases,CNN,synthetic,eta,200,current_mixture,0.1,10,1e-09,width,0.0,2,g_ibp,6.512307778975669,,0.043
pb_cnn_24,sweep_all,Paired-Biases,CNN,synthetic,eta,200,current_mixture,0.1,10,1e-09,width,0.0,3,d_eff,28.216179188245007,,24.635
pb_cnn_24,sweep_all,Paired-Biases,CNN,synthetic,eta,200,current_mixture,0.1,10,1e-09,width,0.0,3,g_ibp,6.507754715277746,,0.047
pb_cnn_24,sweep_all,Paired-Biases,CNN,synthetic,eta,200,current_mixture,0.1,10,1e-09,width,0.0,4,d_eff,28.577952099863968,,25.883
pb_cnn_24,sweep_all,Paired-Biases,CNN,synthetic,eta,200,current_mixture,0.1,10,1e-09,width,0.0,4,g_ibp,6.502606620117343,,0.043
pb_cnn_24,sweep_all,Paired-Biases,CNN,synthetic,eta,200,current_mixture,0.1,10,1e-09,width,0.0,5,d_eff,28.594896776389273,,9.292
pb_cnn_24,sweep_all,Paired-Biases,CNN,synthetic,eta,200,current_mixture,0.1,10,1e-09,width,0.0,5,g_ibp,6.508294203619488,,0.002
pb_cnn_24,sweep_all,Paired-Biases,CNN,synthetic,eta,200,current_mixture,0.1,10,1e-09,width,0.0,6,d_eff,28.579247875292353,,27.534
pb_cnn_24,sweep_all,Paired-Biases,CNN,synthetic,eta,200,current_mixture,0.1,10,1e-09,width,0.0,6,g_ibp,6.510714622773019,,0.044
pb_cnn_24,sweep_all,Paired-Biases,CNN,synthetic,eta,200,current_mixture,0.1,10,1e-09,width,0.0,7,d_eff,28.50227699064448,,25.454
pb_cnn_24,sweep_all,Paired-Biases,CNN,synthetic,eta,200,current_mixture,0.1,10,1e-09,width,0.0,7,g_ibp,6.5242015037680785,,0.051
pb_cnn_24,sweep_all,Paired-Biases,CNN,synthetic,eta,200,current_mixture,0.1,10,1e-06,width,0.0,0,d_eff,28.17628573102488,,14.874
pb_cnn_24,sweep_all,Paired-Biases,CNN,synthetic,eta,200,current_mixture,0.1,10,1e-06,width,0.0,0,g_ibp,6.515203650273714,,0.051
pb_cnn_24,sweep_all,Paired-Biases,CNN,synthetic,eta,200,current_mixture,0.1,10,1e-06,width,0.0,1,d_eff,28.443137422778314,,10.529
pb_cnn_24,sweep_all,Paired-Biases,CNN,synthetic,eta,200,current_mixture,0.1,10,1e-06,width,0.0,1,g_ibp,6.516088721672058,,0.024
pb_cnn_24,sweep_all,Paired-Biases,CNN,synthetic,eta,200,current_mixture,0.1,10,1e-06,width,0.0,2,d_eff,28.164648067139332,,13.333
pb_cnn_24,sweep_all,Paired-Biases,CNN,synthetic,eta,200,current_mixture,0.1,10,1e-06,width,0.0,2,g_ibp,6.512257371721076,,0.003
pb_cnn_24,sweep_all,Paired-Biases,CNN,synthetic,eta,200,current_mixture,0.1,10,1e-06,width,0.0,3,d_eff,28.19425194842601,,24.631
pb_cnn_24,sweep_all,Paired-Biases,CNN,synthetic,eta,200,current_mixture,0.1,10,1e-06,width,0.0,3,g_ibp,6.507704384871284,,0.047
pb_cnn_24,sweep_all,Paired-Biases,CNN,synthetic,eta,200,current_mixture,0.1,10,1e-06,width,0.0,4,d_eff,28.555956502669144,,20.045
pb_cnn_24,sweep_all,Paired-Biases,CNN,synthetic,eta,200,current_mixture,0.1,10,1e-06,width,0.0,4,g_ibp,6.502556376532023,,0.047
pb_cnn_24,sweep_all,Paired-Biases,CNN,synthetic,eta,200,current_mixture,0.1,10,1e-06,width,0.0,5,d_eff,28.572575734926684,,21.912
pb_cnn_24,sweep_all,Paired-Biases,CNN,synthetic,eta,200,current_mixture,0.1,10,1e-06,width,0.0,5,g_ibp,6.508243864110401,,0.036
pb_cnn_24,sweep_all,Paired-Biases,CNN,synthetic,eta,200,current_mixture,0.1,10,1e-06,width,0.0,6,d_eff,28.558750463452434,,25.071
pb_cnn_24,sweep_all,Paired-Biases,CNN,synthetic,eta,200,current_mixture,0.1,10,1e-06,width,0.0,6,g_ibp,6.510664242414871,,0.051
pb_cnn_24,sweep_all,Paired-Biases,CNN,synthetic,eta,200,current_mixture,0.1,10,1e-06,width,0.0,7,d_eff,28.479464257678533,,5.424
pb_cnn_24,sweep_all,Paired-Biases,CNN,synthetic,eta,200,current_mixture,0.1,10,1e-06,width,0.0,7,g_ibp,6.524150895492554,,0.003
pb_cnn_24,sweep_all,Paired-Biases,CNN,synthetic,eta,200,current_mixture,0.1,10,0.001,width,0.0,0,d_eff,16.73340600780099,,9.741
pb_cnn_24,sweep_all,Paired-Biases,CNN,synthetic,eta,200,current_mixture,0.1,10,0.001,width,0.0,0,g_ibp,6.465134781806999,,0.002
pb_cnn_24,sweep_all,Paired-Biases,CNN,synthetic,eta,200,current_mixture,0.1,10,0.001,width,0.0,1,d_eff,17.109594239706958,,24.863
pb_cnn_24,sweep_all,Paired-Biases,CNN,synthetic,eta,200,current_mixture,0.1,10,0.001,width,0.0,1,g_ibp,6.466005077195611,,0.047
pb_cnn_24,sweep_all,Paired-Biases,CNN,synthetic,eta,200,current_mixture,0.1,10,0.001,width,0.0,2,d_eff,16.599854603394284,,3.349
pb_cnn_24,sweep_all,Paired-Biases,CNN,synthetic,eta,200,current_mixture,0.1,10,0.001,width,0.0,2,g_ibp,6.462237675051836,,0.003
pb_cnn_24,sweep_all,Paired-Biases,CNN,synthetic,eta,200,current_mixture,0.1,10,0.001,width,0.0,3,d_eff,16.50584176730448,,24.888
pb_cnn_24,sweep_all,Paired-Biases,CNN,synthetic,eta,200,current_mixture,0.1,10,0.001,width,0.0,3,g_ibp,6.4577606283100035,,0.047
pb_cnn_24,sweep_all,Paired-Biases,CNN,synthetic,eta,200,current_mixture,0.1,10,0.001,width,0.0,4,d_eff,16.808305772028483,,11.624
pb_cnn_24,sweep_all,Paired-Biases,CNN,synthetic,eta,200,current_mixture,0.1,10,0.001,width,0.0,4,g_ibp,6.452698416123502,,0.003
pb_cnn_24,sweep_all,Paired-Biases,CNN,synthetic,eta,200,current_mixture,0.1,10,0.001,width,0.0,5,d_eff,16.602479555451968,,25.363
pb_cnn_24,sweep_all,Paired-Biases,CNN,synthetic,eta,200,current_mixture,0.1,10,0.001,width,0.0,5,g_ibp,6.458291112442047,,0.043
pb_cnn_24,sweep_all,Paired-Biases,CNN,synthetic,eta,200,current_mixture,0.1,10,0.001,width,0.0,6,d_eff,17.069769090518477,,24.444
pb_cnn_24,sweep_all,Paired-Biases,CNN,synthetic,eta,200,current_mixture,0.1,10,0.001,width,0.0,6,g_ibp,6.460671124304329,,0.039
pb_cnn_24,sweep_all,Paired-Biases,CNN,synthetic,eta,200,current_mixture,0.1,10,0.001,width,0.0,7,d_eff,16.45738474709594,,10.38
pb_cnn_24,sweep_all,Paired-Biases,CNN,synthetic,eta,200,current_mixture,0.1,10,0.001,width,0.0,7,g_ibp,6.473932556534436,,0.003
pb_cnn_22,sweep_all,Paired-Biases,CNN,synthetic,eta,200,current_mixture,0.1,10,1e-12,width,0.0,0,d_eff,28.58360275226737,,7.444
pb_cnn_22,sweep_all,Paired-Biases,CNN,synthetic,eta,200,current_mixture,0.1,10,1e-12,width,0.0,0,g_ibp,8.102795228836712,,0.003
pb_cnn_22,sweep_all,Paired-Biases,CNN,synthetic,eta,200,current_mixture,0.1,10,1e-12,width,0.0,1,d_eff,28.42354653803876,,6.992
pb_cnn_22,sweep_all,Paired-Biases,CNN,synthetic,eta,200,current_mixture,0.1,10,1e-12,width,0.0,1,g_ibp,8.10215297509,,0.003
pb_cnn_22,sweep_all,Paired-Biases,CNN,synthetic,eta,200,current_mixture,0.1,10,1e-12,width,0.0,2,d_eff,28.58816903352145,,16.143
pb_cnn_22,sweep_all,Paired-Biases,CNN,synthetic,eta,200,current_mixture,0.1,10,1e-12,width,0.0,2,g_ibp,8.11612114071344,,0.004
pb_cnn_22,sweep_all,Paired-Biases,CNN,synthetic,eta,200,current_mixture,0.1,10,1e-12,width,0.0,3,d_eff,28.042621384870248,,28.849
pb_cnn_22,sweep_all,Paired-Biases,CNN,synthetic,eta,200,current_mixture,0.1,10,1e-12,width,0.0,3,g_ibp,8.113791055092609,,0.051
pb_cnn_22,sweep_all,Paired-Biases,CNN,synthetic,eta,200,current_mixture,0.1,10,1e-12,width,0.0,4,d_eff,28.538514448272373,,20.496
pb_cnn_22,sweep_all,Paired-Biases,CNN,synthetic,eta,200,current_mixture,0.1,10,1e-12,width,0.0,4,g_ibp,8.125754816323344,,0.011
pb_cnn_22,sweep_all,Paired-Biases,CNN,synthetic,eta,200,current_mixture,0.1,10,1e-12,width,0.0,5,d_eff,28.399794056895207,,21.414
pb_cnn_22,sweep_all,Paired-Biases,CNN,synthetic,eta,200,current_mixture,0.1,10,1e-12,width,0.0,5,g_ibp,8.111330612181945,,0.002
pb_cnn_22,sweep_all,Paired-Biases,CNN,synthetic,eta,200,current_mixture,0.1,10,1e-12,width,0.0,6,d_eff,28.64940353745577,,17.524
pb_cnn_22,sweep_all,Paired-Biases,CNN,synthetic,eta,200,current_mixture,0.1,10,1e-12,width,0.0,6,g_ibp,8.113163869262426,,0.003
pb_cnn_22,sweep_all,Paired-Biases,CNN,synthetic,eta,200,current_mixture,0.1,10,1e-12,width,0.0,7,d_eff,28.71735428882233,,9.478
pb_cnn_22,sweep_all,Paired-Biases,CNN,synthetic,eta,200,current_mixture,0.1,10,1e-12,width,0.0,7,g_ibp,8.107123965553873,,0.003
pb_cnn_22,sweep_all,Paired-Biases,CNN,synthetic,eta,200,current_mixture,0.1,10,1e-09,width,0.0,0,d_eff,28.581154821956478,,9.479
pb_cnn_22,sweep_all,Paired-Biases,CNN,synthetic,eta,200,current_mixture,0.1,10,1e-09,width,0.0,0,g_ibp,8.102795152319027,,0.019
pb_cnn_22,sweep_all,Paired-Biases,CNN,synthetic,eta,200,current_mixture,0.1,10,1e-09,width,0.0,1,d_eff,28.420883660006904,,10.49
pb_cnn_22,sweep_all,Paired-Biases,CNN,synthetic,eta,200,current_mixture,0.1,10,1e-09,width,0.0,1,g_ibp,8.102152898585297,,0.003
pb_cnn_22,sweep_all,Paired-Biases,CNN,synthetic,eta,200,current_mixture,0.1,10,1e-09,width,0.0,2,d_eff,28.584684770326128,,24.593
pb_cnn_22,sweep_all,Paired-Biases,CNN,synthetic,eta,200,current_mixture,0.1,10,1e-09,width,0.0,2,g_ibp,8.11612106392612,,0.051
pb_cnn_22,sweep_all,Paired-Biases,CNN,synthetic,eta,200,current_mixture,0.1,10,1e-09,width,0.0,3,d_eff,28.0394678089801,,13.327
pb_cnn_22,sweep_all,Paired-Biases,CNN,synthetic,eta,200,current_mixture,0.1,10,1e-09,width,0.0,3,g_ibp,8.113790978352467,,0.017
pb_cnn_22,sweep_all,Paired-Biases,CNN,synthetic,eta,200,current_mixture,0.1,10,1e-09,width,0.0,4,d_eff,28.534398415538888,,13.761
pb_cnn_22,sweep_all,Paired-Biases,CNN,synthetic,eta,200,current_mixture,0.1,10,1e-09,width,0.0,4,g_ibp,8.125754739340799,,0.003
pb_cnn_22,sweep_all,Paired-Biases,CNN,synthetic,eta,200,current_mixture,0.1,10,1e-09,width,0.0,5,d_eff,28.395970512127654,,13.928
pb_cnn_22,sweep_all,Paired-Biases,CNN,synthetic,eta,200,current_mixture,0.1,10,1e-09,width,0.0,5,g_ibp,8.111330535491609,,0.003
pb_cnn_22,sweep_all,Paired-Biases,CNN,synthetic,eta,200,current_mixture,0.1,10,1e-09,width,0.0,6,d_eff,28.64370157044848,,18.597
pb_cnn_22,sweep_all,Paired-Biases,CNN,synthetic,eta,200,current_mixture,0.1,10,1e-09,width,0.0,6,g_ibp,8.113163792534982,,0.02
pb_cnn_22,sweep_all,Paired-Biases,CNN,synthetic,eta,200,current_mixture,0.1,10,1e-09,width,0.0,7,d_eff,28.713659949219636,,23.647
pb_cnn_22,sweep_all,Paired-Biases,CNN,synthetic,eta,200,current_mixture,0.1,10,1e-09,width,0.0,7,g_ibp,8.107123888948651,,0.051
pb_cnn_22,sweep_all,Paired-Biases,CNN,synthetic,eta,200,current_mixture,0.1,10,1e-06,width,0.0,0,d_eff,27.610656580261075,,23.967
pb_cnn_22,sweep_all,Paired-Biases,CNN,synthetic,eta,200,current_mixture,0.1,10,1e-06,width,0.0,0,g_ibp,8.10271863535577,,0.005
pb_cnn_22,sweep_all,Paired-Biases,CNN,synthetic,eta,200,current_mixture,0.1,10,1e-06,width,0.0,1,d_eff,27.43378638622274,,18.638
pb_cnn_22,sweep_all,Paired-Biases,CNN,synthetic,eta,200,current_mixture,0.1,10,1e-06,width,0.0,1,g_ibp,8.102076394605275,,0.051
pb_cnn_22,sweep_all,Paired-Biases,CNN,synthetic,eta,200,current_mixture,0.1,10,1e-06,width,0.0,2,d_eff,27.399905380802352,,24.706
pb_cnn_22,sweep_all,Paired-Biases,CNN,synthetic,eta,200,current_mixture,0.1,10,1e-06,width,0.0,2,g_ibp,8.116044277330484,,0.047
pb_cnn_22,sweep_all,Paired-Biases,CNN,synthetic,eta,200,current_mixture,0.1,10,1e-06,width,0.0,3,d_eff,26.909933563383888,,16.423
pb_cnn_22,sweep_all,Paired-Biases,CNN,synthetic,eta,200,current_mixture,0.1,10,1e-06,width,0.0,3,g_ibp,8.113714238937128,,0.006
pb_cnn_22,sweep_all,Paired-Biases,CNN,synthetic,eta,200,current_mixture,0.1,10,1e-06,width,0.0,4,d_eff,27.259839772828844,,24.311
pb_cnn_22,sweep_all,Paired-Biases,CNN,synthetic,eta,200,current_mixture,0.1,10,1e-06,width,0.0,4,g_ibp,8.12567775752629,,0.047
pb_cnn_22,sweep_all,Paired-Biases,CNN,synthetic,eta,200,current_mixture,0.1,10,1e-06,width,0.0,5,d_eff,27.22255484117706,,26.119
pb_cnn_22,sweep_all,Paired-Biases,CNN,synthetic,eta,200,current_mixture,0.1,10,1e-06,width,0.0,5,g_ibp,8.111253845880407,,0.051
pb_cnn_22,sweep_all,Paired-Biases,CNN,synthetic,eta,200,current_mixture,0.1,10,1e-06,width,0.0,6,d_eff,26.792244562288097,,13.39
pb_cnn_22,sweep_all,Paired-Biases,CNN,synthetic,eta,200,current_mixture,0.1,10,1e-06,width,0.0,6,g_ibp,8.113087065816629,,0.003
pb_cnn_22,sweep_all,Paired-Biases,CNN,synthetic,eta,200,current_mixture,0.1,10,1e-06,width,0.0,7,d_eff,27.432537281740764,,23.218
pb_cnn_22,sweep_all,Paired-Biases,CNN,synthetic,eta,200,current_mixture,0.1,10,1e-06,width,0.0,7,g_ibp,8.107047284450854,,0.051
pb_cnn_22,sweep_all,Paired-Biases,CNN,synthetic,eta,200,current_mixture,0.1,10,0.001,width,0.0,0,d_eff,5.276698756114796,,10.052
pb_cnn_22,sweep_all,Paired-Biases,CNN,synthetic,eta,200,current_mixture,0.1,10,0.001,width,0.0,0,g_ibp,8.026918199408588,,0.003
pb_cnn_22,sweep_all,Paired-Biases,CNN,synthetic,eta,200,current_mixture,0.1,10,0.001,width,0.0,1,d_eff,5.079108143246024,,26.137
pb_cnn_22,sweep_all,Paired-Biases,CNN,synthetic,eta,200,current_mixture,0.1,10,0.001,width,0.0,1,g_ibp,8.02628875614304,,0.047
pb_cnn_22,sweep_all,Paired-Biases,CNN,synthetic,eta,200,current_mixture,0.1,10,0.001,width,0.0,2,d_eff,5.429157365829405,,25.264
pb_cnn_22,sweep_all,Paired-Biases,CNN,synthetic,eta,200,current_mixture,0.1,10,0.001,width,0.0,2,g_ibp,8.039978070317161,,0.043
pb_cnn_22,sweep_all,Paired-Biases,CNN,synthetic,eta,200,current_mixture,0.1,10,0.001,width,0.0,3,d_eff,4.954750763138243,,25.478
pb_cnn_22,sweep_all,Paired-Biases,CNN,synthetic,eta,200,current_mixture,0.1,10,0.001,width,0.0,3,g_ibp,8.03769453606049,,0.043
pb_cnn_22,sweep_all,Paired-Biases,CNN,synthetic,eta,200,current_mixture,0.1,10,0.001,width,0.0,4,d_eff,5.282579954307827,,24.876
pb_cnn_22,sweep_all,Paired-Biases,CNN,synthetic,eta,200,current_mixture,0.1,10,0.001,width,0.0,4,g_ibp,8.049419131666799,,0.046
pb_cnn_22,sweep_all,Paired-Biases,CNN,synthetic,eta,200,current_mixture,0.1,10,0.001,width,0.0,5,d_eff,5.687234856650944,,13.964
pb_cnn_22,sweep_all,Paired-Biases,CNN,synthetic,eta,200,current_mixture,0.1,10,0.001,width,0.0,5,g_ibp,8.035283233613956,,0.047
pb_cnn_22,sweep_all,Paired-Biases,CNN,synthetic,eta,200,current_mixture,0.1,10,0.001,width,0.0,6,d_eff,5.125298885590177,,24.941
pb_cnn_22,sweep_all,Paired-Biases,CNN,synthetic,eta,200,current_mixture,0.1,10,0.001,width,0.0,6,g_ibp,8.03707987799832,,0.003
pb_cnn_22,sweep_all,Paired-Biases,CNN,synthetic,eta,200,current_mixture,0.1,10,0.001,width,0.0,7,d_eff,5.617965598183304,,19.181
pb_cnn_22,sweep_all,Paired-Biases,CNN,synthetic,eta,200,current_mixture,0.1,10,0.001,width,0.0,7,g_ibp,8.031160566747142,,0.047
pb_cnn_33,sweep_all,Paired-Biases,CNN,synthetic,eta,200,current_mixture,0.1,10,1e-12,width,0.0,0,d_eff,28.03232551921248,,12.026
pb_cnn_33,sweep_all,Paired-Biases,CNN,synthetic,eta,200,current_mixture,0.1,10,1e-12,width,0.0,0,g_ibp,9.192923995187494,,0.027
pb_cnn_33,sweep_all,Paired-Biases,CNN,synthetic,eta,200,current_mixture,0.1,10,1e-12,width,0.0,1,d_eff,28.156512138287695,,29.339
pb_cnn_33,sweep_all,Paired-Biases,CNN,synthetic,eta,200,current_mixture,0.1,10,1e-12,width,0.0,1,g_ibp,9.198513545317189,,0.051
pb_cnn_33,sweep_all,Paired-Biases,CNN,synthetic,eta,200,current_mixture,0.1,10,1e-12,width,0.0,2,d_eff,28.16282103397794,,12.311
pb_cnn_33,sweep_all,Paired-Biases,CNN,synthetic,eta,200,current_mixture,0.1,10,1e-12,width,0.0,2,g_ibp,9.20119514212617,,0.004
pb_cnn_33,sweep_all,Paired-Biases,CNN,synthetic,eta,200,current_mixture,0.1,10,1e-12,width,0.0,3,d_eff,27.849497069769242,,29.431
pb_cnn_33,sweep_all,Paired-Biases,CNN,synthetic,eta,200,current_mixture,0.1,10,1e-12,width,0.0,3,g_ibp,9.194175557881564,,0.047
pb_cnn_33,sweep_all,Paired-Biases,CNN,synthetic,eta,200,current_mixture,0.1,10,1e-12,width,0.0,4,d_eff,27.956569382213168,,13.007
pb_cnn_33,sweep_all,Paired-Biases,CNN,synthetic,eta,200,current_mixture,0.1,10,1e-12,width,0.0,4,g_ibp,9.195618243308564,,0.014
pb_cnn_33,sweep_all,Paired-Biases,CNN,synthetic,eta,200,current_mixture,0.1,10,1e-12,width,0.0,5,d_eff,28.055233397011023,,11.955
pb_cnn_33,sweep_all,Paired-Biases,CNN,synthetic,eta,200,current_mixture,0.1,10,1e-12,width,0.0,5,g_ibp,9.193462801867655,,0.003
pb_cnn_33,sweep_all,Paired-Biases,CNN,synthetic,eta,200,current_mixture,0.1,10,1e-12,width,0.0,6,d_eff,27.98130236413167,,13.069
pb_cnn_33,sweep_all,Paired-Biases,CNN,synthetic,eta,200,current_mixture,0.1,10,1e-12,width,0.0,6,g_ibp,9.197218142876372,,0.012
pb_cnn_33,sweep_all,Paired-Biases,CNN,synthetic,eta,200,current_mixture,0.1,10,1e-12,width,0.0,7,d_eff,28.0529004656528,,32.052
pb_cnn_33,sweep_all,Paired-Biases,CNN,synthetic,eta,200,current_mixture,0.1,10,1e-12,width,0.0,7,g_ibp,9.191208780273888,,0.003
pb_cnn_33,sweep_all,Paired-Biases,CNN,synthetic,eta,200,current_mixture,0.1,10,1e-09,width,0.0,0,d_eff,28.032039377808278,,22.204
pb_cnn_33,sweep_all,Paired-Biases,CNN,synthetic,eta,200,current_mixture,0.1,10,1e-09,width,0.0,0,g_ibp,9.19292392089075,,0.047
pb_cnn_33,sweep_all,Paired-Biases,CNN,synthetic,eta,200,current_mixture,0.1,10,1e-09,width,0.0,1,d_eff,28.156266045526518,,21.748
pb_cnn_33,sweep_all,Paired-Biases,CNN,synthetic,eta,200,current_mixture,0.1,10,1e-09,width,0.0,1,g_ibp,9.198513470924555,,0.011
pb_cnn_33,sweep_all,Paired-Biases,CNN,synthetic,eta,200,current_mixture,0.1,10,1e-09,width,0.0,2,d_eff,28.162522259537013,,29.439
pb_cnn_33,sweep_all,Paired-Biases,CNN,synthetic,eta,200,current_mixture,0.1,10,1e-09,width,0.0,2,g_ibp,9.201195067687507,,0.055
pb_cnn_33,sweep_all,Paired-Biases,CNN,synthetic,eta,200,current_mixture,0.1,10,1e-09,width,0.0,3,d_eff,27.84922410204301,,23.731
pb_cnn_33,sweep_all,Paired-Biases,CNN,synthetic,eta,200,current_mixture,0.1,10,1e-09,width,0.0,3,g_ibp,9.194175483563358,,0.048
pb_cnn_33,sweep_all,Paired-Biases,CNN,synthetic,eta,200,current_mixture,0.1,10,1e-09,width,0.0,4,d_eff,27.956308437501878,,13.425
pb_cnn_33,sweep_all,Paired-Biases,CNN,synthetic,eta,200,current_mixture,0.1,10,1e-09,width,0.0,4,g_ibp,9.195618168965607,,0.034
pb_cnn_33,sweep_all,Paired-Biases,CNN,synthetic,eta,200,current_mixture,0.1,10,1e-09,width,0.0,5,d_eff,28.054975584687472,,13.39
pb_cnn_33,sweep_all,Paired-Biases,CNN,synthetic,eta,200,current_mixture,0.1,10,1e-09,width,0.0,5,g_ibp,9.193462727561672,,0.003
pb_cnn_33,sweep_all,Paired-Biases,CNN,synthetic,eta,200,current_mixture,0.1,10,1e-09,width,0.0,6,d_eff,27.980988377238152,,13.531
pb_cnn_33,sweep_all,Paired-Biases,CNN,synthetic,eta,200,current_mixture,0.1,10,1e-09,width,0.0,6,g_ibp,9.197218068505965,,0.007
pb_cnn_33,sweep_all,Paired-Biases,CNN,synthetic,eta,200,current_mixture,0.1,10,1e-09,width,0.0,7,d_eff,28.052640299581665,,19.763
pb_cnn_33,sweep_all,Paired-Biases,CNN,synthetic,eta,200,current_mixture,0.1,10,1e-09,width,0.0,7,g_ibp,9.19120870600656,,0.034
pb_cnn_33,sweep_all,Paired-Biases,CNN,synthetic,eta,200,current_mixture,0.1,10,1e-06,width,0.0,0,d_eff,27.75658265122343,,29.363
pb_cnn_33,sweep_all,Paired-Biases,CNN,synthetic,eta,200,current_mixture,0.1,10,1e-06,width,0.0,0,g_ibp,9.192849624749496,,0.051
pb_cnn_33,sweep_all,Paired-Biases,CNN,synthetic,eta,200,current_mixture,0.1,10,1e-06,width,0.0,1,d_eff,27.91796020460997,,30.158
pb_cnn_33,sweep_all,Paired-Biases,CNN,synthetic,eta,200,current_mixture,0.1,10,1e-06,width,0.0,1,g_ibp,9.19843907889091,,0.043
pb_cnn_33,sweep_all,Paired-Biases,CNN,synthetic,eta,200,current_mixture,0.1,10,1e-06,width,0.0,2,d_eff,27.873795154479417,,28.816
pb_cnn_33,sweep_all,Paired-Biases,CNN,synthetic,eta,200,current_mixture,0.1,10,1e-06,width,0.0,2,g_ibp,9.201120629627438,,0.051
pb_cnn_33,sweep_all,Paired-Biases,CNN,synthetic,eta,200,current_mixture,0.1,10,1e-06,width,0.0,3,d_eff,27.584086008382386,,18.536
pb_cnn_33,sweep_all,Paired-Biases,CNN,synthetic,eta,200,current_mixture,0.1,10,1e-06,width,0.0,3,g_ibp,9.19410116595608,,0.051
pb_cnn_33,sweep_all,Paired-Biases,CNN,synthetic,eta,200,current_mixture,0.1,10,1e-06,width,0.0,4,d_eff,27.701326343629592,,14.998
pb_cnn_33,sweep_all,Paired-Biases,CNN,synthetic,eta,200,current_mixture,0.1,10,1e-06,width,0.0,4,g_ibp,9.195543826610459,,0.004
pb_cnn_33,sweep_all,Paired-Biases,CNN,synthetic,eta,200,current_mixture,0.1,10,1e-06,width,0.0,5,d_eff,27.80310423431666,,29.303
pb_cnn_33,sweep_all,Paired-Biases,CNN,synthetic,eta,200,current_mixture,0.1,10,1e-06,width,0.0,5,g_ibp,9.19338842217952,,0.047
pb_cnn_33,sweep_all,Paired-Biases,CNN,synthetic,eta,200,current_mixture,0.1,10,1e-06,width,0.0,6,d_eff,27.67826600702989,,15.056
pb_cnn_33,sweep_all,Paired-Biases,CNN,synthetic,eta,200,current_mixture,0.1,10,1e-06,width,0.0,6,g_ibp,9.197143698701286,,0.003
pb_cnn_33,sweep_all,Paired-Biases,CNN,synthetic,eta,200,current_mixture,0.1,10,1e-06,width,0.0,7,d_eff,27.798440019350334,,29.45
pb_cnn_33,sweep_all,Paired-Biases,CNN,synthetic,eta,200,current_mixture,0.1,10,1e-06,width,0.0,7,g_ibp,9.19113443927858,,0.003
pb_cnn_33,sweep_all,Paired-Biases,CNN,synthetic,eta,200,current_mixture,0.1,10,0.001,width,0.0,0,d_eff,4.213189753174251,,26.412
pb_cnn_33,sweep_all,Paired-Biases,CNN,synthetic,eta,200,current_mixture,0.1,10,0.001,width,0.0,0,g_ibp,9.119149718016558,,0.04
pb_cnn_33,sweep_all,Paired-Biases,CNN,synthetic,eta,200,current_mixture,0.1,10,0.001,width,0.0,1,d_eff,4.46840214257112,,29.436
pb_cnn_33,sweep_all,Paired-Biases,CNN,synthetic,eta,200,current_mixture,0.1,10,0.001,width,0.0,1,g_ibp,9.124644453345683,,0.059
pb_cnn_33,sweep_all,Paired-Biases,CNN,synthetic,eta,200,current_mixture,0.1,10,0.001,width,0.0,2,d_eff,4.3209387635295124,,16.525
pb_cnn_33,sweep_all,Paired-Biases,CNN,synthetic,eta,200,current_mixture,0.1,10,0.001,width,0.0,2,g_ibp,9.127280541225295,,0.003
pb_cnn_33,sweep_all,Paired-Biases,CNN,synthetic,eta,200,current_mixture,0.1,10,0.001,width,0.0,3,d_eff,4.136171702273785,,29.723
pb_cnn_33,sweep_all,Paired-Biases,CNN,synthetic,eta,200,current_mixture,0.1,10,0.001,width,0.0,3,g_ibp,9.120380055845805,,0.003
pb_cnn_33,sweep_all,Paired-Biases,CNN,synthetic,eta,200,current_mixture,0.1,10,0.001,width,0.0,4,d_eff,4.353951806382229,,28.983
pb_cnn_33,sweep_all,Paired-Biases,CNN,synthetic,eta,200,current_mixture,0.1,10,0.001,width,0.0,4,g_ibp,9.12179827147387,,0.048
pb_cnn_33,sweep_all,Paired-Biases,CNN,synthetic,eta,200,current_mixture,0.1,10,0.001,width,0.0,5,d_eff,4.348711002787241,,14.345
pb_cnn_33,sweep_all,Paired-Biases,CNN,synthetic,eta,200,current_mixture,0.1,10,0.001,width,0.0,5,g_ibp,9.119679387610589,,0.012
pb_cnn_33,sweep_all,Paired-Biases,CNN,synthetic,eta,200,current_mixture,0.1,10,0.001,width,0.0,6,d_eff,4.215777968207148,,14.326
pb_cnn_33,sweep_all,Paired-Biases,CNN,synthetic,eta,200,current_mixture,0.1,10,0.001,width,0.0,6,g_ibp,9.123371030001636,,0.008
pb_cnn_33,sweep_all,Paired-Biases,CNN,synthetic,eta,200,current_mixture,0.1,10,0.001,width,0.0,7,d_eff,4.151295688245864,,13.385
pb_cnn_33,sweep_all,Paired-Biases,CNN,synthetic,eta,200,current_mixture,0.1,10,0.001,width,0.0,7,g_ibp,9.117463586002527,,0.004
pb_cnn_40,sweep_all,Paired-Biases,CNN,synthetic,eta,200,current_mixture,0.1,10,1e-12,width,0.0,0,d_eff,107.65737048873348,,61.159
pb_cnn_40,sweep_all,Paired-Biases,CNN,synthetic,eta,200,current_mixture,0.1,10,1e-12,width,0.0,0,g_ibp,15.135285990298707,,0.005
pb_cnn_40,sweep_all,Paired-Biases,CNN,synthetic,eta,200,current_mixture,0.1,10,1e-12,width,0.0,1,d_eff,108.38804627317795,,75.923
pb_cnn_40,sweep_all,Paired-Biases,CNN,synthetic,eta,200,current_mixture,0.1,10,1e-12,width,0.0,1,g_ibp,15.13726376426529,,0.026
pb_cnn_40,sweep_all,Paired-Biases,CNN,synthetic,eta,200,current_mixture,0.1,10,1e-12,width,0.0,2,d_eff,109.09672339524259,,88.542
pb_cnn_40,sweep_all,Paired-Biases,CNN,synthetic,eta,200,current_mixture,0.1,10,1e-12,width,0.0,2,g_ibp,15.12207809198278,,0.005
pb_cnn_40,sweep_all,Paired-Biases,CNN,synthetic,eta,200,current_mixture,0.1,10,1e-12,width,0.0,3,d_eff,108.93268216688868,,114.002
pb_cnn_40,sweep_all,Paired-Biases,CNN,synthetic,eta,200,current_mixture,0.1,10,1e-12,width,0.0,3,g_ibp,15.144738455477398,,0.004
pb_cnn_40,sweep_all,Paired-Biases,CNN,synthetic,eta,200,current_mixture,0.1,10,1e-12,width,0.0,4,d_eff,108.3240749211943,,80.179
pb_cnn_40,sweep_all,Paired-Biases,CNN,synthetic,eta,200,current_mixture,0.1,10,1e-12,width,0.0,4,g_ibp,15.131594300538898,,0.003
pb_cnn_40,sweep_all,Paired-Biases,CNN,synthetic,eta,200,current_mixture,0.1,10,1e-12,width,0.0,5,d_eff,108.50390177041507,,120.091
pb_cnn_40,sweep_all,Paired-Biases,CNN,synthetic,eta,200,current_mixture,0.1,10,1e-12,width,0.0,5,g_ibp,15.131152260286314,,0.048
pb_cnn_40,sweep_all,Paired-Biases,CNN,synthetic,eta,200,current_mixture,0.1,10,1e-12,width,0.0,6,d_eff,107.6632254737418,,114.288
pb_cnn_40,sweep_all,Paired-Biases,CNN,synthetic,eta,200,current_mixture,0.1,10,1e-12,width,0.0,6,g_ibp,15.146989234629466,,0.052
pb_cnn_40,sweep_all,Paired-Biases,CNN,synthetic,eta,200,current_mixture,0.1,10,1e-12,width,0.0,7,d_eff,108.83307934526024,,118.473
pb_cnn_40,sweep_all,Paired-Biases,CNN,synthetic,eta,200,current_mixture,0.1,10,1e-12,width,0.0,7,g_ibp,15.14363561703458,,0.029
pb_cnn_40,sweep_all,Paired-Biases,CNN,synthetic,eta,200,current_mixture,0.1,10,1e-09,width,0.0,0,d_eff,107.65688353361305,,153.408
pb_cnn_40,sweep_all,Paired-Biases,CNN,synthetic,eta,200,current_mixture,0.1,10,1e-09,width,0.0,0,g_ibp,15.135285854327547,,0.044
pb_cnn_40,sweep_all,Paired-Biases,CNN,synthetic,eta,200,current_mixture,0.1,10,1e-09,width,0.0,1,d_eff,108.38756541037463,,153.624
pb_cnn_40,sweep_all,Paired-Biases,CNN,synthetic,eta,200,current_mixture,0.1,10,1e-09,width,0.0,1,g_ibp,15.137263628257337,,0.052
pb_cnn_40,sweep_all,Paired-Biases,CNN,synthetic,eta,200,current_mixture,0.1,10,1e-09,width,0.0,2,d_eff,109.09623823438123,,147.327
pb_cnn_40,sweep_all,Paired-Biases,CNN,synthetic,eta,200,current_mixture,0.1,10,1e-09,width,0.0,2,g_ibp,15.122077956257217,,0.049
pb_cnn_40,sweep_all,Paired-Biases,CNN,synthetic,eta,200,current_mixture,0.1,10,1e-09,width,0.0,3,d_eff,108.93221865002758,,84.26
pb_cnn_40,sweep_all,Paired-Biases,CNN,synthetic,eta,200,current_mixture,0.1,10,1e-09,width,0.0,3,g_ibp,15.144738319330338,,0.048
pb_cnn_40,sweep_all,Paired-Biases,CNN,synthetic,eta,200,current_mixture,0.1,10,1e-09,width,0.0,4,d_eff,108.32358789325357,,105.845
pb_cnn_40,sweep_all,Paired-Biases,CNN,synthetic,eta,200,current_mixture,0.1,10,1e-09,width,0.0,4,g_ibp,15.13159416463641,,0.048
pb_cnn_40,sweep_all,Paired-Biases,CNN,synthetic,eta,200,current_mixture,0.1,10,1e-09,width,0.0,5,d_eff,108.50339431353261,,88.161
pb_cnn_40,sweep_all,Paired-Biases,CNN,synthetic,eta,200,current_mixture,0.1,10,1e-09,width,0.0,5,g_ibp,15.131152124392045,,0.005
pb_cnn_40,sweep_all,Paired-Biases,CNN,synthetic,eta,200,current_mixture,0.1,10,1e-09,width,0.0,6,d_eff,107.66274459047692,,96.094
pb_cnn_40,sweep_all,Paired-Biases,CNN,synthetic,eta,200,current_mixture,0.1,10,1e-09,width,0.0,6,g_ibp,15.146989098440505,,0.048
pb_cnn_40,sweep_all,Paired-Biases,CNN,synthetic,eta,200,current_mixture,0.1,10,1e-09,width,0.0,7,d_eff,108.83257168145306,,115.355
pb_cnn_40,sweep_all,Paired-Biases,CNN,synthetic,eta,200,current_mixture,0.1,10,1e-09,width,0.0,7,g_ibp,15.14363548090805,,0.048
pb_cnn_40,sweep_all,Paired-Biases,CNN,synthetic,eta,200,current_mixture,0.1,10,1e-06,width,0.0,0,d_eff,107.17252101525942,,148.761
pb_cnn_40,sweep_all,Paired-Biases,CNN,synthetic,eta,200,current_mixture,0.1,10,1e-06,width,0.0,0,g_ibp,15.135149884391215,,0.048
pb_cnn_40,sweep_all,Paired-Biases,CNN,synthetic,eta,200,current_mixture,0.1,10,1e-06,width,0.0,1,d_eff,107.90913709854284,,149.6
pb_cnn_40,sweep_all,Paired-Biases,CNN,synthetic,eta,200,current_mixture,0.1,10,1e-06,width,0.0,1,g_ibp,15.137127621526508,,0.052
pb_cnn_40,sweep_all,Paired-Biases,CNN,synthetic,eta,200,current_mixture,0.1,10,1e-06,width,0.0,2,d_eff,108.61353012083823,,151.79
pb_cnn_40,sweep_all,Paired-Biases,CNN,synthetic,eta,200,current_mixture,0.1,10,1e-06,width,0.0,2,g_ibp,15.121942231913078,,0.048
pb_cnn_40,sweep_all,Paired-Biases,CNN,synthetic,eta,200,current_mixture,0.1,10,1e-06,width,0.0,3,d_eff,108.47091210013853,,152.675
pb_cnn_40,sweep_all,Paired-Biases,CNN,synthetic,eta,200,current_mixture,0.1,10,1e-06,width,0.0,3,g_ibp,15.144602173495496,,0.048
pb_cnn_40,sweep_all,Paired-Biases,CNN,synthetic,eta,200,current_mixture,0.1,10,1e-06,width,0.0,4,d_eff,107.83907547530067,,144.787
pb_cnn_40,sweep_all,Paired-Biases,CNN,synthetic,eta,200,current_mixture,0.1,10,1e-06,width,0.0,4,g_ibp,15.131458263366948,,0.057
pb_cnn_40,sweep_all,Paired-Biases,CNN,synthetic,eta,200,current_mixture,0.1,10,1e-06,width,0.0,5,d_eff,107.99866945517964,,128.839
pb_cnn_40,sweep_all,Paired-Biases,CNN,synthetic,eta,200,current_mixture,0.1,10,1e-06,width,0.0,5,g_ibp,15.131016231343546,,0.049
pb_cnn_40,sweep_all,Paired-Biases,CNN,synthetic,eta,200,current_mixture,0.1,10,1e-06,width,0.0,6,d_eff,107.18440109740393,,83.645
pb_cnn_40,sweep_all,Paired-Biases,CNN,synthetic,eta,200,current_mixture,0.1,10,1e-06,width,0.0,6,g_ibp,15.146852910704748,,0.004
pb_cnn_40,sweep_all,Paired-Biases,CNN,synthetic,eta,200,current_mixture,0.1,10,1e-06,width,0.0,7,d_eff,108.32786857703972,,146.257
pb_cnn_40,sweep_all,Paired-Biases,CNN,synthetic,eta,200,current_mixture,0.1,10,1e-06,width,0.0,7,g_ibp,15.143499355601497,,0.086
pb_cnn_40,sweep_all,Paired-Biases,CNN,synthetic,eta,200,current_mixture,0.1,10,0.001,width,0.0,0,d_eff,21.458026321748537,,66.771
pb_cnn_40,sweep_all,Paired-Biases,CNN,synthetic,eta,200,current_mixture,0.1,10,0.001,width,0.0,0,g_ibp,15.000391787586715,,0.004
pb_cnn_40,sweep_all,Paired-Biases,CNN,synthetic,eta,200,current_mixture,0.1,10,0.001,width,0.0,1,d_eff,21.889130184290355,,63.619
pb_cnn_40,sweep_all,Paired-Biases,CNN,synthetic,eta,200,current_mixture,0.1,10,0.001,width,0.0,1,g_ibp,15.002333226251341,,0.053
pb_cnn_40,sweep_all,Paired-Biases,CNN,synthetic,eta,200,current_mixture,0.1,10,0.001,width,0.0,2,d_eff,21.87202666171787,,117.758
pb_cnn_40,sweep_all,Paired-Biases,CNN,synthetic,eta,200,current_mixture,0.1,10,0.001,width,0.0,2,g_ibp,14.987426418224118,,0.061
pb_cnn_40,sweep_all,Paired-Biases,CNN,synthetic,eta,200,current_mixture,0.1,10,0.001,width,0.0,3,d_eff,22.42816612171452,,78.947
pb_cnn_40,sweep_all,Paired-Biases,CNN,synthetic,eta,200,current_mixture,0.1,10,0.001,width,0.0,3,g_ibp,15.009670550072052,,0.032
pb_cnn_40,sweep_all,Paired-Biases,CNN,synthetic,eta,200,current_mixture,0.1,10,0.001,width,0.0,4,d_eff,21.893902820577722,,119.603
pb_cnn_40,sweep_all,Paired-Biases,CNN,synthetic,eta,200,current_mixture,0.1,10,0.001,width,0.0,4,g_ibp,14.996767907922393,,0.057
pb_cnn_40,sweep_all,Paired-Biases,CNN,synthetic,eta,200,current_mixture,0.1,10,0.001,width,0.0,5,d_eff,21.14513611255754,,83.401
pb_cnn_40,sweep_all,Paired-Biases,CNN,synthetic,eta,200,current_mixture,0.1,10,0.001,width,0.0,5,g_ibp,14.996333986070457,,0.033
pb_cnn_40,sweep_all,Paired-Biases,CNN,synthetic,eta,200,current_mixture,0.1,10,0.001,width,0.0,6,d_eff,21.903611189931578,,129.851
pb_cnn_40,sweep_all,Paired-Biases,CNN,synthetic,eta,200,current_mixture,0.1,10,0.001,width,0.0,6,g_ibp,15.011879951604518,,0.065
pb_cnn_40,sweep_all,Paired-Biases,CNN,synthetic,eta,200,current_mixture,0.1,10,0.001,width,0.0,7,d_eff,21.89111816280776,,93.551
pb_cnn_40,sweep_all,Paired-Biases,CNN,synthetic,eta,200,current_mixture,0.1,10,0.001,width,0.0,7,g_ibp,15.008587983576968,,0.086
pb_cnn_41,sweep_all,Paired-Biases,CNN,synthetic,eta,200,current_mixture,0.1,10,1e-12,width,0.0,0,d_eff,244.8663344957709,,299.994
pb_cnn_41,sweep_all,Paired-Biases,CNN,synthetic,eta,200,current_mixture,0.1,10,1e-12,width,0.0,0,g_ibp,17.13414435940745,,0.052
pb_cnn_41,sweep_all,Paired-Biases,CNN,synthetic,eta,200,current_mixture,0.1,10,1e-12,width,0.0,1,d_eff,245.44897946479296,,299.947
pb_cnn_41,sweep_all,Paired-Biases,CNN,synthetic,eta,200,current_mixture,0.1,10,1e-12,width,0.0,1,g_ibp,17.155144905216158,,0.06
pb_cnn_41,sweep_all,Paired-Biases,CNN,synthetic,eta,200,current_mixture,0.1,10,1e-12,width,0.0,2,d_eff,246.07515998955665,,299.933
pb_cnn_41,sweep_all,Paired-Biases,CNN,synthetic,eta,200,current_mixture,0.1,10,1e-12,width,0.0,2,g_ibp,17.141917837266313,,0.052
pb_cnn_41,sweep_all,Paired-Biases,CNN,synthetic,eta,200,current_mixture,0.1,10,1e-12,width,0.0,3,d_eff,244.8282964724003,,299.908
pb_cnn_41,sweep_all,Paired-Biases,CNN,synthetic,eta,200,current_mixture,0.1,10,1e-12,width,0.0,3,g_ibp,17.11801240201494,,0.024
pb_cnn_41,sweep_all,Paired-Biases,CNN,synthetic,eta,200,current_mixture,0.1,10,1e-12,width,0.0,4,d_eff,245.31065583140983,,299.998
pb_cnn_41,sweep_all,Paired-Biases,CNN,synthetic,eta,200,current_mixture,0.1,10,1e-12,width,0.0,4,g_ibp,17.1243125483585,,0.048
pb_cnn_41,sweep_all,Paired-Biases,CNN,synthetic,eta,200,current_mixture,0.1,10,1e-12,width,0.0,5,d_eff,245.47034444996004,,299.929
pb_cnn_41,sweep_all,Paired-Biases,CNN,synthetic,eta,200,current_mixture,0.1,10,1e-12,width,0.0,5,g_ibp,17.15439076006384,,0.048
pb_cnn_41,sweep_all,Paired-Biases,CNN,synthetic,eta,200,current_mixture,0.1,10,1e-12,width,0.0,6,d_eff,246.4283793852712,,299.933
pb_cnn_41,sweep_all,Paired-Biases,CNN,synthetic,eta,200,current_mixture,0.1,10,1e-12,width,0.0,6,g_ibp,17.15896075567188,,0.021
pb_cnn_41,sweep_all,Paired-Biases,CNN,synthetic,eta,200,current_mixture,0.1,10,1e-12,width,0.0,7,d_eff,245.7929459359971,,299.923
pb_cnn_41,sweep_all,Paired-Biases,CNN,synthetic,eta,200,current_mixture,0.1,10,1e-12,width,0.0,7,g_ibp,17.136982295632645,,0.017
pb_cnn_41,sweep_all,Paired-Biases,CNN,synthetic,eta,200,current_mixture,0.1,10,1e-09,width,0.0,0,d_eff,244.86418312391467,,299.905
pb_cnn_41,sweep_all,Paired-Biases,CNN,synthetic,eta,200,current_mixture,0.1,10,1e-09,width,0.0,0,g_ibp,17.13414420682657,,0.048
pb_cnn_41,sweep_all,Paired-Biases,CNN,synthetic,eta,200,current_mixture,0.1,10,1e-09,width,0.0,1,d_eff,245.44679608568046,,460.041
pb_cnn_41,sweep_all,Paired-Biases,CNN,synthetic,eta,200,current_mixture,0.1,10,1e-09,width,0.0,1,g_ibp,17.15514475224942,,0.028
pb_cnn_41,sweep_all,Paired-Biases,CNN,synthetic,eta,200,current_mixture,0.1,10,1e-09,width,0.0,2,d_eff,246.07295502179758,,459.337
pb_cnn_41,sweep_all,Paired-Biases,CNN,synthetic,eta,200,current_mixture,0.1,10,1e-09,width,0.0,2,g_ibp,17.141917684542662,,0.044
pb_cnn_41,sweep_all,Paired-Biases,CNN,synthetic,eta,200,current_mixture,0.1,10,1e-09,width,0.0,3,d_eff,244.82609999751378,,459.301
pb_cnn_41,sweep_all,Paired-Biases,CNN,synthetic,eta,200,current_mixture,0.1,10,1e-09,width,0.0,3,g_ibp,17.118012249730132,,0.005
pb_cnn_41,sweep_all,Paired-Biases,CNN,synthetic,eta,200,current_mixture,0.1,10,1e-09,width,0.0,4,d_eff,245.30843595852934,,299.903
pb_cnn_41,sweep_all,Paired-Biases,CNN,synthetic,eta,200,current_mixture,0.1,10,1e-09,width,0.0,4,g_ibp,17.1243123959581,,0.049
pb_cnn_41,sweep_all,Paired-Biases,CNN,synthetic,eta,200,current_mixture,0.1,10,1e-09,width,0.0,5,d_eff,245.46817756867313,,452.436
pb_cnn_41,sweep_all,Paired-Biases,CNN,synthetic,eta,200,current_mixture,0.1,10,1e-09,width,0.0,5,g_ibp,17.15439060711097,,0.032
pb_cnn_41,sweep_all,Paired-Biases,CNN,synthetic,eta,200,current_mixture,0.1,10,1e-09,width,0.0,6,d_eff,246.42612367895381,,454.584
pb_cnn_41,sweep_all,Paired-Biases,CNN,synthetic,eta,200,current_mixture,0.1,10,1e-09,width,0.0,6,g_ibp,17.15896060263498,,0.039
pb_cnn_41,sweep_all,Paired-Biases,CNN,synthetic,eta,200,current_mixture,0.1,10,1e-09,width,0.0,7,d_eff,245.790743496656,,299.931
pb_cnn_41,sweep_all,Paired-Biases,CNN,synthetic,eta,200,current_mixture,0.1,10,1e-09,width,0.0,7,g_ibp,17.13698214299965,,0.005
pb_cnn_41,sweep_all,Paired-Biases,CNN,synthetic,eta,200,current_mixture,0.1,10,1e-06,width,0.0,0,d_eff,242.7326540534848,,455.489
pb_cnn_41,sweep_all,Paired-Biases,CNN,synthetic,eta,200,current_mixture,0.1,10,1e-06,width,0.0,0,g_ibp,17.13399162730598,,0.036
pb_cnn_41,sweep_all,Paired-Biases,CNN,synthetic,eta,200,current_mixture,0.1,10,1e-06,width,0.0,1,d_eff,243.28356521171798,,456.312
pb_cnn_41,sweep_all,Paired-Biases,CNN,synthetic,eta,200,current_mixture,0.1,10,1e-06,width,0.0,1,g_ibp,17.15499178687662,,0.006
pb_cnn_41,sweep_all,Paired-Biases,CNN,synthetic,eta,200,current_mixture,0.1,10,1e-06,width,0.0,2,d_eff,243.88851966390638,,454.017
pb_cnn_41,sweep_all,Paired-Biases,CNN,synthetic,eta,200,current_mixture,0.1,10,1e-06,width,0.0,2,g_ibp,17.141764962253312,,0.056
pb_cnn_41,sweep_all,Paired-Biases,CNN,synthetic,eta,200,current_mixture,0.1,10,1e-06,width,0.0,3,d_eff,242.6502959350576,,300.033
pb_cnn_41,sweep_all,Paired-Biases,CNN,synthetic,eta,200,current_mixture,0.1,10,1e-06,width,0.0,3,g_ibp,17.117859966278434,,0.005
pb_cnn_41,sweep_all,Paired-Biases,CNN,synthetic,eta,200,current_mixture,0.1,10,1e-06,width,0.0,4,d_eff,243.10938801484699,,299.908
pb_cnn_41,sweep_all,Paired-Biases,CNN,synthetic,eta,200,current_mixture,0.1,10,1e-06,width,0.0,4,g_ibp,17.12415999691436,,0.011
pb_cnn_41,sweep_all,Paired-Biases,CNN,synthetic,eta,200,current_mixture,0.1,10,1e-06,width,0.0,5,d_eff,243.32115701210085,,299.93
pb_cnn_41,sweep_all,Paired-Biases,CNN,synthetic,eta,200,current_mixture,0.1,10,1e-06,width,0.0,5,g_ibp,17.154237655602834,,0.036
pb_cnn_41,sweep_all,Paired-Biases,CNN,synthetic,eta,200,current_mixture,0.1,10,1e-06,width,0.0,6,d_eff,244.19195740108543,,285.43
pb_cnn_41,sweep_all,Paired-Biases,CNN,synthetic,eta,200,current_mixture,0.1,10,1e-06,width,0.0,6,g_ibp,17.158807567099625,,0.036
pb_cnn_41,sweep_all,Paired-Biases,CNN,synthetic,eta,200,current_mixture,0.1,10,1e-06,width,0.0,7,d_eff,243.60907309842247,,300.009
pb_cnn_41,sweep_all,Paired-Biases,CNN,synthetic,eta,200,current_mixture,0.1,10,1e-06,width,0.0,7,g_ibp,17.136829511364866,,0.02
pb_cnn_41,sweep_all,Paired-Biases,CNN,synthetic,eta,200,current_mixture,0.1,10,0.001,width,0.0,0,d_eff,26.129034619898185,,251.377
pb_cnn_41,sweep_all,Paired-Biases,CNN,synthetic,eta,200,current_mixture,0.1,10,0.001,width,0.0,0,g_ibp,16.982760181167546,,0.004
pb_cnn_41,sweep_all,Paired-Biases,CNN,synthetic,eta,200,current_mixture,0.1,10,0.001,width,0.0,1,d_eff,25.719061377758546,,203.309
pb_cnn_41,sweep_all,Paired-Biases,CNN,synthetic,eta,200,current_mixture,0.1,10,0.001,width,0.0,1,g_ibp,17.003379641177315,,0.005
pb_cnn_41,sweep_all,Paired-Biases,CNN,synthetic,eta,200,current_mixture,0.1,10,0.001,width,0.0,2,d_eff,25.647050440524747,,235.298
pb_cnn_41,sweep_all,Paired-Biases,CNN,synthetic,eta,200,current_mixture,0.1,10,0.001,width,0.0,2,g_ibp,16.99039265311815,,0.005
pb_cnn_41,sweep_all,Paired-Biases,CNN,synthetic,eta,200,current_mixture,0.1,10,0.001,width,0.0,3,d_eff,25.695831489269125,,211.748
pb_cnn_41,sweep_all,Paired-Biases,CNN,synthetic,eta,200,current_mixture,0.1,10,0.001,width,0.0,3,g_ibp,16.966920639794516,,0.028
pb_cnn_41,sweep_all,Paired-Biases,CNN,synthetic,eta,200,current_mixture,0.1,10,0.001,width,0.0,4,d_eff,25.28160278513251,,237.235
pb_cnn_41,sweep_all,Paired-Biases,CNN,synthetic,eta,200,current_mixture,0.1,10,0.001,width,0.0,4,g_ibp,16.973106619804106,,0.005
pb_cnn_41,sweep_all,Paired-Biases,CNN,synthetic,eta,200,current_mixture,0.1,10,0.001,width,0.0,5,d_eff,25.89905856020895,,220.395
pb_cnn_41,sweep_all,Paired-Biases,CNN,synthetic,eta,200,current_mixture,0.1,10,0.001,width,0.0,5,g_ibp,17.002639189307757,,0.004
pb_cnn_41,sweep_all,Paired-Biases,CNN,synthetic,eta,200,current_mixture,0.1,10,0.001,width,0.0,6,d_eff,25.279791253230734,,233.924
pb_cnn_41,sweep_all,Paired-Biases,CNN,synthetic,eta,200,current_mixture,0.1,10,0.001,width,0.0,6,g_ibp,17.0071261964981,,0.005
pb_cnn_41,sweep_all,Paired-Biases,CNN,synthetic,eta,200,current_mixture,0.1,10,0.001,width,0.0,7,d_eff,25.842068877388293,,225.918
pb_cnn_41,sweep_all,Paired-Biases,CNN,synthetic,eta,200,current_mixture,0.1,10,0.001,width,0.0,7,g_ibp,16.98554664657885,,0.004
poly11_deg18_b,polynomial_stress_22,Polynomial Net,POLYNOMIAL,synthetic,eta,200,current_mixture,0.1,10,1e-12,width,0.0,0,d_eff,,no_committed_onnx,0.0
poly11_deg18_b,polynomial_stress_22,Polynomial Net,POLYNOMIAL,synthetic,eta,200,current_mixture,0.1,10,1e-12,width,0.0,0,g_ibp,,no_committed_onnx,0.0
poly11_deg18_b,polynomial_stress_22,Polynomial Net,POLYNOMIAL,synthetic,eta,200,current_mixture,0.1,10,1e-12,width,0.0,1,d_eff,,no_committed_onnx,0.0
poly11_deg18_b,polynomial_stress_22,Polynomial Net,POLYNOMIAL,synthetic,eta,200,current_mixture,0.1,10,1e-12,width,0.0,1,g_ibp,,no_committed_onnx,0.0
poly11_deg18_b,polynomial_stress_22,Polynomial Net,POLYNOMIAL,synthetic,eta,200,current_mixture,0.1,10,1e-12,width,0.0,2,d_eff,,no_committed_onnx,0.0
poly11_deg18_b,polynomial_stress_22,Polynomial Net,POLYNOMIAL,synthetic,eta,200,current_mixture,0.1,10,1e-12,width,0.0,2,g_ibp,,no_committed_onnx,0.0
poly11_deg18_b,polynomial_stress_22,Polynomial Net,POLYNOMIAL,synthetic,eta,200,current_mixture,0.1,10,1e-12,width,0.0,3,d_eff,,no_committed_onnx,0.0
poly11_deg18_b,polynomial_stress_22,Polynomial Net,POLYNOMIAL,synthetic,eta,200,current_mixture,0.1,10,1e-12,width,0.0,3,g_ibp,,no_committed_onnx,0.0
poly11_deg18_b,polynomial_stress_22,Polynomial Net,POLYNOMIAL,synthetic,eta,200,current_mixture,0.1,10,1e-12,width,0.0,4,d_eff,,no_committed_onnx,0.0
poly11_deg18_b,polynomial_stress_22,Polynomial Net,POLYNOMIAL,synthetic,eta,200,current_mixture,0.1,10,1e-12,width,0.0,4,g_ibp,,no_committed_onnx,0.0
poly11_deg18_b,polynomial_stress_22,Polynomial Net,POLYNOMIAL,synthetic,eta,200,current_mixture,0.1,10,1e-12,width,0.0,5,d_eff,,no_committed_onnx,0.0
poly11_deg18_b,polynomial_stress_22,Polynomial Net,POLYNOMIAL,synthetic,eta,200,current_mixture,0.1,10,1e-12,width,0.0,5,g_ibp,,no_committed_onnx,0.0
poly11_deg18_b,polynomial_stress_22,Polynomial Net,POLYNOMIAL,synthetic,eta,200,current_mixture,0.1,10,1e-12,width,0.0,6,d_eff,,no_committed_onnx,0.0
poly11_deg18_b,polynomial_stress_22,Polynomial Net,POLYNOMIAL,synthetic,eta,200,current_mixture,0.1,10,1e-12,width,0.0,6,g_ibp,,no_committed_onnx,0.0
poly11_deg18_b,polynomial_stress_22,Polynomial Net,POLYNOMIAL,synthetic,eta,200,current_mixture,0.1,10,1e-12,width,0.0,7,d_eff,,no_committed_onnx,0.0
poly11_deg18_b,polynomial_stress_22,Polynomial Net,POLYNOMIAL,synthetic,eta,200,current_mixture,0.1,10,1e-12,width,0.0,7,g_ibp,,no_committed_onnx,0.0
poly11_deg18_b,polynomial_stress_22,Polynomial Net,POLYNOMIAL,synthetic,eta,200,current_mixture,0.1,10,1e-09,width,0.0,0,d_eff,,no_committed_onnx,0.0
poly11_deg18_b,polynomial_stress_22,Polynomial Net,POLYNOMIAL,synthetic,eta,200,current_mixture,0.1,10,1e-09,width,0.0,0,g_ibp,,no_committed_onnx,0.0
poly11_deg18_b,polynomial_stress_22,Polynomial Net,POLYNOMIAL,synthetic,eta,200,current_mixture,0.1,10,1e-09,width,0.0,1,d_eff,,no_committed_onnx,0.0
poly11_deg18_b,polynomial_stress_22,Polynomial Net,POLYNOMIAL,synthetic,eta,200,current_mixture,0.1,10,1e-09,width,0.0,1,g_ibp,,no_committed_onnx,0.0
poly11_deg18_b,polynomial_stress_22,Polynomial Net,POLYNOMIAL,synthetic,eta,200,current_mixture,0.1,10,1e-09,width,0.0,2,d_eff,,no_committed_onnx,0.0
poly11_deg18_b,polynomial_stress_22,Polynomial Net,POLYNOMIAL,synthetic,eta,200,current_mixture,0.1,10,1e-09,width,0.0,2,g_ibp,,no_committed_onnx,0.0
poly11_deg18_b,polynomial_stress_22,Polynomial Net,POLYNOMIAL,synthetic,eta,200,current_mixture,0.1,10,1e-09,width,0.0,3,d_eff,,no_committed_onnx,0.0
poly11_deg18_b,polynomial_stress_22,Polynomial Net,POLYNOMIAL,synthetic,eta,200,current_mixture,0.1,10,1e-09,width,0.0,3,g_ibp,,no_committed_onnx,0.0
poly11_deg18_b,polynomial_stress_22,Polynomial Net,POLYNOMIAL,synthetic,eta,200,current_mixture,0.1,10,1e-09,width,0.0,4,d_eff,,no_committed_onnx,0.0
poly11_deg18_b,polynomial_stress_22,Polynomial Net,POLYNOMIAL,synthetic,eta,200,current_mixture,0.1,10,1e-09,width,0.0,4,g_ibp,,no_committed_onnx,0.0
poly11_deg18_b,polynomial_stress_22,Polynomial Net,POLYNOMIAL,synthetic,eta,200,current_mixture,0.1,10,1e-09,width,0.0,5,d_eff,,no_committed_onnx,0.0
poly11_deg18_b,polynomial_stress_22,Polynomial Net,POLYNOMIAL,synthetic,eta,200,current_mixture,0.1,10,1e-09,width,0.0,5,g_ibp,,no_committed_onnx,0.0
poly11_deg18_b,polynomial_stress_22,Polynomial Net,POLYNOMIAL,synthetic,eta,200,current_mixture,0.1,10,1e-09,width,0.0,6,d_eff,,no_committed_onnx,0.0
poly11_deg18_b,polynomial_stress_22,Polynomial Net,POLYNOMIAL,synthetic,eta,200,current_mixture,0.1,10,1e-09,width,0.0,6,g_ibp,,no_committed_onnx,0.0
poly11_deg18_b,polynomial_stress_22,Polynomial Net,POLYNOMIAL,synthetic,eta,200,current_mixture,0.1,10,1e-09,width,0.0,7,d_eff,,no_committed_onnx,0.0
poly11_deg18_b,polynomial_stress_22,Polynomial Net,POLYNOMIAL,synthetic,eta,200,current_mixture,0.1,10,1e-09,width,0.0,7,g_ibp,,no_committed_onnx,0.0
poly11_deg18_b,polynomial_stress_22,Polynomial Net,POLYNOMIAL,synthetic,eta,200,current_mixture,0.1,10,1e-06,width,0.0,0,d_eff,,no_committed_onnx,0.0
poly11_deg18_b,polynomial_stress_22,Polynomial Net,POLYNOMIAL,synthetic,eta,200,current_mixture,0.1,10,1e-06,width,0.0,0,g_ibp,,no_committed_onnx,0.0
poly11_deg18_b,polynomial_stress_22,Polynomial Net,POLYNOMIAL,synthetic,eta,200,current_mixture,0.1,10,1e-06,width,0.0,1,d_eff,,no_committed_onnx,0.0
poly11_deg18_b,polynomial_stress_22,Polynomial Net,POLYNOMIAL,synthetic,eta,200,current_mixture,0.1,10,1e-06,width,0.0,1,g_ibp,,no_committed_onnx,0.0
poly11_deg18_b,polynomial_stress_22,Polynomial Net,POLYNOMIAL,synthetic,eta,200,current_mixture,0.1,10,1e-06,width,0.0,2,d_eff,,no_committed_onnx,0.0
poly11_deg18_b,polynomial_stress_22,Polynomial Net,POLYNOMIAL,synthetic,eta,200,current_mixture,0.1,10,1e-06,width,0.0,2,g_ibp,,no_committed_onnx,0.0
poly11_deg18_b,polynomial_stress_22,Polynomial Net,POLYNOMIAL,synthetic,eta,200,current_mixture,0.1,10,1e-06,width,0.0,3,d_eff,,no_committed_onnx,0.0
poly11_deg18_b,polynomial_stress_22,Polynomial Net,POLYNOMIAL,synthetic,eta,200,current_mixture,0.1,10,1e-06,width,0.0,3,g_ibp,,no_committed_onnx,0.0
poly11_deg18_b,polynomial_stress_22,Polynomial Net,POLYNOMIAL,synthetic,eta,200,current_mixture,0.1,10,1e-06,width,0.0,4,d_eff,,no_committed_onnx,0.0
poly11_deg18_b,polynomial_stress_22,Polynomial Net,POLYNOMIAL,synthetic,eta,200,current_mixture,0.1,10,1e-06,width,0.0,4,g_ibp,,no_committed_onnx,0.0
poly11_deg18_b,polynomial_stress_22,Polynomial Net,POLYNOMIAL,synthetic,eta,200,current_mixture,0.1,10,1e-06,width,0.0,5,d_eff,,no_committed_onnx,0.0
poly11_deg18_b,polynomial_stress_22,Polynomial Net,POLYNOMIAL,synthetic,eta,200,current_mixture,0.1,10,1e-06,width,0.0,5,g_ibp,,no_committed_onnx,0.0
poly11_deg18_b,polynomial_stress_22,Polynomial Net,POLYNOMIAL,synthetic,eta,200,current_mixture,0.1,10,1e-06,width,0.0,6,d_eff,,no_committed_onnx,0.0
poly11_deg18_b,polynomial_stress_22,Polynomial Net,POLYNOMIAL,synthetic,eta,200,current_mixture,0.1,10,1e-06,width,0.0,6,g_ibp,,no_committed_onnx,0.0
poly11_deg18_b,polynomial_stress_22,Polynomial Net,POLYNOMIAL,synthetic,eta,200,current_mixture,0.1,10,1e-06,width,0.0,7,d_eff,,no_committed_onnx,0.0
poly11_deg18_b,polynomial_stress_22,Polynomial Net,POLYNOMIAL,synthetic,eta,200,current_mixture,0.1,10,1e-06,width,0.0,7,g_ibp,,no_committed_onnx,0.0
poly11_deg18_b,polynomial_stress_22,Polynomial Net,POLYNOMIAL,synthetic,eta,200,current_mixture,0.1,10,0.001,width,0.0,0,d_eff,,no_committed_onnx,0.0
poly11_deg18_b,polynomial_stress_22,Polynomial Net,POLYNOMIAL,synthetic,eta,200,current_mixture,0.1,10,0.001,width,0.0,0,g_ibp,,no_committed_onnx,0.0
poly11_deg18_b,polynomial_stress_22,Polynomial Net,POLYNOMIAL,synthetic,eta,200,current_mixture,0.1,10,0.001,width,0.0,1,d_eff,,no_committed_onnx,0.0
poly11_deg18_b,polynomial_stress_22,Polynomial Net,POLYNOMIAL,synthetic,eta,200,current_mixture,0.1,10,0.001,width,0.0,1,g_ibp,,no_committed_onnx,0.0
poly11_deg18_b,polynomial_stress_22,Polynomial Net,POLYNOMIAL,synthetic,eta,200,current_mixture,0.1,10,0.001,width,0.0,2,d_eff,,no_committed_onnx,0.0
poly11_deg18_b,polynomial_stress_22,Polynomial Net,POLYNOMIAL,synthetic,eta,200,current_mixture,0.1,10,0.001,width,0.0,2,g_ibp,,no_committed_onnx,0.0
poly11_deg18_b,polynomial_stress_22,Polynomial Net,POLYNOMIAL,synthetic,eta,200,current_mixture,0.1,10,0.001,width,0.0,3,d_eff,,no_committed_onnx,0.0
poly11_deg18_b,polynomial_stress_22,Polynomial Net,POLYNOMIAL,synthetic,eta,200,current_mixture,0.1,10,0.001,width,0.0,3,g_ibp,,no_committed_onnx,0.0
poly11_deg18_b,polynomial_stress_22,Polynomial Net,POLYNOMIAL,synthetic,eta,200,current_mixture,0.1,10,0.001,width,0.0,4,d_eff,,no_committed_onnx,0.0
poly11_deg18_b,polynomial_stress_22,Polynomial Net,POLYNOMIAL,synthetic,eta,200,current_mixture,0.1,10,0.001,width,0.0,4,g_ibp,,no_committed_onnx,0.0
poly11_deg18_b,polynomial_stress_22,Polynomial Net,POLYNOMIAL,synthetic,eta,200,current_mixture,0.1,10,0.001,width,0.0,5,d_eff,,no_committed_onnx,0.0
poly11_deg18_b,polynomial_stress_22,Polynomial Net,POLYNOMIAL,synthetic,eta,200,current_mixture,0.1,10,0.001,width,0.0,5,g_ibp,,no_committed_onnx,0.0
poly11_deg18_b,polynomial_stress_22,Polynomial Net,POLYNOMIAL,synthetic,eta,200,current_mixture,0.1,10,0.001,width,0.0,6,d_eff,,no_committed_onnx,0.0
poly11_deg18_b,polynomial_stress_22,Polynomial Net,POLYNOMIAL,synthetic,eta,200,current_mixture,0.1,10,0.001,width,0.0,6,g_ibp,,no_committed_onnx,0.0
poly11_deg18_b,polynomial_stress_22,Polynomial Net,POLYNOMIAL,synthetic,eta,200,current_mixture,0.1,10,0.001,width,0.0,7,d_eff,,no_committed_onnx,0.0
poly11_deg18_b,polynomial_stress_22,Polynomial Net,POLYNOMIAL,synthetic,eta,200,current_mixture,0.1,10,0.001,width,0.0,7,g_ibp,,no_committed_onnx,0.0
poly13_deg19_b,polynomial_stress_22,Polynomial Net,POLYNOMIAL,synthetic,eta,200,current_mixture,0.1,10,1e-12,width,0.0,0,d_eff,,no_committed_onnx,0.0
poly13_deg19_b,polynomial_stress_22,Polynomial Net,POLYNOMIAL,synthetic,eta,200,current_mixture,0.1,10,1e-12,width,0.0,0,g_ibp,,no_committed_onnx,0.0
poly13_deg19_b,polynomial_stress_22,Polynomial Net,POLYNOMIAL,synthetic,eta,200,current_mixture,0.1,10,1e-12,width,0.0,1,d_eff,,no_committed_onnx,0.0
poly13_deg19_b,polynomial_stress_22,Polynomial Net,POLYNOMIAL,synthetic,eta,200,current_mixture,0.1,10,1e-12,width,0.0,1,g_ibp,,no_committed_onnx,0.0
poly13_deg19_b,polynomial_stress_22,Polynomial Net,POLYNOMIAL,synthetic,eta,200,current_mixture,0.1,10,1e-12,width,0.0,2,d_eff,,no_committed_onnx,0.0
poly13_deg19_b,polynomial_stress_22,Polynomial Net,POLYNOMIAL,synthetic,eta,200,current_mixture,0.1,10,1e-12,width,0.0,2,g_ibp,,no_committed_onnx,0.0
poly13_deg19_b,polynomial_stress_22,Polynomial Net,POLYNOMIAL,synthetic,eta,200,current_mixture,0.1,10,1e-12,width,0.0,3,d_eff,,no_committed_onnx,0.0
poly13_deg19_b,polynomial_stress_22,Polynomial Net,POLYNOMIAL,synthetic,eta,200,current_mixture,0.1,10,1e-12,width,0.0,3,g_ibp,,no_committed_onnx,0.0
poly13_deg19_b,polynomial_stress_22,Polynomial Net,POLYNOMIAL,synthetic,eta,200,current_mixture,0.1,10,1e-12,width,0.0,4,d_eff,,no_committed_onnx,0.0
poly13_deg19_b,polynomial_stress_22,Polynomial Net,POLYNOMIAL,synthetic,eta,200,current_mixture,0.1,10,1e-12,width,0.0,4,g_ibp,,no_committed_onnx,0.0
poly13_deg19_b,polynomial_stress_22,Polynomial Net,POLYNOMIAL,synthetic,eta,200,current_mixture,0.1,10,1e-12,width,0.0,5,d_eff,,no_committed_onnx,0.0
poly13_deg19_b,polynomial_stress_22,Polynomial Net,POLYNOMIAL,synthetic,eta,200,current_mixture,0.1,10,1e-12,width,0.0,5,g_ibp,,no_committed_onnx,0.0
poly13_deg19_b,polynomial_stress_22,Polynomial Net,POLYNOMIAL,synthetic,eta,200,current_mixture,0.1,10,1e-12,width,0.0,6,d_eff,,no_committed_onnx,0.0
poly13_deg19_b,polynomial_stress_22,Polynomial Net,POLYNOMIAL,synthetic,eta,200,current_mixture,0.1,10,1e-12,width,0.0,6,g_ibp,,no_committed_onnx,0.0
poly13_deg19_b,polynomial_stress_22,Polynomial Net,POLYNOMIAL,synthetic,eta,200,current_mixture,0.1,10,1e-12,width,0.0,7,d_eff,,no_committed_onnx,0.0
poly13_deg19_b,polynomial_stress_22,Polynomial Net,POLYNOMIAL,synthetic,eta,200,current_mixture,0.1,10,1e-12,width,0.0,7,g_ibp,,no_committed_onnx,0.0
poly13_deg19_b,polynomial_stress_22,Polynomial Net,POLYNOMIAL,synthetic,eta,200,current_mixture,0.1,10,1e-09,width,0.0,0,d_eff,,no_committed_onnx,0.0
poly13_deg19_b,polynomial_stress_22,Polynomial Net,POLYNOMIAL,synthetic,eta,200,current_mixture,0.1,10,1e-09,width,0.0,0,g_ibp,,no_committed_onnx,0.0
poly13_deg19_b,polynomial_stress_22,Polynomial Net,POLYNOMIAL,synthetic,eta,200,current_mixture,0.1,10,1e-09,width,0.0,1,d_eff,,no_committed_onnx,0.0
poly13_deg19_b,polynomial_stress_22,Polynomial Net,POLYNOMIAL,synthetic,eta,200,current_mixture,0.1,10,1e-09,width,0.0,1,g_ibp,,no_committed_onnx,0.0
poly13_deg19_b,polynomial_stress_22,Polynomial Net,POLYNOMIAL,synthetic,eta,200,current_mixture,0.1,10,1e-09,width,0.0,2,d_eff,,no_committed_onnx,0.0
poly13_deg19_b,polynomial_stress_22,Polynomial Net,POLYNOMIAL,synthetic,eta,200,current_mixture,0.1,10,1e-09,width,0.0,2,g_ibp,,no_committed_onnx,0.0
poly13_deg19_b,polynomial_stress_22,Polynomial Net,POLYNOMIAL,synthetic,eta,200,current_mixture,0.1,10,1e-09,width,0.0,3,d_eff,,no_committed_onnx,0.0
poly13_deg19_b,polynomial_stress_22,Polynomial Net,POLYNOMIAL,synthetic,eta,200,current_mixture,0.1,10,1e-09,width,0.0,3,g_ibp,,no_committed_onnx,0.0
poly13_deg19_b,polynomial_stress_22,Polynomial Net,POLYNOMIAL,synthetic,eta,200,current_mixture,0.1,10,1e-09,width,0.0,4,d_eff,,no_committed_onnx,0.0
poly13_deg19_b,polynomial_stress_22,Polynomial Net,POLYNOMIAL,synthetic,eta,200,current_mixture,0.1,10,1e-09,width,0.0,4,g_ibp,,no_committed_onnx,0.0
poly13_deg19_b,polynomial_stress_22,Polynomial Net,POLYNOMIAL,synthetic,eta,200,current_mixture,0.1,10,1e-09,width,0.0,5,d_eff,,no_committed_onnx,0.0
poly13_deg19_b,polynomial_stress_22,Polynomial Net,POLYNOMIAL,synthetic,eta,200,current_mixture,0.1,10,1e-09,width,0.0,5,g_ibp,,no_committed_onnx,0.0
poly13_deg19_b,polynomial_stress_22,Polynomial Net,POLYNOMIAL,synthetic,eta,200,current_mixture,0.1,10,1e-09,width,0.0,6,d_eff,,no_committed_onnx,0.0
poly13_deg19_b,polynomial_stress_22,Polynomial Net,POLYNOMIAL,synthetic,eta,200,current_mixture,0.1,10,1e-09,width,0.0,6,g_ibp,,no_committed_onnx,0.0
poly13_deg19_b,polynomial_stress_22,Polynomial Net,POLYNOMIAL,synthetic,eta,200,current_mixture,0.1,10,1e-09,width,0.0,7,d_eff,,no_committed_onnx,0.0
poly13_deg19_b,polynomial_stress_22,Polynomial Net,POLYNOMIAL,synthetic,eta,200,current_mixture,0.1,10,1e-09,width,0.0,7,g_ibp,,no_committed_onnx,0.0
poly13_deg19_b,polynomial_stress_22,Polynomial Net,POLYNOMIAL,synthetic,eta,200,current_mixture,0.1,10,1e-06,width,0.0,0,d_eff,,no_committed_onnx,0.0
poly13_deg19_b,polynomial_stress_22,Polynomial Net,POLYNOMIAL,synthetic,eta,200,current_mixture,0.1,10,1e-06,width,0.0,0,g_ibp,,no_committed_onnx,0.0
poly13_deg19_b,polynomial_stress_22,Polynomial Net,POLYNOMIAL,synthetic,eta,200,current_mixture,0.1,10,1e-06,width,0.0,1,d_eff,,no_committed_onnx,0.0
poly13_deg19_b,polynomial_stress_22,Polynomial Net,POLYNOMIAL,synthetic,eta,200,current_mixture,0.1,10,1e-06,width,0.0,1,g_ibp,,no_committed_onnx,0.0
poly13_deg19_b,polynomial_stress_22,Polynomial Net,POLYNOMIAL,synthetic,eta,200,current_mixture,0.1,10,1e-06,width,0.0,2,d_eff,,no_committed_onnx,0.0
poly13_deg19_b,polynomial_stress_22,Polynomial Net,POLYNOMIAL,synthetic,eta,200,current_mixture,0.1,10,1e-06,width,0.0,2,g_ibp,,no_committed_onnx,0.0
poly13_deg19_b,polynomial_stress_22,Polynomial Net,POLYNOMIAL,synthetic,eta,200,current_mixture,0.1,10,1e-06,width,0.0,3,d_eff,,no_committed_onnx,0.0
poly13_deg19_b,polynomial_stress_22,Polynomial Net,POLYNOMIAL,synthetic,eta,200,current_mixture,0.1,10,1e-06,width,0.0,3,g_ibp,,no_committed_onnx,0.0
poly13_deg19_b,polynomial_stress_22,Polynomial Net,POLYNOMIAL,synthetic,eta,200,current_mixture,0.1,10,1e-06,width,0.0,4,d_eff,,no_committed_onnx,0.0
poly13_deg19_b,polynomial_stress_22,Polynomial Net,POLYNOMIAL,synthetic,eta,200,current_mixture,0.1,10,1e-06,width,0.0,4,g_ibp,,no_committed_onnx,0.0
poly13_deg19_b,polynomial_stress_22,Polynomial Net,POLYNOMIAL,synthetic,eta,200,current_mixture,0.1,10,1e-06,width,0.0,5,d_eff,,no_committed_onnx,0.0
poly13_deg19_b,polynomial_stress_22,Polynomial Net,POLYNOMIAL,synthetic,eta,200,current_mixture,0.1,10,1e-06,width,0.0,5,g_ibp,,no_committed_onnx,0.0
poly13_deg19_b,polynomial_stress_22,Polynomial Net,POLYNOMIAL,synthetic,eta,200,current_mixture,0.1,10,1e-06,width,0.0,6,d_eff,,no_committed_onnx,0.0
poly13_deg19_b,polynomial_stress_22,Polynomial Net,POLYNOMIAL,synthetic,eta,200,current_mixture,0.1,10,1e-06,width,0.0,6,g_ibp,,no_committed_onnx,0.0
poly13_deg19_b,polynomial_stress_22,Polynomial Net,POLYNOMIAL,synthetic,eta,200,current_mixture,0.1,10,1e-06,width,0.0,7,d_eff,,no_committed_onnx,0.0
poly13_deg19_b,polynomial_stress_22,Polynomial Net,POLYNOMIAL,synthetic,eta,200,current_mixture,0.1,10,1e-06,width,0.0,7,g_ibp,,no_committed_onnx,0.0
poly13_deg19_b,polynomial_stress_22,Polynomial Net,POLYNOMIAL,synthetic,eta,200,current_mixture,0.1,10,0.001,width,0.0,0,d_eff,,no_committed_onnx,0.0
poly13_deg19_b,polynomial_stress_22,Polynomial Net,POLYNOMIAL,synthetic,eta,200,current_mixture,0.1,10,0.001,width,0.0,0,g_ibp,,no_committed_onnx,0.0
poly13_deg19_b,polynomial_stress_22,Polynomial Net,POLYNOMIAL,synthetic,eta,200,current_mixture,0.1,10,0.001,width,0.0,1,d_eff,,no_committed_onnx,0.0
poly13_deg19_b,polynomial_stress_22,Polynomial Net,POLYNOMIAL,synthetic,eta,200,current_mixture,0.1,10,0.001,width,0.0,1,g_ibp,,no_committed_onnx,0.0
poly13_deg19_b,polynomial_stress_22,Polynomial Net,POLYNOMIAL,synthetic,eta,200,current_mixture,0.1,10,0.001,width,0.0,2,d_eff,,no_committed_onnx,0.0
poly13_deg19_b,polynomial_stress_22,Polynomial Net,POLYNOMIAL,synthetic,eta,200,current_mixture,0.1,10,0.001,width,0.0,2,g_ibp,,no_committed_onnx,0.0
poly13_deg19_b,polynomial_stress_22,Polynomial Net,POLYNOMIAL,synthetic,eta,200,current_mixture,0.1,10,0.001,width,0.0,3,d_eff,,no_committed_onnx,0.0
poly13_deg19_b,polynomial_stress_22,Polynomial Net,POLYNOMIAL,synthetic,eta,200,current_mixture,0.1,10,0.001,width,0.0,3,g_ibp,,no_committed_onnx,0.0
poly13_deg19_b,polynomial_stress_22,Polynomial Net,POLYNOMIAL,synthetic,eta,200,current_mixture,0.1,10,0.001,width,0.0,4,d_eff,,no_committed_onnx,0.0
poly13_deg19_b,polynomial_stress_22,Polynomial Net,POLYNOMIAL,synthetic,eta,200,current_mixture,0.1,10,0.001,width,0.0,4,g_ibp,,no_committed_onnx,0.0
poly13_deg19_b,polynomial_stress_22,Polynomial Net,POLYNOMIAL,synthetic,eta,200,current_mixture,0.1,10,0.001,width,0.0,5,d_eff,,no_committed_onnx,0.0
poly13_deg19_b,polynomial_stress_22,Polynomial Net,POLYNOMIAL,synthetic,eta,200,current_mixture,0.1,10,0.001,width,0.0,5,g_ibp,,no_committed_onnx,0.0
poly13_deg19_b,polynomial_stress_22,Polynomial Net,POLYNOMIAL,synthetic,eta,200,current_mixture,0.1,10,0.001,width,0.0,6,d_eff,,no_committed_onnx,0.0
poly13_deg19_b,polynomial_stress_22,Polynomial Net,POLYNOMIAL,synthetic,eta,200,current_mixture,0.1,10,0.001,width,0.0,6,g_ibp,,no_committed_onnx,0.0
poly13_deg19_b,polynomial_stress_22,Polynomial Net,POLYNOMIAL,synthetic,eta,200,current_mixture,0.1,10,0.001,width,0.0,7,d_eff,,no_committed_onnx,0.0
poly13_deg19_b,polynomial_stress_22,Polynomial Net,POLYNOMIAL,synthetic,eta,200,current_mixture,0.1,10,0.001,width,0.0,7,g_ibp,,no_committed_onnx,0.0
poly12_deg19_a,polynomial_stress_22,Polynomial Net,POLYNOMIAL,synthetic,eta,200,current_mixture,0.1,10,1e-12,width,0.0,0,d_eff,,no_committed_onnx,0.0
poly12_deg19_a,polynomial_stress_22,Polynomial Net,POLYNOMIAL,synthetic,eta,200,current_mixture,0.1,10,1e-12,width,0.0,0,g_ibp,,no_committed_onnx,0.0
poly12_deg19_a,polynomial_stress_22,Polynomial Net,POLYNOMIAL,synthetic,eta,200,current_mixture,0.1,10,1e-12,width,0.0,1,d_eff,,no_committed_onnx,0.0
poly12_deg19_a,polynomial_stress_22,Polynomial Net,POLYNOMIAL,synthetic,eta,200,current_mixture,0.1,10,1e-12,width,0.0,1,g_ibp,,no_committed_onnx,0.0
poly12_deg19_a,polynomial_stress_22,Polynomial Net,POLYNOMIAL,synthetic,eta,200,current_mixture,0.1,10,1e-12,width,0.0,2,d_eff,,no_committed_onnx,0.0
poly12_deg19_a,polynomial_stress_22,Polynomial Net,POLYNOMIAL,synthetic,eta,200,current_mixture,0.1,10,1e-12,width,0.0,2,g_ibp,,no_committed_onnx,0.0
poly12_deg19_a,polynomial_stress_22,Polynomial Net,POLYNOMIAL,synthetic,eta,200,current_mixture,0.1,10,1e-12,width,0.0,3,d_eff,,no_committed_onnx,0.0
poly12_deg19_a,polynomial_stress_22,Polynomial Net,POLYNOMIAL,synthetic,eta,200,current_mixture,0.1,10,1e-12,width,0.0,3,g_ibp,,no_committed_onnx,0.0
poly12_deg19_a,polynomial_stress_22,Polynomial Net,POLYNOMIAL,synthetic,eta,200,current_mixture,0.1,10,1e-12,width,0.0,4,d_eff,,no_committed_onnx,0.0
poly12_deg19_a,polynomial_stress_22,Polynomial Net,POLYNOMIAL,synthetic,eta,200,current_mixture,0.1,10,1e-12,width,0.0,4,g_ibp,,no_committed_onnx,0.0
poly12_deg19_a,polynomial_stress_22,Polynomial Net,POLYNOMIAL,synthetic,eta,200,current_mixture,0.1,10,1e-12,width,0.0,5,d_eff,,no_committed_onnx,0.0
poly12_deg19_a,polynomial_stress_22,Polynomial Net,POLYNOMIAL,synthetic,eta,200,current_mixture,0.1,10,1e-12,width,0.0,5,g_ibp,,no_committed_onnx,0.0
poly12_deg19_a,polynomial_stress_22,Polynomial Net,POLYNOMIAL,synthetic,eta,200,current_mixture,0.1,10,1e-12,width,0.0,6,d_eff,,no_committed_onnx,0.0
poly12_deg19_a,polynomial_stress_22,Polynomial Net,POLYNOMIAL,synthetic,eta,200,current_mixture,0.1,10,1e-12,width,0.0,6,g_ibp,,no_committed_onnx,0.0
poly12_deg19_a,polynomial_stress_22,Polynomial Net,POLYNOMIAL,synthetic,eta,200,current_mixture,0.1,10,1e-12,width,0.0,7,d_eff,,no_committed_onnx,0.0
poly12_deg19_a,polynomial_stress_22,Polynomial Net,POLYNOMIAL,synthetic,eta,200,current_mixture,0.1,10,1e-12,width,0.0,7,g_ibp,,no_committed_onnx,0.0
poly12_deg19_a,polynomial_stress_22,Polynomial Net,POLYNOMIAL,synthetic,eta,200,current_mixture,0.1,10,1e-09,width,0.0,0,d_eff,,no_committed_onnx,0.0
poly12_deg19_a,polynomial_stress_22,Polynomial Net,POLYNOMIAL,synthetic,eta,200,current_mixture,0.1,10,1e-09,width,0.0,0,g_ibp,,no_committed_onnx,0.0
poly12_deg19_a,polynomial_stress_22,Polynomial Net,POLYNOMIAL,synthetic,eta,200,current_mixture,0.1,10,1e-09,width,0.0,1,d_eff,,no_committed_onnx,0.0
poly12_deg19_a,polynomial_stress_22,Polynomial Net,POLYNOMIAL,synthetic,eta,200,current_mixture,0.1,10,1e-09,width,0.0,1,g_ibp,,no_committed_onnx,0.0
poly12_deg19_a,polynomial_stress_22,Polynomial Net,POLYNOMIAL,synthetic,eta,200,current_mixture,0.1,10,1e-09,width,0.0,2,d_eff,,no_committed_onnx,0.0
poly12_deg19_a,polynomial_stress_22,Polynomial Net,POLYNOMIAL,synthetic,eta,200,current_mixture,0.1,10,1e-09,width,0.0,2,g_ibp,,no_committed_onnx,0.0
poly12_deg19_a,polynomial_stress_22,Polynomial Net,POLYNOMIAL,synthetic,eta,200,current_mixture,0.1,10,1e-09,width,0.0,3,d_eff,,no_committed_onnx,0.0
poly12_deg19_a,polynomial_stress_22,Polynomial Net,POLYNOMIAL,synthetic,eta,200,current_mixture,0.1,10,1e-09,width,0.0,3,g_ibp,,no_committed_onnx,0.0
poly12_deg19_a,polynomial_stress_22,Polynomial Net,POLYNOMIAL,synthetic,eta,200,current_mixture,0.1,10,1e-09,width,0.0,4,d_eff,,no_committed_onnx,0.0
poly12_deg19_a,polynomial_stress_22,Polynomial Net,POLYNOMIAL,synthetic,eta,200,current_mixture,0.1,10,1e-09,width,0.0,4,g_ibp,,no_committed_onnx,0.0
poly12_deg19_a,polynomial_stress_22,Polynomial Net,POLYNOMIAL,synthetic,eta,200,current_mixture,0.1,10,1e-09,width,0.0,5,d_eff,,no_committed_onnx,0.0
poly12_deg19_a,polynomial_stress_22,Polynomial Net,POLYNOMIAL,synthetic,eta,200,current_mixture,0.1,10,1e-09,width,0.0,5,g_ibp,,no_committed_onnx,0.0
poly12_deg19_a,polynomial_stress_22,Polynomial Net,POLYNOMIAL,synthetic,eta,200,current_mixture,0.1,10,1e-09,width,0.0,6,d_eff,,no_committed_onnx,0.0
poly12_deg19_a,polynomial_stress_22,Polynomial Net,POLYNOMIAL,synthetic,eta,200,current_mixture,0.1,10,1e-09,width,0.0,6,g_ibp,,no_committed_onnx,0.0
poly12_deg19_a,polynomial_stress_22,Polynomial Net,POLYNOMIAL,synthetic,eta,200,current_mixture,0.1,10,1e-09,width,0.0,7,d_eff,,no_committed_onnx,0.0
poly12_deg19_a,polynomial_stress_22,Polynomial Net,POLYNOMIAL,synthetic,eta,200,current_mixture,0.1,10,1e-09,width,0.0,7,g_ibp,,no_committed_onnx,0.0
poly12_deg19_a,polynomial_stress_22,Polynomial Net,POLYNOMIAL,synthetic,eta,200,current_mixture,0.1,10,1e-06,width,0.0,0,d_eff,,no_committed_onnx,0.0
poly12_deg19_a,polynomial_stress_22,Polynomial Net,POLYNOMIAL,synthetic,eta,200,current_mixture,0.1,10,1e-06,width,0.0,0,g_ibp,,no_committed_onnx,0.0
poly12_deg19_a,polynomial_stress_22,Polynomial Net,POLYNOMIAL,synthetic,eta,200,current_mixture,0.1,10,1e-06,width,0.0,1,d_eff,,no_committed_onnx,0.0
poly12_deg19_a,polynomial_stress_22,Polynomial Net,POLYNOMIAL,synthetic,eta,200,current_mixture,0.1,10,1e-06,width,0.0,1,g_ibp,,no_committed_onnx,0.0
poly12_deg19_a,polynomial_stress_22,Polynomial Net,POLYNOMIAL,synthetic,eta,200,current_mixture,0.1,10,1e-06,width,0.0,2,d_eff,,no_committed_onnx,0.0
poly12_deg19_a,polynomial_stress_22,Polynomial Net,POLYNOMIAL,synthetic,eta,200,current_mixture,0.1,10,1e-06,width,0.0,2,g_ibp,,no_committed_onnx,0.0
poly12_deg19_a,polynomial_stress_22,Polynomial Net,POLYNOMIAL,synthetic,eta,200,current_mixture,0.1,10,1e-06,width,0.0,3,d_eff,,no_committed_onnx,0.0
poly12_deg19_a,polynomial_stress_22,Polynomial Net,POLYNOMIAL,synthetic,eta,200,current_mixture,0.1,10,1e-06,width,0.0,3,g_ibp,,no_committed_onnx,0.0
poly12_deg19_a,polynomial_stress_22,Polynomial Net,POLYNOMIAL,synthetic,eta,200,current_mixture,0.1,10,1e-06,width,0.0,4,d_eff,,no_committed_onnx,0.0
poly12_deg19_a,polynomial_stress_22,Polynomial Net,POLYNOMIAL,synthetic,eta,200,current_mixture,0.1,10,1e-06,width,0.0,4,g_ibp,,no_committed_onnx,0.0
poly12_deg19_a,polynomial_stress_22,Polynomial Net,POLYNOMIAL,synthetic,eta,200,current_mixture,0.1,10,1e-06,width,0.0,5,d_eff,,no_committed_onnx,0.0
poly12_deg19_a,polynomial_stress_22,Polynomial Net,POLYNOMIAL,synthetic,eta,200,current_mixture,0.1,10,1e-06,width,0.0,5,g_ibp,,no_committed_onnx,0.0
poly12_deg19_a,polynomial_stress_22,Polynomial Net,POLYNOMIAL,synthetic,eta,200,current_mixture,0.1,10,1e-06,width,0.0,6,d_eff,,no_committed_onnx,0.0
poly12_deg19_a,polynomial_stress_22,Polynomial Net,POLYNOMIAL,synthetic,eta,200,current_mixture,0.1,10,1e-06,width,0.0,6,g_ibp,,no_committed_onnx,0.0
poly12_deg19_a,polynomial_stress_22,Polynomial Net,POLYNOMIAL,synthetic,eta,200,current_mixture,0.1,10,1e-06,width,0.0,7,d_eff,,no_committed_onnx,0.0
poly12_deg19_a,polynomial_stress_22,Polynomial Net,POLYNOMIAL,synthetic,eta,200,current_mixture,0.1,10,1e-06,width,0.0,7,g_ibp,,no_committed_onnx,0.0
poly12_deg19_a,polynomial_stress_22,Polynomial Net,POLYNOMIAL,synthetic,eta,200,current_mixture,0.1,10,0.001,width,0.0,0,d_eff,,no_committed_onnx,0.0
poly12_deg19_a,polynomial_stress_22,Polynomial Net,POLYNOMIAL,synthetic,eta,200,current_mixture,0.1,10,0.001,width,0.0,0,g_ibp,,no_committed_onnx,0.0
poly12_deg19_a,polynomial_stress_22,Polynomial Net,POLYNOMIAL,synthetic,eta,200,current_mixture,0.1,10,0.001,width,0.0,1,d_eff,,no_committed_onnx,0.0
poly12_deg19_a,polynomial_stress_22,Polynomial Net,POLYNOMIAL,synthetic,eta,200,current_mixture,0.1,10,0.001,width,0.0,1,g_ibp,,no_committed_onnx,0.0
poly12_deg19_a,polynomial_stress_22,Polynomial Net,POLYNOMIAL,synthetic,eta,200,current_mixture,0.1,10,0.001,width,0.0,2,d_eff,,no_committed_onnx,0.0
poly12_deg19_a,polynomial_stress_22,Polynomial Net,POLYNOMIAL,synthetic,eta,200,current_mixture,0.1,10,0.001,width,0.0,2,g_ibp,,no_committed_onnx,0.0
poly12_deg19_a,polynomial_stress_22,Polynomial Net,POLYNOMIAL,synthetic,eta,200,current_mixture,0.1,10,0.001,width,0.0,3,d_eff,,no_committed_onnx,0.0
poly12_deg19_a,polynomial_stress_22,Polynomial Net,POLYNOMIAL,synthetic,eta,200,current_mixture,0.1,10,0.001,width,0.0,3,g_ibp,,no_committed_onnx,0.0
poly12_deg19_a,polynomial_stress_22,Polynomial Net,POLYNOMIAL,synthetic,eta,200,current_mixture,0.1,10,0.001,width,0.0,4,d_eff,,no_committed_onnx,0.0
poly12_deg19_a,polynomial_stress_22,Polynomial Net,POLYNOMIAL,synthetic,eta,200,current_mixture,0.1,10,0.001,width,0.0,4,g_ibp,,no_committed_onnx,0.0
poly12_deg19_a,polynomial_stress_22,Polynomial Net,POLYNOMIAL,synthetic,eta,200,current_mixture,0.1,10,0.001,width,0.0,5,d_eff,,no_committed_onnx,0.0
poly12_deg19_a,polynomial_stress_22,Polynomial Net,POLYNOMIAL,synthetic,eta,200,current_mixture,0.1,10,0.001,width,0.0,5,g_ibp,,no_committed_onnx,0.0
poly12_deg19_a,polynomial_stress_22,Polynomial Net,POLYNOMIAL,synthetic,eta,200,current_mixture,0.1,10,0.001,width,0.0,6,d_eff,,no_committed_onnx,0.0
poly12_deg19_a,polynomial_stress_22,Polynomial Net,POLYNOMIAL,synthetic,eta,200,current_mixture,0.1,10,0.001,width,0.0,6,g_ibp,,no_committed_onnx,0.0
poly12_deg19_a,polynomial_stress_22,Polynomial Net,POLYNOMIAL,synthetic,eta,200,current_mixture,0.1,10,0.001,width,0.0,7,d_eff,,no_committed_onnx,0.0
poly12_deg19_a,polynomial_stress_22,Polynomial Net,POLYNOMIAL,synthetic,eta,200,current_mixture,0.1,10,0.001,width,0.0,7,g_ibp,,no_committed_onnx,0.0
