instance_id,benchmark,domain,constructor,network_group,feat_source,margin_hat_min,g_ibp,unstable_fraction,a_tau,d_eff,profile_missing_ct,input_dim,output_dim,n_param_total,n_nodes,n_gemm_matmul,n_conv,n_relu,n_add,n_mul,n_softmax,n_pow,graph_depth,n_hidden_layers,max_hidden_width,onnx_file_bytes,arch_MLP,arch_CNN,arch_ATTENTION,arch_POLYNOMIAL,arch_HYBRID,arch_OTHER,has_conv,has_softmax,has_add_residual,has_pow,arch_type,size_missing_ct,verifier,raw_status,raw_time,raw_outcome,budget_s
meap1,sweep_all,synthetic,MEAP,sweep_all::meap1,onnx,0.0010000001639127731,40.99999250842064,0.5714285714285714,0.6931471805599453,70.7494756344799,0,100,10,462,15,8,0,3,4,0,0,0,12,3,10,4580.0,1,0,0,0,0,0,0,0,1,0,MLP,0,abcrown,UNSAT,9.01503849029541,solved,600.0
meap1,sweep_all,synthetic,MEAP,sweep_all::meap1,onnx,0.0010000001639127731,40.99999250842064,0.5714285714285714,0.6931471805599453,70.7494756344799,0,100,10,462,15,8,0,3,4,0,0,0,12,3,10,4580.0,1,0,0,0,0,0,0,0,1,0,MLP,0,neuralsat,UNSAT,211.50204205513,solved,600.0
meap1,sweep_all,synthetic,MEAP,sweep_all::meap1,onnx,0.0010000001639127731,40.99999250842064,0.5714285714285714,0.6931471805599453,70.7494756344799,0,100,10,462,15,8,0,3,4,0,0,0,12,3,10,4580.0,1,0,0,0,0,0,0,0,1,0,MLP,0,marabou,UNSAT,0.12191581726074219,solved,600.0
meap1,sweep_all,synthetic,MEAP,sweep_all::meap1,onnx,0.0010000001639127731,40.99999250842064,0.5714285714285714,0.6931471805599453,70.7494756344799,0,100,10,462,15,8,0,3,4,0,0,0,12,3,10,4580.0,1,0,0,0,0,0,0,0,1,0,MLP,0,nnenum,ERROR,1.3512115478515625,error,600.0
meap1,sweep_all,synthetic,MEAP,sweep_all::meap1,onnx,0.0010000001639127731,40.99999250842064,0.5714285714285714,0.6931471805599453,70.7494756344799,0,100,10,462,15,8,0,3,4,0,0,0,12,3,10,4580.0,1,0,0,0,0,0,0,0,1,0,MLP,0,pyrat,UNSAT,19.037955045700073,solved,600.0
meap2,sweep_all,synthetic,MEAP,sweep_all::meap2,onnx,0.0010000000474974513,645.0449640723831,0.9523809523809523,3.6888794541139363,63.725779352993605,0,100,10,5306,33,17,0,6,10,0,0,0,27,6,32,27506.0,1,0,0,0,0,0,0,0,1,0,MLP,0,abcrown,UNSAT,25.192187309265137,solved,600.0
meap2,sweep_all,synthetic,MEAP,sweep_all::meap2,onnx,0.0010000000474974513,645.0449640723831,0.9523809523809523,3.6888794541139363,63.725779352993605,0,100,10,5306,33,17,0,6,10,0,0,0,27,6,32,27506.0,1,0,0,0,0,0,0,0,1,0,MLP,0,neuralsat,TIMEOUT,600.6776413917542,timeout,600.0
meap2,sweep_all,synthetic,MEAP,sweep_all::meap2,onnx,0.0010000000474974513,645.0449640723831,0.9523809523809523,3.6888794541139363,63.725779352993605,0,100,10,5306,33,17,0,6,10,0,0,0,27,6,32,27506.0,1,0,0,0,0,0,0,0,1,0,MLP,0,marabou,TIMEOUT,600.0103821754456,timeout,600.0
meap2,sweep_all,synthetic,MEAP,sweep_all::meap2,onnx,0.0010000000474974513,645.0449640723831,0.9523809523809523,3.6888794541139363,63.725779352993605,0,100,10,5306,33,17,0,6,10,0,0,0,27,6,32,27506.0,1,0,0,0,0,0,0,0,1,0,MLP,0,nnenum,ERROR,1.424818515777588,error,600.0
meap2,sweep_all,synthetic,MEAP,sweep_all::meap2,onnx,0.0010000000474974513,645.0449640723831,0.9523809523809523,3.6888794541139363,63.725779352993605,0,100,10,5306,33,17,0,6,10,0,0,0,27,6,32,27506.0,1,0,0,0,0,0,0,0,1,0,MLP,0,pyrat,UNSAT,18.94107484817505,solved,600.0
meap3,sweep_all,synthetic,MEAP,sweep_all::meap3,onnx,0.0010000000474974513,1322.3931873338656,0.9763779527559056,4.330733340286331,64.18625208811567,0,100,10,14522,39,20,0,7,12,0,0,0,32,7,64,65561.0,1,0,0,0,0,0,0,0,1,0,MLP,0,abcrown,UNSAT,72.88517665863037,solved,600.0
meap3,sweep_all,synthetic,MEAP,sweep_all::meap3,onnx,0.0010000000474974513,1322.3931873338656,0.9763779527559056,4.330733340286331,64.18625208811567,0,100,10,14522,39,20,0,7,12,0,0,0,32,7,64,65561.0,1,0,0,0,0,0,0,0,1,0,MLP,0,neuralsat,TIMEOUT,600.6109664440155,timeout,600.0
meap3,sweep_all,synthetic,MEAP,sweep_all::meap3,onnx,0.0010000000474974513,1322.3931873338656,0.9763779527559056,4.330733340286331,64.18625208811567,0,100,10,14522,39,20,0,7,12,0,0,0,32,7,64,65561.0,1,0,0,0,0,0,0,0,1,0,MLP,0,marabou,TIMEOUT,600.0164189338684,timeout,600.0
meap3,sweep_all,synthetic,MEAP,sweep_all::meap3,onnx,0.0010000000474974513,1322.3931873338656,0.9763779527559056,4.330733340286331,64.18625208811567,0,100,10,14522,39,20,0,7,12,0,0,0,32,7,64,65561.0,1,0,0,0,0,0,0,0,1,0,MLP,0,nnenum,ERROR,1.3287456035614014,error,600.0
meap3,sweep_all,synthetic,MEAP,sweep_all::meap3,onnx,0.0010000000474974513,1322.3931873338656,0.9763779527559056,4.330733340286331,64.18625208811567,0,100,10,14522,39,20,0,7,12,0,0,0,32,7,64,65561.0,1,0,0,0,0,0,0,0,1,0,MLP,0,pyrat,UNSAT,22.915367126464844,solved,600.0
meap4,sweep_all,synthetic,MEAP,sweep_all::meap4,onnx,0.0010000000474974513,5365.0897056746335,0.9941291585127201,5.645446897643238,64.26292620454478,0,100,10,152250,51,26,0,9,16,0,0,0,42,9,256,618911.0,1,0,0,0,0,0,0,0,1,0,MLP,0,abcrown,TIMEOUT,600.1044192314148,timeout,600.0
meap4,sweep_all,synthetic,MEAP,sweep_all::meap4,onnx,0.0010000000474974513,5365.0897056746335,0.9941291585127201,5.645446897643238,64.26292620454478,0,100,10,152250,51,26,0,9,16,0,0,0,42,9,256,618911.0,1,0,0,0,0,0,0,0,1,0,MLP,0,neuralsat,TIMEOUT,600.7989194393158,timeout,600.0
meap4,sweep_all,synthetic,MEAP,sweep_all::meap4,onnx,0.0010000000474974513,5365.0897056746335,0.9941291585127201,5.645446897643238,64.26292620454478,0,100,10,152250,51,26,0,9,16,0,0,0,42,9,256,618911.0,1,0,0,0,0,0,0,0,1,0,MLP,0,marabou,TIMEOUT,600.0686213970184,timeout,600.0
meap4,sweep_all,synthetic,MEAP,sweep_all::meap4,onnx,0.0010000000474974513,5365.0897056746335,0.9941291585127201,5.645446897643238,64.26292620454478,0,100,10,152250,51,26,0,9,16,0,0,0,42,9,256,618911.0,1,0,0,0,0,0,0,0,1,0,MLP,0,nnenum,ERROR,1.36887788772583,error,600.0
meap4,sweep_all,synthetic,MEAP,sweep_all::meap4,onnx,0.0010000000474974513,5365.0897056746335,0.9941291585127201,5.645446897643238,64.26292620454478,0,100,10,152250,51,26,0,9,16,0,0,0,42,9,256,618911.0,1,0,0,0,0,0,0,0,1,0,MLP,0,pyrat,UNSAT,167.74844098091125,solved,600.0
meap5,sweep_all,synthetic,MEAP,sweep_all::meap5,onnx,0.0010000000474974513,724.0898983263686,0.9523809523809523,3.8066624897703196,63.972233029333005,0,100,10,5306,33,17,0,6,10,0,0,0,27,6,32,27506.0,1,0,0,0,0,0,0,0,1,0,MLP,0,abcrown,UNSAT,37.26540780067444,solved,600.0
meap5,sweep_all,synthetic,MEAP,sweep_all::meap5,onnx,0.0010000000474974513,724.0898983263686,0.9523809523809523,3.8066624897703196,63.972233029333005,0,100,10,5306,33,17,0,6,10,0,0,0,27,6,32,27506.0,1,0,0,0,0,0,0,0,1,0,MLP,0,neuralsat,TIMEOUT,600.6708343029022,timeout,600.0
meap5,sweep_all,synthetic,MEAP,sweep_all::meap5,onnx,0.0010000000474974513,724.0898983263686,0.9523809523809523,3.8066624897703196,63.972233029333005,0,100,10,5306,33,17,0,6,10,0,0,0,27,6,32,27506.0,1,0,0,0,0,0,0,0,1,0,MLP,0,marabou,TIMEOUT,600.0106112957001,timeout,600.0
meap5,sweep_all,synthetic,MEAP,sweep_all::meap5,onnx,0.0010000000474974513,724.0898983263686,0.9523809523809523,3.8066624897703196,63.972233029333005,0,100,10,5306,33,17,0,6,10,0,0,0,27,6,32,27506.0,1,0,0,0,0,0,0,0,1,0,MLP,0,nnenum,ERROR,1.3138210773468018,error,600.0
meap5,sweep_all,synthetic,MEAP,sweep_all::meap5,onnx,0.0010000000474974513,724.0898983263686,0.9523809523809523,3.8066624897703196,63.972233029333005,0,100,10,5306,33,17,0,6,10,0,0,0,27,6,32,27506.0,1,0,0,0,0,0,0,0,1,0,MLP,0,pyrat,UNSAT,6.254603147506714,solved,600.0
meap6,sweep_all,synthetic,MEAP,sweep_all::meap6,onnx,0.0010000000474974513,645.0449640723831,0.9523809523809523,3.58351893845611,63.80700695860285,0,100,10,5306,33,17,0,6,10,0,0,0,27,6,32,27506.0,1,0,0,0,0,0,0,0,1,0,MLP,0,abcrown,UNSAT,25.230706453323364,solved,600.0
meap6,sweep_all,synthetic,MEAP,sweep_all::meap6,onnx,0.0010000000474974513,645.0449640723831,0.9523809523809523,3.58351893845611,63.80700695860285,0,100,10,5306,33,17,0,6,10,0,0,0,27,6,32,27506.0,1,0,0,0,0,0,0,0,1,0,MLP,0,neuralsat,TIMEOUT,600.6471049785614,timeout,600.0
meap6,sweep_all,synthetic,MEAP,sweep_all::meap6,onnx,0.0010000000474974513,645.0449640723831,0.9523809523809523,3.58351893845611,63.80700695860285,0,100,10,5306,33,17,0,6,10,0,0,0,27,6,32,27506.0,1,0,0,0,0,0,0,0,1,0,MLP,0,marabou,TIMEOUT,600.0112814903259,timeout,600.0
meap6,sweep_all,synthetic,MEAP,sweep_all::meap6,onnx,0.0010000000474974513,645.0449640723831,0.9523809523809523,3.58351893845611,63.80700695860285,0,100,10,5306,33,17,0,6,10,0,0,0,27,6,32,27506.0,1,0,0,0,0,0,0,0,1,0,MLP,0,nnenum,ERROR,1.3854913711547852,error,600.0
meap6,sweep_all,synthetic,MEAP,sweep_all::meap6,onnx,0.0010000000474974513,645.0449640723831,0.9523809523809523,3.58351893845611,63.80700695860285,0,100,10,5306,33,17,0,6,10,0,0,0,27,6,32,27506.0,1,0,0,0,0,0,0,0,1,0,MLP,0,pyrat,UNSAT,6.367302894592285,solved,600.0
meap7,sweep_all,synthetic,MEAP,sweep_all::meap7,onnx,0.0010000000474974513,630.999905072594,1.0,3.5263605246161616,63.532074052345926,0,100,10,5306,33,17,0,6,10,0,0,0,27,6,32,27506.0,1,0,0,0,0,0,0,0,1,0,MLP,0,abcrown,UNSAT,30.905230045318604,solved,600.0
meap7,sweep_all,synthetic,MEAP,sweep_all::meap7,onnx,0.0010000000474974513,630.999905072594,1.0,3.5263605246161616,63.532074052345926,0,100,10,5306,33,17,0,6,10,0,0,0,27,6,32,27506.0,1,0,0,0,0,0,0,0,1,0,MLP,0,neuralsat,TIMEOUT,600.7549254894257,timeout,600.0
meap7,sweep_all,synthetic,MEAP,sweep_all::meap7,onnx,0.0010000000474974513,630.999905072594,1.0,3.5263605246161616,63.532074052345926,0,100,10,5306,33,17,0,6,10,0,0,0,27,6,32,27506.0,1,0,0,0,0,0,0,0,1,0,MLP,0,marabou,TIMEOUT,600.0152721405029,timeout,600.0
meap7,sweep_all,synthetic,MEAP,sweep_all::meap7,onnx,0.0010000000474974513,630.999905072594,1.0,3.5263605246161616,63.532074052345926,0,100,10,5306,33,17,0,6,10,0,0,0,27,6,32,27506.0,1,0,0,0,0,0,0,0,1,0,MLP,0,nnenum,ERROR,1.3856544494628906,error,600.0
meap7,sweep_all,synthetic,MEAP,sweep_all::meap7,onnx,0.0010000000474974513,630.999905072594,1.0,3.5263605246161616,63.532074052345926,0,100,10,5306,33,17,0,6,10,0,0,0,27,6,32,27506.0,1,0,0,0,0,0,0,0,1,0,MLP,0,pyrat,UNSAT,7.119868993759155,solved,600.0
meap8,sweep_all,synthetic,MEAP,sweep_all::meap8,onnx,0.0010000000474974513,630.999905072594,1.0,3.4657359027997265,63.27714266667052,0,100,10,5306,33,17,0,6,10,0,0,0,27,6,32,27506.0,1,0,0,0,0,0,0,0,1,0,MLP,0,abcrown,UNSAT,34.913395166397095,solved,600.0
meap8,sweep_all,synthetic,MEAP,sweep_all::meap8,onnx,0.0010000000474974513,630.999905072594,1.0,3.4657359027997265,63.27714266667052,0,100,10,5306,33,17,0,6,10,0,0,0,27,6,32,27506.0,1,0,0,0,0,0,0,0,1,0,MLP,0,neuralsat,UNSAT,498.1071093082428,solved,600.0
meap8,sweep_all,synthetic,MEAP,sweep_all::meap8,onnx,0.0010000000474974513,630.999905072594,1.0,3.4657359027997265,63.27714266667052,0,100,10,5306,33,17,0,6,10,0,0,0,27,6,32,27506.0,1,0,0,0,0,0,0,0,1,0,MLP,0,marabou,TIMEOUT,600.0074191093445,timeout,600.0
meap8,sweep_all,synthetic,MEAP,sweep_all::meap8,onnx,0.0010000000474974513,630.999905072594,1.0,3.4657359027997265,63.27714266667052,0,100,10,5306,33,17,0,6,10,0,0,0,27,6,32,27506.0,1,0,0,0,0,0,0,0,1,0,MLP,0,nnenum,ERROR,1.3506369590759277,error,600.0
meap8,sweep_all,synthetic,MEAP,sweep_all::meap8,onnx,0.0010000000474974513,630.999905072594,1.0,3.4657359027997265,63.27714266667052,0,100,10,5306,33,17,0,6,10,0,0,0,27,6,32,27506.0,1,0,0,0,0,0,0,0,1,0,MLP,0,pyrat,UNSAT,7.322766304016113,solved,600.0
meap9,sweep_all,synthetic,MEAP,sweep_all::meap9,onnx,0.0010000000474974513,645.0449640723831,0.9523809523809523,3.5553480614894135,63.7356139149746,0,100,10,5306,33,17,0,6,10,0,0,0,27,6,32,27506.0,1,0,0,0,0,0,0,0,1,0,MLP,0,abcrown,UNSAT,26.23263168334961,solved,600.0
meap9,sweep_all,synthetic,MEAP,sweep_all::meap9,onnx,0.0010000000474974513,645.0449640723831,0.9523809523809523,3.5553480614894135,63.7356139149746,0,100,10,5306,33,17,0,6,10,0,0,0,27,6,32,27506.0,1,0,0,0,0,0,0,0,1,0,MLP,0,neuralsat,UNSAT,491.7003083229065,solved,600.0
meap9,sweep_all,synthetic,MEAP,sweep_all::meap9,onnx,0.0010000000474974513,645.0449640723831,0.9523809523809523,3.5553480614894135,63.7356139149746,0,100,10,5306,33,17,0,6,10,0,0,0,27,6,32,27506.0,1,0,0,0,0,0,0,0,1,0,MLP,0,marabou,TIMEOUT,600.009560585022,timeout,600.0
meap9,sweep_all,synthetic,MEAP,sweep_all::meap9,onnx,0.0010000000474974513,645.0449640723831,0.9523809523809523,3.5553480614894135,63.7356139149746,0,100,10,5306,33,17,0,6,10,0,0,0,27,6,32,27506.0,1,0,0,0,0,0,0,0,1,0,MLP,0,nnenum,ERROR,1.3235819339752197,error,600.0
meap9,sweep_all,synthetic,MEAP,sweep_all::meap9,onnx,0.0010000000474974513,645.0449640723831,0.9523809523809523,3.5553480614894135,63.7356139149746,0,100,10,5306,33,17,0,6,10,0,0,0,27,6,32,27506.0,1,0,0,0,0,0,0,0,1,0,MLP,0,pyrat,UNSAT,7.554126977920532,solved,600.0
meap10,sweep_all,synthetic,MEAP,sweep_all::meap10,onnx,9.999999747378752e-05,645.0449604239334,0.9523809523809523,3.58351893845611,63.467704338576624,0,100,10,5306,33,17,0,6,10,0,0,0,27,6,32,27506.0,1,0,0,0,0,0,0,0,1,0,MLP,0,abcrown,UNSAT,24.599721431732178,solved,600.0
meap10,sweep_all,synthetic,MEAP,sweep_all::meap10,onnx,9.999999747378752e-05,645.0449604239334,0.9523809523809523,3.58351893845611,63.467704338576624,0,100,10,5306,33,17,0,6,10,0,0,0,27,6,32,27506.0,1,0,0,0,0,0,0,0,1,0,MLP,0,neuralsat,UNSAT,488.29221963882446,solved,600.0
meap10,sweep_all,synthetic,MEAP,sweep_all::meap10,onnx,9.999999747378752e-05,645.0449604239334,0.9523809523809523,3.58351893845611,63.467704338576624,0,100,10,5306,33,17,0,6,10,0,0,0,27,6,32,27506.0,1,0,0,0,0,0,0,0,1,0,MLP,0,marabou,TIMEOUT,600.0079798698425,timeout,600.0
meap10,sweep_all,synthetic,MEAP,sweep_all::meap10,onnx,9.999999747378752e-05,645.0449604239334,0.9523809523809523,3.58351893845611,63.467704338576624,0,100,10,5306,33,17,0,6,10,0,0,0,27,6,32,27506.0,1,0,0,0,0,0,0,0,1,0,MLP,0,nnenum,ERROR,1.2946593761444092,error,600.0
meap10,sweep_all,synthetic,MEAP,sweep_all::meap10,onnx,9.999999747378752e-05,645.0449604239334,0.9523809523809523,3.58351893845611,63.467704338576624,0,100,10,5306,33,17,0,6,10,0,0,0,27,6,32,27506.0,1,0,0,0,0,0,0,0,1,0,MLP,0,pyrat,UNSAT,7.148808002471924,solved,600.0
meap11,sweep_all,synthetic,MEAP,sweep_all::meap11,onnx,9.999999747378752e-06,645.0449023698914,0.9523809523809523,3.6635616461296463,63.52820945876017,0,100,10,5306,33,17,0,6,10,0,0,0,27,6,32,27506.0,1,0,0,0,0,0,0,0,1,0,MLP,0,abcrown,UNSAT,28.774168491363525,solved,600.0
meap11,sweep_all,synthetic,MEAP,sweep_all::meap11,onnx,9.999999747378752e-06,645.0449023698914,0.9523809523809523,3.6635616461296463,63.52820945876017,0,100,10,5306,33,17,0,6,10,0,0,0,27,6,32,27506.0,1,0,0,0,0,0,0,0,1,0,MLP,0,neuralsat,TIMEOUT,600.7686212062836,timeout,600.0
meap11,sweep_all,synthetic,MEAP,sweep_all::meap11,onnx,9.999999747378752e-06,645.0449023698914,0.9523809523809523,3.6635616461296463,63.52820945876017,0,100,10,5306,33,17,0,6,10,0,0,0,27,6,32,27506.0,1,0,0,0,0,0,0,0,1,0,MLP,0,marabou,SAT,0.14344143867492676,counterexample,600.0
meap11,sweep_all,synthetic,MEAP,sweep_all::meap11,onnx,9.999999747378752e-06,645.0449023698914,0.9523809523809523,3.6635616461296463,63.52820945876017,0,100,10,5306,33,17,0,6,10,0,0,0,27,6,32,27506.0,1,0,0,0,0,0,0,0,1,0,MLP,0,nnenum,ERROR,1.3241431713104248,error,600.0
meap11,sweep_all,synthetic,MEAP,sweep_all::meap11,onnx,9.999999747378752e-06,645.0449023698914,0.9523809523809523,3.6635616461296463,63.52820945876017,0,100,10,5306,33,17,0,6,10,0,0,0,27,6,32,27506.0,1,0,0,0,0,0,0,0,1,0,MLP,0,pyrat,UNSAT,7.36923885345459,solved,600.0
meap12,sweep_all,synthetic,MEAP,sweep_all::meap12,onnx,1.0,645.0449829095112,0.9523809523809523,3.58351893845611,63.43706717714754,0,100,10,5306,33,17,0,6,10,0,0,0,27,6,32,27506.0,1,0,0,0,0,0,0,0,1,0,MLP,0,abcrown,UNSAT,25.734852075576782,solved,600.0
meap12,sweep_all,synthetic,MEAP,sweep_all::meap12,onnx,1.0,645.0449829095112,0.9523809523809523,3.58351893845611,63.43706717714754,0,100,10,5306,33,17,0,6,10,0,0,0,27,6,32,27506.0,1,0,0,0,0,0,0,0,1,0,MLP,0,neuralsat,UNSAT,479.2031033039093,solved,600.0
meap12,sweep_all,synthetic,MEAP,sweep_all::meap12,onnx,1.0,645.0449829095112,0.9523809523809523,3.58351893845611,63.43706717714754,0,100,10,5306,33,17,0,6,10,0,0,0,27,6,32,27506.0,1,0,0,0,0,0,0,0,1,0,MLP,0,marabou,TIMEOUT,600.0074799060822,timeout,600.0
meap12,sweep_all,synthetic,MEAP,sweep_all::meap12,onnx,1.0,645.0449829095112,0.9523809523809523,3.58351893845611,63.43706717714754,0,100,10,5306,33,17,0,6,10,0,0,0,27,6,32,27506.0,1,0,0,0,0,0,0,0,1,0,MLP,0,nnenum,ERROR,1.359008550643921,error,600.0
meap12,sweep_all,synthetic,MEAP,sweep_all::meap12,onnx,1.0,645.0449829095112,0.9523809523809523,3.58351893845611,63.43706717714754,0,100,10,5306,33,17,0,6,10,0,0,0,27,6,32,27506.0,1,0,0,0,0,0,0,0,1,0,MLP,0,pyrat,UNSAT,7.29447078704834,solved,600.0
meap13,sweep_all,synthetic,MEAP,sweep_all::meap13,onnx,0.0010000001639127731,40.99999250842064,0.5714285714285714,0.6931471805599453,70.75047898794142,0,100,10,462,15,8,0,3,4,0,0,0,12,3,10,4580.0,1,0,0,0,0,0,0,0,1,0,MLP,0,abcrown,UNSAT,8.854910135269165,solved,600.0
meap13,sweep_all,synthetic,MEAP,sweep_all::meap13,onnx,0.0010000001639127731,40.99999250842064,0.5714285714285714,0.6931471805599453,70.75047898794142,0,100,10,462,15,8,0,3,4,0,0,0,12,3,10,4580.0,1,0,0,0,0,0,0,0,1,0,MLP,0,neuralsat,UNSAT,175.20037698745728,solved,600.0
meap13,sweep_all,synthetic,MEAP,sweep_all::meap13,onnx,0.0010000001639127731,40.99999250842064,0.5714285714285714,0.6931471805599453,70.75047898794142,0,100,10,462,15,8,0,3,4,0,0,0,12,3,10,4580.0,1,0,0,0,0,0,0,0,1,0,MLP,0,marabou,UNSAT,0.1327221393585205,solved,600.0
meap13,sweep_all,synthetic,MEAP,sweep_all::meap13,onnx,0.0010000001639127731,40.99999250842064,0.5714285714285714,0.6931471805599453,70.75047898794142,0,100,10,462,15,8,0,3,4,0,0,0,12,3,10,4580.0,1,0,0,0,0,0,0,0,1,0,MLP,0,nnenum,ERROR,1.25480055809021,error,600.0
meap13,sweep_all,synthetic,MEAP,sweep_all::meap13,onnx,0.0010000001639127731,40.99999250842064,0.5714285714285714,0.6931471805599453,70.75047898794142,0,100,10,462,15,8,0,3,4,0,0,0,12,3,10,4580.0,1,0,0,0,0,0,0,0,1,0,MLP,0,pyrat,UNSAT,4.6588358879089355,solved,600.0
meap14,sweep_all,synthetic,MEAP,sweep_all::meap14,onnx,100.0,645.0449999999936,0.9523809523809523,3.5553480614894135,63.46136499900791,0,100,10,5306,33,17,0,6,10,0,0,0,27,6,32,27506.0,1,0,0,0,0,0,0,0,1,0,MLP,0,abcrown,UNSAT,23.356231212615967,solved,600.0
meap14,sweep_all,synthetic,MEAP,sweep_all::meap14,onnx,100.0,645.0449999999936,0.9523809523809523,3.5553480614894135,63.46136499900791,0,100,10,5306,33,17,0,6,10,0,0,0,27,6,32,27506.0,1,0,0,0,0,0,0,0,1,0,MLP,0,neuralsat,TIMEOUT,600.7722275257111,timeout,600.0
meap14,sweep_all,synthetic,MEAP,sweep_all::meap14,onnx,100.0,645.0449999999936,0.9523809523809523,3.5553480614894135,63.46136499900791,0,100,10,5306,33,17,0,6,10,0,0,0,27,6,32,27506.0,1,0,0,0,0,0,0,0,1,0,MLP,0,marabou,TIMEOUT,600.0070691108704,timeout,600.0
meap14,sweep_all,synthetic,MEAP,sweep_all::meap14,onnx,100.0,645.0449999999936,0.9523809523809523,3.5553480614894135,63.46136499900791,0,100,10,5306,33,17,0,6,10,0,0,0,27,6,32,27506.0,1,0,0,0,0,0,0,0,1,0,MLP,0,nnenum,ERROR,1.338477611541748,error,600.0
meap14,sweep_all,synthetic,MEAP,sweep_all::meap14,onnx,100.0,645.0449999999936,0.9523809523809523,3.5553480614894135,63.46136499900791,0,100,10,5306,33,17,0,6,10,0,0,0,27,6,32,27506.0,1,0,0,0,0,0,0,0,1,0,MLP,0,pyrat,UNSAT,6.022543907165527,solved,600.0
milp1,sweep_all,synthetic,MILP,sweep_all::milp1,onnx,0.04671812057495117,13.56779918317475,0.8333333333333334,3.2188758248682006,32.35174663335047,0,50,5,1285,5,3,0,2,0,0,0,0,5,2,20,5940.0,1,0,0,0,0,0,0,0,0,0,MLP,0,abcrown,UNSAT,7.150469541549683,solved,600.0
milp1,sweep_all,synthetic,MILP,sweep_all::milp1,onnx,0.04671812057495117,13.56779918317475,0.8333333333333334,3.2188758248682006,32.35174663335047,0,50,5,1285,5,3,0,2,0,0,0,0,5,2,20,5940.0,1,0,0,0,0,0,0,0,0,0,MLP,0,neuralsat,UNSAT,82.73089218139648,solved,600.0
milp1,sweep_all,synthetic,MILP,sweep_all::milp1,onnx,0.04671812057495117,13.56779918317475,0.8333333333333334,3.2188758248682006,32.35174663335047,0,50,5,1285,5,3,0,2,0,0,0,0,5,2,20,5940.0,1,0,0,0,0,0,0,0,0,0,MLP,0,marabou,UNSAT,0.20496845245361328,solved,600.0
milp1,sweep_all,synthetic,MILP,sweep_all::milp1,onnx,0.04671812057495117,13.56779918317475,0.8333333333333334,3.2188758248682006,32.35174663335047,0,50,5,1285,5,3,0,2,0,0,0,0,5,2,20,5940.0,1,0,0,0,0,0,0,0,0,0,MLP,0,nnenum,UNSAT,1.4965834617614746,solved,600.0
milp1,sweep_all,synthetic,MILP,sweep_all::milp1,onnx,0.04671812057495117,13.56779918317475,0.8333333333333334,3.2188758248682006,32.35174663335047,0,50,5,1285,5,3,0,2,0,0,0,0,5,2,20,5940.0,1,0,0,0,0,0,0,0,0,0,MLP,0,pyrat,UNSAT,4.206479072570801,solved,600.0
milp2,sweep_all,synthetic,MILP,sweep_all::milp2,onnx,0.009411066770553589,143.4963851606485,0.9666666666666667,4.23410650459726,32.992183582693706,0,50,5,1285,5,3,0,2,0,0,0,0,5,2,20,5940.0,1,0,0,0,0,0,0,0,0,0,MLP,0,abcrown,UNSAT,9.415895938873291,solved,600.0
milp2,sweep_all,synthetic,MILP,sweep_all::milp2,onnx,0.009411066770553589,143.4963851606485,0.9666666666666667,4.23410650459726,32.992183582693706,0,50,5,1285,5,3,0,2,0,0,0,0,5,2,20,5940.0,1,0,0,0,0,0,0,0,0,0,MLP,0,neuralsat,UNSAT,73.52887892723083,solved,600.0
milp2,sweep_all,synthetic,MILP,sweep_all::milp2,onnx,0.009411066770553589,143.4963851606485,0.9666666666666667,4.23410650459726,32.992183582693706,0,50,5,1285,5,3,0,2,0,0,0,0,5,2,20,5940.0,1,0,0,0,0,0,0,0,0,0,MLP,0,marabou,UNSAT,58.747788190841675,solved,600.0
milp2,sweep_all,synthetic,MILP,sweep_all::milp2,onnx,0.009411066770553589,143.4963851606485,0.9666666666666667,4.23410650459726,32.992183582693706,0,50,5,1285,5,3,0,2,0,0,0,0,5,2,20,5940.0,1,0,0,0,0,0,0,0,0,0,MLP,0,nnenum,UNSAT,6.630540370941162,solved,600.0
milp2,sweep_all,synthetic,MILP,sweep_all::milp2,onnx,0.009411066770553589,143.4963851606485,0.9666666666666667,4.23410650459726,32.992183582693706,0,50,5,1285,5,3,0,2,0,0,0,0,5,2,20,5940.0,1,0,0,0,0,0,0,0,0,0,MLP,0,pyrat,UNSAT,6.5339250564575195,solved,600.0
milp3,sweep_all,synthetic,MILP,sweep_all::milp3,onnx,0.001780688762664795,853.1880497300713,0.9666666666666667,4.465908118654584,32.72965686580451,0,50,5,1285,5,3,0,2,0,0,0,0,5,2,20,5940.0,1,0,0,0,0,0,0,0,0,0,MLP,0,abcrown,UNSAT,10.895057201385498,solved,600.0
milp3,sweep_all,synthetic,MILP,sweep_all::milp3,onnx,0.001780688762664795,853.1880497300713,0.9666666666666667,4.465908118654584,32.72965686580451,0,50,5,1285,5,3,0,2,0,0,0,0,5,2,20,5940.0,1,0,0,0,0,0,0,0,0,0,MLP,0,neuralsat,UNSAT,88.28327703475952,solved,600.0
milp3,sweep_all,synthetic,MILP,sweep_all::milp3,onnx,0.001780688762664795,853.1880497300713,0.9666666666666667,4.465908118654584,32.72965686580451,0,50,5,1285,5,3,0,2,0,0,0,0,5,2,20,5940.0,1,0,0,0,0,0,0,0,0,0,MLP,0,marabou,UNSAT,119.7146372795105,solved,600.0
milp3,sweep_all,synthetic,MILP,sweep_all::milp3,onnx,0.001780688762664795,853.1880497300713,0.9666666666666667,4.465908118654584,32.72965686580451,0,50,5,1285,5,3,0,2,0,0,0,0,5,2,20,5940.0,1,0,0,0,0,0,0,0,0,0,MLP,0,nnenum,UNSAT,17.977757930755615,solved,600.0
milp3,sweep_all,synthetic,MILP,sweep_all::milp3,onnx,0.001780688762664795,853.1880497300713,0.9666666666666667,4.465908118654584,32.72965686580451,0,50,5,1285,5,3,0,2,0,0,0,0,5,2,20,5940.0,1,0,0,0,0,0,0,0,0,0,MLP,0,pyrat,UNSAT,11.663242101669312,solved,600.0
milp4,sweep_all,synthetic,MILP,sweep_all::milp4,onnx,0.0010389089584350586,1478.6321270908015,0.9666666666666667,4.553876891600541,32.99541444196227,0,50,5,1285,5,3,0,2,0,0,0,0,5,2,20,5940.0,1,0,0,0,0,0,0,0,0,0,MLP,0,abcrown,UNSAT,11.329006671905518,solved,600.0
milp4,sweep_all,synthetic,MILP,sweep_all::milp4,onnx,0.0010389089584350586,1478.6321270908015,0.9666666666666667,4.553876891600541,32.99541444196227,0,50,5,1285,5,3,0,2,0,0,0,0,5,2,20,5940.0,1,0,0,0,0,0,0,0,0,0,MLP,0,neuralsat,UNSAT,89.84573745727539,solved,600.0
milp4,sweep_all,synthetic,MILP,sweep_all::milp4,onnx,0.0010389089584350586,1478.6321270908015,0.9666666666666667,4.553876891600541,32.99541444196227,0,50,5,1285,5,3,0,2,0,0,0,0,5,2,20,5940.0,1,0,0,0,0,0,0,0,0,0,MLP,0,marabou,UNSAT,149.4255599975586,solved,600.0
milp4,sweep_all,synthetic,MILP,sweep_all::milp4,onnx,0.0010389089584350586,1478.6321270908015,0.9666666666666667,4.553876891600541,32.99541444196227,0,50,5,1285,5,3,0,2,0,0,0,0,5,2,20,5940.0,1,0,0,0,0,0,0,0,0,0,MLP,0,nnenum,UNSAT,19.39266538619995,solved,600.0
milp4,sweep_all,synthetic,MILP,sweep_all::milp4,onnx,0.0010389089584350586,1478.6321270908015,0.9666666666666667,4.553876891600541,32.99541444196227,0,50,5,1285,5,3,0,2,0,0,0,0,5,2,20,5940.0,1,0,0,0,0,0,0,0,0,0,MLP,0,pyrat,UNSAT,17.019423007965088,solved,600.0
milp5,sweep_all,synthetic,MILP,sweep_all::milp5,onnx,0.0010890364646911621,1412.2381903730816,0.9666666666666667,4.605170185988092,32.895947438980755,0,50,5,1285,5,3,0,2,0,0,0,0,5,2,20,5940.0,1,0,0,0,0,0,0,0,0,0,MLP,0,abcrown,TIMEOUT,11.638338565826416,timeout,600.0
milp5,sweep_all,synthetic,MILP,sweep_all::milp5,onnx,0.0010890364646911621,1412.2381903730816,0.9666666666666667,4.605170185988092,32.895947438980755,0,50,5,1285,5,3,0,2,0,0,0,0,5,2,20,5940.0,1,0,0,0,0,0,0,0,0,0,MLP,0,neuralsat,UNSAT,91.64986181259155,solved,600.0
milp5,sweep_all,synthetic,MILP,sweep_all::milp5,onnx,0.0010890364646911621,1412.2381903730816,0.9666666666666667,4.605170185988092,32.895947438980755,0,50,5,1285,5,3,0,2,0,0,0,0,5,2,20,5940.0,1,0,0,0,0,0,0,0,0,0,MLP,0,marabou,UNSAT,122.41134786605835,solved,600.0
milp5,sweep_all,synthetic,MILP,sweep_all::milp5,onnx,0.0010890364646911621,1412.2381903730816,0.9666666666666667,4.605170185988092,32.895947438980755,0,50,5,1285,5,3,0,2,0,0,0,0,5,2,20,5940.0,1,0,0,0,0,0,0,0,0,0,MLP,0,nnenum,UNSAT,20.0799777507782,solved,600.0
milp5,sweep_all,synthetic,MILP,sweep_all::milp5,onnx,0.0010890364646911621,1412.2381903730816,0.9666666666666667,4.605170185988092,32.895947438980755,0,50,5,1285,5,3,0,2,0,0,0,0,5,2,20,5940.0,1,0,0,0,0,0,0,0,0,0,MLP,0,pyrat,UNKNOWN,14.754533767700195,other,600.0
milp6,sweep_all,synthetic,MILP,sweep_all::milp6,onnx,0.0011395812034606934,1349.7992037948704,0.9666666666666667,4.3694478524670215,32.84029731011398,0,50,5,1285,5,3,0,2,0,0,0,0,5,2,20,5940.0,1,0,0,0,0,0,0,0,0,0,MLP,0,abcrown,TIMEOUT,13.128538608551025,timeout,600.0
milp6,sweep_all,synthetic,MILP,sweep_all::milp6,onnx,0.0011395812034606934,1349.7992037948704,0.9666666666666667,4.3694478524670215,32.84029731011398,0,50,5,1285,5,3,0,2,0,0,0,0,5,2,20,5940.0,1,0,0,0,0,0,0,0,0,0,MLP,0,neuralsat,UNSAT,76.03787851333618,solved,600.0
milp6,sweep_all,synthetic,MILP,sweep_all::milp6,onnx,0.0011395812034606934,1349.7992037948704,0.9666666666666667,4.3694478524670215,32.84029731011398,0,50,5,1285,5,3,0,2,0,0,0,0,5,2,20,5940.0,1,0,0,0,0,0,0,0,0,0,MLP,0,marabou,UNSAT,139.47671794891357,solved,600.0
milp6,sweep_all,synthetic,MILP,sweep_all::milp6,onnx,0.0011395812034606934,1349.7992037948704,0.9666666666666667,4.3694478524670215,32.84029731011398,0,50,5,1285,5,3,0,2,0,0,0,0,5,2,20,5940.0,1,0,0,0,0,0,0,0,0,0,MLP,0,nnenum,UNSAT,19.45915722846985,solved,600.0
milp6,sweep_all,synthetic,MILP,sweep_all::milp6,onnx,0.0011395812034606934,1349.7992037948704,0.9666666666666667,4.3694478524670215,32.84029731011398,0,50,5,1285,5,3,0,2,0,0,0,0,5,2,20,5940.0,1,0,0,0,0,0,0,0,0,0,MLP,0,pyrat,UNKNOWN,13.78966212272644,other,600.0
milp7,sweep_all,synthetic,MILP,sweep_all::milp7,onnx,0.0014224052429199219,1081.6242868694835,0.9666666666666667,4.5217885770490405,33.168340565534,0,50,5,1285,5,3,0,2,0,0,0,0,5,2,20,5940.0,1,0,0,0,0,0,0,0,0,0,MLP,0,abcrown,TIMEOUT,11.086543560028076,timeout,600.0
milp7,sweep_all,synthetic,MILP,sweep_all::milp7,onnx,0.0014224052429199219,1081.6242868694835,0.9666666666666667,4.5217885770490405,33.168340565534,0,50,5,1285,5,3,0,2,0,0,0,0,5,2,20,5940.0,1,0,0,0,0,0,0,0,0,0,MLP,0,neuralsat,SAT,34.4378881454468,counterexample,600.0
milp7,sweep_all,synthetic,MILP,sweep_all::milp7,onnx,0.0014224052429199219,1081.6242868694835,0.9666666666666667,4.5217885770490405,33.168340565534,0,50,5,1285,5,3,0,2,0,0,0,0,5,2,20,5940.0,1,0,0,0,0,0,0,0,0,0,MLP,0,marabou,SAT,4.2808756828308105,counterexample,600.0
milp7,sweep_all,synthetic,MILP,sweep_all::milp7,onnx,0.0014224052429199219,1081.6242868694835,0.9666666666666667,4.5217885770490405,33.168340565534,0,50,5,1285,5,3,0,2,0,0,0,0,5,2,20,5940.0,1,0,0,0,0,0,0,0,0,0,MLP,0,nnenum,SAT,14.238492965698242,counterexample,600.0
milp7,sweep_all,synthetic,MILP,sweep_all::milp7,onnx,0.0014224052429199219,1081.6242868694835,0.9666666666666667,4.5217885770490405,33.168340565534,0,50,5,1285,5,3,0,2,0,0,0,0,5,2,20,5940.0,1,0,0,0,0,0,0,0,0,0,MLP,0,pyrat,UNKNOWN,15.8851797580719,other,600.0
milp8,sweep_all,synthetic,MILP,sweep_all::milp8,onnx,0.0774068683385849,12.104775321244121,0.8666666666666667,3.091042453358316,33.24253923180555,0,50,5,1285,5,3,0,2,0,0,0,0,5,2,20,5940.0,1,0,0,0,0,0,0,0,0,0,MLP,0,abcrown,UNSAT,8.153729438781738,solved,600.0
milp8,sweep_all,synthetic,MILP,sweep_all::milp8,onnx,0.0774068683385849,12.104775321244121,0.8666666666666667,3.091042453358316,33.24253923180555,0,50,5,1285,5,3,0,2,0,0,0,0,5,2,20,5940.0,1,0,0,0,0,0,0,0,0,0,MLP,0,neuralsat,UNSAT,84.27165937423706,solved,600.0
milp8,sweep_all,synthetic,MILP,sweep_all::milp8,onnx,0.0774068683385849,12.104775321244121,0.8666666666666667,3.091042453358316,33.24253923180555,0,50,5,1285,5,3,0,2,0,0,0,0,5,2,20,5940.0,1,0,0,0,0,0,0,0,0,0,MLP,0,marabou,UNSAT,0.48194432258605957,solved,600.0
milp8,sweep_all,synthetic,MILP,sweep_all::milp8,onnx,0.0774068683385849,12.104775321244121,0.8666666666666667,3.091042453358316,33.24253923180555,0,50,5,1285,5,3,0,2,0,0,0,0,5,2,20,5940.0,1,0,0,0,0,0,0,0,0,0,MLP,0,nnenum,UNSAT,1.7124927043914795,solved,600.0
milp8,sweep_all,synthetic,MILP,sweep_all::milp8,onnx,0.0774068683385849,12.104775321244121,0.8666666666666667,3.091042453358316,33.24253923180555,0,50,5,1285,5,3,0,2,0,0,0,0,5,2,20,5940.0,1,0,0,0,0,0,0,0,0,0,MLP,0,pyrat,UNSAT,6.421873092651367,solved,600.0
milp9,sweep_all,synthetic,MILP,sweep_all::milp9,onnx,0.022936195135116577,76.34656858781675,1.0,4.48863636973214,33.8248596665537,0,50,5,1285,5,3,0,2,0,0,0,0,5,2,20,5940.0,1,0,0,0,0,0,0,0,0,0,MLP,0,abcrown,UNSAT,13.480918645858765,solved,600.0
milp9,sweep_all,synthetic,MILP,sweep_all::milp9,onnx,0.022936195135116577,76.34656858781675,1.0,4.48863636973214,33.8248596665537,0,50,5,1285,5,3,0,2,0,0,0,0,5,2,20,5940.0,1,0,0,0,0,0,0,0,0,0,MLP,0,neuralsat,UNSAT,85.22190999984741,solved,600.0
milp9,sweep_all,synthetic,MILP,sweep_all::milp9,onnx,0.022936195135116577,76.34656858781675,1.0,4.48863636973214,33.8248596665537,0,50,5,1285,5,3,0,2,0,0,0,0,5,2,20,5940.0,1,0,0,0,0,0,0,0,0,0,MLP,0,marabou,UNSAT,215.64988827705383,solved,600.0
milp9,sweep_all,synthetic,MILP,sweep_all::milp9,onnx,0.022936195135116577,76.34656858781675,1.0,4.48863636973214,33.8248596665537,0,50,5,1285,5,3,0,2,0,0,0,0,5,2,20,5940.0,1,0,0,0,0,0,0,0,0,0,MLP,0,nnenum,UNSAT,43.375298500061035,solved,600.0
milp9,sweep_all,synthetic,MILP,sweep_all::milp9,onnx,0.022936195135116577,76.34656858781675,1.0,4.48863636973214,33.8248596665537,0,50,5,1285,5,3,0,2,0,0,0,0,5,2,20,5940.0,1,0,0,0,0,0,0,0,0,0,MLP,0,pyrat,UNSAT,24.20536494255066,solved,600.0
milp10,sweep_all,synthetic,MILP,sweep_all::milp10,onnx,0.010376662015914917,184.98700681478667,1.0,4.653960350157523,33.81587768818747,0,50,5,1285,5,3,0,2,0,0,0,0,5,2,20,5940.0,1,0,0,0,0,0,0,0,0,0,MLP,0,abcrown,UNSAT,30.459721565246582,solved,600.0
milp10,sweep_all,synthetic,MILP,sweep_all::milp10,onnx,0.010376662015914917,184.98700681478667,1.0,4.653960350157523,33.81587768818747,0,50,5,1285,5,3,0,2,0,0,0,0,5,2,20,5940.0,1,0,0,0,0,0,0,0,0,0,MLP,0,neuralsat,UNSAT,86.12595582008362,solved,600.0
milp10,sweep_all,synthetic,MILP,sweep_all::milp10,onnx,0.010376662015914917,184.98700681478667,1.0,4.653960350157523,33.81587768818747,0,50,5,1285,5,3,0,2,0,0,0,0,5,2,20,5940.0,1,0,0,0,0,0,0,0,0,0,MLP,0,marabou,UNSAT,540.487202167511,solved,600.0
milp10,sweep_all,synthetic,MILP,sweep_all::milp10,onnx,0.010376662015914917,184.98700681478667,1.0,4.653960350157523,33.81587768818747,0,50,5,1285,5,3,0,2,0,0,0,0,5,2,20,5940.0,1,0,0,0,0,0,0,0,0,0,MLP,0,nnenum,UNSAT,141.8957588672638,solved,600.0
milp10,sweep_all,synthetic,MILP,sweep_all::milp10,onnx,0.010376662015914917,184.98700681478667,1.0,4.653960350157523,33.81587768818747,0,50,5,1285,5,3,0,2,0,0,0,0,5,2,20,5940.0,1,0,0,0,0,0,0,0,0,0,MLP,0,pyrat,UNSAT,39.13710808753967,solved,600.0
milp11,sweep_all,synthetic,MILP,sweep_all::milp11,onnx,0.008300289511680603,233.19333489703416,1.0,4.663439094112067,33.84638366623409,0,50,5,1285,5,3,0,2,0,0,0,0,5,2,20,5940.0,1,0,0,0,0,0,0,0,0,0,MLP,0,abcrown,UNSAT,29.872689962387085,solved,600.0
milp11,sweep_all,synthetic,MILP,sweep_all::milp11,onnx,0.008300289511680603,233.19333489703416,1.0,4.663439094112067,33.84638366623409,0,50,5,1285,5,3,0,2,0,0,0,0,5,2,20,5940.0,1,0,0,0,0,0,0,0,0,0,MLP,0,neuralsat,UNSAT,81.67375898361206,solved,600.0
milp11,sweep_all,synthetic,MILP,sweep_all::milp11,onnx,0.008300289511680603,233.19333489703416,1.0,4.663439094112067,33.84638366623409,0,50,5,1285,5,3,0,2,0,0,0,0,5,2,20,5940.0,1,0,0,0,0,0,0,0,0,0,MLP,0,marabou,TIMEOUT,600.0063519477844,timeout,600.0
milp11,sweep_all,synthetic,MILP,sweep_all::milp11,onnx,0.008300289511680603,233.19333489703416,1.0,4.663439094112067,33.84638366623409,0,50,5,1285,5,3,0,2,0,0,0,0,5,2,20,5940.0,1,0,0,0,0,0,0,0,0,0,MLP,0,nnenum,UNSAT,169.95005750656128,solved,600.0
milp11,sweep_all,synthetic,MILP,sweep_all::milp11,onnx,0.008300289511680603,233.19333489703416,1.0,4.663439094112067,33.84638366623409,0,50,5,1285,5,3,0,2,0,0,0,0,5,2,20,5940.0,1,0,0,0,0,0,0,0,0,0,MLP,0,pyrat,UNKNOWN,31.83538579940796,other,600.0
milp12,sweep_all,synthetic,MILP,sweep_all::milp12,onnx,0.008616462349891663,224.88328739212255,1.0,4.59511985013459,33.758575229113,0,50,5,1285,5,3,0,2,0,0,0,0,5,2,20,5940.0,1,0,0,0,0,0,0,0,0,0,MLP,0,abcrown,TIMEOUT,30.609461784362793,timeout,600.0
milp12,sweep_all,synthetic,MILP,sweep_all::milp12,onnx,0.008616462349891663,224.88328739212255,1.0,4.59511985013459,33.758575229113,0,50,5,1285,5,3,0,2,0,0,0,0,5,2,20,5940.0,1,0,0,0,0,0,0,0,0,0,MLP,0,neuralsat,UNSAT,91.93219065666199,solved,600.0
milp12,sweep_all,synthetic,MILP,sweep_all::milp12,onnx,0.008616462349891663,224.88328739212255,1.0,4.59511985013459,33.758575229113,0,50,5,1285,5,3,0,2,0,0,0,0,5,2,20,5940.0,1,0,0,0,0,0,0,0,0,0,MLP,0,marabou,TIMEOUT,600.0189237594604,timeout,600.0
milp12,sweep_all,synthetic,MILP,sweep_all::milp12,onnx,0.008616462349891663,224.88328739212255,1.0,4.59511985013459,33.758575229113,0,50,5,1285,5,3,0,2,0,0,0,0,5,2,20,5940.0,1,0,0,0,0,0,0,0,0,0,MLP,0,nnenum,UNSAT,168.5177435874939,solved,600.0
milp12,sweep_all,synthetic,MILP,sweep_all::milp12,onnx,0.008616462349891663,224.88328739212255,1.0,4.59511985013459,33.758575229113,0,50,5,1285,5,3,0,2,0,0,0,0,5,2,20,5940.0,1,0,0,0,0,0,0,0,0,0,MLP,0,pyrat,UNKNOWN,32.31307530403137,other,600.0
milp13,sweep_all,synthetic,MILP,sweep_all::milp13,onnx,0.00804390013217926,240.84170929006936,1.0,4.634728988229636,33.94914613498031,0,50,5,1285,5,3,0,2,0,0,0,0,5,2,20,5940.0,1,0,0,0,0,0,0,0,0,0,MLP,0,abcrown,TIMEOUT,28.44678521156311,timeout,600.0
milp13,sweep_all,synthetic,MILP,sweep_all::milp13,onnx,0.00804390013217926,240.84170929006936,1.0,4.634728988229636,33.94914613498031,0,50,5,1285,5,3,0,2,0,0,0,0,5,2,20,5940.0,1,0,0,0,0,0,0,0,0,0,MLP,0,neuralsat,UNSAT,543.1354768276215,solved,600.0
milp13,sweep_all,synthetic,MILP,sweep_all::milp13,onnx,0.00804390013217926,240.84170929006936,1.0,4.634728988229636,33.94914613498031,0,50,5,1285,5,3,0,2,0,0,0,0,5,2,20,5940.0,1,0,0,0,0,0,0,0,0,0,MLP,0,marabou,TIMEOUT,600.006119966507,timeout,600.0
milp13,sweep_all,synthetic,MILP,sweep_all::milp13,onnx,0.00804390013217926,240.84170929006936,1.0,4.634728988229636,33.94914613498031,0,50,5,1285,5,3,0,2,0,0,0,0,5,2,20,5940.0,1,0,0,0,0,0,0,0,0,0,MLP,0,nnenum,UNSAT,169.7692255973816,solved,600.0
milp13,sweep_all,synthetic,MILP,sweep_all::milp13,onnx,0.00804390013217926,240.84170929006936,1.0,4.634728988229636,33.94914613498031,0,50,5,1285,5,3,0,2,0,0,0,0,5,2,20,5940.0,1,0,0,0,0,0,0,0,0,0,MLP,0,pyrat,UNKNOWN,32.010910987854004,other,600.0
milp14,sweep_all,synthetic,MILP,sweep_all::milp14,onnx,0.006822690367698669,283.77446306199937,1.0,4.634728988229636,33.909732765441596,0,50,5,1285,5,3,0,2,0,0,0,0,5,2,20,5940.0,1,0,0,0,0,0,0,0,0,0,MLP,0,abcrown,TIMEOUT,29.627521991729736,timeout,600.0
milp14,sweep_all,synthetic,MILP,sweep_all::milp14,onnx,0.006822690367698669,283.77446306199937,1.0,4.634728988229636,33.909732765441596,0,50,5,1285,5,3,0,2,0,0,0,0,5,2,20,5940.0,1,0,0,0,0,0,0,0,0,0,MLP,0,neuralsat,ERROR,89.51616883277893,error,600.0
milp14,sweep_all,synthetic,MILP,sweep_all::milp14,onnx,0.006822690367698669,283.77446306199937,1.0,4.634728988229636,33.909732765441596,0,50,5,1285,5,3,0,2,0,0,0,0,5,2,20,5940.0,1,0,0,0,0,0,0,0,0,0,MLP,0,marabou,SAT,82.67282748222351,counterexample,600.0
milp14,sweep_all,synthetic,MILP,sweep_all::milp14,onnx,0.006822690367698669,283.77446306199937,1.0,4.634728988229636,33.909732765441596,0,50,5,1285,5,3,0,2,0,0,0,0,5,2,20,5940.0,1,0,0,0,0,0,0,0,0,0,MLP,0,nnenum,UNSAT,146.03988313674927,solved,600.0
milp14,sweep_all,synthetic,MILP,sweep_all::milp14,onnx,0.006822690367698669,283.77446306199937,1.0,4.634728988229636,33.909732765441596,0,50,5,1285,5,3,0,2,0,0,0,0,5,2,20,5940.0,1,0,0,0,0,0,0,0,0,0,MLP,0,pyrat,UNKNOWN,32.18613028526306,other,600.0
milp15,sweep_all,synthetic,MILP,sweep_all::milp15,onnx,0.013059407472610474,9.710306456795342,0.3333333333333333,4.330733340286331,31.84623704644745,0,50,5,1285,5,3,0,2,0,0,0,0,5,2,20,5940.0,1,0,0,0,0,0,0,0,0,0,MLP,0,abcrown,UNSAT,7.105019807815552,solved,600.0
milp15,sweep_all,synthetic,MILP,sweep_all::milp15,onnx,0.013059407472610474,9.710306456795342,0.3333333333333333,4.330733340286331,31.84623704644745,0,50,5,1285,5,3,0,2,0,0,0,0,5,2,20,5940.0,1,0,0,0,0,0,0,0,0,0,MLP,0,neuralsat,UNSAT,81.7155454158783,solved,600.0
milp15,sweep_all,synthetic,MILP,sweep_all::milp15,onnx,0.013059407472610474,9.710306456795342,0.3333333333333333,4.330733340286331,31.84623704644745,0,50,5,1285,5,3,0,2,0,0,0,0,5,2,20,5940.0,1,0,0,0,0,0,0,0,0,0,MLP,0,marabou,UNSAT,0.019572019577026367,solved,600.0
milp15,sweep_all,synthetic,MILP,sweep_all::milp15,onnx,0.013059407472610474,9.710306456795342,0.3333333333333333,4.330733340286331,31.84623704644745,0,50,5,1285,5,3,0,2,0,0,0,0,5,2,20,5940.0,1,0,0,0,0,0,0,0,0,0,MLP,0,nnenum,UNSAT,1.4263334274291992,solved,600.0
milp15,sweep_all,synthetic,MILP,sweep_all::milp15,onnx,0.013059407472610474,9.710306456795342,0.3333333333333333,4.330733340286331,31.84623704644745,0,50,5,1285,5,3,0,2,0,0,0,0,5,2,20,5940.0,1,0,0,0,0,0,0,0,0,0,MLP,0,pyrat,UNSAT,3.787421226501465,solved,600.0
milp16,sweep_all,synthetic,MILP,sweep_all::milp16,onnx,0.004390209913253784,64.91766736918305,0.6666666666666666,4.51085950651685,31.96851558236291,0,50,5,1285,5,3,0,2,0,0,0,0,5,2,20,5940.0,1,0,0,0,0,0,0,0,0,0,MLP,0,abcrown,UNSAT,7.852765321731567,solved,600.0
milp16,sweep_all,synthetic,MILP,sweep_all::milp16,onnx,0.004390209913253784,64.91766736918305,0.6666666666666666,4.51085950651685,31.96851558236291,0,50,5,1285,5,3,0,2,0,0,0,0,5,2,20,5940.0,1,0,0,0,0,0,0,0,0,0,MLP,0,neuralsat,UNSAT,86.68623161315918,solved,600.0
milp16,sweep_all,synthetic,MILP,sweep_all::milp16,onnx,0.004390209913253784,64.91766736918305,0.6666666666666666,4.51085950651685,31.96851558236291,0,50,5,1285,5,3,0,2,0,0,0,0,5,2,20,5940.0,1,0,0,0,0,0,0,0,0,0,MLP,0,marabou,UNSAT,0.8014917373657227,solved,600.0
milp16,sweep_all,synthetic,MILP,sweep_all::milp16,onnx,0.004390209913253784,64.91766736918305,0.6666666666666666,4.51085950651685,31.96851558236291,0,50,5,1285,5,3,0,2,0,0,0,0,5,2,20,5940.0,1,0,0,0,0,0,0,0,0,0,MLP,0,nnenum,UNSAT,1.8343124389648438,solved,600.0
milp16,sweep_all,synthetic,MILP,sweep_all::milp16,onnx,0.004390209913253784,64.91766736918305,0.6666666666666666,4.51085950651685,31.96851558236291,0,50,5,1285,5,3,0,2,0,0,0,0,5,2,20,5940.0,1,0,0,0,0,0,0,0,0,0,MLP,0,pyrat,UNSAT,4.160041809082031,solved,600.0
milp17,sweep_all,synthetic,MILP,sweep_all::milp17,onnx,0.003018990159034729,107.93435369399286,0.7333333333333333,4.382026634673881,32.04930752226021,0,50,5,1285,5,3,0,2,0,0,0,0,5,2,20,5940.0,1,0,0,0,0,0,0,0,0,0,MLP,0,abcrown,UNSAT,9.058955430984497,solved,600.0
milp17,sweep_all,synthetic,MILP,sweep_all::milp17,onnx,0.003018990159034729,107.93435369399286,0.7333333333333333,4.382026634673881,32.04930752226021,0,50,5,1285,5,3,0,2,0,0,0,0,5,2,20,5940.0,1,0,0,0,0,0,0,0,0,0,MLP,0,neuralsat,UNSAT,84.5818521976471,solved,600.0
milp17,sweep_all,synthetic,MILP,sweep_all::milp17,onnx,0.003018990159034729,107.93435369399286,0.7333333333333333,4.382026634673881,32.04930752226021,0,50,5,1285,5,3,0,2,0,0,0,0,5,2,20,5940.0,1,0,0,0,0,0,0,0,0,0,MLP,0,marabou,UNSAT,2.524588108062744,solved,600.0
milp17,sweep_all,synthetic,MILP,sweep_all::milp17,onnx,0.003018990159034729,107.93435369399286,0.7333333333333333,4.382026634673881,32.04930752226021,0,50,5,1285,5,3,0,2,0,0,0,0,5,2,20,5940.0,1,0,0,0,0,0,0,0,0,0,MLP,0,nnenum,UNSAT,1.940579891204834,solved,600.0
milp17,sweep_all,synthetic,MILP,sweep_all::milp17,onnx,0.003018990159034729,107.93435369399286,0.7333333333333333,4.382026634673881,32.04930752226021,0,50,5,1285,5,3,0,2,0,0,0,0,5,2,20,5940.0,1,0,0,0,0,0,0,0,0,0,MLP,0,pyrat,UNSAT,5.149338245391846,solved,600.0
milp18,sweep_all,synthetic,MILP,sweep_all::milp18,onnx,0.0028813332319259644,114.54960355555461,0.7333333333333333,4.394449154672439,32.10356622198843,0,50,5,1285,5,3,0,2,0,0,0,0,5,2,20,5940.0,1,0,0,0,0,0,0,0,0,0,MLP,0,abcrown,UNSAT,8.959893703460693,solved,600.0
milp18,sweep_all,synthetic,MILP,sweep_all::milp18,onnx,0.0028813332319259644,114.54960355555461,0.7333333333333333,4.394449154672439,32.10356622198843,0,50,5,1285,5,3,0,2,0,0,0,0,5,2,20,5940.0,1,0,0,0,0,0,0,0,0,0,MLP,0,neuralsat,UNSAT,72.78581213951111,solved,600.0
milp18,sweep_all,synthetic,MILP,sweep_all::milp18,onnx,0.0028813332319259644,114.54960355555461,0.7333333333333333,4.394449154672439,32.10356622198843,0,50,5,1285,5,3,0,2,0,0,0,0,5,2,20,5940.0,1,0,0,0,0,0,0,0,0,0,MLP,0,marabou,UNSAT,3.2745656967163086,solved,600.0
milp18,sweep_all,synthetic,MILP,sweep_all::milp18,onnx,0.0028813332319259644,114.54960355555461,0.7333333333333333,4.394449154672439,32.10356622198843,0,50,5,1285,5,3,0,2,0,0,0,0,5,2,20,5940.0,1,0,0,0,0,0,0,0,0,0,MLP,0,nnenum,UNSAT,2.050635576248169,solved,600.0
milp18,sweep_all,synthetic,MILP,sweep_all::milp18,onnx,0.0028813332319259644,114.54960355555461,0.7333333333333333,4.394449154672439,32.10356622198843,0,50,5,1285,5,3,0,2,0,0,0,0,5,2,20,5940.0,1,0,0,0,0,0,0,0,0,0,MLP,0,pyrat,UNSAT,6.4115588665008545,solved,600.0
milp19,sweep_all,synthetic,MILP,sweep_all::milp19,onnx,0.002877950668334961,114.8338993884808,0.7333333333333333,4.5217885770490405,32.08440208664193,0,50,5,1285,5,3,0,2,0,0,0,0,5,2,20,5940.0,1,0,0,0,0,0,0,0,0,0,MLP,0,abcrown,UNSAT,9.178461074829102,solved,600.0
milp19,sweep_all,synthetic,MILP,sweep_all::milp19,onnx,0.002877950668334961,114.8338993884808,0.7333333333333333,4.5217885770490405,32.08440208664193,0,50,5,1285,5,3,0,2,0,0,0,0,5,2,20,5940.0,1,0,0,0,0,0,0,0,0,0,MLP,0,neuralsat,UNSAT,71.33391284942627,solved,600.0
milp19,sweep_all,synthetic,MILP,sweep_all::milp19,onnx,0.002877950668334961,114.8338993884808,0.7333333333333333,4.5217885770490405,32.08440208664193,0,50,5,1285,5,3,0,2,0,0,0,0,5,2,20,5940.0,1,0,0,0,0,0,0,0,0,0,MLP,0,marabou,UNSAT,3.387456178665161,solved,600.0
milp19,sweep_all,synthetic,MILP,sweep_all::milp19,onnx,0.002877950668334961,114.8338993884808,0.7333333333333333,4.5217885770490405,32.08440208664193,0,50,5,1285,5,3,0,2,0,0,0,0,5,2,20,5940.0,1,0,0,0,0,0,0,0,0,0,MLP,0,nnenum,UNSAT,1.886690378189087,solved,600.0
milp19,sweep_all,synthetic,MILP,sweep_all::milp19,onnx,0.002877950668334961,114.8338993884808,0.7333333333333333,4.5217885770490405,32.08440208664193,0,50,5,1285,5,3,0,2,0,0,0,0,5,2,20,5940.0,1,0,0,0,0,0,0,0,0,0,MLP,0,pyrat,UNSAT,6.33768892288208,solved,600.0
milp20,sweep_all,synthetic,MILP,sweep_all::milp20,onnx,0.00286787748336792,115.24888284456915,0.7333333333333333,4.418840607796598,32.10232022915972,0,50,5,1285,5,3,0,2,0,0,0,0,5,2,20,5940.0,1,0,0,0,0,0,0,0,0,0,MLP,0,abcrown,TIMEOUT,9.32926058769226,timeout,600.0
milp20,sweep_all,synthetic,MILP,sweep_all::milp20,onnx,0.00286787748336792,115.24888284456915,0.7333333333333333,4.418840607796598,32.10232022915972,0,50,5,1285,5,3,0,2,0,0,0,0,5,2,20,5940.0,1,0,0,0,0,0,0,0,0,0,MLP,0,neuralsat,UNSAT,85.27792263031006,solved,600.0
milp20,sweep_all,synthetic,MILP,sweep_all::milp20,onnx,0.00286787748336792,115.24888284456915,0.7333333333333333,4.418840607796598,32.10232022915972,0,50,5,1285,5,3,0,2,0,0,0,0,5,2,20,5940.0,1,0,0,0,0,0,0,0,0,0,MLP,0,marabou,SAT,0.9934942722320557,counterexample,600.0
milp20,sweep_all,synthetic,MILP,sweep_all::milp20,onnx,0.00286787748336792,115.24888284456915,0.7333333333333333,4.418840607796598,32.10232022915972,0,50,5,1285,5,3,0,2,0,0,0,0,5,2,20,5940.0,1,0,0,0,0,0,0,0,0,0,MLP,0,nnenum,UNSAT,2.0360889434814453,solved,600.0
milp20,sweep_all,synthetic,MILP,sweep_all::milp20,onnx,0.00286787748336792,115.24888284456915,0.7333333333333333,4.418840607796598,32.10232022915972,0,50,5,1285,5,3,0,2,0,0,0,0,5,2,20,5940.0,1,0,0,0,0,0,0,0,0,0,MLP,0,pyrat,UNSAT,6.82781195640564,solved,600.0
milp21,sweep_all,synthetic,MILP,sweep_all::milp21,onnx,0.002866089344024658,115.32180509650038,0.7333333333333333,4.454347296253507,32.08402098658336,0,50,5,1285,5,3,0,2,0,0,0,0,5,2,20,5940.0,1,0,0,0,0,0,0,0,0,0,MLP,0,abcrown,TIMEOUT,9.033778667449951,timeout,600.0
milp21,sweep_all,synthetic,MILP,sweep_all::milp21,onnx,0.002866089344024658,115.32180509650038,0.7333333333333333,4.454347296253507,32.08402098658336,0,50,5,1285,5,3,0,2,0,0,0,0,5,2,20,5940.0,1,0,0,0,0,0,0,0,0,0,MLP,0,neuralsat,UNSAT,70.22551727294922,solved,600.0
milp21,sweep_all,synthetic,MILP,sweep_all::milp21,onnx,0.002866089344024658,115.32180509650038,0.7333333333333333,4.454347296253507,32.08402098658336,0,50,5,1285,5,3,0,2,0,0,0,0,5,2,20,5940.0,1,0,0,0,0,0,0,0,0,0,MLP,0,marabou,SAT,0.7291431427001953,counterexample,600.0
milp21,sweep_all,synthetic,MILP,sweep_all::milp21,onnx,0.002866089344024658,115.32180509650038,0.7333333333333333,4.454347296253507,32.08402098658336,0,50,5,1285,5,3,0,2,0,0,0,0,5,2,20,5940.0,1,0,0,0,0,0,0,0,0,0,MLP,0,nnenum,SAT,1.7905943393707275,counterexample,600.0
milp21,sweep_all,synthetic,MILP,sweep_all::milp21,onnx,0.002866089344024658,115.32180509650038,0.7333333333333333,4.454347296253507,32.08402098658336,0,50,5,1285,5,3,0,2,0,0,0,0,5,2,20,5940.0,1,0,0,0,0,0,0,0,0,0,MLP,0,pyrat,UNKNOWN,6.345615863800049,other,600.0
milp22,sweep_all,synthetic,MILP,sweep_all::milp22,onnx,0.012558043003082275,19.688257928366863,1.0,2.8903717578961645,36.586364343444274,0,50,5,315,5,3,0,2,0,0,0,0,5,2,5,2056.0,1,0,0,0,0,0,0,0,0,0,MLP,0,abcrown,UNSAT,8.34046745300293,solved,600.0
milp22,sweep_all,synthetic,MILP,sweep_all::milp22,onnx,0.012558043003082275,19.688257928366863,1.0,2.8903717578961645,36.586364343444274,0,50,5,315,5,3,0,2,0,0,0,0,5,2,5,2056.0,1,0,0,0,0,0,0,0,0,0,MLP,0,neuralsat,UNSAT,67.55035948753357,solved,600.0
milp22,sweep_all,synthetic,MILP,sweep_all::milp22,onnx,0.012558043003082275,19.688257928366863,1.0,2.8903717578961645,36.586364343444274,0,50,5,315,5,3,0,2,0,0,0,0,5,2,5,2056.0,1,0,0,0,0,0,0,0,0,0,MLP,0,marabou,UNSAT,0.02359628677368164,solved,600.0
milp22,sweep_all,synthetic,MILP,sweep_all::milp22,onnx,0.012558043003082275,19.688257928366863,1.0,2.8903717578961645,36.586364343444274,0,50,5,315,5,3,0,2,0,0,0,0,5,2,5,2056.0,1,0,0,0,0,0,0,0,0,0,MLP,0,nnenum,UNSAT,1.5105540752410889,solved,600.0
milp22,sweep_all,synthetic,MILP,sweep_all::milp22,onnx,0.012558043003082275,19.688257928366863,1.0,2.8903717578961645,36.586364343444274,0,50,5,315,5,3,0,2,0,0,0,0,5,2,5,2056.0,1,0,0,0,0,0,0,0,0,0,MLP,0,pyrat,UNSAT,3.8000969886779785,solved,600.0
milp23,sweep_all,synthetic,MILP,sweep_all::milp23,onnx,0.011093273758888245,85.95621640233294,1.0,3.258096538021482,32.37961375045327,0,50,5,675,5,3,0,2,0,0,0,0,5,2,10,3500.0,1,0,0,0,0,0,0,0,0,0,MLP,0,abcrown,UNSAT,10.239332675933838,solved,600.0
milp23,sweep_all,synthetic,MILP,sweep_all::milp23,onnx,0.011093273758888245,85.95621640233294,1.0,3.258096538021482,32.37961375045327,0,50,5,675,5,3,0,2,0,0,0,0,5,2,10,3500.0,1,0,0,0,0,0,0,0,0,0,MLP,0,neuralsat,UNSAT,86.66572952270508,solved,600.0
milp23,sweep_all,synthetic,MILP,sweep_all::milp23,onnx,0.011093273758888245,85.95621640233294,1.0,3.258096538021482,32.37961375045327,0,50,5,675,5,3,0,2,0,0,0,0,5,2,10,3500.0,1,0,0,0,0,0,0,0,0,0,MLP,0,marabou,UNSAT,0.6278131008148193,solved,600.0
milp23,sweep_all,synthetic,MILP,sweep_all::milp23,onnx,0.011093273758888245,85.95621640233294,1.0,3.258096538021482,32.37961375045327,0,50,5,675,5,3,0,2,0,0,0,0,5,2,10,3500.0,1,0,0,0,0,0,0,0,0,0,MLP,0,nnenum,UNSAT,2.0224099159240723,solved,600.0
milp23,sweep_all,synthetic,MILP,sweep_all::milp23,onnx,0.011093273758888245,85.95621640233294,1.0,3.258096538021482,32.37961375045327,0,50,5,675,5,3,0,2,0,0,0,0,5,2,10,3500.0,1,0,0,0,0,0,0,0,0,0,MLP,0,pyrat,UNSAT,4.44949197769165,solved,600.0
milp24,sweep_all,synthetic,MILP,sweep_all::milp24,onnx,0.0034487247467041016,933.1890422458293,1.0,5.472270673671475,32.890956031301506,0,50,5,1545,5,3,0,2,0,0,0,0,5,2,20,6980.0,1,0,0,0,0,0,0,0,0,0,MLP,0,abcrown,UNSAT,48.224714517593384,solved,600.0
milp24,sweep_all,synthetic,MILP,sweep_all::milp24,onnx,0.0034487247467041016,933.1890422458293,1.0,5.472270673671475,32.890956031301506,0,50,5,1545,5,3,0,2,0,0,0,0,5,2,20,6980.0,1,0,0,0,0,0,0,0,0,0,MLP,0,neuralsat,UNSAT,145.89815759658813,solved,600.0
milp24,sweep_all,synthetic,MILP,sweep_all::milp24,onnx,0.0034487247467041016,933.1890422458293,1.0,5.472270673671475,32.890956031301506,0,50,5,1545,5,3,0,2,0,0,0,0,5,2,20,6980.0,1,0,0,0,0,0,0,0,0,0,MLP,0,marabou,TIMEOUT,600.0056521892548,timeout,600.0
milp24,sweep_all,synthetic,MILP,sweep_all::milp24,onnx,0.0034487247467041016,933.1890422458293,1.0,5.472270673671475,32.890956031301506,0,50,5,1545,5,3,0,2,0,0,0,0,5,2,20,6980.0,1,0,0,0,0,0,0,0,0,0,MLP,0,nnenum,TIMEOUT,600.0271217823029,timeout,600.0
milp24,sweep_all,synthetic,MILP,sweep_all::milp24,onnx,0.0034487247467041016,933.1890422458293,1.0,5.472270673671475,32.890956031301506,0,50,5,1545,5,3,0,2,0,0,0,0,5,2,20,6980.0,1,0,0,0,0,0,0,0,0,0,MLP,0,pyrat,UNSAT,115.17707109451294,solved,600.0
milp25,sweep_all,synthetic,MILP,sweep_all::milp25,onnx,0.00027951598167419434,7413.763381089176,0.91,5.631211781821365,34.50219322256036,0,50,5,5355,5,3,0,2,0,0,0,0,5,2,50,22225.0,1,0,0,0,0,0,0,0,0,0,MLP,0,abcrown,TIMEOUT,600.1086127758026,timeout,600.0
milp25,sweep_all,synthetic,MILP,sweep_all::milp25,onnx,0.00027951598167419434,7413.763381089176,0.91,5.631211781821365,34.50219322256036,0,50,5,5355,5,3,0,2,0,0,0,0,5,2,50,22225.0,1,0,0,0,0,0,0,0,0,0,MLP,0,neuralsat,TIMEOUT,601.0258646011353,timeout,600.0
milp25,sweep_all,synthetic,MILP,sweep_all::milp25,onnx,0.00027951598167419434,7413.763381089176,0.91,5.631211781821365,34.50219322256036,0,50,5,5355,5,3,0,2,0,0,0,0,5,2,50,22225.0,1,0,0,0,0,0,0,0,0,0,MLP,0,marabou,TIMEOUT,600.0088839530945,timeout,600.0
milp25,sweep_all,synthetic,MILP,sweep_all::milp25,onnx,0.00027951598167419434,7413.763381089176,0.91,5.631211781821365,34.50219322256036,0,50,5,5355,5,3,0,2,0,0,0,0,5,2,50,22225.0,1,0,0,0,0,0,0,0,0,0,MLP,0,nnenum,TIMEOUT,600.0695691108704,timeout,600.0
milp25,sweep_all,synthetic,MILP,sweep_all::milp25,onnx,0.00027951598167419434,7413.763381089176,0.91,5.631211781821365,34.50219322256036,0,50,5,5355,5,3,0,2,0,0,0,0,5,2,50,22225.0,1,0,0,0,0,0,0,0,0,0,MLP,0,pyrat,TIMEOUT,600.0178711414337,timeout,600.0
milp26,sweep_all,synthetic,MILP,sweep_all::milp26,onnx,0.0015424266457557678,3529.9434768753845,0.96,6.391917113392602,31.894669170678267,0,50,5,15705,5,3,0,2,0,0,0,0,5,2,100,63629.0,1,0,0,0,0,0,0,0,0,0,MLP,0,abcrown,TIMEOUT,600.1108083724976,timeout,600.0
milp26,sweep_all,synthetic,MILP,sweep_all::milp26,onnx,0.0015424266457557678,3529.9434768753845,0.96,6.391917113392602,31.894669170678267,0,50,5,15705,5,3,0,2,0,0,0,0,5,2,100,63629.0,1,0,0,0,0,0,0,0,0,0,MLP,0,neuralsat,SAT,23.8552935123444,counterexample,600.0
milp26,sweep_all,synthetic,MILP,sweep_all::milp26,onnx,0.0015424266457557678,3529.9434768753845,0.96,6.391917113392602,31.894669170678267,0,50,5,15705,5,3,0,2,0,0,0,0,5,2,100,63629.0,1,0,0,0,0,0,0,0,0,0,MLP,0,marabou,TIMEOUT,600.0105152130127,timeout,600.0
milp26,sweep_all,synthetic,MILP,sweep_all::milp26,onnx,0.0015424266457557678,3529.9434768753845,0.96,6.391917113392602,31.894669170678267,0,50,5,15705,5,3,0,2,0,0,0,0,5,2,100,63629.0,1,0,0,0,0,0,0,0,0,0,MLP,0,nnenum,TIMEOUT,600.0794320106506,timeout,600.0
milp26,sweep_all,synthetic,MILP,sweep_all::milp26,onnx,0.0015424266457557678,3529.9434768753845,0.96,6.391917113392602,31.894669170678267,0,50,5,15705,5,3,0,2,0,0,0,0,5,2,100,63629.0,1,0,0,0,0,0,0,0,0,0,MLP,0,pyrat,TIMEOUT,600.0306088924408,timeout,600.0
milp27,sweep_all,synthetic,MILP,sweep_all::milp27,onnx,0.029943853616714478,100.4026289119283,0.9,4.1588830833596715,32.38337729603681,0,50,5,315,5,3,0,2,0,0,0,0,5,2,5,2056.0,1,0,0,0,0,0,0,0,0,0,MLP,0,abcrown,UNSAT,17.325659036636353,solved,600.0
milp27,sweep_all,synthetic,MILP,sweep_all::milp27,onnx,0.029943853616714478,100.4026289119283,0.9,4.1588830833596715,32.38337729603681,0,50,5,315,5,3,0,2,0,0,0,0,5,2,5,2056.0,1,0,0,0,0,0,0,0,0,0,MLP,0,neuralsat,UNSAT,73.18261766433716,solved,600.0
milp27,sweep_all,synthetic,MILP,sweep_all::milp27,onnx,0.029943853616714478,100.4026289119283,0.9,4.1588830833596715,32.38337729603681,0,50,5,315,5,3,0,2,0,0,0,0,5,2,5,2056.0,1,0,0,0,0,0,0,0,0,0,MLP,0,marabou,UNSAT,0.2382972240447998,solved,600.0
milp27,sweep_all,synthetic,MILP,sweep_all::milp27,onnx,0.029943853616714478,100.4026289119283,0.9,4.1588830833596715,32.38337729603681,0,50,5,315,5,3,0,2,0,0,0,0,5,2,5,2056.0,1,0,0,0,0,0,0,0,0,0,MLP,0,nnenum,UNSAT,2.2234902381896973,solved,600.0
milp27,sweep_all,synthetic,MILP,sweep_all::milp27,onnx,0.029943853616714478,100.4026289119283,0.9,4.1588830833596715,32.38337729603681,0,50,5,315,5,3,0,2,0,0,0,0,5,2,5,2056.0,1,0,0,0,0,0,0,0,0,0,MLP,0,pyrat,UNSAT,5.065708160400391,solved,600.0
milp28,sweep_all,synthetic,MILP,sweep_all::milp28,onnx,0.1024307906627655,17.270038437344034,1.0,5.170483995038151,35.46123706447593,0,50,5,675,5,3,0,2,0,0,0,0,5,2,10,3500.0,1,0,0,0,0,0,0,0,0,0,MLP,0,abcrown,UNSAT,45.01527285575867,solved,600.0
milp28,sweep_all,synthetic,MILP,sweep_all::milp28,onnx,0.1024307906627655,17.270038437344034,1.0,5.170483995038151,35.46123706447593,0,50,5,675,5,3,0,2,0,0,0,0,5,2,10,3500.0,1,0,0,0,0,0,0,0,0,0,MLP,0,neuralsat,UNSAT,74.6581883430481,solved,600.0
milp28,sweep_all,synthetic,MILP,sweep_all::milp28,onnx,0.1024307906627655,17.270038437344034,1.0,5.170483995038151,35.46123706447593,0,50,5,675,5,3,0,2,0,0,0,0,5,2,10,3500.0,1,0,0,0,0,0,0,0,0,0,MLP,0,marabou,UNSAT,1.1536140441894531,solved,600.0
milp28,sweep_all,synthetic,MILP,sweep_all::milp28,onnx,0.1024307906627655,17.270038437344034,1.0,5.170483995038151,35.46123706447593,0,50,5,675,5,3,0,2,0,0,0,0,5,2,10,3500.0,1,0,0,0,0,0,0,0,0,0,MLP,0,nnenum,UNSAT,2.196329116821289,solved,600.0
milp28,sweep_all,synthetic,MILP,sweep_all::milp28,onnx,0.1024307906627655,17.270038437344034,1.0,5.170483995038151,35.46123706447593,0,50,5,675,5,3,0,2,0,0,0,0,5,2,10,3500.0,1,0,0,0,0,0,0,0,0,0,MLP,0,pyrat,UNKNOWN,14.805612087249756,other,600.0
milp29,sweep_all,synthetic,MILP,sweep_all::milp29,onnx,0.005357801914215088,115.53966556599323,0.85,3.4339872044851463,34.13800680958666,0,50,5,1545,5,3,0,2,0,0,0,0,5,2,20,6980.0,1,0,0,0,0,0,0,0,0,0,MLP,0,abcrown,UNSAT,21.362701654434204,solved,600.0
milp29,sweep_all,synthetic,MILP,sweep_all::milp29,onnx,0.005357801914215088,115.53966556599323,0.85,3.4339872044851463,34.13800680958666,0,50,5,1545,5,3,0,2,0,0,0,0,5,2,20,6980.0,1,0,0,0,0,0,0,0,0,0,MLP,0,neuralsat,UNSAT,72.70149946212769,solved,600.0
milp29,sweep_all,synthetic,MILP,sweep_all::milp29,onnx,0.005357801914215088,115.53966556599323,0.85,3.4339872044851463,34.13800680958666,0,50,5,1545,5,3,0,2,0,0,0,0,5,2,20,6980.0,1,0,0,0,0,0,0,0,0,0,MLP,0,marabou,UNSAT,22.45360803604126,solved,600.0
milp29,sweep_all,synthetic,MILP,sweep_all::milp29,onnx,0.005357801914215088,115.53966556599323,0.85,3.4339872044851463,34.13800680958666,0,50,5,1545,5,3,0,2,0,0,0,0,5,2,20,6980.0,1,0,0,0,0,0,0,0,0,0,MLP,0,nnenum,UNSAT,2.3224549293518066,solved,600.0
milp29,sweep_all,synthetic,MILP,sweep_all::milp29,onnx,0.005357801914215088,115.53966556599323,0.85,3.4339872044851463,34.13800680958666,0,50,5,1545,5,3,0,2,0,0,0,0,5,2,20,6980.0,1,0,0,0,0,0,0,0,0,0,MLP,0,pyrat,UNSAT,7.307383060455322,solved,600.0
milp30,sweep_all,synthetic,MILP,sweep_all::milp30,onnx,0.0032888799905776978,689.0651522735752,0.87,4.51085950651685,30.153651989109218,0,50,5,5355,5,3,0,2,0,0,0,0,5,2,50,22225.0,1,0,0,0,0,0,0,0,0,0,MLP,0,abcrown,TIMEOUT,600.1206541061401,timeout,600.0
milp30,sweep_all,synthetic,MILP,sweep_all::milp30,onnx,0.0032888799905776978,689.0651522735752,0.87,4.51085950651685,30.153651989109218,0,50,5,5355,5,3,0,2,0,0,0,0,5,2,50,22225.0,1,0,0,0,0,0,0,0,0,0,MLP,0,neuralsat,UNSAT,210.4487166404724,solved,600.0
milp30,sweep_all,synthetic,MILP,sweep_all::milp30,onnx,0.0032888799905776978,689.0651522735752,0.87,4.51085950651685,30.153651989109218,0,50,5,5355,5,3,0,2,0,0,0,0,5,2,50,22225.0,1,0,0,0,0,0,0,0,0,0,MLP,0,marabou,TIMEOUT,600.0099158287048,timeout,600.0
milp30,sweep_all,synthetic,MILP,sweep_all::milp30,onnx,0.0032888799905776978,689.0651522735752,0.87,4.51085950651685,30.153651989109218,0,50,5,5355,5,3,0,2,0,0,0,0,5,2,50,22225.0,1,0,0,0,0,0,0,0,0,0,MLP,0,nnenum,TIMEOUT,600.0246772766113,timeout,600.0
milp30,sweep_all,synthetic,MILP,sweep_all::milp30,onnx,0.0032888799905776978,689.0651522735752,0.87,4.51085950651685,30.153651989109218,0,50,5,5355,5,3,0,2,0,0,0,0,5,2,50,22225.0,1,0,0,0,0,0,0,0,0,0,MLP,0,pyrat,TIMEOUT,600.0241131782532,timeout,600.0
milp31,sweep_all,synthetic,MILP,sweep_all::milp31,onnx,4.272162914276123e-05,52156.0821415642,0.705,3.5263605246161616,30.675272939784197,0,50,5,15705,5,3,0,2,0,0,0,0,5,2,100,63629.0,1,0,0,0,0,0,0,0,0,0,MLP,0,abcrown,TIMEOUT,600.1189596652985,timeout,600.0
milp31,sweep_all,synthetic,MILP,sweep_all::milp31,onnx,4.272162914276123e-05,52156.0821415642,0.705,3.5263605246161616,30.675272939784197,0,50,5,15705,5,3,0,2,0,0,0,0,5,2,100,63629.0,1,0,0,0,0,0,0,0,0,0,MLP,0,neuralsat,UNSAT,193.79514408111572,solved,600.0
milp31,sweep_all,synthetic,MILP,sweep_all::milp31,onnx,4.272162914276123e-05,52156.0821415642,0.705,3.5263605246161616,30.675272939784197,0,50,5,15705,5,3,0,2,0,0,0,0,5,2,100,63629.0,1,0,0,0,0,0,0,0,0,0,MLP,0,marabou,TIMEOUT,600.0092008113861,timeout,600.0
milp31,sweep_all,synthetic,MILP,sweep_all::milp31,onnx,4.272162914276123e-05,52156.0821415642,0.705,3.5263605246161616,30.675272939784197,0,50,5,15705,5,3,0,2,0,0,0,0,5,2,100,63629.0,1,0,0,0,0,0,0,0,0,0,MLP,0,nnenum,TIMEOUT,600.0574791431427,timeout,600.0
milp31,sweep_all,synthetic,MILP,sweep_all::milp31,onnx,4.272162914276123e-05,52156.0821415642,0.705,3.5263605246161616,30.675272939784197,0,50,5,15705,5,3,0,2,0,0,0,0,5,2,100,63629.0,1,0,0,0,0,0,0,0,0,0,MLP,0,pyrat,UNSAT,99.19239020347595,solved,600.0
rc1,sweep_all,synthetic,Input-Corner Stress,sweep_all::rc1,onnx,4.0,2.6822090148919074e-07,1.0,0.0,0.0,0,100,10,1062,6,4,0,1,0,0,0,0,6,1,100,5262.0,1,0,0,0,0,0,0,0,0,0,MLP,0,abcrown,UNSAT,30.215054750442505,solved,600.0
rc1,sweep_all,synthetic,Input-Corner Stress,sweep_all::rc1,onnx,4.0,2.6822090148919074e-07,1.0,0.0,0.0,0,100,10,1062,6,4,0,1,0,0,0,0,6,1,100,5262.0,1,0,0,0,0,0,0,0,0,0,MLP,0,neuralsat,UNSAT,70.71774864196777,solved,600.0
rc1,sweep_all,synthetic,Input-Corner Stress,sweep_all::rc1,onnx,4.0,2.6822090148919074e-07,1.0,0.0,0.0,0,100,10,1062,6,4,0,1,0,0,0,0,6,1,100,5262.0,1,0,0,0,0,0,0,0,0,0,MLP,0,marabou,UNSAT,0.01638340950012207,solved,600.0
rc1,sweep_all,synthetic,Input-Corner Stress,sweep_all::rc1,onnx,4.0,2.6822090148919074e-07,1.0,0.0,0.0,0,100,10,1062,6,4,0,1,0,0,0,0,6,1,100,5262.0,1,0,0,0,0,0,0,0,0,0,MLP,0,nnenum,ERROR,1.4925799369812012,error,600.0
rc1,sweep_all,synthetic,Input-Corner Stress,sweep_all::rc1,onnx,4.0,2.6822090148919074e-07,1.0,0.0,0.0,0,100,10,1062,6,4,0,1,0,0,0,0,6,1,100,5262.0,1,0,0,0,0,0,0,0,0,0,MLP,0,pyrat,UNSAT,14.396323919296265,solved,600.0
rc2,sweep_all,synthetic,Input-Corner Stress,sweep_all::rc2,onnx,4.0,0.0,1.0,0.0,0.0,0,100,10,1062,6,4,0,1,0,0,0,0,6,1,100,5262.0,1,0,0,0,0,0,0,0,0,0,MLP,0,abcrown,UNSAT,28.01142144203186,solved,600.0
rc2,sweep_all,synthetic,Input-Corner Stress,sweep_all::rc2,onnx,4.0,0.0,1.0,0.0,0.0,0,100,10,1062,6,4,0,1,0,0,0,0,6,1,100,5262.0,1,0,0,0,0,0,0,0,0,0,MLP,0,neuralsat,UNSAT,83.71447896957397,solved,600.0
rc2,sweep_all,synthetic,Input-Corner Stress,sweep_all::rc2,onnx,4.0,0.0,1.0,0.0,0.0,0,100,10,1062,6,4,0,1,0,0,0,0,6,1,100,5262.0,1,0,0,0,0,0,0,0,0,0,MLP,0,marabou,UNSAT,0.008880615234375,solved,600.0
rc2,sweep_all,synthetic,Input-Corner Stress,sweep_all::rc2,onnx,4.0,0.0,1.0,0.0,0.0,0,100,10,1062,6,4,0,1,0,0,0,0,6,1,100,5262.0,1,0,0,0,0,0,0,0,0,0,MLP,0,nnenum,ERROR,1.4665765762329102,error,600.0
rc2,sweep_all,synthetic,Input-Corner Stress,sweep_all::rc2,onnx,4.0,0.0,1.0,0.0,0.0,0,100,10,1062,6,4,0,1,0,0,0,0,6,1,100,5262.0,1,0,0,0,0,0,0,0,0,0,MLP,0,pyrat,UNSAT,10.908435106277466,solved,600.0
rc3,sweep_all,synthetic,Input-Corner Stress,sweep_all::rc3,onnx,4.0,0.0,1.0,0.0,0.0,0,100,10,1062,6,4,0,1,0,0,0,0,6,1,100,5262.0,1,0,0,0,0,0,0,0,0,0,MLP,0,abcrown,UNSAT,27.72990846633911,solved,600.0
rc3,sweep_all,synthetic,Input-Corner Stress,sweep_all::rc3,onnx,4.0,0.0,1.0,0.0,0.0,0,100,10,1062,6,4,0,1,0,0,0,0,6,1,100,5262.0,1,0,0,0,0,0,0,0,0,0,MLP,0,neuralsat,UNSAT,71.02202486991882,solved,600.0
rc3,sweep_all,synthetic,Input-Corner Stress,sweep_all::rc3,onnx,4.0,0.0,1.0,0.0,0.0,0,100,10,1062,6,4,0,1,0,0,0,0,6,1,100,5262.0,1,0,0,0,0,0,0,0,0,0,MLP,0,marabou,UNSAT,0.009976863861083984,solved,600.0
rc3,sweep_all,synthetic,Input-Corner Stress,sweep_all::rc3,onnx,4.0,0.0,1.0,0.0,0.0,0,100,10,1062,6,4,0,1,0,0,0,0,6,1,100,5262.0,1,0,0,0,0,0,0,0,0,0,MLP,0,nnenum,ERROR,1.4492192268371582,error,600.0
rc3,sweep_all,synthetic,Input-Corner Stress,sweep_all::rc3,onnx,4.0,0.0,1.0,0.0,0.0,0,100,10,1062,6,4,0,1,0,0,0,0,6,1,100,5262.0,1,0,0,0,0,0,0,0,0,0,MLP,0,pyrat,UNSAT,14.432899951934814,solved,600.0
rc4,sweep_all,synthetic,Input-Corner Stress,sweep_all::rc4,onnx,4.0,0.002501994371413559,1.0,0.0,0.0,0,100,10,1062,6,4,0,1,0,0,0,0,6,1,100,5262.0,1,0,0,0,0,0,0,0,0,0,MLP,0,abcrown,UNSAT,29.073713064193726,solved,600.0
rc4,sweep_all,synthetic,Input-Corner Stress,sweep_all::rc4,onnx,4.0,0.002501994371413559,1.0,0.0,0.0,0,100,10,1062,6,4,0,1,0,0,0,0,6,1,100,5262.0,1,0,0,0,0,0,0,0,0,0,MLP,0,neuralsat,UNSAT,68.01405096054077,solved,600.0
rc4,sweep_all,synthetic,Input-Corner Stress,sweep_all::rc4,onnx,4.0,0.002501994371413559,1.0,0.0,0.0,0,100,10,1062,6,4,0,1,0,0,0,0,6,1,100,5262.0,1,0,0,0,0,0,0,0,0,0,MLP,0,marabou,UNSAT,0.010036706924438477,solved,600.0
rc4,sweep_all,synthetic,Input-Corner Stress,sweep_all::rc4,onnx,4.0,0.002501994371413559,1.0,0.0,0.0,0,100,10,1062,6,4,0,1,0,0,0,0,6,1,100,5262.0,1,0,0,0,0,0,0,0,0,0,MLP,0,nnenum,ERROR,1.5290334224700928,error,600.0
rc4,sweep_all,synthetic,Input-Corner Stress,sweep_all::rc4,onnx,4.0,0.002501994371413559,1.0,0.0,0.0,0,100,10,1062,6,4,0,1,0,0,0,0,6,1,100,5262.0,1,0,0,0,0,0,0,0,0,0,MLP,0,pyrat,UNSAT,13.935912847518921,solved,600.0
rc5,sweep_all,synthetic,Input-Corner Stress,sweep_all::rc5,onnx,4.0,0.002352893352507957,1.0,0.0,0.0,0,100,10,1062,6,4,0,1,0,0,0,0,6,1,100,5262.0,1,0,0,0,0,0,0,0,0,0,MLP,0,abcrown,UNSAT,28.065550088882446,solved,600.0
rc5,sweep_all,synthetic,Input-Corner Stress,sweep_all::rc5,onnx,4.0,0.002352893352507957,1.0,0.0,0.0,0,100,10,1062,6,4,0,1,0,0,0,0,6,1,100,5262.0,1,0,0,0,0,0,0,0,0,0,MLP,0,neuralsat,UNSAT,68.57787680625916,solved,600.0
rc5,sweep_all,synthetic,Input-Corner Stress,sweep_all::rc5,onnx,4.0,0.002352893352507957,1.0,0.0,0.0,0,100,10,1062,6,4,0,1,0,0,0,0,6,1,100,5262.0,1,0,0,0,0,0,0,0,0,0,MLP,0,marabou,UNSAT,0.010000228881835938,solved,600.0
rc5,sweep_all,synthetic,Input-Corner Stress,sweep_all::rc5,onnx,4.0,0.002352893352507957,1.0,0.0,0.0,0,100,10,1062,6,4,0,1,0,0,0,0,6,1,100,5262.0,1,0,0,0,0,0,0,0,0,0,MLP,0,nnenum,ERROR,1.6259181499481201,error,600.0
rc5,sweep_all,synthetic,Input-Corner Stress,sweep_all::rc5,onnx,4.0,0.002352893352507957,1.0,0.0,0.0,0,100,10,1062,6,4,0,1,0,0,0,0,6,1,100,5262.0,1,0,0,0,0,0,0,0,0,0,MLP,0,pyrat,UNSAT,14.020295143127441,solved,600.0
rc6,sweep_all,synthetic,Input-Corner Stress,sweep_all::rc6,onnx,4.0,0.0024130642414086985,1.0,0.0,0.0,0,100,10,1062,6,4,0,1,0,0,0,0,6,1,100,5262.0,1,0,0,0,0,0,0,0,0,0,MLP,0,abcrown,UNSAT,29.418824672698975,solved,600.0
rc6,sweep_all,synthetic,Input-Corner Stress,sweep_all::rc6,onnx,4.0,0.0024130642414086985,1.0,0.0,0.0,0,100,10,1062,6,4,0,1,0,0,0,0,6,1,100,5262.0,1,0,0,0,0,0,0,0,0,0,MLP,0,neuralsat,UNSAT,83.56617951393127,solved,600.0
rc6,sweep_all,synthetic,Input-Corner Stress,sweep_all::rc6,onnx,4.0,0.0024130642414086985,1.0,0.0,0.0,0,100,10,1062,6,4,0,1,0,0,0,0,6,1,100,5262.0,1,0,0,0,0,0,0,0,0,0,MLP,0,marabou,UNSAT,0.010061025619506836,solved,600.0
rc6,sweep_all,synthetic,Input-Corner Stress,sweep_all::rc6,onnx,4.0,0.0024130642414086985,1.0,0.0,0.0,0,100,10,1062,6,4,0,1,0,0,0,0,6,1,100,5262.0,1,0,0,0,0,0,0,0,0,0,MLP,0,nnenum,ERROR,1.621936559677124,error,600.0
rc6,sweep_all,synthetic,Input-Corner Stress,sweep_all::rc6,onnx,4.0,0.0024130642414086985,1.0,0.0,0.0,0,100,10,1062,6,4,0,1,0,0,0,0,6,1,100,5262.0,1,0,0,0,0,0,0,0,0,0,MLP,0,pyrat,UNSAT,5.518282890319824,solved,600.0
rc7,sweep_all,synthetic,Input-Corner Stress,sweep_all::rc7,onnx,4.0,0.25267440080636383,1.0,0.0,0.0,0,100,10,1062,6,4,0,1,0,0,0,0,6,1,100,5262.0,1,0,0,0,0,0,0,0,0,0,MLP,0,abcrown,UNSAT,27.554588079452515,solved,600.0
rc7,sweep_all,synthetic,Input-Corner Stress,sweep_all::rc7,onnx,4.0,0.25267440080636383,1.0,0.0,0.0,0,100,10,1062,6,4,0,1,0,0,0,0,6,1,100,5262.0,1,0,0,0,0,0,0,0,0,0,MLP,0,neuralsat,UNSAT,82.23792338371277,solved,600.0
rc7,sweep_all,synthetic,Input-Corner Stress,sweep_all::rc7,onnx,4.0,0.25267440080636383,1.0,0.0,0.0,0,100,10,1062,6,4,0,1,0,0,0,0,6,1,100,5262.0,1,0,0,0,0,0,0,0,0,0,MLP,0,marabou,UNSAT,0.009860038757324219,solved,600.0
rc7,sweep_all,synthetic,Input-Corner Stress,sweep_all::rc7,onnx,4.0,0.25267440080636383,1.0,0.0,0.0,0,100,10,1062,6,4,0,1,0,0,0,0,6,1,100,5262.0,1,0,0,0,0,0,0,0,0,0,MLP,0,nnenum,ERROR,1.5499892234802246,error,600.0
rc7,sweep_all,synthetic,Input-Corner Stress,sweep_all::rc7,onnx,4.0,0.25267440080636383,1.0,0.0,0.0,0,100,10,1062,6,4,0,1,0,0,0,0,6,1,100,5262.0,1,0,0,0,0,0,0,0,0,0,MLP,0,pyrat,UNSAT,4.716279745101929,solved,600.0
rc8,sweep_all,synthetic,Input-Corner Stress,sweep_all::rc8,onnx,4.0,0.23776564002031103,1.0,0.0,0.0,0,100,10,1062,6,4,0,1,0,0,0,0,6,1,100,5262.0,1,0,0,0,0,0,0,0,0,0,MLP,0,abcrown,UNSAT,28.181423664093018,solved,600.0
rc8,sweep_all,synthetic,Input-Corner Stress,sweep_all::rc8,onnx,4.0,0.23776564002031103,1.0,0.0,0.0,0,100,10,1062,6,4,0,1,0,0,0,0,6,1,100,5262.0,1,0,0,0,0,0,0,0,0,0,MLP,0,neuralsat,UNSAT,67.05820345878601,solved,600.0
rc8,sweep_all,synthetic,Input-Corner Stress,sweep_all::rc8,onnx,4.0,0.23776564002031103,1.0,0.0,0.0,0,100,10,1062,6,4,0,1,0,0,0,0,6,1,100,5262.0,1,0,0,0,0,0,0,0,0,0,MLP,0,marabou,UNSAT,0.009702444076538086,solved,600.0
rc8,sweep_all,synthetic,Input-Corner Stress,sweep_all::rc8,onnx,4.0,0.23776564002031103,1.0,0.0,0.0,0,100,10,1062,6,4,0,1,0,0,0,0,6,1,100,5262.0,1,0,0,0,0,0,0,0,0,0,MLP,0,nnenum,ERROR,1.5428893566131592,error,600.0
rc8,sweep_all,synthetic,Input-Corner Stress,sweep_all::rc8,onnx,4.0,0.23776564002031103,1.0,0.0,0.0,0,100,10,1062,6,4,0,1,0,0,0,0,6,1,100,5262.0,1,0,0,0,0,0,0,0,0,0,MLP,0,pyrat,UNSAT,4.542710065841675,solved,600.0
rc9,sweep_all,synthetic,Input-Corner Stress,sweep_all::rc9,onnx,4.0,0.24378159642213448,1.0,0.0,0.0,0,100,10,1062,6,4,0,1,0,0,0,0,6,1,100,5262.0,1,0,0,0,0,0,0,0,0,0,MLP,0,abcrown,UNSAT,27.66299319267273,solved,600.0
rc9,sweep_all,synthetic,Input-Corner Stress,sweep_all::rc9,onnx,4.0,0.24378159642213448,1.0,0.0,0.0,0,100,10,1062,6,4,0,1,0,0,0,0,6,1,100,5262.0,1,0,0,0,0,0,0,0,0,0,MLP,0,neuralsat,UNSAT,68.91007542610168,solved,600.0
rc9,sweep_all,synthetic,Input-Corner Stress,sweep_all::rc9,onnx,4.0,0.24378159642213448,1.0,0.0,0.0,0,100,10,1062,6,4,0,1,0,0,0,0,6,1,100,5262.0,1,0,0,0,0,0,0,0,0,0,MLP,0,marabou,UNSAT,0.009902715682983398,solved,600.0
rc9,sweep_all,synthetic,Input-Corner Stress,sweep_all::rc9,onnx,4.0,0.24378159642213448,1.0,0.0,0.0,0,100,10,1062,6,4,0,1,0,0,0,0,6,1,100,5262.0,1,0,0,0,0,0,0,0,0,0,MLP,0,nnenum,ERROR,1.7165920734405518,error,600.0
rc9,sweep_all,synthetic,Input-Corner Stress,sweep_all::rc9,onnx,4.0,0.24378159642213448,1.0,0.0,0.0,0,100,10,1062,6,4,0,1,0,0,0,0,6,1,100,5262.0,1,0,0,0,0,0,0,0,0,0,MLP,0,pyrat,UNSAT,11.992416858673096,solved,600.0
rc10,sweep_all,synthetic,Input-Corner Stress,sweep_all::rc10,onnx,4.0,25.26991653441751,1.0,0.0,0.0,0,100,10,1062,6,4,0,1,0,0,0,0,6,1,100,5262.0,1,0,0,0,0,0,0,0,0,0,MLP,0,abcrown,UNSAT,47.76519441604614,solved,600.0
rc10,sweep_all,synthetic,Input-Corner Stress,sweep_all::rc10,onnx,4.0,25.26991653441751,1.0,0.0,0.0,0,100,10,1062,6,4,0,1,0,0,0,0,6,1,100,5262.0,1,0,0,0,0,0,0,0,0,0,MLP,0,neuralsat,UNSAT,95.97400140762329,solved,600.0
rc10,sweep_all,synthetic,Input-Corner Stress,sweep_all::rc10,onnx,4.0,25.26991653441751,1.0,0.0,0.0,0,100,10,1062,6,4,0,1,0,0,0,0,6,1,100,5262.0,1,0,0,0,0,0,0,0,0,0,MLP,0,marabou,UNSAT,2.1395280361175537,solved,600.0
rc10,sweep_all,synthetic,Input-Corner Stress,sweep_all::rc10,onnx,4.0,25.26991653441751,1.0,0.0,0.0,0,100,10,1062,6,4,0,1,0,0,0,0,6,1,100,5262.0,1,0,0,0,0,0,0,0,0,0,MLP,0,nnenum,ERROR,1.8878059387207031,error,600.0
rc10,sweep_all,synthetic,Input-Corner Stress,sweep_all::rc10,onnx,4.0,25.26991653441751,1.0,0.0,0.0,0,100,10,1062,6,4,0,1,0,0,0,0,6,1,100,5262.0,1,0,0,0,0,0,0,0,0,0,MLP,0,pyrat,UNSAT,18.32816982269287,solved,600.0
rc11,sweep_all,synthetic,Input-Corner Stress,sweep_all::rc11,onnx,4.0,23.77904129027726,1.0,0.0,0.0,0,100,10,1062,6,4,0,1,0,0,0,0,6,1,100,5262.0,1,0,0,0,0,0,0,0,0,0,MLP,0,abcrown,UNSAT,41.527060747146606,solved,600.0
rc11,sweep_all,synthetic,Input-Corner Stress,sweep_all::rc11,onnx,4.0,23.77904129027726,1.0,0.0,0.0,0,100,10,1062,6,4,0,1,0,0,0,0,6,1,100,5262.0,1,0,0,0,0,0,0,0,0,0,MLP,0,neuralsat,UNSAT,120.06953978538513,solved,600.0
rc11,sweep_all,synthetic,Input-Corner Stress,sweep_all::rc11,onnx,4.0,23.77904129027726,1.0,0.0,0.0,0,100,10,1062,6,4,0,1,0,0,0,0,6,1,100,5262.0,1,0,0,0,0,0,0,0,0,0,MLP,0,marabou,UNSAT,26.714897871017456,solved,600.0
rc11,sweep_all,synthetic,Input-Corner Stress,sweep_all::rc11,onnx,4.0,23.77904129027726,1.0,0.0,0.0,0,100,10,1062,6,4,0,1,0,0,0,0,6,1,100,5262.0,1,0,0,0,0,0,0,0,0,0,MLP,0,nnenum,ERROR,1.9419376850128174,error,600.0
rc11,sweep_all,synthetic,Input-Corner Stress,sweep_all::rc11,onnx,4.0,23.77904129027726,1.0,0.0,0.0,0,100,10,1062,6,4,0,1,0,0,0,0,6,1,100,5262.0,1,0,0,0,0,0,0,0,0,0,MLP,0,pyrat,UNSAT,19.47331404685974,solved,600.0
rc12,sweep_all,synthetic,Input-Corner Stress,sweep_all::rc12,onnx,4.0,24.380638122552497,1.0,0.0,0.0,0,100,10,1062,6,4,0,1,0,0,0,0,6,1,100,5262.0,1,0,0,0,0,0,0,0,0,0,MLP,0,abcrown,UNSAT,35.869598150253296,solved,600.0
rc12,sweep_all,synthetic,Input-Corner Stress,sweep_all::rc12,onnx,4.0,24.380638122552497,1.0,0.0,0.0,0,100,10,1062,6,4,0,1,0,0,0,0,6,1,100,5262.0,1,0,0,0,0,0,0,0,0,0,MLP,0,neuralsat,UNSAT,96.9535961151123,solved,600.0
rc12,sweep_all,synthetic,Input-Corner Stress,sweep_all::rc12,onnx,4.0,24.380638122552497,1.0,0.0,0.0,0,100,10,1062,6,4,0,1,0,0,0,0,6,1,100,5262.0,1,0,0,0,0,0,0,0,0,0,MLP,0,marabou,TIMEOUT,600.0236778259277,timeout,600.0
rc12,sweep_all,synthetic,Input-Corner Stress,sweep_all::rc12,onnx,4.0,24.380638122552497,1.0,0.0,0.0,0,100,10,1062,6,4,0,1,0,0,0,0,6,1,100,5262.0,1,0,0,0,0,0,0,0,0,0,MLP,0,nnenum,ERROR,1.8738901615142822,error,600.0
rc12,sweep_all,synthetic,Input-Corner Stress,sweep_all::rc12,onnx,4.0,24.380638122552497,1.0,0.0,0.0,0,100,10,1062,6,4,0,1,0,0,0,0,6,1,100,5262.0,1,0,0,0,0,0,0,0,0,0,MLP,0,pyrat,UNSAT,9.649410009384155,solved,600.0
rc13,sweep_all,synthetic,Input-Corner Stress,sweep_all::rc13,onnx,4.0,2526.9941406243684,1.0,0.0,0.0,0,100,10,1062,6,4,0,1,0,0,0,0,6,1,100,5262.0,1,0,0,0,0,0,0,0,0,0,MLP,0,abcrown,UNSAT,43.35598826408386,solved,600.0
rc13,sweep_all,synthetic,Input-Corner Stress,sweep_all::rc13,onnx,4.0,2526.9941406243684,1.0,0.0,0.0,0,100,10,1062,6,4,0,1,0,0,0,0,6,1,100,5262.0,1,0,0,0,0,0,0,0,0,0,MLP,0,neuralsat,UNSAT,100.28477716445923,solved,600.0
rc13,sweep_all,synthetic,Input-Corner Stress,sweep_all::rc13,onnx,4.0,2526.9941406243684,1.0,0.0,0.0,0,100,10,1062,6,4,0,1,0,0,0,0,6,1,100,5262.0,1,0,0,0,0,0,0,0,0,0,MLP,0,marabou,TIMEOUT,600.0179922580719,timeout,600.0
rc13,sweep_all,synthetic,Input-Corner Stress,sweep_all::rc13,onnx,4.0,2526.9941406243684,1.0,0.0,0.0,0,100,10,1062,6,4,0,1,0,0,0,0,6,1,100,5262.0,1,0,0,0,0,0,0,0,0,0,MLP,0,nnenum,ERROR,1.539809226989746,error,600.0
rc13,sweep_all,synthetic,Input-Corner Stress,sweep_all::rc13,onnx,4.0,2526.9941406243684,1.0,0.0,0.0,0,100,10,1062,6,4,0,1,0,0,0,0,6,1,100,5262.0,1,0,0,0,0,0,0,0,0,0,MLP,0,pyrat,UNSAT,21.400757312774658,solved,600.0
rc14,sweep_all,synthetic,Input-Corner Stress,sweep_all::rc14,onnx,4.0,2377.9067382806556,1.0,0.0,0.0,0,100,10,1062,6,4,0,1,0,0,0,0,6,1,100,5262.0,1,0,0,0,0,0,0,0,0,0,MLP,0,abcrown,UNSAT,53.08287334442139,solved,600.0
rc14,sweep_all,synthetic,Input-Corner Stress,sweep_all::rc14,onnx,4.0,2377.9067382806556,1.0,0.0,0.0,0,100,10,1062,6,4,0,1,0,0,0,0,6,1,100,5262.0,1,0,0,0,0,0,0,0,0,0,MLP,0,neuralsat,UNSAT,125.71752953529358,solved,600.0
rc14,sweep_all,synthetic,Input-Corner Stress,sweep_all::rc14,onnx,4.0,2377.9067382806556,1.0,0.0,0.0,0,100,10,1062,6,4,0,1,0,0,0,0,6,1,100,5262.0,1,0,0,0,0,0,0,0,0,0,MLP,0,marabou,TIMEOUT,600.0125029087067,timeout,600.0
rc14,sweep_all,synthetic,Input-Corner Stress,sweep_all::rc14,onnx,4.0,2377.9067382806556,1.0,0.0,0.0,0,100,10,1062,6,4,0,1,0,0,0,0,6,1,100,5262.0,1,0,0,0,0,0,0,0,0,0,MLP,0,nnenum,ERROR,1.7689745426177979,error,600.0
rc14,sweep_all,synthetic,Input-Corner Stress,sweep_all::rc14,onnx,4.0,2377.9067382806556,1.0,0.0,0.0,0,100,10,1062,6,4,0,1,0,0,0,0,6,1,100,5262.0,1,0,0,0,0,0,0,0,0,0,MLP,0,pyrat,UNSAT,21.28233289718628,solved,600.0
rc15,sweep_all,synthetic,Input-Corner Stress,sweep_all::rc15,onnx,4.0,2438.0664062493906,1.0,0.0,0.0,0,100,10,1062,6,4,0,1,0,0,0,0,6,1,100,5262.0,1,0,0,0,0,0,0,0,0,0,MLP,0,abcrown,UNSAT,50.7299108505249,solved,600.0
rc15,sweep_all,synthetic,Input-Corner Stress,sweep_all::rc15,onnx,4.0,2438.0664062493906,1.0,0.0,0.0,0,100,10,1062,6,4,0,1,0,0,0,0,6,1,100,5262.0,1,0,0,0,0,0,0,0,0,0,MLP,0,neuralsat,UNSAT,98.07770919799805,solved,600.0
rc15,sweep_all,synthetic,Input-Corner Stress,sweep_all::rc15,onnx,4.0,2438.0664062493906,1.0,0.0,0.0,0,100,10,1062,6,4,0,1,0,0,0,0,6,1,100,5262.0,1,0,0,0,0,0,0,0,0,0,MLP,0,marabou,TIMEOUT,600.0173895359039,timeout,600.0
rc15,sweep_all,synthetic,Input-Corner Stress,sweep_all::rc15,onnx,4.0,2438.0664062493906,1.0,0.0,0.0,0,100,10,1062,6,4,0,1,0,0,0,0,6,1,100,5262.0,1,0,0,0,0,0,0,0,0,0,MLP,0,nnenum,ERROR,1.7305188179016113,error,600.0
rc15,sweep_all,synthetic,Input-Corner Stress,sweep_all::rc15,onnx,4.0,2438.0664062493906,1.0,0.0,0.0,0,100,10,1062,6,4,0,1,0,0,0,0,6,1,100,5262.0,1,0,0,0,0,0,0,0,0,0,MLP,0,pyrat,UNSAT,13.64186429977417,solved,600.0
rc16,sweep_all,synthetic,Input-Corner Stress,sweep_all::rc16,onnx,4.0,252699.40624993682,1.0,0.0,0.0,0,100,10,1062,6,4,0,1,0,0,0,0,6,1,100,5262.0,1,0,0,0,0,0,0,0,0,0,MLP,0,abcrown,UNSAT,547.4719059467316,solved,600.0
rc16,sweep_all,synthetic,Input-Corner Stress,sweep_all::rc16,onnx,4.0,252699.40624993682,1.0,0.0,0.0,0,100,10,1062,6,4,0,1,0,0,0,0,6,1,100,5262.0,1,0,0,0,0,0,0,0,0,0,MLP,0,neuralsat,UNSAT,124.12530398368835,solved,600.0
rc16,sweep_all,synthetic,Input-Corner Stress,sweep_all::rc16,onnx,4.0,252699.40624993682,1.0,0.0,0.0,0,100,10,1062,6,4,0,1,0,0,0,0,6,1,100,5262.0,1,0,0,0,0,0,0,0,0,0,MLP,0,marabou,TIMEOUT,600.0108835697174,timeout,600.0
rc16,sweep_all,synthetic,Input-Corner Stress,sweep_all::rc16,onnx,4.0,252699.40624993682,1.0,0.0,0.0,0,100,10,1062,6,4,0,1,0,0,0,0,6,1,100,5262.0,1,0,0,0,0,0,0,0,0,0,MLP,0,nnenum,ERROR,1.811361312866211,error,600.0
rc16,sweep_all,synthetic,Input-Corner Stress,sweep_all::rc16,onnx,4.0,252699.40624993682,1.0,0.0,0.0,0,100,10,1062,6,4,0,1,0,0,0,0,6,1,100,5262.0,1,0,0,0,0,0,0,0,0,0,MLP,0,pyrat,UNSAT,20.134303092956543,solved,600.0
rc17,sweep_all,synthetic,Input-Corner Stress,sweep_all::rc17,onnx,4.0,237790.65624994054,1.0,0.0,0.022882094358901837,0,100,10,1062,6,4,0,1,0,0,0,0,6,1,100,5262.0,1,0,0,0,0,0,0,0,0,0,MLP,0,abcrown,UNSAT,328.58216428756714,solved,600.0
rc17,sweep_all,synthetic,Input-Corner Stress,sweep_all::rc17,onnx,4.0,237790.65624994054,1.0,0.0,0.022882094358901837,0,100,10,1062,6,4,0,1,0,0,0,0,6,1,100,5262.0,1,0,0,0,0,0,0,0,0,0,MLP,0,neuralsat,UNSAT,123.24546885490417,solved,600.0
rc17,sweep_all,synthetic,Input-Corner Stress,sweep_all::rc17,onnx,4.0,237790.65624994054,1.0,0.0,0.022882094358901837,0,100,10,1062,6,4,0,1,0,0,0,0,6,1,100,5262.0,1,0,0,0,0,0,0,0,0,0,MLP,0,marabou,TIMEOUT,600.0075030326843,timeout,600.0
rc17,sweep_all,synthetic,Input-Corner Stress,sweep_all::rc17,onnx,4.0,237790.65624994054,1.0,0.0,0.022882094358901837,0,100,10,1062,6,4,0,1,0,0,0,0,6,1,100,5262.0,1,0,0,0,0,0,0,0,0,0,MLP,0,nnenum,ERROR,1.9154722690582275,error,600.0
rc17,sweep_all,synthetic,Input-Corner Stress,sweep_all::rc17,onnx,4.0,237790.65624994054,1.0,0.0,0.022882094358901837,0,100,10,1062,6,4,0,1,0,0,0,0,6,1,100,5262.0,1,0,0,0,0,0,0,0,0,0,MLP,0,pyrat,UNSAT,12.861198663711548,solved,600.0
rc18,sweep_all,synthetic,Input-Corner Stress,sweep_all::rc18,onnx,4.0,243806.62499993906,1.0,0.0,0.0,0,100,10,1062,6,4,0,1,0,0,0,0,6,1,100,5262.0,1,0,0,0,0,0,0,0,0,0,MLP,0,abcrown,UNSAT,519.0993673801422,solved,600.0
rc18,sweep_all,synthetic,Input-Corner Stress,sweep_all::rc18,onnx,4.0,243806.62499993906,1.0,0.0,0.0,0,100,10,1062,6,4,0,1,0,0,0,0,6,1,100,5262.0,1,0,0,0,0,0,0,0,0,0,MLP,0,neuralsat,UNSAT,121.86584305763245,solved,600.0
rc18,sweep_all,synthetic,Input-Corner Stress,sweep_all::rc18,onnx,4.0,243806.62499993906,1.0,0.0,0.0,0,100,10,1062,6,4,0,1,0,0,0,0,6,1,100,5262.0,1,0,0,0,0,0,0,0,0,0,MLP,0,marabou,TIMEOUT,600.0271835327148,timeout,600.0
rc18,sweep_all,synthetic,Input-Corner Stress,sweep_all::rc18,onnx,4.0,243806.62499993906,1.0,0.0,0.0,0,100,10,1062,6,4,0,1,0,0,0,0,6,1,100,5262.0,1,0,0,0,0,0,0,0,0,0,MLP,0,nnenum,ERROR,2.0195014476776123,error,600.0
rc18,sweep_all,synthetic,Input-Corner Stress,sweep_all::rc18,onnx,4.0,243806.62499993906,1.0,0.0,0.0,0,100,10,1062,6,4,0,1,0,0,0,0,6,1,100,5262.0,1,0,0,0,0,0,0,0,0,0,MLP,0,pyrat,UNSAT,22.218994140625,solved,600.0
rc19,sweep_all,synthetic,Input-Corner Stress,sweep_all::rc19,onnx,4.0,0.25267440080636383,1.0,0.0,0.0,0,100,10,1062,6,4,0,1,0,0,0,0,6,1,100,5262.0,1,0,0,0,0,0,0,0,0,0,MLP,0,abcrown,UNSAT,13.368499517440796,solved,600.0
rc19,sweep_all,synthetic,Input-Corner Stress,sweep_all::rc19,onnx,4.0,0.25267440080636383,1.0,0.0,0.0,0,100,10,1062,6,4,0,1,0,0,0,0,6,1,100,5262.0,1,0,0,0,0,0,0,0,0,0,MLP,0,neuralsat,UNSAT,68.26959896087646,solved,600.0
rc19,sweep_all,synthetic,Input-Corner Stress,sweep_all::rc19,onnx,4.0,0.25267440080636383,1.0,0.0,0.0,0,100,10,1062,6,4,0,1,0,0,0,0,6,1,100,5262.0,1,0,0,0,0,0,0,0,0,0,MLP,0,marabou,UNSAT,0.014272689819335938,solved,600.0
rc19,sweep_all,synthetic,Input-Corner Stress,sweep_all::rc19,onnx,4.0,0.25267440080636383,1.0,0.0,0.0,0,100,10,1062,6,4,0,1,0,0,0,0,6,1,100,5262.0,1,0,0,0,0,0,0,0,0,0,MLP,0,nnenum,ERROR,1.9868042469024658,error,600.0
rc19,sweep_all,synthetic,Input-Corner Stress,sweep_all::rc19,onnx,4.0,0.25267440080636383,1.0,0.0,0.0,0,100,10,1062,6,4,0,1,0,0,0,0,6,1,100,5262.0,1,0,0,0,0,0,0,0,0,0,MLP,0,pyrat,UNSAT,5.3717522621154785,solved,600.0
rc20,sweep_all,synthetic,Input-Corner Stress,sweep_all::rc20,onnx,4.0,4.989994049071018,1.0,0.0,0.0,0,100,10,4182,6,4,0,1,0,0,0,0,6,1,256,17748.0,1,0,0,0,0,0,0,0,0,0,MLP,0,abcrown,TIMEOUT,600.1220102310181,timeout,600.0
rc20,sweep_all,synthetic,Input-Corner Stress,sweep_all::rc20,onnx,4.0,4.989994049071018,1.0,0.0,0.0,0,100,10,4182,6,4,0,1,0,0,0,0,6,1,256,17748.0,1,0,0,0,0,0,0,0,0,0,MLP,0,neuralsat,TIMEOUT,600.7778098583221,timeout,600.0
rc20,sweep_all,synthetic,Input-Corner Stress,sweep_all::rc20,onnx,4.0,4.989994049071018,1.0,0.0,0.0,0,100,10,4182,6,4,0,1,0,0,0,0,6,1,256,17748.0,1,0,0,0,0,0,0,0,0,0,MLP,0,marabou,TIMEOUT,600.014365196228,timeout,600.0
rc20,sweep_all,synthetic,Input-Corner Stress,sweep_all::rc20,onnx,4.0,4.989994049071018,1.0,0.0,0.0,0,100,10,4182,6,4,0,1,0,0,0,0,6,1,256,17748.0,1,0,0,0,0,0,0,0,0,0,MLP,0,nnenum,ERROR,1.8385279178619385,error,600.0
rc20,sweep_all,synthetic,Input-Corner Stress,sweep_all::rc20,onnx,4.0,4.989994049071018,1.0,0.0,0.0,0,100,10,4182,6,4,0,1,0,0,0,0,6,1,256,17748.0,1,0,0,0,0,0,0,0,0,0,MLP,0,pyrat,TIMEOUT,600.029177904129,timeout,600.0
rc21,sweep_all,synthetic,Input-Corner Stress,sweep_all::rc21,onnx,4.0,20.63885307311496,1.0,0.0,0.0,0,100,10,14166,6,4,0,1,0,0,0,0,6,1,1024,57688.0,1,0,0,0,0,0,0,0,0,0,MLP,0,abcrown,TIMEOUT,600.1226770877838,timeout,600.0
rc21,sweep_all,synthetic,Input-Corner Stress,sweep_all::rc21,onnx,4.0,20.63885307311496,1.0,0.0,0.0,0,100,10,14166,6,4,0,1,0,0,0,0,6,1,1024,57688.0,1,0,0,0,0,0,0,0,0,0,MLP,0,neuralsat,TIMEOUT,600.5471022129059,timeout,600.0
rc21,sweep_all,synthetic,Input-Corner Stress,sweep_all::rc21,onnx,4.0,20.63885307311496,1.0,0.0,0.0,0,100,10,14166,6,4,0,1,0,0,0,0,6,1,1024,57688.0,1,0,0,0,0,0,0,0,0,0,MLP,0,marabou,TIMEOUT,600.066249370575,timeout,600.0
rc21,sweep_all,synthetic,Input-Corner Stress,sweep_all::rc21,onnx,4.0,20.63885307311496,1.0,0.0,0.0,0,100,10,14166,6,4,0,1,0,0,0,0,6,1,1024,57688.0,1,0,0,0,0,0,0,0,0,0,MLP,0,nnenum,ERROR,1.8467342853546143,error,600.0
rc21,sweep_all,synthetic,Input-Corner Stress,sweep_all::rc21,onnx,4.0,20.63885307311496,1.0,0.0,0.0,0,100,10,14166,6,4,0,1,0,0,0,0,6,1,1024,57688.0,1,0,0,0,0,0,0,0,0,0,MLP,0,pyrat,TIMEOUT,600.0321440696716,timeout,600.0
rc22,sweep_all,synthetic,Input-Corner Stress,sweep_all::rc22,onnx,4.0,82.66114044187387,1.0,0.0,0.0,0,100,10,54102,6,4,0,1,0,0,0,0,6,1,4096,217434.0,1,0,0,0,0,0,0,0,0,0,MLP,0,abcrown,TIMEOUT,600.1309370994568,timeout,600.0
rc22,sweep_all,synthetic,Input-Corner Stress,sweep_all::rc22,onnx,4.0,82.66114044187387,1.0,0.0,0.0,0,100,10,54102,6,4,0,1,0,0,0,0,6,1,4096,217434.0,1,0,0,0,0,0,0,0,0,0,MLP,0,neuralsat,TIMEOUT,600.5627520084381,timeout,600.0
rc22,sweep_all,synthetic,Input-Corner Stress,sweep_all::rc22,onnx,4.0,82.66114044187387,1.0,0.0,0.0,0,100,10,54102,6,4,0,1,0,0,0,0,6,1,4096,217434.0,1,0,0,0,0,0,0,0,0,0,MLP,0,marabou,TIMEOUT,600.3785026073456,timeout,600.0
rc22,sweep_all,synthetic,Input-Corner Stress,sweep_all::rc22,onnx,4.0,82.66114044187387,1.0,0.0,0.0,0,100,10,54102,6,4,0,1,0,0,0,0,6,1,4096,217434.0,1,0,0,0,0,0,0,0,0,0,MLP,0,nnenum,ERROR,1.8230366706848145,error,600.0
rc22,sweep_all,synthetic,Input-Corner Stress,sweep_all::rc22,onnx,4.0,82.66114044187387,1.0,0.0,0.0,0,100,10,54102,6,4,0,1,0,0,0,0,6,1,4096,217434.0,1,0,0,0,0,0,0,0,0,0,MLP,0,pyrat,TIMEOUT,600.033280134201,timeout,600.0
ep1,sweep_all,synthetic,Constant-on-Box,sweep_all::ep1,onnx,0.8342132568359375,2.286404126499427e-06,0.0,4.174387269895637,11.583120338677675,0,100,10,330870,18,8,0,6,0,0,0,0,14,6,256,1326555.0,1,0,0,0,0,0,0,0,0,0,MLP,0,abcrown,UNSAT,3.595401763916016,solved,600.0
ep1,sweep_all,synthetic,Constant-on-Box,sweep_all::ep1,onnx,0.8342132568359375,2.286404126499427e-06,0.0,4.174387269895637,11.583120338677675,0,100,10,330870,18,8,0,6,0,0,0,0,14,6,256,1326555.0,1,0,0,0,0,0,0,0,0,0,MLP,0,neuralsat,UNSAT,5.31123375892639,solved,600.0
ep1,sweep_all,synthetic,Constant-on-Box,sweep_all::ep1,onnx,0.8342132568359375,2.286404126499427e-06,0.0,4.174387269895637,11.583120338677675,0,100,10,330870,18,8,0,6,0,0,0,0,14,6,256,1326555.0,1,0,0,0,0,0,0,0,0,0,MLP,0,marabou,UNSAT,5.540464878082275,solved,600.0
ep1,sweep_all,synthetic,Constant-on-Box,sweep_all::ep1,onnx,0.8342132568359375,2.286404126499427e-06,0.0,4.174387269895637,11.583120338677675,0,100,10,330870,18,8,0,6,0,0,0,0,14,6,256,1326555.0,1,0,0,0,0,0,0,0,0,0,MLP,0,nnenum,ERROR,1.798081636428833,error,600.0
ep1,sweep_all,synthetic,Constant-on-Box,sweep_all::ep1,onnx,0.8342132568359375,2.286404126499427e-06,0.0,4.174387269895637,11.583120338677675,0,100,10,330870,18,8,0,6,0,0,0,0,14,6,256,1326555.0,1,0,0,0,0,0,0,0,0,0,MLP,0,pyrat,UNSAT,5.474920988082886,solved,600.0
ep2,sweep_all,synthetic,Constant-on-Box,sweep_all::ep2,onnx,0.8342132568359375,2.286404126499427e-06,0.0,3.871201010907891,11.518533045298632,0,100,10,330870,18,8,0,6,0,0,0,0,14,6,256,1326555.0,1,0,0,0,0,0,0,0,0,0,MLP,0,abcrown,UNSAT,3.758060932159424,solved,600.0
ep2,sweep_all,synthetic,Constant-on-Box,sweep_all::ep2,onnx,0.8342132568359375,2.286404126499427e-06,0.0,3.871201010907891,11.518533045298632,0,100,10,330870,18,8,0,6,0,0,0,0,14,6,256,1326555.0,1,0,0,0,0,0,0,0,0,0,MLP,0,neuralsat,UNSAT,5.30999279022217,solved,600.0
ep2,sweep_all,synthetic,Constant-on-Box,sweep_all::ep2,onnx,0.8342132568359375,2.286404126499427e-06,0.0,3.871201010907891,11.518533045298632,0,100,10,330870,18,8,0,6,0,0,0,0,14,6,256,1326555.0,1,0,0,0,0,0,0,0,0,0,MLP,0,marabou,UNSAT,5.728116750717163,solved,600.0
ep2,sweep_all,synthetic,Constant-on-Box,sweep_all::ep2,onnx,0.8342132568359375,2.286404126499427e-06,0.0,3.871201010907891,11.518533045298632,0,100,10,330870,18,8,0,6,0,0,0,0,14,6,256,1326555.0,1,0,0,0,0,0,0,0,0,0,MLP,0,nnenum,ERROR,1.8755483627319336,error,600.0
ep2,sweep_all,synthetic,Constant-on-Box,sweep_all::ep2,onnx,0.8342132568359375,2.286404126499427e-06,0.0,3.871201010907891,11.518533045298632,0,100,10,330870,18,8,0,6,0,0,0,0,14,6,256,1326555.0,1,0,0,0,0,0,0,0,0,0,MLP,0,pyrat,UNSAT,3.0421619415283203,solved,600.0
ep3,sweep_all,synthetic,Constant-on-Box,sweep_all::ep3,onnx,0.8342132568359375,2.286404126499427e-06,0.0,3.8501476017100584,11.475120634456077,0,100,10,330870,18,8,0,6,0,0,0,0,14,6,256,1326555.0,1,0,0,0,0,0,0,0,0,0,MLP,0,abcrown,UNSAT,3.925334215164185,solved,600.0
ep3,sweep_all,synthetic,Constant-on-Box,sweep_all::ep3,onnx,0.8342132568359375,2.286404126499427e-06,0.0,3.8501476017100584,11.475120634456077,0,100,10,330870,18,8,0,6,0,0,0,0,14,6,256,1326555.0,1,0,0,0,0,0,0,0,0,0,MLP,0,neuralsat,UNSAT,5.940041065216064,solved,600.0
ep3,sweep_all,synthetic,Constant-on-Box,sweep_all::ep3,onnx,0.8342132568359375,2.286404126499427e-06,0.0,3.8501476017100584,11.475120634456077,0,100,10,330870,18,8,0,6,0,0,0,0,14,6,256,1326555.0,1,0,0,0,0,0,0,0,0,0,MLP,0,marabou,UNSAT,5.579730987548828,solved,600.0
ep3,sweep_all,synthetic,Constant-on-Box,sweep_all::ep3,onnx,0.8342132568359375,2.286404126499427e-06,0.0,3.8501476017100584,11.475120634456077,0,100,10,330870,18,8,0,6,0,0,0,0,14,6,256,1326555.0,1,0,0,0,0,0,0,0,0,0,MLP,0,nnenum,ERROR,1.8523623943328857,error,600.0
ep3,sweep_all,synthetic,Constant-on-Box,sweep_all::ep3,onnx,0.8342132568359375,2.286404126499427e-06,0.0,3.8501476017100584,11.475120634456077,0,100,10,330870,18,8,0,6,0,0,0,0,14,6,256,1326555.0,1,0,0,0,0,0,0,0,0,0,MLP,0,pyrat,UNSAT,3.293444871902466,solved,600.0
ep4,sweep_all,synthetic,Constant-on-Box,sweep_all::ep4,onnx,0.8342132568359375,2.286404126499427e-06,0.0,3.8501476017100584,11.49491981588316,0,100,10,330870,18,8,0,6,0,0,0,0,14,6,256,1326555.0,1,0,0,0,0,0,0,0,0,0,MLP,0,abcrown,UNSAT,3.282429695129395,solved,600.0
ep4,sweep_all,synthetic,Constant-on-Box,sweep_all::ep4,onnx,0.8342132568359375,2.286404126499427e-06,0.0,3.8501476017100584,11.49491981588316,0,100,10,330870,18,8,0,6,0,0,0,0,14,6,256,1326555.0,1,0,0,0,0,0,0,0,0,0,MLP,0,neuralsat,UNSAT,4.855815172195435,solved,600.0
ep4,sweep_all,synthetic,Constant-on-Box,sweep_all::ep4,onnx,0.8342132568359375,2.286404126499427e-06,0.0,3.8501476017100584,11.49491981588316,0,100,10,330870,18,8,0,6,0,0,0,0,14,6,256,1326555.0,1,0,0,0,0,0,0,0,0,0,MLP,0,marabou,UNSAT,5.547301769256592,solved,600.0
ep4,sweep_all,synthetic,Constant-on-Box,sweep_all::ep4,onnx,0.8342132568359375,2.286404126499427e-06,0.0,3.8501476017100584,11.49491981588316,0,100,10,330870,18,8,0,6,0,0,0,0,14,6,256,1326555.0,1,0,0,0,0,0,0,0,0,0,MLP,0,nnenum,ERROR,1.9794845581054688,error,600.0
ep4,sweep_all,synthetic,Constant-on-Box,sweep_all::ep4,onnx,0.8342132568359375,2.286404126499427e-06,0.0,3.8501476017100584,11.49491981588316,0,100,10,330870,18,8,0,6,0,0,0,0,14,6,256,1326555.0,1,0,0,0,0,0,0,0,0,0,MLP,0,pyrat,UNSAT,3.6862289905548096,solved,600.0
ep5,sweep_all,synthetic,Constant-on-Box,sweep_all::ep5,onnx,0.8342132568359375,2.286404126499427e-06,0.0,3.7376696182833684,11.487031996304758,0,100,10,330870,18,8,0,6,0,0,0,0,14,6,256,1326555.0,1,0,0,0,0,0,0,0,0,0,MLP,0,abcrown,UNSAT,3.28071689605713,solved,600.0
ep5,sweep_all,synthetic,Constant-on-Box,sweep_all::ep5,onnx,0.8342132568359375,2.286404126499427e-06,0.0,3.7376696182833684,11.487031996304758,0,100,10,330870,18,8,0,6,0,0,0,0,14,6,256,1326555.0,1,0,0,0,0,0,0,0,0,0,MLP,0,neuralsat,UNSAT,4.973893880844116,solved,600.0
ep5,sweep_all,synthetic,Constant-on-Box,sweep_all::ep5,onnx,0.8342132568359375,2.286404126499427e-06,0.0,3.7376696182833684,11.487031996304758,0,100,10,330870,18,8,0,6,0,0,0,0,14,6,256,1326555.0,1,0,0,0,0,0,0,0,0,0,MLP,0,marabou,UNSAT,5.547126293182373,solved,600.0
ep5,sweep_all,synthetic,Constant-on-Box,sweep_all::ep5,onnx,0.8342132568359375,2.286404126499427e-06,0.0,3.7376696182833684,11.487031996304758,0,100,10,330870,18,8,0,6,0,0,0,0,14,6,256,1326555.0,1,0,0,0,0,0,0,0,0,0,MLP,0,nnenum,ERROR,1.7533063888549805,error,600.0
ep5,sweep_all,synthetic,Constant-on-Box,sweep_all::ep5,onnx,0.8342132568359375,2.286404126499427e-06,0.0,3.7376696182833684,11.487031996304758,0,100,10,330870,18,8,0,6,0,0,0,0,14,6,256,1326555.0,1,0,0,0,0,0,0,0,0,0,MLP,0,pyrat,UNSAT,3.8503358364105225,solved,600.0
dc_cnn1,sweep_all,synthetic,Deep Contractive,sweep_all::dc_cnn1,onnx,0.3315001428127289,0.29525089633840584,0.5052083333333334,6.343880434126331,41.95219152357433,0,64,10,14922,10,1,3,3,0,0,0,0,10,3,1024,61369.0,0,1,0,0,0,0,1,0,0,0,CNN,0,abcrown,UNSAT,46.3174512386322,solved,600.0
dc_cnn1,sweep_all,synthetic,Deep Contractive,sweep_all::dc_cnn1,onnx,0.3315001428127289,0.29525089633840584,0.5052083333333334,6.343880434126331,41.95219152357433,0,64,10,14922,10,1,3,3,0,0,0,0,10,3,1024,61369.0,0,1,0,0,0,0,1,0,0,0,CNN,0,neuralsat,UNSAT,123.58574604988098,solved,600.0
dc_cnn1,sweep_all,synthetic,Deep Contractive,sweep_all::dc_cnn1,onnx,0.3315001428127289,0.29525089633840584,0.5052083333333334,6.343880434126331,41.95219152357433,0,64,10,14922,10,1,3,3,0,0,0,0,10,3,1024,61369.0,0,1,0,0,0,0,1,0,0,0,CNN,0,marabou,UNSAT,0.6469979286193848,solved,600.0
dc_cnn1,sweep_all,synthetic,Deep Contractive,sweep_all::dc_cnn1,onnx,0.3315001428127289,0.29525089633840584,0.5052083333333334,6.343880434126331,41.95219152357433,0,64,10,14922,10,1,3,3,0,0,0,0,10,3,1024,61369.0,0,1,0,0,0,0,1,0,0,0,CNN,0,nnenum,UNSAT,2.1470603942871094,solved,600.0
dc_cnn1,sweep_all,synthetic,Deep Contractive,sweep_all::dc_cnn1,onnx,0.3315001428127289,0.29525089633840584,0.5052083333333334,6.343880434126331,41.95219152357433,0,64,10,14922,10,1,3,3,0,0,0,0,10,3,1024,61369.0,0,1,0,0,0,0,1,0,0,0,CNN,0,pyrat,UNSAT,3.5585501194000244,solved,600.0
dc_cnn2,sweep_all,synthetic,Deep Contractive,sweep_all::dc_cnn2,onnx,0.47263234853744507,0.7123952402766708,0.6591796875,6.396929655216146,37.97582378402239,0,64,10,19562,14,1,5,5,0,0,0,0,14,5,1024,80671.0,0,1,0,0,0,0,1,0,0,0,CNN,0,abcrown,UNSAT,53.60107898712158,solved,600.0
dc_cnn2,sweep_all,synthetic,Deep Contractive,sweep_all::dc_cnn2,onnx,0.47263234853744507,0.7123952402766708,0.6591796875,6.396929655216146,37.97582378402239,0,64,10,19562,14,1,5,5,0,0,0,0,14,5,1024,80671.0,0,1,0,0,0,0,1,0,0,0,CNN,0,neuralsat,UNSAT,195.4143829345703,solved,600.0
dc_cnn2,sweep_all,synthetic,Deep Contractive,sweep_all::dc_cnn2,onnx,0.47263234853744507,0.7123952402766708,0.6591796875,6.396929655216146,37.97582378402239,0,64,10,19562,14,1,5,5,0,0,0,0,14,5,1024,80671.0,0,1,0,0,0,0,1,0,0,0,CNN,0,marabou,UNSAT,1.2061333656311035,solved,600.0
dc_cnn2,sweep_all,synthetic,Deep Contractive,sweep_all::dc_cnn2,onnx,0.47263234853744507,0.7123952402766708,0.6591796875,6.396929655216146,37.97582378402239,0,64,10,19562,14,1,5,5,0,0,0,0,14,5,1024,80671.0,0,1,0,0,0,0,1,0,0,0,CNN,0,nnenum,UNSAT,2.051327705383301,solved,600.0
dc_cnn2,sweep_all,synthetic,Deep Contractive,sweep_all::dc_cnn2,onnx,0.47263234853744507,0.7123952402766708,0.6591796875,6.396929655216146,37.97582378402239,0,64,10,19562,14,1,5,5,0,0,0,0,14,5,1024,80671.0,0,1,0,0,0,0,1,0,0,0,CNN,0,pyrat,UNSAT,4.11736798286438,solved,600.0
dc_cnn3,sweep_all,synthetic,Deep Contractive,sweep_all::dc_cnn3,onnx,10.468107223510742,0.9850380977279286,0.7668805803571429,6.396929655216146,23.212880717961614,0,64,10,24202,18,1,7,7,0,0,0,0,18,7,1024,99973.0,0,1,0,0,0,0,1,0,0,0,CNN,0,abcrown,UNSAT,85.97253465652466,solved,600.0
dc_cnn3,sweep_all,synthetic,Deep Contractive,sweep_all::dc_cnn3,onnx,10.468107223510742,0.9850380977279286,0.7668805803571429,6.396929655216146,23.212880717961614,0,64,10,24202,18,1,7,7,0,0,0,0,18,7,1024,99973.0,0,1,0,0,0,0,1,0,0,0,CNN,0,neuralsat,UNSAT,216.06062865257263,solved,600.0
dc_cnn3,sweep_all,synthetic,Deep Contractive,sweep_all::dc_cnn3,onnx,10.468107223510742,0.9850380977279286,0.7668805803571429,6.396929655216146,23.212880717961614,0,64,10,24202,18,1,7,7,0,0,0,0,18,7,1024,99973.0,0,1,0,0,0,0,1,0,0,0,CNN,0,marabou,UNSAT,1.9092645645141602,solved,600.0
dc_cnn3,sweep_all,synthetic,Deep Contractive,sweep_all::dc_cnn3,onnx,10.468107223510742,0.9850380977279286,0.7668805803571429,6.396929655216146,23.212880717961614,0,64,10,24202,18,1,7,7,0,0,0,0,18,7,1024,99973.0,0,1,0,0,0,0,1,0,0,0,CNN,0,nnenum,UNSAT,1.9948935508728027,solved,600.0
dc_cnn3,sweep_all,synthetic,Deep Contractive,sweep_all::dc_cnn3,onnx,10.468107223510742,0.9850380977279286,0.7668805803571429,6.396929655216146,23.212880717961614,0,64,10,24202,18,1,7,7,0,0,0,0,18,7,1024,99973.0,0,1,0,0,0,0,1,0,0,0,CNN,0,pyrat,UNSAT,4.242828130722046,solved,600.0
dc_cnn4,sweep_all,synthetic,Deep Contractive,sweep_all::dc_cnn4,onnx,62.075225830078125,0.9984251374703114,0.8136935763888888,5.8971538676367405,9.360603413887674,0,64,10,28842,22,1,9,9,0,0,0,0,22,9,1024,119275.0,0,1,0,0,0,0,1,0,0,0,CNN,0,abcrown,UNSAT,84.82728433609009,solved,600.0
dc_cnn4,sweep_all,synthetic,Deep Contractive,sweep_all::dc_cnn4,onnx,62.075225830078125,0.9984251374703114,0.8136935763888888,5.8971538676367405,9.360603413887674,0,64,10,28842,22,1,9,9,0,0,0,0,22,9,1024,119275.0,0,1,0,0,0,0,1,0,0,0,CNN,0,neuralsat,UNSAT,299.42706775665283,solved,600.0
dc_cnn4,sweep_all,synthetic,Deep Contractive,sweep_all::dc_cnn4,onnx,62.075225830078125,0.9984251374703114,0.8136935763888888,5.8971538676367405,9.360603413887674,0,64,10,28842,22,1,9,9,0,0,0,0,22,9,1024,119275.0,0,1,0,0,0,0,1,0,0,0,CNN,0,marabou,UNSAT,2.5981369018554688,solved,600.0
dc_cnn4,sweep_all,synthetic,Deep Contractive,sweep_all::dc_cnn4,onnx,62.075225830078125,0.9984251374703114,0.8136935763888888,5.8971538676367405,9.360603413887674,0,64,10,28842,22,1,9,9,0,0,0,0,22,9,1024,119275.0,0,1,0,0,0,0,1,0,0,0,CNN,0,nnenum,UNSAT,2.172468423843384,solved,600.0
dc_cnn4,sweep_all,synthetic,Deep Contractive,sweep_all::dc_cnn4,onnx,62.075225830078125,0.9984251374703114,0.8136935763888888,5.8971538676367405,9.360603413887674,0,64,10,28842,22,1,9,9,0,0,0,0,22,9,1024,119275.0,0,1,0,0,0,0,1,0,0,0,CNN,0,pyrat,UNSAT,3.8853211402893066,solved,600.0
dc_cnn5,sweep_all,synthetic,Deep Contractive,sweep_all::dc_cnn5,onnx,1348.24853515625,0.9994104418935394,0.8481889204545454,5.147494476813453,3.2119489935190253,0,64,10,33482,26,1,11,11,0,0,0,0,26,11,1024,138577.0,0,1,0,0,0,0,1,0,0,0,CNN,0,abcrown,UNSAT,101.14186644554138,solved,600.0
dc_cnn5,sweep_all,synthetic,Deep Contractive,sweep_all::dc_cnn5,onnx,1348.24853515625,0.9994104418935394,0.8481889204545454,5.147494476813453,3.2119489935190253,0,64,10,33482,26,1,11,11,0,0,0,0,26,11,1024,138577.0,0,1,0,0,0,0,1,0,0,0,CNN,0,neuralsat,UNSAT,535.0780069828033,solved,600.0
dc_cnn5,sweep_all,synthetic,Deep Contractive,sweep_all::dc_cnn5,onnx,1348.24853515625,0.9994104418935394,0.8481889204545454,5.147494476813453,3.2119489935190253,0,64,10,33482,26,1,11,11,0,0,0,0,26,11,1024,138577.0,0,1,0,0,0,0,1,0,0,0,CNN,0,marabou,UNSAT,3.4134609699249268,solved,600.0
dc_cnn5,sweep_all,synthetic,Deep Contractive,sweep_all::dc_cnn5,onnx,1348.24853515625,0.9994104418935394,0.8481889204545454,5.147494476813453,3.2119489935190253,0,64,10,33482,26,1,11,11,0,0,0,0,26,11,1024,138577.0,0,1,0,0,0,0,1,0,0,0,CNN,0,nnenum,UNSAT,2.383192539215088,solved,600.0
dc_cnn5,sweep_all,synthetic,Deep Contractive,sweep_all::dc_cnn5,onnx,1348.24853515625,0.9994104418935394,0.8481889204545454,5.147494476813453,3.2119489935190253,0,64,10,33482,26,1,11,11,0,0,0,0,26,11,1024,138577.0,0,1,0,0,0,0,1,0,0,0,CNN,0,pyrat,UNSAT,4.866822957992554,solved,600.0
dc_cnn6,sweep_all,synthetic,Deep Contractive,sweep_all::dc_cnn6,onnx,0.22608405351638794,0.23767183021733965,0.4772135416666667,6.16541785423142,41.50934764154548,0,64,10,14922,10,1,3,3,0,0,0,0,10,3,1024,61369.0,0,1,0,0,0,0,1,0,0,0,CNN,0,abcrown,UNSAT,42.434476375579834,solved,600.0
dc_cnn6,sweep_all,synthetic,Deep Contractive,sweep_all::dc_cnn6,onnx,0.22608405351638794,0.23767183021733965,0.4772135416666667,6.16541785423142,41.50934764154548,0,64,10,14922,10,1,3,3,0,0,0,0,10,3,1024,61369.0,0,1,0,0,0,0,1,0,0,0,CNN,0,neuralsat,UNSAT,96.72993922233582,solved,600.0
dc_cnn6,sweep_all,synthetic,Deep Contractive,sweep_all::dc_cnn6,onnx,0.22608405351638794,0.23767183021733965,0.4772135416666667,6.16541785423142,41.50934764154548,0,64,10,14922,10,1,3,3,0,0,0,0,10,3,1024,61369.0,0,1,0,0,0,0,1,0,0,0,CNN,0,marabou,UNSAT,0.6081469058990479,solved,600.0
dc_cnn6,sweep_all,synthetic,Deep Contractive,sweep_all::dc_cnn6,onnx,0.22608405351638794,0.23767183021733965,0.4772135416666667,6.16541785423142,41.50934764154548,0,64,10,14922,10,1,3,3,0,0,0,0,10,3,1024,61369.0,0,1,0,0,0,0,1,0,0,0,CNN,0,nnenum,UNSAT,1.9978582859039307,solved,600.0
dc_cnn6,sweep_all,synthetic,Deep Contractive,sweep_all::dc_cnn6,onnx,0.22608405351638794,0.23767183021733965,0.4772135416666667,6.16541785423142,41.50934764154548,0,64,10,14922,10,1,3,3,0,0,0,0,10,3,1024,61369.0,0,1,0,0,0,0,1,0,0,0,CNN,0,pyrat,UNSAT,3.802704095840454,solved,600.0
dc_cnn7,sweep_all,synthetic,Deep Contractive,sweep_all::dc_cnn7,onnx,0.8451133966445923,0.8274552231690688,0.710546875,6.396929655216146,39.2457565097209,0,64,10,19562,14,1,5,5,0,0,0,0,14,5,1024,80671.0,0,1,0,0,0,0,1,0,0,0,CNN,0,abcrown,UNSAT,53.728147983551025,solved,600.0
dc_cnn7,sweep_all,synthetic,Deep Contractive,sweep_all::dc_cnn7,onnx,0.8451133966445923,0.8274552231690688,0.710546875,6.396929655216146,39.2457565097209,0,64,10,19562,14,1,5,5,0,0,0,0,14,5,1024,80671.0,0,1,0,0,0,0,1,0,0,0,CNN,0,neuralsat,UNSAT,145.66264700889587,solved,600.0
dc_cnn7,sweep_all,synthetic,Deep Contractive,sweep_all::dc_cnn7,onnx,0.8451133966445923,0.8274552231690688,0.710546875,6.396929655216146,39.2457565097209,0,64,10,19562,14,1,5,5,0,0,0,0,14,5,1024,80671.0,0,1,0,0,0,0,1,0,0,0,CNN,0,marabou,UNSAT,1.2161500453948975,solved,600.0
dc_cnn7,sweep_all,synthetic,Deep Contractive,sweep_all::dc_cnn7,onnx,0.8451133966445923,0.8274552231690688,0.710546875,6.396929655216146,39.2457565097209,0,64,10,19562,14,1,5,5,0,0,0,0,14,5,1024,80671.0,0,1,0,0,0,0,1,0,0,0,CNN,0,nnenum,UNSAT,2.1095244884490967,solved,600.0
dc_cnn7,sweep_all,synthetic,Deep Contractive,sweep_all::dc_cnn7,onnx,0.8451133966445923,0.8274552231690688,0.710546875,6.396929655216146,39.2457565097209,0,64,10,19562,14,1,5,5,0,0,0,0,14,5,1024,80671.0,0,1,0,0,0,0,1,0,0,0,CNN,0,pyrat,UNSAT,3.8535311222076416,solved,600.0
dc_cnn8,sweep_all,synthetic,Deep Contractive,sweep_all::dc_cnn8,onnx,8.553570747375488,0.9867620318228085,0.7791573660714286,6.375024819828097,17.94473593241768,0,64,10,24202,18,1,7,7,0,0,0,0,18,7,1024,99973.0,0,1,0,0,0,0,1,0,0,0,CNN,0,abcrown,UNSAT,63.02657651901245,solved,600.0
dc_cnn8,sweep_all,synthetic,Deep Contractive,sweep_all::dc_cnn8,onnx,8.553570747375488,0.9867620318228085,0.7791573660714286,6.375024819828097,17.94473593241768,0,64,10,24202,18,1,7,7,0,0,0,0,18,7,1024,99973.0,0,1,0,0,0,0,1,0,0,0,CNN,0,neuralsat,UNSAT,217.80887055397034,solved,600.0
dc_cnn8,sweep_all,synthetic,Deep Contractive,sweep_all::dc_cnn8,onnx,8.553570747375488,0.9867620318228085,0.7791573660714286,6.375024819828097,17.94473593241768,0,64,10,24202,18,1,7,7,0,0,0,0,18,7,1024,99973.0,0,1,0,0,0,0,1,0,0,0,CNN,0,marabou,UNSAT,1.8476545810699463,solved,600.0
dc_cnn8,sweep_all,synthetic,Deep Contractive,sweep_all::dc_cnn8,onnx,8.553570747375488,0.9867620318228085,0.7791573660714286,6.375024819828097,17.94473593241768,0,64,10,24202,18,1,7,7,0,0,0,0,18,7,1024,99973.0,0,1,0,0,0,0,1,0,0,0,CNN,0,nnenum,UNSAT,2.082866907119751,solved,600.0
dc_cnn8,sweep_all,synthetic,Deep Contractive,sweep_all::dc_cnn8,onnx,8.553570747375488,0.9867620318228085,0.7791573660714286,6.375024819828097,17.94473593241768,0,64,10,24202,18,1,7,7,0,0,0,0,18,7,1024,99973.0,0,1,0,0,0,0,1,0,0,0,CNN,0,pyrat,UNSAT,4.272212028503418,solved,600.0
dc_cnn9,sweep_all,synthetic,Deep Contractive,sweep_all::dc_cnn9,onnx,76.32766723632812,0.9987761905331464,0.8228081597222222,5.793013608384144,6.272782855121132,0,64,10,28842,22,1,9,9,0,0,0,0,22,9,1024,119275.0,0,1,0,0,0,0,1,0,0,0,CNN,0,abcrown,UNSAT,81.02616834640503,solved,600.0
dc_cnn9,sweep_all,synthetic,Deep Contractive,sweep_all::dc_cnn9,onnx,76.32766723632812,0.9987761905331464,0.8228081597222222,5.793013608384144,6.272782855121132,0,64,10,28842,22,1,9,9,0,0,0,0,22,9,1024,119275.0,0,1,0,0,0,0,1,0,0,0,CNN,0,neuralsat,UNSAT,284.08606481552124,solved,600.0
dc_cnn9,sweep_all,synthetic,Deep Contractive,sweep_all::dc_cnn9,onnx,76.32766723632812,0.9987761905331464,0.8228081597222222,5.793013608384144,6.272782855121132,0,64,10,28842,22,1,9,9,0,0,0,0,22,9,1024,119275.0,0,1,0,0,0,0,1,0,0,0,CNN,0,marabou,UNSAT,2.5983314514160156,solved,600.0
dc_cnn9,sweep_all,synthetic,Deep Contractive,sweep_all::dc_cnn9,onnx,76.32766723632812,0.9987761905331464,0.8228081597222222,5.793013608384144,6.272782855121132,0,64,10,28842,22,1,9,9,0,0,0,0,22,9,1024,119275.0,0,1,0,0,0,0,1,0,0,0,CNN,0,nnenum,UNSAT,2.4700233936309814,solved,600.0
dc_cnn9,sweep_all,synthetic,Deep Contractive,sweep_all::dc_cnn9,onnx,76.32766723632812,0.9987761905331464,0.8228081597222222,5.793013608384144,6.272782855121132,0,64,10,28842,22,1,9,9,0,0,0,0,22,9,1024,119275.0,0,1,0,0,0,0,1,0,0,0,CNN,0,pyrat,UNSAT,4.087417125701904,solved,600.0
dc_cnn10,sweep_all,synthetic,Deep Contractive,sweep_all::dc_cnn10,onnx,1935.6729736328125,0.9993452371762654,0.8495205965909091,5.627621113690637,6.340789936275357,0,64,10,33482,26,1,11,11,0,0,0,0,26,11,1024,138577.0,0,1,0,0,0,0,1,0,0,0,CNN,0,abcrown,UNSAT,97.46827220916748,solved,600.0
dc_cnn10,sweep_all,synthetic,Deep Contractive,sweep_all::dc_cnn10,onnx,1935.6729736328125,0.9993452371762654,0.8495205965909091,5.627621113690637,6.340789936275357,0,64,10,33482,26,1,11,11,0,0,0,0,26,11,1024,138577.0,0,1,0,0,0,0,1,0,0,0,CNN,0,neuralsat,UNSAT,411.0016198158264,solved,600.0
dc_cnn10,sweep_all,synthetic,Deep Contractive,sweep_all::dc_cnn10,onnx,1935.6729736328125,0.9993452371762654,0.8495205965909091,5.627621113690637,6.340789936275357,0,64,10,33482,26,1,11,11,0,0,0,0,26,11,1024,138577.0,0,1,0,0,0,0,1,0,0,0,CNN,0,marabou,UNSAT,3.380523681640625,solved,600.0
dc_cnn10,sweep_all,synthetic,Deep Contractive,sweep_all::dc_cnn10,onnx,1935.6729736328125,0.9993452371762654,0.8495205965909091,5.627621113690637,6.340789936275357,0,64,10,33482,26,1,11,11,0,0,0,0,26,11,1024,138577.0,0,1,0,0,0,0,1,0,0,0,CNN,0,nnenum,UNSAT,2.5444438457489014,solved,600.0
dc_cnn10,sweep_all,synthetic,Deep Contractive,sweep_all::dc_cnn10,onnx,1935.6729736328125,0.9993452371762654,0.8495205965909091,5.627621113690637,6.340789936275357,0,64,10,33482,26,1,11,11,0,0,0,0,26,11,1024,138577.0,0,1,0,0,0,0,1,0,0,0,CNN,0,pyrat,UNSAT,3.84763503074646,solved,600.0
dc_cnn11,sweep_all,synthetic,Deep Contractive,sweep_all::dc_cnn11,onnx,2.317404270172119,0.9850381129895466,0.7668805803571429,6.376726947898627,19.053018164292585,0,64,10,24202,18,1,7,7,0,0,0,0,18,7,1024,99973.0,0,1,0,0,0,0,1,0,0,0,CNN,0,abcrown,UNSAT,63.35057044029236,solved,600.0
dc_cnn11,sweep_all,synthetic,Deep Contractive,sweep_all::dc_cnn11,onnx,2.317404270172119,0.9850381129895466,0.7668805803571429,6.376726947898627,19.053018164292585,0,64,10,24202,18,1,7,7,0,0,0,0,18,7,1024,99973.0,0,1,0,0,0,0,1,0,0,0,CNN,0,neuralsat,UNSAT,232.50225949287415,solved,600.0
dc_cnn11,sweep_all,synthetic,Deep Contractive,sweep_all::dc_cnn11,onnx,2.317404270172119,0.9850381129895466,0.7668805803571429,6.376726947898627,19.053018164292585,0,64,10,24202,18,1,7,7,0,0,0,0,18,7,1024,99973.0,0,1,0,0,0,0,1,0,0,0,CNN,0,marabou,UNSAT,1.917287826538086,solved,600.0
dc_cnn11,sweep_all,synthetic,Deep Contractive,sweep_all::dc_cnn11,onnx,2.317404270172119,0.9850381129895466,0.7668805803571429,6.376726947898627,19.053018164292585,0,64,10,24202,18,1,7,7,0,0,0,0,18,7,1024,99973.0,0,1,0,0,0,0,1,0,0,0,CNN,0,nnenum,UNSAT,2.211841106414795,solved,600.0
dc_cnn11,sweep_all,synthetic,Deep Contractive,sweep_all::dc_cnn11,onnx,2.317404270172119,0.9850381129895466,0.7668805803571429,6.376726947898627,19.053018164292585,0,64,10,24202,18,1,7,7,0,0,0,0,18,7,1024,99973.0,0,1,0,0,0,0,1,0,0,0,CNN,0,pyrat,UNSAT,4.156193733215332,solved,600.0
dc_cnn12,sweep_all,synthetic,Deep Contractive,sweep_all::dc_cnn12,onnx,5.163605690002441,0.9850380974792683,0.7668805803571429,6.396929655216146,22.06279915582158,0,64,10,24202,18,1,7,7,0,0,0,0,18,7,1024,99973.0,0,1,0,0,0,0,1,0,0,0,CNN,0,abcrown,UNSAT,68.32197761535645,solved,600.0
dc_cnn12,sweep_all,synthetic,Deep Contractive,sweep_all::dc_cnn12,onnx,5.163605690002441,0.9850380974792683,0.7668805803571429,6.396929655216146,22.06279915582158,0,64,10,24202,18,1,7,7,0,0,0,0,18,7,1024,99973.0,0,1,0,0,0,0,1,0,0,0,CNN,0,neuralsat,UNSAT,244.33063411712646,solved,600.0
dc_cnn12,sweep_all,synthetic,Deep Contractive,sweep_all::dc_cnn12,onnx,5.163605690002441,0.9850380974792683,0.7668805803571429,6.396929655216146,22.06279915582158,0,64,10,24202,18,1,7,7,0,0,0,0,18,7,1024,99973.0,0,1,0,0,0,0,1,0,0,0,CNN,0,marabou,UNSAT,1.8806145191192627,solved,600.0
dc_cnn12,sweep_all,synthetic,Deep Contractive,sweep_all::dc_cnn12,onnx,5.163605690002441,0.9850380974792683,0.7668805803571429,6.396929655216146,22.06279915582158,0,64,10,24202,18,1,7,7,0,0,0,0,18,7,1024,99973.0,0,1,0,0,0,0,1,0,0,0,CNN,0,nnenum,UNSAT,2.0324618816375732,solved,600.0
dc_cnn12,sweep_all,synthetic,Deep Contractive,sweep_all::dc_cnn12,onnx,5.163605690002441,0.9850380974792683,0.7668805803571429,6.396929655216146,22.06279915582158,0,64,10,24202,18,1,7,7,0,0,0,0,18,7,1024,99973.0,0,1,0,0,0,0,1,0,0,0,CNN,0,pyrat,UNSAT,4.375976085662842,solved,600.0
dc_cnn13,sweep_all,synthetic,Deep Contractive,sweep_all::dc_cnn13,onnx,10.468090057373047,0.9850380731925956,0.7668805803571429,6.391917113392602,23.89516057263167,0,64,10,24202,18,1,7,7,0,0,0,0,18,7,1024,99973.0,0,1,0,0,0,0,1,0,0,0,CNN,0,abcrown,UNSAT,66.05382704734802,solved,600.0
dc_cnn13,sweep_all,synthetic,Deep Contractive,sweep_all::dc_cnn13,onnx,10.468090057373047,0.9850380731925956,0.7668805803571429,6.391917113392602,23.89516057263167,0,64,10,24202,18,1,7,7,0,0,0,0,18,7,1024,99973.0,0,1,0,0,0,0,1,0,0,0,CNN,0,neuralsat,UNSAT,244.3541398048401,solved,600.0
dc_cnn13,sweep_all,synthetic,Deep Contractive,sweep_all::dc_cnn13,onnx,10.468090057373047,0.9850380731925956,0.7668805803571429,6.391917113392602,23.89516057263167,0,64,10,24202,18,1,7,7,0,0,0,0,18,7,1024,99973.0,0,1,0,0,0,0,1,0,0,0,CNN,0,marabou,UNSAT,1.8819389343261719,solved,600.0
dc_cnn13,sweep_all,synthetic,Deep Contractive,sweep_all::dc_cnn13,onnx,10.468090057373047,0.9850380731925956,0.7668805803571429,6.391917113392602,23.89516057263167,0,64,10,24202,18,1,7,7,0,0,0,0,18,7,1024,99973.0,0,1,0,0,0,0,1,0,0,0,CNN,0,nnenum,UNSAT,1.994844913482666,solved,600.0
dc_cnn13,sweep_all,synthetic,Deep Contractive,sweep_all::dc_cnn13,onnx,10.468090057373047,0.9850380731925956,0.7668805803571429,6.391917113392602,23.89516057263167,0,64,10,24202,18,1,7,7,0,0,0,0,18,7,1024,99973.0,0,1,0,0,0,0,1,0,0,0,CNN,0,pyrat,UNSAT,3.9106040000915527,solved,600.0
dc_cnn14,sweep_all,synthetic,Deep Contractive,sweep_all::dc_cnn14,onnx,14.479532241821289,0.9850380891334896,0.7668805803571429,6.391917113392602,23.382237286391646,0,64,10,24202,18,1,7,7,0,0,0,0,18,7,1024,99973.0,0,1,0,0,0,0,1,0,0,0,CNN,0,abcrown,UNSAT,64.99382138252258,solved,600.0
dc_cnn14,sweep_all,synthetic,Deep Contractive,sweep_all::dc_cnn14,onnx,14.479532241821289,0.9850380891334896,0.7668805803571429,6.391917113392602,23.382237286391646,0,64,10,24202,18,1,7,7,0,0,0,0,18,7,1024,99973.0,0,1,0,0,0,0,1,0,0,0,CNN,0,neuralsat,UNSAT,245.3863434791565,solved,600.0
dc_cnn14,sweep_all,synthetic,Deep Contractive,sweep_all::dc_cnn14,onnx,14.479532241821289,0.9850380891334896,0.7668805803571429,6.391917113392602,23.382237286391646,0,64,10,24202,18,1,7,7,0,0,0,0,18,7,1024,99973.0,0,1,0,0,0,0,1,0,0,0,CNN,0,marabou,UNSAT,1.8825819492340088,solved,600.0
dc_cnn14,sweep_all,synthetic,Deep Contractive,sweep_all::dc_cnn14,onnx,14.479532241821289,0.9850380891334896,0.7668805803571429,6.391917113392602,23.382237286391646,0,64,10,24202,18,1,7,7,0,0,0,0,18,7,1024,99973.0,0,1,0,0,0,0,1,0,0,0,CNN,0,nnenum,UNSAT,2.2029662132263184,solved,600.0
dc_cnn14,sweep_all,synthetic,Deep Contractive,sweep_all::dc_cnn14,onnx,14.479532241821289,0.9850380891334896,0.7668805803571429,6.391917113392602,23.382237286391646,0,64,10,24202,18,1,7,7,0,0,0,0,18,7,1024,99973.0,0,1,0,0,0,0,1,0,0,0,CNN,0,pyrat,UNSAT,3.9096550941467285,solved,600.0
dc_cnn15,sweep_all,synthetic,Deep Contractive,sweep_all::dc_cnn15,onnx,17.448963165283203,0.9850380992299411,0.7668805803571429,6.3784261836515865,19.157606227218494,0,64,10,24202,18,1,7,7,0,0,0,0,18,7,1024,99973.0,0,1,0,0,0,0,1,0,0,0,CNN,0,abcrown,UNSAT,61.761741638183594,solved,600.0
dc_cnn15,sweep_all,synthetic,Deep Contractive,sweep_all::dc_cnn15,onnx,17.448963165283203,0.9850380992299411,0.7668805803571429,6.3784261836515865,19.157606227218494,0,64,10,24202,18,1,7,7,0,0,0,0,18,7,1024,99973.0,0,1,0,0,0,0,1,0,0,0,CNN,0,neuralsat,UNSAT,247.7744505405426,solved,600.0
dc_cnn15,sweep_all,synthetic,Deep Contractive,sweep_all::dc_cnn15,onnx,17.448963165283203,0.9850380992299411,0.7668805803571429,6.3784261836515865,19.157606227218494,0,64,10,24202,18,1,7,7,0,0,0,0,18,7,1024,99973.0,0,1,0,0,0,0,1,0,0,0,CNN,0,marabou,UNSAT,1.884092092514038,solved,600.0
dc_cnn15,sweep_all,synthetic,Deep Contractive,sweep_all::dc_cnn15,onnx,17.448963165283203,0.9850380992299411,0.7668805803571429,6.3784261836515865,19.157606227218494,0,64,10,24202,18,1,7,7,0,0,0,0,18,7,1024,99973.0,0,1,0,0,0,0,1,0,0,0,CNN,0,nnenum,UNSAT,2.0143914222717285,solved,600.0
dc_cnn15,sweep_all,synthetic,Deep Contractive,sweep_all::dc_cnn15,onnx,17.448963165283203,0.9850380992299411,0.7668805803571429,6.3784261836515865,19.157606227218494,0,64,10,24202,18,1,7,7,0,0,0,0,18,7,1024,99973.0,0,1,0,0,0,0,1,0,0,0,CNN,0,pyrat,UNSAT,3.986327886581421,solved,600.0
dc_cnn16,sweep_all,synthetic,Deep Contractive,sweep_all::dc_cnn16,onnx,1.8935675621032715,0.9867620369774666,0.7791573660714286,6.396929655216146,25.12383817689305,0,64,10,24202,18,1,7,7,0,0,0,0,18,7,1024,99973.0,0,1,0,0,0,0,1,0,0,0,CNN,0,abcrown,UNSAT,61.58094096183777,solved,600.0
dc_cnn16,sweep_all,synthetic,Deep Contractive,sweep_all::dc_cnn16,onnx,1.8935675621032715,0.9867620369774666,0.7791573660714286,6.396929655216146,25.12383817689305,0,64,10,24202,18,1,7,7,0,0,0,0,18,7,1024,99973.0,0,1,0,0,0,0,1,0,0,0,CNN,0,neuralsat,UNSAT,245.80102825164795,solved,600.0
dc_cnn16,sweep_all,synthetic,Deep Contractive,sweep_all::dc_cnn16,onnx,1.8935675621032715,0.9867620369774666,0.7791573660714286,6.396929655216146,25.12383817689305,0,64,10,24202,18,1,7,7,0,0,0,0,18,7,1024,99973.0,0,1,0,0,0,0,1,0,0,0,CNN,0,marabou,UNSAT,1.9225070476531982,solved,600.0
dc_cnn16,sweep_all,synthetic,Deep Contractive,sweep_all::dc_cnn16,onnx,1.8935675621032715,0.9867620369774666,0.7791573660714286,6.396929655216146,25.12383817689305,0,64,10,24202,18,1,7,7,0,0,0,0,18,7,1024,99973.0,0,1,0,0,0,0,1,0,0,0,CNN,0,nnenum,UNSAT,2.0397841930389404,solved,600.0
dc_cnn16,sweep_all,synthetic,Deep Contractive,sweep_all::dc_cnn16,onnx,1.8935675621032715,0.9867620369774666,0.7791573660714286,6.396929655216146,25.12383817689305,0,64,10,24202,18,1,7,7,0,0,0,0,18,7,1024,99973.0,0,1,0,0,0,0,1,0,0,0,CNN,0,pyrat,UNSAT,4.023568153381348,solved,600.0
dc_cnn17,sweep_all,synthetic,Deep Contractive,sweep_all::dc_cnn17,onnx,4.219228744506836,0.9867620558512772,0.7791573660714286,6.375024819828097,18.69648163233593,0,64,10,24202,18,1,7,7,0,0,0,0,18,7,1024,99973.0,0,1,0,0,0,0,1,0,0,0,CNN,0,abcrown,UNSAT,63.454668283462524,solved,600.0
dc_cnn17,sweep_all,synthetic,Deep Contractive,sweep_all::dc_cnn17,onnx,4.219228744506836,0.9867620558512772,0.7791573660714286,6.375024819828097,18.69648163233593,0,64,10,24202,18,1,7,7,0,0,0,0,18,7,1024,99973.0,0,1,0,0,0,0,1,0,0,0,CNN,0,neuralsat,UNSAT,280.59838795661926,solved,600.0
dc_cnn17,sweep_all,synthetic,Deep Contractive,sweep_all::dc_cnn17,onnx,4.219228744506836,0.9867620558512772,0.7791573660714286,6.375024819828097,18.69648163233593,0,64,10,24202,18,1,7,7,0,0,0,0,18,7,1024,99973.0,0,1,0,0,0,0,1,0,0,0,CNN,0,marabou,UNSAT,1.8873589038848877,solved,600.0
dc_cnn17,sweep_all,synthetic,Deep Contractive,sweep_all::dc_cnn17,onnx,4.219228744506836,0.9867620558512772,0.7791573660714286,6.375024819828097,18.69648163233593,0,64,10,24202,18,1,7,7,0,0,0,0,18,7,1024,99973.0,0,1,0,0,0,0,1,0,0,0,CNN,0,nnenum,UNSAT,2.0244836807250977,solved,600.0
dc_cnn17,sweep_all,synthetic,Deep Contractive,sweep_all::dc_cnn17,onnx,4.219228744506836,0.9867620558512772,0.7791573660714286,6.375024819828097,18.69648163233593,0,64,10,24202,18,1,7,7,0,0,0,0,18,7,1024,99973.0,0,1,0,0,0,0,1,0,0,0,CNN,0,pyrat,UNSAT,3.704149007797241,solved,600.0
dc_cnn18,sweep_all,synthetic,Deep Contractive,sweep_all::dc_cnn18,onnx,8.553565979003906,0.986762024443015,0.7791573660714286,6.375024819828097,17.871393614370323,0,64,10,24202,18,1,7,7,0,0,0,0,18,7,1024,99973.0,0,1,0,0,0,0,1,0,0,0,CNN,0,abcrown,UNSAT,62.35393524169922,solved,600.0
dc_cnn18,sweep_all,synthetic,Deep Contractive,sweep_all::dc_cnn18,onnx,8.553565979003906,0.986762024443015,0.7791573660714286,6.375024819828097,17.871393614370323,0,64,10,24202,18,1,7,7,0,0,0,0,18,7,1024,99973.0,0,1,0,0,0,0,1,0,0,0,CNN,0,neuralsat,UNSAT,220.69444918632507,solved,600.0
dc_cnn18,sweep_all,synthetic,Deep Contractive,sweep_all::dc_cnn18,onnx,8.553565979003906,0.986762024443015,0.7791573660714286,6.375024819828097,17.871393614370323,0,64,10,24202,18,1,7,7,0,0,0,0,18,7,1024,99973.0,0,1,0,0,0,0,1,0,0,0,CNN,0,marabou,UNSAT,1.9205448627471924,solved,600.0
dc_cnn18,sweep_all,synthetic,Deep Contractive,sweep_all::dc_cnn18,onnx,8.553565979003906,0.986762024443015,0.7791573660714286,6.375024819828097,17.871393614370323,0,64,10,24202,18,1,7,7,0,0,0,0,18,7,1024,99973.0,0,1,0,0,0,0,1,0,0,0,CNN,0,nnenum,UNSAT,2.0537095069885254,solved,600.0
dc_cnn18,sweep_all,synthetic,Deep Contractive,sweep_all::dc_cnn18,onnx,8.553565979003906,0.986762024443015,0.7791573660714286,6.375024819828097,17.871393614370323,0,64,10,24202,18,1,7,7,0,0,0,0,18,7,1024,99973.0,0,1,0,0,0,0,1,0,0,0,CNN,0,pyrat,UNSAT,3.9684250354766846,solved,600.0
dc_cnn19,sweep_all,synthetic,Deep Contractive,sweep_all::dc_cnn19,onnx,11.831341743469238,0.9867620313267818,0.7791573660714286,6.385194398997726,22.362671911572995,0,64,10,24202,18,1,7,7,0,0,0,0,18,7,1024,99973.0,0,1,0,0,0,0,1,0,0,0,CNN,0,abcrown,UNSAT,64.93008160591125,solved,600.0
dc_cnn19,sweep_all,synthetic,Deep Contractive,sweep_all::dc_cnn19,onnx,11.831341743469238,0.9867620313267818,0.7791573660714286,6.385194398997726,22.362671911572995,0,64,10,24202,18,1,7,7,0,0,0,0,18,7,1024,99973.0,0,1,0,0,0,0,1,0,0,0,CNN,0,neuralsat,UNSAT,247.3182978630066,solved,600.0
dc_cnn19,sweep_all,synthetic,Deep Contractive,sweep_all::dc_cnn19,onnx,11.831341743469238,0.9867620313267818,0.7791573660714286,6.385194398997726,22.362671911572995,0,64,10,24202,18,1,7,7,0,0,0,0,18,7,1024,99973.0,0,1,0,0,0,0,1,0,0,0,CNN,0,marabou,UNSAT,1.875415325164795,solved,600.0
dc_cnn19,sweep_all,synthetic,Deep Contractive,sweep_all::dc_cnn19,onnx,11.831341743469238,0.9867620313267818,0.7791573660714286,6.385194398997726,22.362671911572995,0,64,10,24202,18,1,7,7,0,0,0,0,18,7,1024,99973.0,0,1,0,0,0,0,1,0,0,0,CNN,0,nnenum,UNSAT,2.2869508266448975,solved,600.0
dc_cnn19,sweep_all,synthetic,Deep Contractive,sweep_all::dc_cnn19,onnx,11.831341743469238,0.9867620313267818,0.7791573660714286,6.385194398997726,22.362671911572995,0,64,10,24202,18,1,7,7,0,0,0,0,18,7,1024,99973.0,0,1,0,0,0,0,1,0,0,0,CNN,0,pyrat,UNSAT,4.08185601234436,solved,600.0
dc_cnn20,sweep_all,synthetic,Deep Contractive,sweep_all::dc_cnn20,onnx,14.257664680480957,0.9867620177377672,0.7791573660714286,6.396929655216146,24.88881182819812,0,64,10,24202,18,1,7,7,0,0,0,0,18,7,1024,99973.0,0,1,0,0,0,0,1,0,0,0,CNN,0,abcrown,UNSAT,67.25791835784912,solved,600.0
dc_cnn20,sweep_all,synthetic,Deep Contractive,sweep_all::dc_cnn20,onnx,14.257664680480957,0.9867620177377672,0.7791573660714286,6.396929655216146,24.88881182819812,0,64,10,24202,18,1,7,7,0,0,0,0,18,7,1024,99973.0,0,1,0,0,0,0,1,0,0,0,CNN,0,neuralsat,UNSAT,248.62638998031616,solved,600.0
dc_cnn20,sweep_all,synthetic,Deep Contractive,sweep_all::dc_cnn20,onnx,14.257664680480957,0.9867620177377672,0.7791573660714286,6.396929655216146,24.88881182819812,0,64,10,24202,18,1,7,7,0,0,0,0,18,7,1024,99973.0,0,1,0,0,0,0,1,0,0,0,CNN,0,marabou,UNSAT,1.8903148174285889,solved,600.0
dc_cnn20,sweep_all,synthetic,Deep Contractive,sweep_all::dc_cnn20,onnx,14.257664680480957,0.9867620177377672,0.7791573660714286,6.396929655216146,24.88881182819812,0,64,10,24202,18,1,7,7,0,0,0,0,18,7,1024,99973.0,0,1,0,0,0,0,1,0,0,0,CNN,0,nnenum,UNSAT,2.1723146438598633,solved,600.0
dc_cnn20,sweep_all,synthetic,Deep Contractive,sweep_all::dc_cnn20,onnx,14.257664680480957,0.9867620177377672,0.7791573660714286,6.396929655216146,24.88881182819812,0,64,10,24202,18,1,7,7,0,0,0,0,18,7,1024,99973.0,0,1,0,0,0,0,1,0,0,0,CNN,0,pyrat,UNSAT,3.6314618587493896,solved,600.0
dc_cnn21,sweep_all,synthetic,Deep Contractive,sweep_all::dc_cnn21,onnx,10.554375648498535,0.9769852161005629,0.7668805803571429,6.396929655216146,22.178626806420034,0,64,10,24202,18,1,7,7,0,0,0,0,18,7,1024,99973.0,0,1,0,0,0,0,1,0,0,0,CNN,0,abcrown,UNSAT,64.81380295753479,solved,600.0
dc_cnn21,sweep_all,synthetic,Deep Contractive,sweep_all::dc_cnn21,onnx,10.554375648498535,0.9769852161005629,0.7668805803571429,6.396929655216146,22.178626806420034,0,64,10,24202,18,1,7,7,0,0,0,0,18,7,1024,99973.0,0,1,0,0,0,0,1,0,0,0,CNN,0,neuralsat,UNSAT,252.3958761692047,solved,600.0
dc_cnn21,sweep_all,synthetic,Deep Contractive,sweep_all::dc_cnn21,onnx,10.554375648498535,0.9769852161005629,0.7668805803571429,6.396929655216146,22.178626806420034,0,64,10,24202,18,1,7,7,0,0,0,0,18,7,1024,99973.0,0,1,0,0,0,0,1,0,0,0,CNN,0,marabou,UNSAT,1.9112021923065186,solved,600.0
dc_cnn21,sweep_all,synthetic,Deep Contractive,sweep_all::dc_cnn21,onnx,10.554375648498535,0.9769852161005629,0.7668805803571429,6.396929655216146,22.178626806420034,0,64,10,24202,18,1,7,7,0,0,0,0,18,7,1024,99973.0,0,1,0,0,0,0,1,0,0,0,CNN,0,nnenum,UNSAT,2.302863359451294,solved,600.0
dc_cnn21,sweep_all,synthetic,Deep Contractive,sweep_all::dc_cnn21,onnx,10.554375648498535,0.9769852161005629,0.7668805803571429,6.396929655216146,22.178626806420034,0,64,10,24202,18,1,7,7,0,0,0,0,18,7,1024,99973.0,0,1,0,0,0,0,1,0,0,0,CNN,0,pyrat,UNSAT,4.5094828605651855,solved,600.0
dc_cnn22,sweep_all,synthetic,Deep Contractive,sweep_all::dc_cnn22,onnx,10.468116760253906,0.9850381113586343,0.7668805803571429,6.391917113392602,22.012932678353128,0,64,10,24202,18,1,7,7,0,0,0,0,18,7,1024,99973.0,0,1,0,0,0,0,1,0,0,0,CNN,0,abcrown,UNSAT,64.46187567710876,solved,600.0
dc_cnn22,sweep_all,synthetic,Deep Contractive,sweep_all::dc_cnn22,onnx,10.468116760253906,0.9850381113586343,0.7668805803571429,6.391917113392602,22.012932678353128,0,64,10,24202,18,1,7,7,0,0,0,0,18,7,1024,99973.0,0,1,0,0,0,0,1,0,0,0,CNN,0,neuralsat,UNSAT,264.78765892982483,solved,600.0
dc_cnn22,sweep_all,synthetic,Deep Contractive,sweep_all::dc_cnn22,onnx,10.468116760253906,0.9850381113586343,0.7668805803571429,6.391917113392602,22.012932678353128,0,64,10,24202,18,1,7,7,0,0,0,0,18,7,1024,99973.0,0,1,0,0,0,0,1,0,0,0,CNN,0,marabou,UNSAT,1.872823715209961,solved,600.0
dc_cnn22,sweep_all,synthetic,Deep Contractive,sweep_all::dc_cnn22,onnx,10.468116760253906,0.9850381113586343,0.7668805803571429,6.391917113392602,22.012932678353128,0,64,10,24202,18,1,7,7,0,0,0,0,18,7,1024,99973.0,0,1,0,0,0,0,1,0,0,0,CNN,0,nnenum,UNSAT,1.8890726566314697,solved,600.0
dc_cnn22,sweep_all,synthetic,Deep Contractive,sweep_all::dc_cnn22,onnx,10.468116760253906,0.9850381113586343,0.7668805803571429,6.391917113392602,22.012932678353128,0,64,10,24202,18,1,7,7,0,0,0,0,18,7,1024,99973.0,0,1,0,0,0,0,1,0,0,0,CNN,0,pyrat,UNSAT,4.059847116470337,solved,600.0
dc_cnn23,sweep_all,synthetic,Deep Contractive,sweep_all::dc_cnn23,onnx,10.468119621276855,0.9850381154478411,0.7668805803571429,6.386879319362645,21.56916490542023,0,64,10,24202,18,1,7,7,0,0,0,0,18,7,1024,99973.0,0,1,0,0,0,0,1,0,0,0,CNN,0,abcrown,UNSAT,63.79093408584595,solved,600.0
dc_cnn23,sweep_all,synthetic,Deep Contractive,sweep_all::dc_cnn23,onnx,10.468119621276855,0.9850381154478411,0.7668805803571429,6.386879319362645,21.56916490542023,0,64,10,24202,18,1,7,7,0,0,0,0,18,7,1024,99973.0,0,1,0,0,0,0,1,0,0,0,CNN,0,neuralsat,UNSAT,270.0707597732544,solved,600.0
dc_cnn23,sweep_all,synthetic,Deep Contractive,sweep_all::dc_cnn23,onnx,10.468119621276855,0.9850381154478411,0.7668805803571429,6.386879319362645,21.56916490542023,0,64,10,24202,18,1,7,7,0,0,0,0,18,7,1024,99973.0,0,1,0,0,0,0,1,0,0,0,CNN,0,marabou,UNSAT,1.8955726623535156,solved,600.0
dc_cnn23,sweep_all,synthetic,Deep Contractive,sweep_all::dc_cnn23,onnx,10.468119621276855,0.9850381154478411,0.7668805803571429,6.386879319362645,21.56916490542023,0,64,10,24202,18,1,7,7,0,0,0,0,18,7,1024,99973.0,0,1,0,0,0,0,1,0,0,0,CNN,0,nnenum,UNSAT,1.9518852233886719,solved,600.0
dc_cnn23,sweep_all,synthetic,Deep Contractive,sweep_all::dc_cnn23,onnx,10.468119621276855,0.9850381154478411,0.7668805803571429,6.386879319362645,21.56916490542023,0,64,10,24202,18,1,7,7,0,0,0,0,18,7,1024,99973.0,0,1,0,0,0,0,1,0,0,0,CNN,0,pyrat,UNSAT,4.029047966003418,solved,600.0
dc_cnn24,sweep_all,synthetic,Deep Contractive,sweep_all::dc_cnn24,onnx,10.468095779418945,0.9850380813710489,0.7668805803571429,6.393590753950631,21.586878705181395,0,64,10,24202,18,1,7,7,0,0,0,0,18,7,1024,99973.0,0,1,0,0,0,0,1,0,0,0,CNN,0,abcrown,UNSAT,63.39261603355408,solved,600.0
dc_cnn24,sweep_all,synthetic,Deep Contractive,sweep_all::dc_cnn24,onnx,10.468095779418945,0.9850380813710489,0.7668805803571429,6.393590753950631,21.586878705181395,0,64,10,24202,18,1,7,7,0,0,0,0,18,7,1024,99973.0,0,1,0,0,0,0,1,0,0,0,CNN,0,neuralsat,UNSAT,275.58240270614624,solved,600.0
dc_cnn24,sweep_all,synthetic,Deep Contractive,sweep_all::dc_cnn24,onnx,10.468095779418945,0.9850380813710489,0.7668805803571429,6.393590753950631,21.586878705181395,0,64,10,24202,18,1,7,7,0,0,0,0,18,7,1024,99973.0,0,1,0,0,0,0,1,0,0,0,CNN,0,marabou,UNSAT,1.8957221508026123,solved,600.0
dc_cnn24,sweep_all,synthetic,Deep Contractive,sweep_all::dc_cnn24,onnx,10.468095779418945,0.9850380813710489,0.7668805803571429,6.393590753950631,21.586878705181395,0,64,10,24202,18,1,7,7,0,0,0,0,18,7,1024,99973.0,0,1,0,0,0,0,1,0,0,0,CNN,0,nnenum,UNSAT,1.8614063262939453,solved,600.0
dc_cnn24,sweep_all,synthetic,Deep Contractive,sweep_all::dc_cnn24,onnx,10.468095779418945,0.9850380813710489,0.7668805803571429,6.393590753950631,21.586878705181395,0,64,10,24202,18,1,7,7,0,0,0,0,18,7,1024,99973.0,0,1,0,0,0,0,1,0,0,0,CNN,0,pyrat,UNSAT,4.102635145187378,solved,600.0
dc_cnn25,sweep_all,synthetic,Deep Contractive,sweep_all::dc_cnn25,onnx,10.468104362487793,0.985038093638712,0.7668805803571429,6.396929655216146,22.898761827522684,0,64,10,24202,18,1,7,7,0,0,0,0,18,7,1024,99973.0,0,1,0,0,0,0,1,0,0,0,CNN,0,abcrown,UNSAT,64.75831580162048,solved,600.0
dc_cnn25,sweep_all,synthetic,Deep Contractive,sweep_all::dc_cnn25,onnx,10.468104362487793,0.985038093638712,0.7668805803571429,6.396929655216146,22.898761827522684,0,64,10,24202,18,1,7,7,0,0,0,0,18,7,1024,99973.0,0,1,0,0,0,0,1,0,0,0,CNN,0,neuralsat,UNSAT,279.08232951164246,solved,600.0
dc_cnn25,sweep_all,synthetic,Deep Contractive,sweep_all::dc_cnn25,onnx,10.468104362487793,0.985038093638712,0.7668805803571429,6.396929655216146,22.898761827522684,0,64,10,24202,18,1,7,7,0,0,0,0,18,7,1024,99973.0,0,1,0,0,0,0,1,0,0,0,CNN,0,marabou,UNSAT,1.9083278179168701,solved,600.0
dc_cnn25,sweep_all,synthetic,Deep Contractive,sweep_all::dc_cnn25,onnx,10.468104362487793,0.985038093638712,0.7668805803571429,6.396929655216146,22.898761827522684,0,64,10,24202,18,1,7,7,0,0,0,0,18,7,1024,99973.0,0,1,0,0,0,0,1,0,0,0,CNN,0,nnenum,UNSAT,1.871528148651123,solved,600.0
dc_cnn25,sweep_all,synthetic,Deep Contractive,sweep_all::dc_cnn25,onnx,10.468104362487793,0.985038093638712,0.7668805803571429,6.396929655216146,22.898761827522684,0,64,10,24202,18,1,7,7,0,0,0,0,18,7,1024,99973.0,0,1,0,0,0,0,1,0,0,0,CNN,0,pyrat,UNSAT,3.9018120765686035,solved,600.0
dc_cnn26,sweep_all,synthetic,Deep Contractive,sweep_all::dc_cnn26,onnx,8.643367767333984,0.9765110144805996,0.7791573660714286,6.371611847231857,19.90189775686817,0,64,10,24202,18,1,7,7,0,0,0,0,18,7,1024,99973.0,0,1,0,0,0,0,1,0,0,0,CNN,0,abcrown,UNSAT,63.390686988830566,solved,600.0
dc_cnn26,sweep_all,synthetic,Deep Contractive,sweep_all::dc_cnn26,onnx,8.643367767333984,0.9765110144805996,0.7791573660714286,6.371611847231857,19.90189775686817,0,64,10,24202,18,1,7,7,0,0,0,0,18,7,1024,99973.0,0,1,0,0,0,0,1,0,0,0,CNN,0,neuralsat,UNSAT,222.49048256874084,solved,600.0
dc_cnn26,sweep_all,synthetic,Deep Contractive,sweep_all::dc_cnn26,onnx,8.643367767333984,0.9765110144805996,0.7791573660714286,6.371611847231857,19.90189775686817,0,64,10,24202,18,1,7,7,0,0,0,0,18,7,1024,99973.0,0,1,0,0,0,0,1,0,0,0,CNN,0,marabou,UNSAT,1.8890056610107422,solved,600.0
dc_cnn26,sweep_all,synthetic,Deep Contractive,sweep_all::dc_cnn26,onnx,8.643367767333984,0.9765110144805996,0.7791573660714286,6.371611847231857,19.90189775686817,0,64,10,24202,18,1,7,7,0,0,0,0,18,7,1024,99973.0,0,1,0,0,0,0,1,0,0,0,CNN,0,nnenum,UNSAT,1.7897765636444092,solved,600.0
dc_cnn26,sweep_all,synthetic,Deep Contractive,sweep_all::dc_cnn26,onnx,8.643367767333984,0.9765110144805996,0.7791573660714286,6.371611847231857,19.90189775686817,0,64,10,24202,18,1,7,7,0,0,0,0,18,7,1024,99973.0,0,1,0,0,0,0,1,0,0,0,CNN,0,pyrat,UNSAT,4.105768918991089,solved,600.0
dc_cnn27,sweep_all,synthetic,Deep Contractive,sweep_all::dc_cnn27,onnx,8.553546905517578,0.9867619949237584,0.7791573660714286,6.385194398997726,17.108100225558534,0,64,10,24202,18,1,7,7,0,0,0,0,18,7,1024,99973.0,0,1,0,0,0,0,1,0,0,0,CNN,0,abcrown,UNSAT,65.04866981506348,solved,600.0
dc_cnn27,sweep_all,synthetic,Deep Contractive,sweep_all::dc_cnn27,onnx,8.553546905517578,0.9867619949237584,0.7791573660714286,6.385194398997726,17.108100225558534,0,64,10,24202,18,1,7,7,0,0,0,0,18,7,1024,99973.0,0,1,0,0,0,0,1,0,0,0,CNN,0,neuralsat,UNSAT,239.214350938797,solved,600.0
dc_cnn27,sweep_all,synthetic,Deep Contractive,sweep_all::dc_cnn27,onnx,8.553546905517578,0.9867619949237584,0.7791573660714286,6.385194398997726,17.108100225558534,0,64,10,24202,18,1,7,7,0,0,0,0,18,7,1024,99973.0,0,1,0,0,0,0,1,0,0,0,CNN,0,marabou,UNSAT,1.9340455532073975,solved,600.0
dc_cnn27,sweep_all,synthetic,Deep Contractive,sweep_all::dc_cnn27,onnx,8.553546905517578,0.9867619949237584,0.7791573660714286,6.385194398997726,17.108100225558534,0,64,10,24202,18,1,7,7,0,0,0,0,18,7,1024,99973.0,0,1,0,0,0,0,1,0,0,0,CNN,0,nnenum,UNSAT,1.811084508895874,solved,600.0
dc_cnn27,sweep_all,synthetic,Deep Contractive,sweep_all::dc_cnn27,onnx,8.553546905517578,0.9867619949237584,0.7791573660714286,6.385194398997726,17.108100225558534,0,64,10,24202,18,1,7,7,0,0,0,0,18,7,1024,99973.0,0,1,0,0,0,0,1,0,0,0,CNN,0,pyrat,UNSAT,4.059224843978882,solved,600.0
dc_cnn28,sweep_all,synthetic,Deep Contractive,sweep_all::dc_cnn28,onnx,8.5535888671875,0.986762059865949,0.7791573660714286,6.375024819828097,17.60138440506563,0,64,10,24202,18,1,7,7,0,0,0,0,18,7,1024,99973.0,0,1,0,0,0,0,1,0,0,0,CNN,0,abcrown,UNSAT,64.24283742904663,solved,600.0
dc_cnn28,sweep_all,synthetic,Deep Contractive,sweep_all::dc_cnn28,onnx,8.5535888671875,0.986762059865949,0.7791573660714286,6.375024819828097,17.60138440506563,0,64,10,24202,18,1,7,7,0,0,0,0,18,7,1024,99973.0,0,1,0,0,0,0,1,0,0,0,CNN,0,neuralsat,UNSAT,246.24245977401733,solved,600.0
dc_cnn28,sweep_all,synthetic,Deep Contractive,sweep_all::dc_cnn28,onnx,8.5535888671875,0.986762059865949,0.7791573660714286,6.375024819828097,17.60138440506563,0,64,10,24202,18,1,7,7,0,0,0,0,18,7,1024,99973.0,0,1,0,0,0,0,1,0,0,0,CNN,0,marabou,UNSAT,1.9109313488006592,solved,600.0
dc_cnn28,sweep_all,synthetic,Deep Contractive,sweep_all::dc_cnn28,onnx,8.5535888671875,0.986762059865949,0.7791573660714286,6.375024819828097,17.60138440506563,0,64,10,24202,18,1,7,7,0,0,0,0,18,7,1024,99973.0,0,1,0,0,0,0,1,0,0,0,CNN,0,nnenum,UNSAT,2.013680934906006,solved,600.0
dc_cnn28,sweep_all,synthetic,Deep Contractive,sweep_all::dc_cnn28,onnx,8.5535888671875,0.986762059865949,0.7791573660714286,6.375024819828097,17.60138440506563,0,64,10,24202,18,1,7,7,0,0,0,0,18,7,1024,99973.0,0,1,0,0,0,0,1,0,0,0,CNN,0,pyrat,UNSAT,3.733827829360962,solved,600.0
dc_cnn29,sweep_all,synthetic,Deep Contractive,sweep_all::dc_cnn29,onnx,8.553560256958008,0.9867620155872517,0.7791573660714286,6.380122536899765,18.07658491588982,0,64,10,24202,18,1,7,7,0,0,0,0,18,7,1024,99973.0,0,1,0,0,0,0,1,0,0,0,CNN,0,abcrown,UNSAT,62.9767165184021,solved,600.0
dc_cnn29,sweep_all,synthetic,Deep Contractive,sweep_all::dc_cnn29,onnx,8.553560256958008,0.9867620155872517,0.7791573660714286,6.380122536899765,18.07658491588982,0,64,10,24202,18,1,7,7,0,0,0,0,18,7,1024,99973.0,0,1,0,0,0,0,1,0,0,0,CNN,0,neuralsat,UNSAT,242.64213371276855,solved,600.0
dc_cnn29,sweep_all,synthetic,Deep Contractive,sweep_all::dc_cnn29,onnx,8.553560256958008,0.9867620155872517,0.7791573660714286,6.380122536899765,18.07658491588982,0,64,10,24202,18,1,7,7,0,0,0,0,18,7,1024,99973.0,0,1,0,0,0,0,1,0,0,0,CNN,0,marabou,UNSAT,1.9119932651519775,solved,600.0
dc_cnn29,sweep_all,synthetic,Deep Contractive,sweep_all::dc_cnn29,onnx,8.553560256958008,0.9867620155872517,0.7791573660714286,6.380122536899765,18.07658491588982,0,64,10,24202,18,1,7,7,0,0,0,0,18,7,1024,99973.0,0,1,0,0,0,0,1,0,0,0,CNN,0,nnenum,UNSAT,1.8249773979187012,solved,600.0
dc_cnn29,sweep_all,synthetic,Deep Contractive,sweep_all::dc_cnn29,onnx,8.553560256958008,0.9867620155872517,0.7791573660714286,6.380122536899765,18.07658491588982,0,64,10,24202,18,1,7,7,0,0,0,0,18,7,1024,99973.0,0,1,0,0,0,0,1,0,0,0,CNN,0,pyrat,UNSAT,4.006242036819458,solved,600.0
dc_cnn30,sweep_all,synthetic,Deep Contractive,sweep_all::dc_cnn30,onnx,8.55358600616455,0.9867620554380927,0.7791573660714286,6.3835066348840055,18.29254446255188,0,64,10,24202,18,1,7,7,0,0,0,0,18,7,1024,99973.0,0,1,0,0,0,0,1,0,0,0,CNN,0,abcrown,UNSAT,68.34184694290161,solved,600.0
dc_cnn30,sweep_all,synthetic,Deep Contractive,sweep_all::dc_cnn30,onnx,8.55358600616455,0.9867620554380927,0.7791573660714286,6.3835066348840055,18.29254446255188,0,64,10,24202,18,1,7,7,0,0,0,0,18,7,1024,99973.0,0,1,0,0,0,0,1,0,0,0,CNN,0,neuralsat,UNSAT,245.53836250305176,solved,600.0
dc_cnn30,sweep_all,synthetic,Deep Contractive,sweep_all::dc_cnn30,onnx,8.55358600616455,0.9867620554380927,0.7791573660714286,6.3835066348840055,18.29254446255188,0,64,10,24202,18,1,7,7,0,0,0,0,18,7,1024,99973.0,0,1,0,0,0,0,1,0,0,0,CNN,0,marabou,UNSAT,1.8925814628601074,solved,600.0
dc_cnn30,sweep_all,synthetic,Deep Contractive,sweep_all::dc_cnn30,onnx,8.55358600616455,0.9867620554380927,0.7791573660714286,6.3835066348840055,18.29254446255188,0,64,10,24202,18,1,7,7,0,0,0,0,18,7,1024,99973.0,0,1,0,0,0,0,1,0,0,0,CNN,0,nnenum,UNSAT,1.952564001083374,solved,600.0
dc_cnn30,sweep_all,synthetic,Deep Contractive,sweep_all::dc_cnn30,onnx,8.55358600616455,0.9867620554380927,0.7791573660714286,6.3835066348840055,18.29254446255188,0,64,10,24202,18,1,7,7,0,0,0,0,18,7,1024,99973.0,0,1,0,0,0,0,1,0,0,0,CNN,0,pyrat,UNSAT,4.4010910987854,solved,600.0
dc_cnn31,sweep_all,synthetic,Deep Contractive,sweep_all::dc_cnn31,onnx,218.73361206054688,0.9165460376286518,0.5029296875,5.814130531825066,6.915454793292204,0,64,10,24202,18,1,7,7,0,0,0,0,18,7,1024,99973.0,0,1,0,0,0,0,1,0,0,0,CNN,0,abcrown,UNSAT,51.40294289588928,solved,600.0
dc_cnn31,sweep_all,synthetic,Deep Contractive,sweep_all::dc_cnn31,onnx,218.73361206054688,0.9165460376286518,0.5029296875,5.814130531825066,6.915454793292204,0,64,10,24202,18,1,7,7,0,0,0,0,18,7,1024,99973.0,0,1,0,0,0,0,1,0,0,0,CNN,0,neuralsat,UNSAT,167.39444231987,solved,600.0
dc_cnn31,sweep_all,synthetic,Deep Contractive,sweep_all::dc_cnn31,onnx,218.73361206054688,0.9165460376286518,0.5029296875,5.814130531825066,6.915454793292204,0,64,10,24202,18,1,7,7,0,0,0,0,18,7,1024,99973.0,0,1,0,0,0,0,1,0,0,0,CNN,0,marabou,UNSAT,1.871711015701294,solved,600.0
dc_cnn31,sweep_all,synthetic,Deep Contractive,sweep_all::dc_cnn31,onnx,218.73361206054688,0.9165460376286518,0.5029296875,5.814130531825066,6.915454793292204,0,64,10,24202,18,1,7,7,0,0,0,0,18,7,1024,99973.0,0,1,0,0,0,0,1,0,0,0,CNN,0,nnenum,UNSAT,1.9348266124725342,solved,600.0
dc_cnn31,sweep_all,synthetic,Deep Contractive,sweep_all::dc_cnn31,onnx,218.73361206054688,0.9165460376286518,0.5029296875,5.814130531825066,6.915454793292204,0,64,10,24202,18,1,7,7,0,0,0,0,18,7,1024,99973.0,0,1,0,0,0,0,1,0,0,0,CNN,0,pyrat,UNSAT,3.300801992416382,solved,600.0
dc_cnn32,sweep_all,synthetic,Deep Contractive,sweep_all::dc_cnn32,onnx,67.64002990722656,0.9826667883855572,0.7169363839285714,5.929589143389895,10.083177225947475,0,64,10,24202,18,1,7,7,0,0,0,0,18,7,1024,99973.0,0,1,0,0,0,0,1,0,0,0,CNN,0,abcrown,UNSAT,70.01280570030212,solved,600.0
dc_cnn32,sweep_all,synthetic,Deep Contractive,sweep_all::dc_cnn32,onnx,67.64002990722656,0.9826667883855572,0.7169363839285714,5.929589143389895,10.083177225947475,0,64,10,24202,18,1,7,7,0,0,0,0,18,7,1024,99973.0,0,1,0,0,0,0,1,0,0,0,CNN,0,neuralsat,UNSAT,200.31829118728638,solved,600.0
dc_cnn32,sweep_all,synthetic,Deep Contractive,sweep_all::dc_cnn32,onnx,67.64002990722656,0.9826667883855572,0.7169363839285714,5.929589143389895,10.083177225947475,0,64,10,24202,18,1,7,7,0,0,0,0,18,7,1024,99973.0,0,1,0,0,0,0,1,0,0,0,CNN,0,marabou,UNSAT,1.9012837409973145,solved,600.0
dc_cnn32,sweep_all,synthetic,Deep Contractive,sweep_all::dc_cnn32,onnx,67.64002990722656,0.9826667883855572,0.7169363839285714,5.929589143389895,10.083177225947475,0,64,10,24202,18,1,7,7,0,0,0,0,18,7,1024,99973.0,0,1,0,0,0,0,1,0,0,0,CNN,0,nnenum,UNSAT,1.8046798706054688,solved,600.0
dc_cnn32,sweep_all,synthetic,Deep Contractive,sweep_all::dc_cnn32,onnx,67.64002990722656,0.9826667883855572,0.7169363839285714,5.929589143389895,10.083177225947475,0,64,10,24202,18,1,7,7,0,0,0,0,18,7,1024,99973.0,0,1,0,0,0,0,1,0,0,0,CNN,0,pyrat,UNSAT,4.206170082092285,solved,600.0
dc_cnn33,sweep_all,synthetic,Deep Contractive,sweep_all::dc_cnn33,onnx,10.468095779418945,0.9850380813710489,0.7668805803571429,6.391917113392602,22.94875292699445,0,64,10,24202,18,1,7,7,0,0,0,0,18,7,1024,99973.0,0,1,0,0,0,0,1,0,0,0,CNN,0,abcrown,UNSAT,87.13272953033447,solved,600.0
dc_cnn33,sweep_all,synthetic,Deep Contractive,sweep_all::dc_cnn33,onnx,10.468095779418945,0.9850380813710489,0.7668805803571429,6.391917113392602,22.94875292699445,0,64,10,24202,18,1,7,7,0,0,0,0,18,7,1024,99973.0,0,1,0,0,0,0,1,0,0,0,CNN,0,neuralsat,UNSAT,243.7462775707245,solved,600.0
dc_cnn33,sweep_all,synthetic,Deep Contractive,sweep_all::dc_cnn33,onnx,10.468095779418945,0.9850380813710489,0.7668805803571429,6.391917113392602,22.94875292699445,0,64,10,24202,18,1,7,7,0,0,0,0,18,7,1024,99973.0,0,1,0,0,0,0,1,0,0,0,CNN,0,marabou,UNSAT,1.9186058044433594,solved,600.0
dc_cnn33,sweep_all,synthetic,Deep Contractive,sweep_all::dc_cnn33,onnx,10.468095779418945,0.9850380813710489,0.7668805803571429,6.391917113392602,22.94875292699445,0,64,10,24202,18,1,7,7,0,0,0,0,18,7,1024,99973.0,0,1,0,0,0,0,1,0,0,0,CNN,0,nnenum,UNSAT,1.8563599586486816,solved,600.0
dc_cnn33,sweep_all,synthetic,Deep Contractive,sweep_all::dc_cnn33,onnx,10.468095779418945,0.9850380813710489,0.7668805803571429,6.391917113392602,22.94875292699445,0,64,10,24202,18,1,7,7,0,0,0,0,18,7,1024,99973.0,0,1,0,0,0,0,1,0,0,0,CNN,0,pyrat,UNSAT,4.359101057052612,solved,600.0
dc_cnn34,sweep_all,synthetic,Deep Contractive,sweep_all::dc_cnn34,onnx,0.2740307152271271,0.4494145424453241,0.7642299107142857,5.3706380281276624,4.079455286291831,0,64,10,24202,18,1,7,7,0,0,0,0,18,7,1024,99973.0,0,1,0,0,0,0,1,0,0,0,CNN,0,abcrown,UNSAT,51.127277135849,solved,600.0
dc_cnn34,sweep_all,synthetic,Deep Contractive,sweep_all::dc_cnn34,onnx,0.2740307152271271,0.4494145424453241,0.7642299107142857,5.3706380281276624,4.079455286291831,0,64,10,24202,18,1,7,7,0,0,0,0,18,7,1024,99973.0,0,1,0,0,0,0,1,0,0,0,CNN,0,neuralsat,UNSAT,172.7383794784546,solved,600.0
dc_cnn34,sweep_all,synthetic,Deep Contractive,sweep_all::dc_cnn34,onnx,0.2740307152271271,0.4494145424453241,0.7642299107142857,5.3706380281276624,4.079455286291831,0,64,10,24202,18,1,7,7,0,0,0,0,18,7,1024,99973.0,0,1,0,0,0,0,1,0,0,0,CNN,0,marabou,UNSAT,1.8804240226745605,solved,600.0
dc_cnn34,sweep_all,synthetic,Deep Contractive,sweep_all::dc_cnn34,onnx,0.2740307152271271,0.4494145424453241,0.7642299107142857,5.3706380281276624,4.079455286291831,0,64,10,24202,18,1,7,7,0,0,0,0,18,7,1024,99973.0,0,1,0,0,0,0,1,0,0,0,CNN,0,nnenum,UNSAT,1.9130537509918213,solved,600.0
dc_cnn34,sweep_all,synthetic,Deep Contractive,sweep_all::dc_cnn34,onnx,0.2740307152271271,0.4494145424453241,0.7642299107142857,5.3706380281276624,4.079455286291831,0,64,10,24202,18,1,7,7,0,0,0,0,18,7,1024,99973.0,0,1,0,0,0,0,1,0,0,0,CNN,0,pyrat,UNSAT,5.152540922164917,solved,600.0
dc_cnn35,sweep_all,synthetic,Deep Contractive,sweep_all::dc_cnn35,onnx,0.15087732672691345,0.0,0.6287667410714286,0.0,0.0,0,64,10,24202,18,1,7,7,0,0,0,0,18,7,1024,99973.0,0,1,0,0,0,0,1,0,0,0,CNN,0,abcrown,UNSAT,47.55502414703369,solved,600.0
dc_cnn35,sweep_all,synthetic,Deep Contractive,sweep_all::dc_cnn35,onnx,0.15087732672691345,0.0,0.6287667410714286,0.0,0.0,0,64,10,24202,18,1,7,7,0,0,0,0,18,7,1024,99973.0,0,1,0,0,0,0,1,0,0,0,CNN,0,neuralsat,UNSAT,130.33448195457458,solved,600.0
dc_cnn35,sweep_all,synthetic,Deep Contractive,sweep_all::dc_cnn35,onnx,0.15087732672691345,0.0,0.6287667410714286,0.0,0.0,0,64,10,24202,18,1,7,7,0,0,0,0,18,7,1024,99973.0,0,1,0,0,0,0,1,0,0,0,CNN,0,marabou,UNSAT,1.8554303646087646,solved,600.0
dc_cnn35,sweep_all,synthetic,Deep Contractive,sweep_all::dc_cnn35,onnx,0.15087732672691345,0.0,0.6287667410714286,0.0,0.0,0,64,10,24202,18,1,7,7,0,0,0,0,18,7,1024,99973.0,0,1,0,0,0,0,1,0,0,0,CNN,0,nnenum,UNSAT,1.8143267631530762,solved,600.0
dc_cnn35,sweep_all,synthetic,Deep Contractive,sweep_all::dc_cnn35,onnx,0.15087732672691345,0.0,0.6287667410714286,0.0,0.0,0,64,10,24202,18,1,7,7,0,0,0,0,18,7,1024,99973.0,0,1,0,0,0,0,1,0,0,0,CNN,0,pyrat,UNSAT,4.009666204452515,solved,600.0
dc_cnn36,sweep_all,synthetic,Deep Contractive,sweep_all::dc_cnn36,onnx,186.86489868164062,0.9167135223573811,0.5075334821428571,5.652489180268651,5.831617176103249,0,64,10,24202,18,1,7,7,0,0,0,0,18,7,1024,99973.0,0,1,0,0,0,0,1,0,0,0,CNN,0,abcrown,UNSAT,59.252530097961426,solved,600.0
dc_cnn36,sweep_all,synthetic,Deep Contractive,sweep_all::dc_cnn36,onnx,186.86489868164062,0.9167135223573811,0.5075334821428571,5.652489180268651,5.831617176103249,0,64,10,24202,18,1,7,7,0,0,0,0,18,7,1024,99973.0,0,1,0,0,0,0,1,0,0,0,CNN,0,neuralsat,UNSAT,161.21008777618408,solved,600.0
dc_cnn36,sweep_all,synthetic,Deep Contractive,sweep_all::dc_cnn36,onnx,186.86489868164062,0.9167135223573811,0.5075334821428571,5.652489180268651,5.831617176103249,0,64,10,24202,18,1,7,7,0,0,0,0,18,7,1024,99973.0,0,1,0,0,0,0,1,0,0,0,CNN,0,marabou,UNSAT,1.9189453125,solved,600.0
dc_cnn36,sweep_all,synthetic,Deep Contractive,sweep_all::dc_cnn36,onnx,186.86489868164062,0.9167135223573811,0.5075334821428571,5.652489180268651,5.831617176103249,0,64,10,24202,18,1,7,7,0,0,0,0,18,7,1024,99973.0,0,1,0,0,0,0,1,0,0,0,CNN,0,nnenum,UNSAT,1.727823257446289,solved,600.0
dc_cnn36,sweep_all,synthetic,Deep Contractive,sweep_all::dc_cnn36,onnx,186.86489868164062,0.9167135223573811,0.5075334821428571,5.652489180268651,5.831617176103249,0,64,10,24202,18,1,7,7,0,0,0,0,18,7,1024,99973.0,0,1,0,0,0,0,1,0,0,0,CNN,0,pyrat,UNSAT,3.604412794113159,solved,600.0
dc_cnn37,sweep_all,synthetic,Deep Contractive,sweep_all::dc_cnn37,onnx,56.974632263183594,0.9840818028860885,0.7293526785714286,6.16541785423142,12.159454461912759,0,64,10,24202,18,1,7,7,0,0,0,0,18,7,1024,99973.0,0,1,0,0,0,0,1,0,0,0,CNN,0,abcrown,UNSAT,43.34339880943298,solved,600.0
dc_cnn37,sweep_all,synthetic,Deep Contractive,sweep_all::dc_cnn37,onnx,56.974632263183594,0.9840818028860885,0.7293526785714286,6.16541785423142,12.159454461912759,0,64,10,24202,18,1,7,7,0,0,0,0,18,7,1024,99973.0,0,1,0,0,0,0,1,0,0,0,CNN,0,neuralsat,UNSAT,206.22222685813904,solved,600.0
dc_cnn37,sweep_all,synthetic,Deep Contractive,sweep_all::dc_cnn37,onnx,56.974632263183594,0.9840818028860885,0.7293526785714286,6.16541785423142,12.159454461912759,0,64,10,24202,18,1,7,7,0,0,0,0,18,7,1024,99973.0,0,1,0,0,0,0,1,0,0,0,CNN,0,marabou,UNSAT,1.8792743682861328,solved,600.0
dc_cnn37,sweep_all,synthetic,Deep Contractive,sweep_all::dc_cnn37,onnx,56.974632263183594,0.9840818028860885,0.7293526785714286,6.16541785423142,12.159454461912759,0,64,10,24202,18,1,7,7,0,0,0,0,18,7,1024,99973.0,0,1,0,0,0,0,1,0,0,0,CNN,0,nnenum,UNSAT,1.8510007858276367,solved,600.0
dc_cnn37,sweep_all,synthetic,Deep Contractive,sweep_all::dc_cnn37,onnx,56.974632263183594,0.9840818028860885,0.7293526785714286,6.16541785423142,12.159454461912759,0,64,10,24202,18,1,7,7,0,0,0,0,18,7,1024,99973.0,0,1,0,0,0,0,1,0,0,0,CNN,0,pyrat,UNSAT,3.767597198486328,solved,600.0
dc_cnn38,sweep_all,synthetic,Deep Contractive,sweep_all::dc_cnn38,onnx,8.553572654724121,0.9867620347747236,0.7791573660714286,6.385194398997726,18.958062285241155,0,64,10,24202,18,1,7,7,0,0,0,0,18,7,1024,99973.0,0,1,0,0,0,0,1,0,0,0,CNN,0,abcrown,UNSAT,48.728861570358276,solved,600.0
dc_cnn38,sweep_all,synthetic,Deep Contractive,sweep_all::dc_cnn38,onnx,8.553572654724121,0.9867620347747236,0.7791573660714286,6.385194398997726,18.958062285241155,0,64,10,24202,18,1,7,7,0,0,0,0,18,7,1024,99973.0,0,1,0,0,0,0,1,0,0,0,CNN,0,neuralsat,UNSAT,242.09838271141052,solved,600.0
dc_cnn38,sweep_all,synthetic,Deep Contractive,sweep_all::dc_cnn38,onnx,8.553572654724121,0.9867620347747236,0.7791573660714286,6.385194398997726,18.958062285241155,0,64,10,24202,18,1,7,7,0,0,0,0,18,7,1024,99973.0,0,1,0,0,0,0,1,0,0,0,CNN,0,marabou,UNSAT,1.9016180038452148,solved,600.0
dc_cnn38,sweep_all,synthetic,Deep Contractive,sweep_all::dc_cnn38,onnx,8.553572654724121,0.9867620347747236,0.7791573660714286,6.385194398997726,18.958062285241155,0,64,10,24202,18,1,7,7,0,0,0,0,18,7,1024,99973.0,0,1,0,0,0,0,1,0,0,0,CNN,0,nnenum,UNSAT,1.8966400623321533,solved,600.0
dc_cnn38,sweep_all,synthetic,Deep Contractive,sweep_all::dc_cnn38,onnx,8.553572654724121,0.9867620347747236,0.7791573660714286,6.385194398997726,18.958062285241155,0,64,10,24202,18,1,7,7,0,0,0,0,18,7,1024,99973.0,0,1,0,0,0,0,1,0,0,0,CNN,0,pyrat,UNSAT,3.997628927230835,solved,600.0
dc_cnn39,sweep_all,synthetic,Deep Contractive,sweep_all::dc_cnn39,onnx,0.19668519496917725,0.42910108247782486,0.7779017857142857,6.030685260261263,10.874714386255734,0,64,10,24202,18,1,7,7,0,0,0,0,18,7,1024,99973.0,0,1,0,0,0,0,1,0,0,0,CNN,0,abcrown,UNSAT,41.640665769577026,solved,600.0
dc_cnn39,sweep_all,synthetic,Deep Contractive,sweep_all::dc_cnn39,onnx,0.19668519496917725,0.42910108247782486,0.7779017857142857,6.030685260261263,10.874714386255734,0,64,10,24202,18,1,7,7,0,0,0,0,18,7,1024,99973.0,0,1,0,0,0,0,1,0,0,0,CNN,0,neuralsat,UNSAT,199.20230531692505,solved,600.0
dc_cnn39,sweep_all,synthetic,Deep Contractive,sweep_all::dc_cnn39,onnx,0.19668519496917725,0.42910108247782486,0.7779017857142857,6.030685260261263,10.874714386255734,0,64,10,24202,18,1,7,7,0,0,0,0,18,7,1024,99973.0,0,1,0,0,0,0,1,0,0,0,CNN,0,marabou,UNSAT,1.864955186843872,solved,600.0
dc_cnn39,sweep_all,synthetic,Deep Contractive,sweep_all::dc_cnn39,onnx,0.19668519496917725,0.42910108247782486,0.7779017857142857,6.030685260261263,10.874714386255734,0,64,10,24202,18,1,7,7,0,0,0,0,18,7,1024,99973.0,0,1,0,0,0,0,1,0,0,0,CNN,0,nnenum,UNSAT,1.9323749542236328,solved,600.0
dc_cnn39,sweep_all,synthetic,Deep Contractive,sweep_all::dc_cnn39,onnx,0.19668519496917725,0.42910108247782486,0.7779017857142857,6.030685260261263,10.874714386255734,0,64,10,24202,18,1,7,7,0,0,0,0,18,7,1024,99973.0,0,1,0,0,0,0,1,0,0,0,CNN,0,pyrat,UNSAT,4.682677984237671,solved,600.0
dc_cnn40,sweep_all,synthetic,Deep Contractive,sweep_all::dc_cnn40,onnx,0.11228736490011215,0.0,0.6411830357142857,0.0,0.0,0,64,10,24202,18,1,7,7,0,0,0,0,18,7,1024,99973.0,0,1,0,0,0,0,1,0,0,0,CNN,0,abcrown,UNSAT,33.105677366256714,solved,600.0
dc_cnn40,sweep_all,synthetic,Deep Contractive,sweep_all::dc_cnn40,onnx,0.11228736490011215,0.0,0.6411830357142857,0.0,0.0,0,64,10,24202,18,1,7,7,0,0,0,0,18,7,1024,99973.0,0,1,0,0,0,0,1,0,0,0,CNN,0,neuralsat,UNSAT,140.36241507530212,solved,600.0
dc_cnn40,sweep_all,synthetic,Deep Contractive,sweep_all::dc_cnn40,onnx,0.11228736490011215,0.0,0.6411830357142857,0.0,0.0,0,64,10,24202,18,1,7,7,0,0,0,0,18,7,1024,99973.0,0,1,0,0,0,0,1,0,0,0,CNN,0,marabou,UNSAT,1.9142680168151855,solved,600.0
dc_cnn40,sweep_all,synthetic,Deep Contractive,sweep_all::dc_cnn40,onnx,0.11228736490011215,0.0,0.6411830357142857,0.0,0.0,0,64,10,24202,18,1,7,7,0,0,0,0,18,7,1024,99973.0,0,1,0,0,0,0,1,0,0,0,CNN,0,nnenum,UNSAT,1.9089529514312744,solved,600.0
dc_cnn40,sweep_all,synthetic,Deep Contractive,sweep_all::dc_cnn40,onnx,0.11228736490011215,0.0,0.6411830357142857,0.0,0.0,0,64,10,24202,18,1,7,7,0,0,0,0,18,7,1024,99973.0,0,1,0,0,0,0,1,0,0,0,CNN,0,pyrat,UNSAT,3.63217830657959,solved,600.0
dc_cnn41,sweep_all,synthetic,Deep Contractive,sweep_all::dc_cnn41,onnx,0.15410427749156952,0.5360043543798121,0.6713169642857143,6.396929655216146,37.12320934355852,0,64,10,3466,18,1,7,7,0,0,0,0,18,7,256,17027.0,0,1,0,0,0,0,1,0,0,0,CNN,0,abcrown,UNSAT,41.623125314712524,solved,600.0
dc_cnn41,sweep_all,synthetic,Deep Contractive,sweep_all::dc_cnn41,onnx,0.15410427749156952,0.5360043543798121,0.6713169642857143,6.396929655216146,37.12320934355852,0,64,10,3466,18,1,7,7,0,0,0,0,18,7,256,17027.0,0,1,0,0,0,0,1,0,0,0,CNN,0,neuralsat,UNSAT,155.8663694858551,solved,600.0
dc_cnn41,sweep_all,synthetic,Deep Contractive,sweep_all::dc_cnn41,onnx,0.15410427749156952,0.5360043543798121,0.6713169642857143,6.396929655216146,37.12320934355852,0,64,10,3466,18,1,7,7,0,0,0,0,18,7,256,17027.0,0,1,0,0,0,0,1,0,0,0,CNN,0,marabou,UNSAT,0.18086504936218262,solved,600.0
dc_cnn41,sweep_all,synthetic,Deep Contractive,sweep_all::dc_cnn41,onnx,0.15410427749156952,0.5360043543798121,0.6713169642857143,6.396929655216146,37.12320934355852,0,64,10,3466,18,1,7,7,0,0,0,0,18,7,256,17027.0,0,1,0,0,0,0,1,0,0,0,CNN,0,nnenum,UNSAT,1.8379240036010742,solved,600.0
dc_cnn41,sweep_all,synthetic,Deep Contractive,sweep_all::dc_cnn41,onnx,0.15410427749156952,0.5360043543798121,0.6713169642857143,6.396929655216146,37.12320934355852,0,64,10,3466,18,1,7,7,0,0,0,0,18,7,256,17027.0,0,1,0,0,0,0,1,0,0,0,CNN,0,pyrat,UNSAT,4.226037979125977,solved,600.0
dc_cnn42,sweep_all,synthetic,Deep Contractive,sweep_all::dc_cnn42,onnx,1.5610439777374268,0.9424373907304745,0.7424665178571429,6.396929655216146,33.7748378002301,0,64,10,8650,18,1,7,7,0,0,0,0,18,7,512,37765.0,0,1,0,0,0,0,1,0,0,0,CNN,0,abcrown,UNSAT,44.20054841041565,solved,600.0
dc_cnn42,sweep_all,synthetic,Deep Contractive,sweep_all::dc_cnn42,onnx,1.5610439777374268,0.9424373907304745,0.7424665178571429,6.396929655216146,33.7748378002301,0,64,10,8650,18,1,7,7,0,0,0,0,18,7,512,37765.0,0,1,0,0,0,0,1,0,0,0,CNN,0,neuralsat,UNSAT,191.27826976776123,solved,600.0
dc_cnn42,sweep_all,synthetic,Deep Contractive,sweep_all::dc_cnn42,onnx,1.5610439777374268,0.9424373907304745,0.7424665178571429,6.396929655216146,33.7748378002301,0,64,10,8650,18,1,7,7,0,0,0,0,18,7,512,37765.0,0,1,0,0,0,0,1,0,0,0,CNN,0,marabou,UNSAT,0.38170933723449707,solved,600.0
dc_cnn42,sweep_all,synthetic,Deep Contractive,sweep_all::dc_cnn42,onnx,1.5610439777374268,0.9424373907304745,0.7424665178571429,6.396929655216146,33.7748378002301,0,64,10,8650,18,1,7,7,0,0,0,0,18,7,512,37765.0,0,1,0,0,0,0,1,0,0,0,CNN,0,nnenum,UNSAT,1.795922040939331,solved,600.0
dc_cnn42,sweep_all,synthetic,Deep Contractive,sweep_all::dc_cnn42,onnx,1.5610439777374268,0.9424373907304745,0.7424665178571429,6.396929655216146,33.7748378002301,0,64,10,8650,18,1,7,7,0,0,0,0,18,7,512,37765.0,0,1,0,0,0,0,1,0,0,0,CNN,0,pyrat,UNSAT,3.283163070678711,solved,600.0
dc_cnn43,sweep_all,synthetic,Deep Contractive,sweep_all::dc_cnn43,onnx,10.468116760253906,0.9850381113586343,0.7668805803571429,6.395261598115449,23.20504326270299,0,64,10,24202,18,1,7,7,0,0,0,0,18,7,1024,99973.0,0,1,0,0,0,0,1,0,0,0,CNN,0,abcrown,UNSAT,51.03795003890991,solved,600.0
dc_cnn43,sweep_all,synthetic,Deep Contractive,sweep_all::dc_cnn43,onnx,10.468116760253906,0.9850381113586343,0.7668805803571429,6.395261598115449,23.20504326270299,0,64,10,24202,18,1,7,7,0,0,0,0,18,7,1024,99973.0,0,1,0,0,0,0,1,0,0,0,CNN,0,neuralsat,UNSAT,241.67445611953735,solved,600.0
dc_cnn43,sweep_all,synthetic,Deep Contractive,sweep_all::dc_cnn43,onnx,10.468116760253906,0.9850381113586343,0.7668805803571429,6.395261598115449,23.20504326270299,0,64,10,24202,18,1,7,7,0,0,0,0,18,7,1024,99973.0,0,1,0,0,0,0,1,0,0,0,CNN,0,marabou,UNSAT,1.835369348526001,solved,600.0
dc_cnn43,sweep_all,synthetic,Deep Contractive,sweep_all::dc_cnn43,onnx,10.468116760253906,0.9850381113586343,0.7668805803571429,6.395261598115449,23.20504326270299,0,64,10,24202,18,1,7,7,0,0,0,0,18,7,1024,99973.0,0,1,0,0,0,0,1,0,0,0,CNN,0,nnenum,UNSAT,1.924351692199707,solved,600.0
dc_cnn43,sweep_all,synthetic,Deep Contractive,sweep_all::dc_cnn43,onnx,10.468116760253906,0.9850381113586343,0.7668805803571429,6.395261598115449,23.20504326270299,0,64,10,24202,18,1,7,7,0,0,0,0,18,7,1024,99973.0,0,1,0,0,0,0,1,0,0,0,CNN,0,pyrat,UNSAT,3.813943862915039,solved,600.0
dc_cnn44,sweep_all,synthetic,Deep Contractive,sweep_all::dc_cnn44,onnx,57.55046463012695,0.9971620487321479,0.7953404017857143,6.133398042996649,10.343652914854587,0,64,10,76042,18,1,7,7,0,0,0,0,18,7,2048,307361.0,0,1,0,0,0,0,1,0,0,0,CNN,0,abcrown,UNSAT,55.32566571235657,solved,600.0
dc_cnn44,sweep_all,synthetic,Deep Contractive,sweep_all::dc_cnn44,onnx,57.55046463012695,0.9971620487321479,0.7953404017857143,6.133398042996649,10.343652914854587,0,64,10,76042,18,1,7,7,0,0,0,0,18,7,2048,307361.0,0,1,0,0,0,0,1,0,0,0,CNN,0,neuralsat,UNSAT,256.18568754196167,solved,600.0
dc_cnn44,sweep_all,synthetic,Deep Contractive,sweep_all::dc_cnn44,onnx,57.55046463012695,0.9971620487321479,0.7953404017857143,6.133398042996649,10.343652914854587,0,64,10,76042,18,1,7,7,0,0,0,0,18,7,2048,307361.0,0,1,0,0,0,0,1,0,0,0,CNN,0,marabou,UNSAT,13.358486652374268,solved,600.0
dc_cnn44,sweep_all,synthetic,Deep Contractive,sweep_all::dc_cnn44,onnx,57.55046463012695,0.9971620487321479,0.7953404017857143,6.133398042996649,10.343652914854587,0,64,10,76042,18,1,7,7,0,0,0,0,18,7,2048,307361.0,0,1,0,0,0,0,1,0,0,0,CNN,0,nnenum,UNSAT,2.010554313659668,solved,600.0
dc_cnn44,sweep_all,synthetic,Deep Contractive,sweep_all::dc_cnn44,onnx,57.55046463012695,0.9971620487321479,0.7953404017857143,6.133398042996649,10.343652914854587,0,64,10,76042,18,1,7,7,0,0,0,0,18,7,2048,307361.0,0,1,0,0,0,0,1,0,0,0,CNN,0,pyrat,UNSAT,4.85634708404541,solved,600.0
dc_cnn45,sweep_all,synthetic,Deep Contractive,sweep_all::dc_cnn45,onnx,353.9468688964844,0.9993037917613189,0.8036411830357143,5.655991810819852,5.954849175297909,0,64,10,262666,18,1,7,7,0,0,0,0,18,7,4096,1053857.0,0,1,0,0,0,0,1,0,0,0,CNN,0,abcrown,UNSAT,56.83893346786499,solved,600.0
dc_cnn45,sweep_all,synthetic,Deep Contractive,sweep_all::dc_cnn45,onnx,353.9468688964844,0.9993037917613189,0.8036411830357143,5.655991810819852,5.954849175297909,0,64,10,262666,18,1,7,7,0,0,0,0,18,7,4096,1053857.0,0,1,0,0,0,0,1,0,0,0,CNN,0,neuralsat,UNSAT,263.43839287757874,solved,600.0
dc_cnn45,sweep_all,synthetic,Deep Contractive,sweep_all::dc_cnn45,onnx,353.9468688964844,0.9993037917613189,0.8036411830357143,5.655991810819852,5.954849175297909,0,64,10,262666,18,1,7,7,0,0,0,0,18,7,4096,1053857.0,0,1,0,0,0,0,1,0,0,0,CNN,0,marabou,UNSAT,155.47562789916992,solved,600.0
dc_cnn45,sweep_all,synthetic,Deep Contractive,sweep_all::dc_cnn45,onnx,353.9468688964844,0.9993037917613189,0.8036411830357143,5.655991810819852,5.954849175297909,0,64,10,262666,18,1,7,7,0,0,0,0,18,7,4096,1053857.0,0,1,0,0,0,0,1,0,0,0,CNN,0,nnenum,UNSAT,2.2602882385253906,solved,600.0
dc_cnn45,sweep_all,synthetic,Deep Contractive,sweep_all::dc_cnn45,onnx,353.9468688964844,0.9993037917613189,0.8036411830357143,5.655991810819852,5.954849175297909,0,64,10,262666,18,1,7,7,0,0,0,0,18,7,4096,1053857.0,0,1,0,0,0,0,1,0,0,0,CNN,0,pyrat,UNSAT,5.160820960998535,solved,600.0
dc_cnn46,sweep_all,synthetic,Deep Contractive,sweep_all::dc_cnn46,onnx,0.13520130515098572,0.6213036218904657,0.6752232142857143,6.396929655216146,39.082883693611734,0,64,10,3466,18,1,7,7,0,0,0,0,18,7,256,17027.0,0,1,0,0,0,0,1,0,0,0,CNN,0,abcrown,UNSAT,40.86034893989563,solved,600.0
dc_cnn46,sweep_all,synthetic,Deep Contractive,sweep_all::dc_cnn46,onnx,0.13520130515098572,0.6213036218904657,0.6752232142857143,6.396929655216146,39.082883693611734,0,64,10,3466,18,1,7,7,0,0,0,0,18,7,256,17027.0,0,1,0,0,0,0,1,0,0,0,CNN,0,neuralsat,UNSAT,170.3141746520996,solved,600.0
dc_cnn46,sweep_all,synthetic,Deep Contractive,sweep_all::dc_cnn46,onnx,0.13520130515098572,0.6213036218904657,0.6752232142857143,6.396929655216146,39.082883693611734,0,64,10,3466,18,1,7,7,0,0,0,0,18,7,256,17027.0,0,1,0,0,0,0,1,0,0,0,CNN,0,marabou,UNSAT,0.1434793472290039,solved,600.0
dc_cnn46,sweep_all,synthetic,Deep Contractive,sweep_all::dc_cnn46,onnx,0.13520130515098572,0.6213036218904657,0.6752232142857143,6.396929655216146,39.082883693611734,0,64,10,3466,18,1,7,7,0,0,0,0,18,7,256,17027.0,0,1,0,0,0,0,1,0,0,0,CNN,0,nnenum,UNSAT,1.7998578548431396,solved,600.0
dc_cnn46,sweep_all,synthetic,Deep Contractive,sweep_all::dc_cnn46,onnx,0.13520130515098572,0.6213036218904657,0.6752232142857143,6.396929655216146,39.082883693611734,0,64,10,3466,18,1,7,7,0,0,0,0,18,7,256,17027.0,0,1,0,0,0,0,1,0,0,0,CNN,0,pyrat,UNSAT,3.9714598655700684,solved,600.0
dc_cnn47,sweep_all,synthetic,Deep Contractive,sweep_all::dc_cnn47,onnx,1.6971986293792725,0.9419958706220014,0.7427455357142857,6.396929655216146,36.435971248083995,0,64,10,8650,18,1,7,7,0,0,0,0,18,7,512,37765.0,0,1,0,0,0,0,1,0,0,0,CNN,0,abcrown,UNSAT,64.45426368713379,solved,600.0
dc_cnn47,sweep_all,synthetic,Deep Contractive,sweep_all::dc_cnn47,onnx,1.6971986293792725,0.9419958706220014,0.7427455357142857,6.396929655216146,36.435971248083995,0,64,10,8650,18,1,7,7,0,0,0,0,18,7,512,37765.0,0,1,0,0,0,0,1,0,0,0,CNN,0,neuralsat,UNSAT,200.55008554458618,solved,600.0
dc_cnn47,sweep_all,synthetic,Deep Contractive,sweep_all::dc_cnn47,onnx,1.6971986293792725,0.9419958706220014,0.7427455357142857,6.396929655216146,36.435971248083995,0,64,10,8650,18,1,7,7,0,0,0,0,18,7,512,37765.0,0,1,0,0,0,0,1,0,0,0,CNN,0,marabou,UNSAT,0.39797449111938477,solved,600.0
dc_cnn47,sweep_all,synthetic,Deep Contractive,sweep_all::dc_cnn47,onnx,1.6971986293792725,0.9419958706220014,0.7427455357142857,6.396929655216146,36.435971248083995,0,64,10,8650,18,1,7,7,0,0,0,0,18,7,512,37765.0,0,1,0,0,0,0,1,0,0,0,CNN,0,nnenum,UNSAT,1.8491129875183105,solved,600.0
dc_cnn47,sweep_all,synthetic,Deep Contractive,sweep_all::dc_cnn47,onnx,1.6971986293792725,0.9419958706220014,0.7427455357142857,6.396929655216146,36.435971248083995,0,64,10,8650,18,1,7,7,0,0,0,0,18,7,512,37765.0,0,1,0,0,0,0,1,0,0,0,CNN,0,pyrat,UNSAT,3.93864107131958,solved,600.0
dc_cnn48,sweep_all,synthetic,Deep Contractive,sweep_all::dc_cnn48,onnx,8.553558349609375,0.986762012635328,0.7791573660714286,6.369900982828227,18.05889445938869,0,64,10,24202,18,1,7,7,0,0,0,0,18,7,1024,99973.0,0,1,0,0,0,0,1,0,0,0,CNN,0,abcrown,UNSAT,52.34325075149536,solved,600.0
dc_cnn48,sweep_all,synthetic,Deep Contractive,sweep_all::dc_cnn48,onnx,8.553558349609375,0.986762012635328,0.7791573660714286,6.369900982828227,18.05889445938869,0,64,10,24202,18,1,7,7,0,0,0,0,18,7,1024,99973.0,0,1,0,0,0,0,1,0,0,0,CNN,0,neuralsat,UNSAT,246.39416646957397,solved,600.0
dc_cnn48,sweep_all,synthetic,Deep Contractive,sweep_all::dc_cnn48,onnx,8.553558349609375,0.986762012635328,0.7791573660714286,6.369900982828227,18.05889445938869,0,64,10,24202,18,1,7,7,0,0,0,0,18,7,1024,99973.0,0,1,0,0,0,0,1,0,0,0,CNN,0,marabou,UNSAT,1.8625068664550781,solved,600.0
dc_cnn48,sweep_all,synthetic,Deep Contractive,sweep_all::dc_cnn48,onnx,8.553558349609375,0.986762012635328,0.7791573660714286,6.369900982828227,18.05889445938869,0,64,10,24202,18,1,7,7,0,0,0,0,18,7,1024,99973.0,0,1,0,0,0,0,1,0,0,0,CNN,0,nnenum,UNSAT,1.957596778869629,solved,600.0
dc_cnn48,sweep_all,synthetic,Deep Contractive,sweep_all::dc_cnn48,onnx,8.553558349609375,0.986762012635328,0.7791573660714286,6.369900982828227,18.05889445938869,0,64,10,24202,18,1,7,7,0,0,0,0,18,7,1024,99973.0,0,1,0,0,0,0,1,0,0,0,CNN,0,pyrat,UNSAT,3.953606128692627,solved,600.0
dc_cnn49,sweep_all,synthetic,Deep Contractive,sweep_all::dc_cnn49,onnx,68.76179504394531,0.9972496171584937,0.7899693080357143,5.963579343618446,8.311759138412217,0,64,10,76042,18,1,7,7,0,0,0,0,18,7,2048,307361.0,0,1,0,0,0,0,1,0,0,0,CNN,0,abcrown,UNSAT,54.02637720108032,solved,600.0
dc_cnn49,sweep_all,synthetic,Deep Contractive,sweep_all::dc_cnn49,onnx,68.76179504394531,0.9972496171584937,0.7899693080357143,5.963579343618446,8.311759138412217,0,64,10,76042,18,1,7,7,0,0,0,0,18,7,2048,307361.0,0,1,0,0,0,0,1,0,0,0,CNN,0,neuralsat,UNSAT,246.46220088005066,solved,600.0
dc_cnn49,sweep_all,synthetic,Deep Contractive,sweep_all::dc_cnn49,onnx,68.76179504394531,0.9972496171584937,0.7899693080357143,5.963579343618446,8.311759138412217,0,64,10,76042,18,1,7,7,0,0,0,0,18,7,2048,307361.0,0,1,0,0,0,0,1,0,0,0,CNN,0,marabou,UNSAT,13.625388622283936,solved,600.0
dc_cnn49,sweep_all,synthetic,Deep Contractive,sweep_all::dc_cnn49,onnx,68.76179504394531,0.9972496171584937,0.7899693080357143,5.963579343618446,8.311759138412217,0,64,10,76042,18,1,7,7,0,0,0,0,18,7,2048,307361.0,0,1,0,0,0,0,1,0,0,0,CNN,0,nnenum,UNSAT,1.8658180236816406,solved,600.0
dc_cnn49,sweep_all,synthetic,Deep Contractive,sweep_all::dc_cnn49,onnx,68.76179504394531,0.9972496171584937,0.7899693080357143,5.963579343618446,8.311759138412217,0,64,10,76042,18,1,7,7,0,0,0,0,18,7,2048,307361.0,0,1,0,0,0,0,1,0,0,0,CNN,0,pyrat,UNSAT,4.416435956954956,solved,600.0
dc_cnn50,sweep_all,synthetic,Deep Contractive,sweep_all::dc_cnn50,onnx,439.3533630371094,0.9993510635520941,0.7980608258928571,5.683579767338681,5.770364793245308,0,64,10,262666,18,1,7,7,0,0,0,0,18,7,4096,1053857.0,0,1,0,0,0,0,1,0,0,0,CNN,0,abcrown,UNSAT,56.76078200340271,solved,600.0
dc_cnn50,sweep_all,synthetic,Deep Contractive,sweep_all::dc_cnn50,onnx,439.3533630371094,0.9993510635520941,0.7980608258928571,5.683579767338681,5.770364793245308,0,64,10,262666,18,1,7,7,0,0,0,0,18,7,4096,1053857.0,0,1,0,0,0,0,1,0,0,0,CNN,0,neuralsat,UNSAT,264.6902816295624,solved,600.0
dc_cnn50,sweep_all,synthetic,Deep Contractive,sweep_all::dc_cnn50,onnx,439.3533630371094,0.9993510635520941,0.7980608258928571,5.683579767338681,5.770364793245308,0,64,10,262666,18,1,7,7,0,0,0,0,18,7,4096,1053857.0,0,1,0,0,0,0,1,0,0,0,CNN,0,marabou,UNSAT,149.973153591156,solved,600.0
dc_cnn50,sweep_all,synthetic,Deep Contractive,sweep_all::dc_cnn50,onnx,439.3533630371094,0.9993510635520941,0.7980608258928571,5.683579767338681,5.770364793245308,0,64,10,262666,18,1,7,7,0,0,0,0,18,7,4096,1053857.0,0,1,0,0,0,0,1,0,0,0,CNN,0,nnenum,UNSAT,2.3184823989868164,solved,600.0
dc_cnn50,sweep_all,synthetic,Deep Contractive,sweep_all::dc_cnn50,onnx,439.3533630371094,0.9993510635520941,0.7980608258928571,5.683579767338681,5.770364793245308,0,64,10,262666,18,1,7,7,0,0,0,0,18,7,4096,1053857.0,0,1,0,0,0,0,1,0,0,0,CNN,0,pyrat,UNSAT,5.61208176612854,solved,600.0
pb_cnn_1,sweep_all,synthetic,Paired-Biases,sweep_all::pb_cnn_1,onnx,0.13538751006126404,6.415966317139769,0.859375,6.206575926724928,28.264726285905542,0,48,10,820,8,1,3,3,0,0,0,0,8,3,64,4774.0,0,1,0,0,0,0,1,0,0,0,CNN,0,abcrown,UNSAT,31.31782293319702,solved,600.0
pb_cnn_1,sweep_all,synthetic,Paired-Biases,sweep_all::pb_cnn_1,onnx,0.13538751006126404,6.415966317139769,0.859375,6.206575926724928,28.264726285905542,0,48,10,820,8,1,3,3,0,0,0,0,8,3,64,4774.0,0,1,0,0,0,0,1,0,0,0,CNN,0,neuralsat,UNSAT,80.51013350486755,solved,600.0
pb_cnn_1,sweep_all,synthetic,Paired-Biases,sweep_all::pb_cnn_1,onnx,0.13538751006126404,6.415966317139769,0.859375,6.206575926724928,28.264726285905542,0,48,10,820,8,1,3,3,0,0,0,0,8,3,64,4774.0,0,1,0,0,0,0,1,0,0,0,CNN,0,marabou,UNSAT,0.03253030776977539,solved,600.0
pb_cnn_1,sweep_all,synthetic,Paired-Biases,sweep_all::pb_cnn_1,onnx,0.13538751006126404,6.415966317139769,0.859375,6.206575926724928,28.264726285905542,0,48,10,820,8,1,3,3,0,0,0,0,8,3,64,4774.0,0,1,0,0,0,0,1,0,0,0,CNN,0,nnenum,UNSAT,2.284661054611206,solved,600.0
pb_cnn_1,sweep_all,synthetic,Paired-Biases,sweep_all::pb_cnn_1,onnx,0.13538751006126404,6.415966317139769,0.859375,6.206575926724928,28.264726285905542,0,48,10,820,8,1,3,3,0,0,0,0,8,3,64,4774.0,0,1,0,0,0,0,1,0,0,0,CNN,0,pyrat,UNSAT,3.3327980041503906,solved,600.0
pb_cnn_2,sweep_all,synthetic,Paired-Biases,sweep_all::pb_cnn_2,onnx,0.11249999701976776,7.985886546855686,0.8541666666666666,6.29156913955832,27.816848071699287,0,48,10,1536,8,1,3,3,0,0,0,0,8,3,128,7639.0,0,1,0,0,0,0,1,0,0,0,CNN,0,abcrown,UNSAT,53.06611752510071,solved,600.0
pb_cnn_2,sweep_all,synthetic,Paired-Biases,sweep_all::pb_cnn_2,onnx,0.11249999701976776,7.985886546855686,0.8541666666666666,6.29156913955832,27.816848071699287,0,48,10,1536,8,1,3,3,0,0,0,0,8,3,128,7639.0,0,1,0,0,0,0,1,0,0,0,CNN,0,neuralsat,UNSAT,289.60232424736023,solved,600.0
pb_cnn_2,sweep_all,synthetic,Paired-Biases,sweep_all::pb_cnn_2,onnx,0.11249999701976776,7.985886546855686,0.8541666666666666,6.29156913955832,27.816848071699287,0,48,10,1536,8,1,3,3,0,0,0,0,8,3,128,7639.0,0,1,0,0,0,0,1,0,0,0,CNN,0,marabou,UNSAT,495.86226058006287,solved,600.0
pb_cnn_2,sweep_all,synthetic,Paired-Biases,sweep_all::pb_cnn_2,onnx,0.11249999701976776,7.985886546855686,0.8541666666666666,6.29156913955832,27.816848071699287,0,48,10,1536,8,1,3,3,0,0,0,0,8,3,128,7639.0,0,1,0,0,0,0,1,0,0,0,CNN,0,nnenum,TIMEOUT,600.0019867420197,timeout,600.0
pb_cnn_2,sweep_all,synthetic,Paired-Biases,sweep_all::pb_cnn_2,onnx,0.11249999701976776,7.985886546855686,0.8541666666666666,6.29156913955832,27.816848071699287,0,48,10,1536,8,1,3,3,0,0,0,0,8,3,128,7639.0,0,1,0,0,0,0,1,0,0,0,CNN,0,pyrat,UNSAT,5.589073896408081,solved,600.0
pb_cnn_3,sweep_all,synthetic,Paired-Biases,sweep_all::pb_cnn_3,onnx,0.11403779685497284,7.457456976965807,0.925,6.391917113392602,28.660725782699437,0,48,10,2968,8,1,3,3,0,0,0,0,8,3,256,13367.0,0,1,0,0,0,0,1,0,0,0,CNN,0,abcrown,UNSAT,32.42706918716431,solved,600.0
pb_cnn_3,sweep_all,synthetic,Paired-Biases,sweep_all::pb_cnn_3,onnx,0.11403779685497284,7.457456976965807,0.925,6.391917113392602,28.660725782699437,0,48,10,2968,8,1,3,3,0,0,0,0,8,3,256,13367.0,0,1,0,0,0,0,1,0,0,0,CNN,0,neuralsat,UNSAT,85.65420365333557,solved,600.0
pb_cnn_3,sweep_all,synthetic,Paired-Biases,sweep_all::pb_cnn_3,onnx,0.11403779685497284,7.457456976965807,0.925,6.391917113392602,28.660725782699437,0,48,10,2968,8,1,3,3,0,0,0,0,8,3,256,13367.0,0,1,0,0,0,0,1,0,0,0,CNN,0,marabou,UNSAT,0.1497044563293457,solved,600.0
pb_cnn_3,sweep_all,synthetic,Paired-Biases,sweep_all::pb_cnn_3,onnx,0.11403779685497284,7.457456976965807,0.925,6.391917113392602,28.660725782699437,0,48,10,2968,8,1,3,3,0,0,0,0,8,3,256,13367.0,0,1,0,0,0,0,1,0,0,0,CNN,0,nnenum,UNSAT,22.150007009506226,solved,600.0
pb_cnn_3,sweep_all,synthetic,Paired-Biases,sweep_all::pb_cnn_3,onnx,0.11403779685497284,7.457456976965807,0.925,6.391917113392602,28.660725782699437,0,48,10,2968,8,1,3,3,0,0,0,0,8,3,256,13367.0,0,1,0,0,0,0,1,0,0,0,CNN,0,pyrat,UNSAT,4.612680912017822,solved,600.0
pb_cnn_4,sweep_all,synthetic,Paired-Biases,sweep_all::pb_cnn_4,onnx,0.12495964765548706,7.813480723533031,0.9513888888888888,6.396929655216146,28.91090550602671,0,48,10,5832,8,1,3,3,0,0,0,0,8,3,512,24828.0,0,1,0,0,0,0,1,0,0,0,CNN,0,abcrown,TIMEOUT,600.1208431720734,timeout,600.0
pb_cnn_4,sweep_all,synthetic,Paired-Biases,sweep_all::pb_cnn_4,onnx,0.12495964765548706,7.813480723533031,0.9513888888888888,6.396929655216146,28.91090550602671,0,48,10,5832,8,1,3,3,0,0,0,0,8,3,512,24828.0,0,1,0,0,0,0,1,0,0,0,CNN,0,neuralsat,TIMEOUT,600.8222479820251,timeout,600.0
pb_cnn_4,sweep_all,synthetic,Paired-Biases,sweep_all::pb_cnn_4,onnx,0.12495964765548706,7.813480723533031,0.9513888888888888,6.396929655216146,28.91090550602671,0,48,10,5832,8,1,3,3,0,0,0,0,8,3,512,24828.0,0,1,0,0,0,0,1,0,0,0,CNN,0,marabou,TIMEOUT,600.0231463909149,timeout,600.0
pb_cnn_4,sweep_all,synthetic,Paired-Biases,sweep_all::pb_cnn_4,onnx,0.12495964765548706,7.813480723533031,0.9513888888888888,6.396929655216146,28.91090550602671,0,48,10,5832,8,1,3,3,0,0,0,0,8,3,512,24828.0,0,1,0,0,0,0,1,0,0,0,CNN,0,nnenum,TIMEOUT,600.0053589344025,timeout,600.0
pb_cnn_4,sweep_all,synthetic,Paired-Biases,sweep_all::pb_cnn_4,onnx,0.12495964765548706,7.813480723533031,0.9513888888888888,6.396929655216146,28.91090550602671,0,48,10,5832,8,1,3,3,0,0,0,0,8,3,512,24828.0,0,1,0,0,0,0,1,0,0,0,CNN,0,pyrat,TIMEOUT,600.0090229511261,timeout,600.0
pb_cnn_5,sweep_all,synthetic,Paired-Biases,sweep_all::pb_cnn_5,onnx,0.12095387279987335,7.320359902894692,0.9696691176470589,6.396929655216146,28.12597010679078,0,48,10,11560,8,1,3,3,0,0,0,0,8,3,1024,47740.0,0,1,0,0,0,0,1,0,0,0,CNN,0,abcrown,UNSAT,96.06300592422485,solved,600.0
pb_cnn_5,sweep_all,synthetic,Paired-Biases,sweep_all::pb_cnn_5,onnx,0.12095387279987335,7.320359902894692,0.9696691176470589,6.396929655216146,28.12597010679078,0,48,10,11560,8,1,3,3,0,0,0,0,8,3,1024,47740.0,0,1,0,0,0,0,1,0,0,0,CNN,0,neuralsat,UNSAT,517.0912845134735,solved,600.0
pb_cnn_5,sweep_all,synthetic,Paired-Biases,sweep_all::pb_cnn_5,onnx,0.12095387279987335,7.320359902894692,0.9696691176470589,6.396929655216146,28.12597010679078,0,48,10,11560,8,1,3,3,0,0,0,0,8,3,1024,47740.0,0,1,0,0,0,0,1,0,0,0,CNN,0,marabou,TIMEOUT,600.0687630176544,timeout,600.0
pb_cnn_5,sweep_all,synthetic,Paired-Biases,sweep_all::pb_cnn_5,onnx,0.12095387279987335,7.320359902894692,0.9696691176470589,6.396929655216146,28.12597010679078,0,48,10,11560,8,1,3,3,0,0,0,0,8,3,1024,47740.0,0,1,0,0,0,0,1,0,0,0,CNN,0,nnenum,TIMEOUT,600.0027258396149,timeout,600.0
pb_cnn_5,sweep_all,synthetic,Paired-Biases,sweep_all::pb_cnn_5,onnx,0.12095387279987335,7.320359902894692,0.9696691176470589,6.396929655216146,28.12597010679078,0,48,10,11560,8,1,3,3,0,0,0,0,8,3,1024,47740.0,0,1,0,0,0,0,1,0,0,0,CNN,0,pyrat,TIMEOUT,600.0325748920441,timeout,600.0
pb_cnn_6,sweep_all,synthetic,Paired-Biases,sweep_all::pb_cnn_6,onnx,0.12526895105838776,7.20030530560683,0.75,5.937536205082426,28.99127101707256,0,48,10,820,8,1,3,3,0,0,0,0,8,3,64,4774.0,0,1,0,0,0,0,1,0,0,0,CNN,0,abcrown,UNSAT,39.76599621772766,solved,600.0
pb_cnn_6,sweep_all,synthetic,Paired-Biases,sweep_all::pb_cnn_6,onnx,0.12526895105838776,7.20030530560683,0.75,5.937536205082426,28.99127101707256,0,48,10,820,8,1,3,3,0,0,0,0,8,3,64,4774.0,0,1,0,0,0,0,1,0,0,0,CNN,0,neuralsat,UNSAT,97.79820108413696,solved,600.0
pb_cnn_6,sweep_all,synthetic,Paired-Biases,sweep_all::pb_cnn_6,onnx,0.12526895105838776,7.20030530560683,0.75,5.937536205082426,28.99127101707256,0,48,10,820,8,1,3,3,0,0,0,0,8,3,64,4774.0,0,1,0,0,0,0,1,0,0,0,CNN,0,marabou,UNSAT,0.0633082389831543,solved,600.0
pb_cnn_6,sweep_all,synthetic,Paired-Biases,sweep_all::pb_cnn_6,onnx,0.12526895105838776,7.20030530560683,0.75,5.937536205082426,28.99127101707256,0,48,10,820,8,1,3,3,0,0,0,0,8,3,64,4774.0,0,1,0,0,0,0,1,0,0,0,CNN,0,nnenum,UNSAT,2.058354139328003,solved,600.0
pb_cnn_6,sweep_all,synthetic,Paired-Biases,sweep_all::pb_cnn_6,onnx,0.12526895105838776,7.20030530560683,0.75,5.937536205082426,28.99127101707256,0,48,10,820,8,1,3,3,0,0,0,0,8,3,64,4774.0,0,1,0,0,0,0,1,0,0,0,CNN,0,pyrat,UNSAT,4.312986850738525,solved,600.0
pb_cnn_7,sweep_all,synthetic,Paired-Biases,sweep_all::pb_cnn_7,onnx,0.12188088148832321,9.240001833824756,0.8072916666666666,6.318968113746434,28.430570062268533,0,48,10,1536,8,1,3,3,0,0,0,0,8,3,128,7639.0,0,1,0,0,0,0,1,0,0,0,CNN,0,abcrown,UNSAT,48.87530207633972,solved,600.0
pb_cnn_7,sweep_all,synthetic,Paired-Biases,sweep_all::pb_cnn_7,onnx,0.12188088148832321,9.240001833824756,0.8072916666666666,6.318968113746434,28.430570062268533,0,48,10,1536,8,1,3,3,0,0,0,0,8,3,128,7639.0,0,1,0,0,0,0,1,0,0,0,CNN,0,neuralsat,UNSAT,101.36640548706055,solved,600.0
pb_cnn_7,sweep_all,synthetic,Paired-Biases,sweep_all::pb_cnn_7,onnx,0.12188088148832321,9.240001833824756,0.8072916666666666,6.318968113746434,28.430570062268533,0,48,10,1536,8,1,3,3,0,0,0,0,8,3,128,7639.0,0,1,0,0,0,0,1,0,0,0,CNN,0,marabou,UNSAT,0.08160018920898438,solved,600.0
pb_cnn_7,sweep_all,synthetic,Paired-Biases,sweep_all::pb_cnn_7,onnx,0.12188088148832321,9.240001833824756,0.8072916666666666,6.318968113746434,28.430570062268533,0,48,10,1536,8,1,3,3,0,0,0,0,8,3,128,7639.0,0,1,0,0,0,0,1,0,0,0,CNN,0,nnenum,UNSAT,1.755202054977417,solved,600.0
pb_cnn_7,sweep_all,synthetic,Paired-Biases,sweep_all::pb_cnn_7,onnx,0.12188088148832321,9.240001833824756,0.8072916666666666,6.318968113746434,28.430570062268533,0,48,10,1536,8,1,3,3,0,0,0,0,8,3,128,7639.0,0,1,0,0,0,0,1,0,0,0,CNN,0,pyrat,UNSAT,3.1045260429382324,solved,600.0
pb_cnn_8,sweep_all,synthetic,Paired-Biases,sweep_all::pb_cnn_8,onnx,0.12508893013000488,8.945793569490544,0.875,6.396929655216146,30.128244073948466,0,48,10,2968,8,1,3,3,0,0,0,0,8,3,256,13367.0,0,1,0,0,0,0,1,0,0,0,CNN,0,abcrown,UNSAT,39.94190692901611,solved,600.0
pb_cnn_8,sweep_all,synthetic,Paired-Biases,sweep_all::pb_cnn_8,onnx,0.12508893013000488,8.945793569490544,0.875,6.396929655216146,30.128244073948466,0,48,10,2968,8,1,3,3,0,0,0,0,8,3,256,13367.0,0,1,0,0,0,0,1,0,0,0,CNN,0,neuralsat,UNSAT,104.33037042617798,solved,600.0
pb_cnn_8,sweep_all,synthetic,Paired-Biases,sweep_all::pb_cnn_8,onnx,0.12508893013000488,8.945793569490544,0.875,6.396929655216146,30.128244073948466,0,48,10,2968,8,1,3,3,0,0,0,0,8,3,256,13367.0,0,1,0,0,0,0,1,0,0,0,CNN,0,marabou,UNSAT,0.17389941215515137,solved,600.0
pb_cnn_8,sweep_all,synthetic,Paired-Biases,sweep_all::pb_cnn_8,onnx,0.12508893013000488,8.945793569490544,0.875,6.396929655216146,30.128244073948466,0,48,10,2968,8,1,3,3,0,0,0,0,8,3,256,13367.0,0,1,0,0,0,0,1,0,0,0,CNN,0,nnenum,UNSAT,1.7667548656463623,solved,600.0
pb_cnn_8,sweep_all,synthetic,Paired-Biases,sweep_all::pb_cnn_8,onnx,0.12508893013000488,8.945793569490544,0.875,6.396929655216146,30.128244073948466,0,48,10,2968,8,1,3,3,0,0,0,0,8,3,256,13367.0,0,1,0,0,0,0,1,0,0,0,CNN,0,pyrat,UNSAT,2.9247589111328125,solved,600.0
pb_cnn_9,sweep_all,synthetic,Paired-Biases,sweep_all::pb_cnn_9,onnx,0.12449753284454346,8.229374708487741,0.8940972222222222,6.396929655216146,30.580935063216668,0,48,10,5832,8,1,3,3,0,0,0,0,8,3,512,24828.0,0,1,0,0,0,0,1,0,0,0,CNN,0,abcrown,UNSAT,40.35708808898926,solved,600.0
pb_cnn_9,sweep_all,synthetic,Paired-Biases,sweep_all::pb_cnn_9,onnx,0.12449753284454346,8.229374708487741,0.8940972222222222,6.396929655216146,30.580935063216668,0,48,10,5832,8,1,3,3,0,0,0,0,8,3,512,24828.0,0,1,0,0,0,0,1,0,0,0,CNN,0,neuralsat,UNSAT,104.22237038612366,solved,600.0
pb_cnn_9,sweep_all,synthetic,Paired-Biases,sweep_all::pb_cnn_9,onnx,0.12449753284454346,8.229374708487741,0.8940972222222222,6.396929655216146,30.580935063216668,0,48,10,5832,8,1,3,3,0,0,0,0,8,3,512,24828.0,0,1,0,0,0,0,1,0,0,0,CNN,0,marabou,UNSAT,0.27068495750427246,solved,600.0
pb_cnn_9,sweep_all,synthetic,Paired-Biases,sweep_all::pb_cnn_9,onnx,0.12449753284454346,8.229374708487741,0.8940972222222222,6.396929655216146,30.580935063216668,0,48,10,5832,8,1,3,3,0,0,0,0,8,3,512,24828.0,0,1,0,0,0,0,1,0,0,0,CNN,0,nnenum,UNSAT,1.7624320983886719,solved,600.0
pb_cnn_9,sweep_all,synthetic,Paired-Biases,sweep_all::pb_cnn_9,onnx,0.12449753284454346,8.229374708487741,0.8940972222222222,6.396929655216146,30.580935063216668,0,48,10,5832,8,1,3,3,0,0,0,0,8,3,512,24828.0,0,1,0,0,0,0,1,0,0,0,CNN,0,pyrat,UNSAT,3.2427730560302734,solved,600.0
pb_cnn_10,sweep_all,synthetic,Paired-Biases,sweep_all::pb_cnn_10,onnx,0.12330006808042526,8.425038831454074,0.9430147058823529,6.396929655216146,30.409254146314957,0,48,10,11560,8,1,3,3,0,0,0,0,8,3,1024,47740.0,0,1,0,0,0,0,1,0,0,0,CNN,0,abcrown,UNSAT,41.845759868621826,solved,600.0
pb_cnn_10,sweep_all,synthetic,Paired-Biases,sweep_all::pb_cnn_10,onnx,0.12330006808042526,8.425038831454074,0.9430147058823529,6.396929655216146,30.409254146314957,0,48,10,11560,8,1,3,3,0,0,0,0,8,3,1024,47740.0,0,1,0,0,0,0,1,0,0,0,CNN,0,neuralsat,UNSAT,103.41050720214844,solved,600.0
pb_cnn_10,sweep_all,synthetic,Paired-Biases,sweep_all::pb_cnn_10,onnx,0.12330006808042526,8.425038831454074,0.9430147058823529,6.396929655216146,30.409254146314957,0,48,10,11560,8,1,3,3,0,0,0,0,8,3,1024,47740.0,0,1,0,0,0,0,1,0,0,0,CNN,0,marabou,UNSAT,0.8863680362701416,solved,600.0
pb_cnn_10,sweep_all,synthetic,Paired-Biases,sweep_all::pb_cnn_10,onnx,0.12330006808042526,8.425038831454074,0.9430147058823529,6.396929655216146,30.409254146314957,0,48,10,11560,8,1,3,3,0,0,0,0,8,3,1024,47740.0,0,1,0,0,0,0,1,0,0,0,CNN,0,nnenum,UNSAT,1.86677885055542,solved,600.0
pb_cnn_10,sweep_all,synthetic,Paired-Biases,sweep_all::pb_cnn_10,onnx,0.12330006808042526,8.425038831454074,0.9430147058823529,6.396929655216146,30.409254146314957,0,48,10,11560,8,1,3,3,0,0,0,0,8,3,1024,47740.0,0,1,0,0,0,0,1,0,0,0,CNN,0,pyrat,UNSAT,3.6171059608459473,solved,600.0
pb_cnn_11,sweep_all,synthetic,Paired-Biases,sweep_all::pb_cnn_11,onnx,1.0139845609664917,0.8386505914285057,0.925,6.396929655216146,28.45606717279157,0,48,10,2968,8,1,3,3,0,0,0,0,8,3,256,13367.0,0,1,0,0,0,0,1,0,0,0,CNN,0,abcrown,UNSAT,42.4215042591095,solved,600.0
pb_cnn_11,sweep_all,synthetic,Paired-Biases,sweep_all::pb_cnn_11,onnx,1.0139845609664917,0.8386505914285057,0.925,6.396929655216146,28.45606717279157,0,48,10,2968,8,1,3,3,0,0,0,0,8,3,256,13367.0,0,1,0,0,0,0,1,0,0,0,CNN,0,neuralsat,UNSAT,92.12641429901123,solved,600.0
pb_cnn_11,sweep_all,synthetic,Paired-Biases,sweep_all::pb_cnn_11,onnx,1.0139845609664917,0.8386505914285057,0.925,6.396929655216146,28.45606717279157,0,48,10,2968,8,1,3,3,0,0,0,0,8,3,256,13367.0,0,1,0,0,0,0,1,0,0,0,CNN,0,marabou,UNSAT,0.027538061141967773,solved,600.0
pb_cnn_11,sweep_all,synthetic,Paired-Biases,sweep_all::pb_cnn_11,onnx,1.0139845609664917,0.8386505914285057,0.925,6.396929655216146,28.45606717279157,0,48,10,2968,8,1,3,3,0,0,0,0,8,3,256,13367.0,0,1,0,0,0,0,1,0,0,0,CNN,0,nnenum,UNSAT,2.026318073272705,solved,600.0
pb_cnn_11,sweep_all,synthetic,Paired-Biases,sweep_all::pb_cnn_11,onnx,1.0139845609664917,0.8386505914285057,0.925,6.396929655216146,28.45606717279157,0,48,10,2968,8,1,3,3,0,0,0,0,8,3,256,13367.0,0,1,0,0,0,0,1,0,0,0,CNN,0,pyrat,UNSAT,4.121852874755859,solved,600.0
pb_cnn_12,sweep_all,synthetic,Paired-Biases,sweep_all::pb_cnn_12,onnx,0.5139836668968201,1.654484203394238,0.925,6.395261598115449,28.698103619627165,0,48,10,2968,8,1,3,3,0,0,0,0,8,3,256,13367.0,0,1,0,0,0,0,1,0,0,0,CNN,0,abcrown,UNSAT,41.10605454444885,solved,600.0
pb_cnn_12,sweep_all,synthetic,Paired-Biases,sweep_all::pb_cnn_12,onnx,0.5139836668968201,1.654484203394238,0.925,6.395261598115449,28.698103619627165,0,48,10,2968,8,1,3,3,0,0,0,0,8,3,256,13367.0,0,1,0,0,0,0,1,0,0,0,CNN,0,neuralsat,UNSAT,83.57810997962952,solved,600.0
pb_cnn_12,sweep_all,synthetic,Paired-Biases,sweep_all::pb_cnn_12,onnx,0.5139836668968201,1.654484203394238,0.925,6.395261598115449,28.698103619627165,0,48,10,2968,8,1,3,3,0,0,0,0,8,3,256,13367.0,0,1,0,0,0,0,1,0,0,0,CNN,0,marabou,UNSAT,0.10842204093933105,solved,600.0
pb_cnn_12,sweep_all,synthetic,Paired-Biases,sweep_all::pb_cnn_12,onnx,0.5139836668968201,1.654484203394238,0.925,6.395261598115449,28.698103619627165,0,48,10,2968,8,1,3,3,0,0,0,0,8,3,256,13367.0,0,1,0,0,0,0,1,0,0,0,CNN,0,nnenum,UNSAT,1.9854168891906738,solved,600.0
pb_cnn_12,sweep_all,synthetic,Paired-Biases,sweep_all::pb_cnn_12,onnx,0.5139836668968201,1.654484203394238,0.925,6.395261598115449,28.698103619627165,0,48,10,2968,8,1,3,3,0,0,0,0,8,3,256,13367.0,0,1,0,0,0,0,1,0,0,0,CNN,0,pyrat,UNSAT,3.8851699829101562,solved,600.0
pb_cnn_13,sweep_all,synthetic,Paired-Biases,sweep_all::pb_cnn_13,onnx,0.11386749893426895,7.467114618579918,0.925,6.391917113392602,28.906353713594253,0,48,10,2968,8,1,3,3,0,0,0,0,8,3,256,13367.0,0,1,0,0,0,0,1,0,0,0,CNN,0,abcrown,UNSAT,41.1954607963562,solved,600.0
pb_cnn_13,sweep_all,synthetic,Paired-Biases,sweep_all::pb_cnn_13,onnx,0.11386749893426895,7.467114618579918,0.925,6.391917113392602,28.906353713594253,0,48,10,2968,8,1,3,3,0,0,0,0,8,3,256,13367.0,0,1,0,0,0,0,1,0,0,0,CNN,0,neuralsat,UNSAT,90.82639765739441,solved,600.0
pb_cnn_13,sweep_all,synthetic,Paired-Biases,sweep_all::pb_cnn_13,onnx,0.11386749893426895,7.467114618579918,0.925,6.391917113392602,28.906353713594253,0,48,10,2968,8,1,3,3,0,0,0,0,8,3,256,13367.0,0,1,0,0,0,0,1,0,0,0,CNN,0,marabou,UNSAT,0.15364789962768555,solved,600.0
pb_cnn_13,sweep_all,synthetic,Paired-Biases,sweep_all::pb_cnn_13,onnx,0.11386749893426895,7.467114618579918,0.925,6.391917113392602,28.906353713594253,0,48,10,2968,8,1,3,3,0,0,0,0,8,3,256,13367.0,0,1,0,0,0,0,1,0,0,0,CNN,0,nnenum,UNSAT,22.350603818893433,solved,600.0
pb_cnn_13,sweep_all,synthetic,Paired-Biases,sweep_all::pb_cnn_13,onnx,0.11386749893426895,7.467114618579918,0.925,6.391917113392602,28.906353713594253,0,48,10,2968,8,1,3,3,0,0,0,0,8,3,256,13367.0,0,1,0,0,0,0,1,0,0,0,CNN,0,pyrat,UNSAT,3.4595770835876465,solved,600.0
pb_cnn_14,sweep_all,synthetic,Paired-Biases,sweep_all::pb_cnn_14,onnx,0.06414587795734406,13.259465516662187,0.925,6.391917113392602,28.579276199635622,0,48,10,2968,8,1,3,3,0,0,0,0,8,3,256,13367.0,0,1,0,0,0,0,1,0,0,0,CNN,0,abcrown,TIMEOUT,600.1408040523529,timeout,600.0
pb_cnn_14,sweep_all,synthetic,Paired-Biases,sweep_all::pb_cnn_14,onnx,0.06414587795734406,13.259465516662187,0.925,6.391917113392602,28.579276199635622,0,48,10,2968,8,1,3,3,0,0,0,0,8,3,256,13367.0,0,1,0,0,0,0,1,0,0,0,CNN,0,neuralsat,TIMEOUT,600.7546033859253,timeout,600.0
pb_cnn_14,sweep_all,synthetic,Paired-Biases,sweep_all::pb_cnn_14,onnx,0.06414587795734406,13.259465516662187,0.925,6.391917113392602,28.579276199635622,0,48,10,2968,8,1,3,3,0,0,0,0,8,3,256,13367.0,0,1,0,0,0,0,1,0,0,0,CNN,0,marabou,TIMEOUT,600.0169088840485,timeout,600.0
pb_cnn_14,sweep_all,synthetic,Paired-Biases,sweep_all::pb_cnn_14,onnx,0.06414587795734406,13.259465516662187,0.925,6.391917113392602,28.579276199635622,0,48,10,2968,8,1,3,3,0,0,0,0,8,3,256,13367.0,0,1,0,0,0,0,1,0,0,0,CNN,0,nnenum,TIMEOUT,600.0580141544342,timeout,600.0
pb_cnn_14,sweep_all,synthetic,Paired-Biases,sweep_all::pb_cnn_14,onnx,0.06414587795734406,13.259465516662187,0.925,6.391917113392602,28.579276199635622,0,48,10,2968,8,1,3,3,0,0,0,0,8,3,256,13367.0,0,1,0,0,0,0,1,0,0,0,CNN,0,pyrat,UNSAT,23.166899919509888,solved,600.0
pb_cnn_15,sweep_all,synthetic,Paired-Biases,sweep_all::pb_cnn_15,onnx,0.015087593346834183,56.36961292649054,0.925,6.39024066706535,28.71286558062397,0,48,10,2968,8,1,3,3,0,0,0,0,8,3,256,13367.0,0,1,0,0,0,0,1,0,0,0,CNN,0,abcrown,TIMEOUT,600.1387887001038,timeout,600.0
pb_cnn_15,sweep_all,synthetic,Paired-Biases,sweep_all::pb_cnn_15,onnx,0.015087593346834183,56.36961292649054,0.925,6.39024066706535,28.71286558062397,0,48,10,2968,8,1,3,3,0,0,0,0,8,3,256,13367.0,0,1,0,0,0,0,1,0,0,0,CNN,0,neuralsat,TIMEOUT,600.6992826461792,timeout,600.0
pb_cnn_15,sweep_all,synthetic,Paired-Biases,sweep_all::pb_cnn_15,onnx,0.015087593346834183,56.36961292649054,0.925,6.39024066706535,28.71286558062397,0,48,10,2968,8,1,3,3,0,0,0,0,8,3,256,13367.0,0,1,0,0,0,0,1,0,0,0,CNN,0,marabou,TIMEOUT,600.0172576904297,timeout,600.0
pb_cnn_15,sweep_all,synthetic,Paired-Biases,sweep_all::pb_cnn_15,onnx,0.015087593346834183,56.36961292649054,0.925,6.39024066706535,28.71286558062397,0,48,10,2968,8,1,3,3,0,0,0,0,8,3,256,13367.0,0,1,0,0,0,0,1,0,0,0,CNN,0,nnenum,TIMEOUT,600.0162949562073,timeout,600.0
pb_cnn_15,sweep_all,synthetic,Paired-Biases,sweep_all::pb_cnn_15,onnx,0.015087593346834183,56.36961292649054,0.925,6.39024066706535,28.71286558062397,0,48,10,2968,8,1,3,3,0,0,0,0,8,3,256,13367.0,0,1,0,0,0,0,1,0,0,0,CNN,0,pyrat,TIMEOUT,600.033634185791,timeout,600.0
pb_cnn_16,sweep_all,synthetic,Paired-Biases,sweep_all::pb_cnn_16,onnx,1.0249695777893066,1.091642564351764,0.875,6.396929655216146,30.050370715106155,0,48,10,2968,8,1,3,3,0,0,0,0,8,3,256,13367.0,0,1,0,0,0,0,1,0,0,0,CNN,0,abcrown,UNSAT,55.22098350524902,solved,600.0
pb_cnn_16,sweep_all,synthetic,Paired-Biases,sweep_all::pb_cnn_16,onnx,1.0249695777893066,1.091642564351764,0.875,6.396929655216146,30.050370715106155,0,48,10,2968,8,1,3,3,0,0,0,0,8,3,256,13367.0,0,1,0,0,0,0,1,0,0,0,CNN,0,neuralsat,UNSAT,58.97115182876587,solved,600.0
pb_cnn_16,sweep_all,synthetic,Paired-Biases,sweep_all::pb_cnn_16,onnx,1.0249695777893066,1.091642564351764,0.875,6.396929655216146,30.050370715106155,0,48,10,2968,8,1,3,3,0,0,0,0,8,3,256,13367.0,0,1,0,0,0,0,1,0,0,0,CNN,0,marabou,UNSAT,0.15362167358398438,solved,600.0
pb_cnn_16,sweep_all,synthetic,Paired-Biases,sweep_all::pb_cnn_16,onnx,1.0249695777893066,1.091642564351764,0.875,6.396929655216146,30.050370715106155,0,48,10,2968,8,1,3,3,0,0,0,0,8,3,256,13367.0,0,1,0,0,0,0,1,0,0,0,CNN,0,nnenum,UNSAT,2.436782121658325,solved,600.0
pb_cnn_16,sweep_all,synthetic,Paired-Biases,sweep_all::pb_cnn_16,onnx,1.0249695777893066,1.091642564351764,0.875,6.396929655216146,30.050370715106155,0,48,10,2968,8,1,3,3,0,0,0,0,8,3,256,13367.0,0,1,0,0,0,0,1,0,0,0,CNN,0,pyrat,UNSAT,4.5064990520477295,solved,600.0
pb_cnn_17,sweep_all,synthetic,Paired-Biases,sweep_all::pb_cnn_17,onnx,0.5250288248062134,2.1312347292728844,0.875,6.395261598115449,30.48602312066343,0,48,10,2968,8,1,3,3,0,0,0,0,8,3,256,13367.0,0,1,0,0,0,0,1,0,0,0,CNN,0,abcrown,UNSAT,40.29562497138977,solved,600.0
pb_cnn_17,sweep_all,synthetic,Paired-Biases,sweep_all::pb_cnn_17,onnx,0.5250288248062134,2.1312347292728844,0.875,6.395261598115449,30.48602312066343,0,48,10,2968,8,1,3,3,0,0,0,0,8,3,256,13367.0,0,1,0,0,0,0,1,0,0,0,CNN,0,neuralsat,UNSAT,103.08216309547424,solved,600.0
pb_cnn_17,sweep_all,synthetic,Paired-Biases,sweep_all::pb_cnn_17,onnx,0.5250288248062134,2.1312347292728844,0.875,6.395261598115449,30.48602312066343,0,48,10,2968,8,1,3,3,0,0,0,0,8,3,256,13367.0,0,1,0,0,0,0,1,0,0,0,CNN,0,marabou,UNSAT,0.16782259941101074,solved,600.0
pb_cnn_17,sweep_all,synthetic,Paired-Biases,sweep_all::pb_cnn_17,onnx,0.5250288248062134,2.1312347292728844,0.875,6.395261598115449,30.48602312066343,0,48,10,2968,8,1,3,3,0,0,0,0,8,3,256,13367.0,0,1,0,0,0,0,1,0,0,0,CNN,0,nnenum,UNSAT,1.8321120738983154,solved,600.0
pb_cnn_17,sweep_all,synthetic,Paired-Biases,sweep_all::pb_cnn_17,onnx,0.5250288248062134,2.1312347292728844,0.875,6.395261598115449,30.48602312066343,0,48,10,2968,8,1,3,3,0,0,0,0,8,3,256,13367.0,0,1,0,0,0,0,1,0,0,0,CNN,0,pyrat,UNSAT,3.6779263019561768,solved,600.0
pb_cnn_18,sweep_all,synthetic,Paired-Biases,sweep_all::pb_cnn_18,onnx,0.12484675645828247,8.961206561049515,0.875,6.395261598115449,30.377197426915753,0,48,10,2968,8,1,3,3,0,0,0,0,8,3,256,13367.0,0,1,0,0,0,0,1,0,0,0,CNN,0,abcrown,UNSAT,36.07396459579468,solved,600.0
pb_cnn_18,sweep_all,synthetic,Paired-Biases,sweep_all::pb_cnn_18,onnx,0.12484675645828247,8.961206561049515,0.875,6.395261598115449,30.377197426915753,0,48,10,2968,8,1,3,3,0,0,0,0,8,3,256,13367.0,0,1,0,0,0,0,1,0,0,0,CNN,0,neuralsat,UNSAT,72.87834119796753,solved,600.0
pb_cnn_18,sweep_all,synthetic,Paired-Biases,sweep_all::pb_cnn_18,onnx,0.12484675645828247,8.961206561049515,0.875,6.395261598115449,30.377197426915753,0,48,10,2968,8,1,3,3,0,0,0,0,8,3,256,13367.0,0,1,0,0,0,0,1,0,0,0,CNN,0,marabou,UNSAT,0.12985873222351074,solved,600.0
pb_cnn_18,sweep_all,synthetic,Paired-Biases,sweep_all::pb_cnn_18,onnx,0.12484675645828247,8.961206561049515,0.875,6.395261598115449,30.377197426915753,0,48,10,2968,8,1,3,3,0,0,0,0,8,3,256,13367.0,0,1,0,0,0,0,1,0,0,0,CNN,0,nnenum,UNSAT,1.811518907546997,solved,600.0
pb_cnn_18,sweep_all,synthetic,Paired-Biases,sweep_all::pb_cnn_18,onnx,0.12484675645828247,8.961206561049515,0.875,6.395261598115449,30.377197426915753,0,48,10,2968,8,1,3,3,0,0,0,0,8,3,256,13367.0,0,1,0,0,0,0,1,0,0,0,CNN,0,pyrat,UNSAT,3.48702073097229,solved,600.0
pb_cnn_19,sweep_all,synthetic,Paired-Biases,sweep_all::pb_cnn_19,onnx,0.07493041455745697,14.93200470498587,0.875,6.396929655216146,30.26763291011414,0,48,10,2968,8,1,3,3,0,0,0,0,8,3,256,13367.0,0,1,0,0,0,0,1,0,0,0,CNN,0,abcrown,UNSAT,390.20637035369873,solved,600.0
pb_cnn_19,sweep_all,synthetic,Paired-Biases,sweep_all::pb_cnn_19,onnx,0.07493041455745697,14.93200470498587,0.875,6.396929655216146,30.26763291011414,0,48,10,2968,8,1,3,3,0,0,0,0,8,3,256,13367.0,0,1,0,0,0,0,1,0,0,0,CNN,0,neuralsat,TIMEOUT,600.6772451400757,timeout,600.0
pb_cnn_19,sweep_all,synthetic,Paired-Biases,sweep_all::pb_cnn_19,onnx,0.07493041455745697,14.93200470498587,0.875,6.396929655216146,30.26763291011414,0,48,10,2968,8,1,3,3,0,0,0,0,8,3,256,13367.0,0,1,0,0,0,0,1,0,0,0,CNN,0,marabou,TIMEOUT,600.0071911811829,timeout,600.0
pb_cnn_19,sweep_all,synthetic,Paired-Biases,sweep_all::pb_cnn_19,onnx,0.07493041455745697,14.93200470498587,0.875,6.396929655216146,30.26763291011414,0,48,10,2968,8,1,3,3,0,0,0,0,8,3,256,13367.0,0,1,0,0,0,0,1,0,0,0,CNN,0,nnenum,UNSAT,209.7718300819397,solved,600.0
pb_cnn_19,sweep_all,synthetic,Paired-Biases,sweep_all::pb_cnn_19,onnx,0.07493041455745697,14.93200470498587,0.875,6.396929655216146,30.26763291011414,0,48,10,2968,8,1,3,3,0,0,0,0,8,3,256,13367.0,0,1,0,0,0,0,1,0,0,0,CNN,0,pyrat,UNSAT,3.9647679328918457,solved,600.0
pb_cnn_20,sweep_all,synthetic,Paired-Biases,sweep_all::pb_cnn_20,onnx,0.02582298405468464,43.323954172159695,0.875,6.396929655216146,30.18135161022265,0,48,10,2968,8,1,3,3,0,0,0,0,8,3,256,13367.0,0,1,0,0,0,0,1,0,0,0,CNN,0,abcrown,TIMEOUT,600.1495633125305,timeout,600.0
pb_cnn_20,sweep_all,synthetic,Paired-Biases,sweep_all::pb_cnn_20,onnx,0.02582298405468464,43.323954172159695,0.875,6.396929655216146,30.18135161022265,0,48,10,2968,8,1,3,3,0,0,0,0,8,3,256,13367.0,0,1,0,0,0,0,1,0,0,0,CNN,0,neuralsat,TIMEOUT,600.6873452663422,timeout,600.0
pb_cnn_20,sweep_all,synthetic,Paired-Biases,sweep_all::pb_cnn_20,onnx,0.02582298405468464,43.323954172159695,0.875,6.396929655216146,30.18135161022265,0,48,10,2968,8,1,3,3,0,0,0,0,8,3,256,13367.0,0,1,0,0,0,0,1,0,0,0,CNN,0,marabou,TIMEOUT,600.0142030715942,timeout,600.0
pb_cnn_20,sweep_all,synthetic,Paired-Biases,sweep_all::pb_cnn_20,onnx,0.02582298405468464,43.323954172159695,0.875,6.396929655216146,30.18135161022265,0,48,10,2968,8,1,3,3,0,0,0,0,8,3,256,13367.0,0,1,0,0,0,0,1,0,0,0,CNN,0,nnenum,TIMEOUT,600.0160839557648,timeout,600.0
pb_cnn_20,sweep_all,synthetic,Paired-Biases,sweep_all::pb_cnn_20,onnx,0.02582298405468464,43.323954172159695,0.875,6.396929655216146,30.18135161022265,0,48,10,2968,8,1,3,3,0,0,0,0,8,3,256,13367.0,0,1,0,0,0,0,1,0,0,0,CNN,0,pyrat,TIMEOUT,600.0699231624603,timeout,600.0
pb_cnn_21,sweep_all,synthetic,Paired-Biases,sweep_all::pb_cnn_21,onnx,0.10301987081766129,8.34221719625957,0.925,6.343880434126331,28.534010291300763,0,48,10,2968,8,1,3,3,0,0,0,0,8,3,256,13367.0,0,1,0,0,0,0,1,0,0,0,CNN,0,abcrown,UNSAT,66.8030252456665,solved,600.0
pb_cnn_21,sweep_all,synthetic,Paired-Biases,sweep_all::pb_cnn_21,onnx,0.10301987081766129,8.34221719625957,0.925,6.343880434126331,28.534010291300763,0,48,10,2968,8,1,3,3,0,0,0,0,8,3,256,13367.0,0,1,0,0,0,0,1,0,0,0,CNN,0,neuralsat,UNSAT,237.37106847763062,solved,600.0
pb_cnn_21,sweep_all,synthetic,Paired-Biases,sweep_all::pb_cnn_21,onnx,0.10301987081766129,8.34221719625957,0.925,6.343880434126331,28.534010291300763,0,48,10,2968,8,1,3,3,0,0,0,0,8,3,256,13367.0,0,1,0,0,0,0,1,0,0,0,CNN,0,marabou,UNSAT,1.2721452713012695,solved,600.0
pb_cnn_21,sweep_all,synthetic,Paired-Biases,sweep_all::pb_cnn_21,onnx,0.10301987081766129,8.34221719625957,0.925,6.343880434126331,28.534010291300763,0,48,10,2968,8,1,3,3,0,0,0,0,8,3,256,13367.0,0,1,0,0,0,0,1,0,0,0,CNN,0,nnenum,TIMEOUT,600.0038871765137,timeout,600.0
pb_cnn_21,sweep_all,synthetic,Paired-Biases,sweep_all::pb_cnn_21,onnx,0.10301987081766129,8.34221719625957,0.925,6.343880434126331,28.534010291300763,0,48,10,2968,8,1,3,3,0,0,0,0,8,3,256,13367.0,0,1,0,0,0,0,1,0,0,0,CNN,0,pyrat,UNSAT,4.56089186668396,solved,600.0
pb_cnn_22,sweep_all,synthetic,Paired-Biases,sweep_all::pb_cnn_22,onnx,0.1055566743016243,8.11839660366133,0.925,6.375024819828097,28.737581788864738,0,48,10,2968,8,1,3,3,0,0,0,0,8,3,256,13367.0,0,1,0,0,0,0,1,0,0,0,CNN,0,abcrown,UNSAT,61.550108909606934,solved,600.0
pb_cnn_22,sweep_all,synthetic,Paired-Biases,sweep_all::pb_cnn_22,onnx,0.1055566743016243,8.11839660366133,0.925,6.375024819828097,28.737581788864738,0,48,10,2968,8,1,3,3,0,0,0,0,8,3,256,13367.0,0,1,0,0,0,0,1,0,0,0,CNN,0,neuralsat,UNSAT,209.45418000221252,solved,600.0
pb_cnn_22,sweep_all,synthetic,Paired-Biases,sweep_all::pb_cnn_22,onnx,0.1055566743016243,8.11839660366133,0.925,6.375024819828097,28.737581788864738,0,48,10,2968,8,1,3,3,0,0,0,0,8,3,256,13367.0,0,1,0,0,0,0,1,0,0,0,CNN,0,marabou,UNSAT,1.4070298671722412,solved,600.0
pb_cnn_22,sweep_all,synthetic,Paired-Biases,sweep_all::pb_cnn_22,onnx,0.1055566743016243,8.11839660366133,0.925,6.375024819828097,28.737581788864738,0,48,10,2968,8,1,3,3,0,0,0,0,8,3,256,13367.0,0,1,0,0,0,0,1,0,0,0,CNN,0,nnenum,TIMEOUT,600.010143995285,timeout,600.0
pb_cnn_22,sweep_all,synthetic,Paired-Biases,sweep_all::pb_cnn_22,onnx,0.1055566743016243,8.11839660366133,0.925,6.375024819828097,28.737581788864738,0,48,10,2968,8,1,3,3,0,0,0,0,8,3,256,13367.0,0,1,0,0,0,0,1,0,0,0,CNN,0,pyrat,UNSAT,3.4053311347961426,solved,600.0
pb_cnn_23,sweep_all,synthetic,Paired-Biases,sweep_all::pb_cnn_23,onnx,0.11405444145202637,7.456514604463668,0.925,6.393590753950631,28.794371154979498,0,48,10,2968,8,1,3,3,0,0,0,0,8,3,256,13367.0,0,1,0,0,0,0,1,0,0,0,CNN,0,abcrown,UNSAT,49.64501905441284,solved,600.0
pb_cnn_23,sweep_all,synthetic,Paired-Biases,sweep_all::pb_cnn_23,onnx,0.11405444145202637,7.456514604463668,0.925,6.393590753950631,28.794371154979498,0,48,10,2968,8,1,3,3,0,0,0,0,8,3,256,13367.0,0,1,0,0,0,0,1,0,0,0,CNN,0,neuralsat,UNSAT,87.84225130081177,solved,600.0
pb_cnn_23,sweep_all,synthetic,Paired-Biases,sweep_all::pb_cnn_23,onnx,0.11405444145202637,7.456514604463668,0.925,6.393590753950631,28.794371154979498,0,48,10,2968,8,1,3,3,0,0,0,0,8,3,256,13367.0,0,1,0,0,0,0,1,0,0,0,CNN,0,marabou,UNSAT,0.1103980541229248,solved,600.0
pb_cnn_23,sweep_all,synthetic,Paired-Biases,sweep_all::pb_cnn_23,onnx,0.11405444145202637,7.456514604463668,0.925,6.393590753950631,28.794371154979498,0,48,10,2968,8,1,3,3,0,0,0,0,8,3,256,13367.0,0,1,0,0,0,0,1,0,0,0,CNN,0,nnenum,UNSAT,22.006813764572144,solved,600.0
pb_cnn_23,sweep_all,synthetic,Paired-Biases,sweep_all::pb_cnn_23,onnx,0.11405444145202637,7.456514604463668,0.925,6.393590753950631,28.794371154979498,0,48,10,2968,8,1,3,3,0,0,0,0,8,3,256,13367.0,0,1,0,0,0,0,1,0,0,0,CNN,0,pyrat,UNSAT,3.24403715133667,solved,600.0
pb_cnn_24,sweep_all,synthetic,Paired-Biases,sweep_all::pb_cnn_24,onnx,0.12897007167339325,6.516308137351576,0.9125,6.386879319362645,28.60273275372249,0,48,10,2968,8,1,3,3,0,0,0,0,8,3,256,13367.0,0,1,0,0,0,0,1,0,0,0,CNN,0,abcrown,UNSAT,47.74003005027771,solved,600.0
pb_cnn_24,sweep_all,synthetic,Paired-Biases,sweep_all::pb_cnn_24,onnx,0.12897007167339325,6.516308137351576,0.9125,6.386879319362645,28.60273275372249,0,48,10,2968,8,1,3,3,0,0,0,0,8,3,256,13367.0,0,1,0,0,0,0,1,0,0,0,CNN,0,neuralsat,UNSAT,85.75031065940857,solved,600.0
pb_cnn_24,sweep_all,synthetic,Paired-Biases,sweep_all::pb_cnn_24,onnx,0.12897007167339325,6.516308137351576,0.9125,6.386879319362645,28.60273275372249,0,48,10,2968,8,1,3,3,0,0,0,0,8,3,256,13367.0,0,1,0,0,0,0,1,0,0,0,CNN,0,marabou,UNSAT,0.13069868087768555,solved,600.0
pb_cnn_24,sweep_all,synthetic,Paired-Biases,sweep_all::pb_cnn_24,onnx,0.12897007167339325,6.516308137351576,0.9125,6.386879319362645,28.60273275372249,0,48,10,2968,8,1,3,3,0,0,0,0,8,3,256,13367.0,0,1,0,0,0,0,1,0,0,0,CNN,0,nnenum,UNSAT,2.2094459533691406,solved,600.0
pb_cnn_24,sweep_all,synthetic,Paired-Biases,sweep_all::pb_cnn_24,onnx,0.12897007167339325,6.516308137351576,0.9125,6.386879319362645,28.60273275372249,0,48,10,2968,8,1,3,3,0,0,0,0,8,3,256,13367.0,0,1,0,0,0,0,1,0,0,0,CNN,0,pyrat,UNSAT,3.4861390590667725,solved,600.0
pb_cnn_25,sweep_all,synthetic,Paired-Biases,sweep_all::pb_cnn_25,onnx,0.16176484525203705,5.0927134711782935,0.903125,6.327936783729195,27.217480870199733,0,48,10,2968,8,1,3,3,0,0,0,0,8,3,256,13367.0,0,1,0,0,0,0,1,0,0,0,CNN,0,abcrown,UNSAT,48.39707136154175,solved,600.0
pb_cnn_25,sweep_all,synthetic,Paired-Biases,sweep_all::pb_cnn_25,onnx,0.16176484525203705,5.0927134711782935,0.903125,6.327936783729195,27.217480870199733,0,48,10,2968,8,1,3,3,0,0,0,0,8,3,256,13367.0,0,1,0,0,0,0,1,0,0,0,CNN,0,neuralsat,UNSAT,97.47854089736938,solved,600.0
pb_cnn_25,sweep_all,synthetic,Paired-Biases,sweep_all::pb_cnn_25,onnx,0.16176484525203705,5.0927134711782935,0.903125,6.327936783729195,27.217480870199733,0,48,10,2968,8,1,3,3,0,0,0,0,8,3,256,13367.0,0,1,0,0,0,0,1,0,0,0,CNN,0,marabou,UNSAT,0.11315298080444336,solved,600.0
pb_cnn_25,sweep_all,synthetic,Paired-Biases,sweep_all::pb_cnn_25,onnx,0.16176484525203705,5.0927134711782935,0.903125,6.327936783729195,27.217480870199733,0,48,10,2968,8,1,3,3,0,0,0,0,8,3,256,13367.0,0,1,0,0,0,0,1,0,0,0,CNN,0,nnenum,UNSAT,1.8234009742736816,solved,600.0
pb_cnn_25,sweep_all,synthetic,Paired-Biases,sweep_all::pb_cnn_25,onnx,0.16176484525203705,5.0927134711782935,0.903125,6.327936783729195,27.217480870199733,0,48,10,2968,8,1,3,3,0,0,0,0,8,3,256,13367.0,0,1,0,0,0,0,1,0,0,0,CNN,0,pyrat,UNSAT,3.355745792388916,solved,600.0
pb_cnn_26,sweep_all,synthetic,Paired-Biases,sweep_all::pb_cnn_26,onnx,0.10496724396944046,10.66247380382241,0.875,6.396929655216146,29.063403980512696,0,48,10,2968,8,1,3,3,0,0,0,0,8,3,256,13367.0,0,1,0,0,0,0,1,0,0,0,CNN,0,abcrown,UNSAT,47.62604308128357,solved,600.0
pb_cnn_26,sweep_all,synthetic,Paired-Biases,sweep_all::pb_cnn_26,onnx,0.10496724396944046,10.66247380382241,0.875,6.396929655216146,29.063403980512696,0,48,10,2968,8,1,3,3,0,0,0,0,8,3,256,13367.0,0,1,0,0,0,0,1,0,0,0,CNN,0,neuralsat,UNSAT,98.24229598045349,solved,600.0
pb_cnn_26,sweep_all,synthetic,Paired-Biases,sweep_all::pb_cnn_26,onnx,0.10496724396944046,10.66247380382241,0.875,6.396929655216146,29.063403980512696,0,48,10,2968,8,1,3,3,0,0,0,0,8,3,256,13367.0,0,1,0,0,0,0,1,0,0,0,CNN,0,marabou,UNSAT,0.1596510410308838,solved,600.0
pb_cnn_26,sweep_all,synthetic,Paired-Biases,sweep_all::pb_cnn_26,onnx,0.10496724396944046,10.66247380382241,0.875,6.396929655216146,29.063403980512696,0,48,10,2968,8,1,3,3,0,0,0,0,8,3,256,13367.0,0,1,0,0,0,0,1,0,0,0,CNN,0,nnenum,UNSAT,5.401947975158691,solved,600.0
pb_cnn_26,sweep_all,synthetic,Paired-Biases,sweep_all::pb_cnn_26,onnx,0.10496724396944046,10.66247380382241,0.875,6.396929655216146,29.063403980512696,0,48,10,2968,8,1,3,3,0,0,0,0,8,3,256,13367.0,0,1,0,0,0,0,1,0,0,0,CNN,0,pyrat,UNSAT,4.420171022415161,solved,600.0
pb_cnn_27,sweep_all,synthetic,Paired-Biases,sweep_all::pb_cnn_27,onnx,0.10984830558300018,10.186897899265562,0.875,6.396929655216146,29.386281505107696,0,48,10,2968,8,1,3,3,0,0,0,0,8,3,256,13367.0,0,1,0,0,0,0,1,0,0,0,CNN,0,abcrown,UNSAT,47.874905586242676,solved,600.0
pb_cnn_27,sweep_all,synthetic,Paired-Biases,sweep_all::pb_cnn_27,onnx,0.10984830558300018,10.186897899265562,0.875,6.396929655216146,29.386281505107696,0,48,10,2968,8,1,3,3,0,0,0,0,8,3,256,13367.0,0,1,0,0,0,0,1,0,0,0,CNN,0,neuralsat,UNSAT,91.49835062026978,solved,600.0
pb_cnn_27,sweep_all,synthetic,Paired-Biases,sweep_all::pb_cnn_27,onnx,0.10984830558300018,10.186897899265562,0.875,6.396929655216146,29.386281505107696,0,48,10,2968,8,1,3,3,0,0,0,0,8,3,256,13367.0,0,1,0,0,0,0,1,0,0,0,CNN,0,marabou,UNSAT,0.11082983016967773,solved,600.0
pb_cnn_27,sweep_all,synthetic,Paired-Biases,sweep_all::pb_cnn_27,onnx,0.10984830558300018,10.186897899265562,0.875,6.396929655216146,29.386281505107696,0,48,10,2968,8,1,3,3,0,0,0,0,8,3,256,13367.0,0,1,0,0,0,0,1,0,0,0,CNN,0,nnenum,UNSAT,2.366894006729126,solved,600.0
pb_cnn_27,sweep_all,synthetic,Paired-Biases,sweep_all::pb_cnn_27,onnx,0.10984830558300018,10.186897899265562,0.875,6.396929655216146,29.386281505107696,0,48,10,2968,8,1,3,3,0,0,0,0,8,3,256,13367.0,0,1,0,0,0,0,1,0,0,0,CNN,0,pyrat,UNSAT,4.256605386734009,solved,600.0
pb_cnn_28,sweep_all,synthetic,Paired-Biases,sweep_all::pb_cnn_28,onnx,0.1251244693994522,8.94353671517586,0.875,6.396929655216146,30.557120803272078,0,48,10,2968,8,1,3,3,0,0,0,0,8,3,256,13367.0,0,1,0,0,0,0,1,0,0,0,CNN,0,abcrown,UNSAT,49.26461219787598,solved,600.0
pb_cnn_28,sweep_all,synthetic,Paired-Biases,sweep_all::pb_cnn_28,onnx,0.1251244693994522,8.94353671517586,0.875,6.396929655216146,30.557120803272078,0,48,10,2968,8,1,3,3,0,0,0,0,8,3,256,13367.0,0,1,0,0,0,0,1,0,0,0,CNN,0,neuralsat,UNSAT,95.57306385040283,solved,600.0
pb_cnn_28,sweep_all,synthetic,Paired-Biases,sweep_all::pb_cnn_28,onnx,0.1251244693994522,8.94353671517586,0.875,6.396929655216146,30.557120803272078,0,48,10,2968,8,1,3,3,0,0,0,0,8,3,256,13367.0,0,1,0,0,0,0,1,0,0,0,CNN,0,marabou,UNSAT,0.16847920417785645,solved,600.0
pb_cnn_28,sweep_all,synthetic,Paired-Biases,sweep_all::pb_cnn_28,onnx,0.1251244693994522,8.94353671517586,0.875,6.396929655216146,30.557120803272078,0,48,10,2968,8,1,3,3,0,0,0,0,8,3,256,13367.0,0,1,0,0,0,0,1,0,0,0,CNN,0,nnenum,UNSAT,2.478255271911621,solved,600.0
pb_cnn_28,sweep_all,synthetic,Paired-Biases,sweep_all::pb_cnn_28,onnx,0.1251244693994522,8.94353671517586,0.875,6.396929655216146,30.557120803272078,0,48,10,2968,8,1,3,3,0,0,0,0,8,3,256,13367.0,0,1,0,0,0,0,1,0,0,0,CNN,0,pyrat,UNSAT,3.5171310901641846,solved,600.0
pb_cnn_29,sweep_all,synthetic,Paired-Biases,sweep_all::pb_cnn_29,onnx,0.15077097713947296,7.423915867691927,0.878125,6.39024066706535,30.633007956091372,0,48,10,2968,8,1,3,3,0,0,0,0,8,3,256,13367.0,0,1,0,0,0,0,1,0,0,0,CNN,0,abcrown,UNSAT,49.96267008781433,solved,600.0
pb_cnn_29,sweep_all,synthetic,Paired-Biases,sweep_all::pb_cnn_29,onnx,0.15077097713947296,7.423915867691927,0.878125,6.39024066706535,30.633007956091372,0,48,10,2968,8,1,3,3,0,0,0,0,8,3,256,13367.0,0,1,0,0,0,0,1,0,0,0,CNN,0,neuralsat,UNSAT,84.27858304977417,solved,600.0
pb_cnn_29,sweep_all,synthetic,Paired-Biases,sweep_all::pb_cnn_29,onnx,0.15077097713947296,7.423915867691927,0.878125,6.39024066706535,30.633007956091372,0,48,10,2968,8,1,3,3,0,0,0,0,8,3,256,13367.0,0,1,0,0,0,0,1,0,0,0,CNN,0,marabou,UNSAT,0.1077427864074707,solved,600.0
pb_cnn_29,sweep_all,synthetic,Paired-Biases,sweep_all::pb_cnn_29,onnx,0.15077097713947296,7.423915867691927,0.878125,6.39024066706535,30.633007956091372,0,48,10,2968,8,1,3,3,0,0,0,0,8,3,256,13367.0,0,1,0,0,0,0,1,0,0,0,CNN,0,nnenum,UNSAT,2.023371934890747,solved,600.0
pb_cnn_29,sweep_all,synthetic,Paired-Biases,sweep_all::pb_cnn_29,onnx,0.15077097713947296,7.423915867691927,0.878125,6.39024066706535,30.633007956091372,0,48,10,2968,8,1,3,3,0,0,0,0,8,3,256,13367.0,0,1,0,0,0,0,1,0,0,0,CNN,0,pyrat,UNSAT,3.7177908420562744,solved,600.0
pb_cnn_30,sweep_all,synthetic,Paired-Biases,sweep_all::pb_cnn_30,onnx,0.20334160327911377,5.516683834033253,0.871875,6.3784261836515865,30.8595101865516,0,48,10,2968,8,1,3,3,0,0,0,0,8,3,256,13367.0,0,1,0,0,0,0,1,0,0,0,CNN,0,abcrown,UNSAT,49.18601202964783,solved,600.0
pb_cnn_30,sweep_all,synthetic,Paired-Biases,sweep_all::pb_cnn_30,onnx,0.20334160327911377,5.516683834033253,0.871875,6.3784261836515865,30.8595101865516,0,48,10,2968,8,1,3,3,0,0,0,0,8,3,256,13367.0,0,1,0,0,0,0,1,0,0,0,CNN,0,neuralsat,UNSAT,65.92096877098083,solved,600.0
pb_cnn_30,sweep_all,synthetic,Paired-Biases,sweep_all::pb_cnn_30,onnx,0.20334160327911377,5.516683834033253,0.871875,6.3784261836515865,30.8595101865516,0,48,10,2968,8,1,3,3,0,0,0,0,8,3,256,13367.0,0,1,0,0,0,0,1,0,0,0,CNN,0,marabou,UNSAT,0.14322185516357422,solved,600.0
pb_cnn_30,sweep_all,synthetic,Paired-Biases,sweep_all::pb_cnn_30,onnx,0.20334160327911377,5.516683834033253,0.871875,6.3784261836515865,30.8595101865516,0,48,10,2968,8,1,3,3,0,0,0,0,8,3,256,13367.0,0,1,0,0,0,0,1,0,0,0,CNN,0,nnenum,UNSAT,2.3958160877227783,solved,600.0
pb_cnn_30,sweep_all,synthetic,Paired-Biases,sweep_all::pb_cnn_30,onnx,0.20334160327911377,5.516683834033253,0.871875,6.3784261836515865,30.8595101865516,0,48,10,2968,8,1,3,3,0,0,0,0,8,3,256,13367.0,0,1,0,0,0,0,1,0,0,0,CNN,0,pyrat,UNSAT,3.7706589698791504,solved,600.0
pb_cnn_31,sweep_all,synthetic,Paired-Biases,sweep_all::pb_cnn_31,onnx,0.11929044127464294,4.248987251892631,0.8576388888888888,6.396929655216146,27.4726077759431,0,48,10,2930,6,1,2,2,0,0,0,0,6,2,256,12810.0,0,1,0,0,0,0,1,0,0,0,CNN,0,abcrown,UNSAT,48.07004380226135,solved,600.0
pb_cnn_31,sweep_all,synthetic,Paired-Biases,sweep_all::pb_cnn_31,onnx,0.11929044127464294,4.248987251892631,0.8576388888888888,6.396929655216146,27.4726077759431,0,48,10,2930,6,1,2,2,0,0,0,0,6,2,256,12810.0,0,1,0,0,0,0,1,0,0,0,CNN,0,neuralsat,UNSAT,85.96608853340149,solved,600.0
pb_cnn_31,sweep_all,synthetic,Paired-Biases,sweep_all::pb_cnn_31,onnx,0.11929044127464294,4.248987251892631,0.8576388888888888,6.396929655216146,27.4726077759431,0,48,10,2930,6,1,2,2,0,0,0,0,6,2,256,12810.0,0,1,0,0,0,0,1,0,0,0,CNN,0,marabou,UNSAT,0.08937382698059082,solved,600.0
pb_cnn_31,sweep_all,synthetic,Paired-Biases,sweep_all::pb_cnn_31,onnx,0.11929044127464294,4.248987251892631,0.8576388888888888,6.396929655216146,27.4726077759431,0,48,10,2930,6,1,2,2,0,0,0,0,6,2,256,12810.0,0,1,0,0,0,0,1,0,0,0,CNN,0,nnenum,UNSAT,2.321104049682617,solved,600.0
pb_cnn_31,sweep_all,synthetic,Paired-Biases,sweep_all::pb_cnn_31,onnx,0.11929044127464294,4.248987251892631,0.8576388888888888,6.396929655216146,27.4726077759431,0,48,10,2930,6,1,2,2,0,0,0,0,6,2,256,12810.0,0,1,0,0,0,0,1,0,0,0,CNN,0,pyrat,UNSAT,3.668743848800659,solved,600.0
pb_cnn_32,sweep_all,synthetic,Paired-Biases,sweep_all::pb_cnn_32,onnx,0.11414439976215363,7.451426162592365,0.925,6.396929655216146,28.69564428013545,0,48,10,2968,8,1,3,3,0,0,0,0,8,3,256,13367.0,0,1,0,0,0,0,1,0,0,0,CNN,0,abcrown,UNSAT,49.50584864616394,solved,600.0
pb_cnn_32,sweep_all,synthetic,Paired-Biases,sweep_all::pb_cnn_32,onnx,0.11414439976215363,7.451426162592365,0.925,6.396929655216146,28.69564428013545,0,48,10,2968,8,1,3,3,0,0,0,0,8,3,256,13367.0,0,1,0,0,0,0,1,0,0,0,CNN,0,neuralsat,UNSAT,87.87841820716858,solved,600.0
pb_cnn_32,sweep_all,synthetic,Paired-Biases,sweep_all::pb_cnn_32,onnx,0.11414439976215363,7.451426162592365,0.925,6.396929655216146,28.69564428013545,0,48,10,2968,8,1,3,3,0,0,0,0,8,3,256,13367.0,0,1,0,0,0,0,1,0,0,0,CNN,0,marabou,UNSAT,0.15840625762939453,solved,600.0
pb_cnn_32,sweep_all,synthetic,Paired-Biases,sweep_all::pb_cnn_32,onnx,0.11414439976215363,7.451426162592365,0.925,6.396929655216146,28.69564428013545,0,48,10,2968,8,1,3,3,0,0,0,0,8,3,256,13367.0,0,1,0,0,0,0,1,0,0,0,CNN,0,nnenum,UNSAT,22.823406219482422,solved,600.0
pb_cnn_32,sweep_all,synthetic,Paired-Biases,sweep_all::pb_cnn_32,onnx,0.11414439976215363,7.451426162592365,0.925,6.396929655216146,28.69564428013545,0,48,10,2968,8,1,3,3,0,0,0,0,8,3,256,13367.0,0,1,0,0,0,0,1,0,0,0,CNN,0,pyrat,UNSAT,3.705457925796509,solved,600.0
pb_cnn_33,sweep_all,synthetic,Paired-Biases,sweep_all::pb_cnn_33,onnx,0.12343928962945938,9.204174606469563,0.9488636363636364,6.359573868672378,28.210334881534756,0,48,10,3006,10,1,4,4,0,0,0,0,10,4,256,13924.0,0,1,0,0,0,0,1,0,0,0,CNN,0,abcrown,UNSAT,67.89401531219482,solved,600.0
pb_cnn_33,sweep_all,synthetic,Paired-Biases,sweep_all::pb_cnn_33,onnx,0.12343928962945938,9.204174606469563,0.9488636363636364,6.359573868672378,28.210334881534756,0,48,10,3006,10,1,4,4,0,0,0,0,10,4,256,13924.0,0,1,0,0,0,0,1,0,0,0,CNN,0,neuralsat,UNSAT,288.55443120002747,solved,600.0
pb_cnn_33,sweep_all,synthetic,Paired-Biases,sweep_all::pb_cnn_33,onnx,0.12343928962945938,9.204174606469563,0.9488636363636364,6.359573868672378,28.210334881534756,0,48,10,3006,10,1,4,4,0,0,0,0,10,4,256,13924.0,0,1,0,0,0,0,1,0,0,0,CNN,0,marabou,UNSAT,0.1349179744720459,solved,600.0
pb_cnn_33,sweep_all,synthetic,Paired-Biases,sweep_all::pb_cnn_33,onnx,0.12343928962945938,9.204174606469563,0.9488636363636364,6.359573868672378,28.210334881534756,0,48,10,3006,10,1,4,4,0,0,0,0,10,4,256,13924.0,0,1,0,0,0,0,1,0,0,0,CNN,0,nnenum,TIMEOUT,600.0147929191589,timeout,600.0
pb_cnn_33,sweep_all,synthetic,Paired-Biases,sweep_all::pb_cnn_33,onnx,0.12343928962945938,9.204174606469563,0.9488636363636364,6.359573868672378,28.210334881534756,0,48,10,3006,10,1,4,4,0,0,0,0,10,4,256,13924.0,0,1,0,0,0,0,1,0,0,0,CNN,0,pyrat,UNSAT,4.1149210929870605,solved,600.0
pb_cnn_34,sweep_all,synthetic,Paired-Biases,sweep_all::pb_cnn_34,onnx,0.12499966472387314,30.87327005225471,0.9270833333333334,6.396929655216146,30.84512351385203,0,48,10,3044,12,1,5,5,0,0,0,0,12,5,256,14481.0,0,1,0,0,0,0,1,0,0,0,CNN,0,abcrown,UNSAT,52.697962522506714,solved,600.0
pb_cnn_34,sweep_all,synthetic,Paired-Biases,sweep_all::pb_cnn_34,onnx,0.12499966472387314,30.87327005225471,0.9270833333333334,6.396929655216146,30.84512351385203,0,48,10,3044,12,1,5,5,0,0,0,0,12,5,256,14481.0,0,1,0,0,0,0,1,0,0,0,CNN,0,neuralsat,UNSAT,111.83025979995728,solved,600.0
pb_cnn_34,sweep_all,synthetic,Paired-Biases,sweep_all::pb_cnn_34,onnx,0.12499966472387314,30.87327005225471,0.9270833333333334,6.396929655216146,30.84512351385203,0,48,10,3044,12,1,5,5,0,0,0,0,12,5,256,14481.0,0,1,0,0,0,0,1,0,0,0,CNN,0,marabou,UNSAT,0.20232009887695312,solved,600.0
pb_cnn_34,sweep_all,synthetic,Paired-Biases,sweep_all::pb_cnn_34,onnx,0.12499966472387314,30.87327005225471,0.9270833333333334,6.396929655216146,30.84512351385203,0,48,10,3044,12,1,5,5,0,0,0,0,12,5,256,14481.0,0,1,0,0,0,0,1,0,0,0,CNN,0,nnenum,UNSAT,2.4431228637695312,solved,600.0
pb_cnn_34,sweep_all,synthetic,Paired-Biases,sweep_all::pb_cnn_34,onnx,0.12499966472387314,30.87327005225471,0.9270833333333334,6.396929655216146,30.84512351385203,0,48,10,3044,12,1,5,5,0,0,0,0,12,5,256,14481.0,0,1,0,0,0,0,1,0,0,0,CNN,0,pyrat,UNSAT,3.932561159133911,solved,600.0
pb_cnn_35,sweep_all,synthetic,Paired-Biases,sweep_all::pb_cnn_35,onnx,0.12196370959281921,6.142929262149557,0.7569444444444444,6.393590753950631,27.99785421425675,0,48,10,2930,6,1,2,2,0,0,0,0,6,2,256,12810.0,0,1,0,0,0,0,1,0,0,0,CNN,0,abcrown,UNSAT,46.805909633636475,solved,600.0
pb_cnn_35,sweep_all,synthetic,Paired-Biases,sweep_all::pb_cnn_35,onnx,0.12196370959281921,6.142929262149557,0.7569444444444444,6.393590753950631,27.99785421425675,0,48,10,2930,6,1,2,2,0,0,0,0,6,2,256,12810.0,0,1,0,0,0,0,1,0,0,0,CNN,0,neuralsat,UNSAT,86.83051133155823,solved,600.0
pb_cnn_35,sweep_all,synthetic,Paired-Biases,sweep_all::pb_cnn_35,onnx,0.12196370959281921,6.142929262149557,0.7569444444444444,6.393590753950631,27.99785421425675,0,48,10,2930,6,1,2,2,0,0,0,0,6,2,256,12810.0,0,1,0,0,0,0,1,0,0,0,CNN,0,marabou,UNSAT,0.09370017051696777,solved,600.0
pb_cnn_35,sweep_all,synthetic,Paired-Biases,sweep_all::pb_cnn_35,onnx,0.12196370959281921,6.142929262149557,0.7569444444444444,6.393590753950631,27.99785421425675,0,48,10,2930,6,1,2,2,0,0,0,0,6,2,256,12810.0,0,1,0,0,0,0,1,0,0,0,CNN,0,nnenum,UNSAT,1.8080687522888184,solved,600.0
pb_cnn_35,sweep_all,synthetic,Paired-Biases,sweep_all::pb_cnn_35,onnx,0.12196370959281921,6.142929262149557,0.7569444444444444,6.393590753950631,27.99785421425675,0,48,10,2930,6,1,2,2,0,0,0,0,6,2,256,12810.0,0,1,0,0,0,0,1,0,0,0,CNN,0,pyrat,UNSAT,3.7234182357788086,solved,600.0
pb_cnn_36,sweep_all,synthetic,Paired-Biases,sweep_all::pb_cnn_36,onnx,0.12521634995937347,8.937707950790248,0.875,6.396929655216146,30.123601020289417,0,48,10,2968,8,1,3,3,0,0,0,0,8,3,256,13367.0,0,1,0,0,0,0,1,0,0,0,CNN,0,abcrown,UNSAT,47.06325364112854,solved,600.0
pb_cnn_36,sweep_all,synthetic,Paired-Biases,sweep_all::pb_cnn_36,onnx,0.12521634995937347,8.937707950790248,0.875,6.396929655216146,30.123601020289417,0,48,10,2968,8,1,3,3,0,0,0,0,8,3,256,13367.0,0,1,0,0,0,0,1,0,0,0,CNN,0,neuralsat,UNSAT,87.26224970817566,solved,600.0
pb_cnn_36,sweep_all,synthetic,Paired-Biases,sweep_all::pb_cnn_36,onnx,0.12521634995937347,8.937707950790248,0.875,6.396929655216146,30.123601020289417,0,48,10,2968,8,1,3,3,0,0,0,0,8,3,256,13367.0,0,1,0,0,0,0,1,0,0,0,CNN,0,marabou,UNSAT,0.1350691318511963,solved,600.0
pb_cnn_36,sweep_all,synthetic,Paired-Biases,sweep_all::pb_cnn_36,onnx,0.12521634995937347,8.937707950790248,0.875,6.396929655216146,30.123601020289417,0,48,10,2968,8,1,3,3,0,0,0,0,8,3,256,13367.0,0,1,0,0,0,0,1,0,0,0,CNN,0,nnenum,UNSAT,1.8646652698516846,solved,600.0
pb_cnn_36,sweep_all,synthetic,Paired-Biases,sweep_all::pb_cnn_36,onnx,0.12521634995937347,8.937707950790248,0.875,6.396929655216146,30.123601020289417,0,48,10,2968,8,1,3,3,0,0,0,0,8,3,256,13367.0,0,1,0,0,0,0,1,0,0,0,CNN,0,pyrat,UNSAT,3.428954839706421,solved,600.0
pb_cnn_37,sweep_all,synthetic,Paired-Biases,sweep_all::pb_cnn_37,onnx,0.11598328500986099,15.366086544537323,0.8778409090909091,6.386879319362645,29.95125955044466,0,48,10,3006,10,1,4,4,0,0,0,0,10,4,256,13924.0,0,1,0,0,0,0,1,0,0,0,CNN,0,abcrown,UNSAT,51.52095985412598,solved,600.0
pb_cnn_37,sweep_all,synthetic,Paired-Biases,sweep_all::pb_cnn_37,onnx,0.11598328500986099,15.366086544537323,0.8778409090909091,6.386879319362645,29.95125955044466,0,48,10,3006,10,1,4,4,0,0,0,0,10,4,256,13924.0,0,1,0,0,0,0,1,0,0,0,CNN,0,neuralsat,UNSAT,101.35453605651855,solved,600.0
pb_cnn_37,sweep_all,synthetic,Paired-Biases,sweep_all::pb_cnn_37,onnx,0.11598328500986099,15.366086544537323,0.8778409090909091,6.386879319362645,29.95125955044466,0,48,10,3006,10,1,4,4,0,0,0,0,10,4,256,13924.0,0,1,0,0,0,0,1,0,0,0,CNN,0,marabou,UNSAT,0.13031983375549316,solved,600.0
pb_cnn_37,sweep_all,synthetic,Paired-Biases,sweep_all::pb_cnn_37,onnx,0.11598328500986099,15.366086544537323,0.8778409090909091,6.386879319362645,29.95125955044466,0,48,10,3006,10,1,4,4,0,0,0,0,10,4,256,13924.0,0,1,0,0,0,0,1,0,0,0,CNN,0,nnenum,UNSAT,1.8183586597442627,solved,600.0
pb_cnn_37,sweep_all,synthetic,Paired-Biases,sweep_all::pb_cnn_37,onnx,0.11598328500986099,15.366086544537323,0.8778409090909091,6.386879319362645,29.95125955044466,0,48,10,3006,10,1,4,4,0,0,0,0,10,4,256,13924.0,0,1,0,0,0,0,1,0,0,0,CNN,0,pyrat,UNSAT,4.17334508895874,solved,600.0
pb_cnn_38,sweep_all,synthetic,Paired-Biases,sweep_all::pb_cnn_38,onnx,0.13124972581863403,24.614496787966893,0.8984375,6.396929655216146,30.609689825433012,0,48,10,3044,12,1,5,5,0,0,0,0,12,5,256,14481.0,0,1,0,0,0,0,1,0,0,0,CNN,0,abcrown,UNSAT,53.72061371803284,solved,600.0
pb_cnn_38,sweep_all,synthetic,Paired-Biases,sweep_all::pb_cnn_38,onnx,0.13124972581863403,24.614496787966893,0.8984375,6.396929655216146,30.609689825433012,0,48,10,3044,12,1,5,5,0,0,0,0,12,5,256,14481.0,0,1,0,0,0,0,1,0,0,0,CNN,0,neuralsat,UNSAT,112.04237675666809,solved,600.0
pb_cnn_38,sweep_all,synthetic,Paired-Biases,sweep_all::pb_cnn_38,onnx,0.13124972581863403,24.614496787966893,0.8984375,6.396929655216146,30.609689825433012,0,48,10,3044,12,1,5,5,0,0,0,0,12,5,256,14481.0,0,1,0,0,0,0,1,0,0,0,CNN,0,marabou,UNSAT,0.15016508102416992,solved,600.0
pb_cnn_38,sweep_all,synthetic,Paired-Biases,sweep_all::pb_cnn_38,onnx,0.13124972581863403,24.614496787966893,0.8984375,6.396929655216146,30.609689825433012,0,48,10,3044,12,1,5,5,0,0,0,0,12,5,256,14481.0,0,1,0,0,0,0,1,0,0,0,CNN,0,nnenum,UNSAT,8.981554746627808,solved,600.0
pb_cnn_38,sweep_all,synthetic,Paired-Biases,sweep_all::pb_cnn_38,onnx,0.13124972581863403,24.614496787966893,0.8984375,6.396929655216146,30.609689825433012,0,48,10,3044,12,1,5,5,0,0,0,0,12,5,256,14481.0,0,1,0,0,0,0,1,0,0,0,CNN,0,pyrat,UNSAT,3.873589038848877,solved,600.0
pb_cnn_39,sweep_all,synthetic,Paired-Biases,sweep_all::pb_cnn_39,onnx,0.11416172236204147,7.450447240132128,0.925,6.391917113392602,28.917086427611103,0,48,10,2968,8,1,3,3,0,0,0,0,8,3,256,13367.0,0,1,0,0,0,0,1,0,0,0,CNN,0,abcrown,UNSAT,60.18047308921814,solved,600.0
pb_cnn_39,sweep_all,synthetic,Paired-Biases,sweep_all::pb_cnn_39,onnx,0.11416172236204147,7.450447240132128,0.925,6.391917113392602,28.917086427611103,0,48,10,2968,8,1,3,3,0,0,0,0,8,3,256,13367.0,0,1,0,0,0,0,1,0,0,0,CNN,0,neuralsat,UNSAT,81.69042086601257,solved,600.0
pb_cnn_39,sweep_all,synthetic,Paired-Biases,sweep_all::pb_cnn_39,onnx,0.11416172236204147,7.450447240132128,0.925,6.391917113392602,28.917086427611103,0,48,10,2968,8,1,3,3,0,0,0,0,8,3,256,13367.0,0,1,0,0,0,0,1,0,0,0,CNN,0,marabou,UNSAT,0.11380696296691895,solved,600.0
pb_cnn_39,sweep_all,synthetic,Paired-Biases,sweep_all::pb_cnn_39,onnx,0.11416172236204147,7.450447240132128,0.925,6.391917113392602,28.917086427611103,0,48,10,2968,8,1,3,3,0,0,0,0,8,3,256,13367.0,0,1,0,0,0,0,1,0,0,0,CNN,0,nnenum,UNSAT,23.508543014526367,solved,600.0
pb_cnn_39,sweep_all,synthetic,Paired-Biases,sweep_all::pb_cnn_39,onnx,0.11416172236204147,7.450447240132128,0.925,6.391917113392602,28.917086427611103,0,48,10,2968,8,1,3,3,0,0,0,0,8,3,256,13367.0,0,1,0,0,0,0,1,0,0,0,CNN,0,pyrat,UNSAT,4.0839409828186035,solved,600.0
pb_cnn_40,sweep_all,synthetic,Paired-Biases,sweep_all::pb_cnn_40,onnx,0.11089205741882324,15.174687980255102,0.95,6.396929655216146,109.00199360395587,0,192,10,10648,8,1,3,3,0,0,0,0,8,3,1024,44090.0,0,1,0,0,0,0,1,0,0,0,CNN,0,abcrown,TIMEOUT,600.1447658538818,timeout,600.0
pb_cnn_40,sweep_all,synthetic,Paired-Biases,sweep_all::pb_cnn_40,onnx,0.11089205741882324,15.174687980255102,0.95,6.396929655216146,109.00199360395587,0,192,10,10648,8,1,3,3,0,0,0,0,8,3,1024,44090.0,0,1,0,0,0,0,1,0,0,0,CNN,0,neuralsat,TIMEOUT,600.7665739059448,timeout,600.0
pb_cnn_40,sweep_all,synthetic,Paired-Biases,sweep_all::pb_cnn_40,onnx,0.11089205741882324,15.174687980255102,0.95,6.396929655216146,109.00199360395587,0,192,10,10648,8,1,3,3,0,0,0,0,8,3,1024,44090.0,0,1,0,0,0,0,1,0,0,0,CNN,0,marabou,TIMEOUT,600.073075056076,timeout,600.0
pb_cnn_40,sweep_all,synthetic,Paired-Biases,sweep_all::pb_cnn_40,onnx,0.11089205741882324,15.174687980255102,0.95,6.396929655216146,109.00199360395587,0,192,10,10648,8,1,3,3,0,0,0,0,8,3,1024,44090.0,0,1,0,0,0,0,1,0,0,0,CNN,0,nnenum,TIMEOUT,599.9997451305389,timeout,600.0
pb_cnn_40,sweep_all,synthetic,Paired-Biases,sweep_all::pb_cnn_40,onnx,0.11089205741882324,15.174687980255102,0.95,6.396929655216146,109.00199360395587,0,192,10,10648,8,1,3,3,0,0,0,0,8,3,1024,44090.0,0,1,0,0,0,0,1,0,0,0,CNN,0,pyrat,TIMEOUT,600.0375089645386,timeout,600.0
pb_cnn_41,sweep_all,synthetic,Paired-Biases,sweep_all::pb_cnn_41,onnx,0.11204013973474503,17.154746317669346,0.9496527777777778,6.396929655216146,244.7585837985197,0,432,10,23448,8,1,3,3,0,0,0,0,8,3,2304,95290.0,0,1,0,0,0,0,1,0,0,0,CNN,0,abcrown,TIMEOUT,600.1470582485199,timeout,600.0
pb_cnn_41,sweep_all,synthetic,Paired-Biases,sweep_all::pb_cnn_41,onnx,0.11204013973474503,17.154746317669346,0.9496527777777778,6.396929655216146,244.7585837985197,0,432,10,23448,8,1,3,3,0,0,0,0,8,3,2304,95290.0,0,1,0,0,0,0,1,0,0,0,CNN,0,neuralsat,TIMEOUT,600.9113318920135,timeout,600.0
pb_cnn_41,sweep_all,synthetic,Paired-Biases,sweep_all::pb_cnn_41,onnx,0.11204013973474503,17.154746317669346,0.9496527777777778,6.396929655216146,244.7585837985197,0,432,10,23448,8,1,3,3,0,0,0,0,8,3,2304,95290.0,0,1,0,0,0,0,1,0,0,0,CNN,0,marabou,TIMEOUT,600.2729876041412,timeout,600.0
pb_cnn_41,sweep_all,synthetic,Paired-Biases,sweep_all::pb_cnn_41,onnx,0.11204013973474503,17.154746317669346,0.9496527777777778,6.396929655216146,244.7585837985197,0,432,10,23448,8,1,3,3,0,0,0,0,8,3,2304,95290.0,0,1,0,0,0,0,1,0,0,0,CNN,0,nnenum,TIMEOUT,600.0242550373077,timeout,600.0
pb_cnn_41,sweep_all,synthetic,Paired-Biases,sweep_all::pb_cnn_41,onnx,0.11204013973474503,17.154746317669346,0.9496527777777778,6.396929655216146,244.7585837985197,0,432,10,23448,8,1,3,3,0,0,0,0,8,3,2304,95290.0,0,1,0,0,0,0,1,0,0,0,CNN,0,pyrat,TIMEOUT,600.0404269695282,timeout,600.0
pb_cnn_42,sweep_all,synthetic,Paired-Biases,sweep_all::pb_cnn_42,onnx,0.11157147586345673,19.12179471323848,0.9533203125,6.396929655216146,454.1956290987046,0,768,10,41368,8,1,3,3,0,0,0,0,8,3,4096,166970.0,0,1,0,0,0,0,1,0,0,0,CNN,0,abcrown,TIMEOUT,600.1509540081024,timeout,600.0
pb_cnn_42,sweep_all,synthetic,Paired-Biases,sweep_all::pb_cnn_42,onnx,0.11157147586345673,19.12179471323848,0.9533203125,6.396929655216146,454.1956290987046,0,768,10,41368,8,1,3,3,0,0,0,0,8,3,4096,166970.0,0,1,0,0,0,0,1,0,0,0,CNN,0,neuralsat,TIMEOUT,600.9673726558685,timeout,600.0
pb_cnn_42,sweep_all,synthetic,Paired-Biases,sweep_all::pb_cnn_42,onnx,0.11157147586345673,19.12179471323848,0.9533203125,6.396929655216146,454.1956290987046,0,768,10,41368,8,1,3,3,0,0,0,0,8,3,4096,166970.0,0,1,0,0,0,0,1,0,0,0,CNN,0,marabou,TIMEOUT,600.4936902523041,timeout,600.0
pb_cnn_42,sweep_all,synthetic,Paired-Biases,sweep_all::pb_cnn_42,onnx,0.11157147586345673,19.12179471323848,0.9533203125,6.396929655216146,454.1956290987046,0,768,10,41368,8,1,3,3,0,0,0,0,8,3,4096,166970.0,0,1,0,0,0,0,1,0,0,0,CNN,0,nnenum,TIMEOUT,600.0176818370819,timeout,600.0
pb_cnn_42,sweep_all,synthetic,Paired-Biases,sweep_all::pb_cnn_42,onnx,0.11157147586345673,19.12179471323848,0.9533203125,6.396929655216146,454.1956290987046,0,768,10,41368,8,1,3,3,0,0,0,0,8,3,4096,166970.0,0,1,0,0,0,0,1,0,0,0,CNN,0,pyrat,TIMEOUT,600.0494372844696,timeout,600.0
pb_cnn_43,sweep_all,synthetic,Paired-Biases,sweep_all::pb_cnn_43,onnx,0.12512657046318054,8.943403331220678,0.875,6.396929655216146,30.300757512928723,0,48,10,2968,8,1,3,3,0,0,0,0,8,3,256,13367.0,0,1,0,0,0,0,1,0,0,0,CNN,0,abcrown,UNSAT,71.17473292350769,solved,600.0
pb_cnn_43,sweep_all,synthetic,Paired-Biases,sweep_all::pb_cnn_43,onnx,0.12512657046318054,8.943403331220678,0.875,6.396929655216146,30.300757512928723,0,48,10,2968,8,1,3,3,0,0,0,0,8,3,256,13367.0,0,1,0,0,0,0,1,0,0,0,CNN,0,neuralsat,UNSAT,90.38735699653625,solved,600.0
pb_cnn_43,sweep_all,synthetic,Paired-Biases,sweep_all::pb_cnn_43,onnx,0.12512657046318054,8.943403331220678,0.875,6.396929655216146,30.300757512928723,0,48,10,2968,8,1,3,3,0,0,0,0,8,3,256,13367.0,0,1,0,0,0,0,1,0,0,0,CNN,0,marabou,UNSAT,0.1876668930053711,solved,600.0
pb_cnn_43,sweep_all,synthetic,Paired-Biases,sweep_all::pb_cnn_43,onnx,0.12512657046318054,8.943403331220678,0.875,6.396929655216146,30.300757512928723,0,48,10,2968,8,1,3,3,0,0,0,0,8,3,256,13367.0,0,1,0,0,0,0,1,0,0,0,CNN,0,nnenum,UNSAT,2.3946051597595215,solved,600.0
pb_cnn_43,sweep_all,synthetic,Paired-Biases,sweep_all::pb_cnn_43,onnx,0.12512657046318054,8.943403331220678,0.875,6.396929655216146,30.300757512928723,0,48,10,2968,8,1,3,3,0,0,0,0,8,3,256,13367.0,0,1,0,0,0,0,1,0,0,0,CNN,0,pyrat,UNSAT,4.220729827880859,solved,600.0
pb_cnn_44,sweep_all,synthetic,Paired-Biases,sweep_all::pb_cnn_44,onnx,0.12621420621871948,15.239149232260678,0.90234375,6.396929655216146,112.15860017720465,0,192,10,10648,8,1,3,3,0,0,0,0,8,3,1024,44090.0,0,1,0,0,0,0,1,0,0,0,CNN,0,abcrown,TIMEOUT,600.162323474884,timeout,600.0
pb_cnn_44,sweep_all,synthetic,Paired-Biases,sweep_all::pb_cnn_44,onnx,0.12621420621871948,15.239149232260678,0.90234375,6.396929655216146,112.15860017720465,0,192,10,10648,8,1,3,3,0,0,0,0,8,3,1024,44090.0,0,1,0,0,0,0,1,0,0,0,CNN,0,neuralsat,TIMEOUT,600.6945683956146,timeout,600.0
pb_cnn_44,sweep_all,synthetic,Paired-Biases,sweep_all::pb_cnn_44,onnx,0.12621420621871948,15.239149232260678,0.90234375,6.396929655216146,112.15860017720465,0,192,10,10648,8,1,3,3,0,0,0,0,8,3,1024,44090.0,0,1,0,0,0,0,1,0,0,0,CNN,0,marabou,TIMEOUT,600.0972199440002,timeout,600.0
pb_cnn_44,sweep_all,synthetic,Paired-Biases,sweep_all::pb_cnn_44,onnx,0.12621420621871948,15.239149232260678,0.90234375,6.396929655216146,112.15860017720465,0,192,10,10648,8,1,3,3,0,0,0,0,8,3,1024,44090.0,0,1,0,0,0,0,1,0,0,0,CNN,0,nnenum,TIMEOUT,600.005851984024,timeout,600.0
pb_cnn_44,sweep_all,synthetic,Paired-Biases,sweep_all::pb_cnn_44,onnx,0.12621420621871948,15.239149232260678,0.90234375,6.396929655216146,112.15860017720465,0,192,10,10648,8,1,3,3,0,0,0,0,8,3,1024,44090.0,0,1,0,0,0,0,1,0,0,0,CNN,0,pyrat,TIMEOUT,600.0388760566711,timeout,600.0
pb_cnn_45,sweep_all,synthetic,Paired-Biases,sweep_all::pb_cnn_45,onnx,0.1274426132440567,17.558564139194576,0.9118055555555555,6.396929655216146,262.08130049677453,0,432,10,23448,8,1,3,3,0,0,0,0,8,3,2304,95290.0,0,1,0,0,0,0,1,0,0,0,CNN,0,abcrown,TIMEOUT,600.1627252101898,timeout,600.0
pb_cnn_45,sweep_all,synthetic,Paired-Biases,sweep_all::pb_cnn_45,onnx,0.1274426132440567,17.558564139194576,0.9118055555555555,6.396929655216146,262.08130049677453,0,432,10,23448,8,1,3,3,0,0,0,0,8,3,2304,95290.0,0,1,0,0,0,0,1,0,0,0,CNN,0,neuralsat,TIMEOUT,600.5193252563477,timeout,600.0
pb_cnn_45,sweep_all,synthetic,Paired-Biases,sweep_all::pb_cnn_45,onnx,0.1274426132440567,17.558564139194576,0.9118055555555555,6.396929655216146,262.08130049677453,0,432,10,23448,8,1,3,3,0,0,0,0,8,3,2304,95290.0,0,1,0,0,0,0,1,0,0,0,CNN,0,marabou,TIMEOUT,600.2686562538147,timeout,600.0
pb_cnn_45,sweep_all,synthetic,Paired-Biases,sweep_all::pb_cnn_45,onnx,0.1274426132440567,17.558564139194576,0.9118055555555555,6.396929655216146,262.08130049677453,0,432,10,23448,8,1,3,3,0,0,0,0,8,3,2304,95290.0,0,1,0,0,0,0,1,0,0,0,CNN,0,nnenum,TIMEOUT,600.0303030014038,timeout,600.0
pb_cnn_45,sweep_all,synthetic,Paired-Biases,sweep_all::pb_cnn_45,onnx,0.1274426132440567,17.558564139194576,0.9118055555555555,6.396929655216146,262.08130049677453,0,432,10,23448,8,1,3,3,0,0,0,0,8,3,2304,95290.0,0,1,0,0,0,0,1,0,0,0,CNN,0,pyrat,TIMEOUT,600.0445680618286,timeout,600.0
pb_cnn_46,sweep_all,synthetic,Paired-Biases,sweep_all::pb_cnn_46,onnx,0.12815339863300323,19.030608254585182,0.91484375,6.396929655216146,468.1070585030155,0,768,10,41368,8,1,3,3,0,0,0,0,8,3,4096,166970.0,0,1,0,0,0,0,1,0,0,0,CNN,0,abcrown,TIMEOUT,600.1710469722748,timeout,600.0
pb_cnn_46,sweep_all,synthetic,Paired-Biases,sweep_all::pb_cnn_46,onnx,0.12815339863300323,19.030608254585182,0.91484375,6.396929655216146,468.1070585030155,0,768,10,41368,8,1,3,3,0,0,0,0,8,3,4096,166970.0,0,1,0,0,0,0,1,0,0,0,CNN,0,neuralsat,TIMEOUT,601.0194277763367,timeout,600.0
pb_cnn_46,sweep_all,synthetic,Paired-Biases,sweep_all::pb_cnn_46,onnx,0.12815339863300323,19.030608254585182,0.91484375,6.396929655216146,468.1070585030155,0,768,10,41368,8,1,3,3,0,0,0,0,8,3,4096,166970.0,0,1,0,0,0,0,1,0,0,0,CNN,0,marabou,TIMEOUT,600.5010764598846,timeout,600.0
pb_cnn_46,sweep_all,synthetic,Paired-Biases,sweep_all::pb_cnn_46,onnx,0.12815339863300323,19.030608254585182,0.91484375,6.396929655216146,468.1070585030155,0,768,10,41368,8,1,3,3,0,0,0,0,8,3,4096,166970.0,0,1,0,0,0,0,1,0,0,0,CNN,0,nnenum,TIMEOUT,600.0213391780853,timeout,600.0
pb_cnn_46,sweep_all,synthetic,Paired-Biases,sweep_all::pb_cnn_46,onnx,0.12815339863300323,19.030608254585182,0.91484375,6.396929655216146,468.1070585030155,0,768,10,41368,8,1,3,3,0,0,0,0,8,3,4096,166970.0,0,1,0,0,0,0,1,0,0,0,CNN,0,pyrat,TIMEOUT,600.039547920227,timeout,600.0
ld1,sweep_all,synthetic,Dominant Key Attn,sweep_all::ld1,onnx,0.142235666513443,-0.14084687354082742,0.0,4.23410650459726,7.337660032262575,0,16,10,938,16,6,0,2,0,0,0,0,7,2,16,5272.0,1,0,0,0,0,0,0,0,0,0,MLP,0,abcrown,UNSAT,86.77496027946472,solved,600.0
ld1,sweep_all,synthetic,Dominant Key Attn,sweep_all::ld1,onnx,0.142235666513443,-0.14084687354082742,0.0,4.23410650459726,7.337660032262575,0,16,10,938,16,6,0,2,0,0,0,0,7,2,16,5272.0,1,0,0,0,0,0,0,0,0,0,MLP,0,neuralsat,UNSAT,74.06263780593872,solved,600.0
ld1,sweep_all,synthetic,Dominant Key Attn,sweep_all::ld1,onnx,0.142235666513443,-0.14084687354082742,0.0,4.23410650459726,7.337660032262575,0,16,10,938,16,6,0,2,0,0,0,0,7,2,16,5272.0,1,0,0,0,0,0,0,0,0,0,MLP,0,marabou,ERROR,0.22836923599243164,error,600.0
ld1,sweep_all,synthetic,Dominant Key Attn,sweep_all::ld1,onnx,0.142235666513443,-0.14084687354082742,0.0,4.23410650459726,7.337660032262575,0,16,10,938,16,6,0,2,0,0,0,0,7,2,16,5272.0,1,0,0,0,0,0,0,0,0,0,MLP,0,nnenum,missing,,missing,600.0
ld1,sweep_all,synthetic,Dominant Key Attn,sweep_all::ld1,onnx,0.142235666513443,-0.14084687354082742,0.0,4.23410650459726,7.337660032262575,0,16,10,938,16,6,0,2,0,0,0,0,7,2,16,5272.0,1,0,0,0,0,0,0,0,0,0,MLP,0,pyrat,ERROR,4.166996002197266,error,600.0
ld2,sweep_all,synthetic,Dominant Key Attn,sweep_all::ld2,onnx,0.3920382857322693,-0.14432497566217847,0.0,5.389071729816501,7.556926733955763,0,16,10,938,16,6,0,2,0,0,0,0,7,2,16,5272.0,1,0,0,0,0,0,0,0,0,0,MLP,0,abcrown,UNSAT,90.43305206298828,solved,600.0
ld2,sweep_all,synthetic,Dominant Key Attn,sweep_all::ld2,onnx,0.3920382857322693,-0.14432497566217847,0.0,5.389071729816501,7.556926733955763,0,16,10,938,16,6,0,2,0,0,0,0,7,2,16,5272.0,1,0,0,0,0,0,0,0,0,0,MLP,0,neuralsat,UNSAT,68.35003590583801,solved,600.0
ld2,sweep_all,synthetic,Dominant Key Attn,sweep_all::ld2,onnx,0.3920382857322693,-0.14432497566217847,0.0,5.389071729816501,7.556926733955763,0,16,10,938,16,6,0,2,0,0,0,0,7,2,16,5272.0,1,0,0,0,0,0,0,0,0,0,MLP,0,marabou,ERROR,0.13773798942565918,error,600.0
ld2,sweep_all,synthetic,Dominant Key Attn,sweep_all::ld2,onnx,0.3920382857322693,-0.14432497566217847,0.0,5.389071729816501,7.556926733955763,0,16,10,938,16,6,0,2,0,0,0,0,7,2,16,5272.0,1,0,0,0,0,0,0,0,0,0,MLP,0,nnenum,missing,,missing,600.0
ld2,sweep_all,synthetic,Dominant Key Attn,sweep_all::ld2,onnx,0.3920382857322693,-0.14432497566217847,0.0,5.389071729816501,7.556926733955763,0,16,10,938,16,6,0,2,0,0,0,0,7,2,16,5272.0,1,0,0,0,0,0,0,0,0,0,MLP,0,pyrat,ERROR,2.8288369178771973,error,600.0
ld3,sweep_all,synthetic,Dominant Key Attn,sweep_all::ld3,onnx,0.6895317435264587,-0.1480669621086224,0.0,5.771441123130016,7.437516411139662,0,16,10,938,16,6,0,2,0,0,0,0,7,2,16,5272.0,1,0,0,0,0,0,0,0,0,0,MLP,0,abcrown,UNSAT,102.00192427635193,solved,600.0
ld3,sweep_all,synthetic,Dominant Key Attn,sweep_all::ld3,onnx,0.6895317435264587,-0.1480669621086224,0.0,5.771441123130016,7.437516411139662,0,16,10,938,16,6,0,2,0,0,0,0,7,2,16,5272.0,1,0,0,0,0,0,0,0,0,0,MLP,0,neuralsat,UNSAT,72.40622639656067,solved,600.0
ld3,sweep_all,synthetic,Dominant Key Attn,sweep_all::ld3,onnx,0.6895317435264587,-0.1480669621086224,0.0,5.771441123130016,7.437516411139662,0,16,10,938,16,6,0,2,0,0,0,0,7,2,16,5272.0,1,0,0,0,0,0,0,0,0,0,MLP,0,marabou,ERROR,0.1381394863128662,error,600.0
ld3,sweep_all,synthetic,Dominant Key Attn,sweep_all::ld3,onnx,0.6895317435264587,-0.1480669621086224,0.0,5.771441123130016,7.437516411139662,0,16,10,938,16,6,0,2,0,0,0,0,7,2,16,5272.0,1,0,0,0,0,0,0,0,0,0,MLP,0,nnenum,missing,,missing,600.0
ld3,sweep_all,synthetic,Dominant Key Attn,sweep_all::ld3,onnx,0.6895317435264587,-0.1480669621086224,0.0,5.771441123130016,7.437516411139662,0,16,10,938,16,6,0,2,0,0,0,0,7,2,16,5272.0,1,0,0,0,0,0,0,0,0,0,MLP,0,pyrat,ERROR,3.2824318408966064,error,600.0
ld4,sweep_all,synthetic,Dominant Key Attn,sweep_all::ld4,onnx,0.17500993609428406,-0.2555653528661011,0.0,5.541263545158426,8.339372019244912,0,16,10,938,16,6,0,2,0,0,0,0,7,2,16,5272.0,1,0,0,0,0,0,0,0,0,0,MLP,0,abcrown,UNSAT,103.56609678268433,solved,600.0
ld4,sweep_all,synthetic,Dominant Key Attn,sweep_all::ld4,onnx,0.17500993609428406,-0.2555653528661011,0.0,5.541263545158426,8.339372019244912,0,16,10,938,16,6,0,2,0,0,0,0,7,2,16,5272.0,1,0,0,0,0,0,0,0,0,0,MLP,0,neuralsat,UNSAT,76.84211254119873,solved,600.0
ld4,sweep_all,synthetic,Dominant Key Attn,sweep_all::ld4,onnx,0.17500993609428406,-0.2555653528661011,0.0,5.541263545158426,8.339372019244912,0,16,10,938,16,6,0,2,0,0,0,0,7,2,16,5272.0,1,0,0,0,0,0,0,0,0,0,MLP,0,marabou,ERROR,0.1392371654510498,error,600.0
ld4,sweep_all,synthetic,Dominant Key Attn,sweep_all::ld4,onnx,0.17500993609428406,-0.2555653528661011,0.0,5.541263545158426,8.339372019244912,0,16,10,938,16,6,0,2,0,0,0,0,7,2,16,5272.0,1,0,0,0,0,0,0,0,0,0,MLP,0,nnenum,missing,,missing,600.0
ld4,sweep_all,synthetic,Dominant Key Attn,sweep_all::ld4,onnx,0.17500993609428406,-0.2555653528661011,0.0,5.541263545158426,8.339372019244912,0,16,10,938,16,6,0,2,0,0,0,0,7,2,16,5272.0,1,0,0,0,0,0,0,0,0,0,MLP,0,pyrat,ERROR,3.1534788608551025,error,600.0
ld5,sweep_all,synthetic,Dominant Key Attn,sweep_all::ld5,onnx,0.27733826637268066,-0.16127037518392456,0.0,5.5909869805108565,8.41547823999377,0,16,10,938,16,6,0,2,0,0,0,0,7,2,16,5272.0,1,0,0,0,0,0,0,0,0,0,MLP,0,abcrown,UNSAT,92.42591714859009,solved,600.0
ld5,sweep_all,synthetic,Dominant Key Attn,sweep_all::ld5,onnx,0.27733826637268066,-0.16127037518392456,0.0,5.5909869805108565,8.41547823999377,0,16,10,938,16,6,0,2,0,0,0,0,7,2,16,5272.0,1,0,0,0,0,0,0,0,0,0,MLP,0,neuralsat,UNSAT,76.8022665977478,solved,600.0
ld5,sweep_all,synthetic,Dominant Key Attn,sweep_all::ld5,onnx,0.27733826637268066,-0.16127037518392456,0.0,5.5909869805108565,8.41547823999377,0,16,10,938,16,6,0,2,0,0,0,0,7,2,16,5272.0,1,0,0,0,0,0,0,0,0,0,MLP,0,marabou,ERROR,0.13742661476135254,error,600.0
ld5,sweep_all,synthetic,Dominant Key Attn,sweep_all::ld5,onnx,0.27733826637268066,-0.16127037518392456,0.0,5.5909869805108565,8.41547823999377,0,16,10,938,16,6,0,2,0,0,0,0,7,2,16,5272.0,1,0,0,0,0,0,0,0,0,0,MLP,0,nnenum,missing,,missing,600.0
ld5,sweep_all,synthetic,Dominant Key Attn,sweep_all::ld5,onnx,0.27733826637268066,-0.16127037518392456,0.0,5.5909869805108565,8.41547823999377,0,16,10,938,16,6,0,2,0,0,0,0,7,2,16,5272.0,1,0,0,0,0,0,0,0,0,0,MLP,0,pyrat,ERROR,3.6879260540008545,error,600.0
ld6,sweep_all,synthetic,Dominant Key Attn,sweep_all::ld6,onnx,0.6610694527626038,-0.06765771143102073,0.0,5.529429087511423,8.292160267937096,0,16,10,938,16,6,0,2,0,0,0,0,7,2,16,5272.0,1,0,0,0,0,0,0,0,0,0,MLP,0,abcrown,UNSAT,89.01150631904602,solved,600.0
ld6,sweep_all,synthetic,Dominant Key Attn,sweep_all::ld6,onnx,0.6610694527626038,-0.06765771143102073,0.0,5.529429087511423,8.292160267937096,0,16,10,938,16,6,0,2,0,0,0,0,7,2,16,5272.0,1,0,0,0,0,0,0,0,0,0,MLP,0,neuralsat,UNSAT,79.78250980377197,solved,600.0
ld6,sweep_all,synthetic,Dominant Key Attn,sweep_all::ld6,onnx,0.6610694527626038,-0.06765771143102073,0.0,5.529429087511423,8.292160267937096,0,16,10,938,16,6,0,2,0,0,0,0,7,2,16,5272.0,1,0,0,0,0,0,0,0,0,0,MLP,0,marabou,ERROR,0.13765716552734375,error,600.0
ld6,sweep_all,synthetic,Dominant Key Attn,sweep_all::ld6,onnx,0.6610694527626038,-0.06765771143102073,0.0,5.529429087511423,8.292160267937096,0,16,10,938,16,6,0,2,0,0,0,0,7,2,16,5272.0,1,0,0,0,0,0,0,0,0,0,MLP,0,nnenum,missing,,missing,600.0
ld6,sweep_all,synthetic,Dominant Key Attn,sweep_all::ld6,onnx,0.6610694527626038,-0.06765771143102073,0.0,5.529429087511423,8.292160267937096,0,16,10,938,16,6,0,2,0,0,0,0,7,2,16,5272.0,1,0,0,0,0,0,0,0,0,0,MLP,0,pyrat,ERROR,3.7420363426208496,error,600.0
ld7,sweep_all,synthetic,Dominant Key Attn,sweep_all::ld7,onnx,0.25003862380981445,0.006561666259802238,0.0,3.8501476017100584,2.4944366315154896,0,4,10,154,16,6,0,2,0,0,0,0,7,2,10,2132.0,1,0,0,0,0,0,0,0,0,0,MLP,0,abcrown,UNSAT,36.15108871459961,solved,600.0
ld7,sweep_all,synthetic,Dominant Key Attn,sweep_all::ld7,onnx,0.25003862380981445,0.006561666259802238,0.0,3.8501476017100584,2.4944366315154896,0,4,10,154,16,6,0,2,0,0,0,0,7,2,10,2132.0,1,0,0,0,0,0,0,0,0,0,MLP,0,neuralsat,UNSAT,71.7170979976654,solved,600.0
ld7,sweep_all,synthetic,Dominant Key Attn,sweep_all::ld7,onnx,0.25003862380981445,0.006561666259802238,0.0,3.8501476017100584,2.4944366315154896,0,4,10,154,16,6,0,2,0,0,0,0,7,2,10,2132.0,1,0,0,0,0,0,0,0,0,0,MLP,0,marabou,ERROR,0.13631343841552734,error,600.0
ld7,sweep_all,synthetic,Dominant Key Attn,sweep_all::ld7,onnx,0.25003862380981445,0.006561666259802238,0.0,3.8501476017100584,2.4944366315154896,0,4,10,154,16,6,0,2,0,0,0,0,7,2,10,2132.0,1,0,0,0,0,0,0,0,0,0,MLP,0,nnenum,missing,,missing,600.0
ld7,sweep_all,synthetic,Dominant Key Attn,sweep_all::ld7,onnx,0.25003862380981445,0.006561666259802238,0.0,3.8501476017100584,2.4944366315154896,0,4,10,154,16,6,0,2,0,0,0,0,7,2,10,2132.0,1,0,0,0,0,0,0,0,0,0,MLP,0,pyrat,ERROR,3.4214930534362793,error,600.0
ld8,sweep_all,synthetic,Dominant Key Attn,sweep_all::ld8,onnx,0.4068247079849243,-0.09990561339656452,0.0,5.337538079701318,7.569733842751627,0,16,10,938,16,6,0,2,0,0,0,0,7,2,16,5272.0,1,0,0,0,0,0,0,0,0,0,MLP,0,abcrown,UNSAT,62.50429368019104,solved,600.0
ld8,sweep_all,synthetic,Dominant Key Attn,sweep_all::ld8,onnx,0.4068247079849243,-0.09990561339656452,0.0,5.337538079701318,7.569733842751627,0,16,10,938,16,6,0,2,0,0,0,0,7,2,16,5272.0,1,0,0,0,0,0,0,0,0,0,MLP,0,neuralsat,UNSAT,61.9687066078186,solved,600.0
ld8,sweep_all,synthetic,Dominant Key Attn,sweep_all::ld8,onnx,0.4068247079849243,-0.09990561339656452,0.0,5.337538079701318,7.569733842751627,0,16,10,938,16,6,0,2,0,0,0,0,7,2,16,5272.0,1,0,0,0,0,0,0,0,0,0,MLP,0,marabou,ERROR,0.1388864517211914,error,600.0
ld8,sweep_all,synthetic,Dominant Key Attn,sweep_all::ld8,onnx,0.4068247079849243,-0.09990561339656452,0.0,5.337538079701318,7.569733842751627,0,16,10,938,16,6,0,2,0,0,0,0,7,2,16,5272.0,1,0,0,0,0,0,0,0,0,0,MLP,0,nnenum,missing,,missing,600.0
ld8,sweep_all,synthetic,Dominant Key Attn,sweep_all::ld8,onnx,0.4068247079849243,-0.09990561339656452,0.0,5.337538079701318,7.569733842751627,0,16,10,938,16,6,0,2,0,0,0,0,7,2,16,5272.0,1,0,0,0,0,0,0,0,0,0,MLP,0,pyrat,ERROR,3.603145122528076,error,600.0
ld9,sweep_all,synthetic,Dominant Key Attn,sweep_all::ld9,onnx,0.5711484551429749,-0.07621053379656904,0.0,5.707110264748875,15.795783592807187,0,36,10,3706,16,6,0,2,0,0,0,0,7,2,36,16344.0,1,0,0,0,0,0,0,0,0,0,MLP,0,abcrown,UNSAT,108.22582030296326,solved,600.0
ld9,sweep_all,synthetic,Dominant Key Attn,sweep_all::ld9,onnx,0.5711484551429749,-0.07621053379656904,0.0,5.707110264748875,15.795783592807187,0,36,10,3706,16,6,0,2,0,0,0,0,7,2,36,16344.0,1,0,0,0,0,0,0,0,0,0,MLP,0,neuralsat,UNSAT,75.35434532165527,solved,600.0
ld9,sweep_all,synthetic,Dominant Key Attn,sweep_all::ld9,onnx,0.5711484551429749,-0.07621053379656904,0.0,5.707110264748875,15.795783592807187,0,36,10,3706,16,6,0,2,0,0,0,0,7,2,36,16344.0,1,0,0,0,0,0,0,0,0,0,MLP,0,marabou,ERROR,0.1397106647491455,error,600.0
ld9,sweep_all,synthetic,Dominant Key Attn,sweep_all::ld9,onnx,0.5711484551429749,-0.07621053379656904,0.0,5.707110264748875,15.795783592807187,0,36,10,3706,16,6,0,2,0,0,0,0,7,2,36,16344.0,1,0,0,0,0,0,0,0,0,0,MLP,0,nnenum,missing,,missing,600.0
ld9,sweep_all,synthetic,Dominant Key Attn,sweep_all::ld9,onnx,0.5711484551429749,-0.07621053379656904,0.0,5.707110264748875,15.795783592807187,0,36,10,3706,16,6,0,2,0,0,0,0,7,2,36,16344.0,1,0,0,0,0,0,0,0,0,0,MLP,0,pyrat,ERROR,3.5441129207611084,error,600.0
ld10,sweep_all,synthetic,Dominant Key Attn,sweep_all::ld10,onnx,0.39972108602523804,-0.06614663102389924,0.0,5.4510384535657,7.435856001059202,0,16,10,938,16,6,0,2,0,0,0,0,7,2,16,5272.0,1,0,0,0,0,0,0,0,0,0,MLP,0,abcrown,UNSAT,107.11012244224548,solved,600.0
ld10,sweep_all,synthetic,Dominant Key Attn,sweep_all::ld10,onnx,0.39972108602523804,-0.06614663102389924,0.0,5.4510384535657,7.435856001059202,0,16,10,938,16,6,0,2,0,0,0,0,7,2,16,5272.0,1,0,0,0,0,0,0,0,0,0,MLP,0,neuralsat,UNSAT,70.25584745407104,solved,600.0
ld10,sweep_all,synthetic,Dominant Key Attn,sweep_all::ld10,onnx,0.39972108602523804,-0.06614663102389924,0.0,5.4510384535657,7.435856001059202,0,16,10,938,16,6,0,2,0,0,0,0,7,2,16,5272.0,1,0,0,0,0,0,0,0,0,0,MLP,0,marabou,ERROR,0.13794374465942383,error,600.0
ld10,sweep_all,synthetic,Dominant Key Attn,sweep_all::ld10,onnx,0.39972108602523804,-0.06614663102389924,0.0,5.4510384535657,7.435856001059202,0,16,10,938,16,6,0,2,0,0,0,0,7,2,16,5272.0,1,0,0,0,0,0,0,0,0,0,MLP,0,nnenum,missing,,missing,600.0
ld10,sweep_all,synthetic,Dominant Key Attn,sweep_all::ld10,onnx,0.39972108602523804,-0.06614663102389924,0.0,5.4510384535657,7.435856001059202,0,16,10,938,16,6,0,2,0,0,0,0,7,2,16,5272.0,1,0,0,0,0,0,0,0,0,0,MLP,0,pyrat,ERROR,3.7210588455200195,error,600.0
ld11,sweep_all,synthetic,Dominant Key Attn,sweep_all::ld11,onnx,0.4478011131286621,-0.15509454726636554,0.0,5.697093486505405,14.295233995050127,0,32,10,1706,16,6,0,2,0,0,0,0,7,2,16,8344.0,1,0,0,0,0,0,0,0,0,0,MLP,0,abcrown,UNSAT,105.16591668128967,solved,600.0
ld11,sweep_all,synthetic,Dominant Key Attn,sweep_all::ld11,onnx,0.4478011131286621,-0.15509454726636554,0.0,5.697093486505405,14.295233995050127,0,32,10,1706,16,6,0,2,0,0,0,0,7,2,16,8344.0,1,0,0,0,0,0,0,0,0,0,MLP,0,neuralsat,UNSAT,70.88661766052246,solved,600.0
ld11,sweep_all,synthetic,Dominant Key Attn,sweep_all::ld11,onnx,0.4478011131286621,-0.15509454726636554,0.0,5.697093486505405,14.295233995050127,0,32,10,1706,16,6,0,2,0,0,0,0,7,2,16,8344.0,1,0,0,0,0,0,0,0,0,0,MLP,0,marabou,ERROR,0.1362593173980713,error,600.0
ld11,sweep_all,synthetic,Dominant Key Attn,sweep_all::ld11,onnx,0.4478011131286621,-0.15509454726636554,0.0,5.697093486505405,14.295233995050127,0,32,10,1706,16,6,0,2,0,0,0,0,7,2,16,8344.0,1,0,0,0,0,0,0,0,0,0,MLP,0,nnenum,missing,,missing,600.0
ld11,sweep_all,synthetic,Dominant Key Attn,sweep_all::ld11,onnx,0.4478011131286621,-0.15509454726636554,0.0,5.697093486505405,14.295233995050127,0,32,10,1706,16,6,0,2,0,0,0,0,7,2,16,8344.0,1,0,0,0,0,0,0,0,0,0,MLP,0,pyrat,ERROR,3.4007728099823,error,600.0
ld12,sweep_all,synthetic,Dominant Key Attn,sweep_all::ld12,onnx,0.5071028470993042,-0.21229882663743047,0.0,5.7899601708972535,23.231649390281422,0,48,10,2474,16,6,0,2,0,0,0,0,7,2,16,11416.0,1,0,0,0,0,0,0,0,0,0,MLP,0,abcrown,UNSAT,108.76589584350586,solved,600.0
ld12,sweep_all,synthetic,Dominant Key Attn,sweep_all::ld12,onnx,0.5071028470993042,-0.21229882663743047,0.0,5.7899601708972535,23.231649390281422,0,48,10,2474,16,6,0,2,0,0,0,0,7,2,16,11416.0,1,0,0,0,0,0,0,0,0,0,MLP,0,neuralsat,UNSAT,53.270036697387695,solved,600.0
ld12,sweep_all,synthetic,Dominant Key Attn,sweep_all::ld12,onnx,0.5071028470993042,-0.21229882663743047,0.0,5.7899601708972535,23.231649390281422,0,48,10,2474,16,6,0,2,0,0,0,0,7,2,16,11416.0,1,0,0,0,0,0,0,0,0,0,MLP,0,marabou,ERROR,0.1374192237854004,error,600.0
ld12,sweep_all,synthetic,Dominant Key Attn,sweep_all::ld12,onnx,0.5071028470993042,-0.21229882663743047,0.0,5.7899601708972535,23.231649390281422,0,48,10,2474,16,6,0,2,0,0,0,0,7,2,16,11416.0,1,0,0,0,0,0,0,0,0,0,MLP,0,nnenum,missing,,missing,600.0
ld12,sweep_all,synthetic,Dominant Key Attn,sweep_all::ld12,onnx,0.5071028470993042,-0.21229882663743047,0.0,5.7899601708972535,23.231649390281422,0,48,10,2474,16,6,0,2,0,0,0,0,7,2,16,11416.0,1,0,0,0,0,0,0,0,0,0,MLP,0,pyrat,ERROR,3.158643960952759,error,600.0
ld13,sweep_all,synthetic,Dominant Key Attn,sweep_all::ld13,onnx,0.3378868103027344,-0.09384488339656111,0.0,5.384495062789089,7.022783387284989,0,16,10,730,16,6,0,2,0,0,0,0,7,2,16,4440.0,1,0,0,0,0,0,0,0,0,0,MLP,0,abcrown,UNSAT,108.74181246757507,solved,600.0
ld13,sweep_all,synthetic,Dominant Key Attn,sweep_all::ld13,onnx,0.3378868103027344,-0.09384488339656111,0.0,5.384495062789089,7.022783387284989,0,16,10,730,16,6,0,2,0,0,0,0,7,2,16,4440.0,1,0,0,0,0,0,0,0,0,0,MLP,0,neuralsat,UNSAT,46.88658690452576,solved,600.0
ld13,sweep_all,synthetic,Dominant Key Attn,sweep_all::ld13,onnx,0.3378868103027344,-0.09384488339656111,0.0,5.384495062789089,7.022783387284989,0,16,10,730,16,6,0,2,0,0,0,0,7,2,16,4440.0,1,0,0,0,0,0,0,0,0,0,MLP,0,marabou,ERROR,0.1359102725982666,error,600.0
ld13,sweep_all,synthetic,Dominant Key Attn,sweep_all::ld13,onnx,0.3378868103027344,-0.09384488339656111,0.0,5.384495062789089,7.022783387284989,0,16,10,730,16,6,0,2,0,0,0,0,7,2,16,4440.0,1,0,0,0,0,0,0,0,0,0,MLP,0,nnenum,missing,,missing,600.0
ld13,sweep_all,synthetic,Dominant Key Attn,sweep_all::ld13,onnx,0.3378868103027344,-0.09384488339656111,0.0,5.384495062789089,7.022783387284989,0,16,10,730,16,6,0,2,0,0,0,0,7,2,16,4440.0,1,0,0,0,0,0,0,0,0,0,MLP,0,pyrat,ERROR,3.786087989807129,error,600.0
ld14,sweep_all,synthetic,Dominant Key Attn,sweep_all::ld14,onnx,0.4124794900417328,-0.049138796496976535,0.0,5.327876168789581,7.135860485480187,0,16,10,938,16,6,0,2,0,0,0,0,7,2,16,5272.0,1,0,0,0,0,0,0,0,0,0,MLP,0,abcrown,UNSAT,104.99802279472351,solved,600.0
ld14,sweep_all,synthetic,Dominant Key Attn,sweep_all::ld14,onnx,0.4124794900417328,-0.049138796496976535,0.0,5.327876168789581,7.135860485480187,0,16,10,938,16,6,0,2,0,0,0,0,7,2,16,5272.0,1,0,0,0,0,0,0,0,0,0,MLP,0,neuralsat,UNSAT,74.38096451759338,solved,600.0
ld14,sweep_all,synthetic,Dominant Key Attn,sweep_all::ld14,onnx,0.4124794900417328,-0.049138796496976535,0.0,5.327876168789581,7.135860485480187,0,16,10,938,16,6,0,2,0,0,0,0,7,2,16,5272.0,1,0,0,0,0,0,0,0,0,0,MLP,0,marabou,ERROR,0.13746047019958496,error,600.0
ld14,sweep_all,synthetic,Dominant Key Attn,sweep_all::ld14,onnx,0.4124794900417328,-0.049138796496976535,0.0,5.327876168789581,7.135860485480187,0,16,10,938,16,6,0,2,0,0,0,0,7,2,16,5272.0,1,0,0,0,0,0,0,0,0,0,MLP,0,nnenum,missing,,missing,600.0
ld14,sweep_all,synthetic,Dominant Key Attn,sweep_all::ld14,onnx,0.4124794900417328,-0.049138796496976535,0.0,5.327876168789581,7.135860485480187,0,16,10,938,16,6,0,2,0,0,0,0,7,2,16,5272.0,1,0,0,0,0,0,0,0,0,0,MLP,0,pyrat,ERROR,3.4842770099639893,error,600.0
ld15,sweep_all,synthetic,Dominant Key Attn,sweep_all::ld15,onnx,0.4251691997051239,-0.1795267010507465,0.0,5.5053315359323625,6.525248996871173,0,16,10,1354,16,6,0,2,0,0,0,0,7,2,32,6936.0,1,0,0,0,0,0,0,0,0,0,MLP,0,abcrown,UNSAT,106.52597141265869,solved,600.0
ld15,sweep_all,synthetic,Dominant Key Attn,sweep_all::ld15,onnx,0.4251691997051239,-0.1795267010507465,0.0,5.5053315359323625,6.525248996871173,0,16,10,1354,16,6,0,2,0,0,0,0,7,2,32,6936.0,1,0,0,0,0,0,0,0,0,0,MLP,0,neuralsat,UNSAT,78.58188533782959,solved,600.0
ld15,sweep_all,synthetic,Dominant Key Attn,sweep_all::ld15,onnx,0.4251691997051239,-0.1795267010507465,0.0,5.5053315359323625,6.525248996871173,0,16,10,1354,16,6,0,2,0,0,0,0,7,2,32,6936.0,1,0,0,0,0,0,0,0,0,0,MLP,0,marabou,ERROR,0.13481926918029785,error,600.0
ld15,sweep_all,synthetic,Dominant Key Attn,sweep_all::ld15,onnx,0.4251691997051239,-0.1795267010507465,0.0,5.5053315359323625,6.525248996871173,0,16,10,1354,16,6,0,2,0,0,0,0,7,2,32,6936.0,1,0,0,0,0,0,0,0,0,0,MLP,0,nnenum,missing,,missing,600.0
ld15,sweep_all,synthetic,Dominant Key Attn,sweep_all::ld15,onnx,0.4251691997051239,-0.1795267010507465,0.0,5.5053315359323625,6.525248996871173,0,16,10,1354,16,6,0,2,0,0,0,0,7,2,32,6936.0,1,0,0,0,0,0,0,0,0,0,MLP,0,pyrat,ERROR,3.49973464012146,error,600.0
ld16,sweep_all,synthetic,Dominant Key Attn,sweep_all::ld16,onnx,0.15260827541351318,-0.1993985874237327,0.0,5.929589143389895,6.808502380897761,0,16,10,938,16,6,0,2,0,0,0,0,7,2,16,5272.0,1,0,0,0,0,0,0,0,0,0,MLP,0,abcrown,UNSAT,107.96197199821472,solved,600.0
ld16,sweep_all,synthetic,Dominant Key Attn,sweep_all::ld16,onnx,0.15260827541351318,-0.1993985874237327,0.0,5.929589143389895,6.808502380897761,0,16,10,938,16,6,0,2,0,0,0,0,7,2,16,5272.0,1,0,0,0,0,0,0,0,0,0,MLP,0,neuralsat,UNSAT,76.07431101799011,solved,600.0
ld16,sweep_all,synthetic,Dominant Key Attn,sweep_all::ld16,onnx,0.15260827541351318,-0.1993985874237327,0.0,5.929589143389895,6.808502380897761,0,16,10,938,16,6,0,2,0,0,0,0,7,2,16,5272.0,1,0,0,0,0,0,0,0,0,0,MLP,0,marabou,ERROR,0.14064383506774902,error,600.0
ld16,sweep_all,synthetic,Dominant Key Attn,sweep_all::ld16,onnx,0.15260827541351318,-0.1993985874237327,0.0,5.929589143389895,6.808502380897761,0,16,10,938,16,6,0,2,0,0,0,0,7,2,16,5272.0,1,0,0,0,0,0,0,0,0,0,MLP,0,nnenum,missing,,missing,600.0
ld16,sweep_all,synthetic,Dominant Key Attn,sweep_all::ld16,onnx,0.15260827541351318,-0.1993985874237327,0.0,5.929589143389895,6.808502380897761,0,16,10,938,16,6,0,2,0,0,0,0,7,2,16,5272.0,1,0,0,0,0,0,0,0,0,0,MLP,0,pyrat,ERROR,3.6314640045166016,error,600.0
ld17,sweep_all,synthetic,Dominant Key Attn,sweep_all::ld17,onnx,0.3980410099029541,-0.18154044911470082,0.0,5.545177444479562,7.1421355670047655,0,16,10,938,16,6,0,2,0,0,0,0,7,2,16,5272.0,1,0,0,0,0,0,0,0,0,0,MLP,0,abcrown,UNSAT,108.02545309066772,solved,600.0
ld17,sweep_all,synthetic,Dominant Key Attn,sweep_all::ld17,onnx,0.3980410099029541,-0.18154044911470082,0.0,5.545177444479562,7.1421355670047655,0,16,10,938,16,6,0,2,0,0,0,0,7,2,16,5272.0,1,0,0,0,0,0,0,0,0,0,MLP,0,neuralsat,UNSAT,55.1463406085968,solved,600.0
ld17,sweep_all,synthetic,Dominant Key Attn,sweep_all::ld17,onnx,0.3980410099029541,-0.18154044911470082,0.0,5.545177444479562,7.1421355670047655,0,16,10,938,16,6,0,2,0,0,0,0,7,2,16,5272.0,1,0,0,0,0,0,0,0,0,0,MLP,0,marabou,ERROR,0.13982367515563965,error,600.0
ld17,sweep_all,synthetic,Dominant Key Attn,sweep_all::ld17,onnx,0.3980410099029541,-0.18154044911470082,0.0,5.545177444479562,7.1421355670047655,0,16,10,938,16,6,0,2,0,0,0,0,7,2,16,5272.0,1,0,0,0,0,0,0,0,0,0,MLP,0,nnenum,missing,,missing,600.0
ld17,sweep_all,synthetic,Dominant Key Attn,sweep_all::ld17,onnx,0.3980410099029541,-0.18154044911470082,0.0,5.545177444479562,7.1421355670047655,0,16,10,938,16,6,0,2,0,0,0,0,7,2,16,5272.0,1,0,0,0,0,0,0,0,0,0,MLP,0,pyrat,ERROR,3.609149217605591,error,600.0
ld18,sweep_all,synthetic,Dominant Key Attn,sweep_all::ld18,onnx,0.9507720470428467,-0.18001707132712752,0.0,5.049856007249537,6.655723667484889,0,16,10,938,16,6,0,2,0,0,0,0,7,2,16,5272.0,1,0,0,0,0,0,0,0,0,0,MLP,0,abcrown,UNSAT,93.1939697265625,solved,600.0
ld18,sweep_all,synthetic,Dominant Key Attn,sweep_all::ld18,onnx,0.9507720470428467,-0.18001707132712752,0.0,5.049856007249537,6.655723667484889,0,16,10,938,16,6,0,2,0,0,0,0,7,2,16,5272.0,1,0,0,0,0,0,0,0,0,0,MLP,0,neuralsat,UNSAT,72.1091423034668,solved,600.0
ld18,sweep_all,synthetic,Dominant Key Attn,sweep_all::ld18,onnx,0.9507720470428467,-0.18001707132712752,0.0,5.049856007249537,6.655723667484889,0,16,10,938,16,6,0,2,0,0,0,0,7,2,16,5272.0,1,0,0,0,0,0,0,0,0,0,MLP,0,marabou,ERROR,0.1353142261505127,error,600.0
ld18,sweep_all,synthetic,Dominant Key Attn,sweep_all::ld18,onnx,0.9507720470428467,-0.18001707132712752,0.0,5.049856007249537,6.655723667484889,0,16,10,938,16,6,0,2,0,0,0,0,7,2,16,5272.0,1,0,0,0,0,0,0,0,0,0,MLP,0,nnenum,missing,,missing,600.0
ld18,sweep_all,synthetic,Dominant Key Attn,sweep_all::ld18,onnx,0.9507720470428467,-0.18001707132712752,0.0,5.049856007249537,6.655723667484889,0,16,10,938,16,6,0,2,0,0,0,0,7,2,16,5272.0,1,0,0,0,0,0,0,0,0,0,MLP,0,pyrat,ERROR,3.821255922317505,error,600.0
fp1,sweep_all,synthetic,Fixed Order Attn,sweep_all::fp1,onnx,0.33158329129219055,0.05396667238579426,1.0,0.6931471805599453,46.95985758488482,0,64,50,6483,27,4,0,0,1,1,1,0,12,0,128,28239.0,0,0,1,0,0,0,0,1,1,0,ATTENTION,0,abcrown,UNSAT,139.99962329864502,solved,600.0
fp1,sweep_all,synthetic,Fixed Order Attn,sweep_all::fp1,onnx,0.33158329129219055,0.05396667238579426,1.0,0.6931471805599453,46.95985758488482,0,64,50,6483,27,4,0,0,1,1,1,0,12,0,128,28239.0,0,0,1,0,0,0,0,1,1,0,ATTENTION,0,neuralsat,UNSAT,142.33028602600098,solved,600.0
fp1,sweep_all,synthetic,Fixed Order Attn,sweep_all::fp1,onnx,0.33158329129219055,0.05396667238579426,1.0,0.6931471805599453,46.95985758488482,0,64,50,6483,27,4,0,0,1,1,1,0,12,0,128,28239.0,0,0,1,0,0,0,0,1,1,0,ATTENTION,0,marabou,ERROR,0.009723424911499023,error,600.0
fp1,sweep_all,synthetic,Fixed Order Attn,sweep_all::fp1,onnx,0.33158329129219055,0.05396667238579426,1.0,0.6931471805599453,46.95985758488482,0,64,50,6483,27,4,0,0,1,1,1,0,12,0,128,28239.0,0,0,1,0,0,0,0,1,1,0,ATTENTION,0,nnenum,missing,,missing,600.0
fp1,sweep_all,synthetic,Fixed Order Attn,sweep_all::fp1,onnx,0.33158329129219055,0.05396667238579426,1.0,0.6931471805599453,46.95985758488482,0,64,50,6483,27,4,0,0,1,1,1,0,12,0,128,28239.0,0,0,1,0,0,0,0,1,1,0,ATTENTION,0,pyrat,UNSAT,4.313469171524048,solved,600.0
fp2,sweep_all,synthetic,Fixed Order Attn,sweep_all::fp2,onnx,0.6641641855239868,0.05390409937291452,1.0,0.6931471805599453,46.9579222981112,0,64,50,6483,27,4,0,0,1,1,1,0,12,0,128,28239.0,0,0,1,0,0,0,0,1,1,0,ATTENTION,0,abcrown,UNSAT,132.19660687446594,solved,600.0
fp2,sweep_all,synthetic,Fixed Order Attn,sweep_all::fp2,onnx,0.6641641855239868,0.05390409937291452,1.0,0.6931471805599453,46.9579222981112,0,64,50,6483,27,4,0,0,1,1,1,0,12,0,128,28239.0,0,0,1,0,0,0,0,1,1,0,ATTENTION,0,neuralsat,UNSAT,124.08227896690369,solved,600.0
fp2,sweep_all,synthetic,Fixed Order Attn,sweep_all::fp2,onnx,0.6641641855239868,0.05390409937291452,1.0,0.6931471805599453,46.9579222981112,0,64,50,6483,27,4,0,0,1,1,1,0,12,0,128,28239.0,0,0,1,0,0,0,0,1,1,0,ATTENTION,0,marabou,ERROR,0.0059528350830078125,error,600.0
fp2,sweep_all,synthetic,Fixed Order Attn,sweep_all::fp2,onnx,0.6641641855239868,0.05390409937291452,1.0,0.6931471805599453,46.9579222981112,0,64,50,6483,27,4,0,0,1,1,1,0,12,0,128,28239.0,0,0,1,0,0,0,0,1,1,0,ATTENTION,0,nnenum,missing,,missing,600.0
fp2,sweep_all,synthetic,Fixed Order Attn,sweep_all::fp2,onnx,0.6641641855239868,0.05390409937291452,1.0,0.6931471805599453,46.9579222981112,0,64,50,6483,27,4,0,0,1,1,1,0,12,0,128,28239.0,0,0,1,0,0,0,0,1,1,0,ATTENTION,0,pyrat,UNSAT,4.844157934188843,solved,600.0
fp3,sweep_all,synthetic,Fixed Order Attn,sweep_all::fp3,onnx,6.822356700897217,0.05216418024675631,1.0,1.6094379124341003,46.89924824333223,0,64,50,6483,27,4,0,0,1,1,1,0,12,0,128,28239.0,0,0,1,0,0,0,0,1,1,0,ATTENTION,0,abcrown,UNSAT,137.30164909362793,solved,600.0
fp3,sweep_all,synthetic,Fixed Order Attn,sweep_all::fp3,onnx,6.822356700897217,0.05216418024675631,1.0,1.6094379124341003,46.89924824333223,0,64,50,6483,27,4,0,0,1,1,1,0,12,0,128,28239.0,0,0,1,0,0,0,0,1,1,0,ATTENTION,0,neuralsat,UNSAT,135.79427576065063,solved,600.0
fp3,sweep_all,synthetic,Fixed Order Attn,sweep_all::fp3,onnx,6.822356700897217,0.05216418024675631,1.0,1.6094379124341003,46.89924824333223,0,64,50,6483,27,4,0,0,1,1,1,0,12,0,128,28239.0,0,0,1,0,0,0,0,1,1,0,ATTENTION,0,marabou,ERROR,0.008640766143798828,error,600.0
fp3,sweep_all,synthetic,Fixed Order Attn,sweep_all::fp3,onnx,6.822356700897217,0.05216418024675631,1.0,1.6094379124341003,46.89924824333223,0,64,50,6483,27,4,0,0,1,1,1,0,12,0,128,28239.0,0,0,1,0,0,0,0,1,1,0,ATTENTION,0,nnenum,missing,,missing,600.0
fp3,sweep_all,synthetic,Fixed Order Attn,sweep_all::fp3,onnx,6.822356700897217,0.05216418024675631,1.0,1.6094379124341003,46.89924824333223,0,64,50,6483,27,4,0,0,1,1,1,0,12,0,128,28239.0,0,0,1,0,0,0,0,1,1,0,ATTENTION,0,pyrat,UNSAT,4.263689041137695,solved,600.0
fp4,sweep_all,synthetic,Fixed Order Attn,sweep_all::fp4,onnx,2.7773396968841553,0.05151336075253315,1.0,1.9459101490553132,41.96600920847314,0,64,50,6483,27,4,0,0,1,1,1,0,12,0,128,28239.0,0,0,1,0,0,0,0,1,1,0,ATTENTION,0,abcrown,UNSAT,120.38196730613708,solved,600.0
fp4,sweep_all,synthetic,Fixed Order Attn,sweep_all::fp4,onnx,2.7773396968841553,0.05151336075253315,1.0,1.9459101490553132,41.96600920847314,0,64,50,6483,27,4,0,0,1,1,1,0,12,0,128,28239.0,0,0,1,0,0,0,0,1,1,0,ATTENTION,0,neuralsat,UNSAT,189.3823263645172,solved,600.0
fp4,sweep_all,synthetic,Fixed Order Attn,sweep_all::fp4,onnx,2.7773396968841553,0.05151336075253315,1.0,1.9459101490553132,41.96600920847314,0,64,50,6483,27,4,0,0,1,1,1,0,12,0,128,28239.0,0,0,1,0,0,0,0,1,1,0,ATTENTION,0,marabou,ERROR,0.0058705806732177734,error,600.0
fp4,sweep_all,synthetic,Fixed Order Attn,sweep_all::fp4,onnx,2.7773396968841553,0.05151336075253315,1.0,1.9459101490553132,41.96600920847314,0,64,50,6483,27,4,0,0,1,1,1,0,12,0,128,28239.0,0,0,1,0,0,0,0,1,1,0,ATTENTION,0,nnenum,missing,,missing,600.0
fp4,sweep_all,synthetic,Fixed Order Attn,sweep_all::fp4,onnx,2.7773396968841553,0.05151336075253315,1.0,1.9459101490553132,41.96600920847314,0,64,50,6483,27,4,0,0,1,1,1,0,12,0,128,28239.0,0,0,1,0,0,0,0,1,1,0,ATTENTION,0,pyrat,UNSAT,4.5041773319244385,solved,600.0
fp5,sweep_all,synthetic,Fixed Order Attn,sweep_all::fp5,onnx,6.710116386413574,0.05689358309122701,1.0,2.772588722239781,38.56984286837773,0,64,50,6483,27,4,0,0,1,1,1,0,12,0,128,28239.0,0,0,1,0,0,0,0,1,1,0,ATTENTION,0,abcrown,UNSAT,142.6059033870697,solved,600.0
fp5,sweep_all,synthetic,Fixed Order Attn,sweep_all::fp5,onnx,6.710116386413574,0.05689358309122701,1.0,2.772588722239781,38.56984286837773,0,64,50,6483,27,4,0,0,1,1,1,0,12,0,128,28239.0,0,0,1,0,0,0,0,1,1,0,ATTENTION,0,neuralsat,UNSAT,137.90624046325684,solved,600.0
fp5,sweep_all,synthetic,Fixed Order Attn,sweep_all::fp5,onnx,6.710116386413574,0.05689358309122701,1.0,2.772588722239781,38.56984286837773,0,64,50,6483,27,4,0,0,1,1,1,0,12,0,128,28239.0,0,0,1,0,0,0,0,1,1,0,ATTENTION,0,marabou,ERROR,0.005866527557373047,error,600.0
fp5,sweep_all,synthetic,Fixed Order Attn,sweep_all::fp5,onnx,6.710116386413574,0.05689358309122701,1.0,2.772588722239781,38.56984286837773,0,64,50,6483,27,4,0,0,1,1,1,0,12,0,128,28239.0,0,0,1,0,0,0,0,1,1,0,ATTENTION,0,nnenum,missing,,missing,600.0
fp5,sweep_all,synthetic,Fixed Order Attn,sweep_all::fp5,onnx,6.710116386413574,0.05689358309122701,1.0,2.772588722239781,38.56984286837773,0,64,50,6483,27,4,0,0,1,1,1,0,12,0,128,28239.0,0,0,1,0,0,0,0,1,1,0,ATTENTION,0,pyrat,UNSAT,4.03971004486084,solved,600.0
fp6,sweep_all,synthetic,Fixed Order Attn,sweep_all::fp6,onnx,13.275288581848145,0.04061739479225096,1.0,3.58351893845611,36.08707225501676,0,64,50,6483,27,4,0,0,1,1,1,0,12,0,128,28239.0,0,0,1,0,0,0,0,1,1,0,ATTENTION,0,abcrown,UNSAT,137.8340871334076,solved,600.0
fp6,sweep_all,synthetic,Fixed Order Attn,sweep_all::fp6,onnx,13.275288581848145,0.04061739479225096,1.0,3.58351893845611,36.08707225501676,0,64,50,6483,27,4,0,0,1,1,1,0,12,0,128,28239.0,0,0,1,0,0,0,0,1,1,0,ATTENTION,0,neuralsat,UNSAT,144.26629066467285,solved,600.0
fp6,sweep_all,synthetic,Fixed Order Attn,sweep_all::fp6,onnx,13.275288581848145,0.04061739479225096,1.0,3.58351893845611,36.08707225501676,0,64,50,6483,27,4,0,0,1,1,1,0,12,0,128,28239.0,0,0,1,0,0,0,0,1,1,0,ATTENTION,0,marabou,ERROR,0.005659580230712891,error,600.0
fp6,sweep_all,synthetic,Fixed Order Attn,sweep_all::fp6,onnx,13.275288581848145,0.04061739479225096,1.0,3.58351893845611,36.08707225501676,0,64,50,6483,27,4,0,0,1,1,1,0,12,0,128,28239.0,0,0,1,0,0,0,0,1,1,0,ATTENTION,0,nnenum,missing,,missing,600.0
fp6,sweep_all,synthetic,Fixed Order Attn,sweep_all::fp6,onnx,13.275288581848145,0.04061739479225096,1.0,3.58351893845611,36.08707225501676,0,64,50,6483,27,4,0,0,1,1,1,0,12,0,128,28239.0,0,0,1,0,0,0,0,1,1,0,ATTENTION,0,pyrat,UNSAT,4.237649917602539,solved,600.0
fp7,sweep_all,synthetic,Fixed Order Attn,sweep_all::fp7,onnx,0.026993393898010254,0.15108617407372735,1.0,0.0,7.076536982883798,0,8,50,883,27,4,0,0,1,1,1,0,12,0,50,5835.0,0,0,1,0,0,0,0,1,1,0,ATTENTION,0,abcrown,UNSAT,109.52582693099976,solved,600.0
fp7,sweep_all,synthetic,Fixed Order Attn,sweep_all::fp7,onnx,0.026993393898010254,0.15108617407372735,1.0,0.0,7.076536982883798,0,8,50,883,27,4,0,0,1,1,1,0,12,0,50,5835.0,0,0,1,0,0,0,0,1,1,0,ATTENTION,0,neuralsat,UNSAT,71.43442869186401,solved,600.0
fp7,sweep_all,synthetic,Fixed Order Attn,sweep_all::fp7,onnx,0.026993393898010254,0.15108617407372735,1.0,0.0,7.076536982883798,0,8,50,883,27,4,0,0,1,1,1,0,12,0,50,5835.0,0,0,1,0,0,0,0,1,1,0,ATTENTION,0,marabou,ERROR,0.006670951843261719,error,600.0
fp7,sweep_all,synthetic,Fixed Order Attn,sweep_all::fp7,onnx,0.026993393898010254,0.15108617407372735,1.0,0.0,7.076536982883798,0,8,50,883,27,4,0,0,1,1,1,0,12,0,50,5835.0,0,0,1,0,0,0,0,1,1,0,ATTENTION,0,nnenum,missing,,missing,600.0
fp7,sweep_all,synthetic,Fixed Order Attn,sweep_all::fp7,onnx,0.026993393898010254,0.15108617407372735,1.0,0.0,7.076536982883798,0,8,50,883,27,4,0,0,1,1,1,0,12,0,50,5835.0,0,0,1,0,0,0,0,1,1,0,ATTENTION,0,pyrat,UNSAT,3.660762071609497,solved,600.0
fp8,sweep_all,synthetic,Fixed Order Attn,sweep_all::fp8,onnx,0.22077259421348572,0.10265366738889872,1.0,0.6931471805599453,19.62855118416751,0,32,50,3283,27,4,0,0,1,1,1,0,12,0,64,15435.0,0,0,1,0,0,0,0,1,1,0,ATTENTION,0,abcrown,UNSAT,112.7579939365387,solved,600.0
fp8,sweep_all,synthetic,Fixed Order Attn,sweep_all::fp8,onnx,0.22077259421348572,0.10265366738889872,1.0,0.6931471805599453,19.62855118416751,0,32,50,3283,27,4,0,0,1,1,1,0,12,0,64,15435.0,0,0,1,0,0,0,0,1,1,0,ATTENTION,0,neuralsat,UNSAT,94.18534398078918,solved,600.0
fp8,sweep_all,synthetic,Fixed Order Attn,sweep_all::fp8,onnx,0.22077259421348572,0.10265366738889872,1.0,0.6931471805599453,19.62855118416751,0,32,50,3283,27,4,0,0,1,1,1,0,12,0,64,15435.0,0,0,1,0,0,0,0,1,1,0,ATTENTION,0,marabou,ERROR,0.006049156188964844,error,600.0
fp8,sweep_all,synthetic,Fixed Order Attn,sweep_all::fp8,onnx,0.22077259421348572,0.10265366738889872,1.0,0.6931471805599453,19.62855118416751,0,32,50,3283,27,4,0,0,1,1,1,0,12,0,64,15435.0,0,0,1,0,0,0,0,1,1,0,ATTENTION,0,nnenum,missing,,missing,600.0
fp8,sweep_all,synthetic,Fixed Order Attn,sweep_all::fp8,onnx,0.22077259421348572,0.10265366738889872,1.0,0.6931471805599453,19.62855118416751,0,32,50,3283,27,4,0,0,1,1,1,0,12,0,64,15435.0,0,0,1,0,0,0,0,1,1,0,ATTENTION,0,pyrat,UNSAT,3.681615114212036,solved,600.0
fp9,sweep_all,synthetic,Fixed Order Attn,sweep_all::fp9,onnx,1.8341386318206787,0.02538991945205484,1.0,2.0794415416798357,70.09986169447473,0,128,50,12883,27,4,0,0,1,1,1,0,12,0,256,53840.0,0,0,1,0,0,0,0,1,1,0,ATTENTION,0,abcrown,UNSAT,154.25559210777283,solved,600.0
fp9,sweep_all,synthetic,Fixed Order Attn,sweep_all::fp9,onnx,1.8341386318206787,0.02538991945205484,1.0,2.0794415416798357,70.09986169447473,0,128,50,12883,27,4,0,0,1,1,1,0,12,0,256,53840.0,0,0,1,0,0,0,0,1,1,0,ATTENTION,0,neuralsat,UNSAT,179.35443425178528,solved,600.0
fp9,sweep_all,synthetic,Fixed Order Attn,sweep_all::fp9,onnx,1.8341386318206787,0.02538991945205484,1.0,2.0794415416798357,70.09986169447473,0,128,50,12883,27,4,0,0,1,1,1,0,12,0,256,53840.0,0,0,1,0,0,0,0,1,1,0,ATTENTION,0,marabou,ERROR,0.006568431854248047,error,600.0
fp9,sweep_all,synthetic,Fixed Order Attn,sweep_all::fp9,onnx,1.8341386318206787,0.02538991945205484,1.0,2.0794415416798357,70.09986169447473,0,128,50,12883,27,4,0,0,1,1,1,0,12,0,256,53840.0,0,0,1,0,0,0,0,1,1,0,ATTENTION,0,nnenum,missing,,missing,600.0
fp9,sweep_all,synthetic,Fixed Order Attn,sweep_all::fp9,onnx,1.8341386318206787,0.02538991945205484,1.0,2.0794415416798357,70.09986169447473,0,128,50,12883,27,4,0,0,1,1,1,0,12,0,256,53840.0,0,0,1,0,0,0,0,1,1,0,ATTENTION,0,pyrat,UNSAT,36.333028078079224,solved,600.0
fp10,sweep_all,synthetic,Fixed Order Attn,sweep_all::fp10,onnx,0.6677330732345581,0.05520275376414314,1.0,1.9459101490553132,43.37167288773484,0,64,50,6483,27,4,0,0,1,1,1,0,12,0,128,28239.0,0,0,1,0,0,0,0,1,1,0,ATTENTION,0,abcrown,UNSAT,142.29194974899292,solved,600.0
fp10,sweep_all,synthetic,Fixed Order Attn,sweep_all::fp10,onnx,0.6677330732345581,0.05520275376414314,1.0,1.9459101490553132,43.37167288773484,0,64,50,6483,27,4,0,0,1,1,1,0,12,0,128,28239.0,0,0,1,0,0,0,0,1,1,0,ATTENTION,0,neuralsat,UNSAT,152.33842134475708,solved,600.0
fp10,sweep_all,synthetic,Fixed Order Attn,sweep_all::fp10,onnx,0.6677330732345581,0.05520275376414314,1.0,1.9459101490553132,43.37167288773484,0,64,50,6483,27,4,0,0,1,1,1,0,12,0,128,28239.0,0,0,1,0,0,0,0,1,1,0,ATTENTION,0,marabou,ERROR,0.005746364593505859,error,600.0
fp10,sweep_all,synthetic,Fixed Order Attn,sweep_all::fp10,onnx,0.6677330732345581,0.05520275376414314,1.0,1.9459101490553132,43.37167288773484,0,64,50,6483,27,4,0,0,1,1,1,0,12,0,128,28239.0,0,0,1,0,0,0,0,1,1,0,ATTENTION,0,nnenum,missing,,missing,600.0
fp10,sweep_all,synthetic,Fixed Order Attn,sweep_all::fp10,onnx,0.6677330732345581,0.05520275376414314,1.0,1.9459101490553132,43.37167288773484,0,64,50,6483,27,4,0,0,1,1,1,0,12,0,128,28239.0,0,0,1,0,0,0,0,1,1,0,ATTENTION,0,pyrat,UNSAT,5.040977239608765,solved,600.0
fp11,sweep_all,synthetic,Fixed Order Attn,sweep_all::fp11,onnx,0.8550734519958496,0.044318589921201516,1.0,0.0,68.56503975663617,0,128,50,6515,27,4,0,0,1,1,1,0,12,0,128,28368.0,0,0,1,0,0,0,0,1,1,0,ATTENTION,0,abcrown,UNSAT,141.53439235687256,solved,600.0
fp11,sweep_all,synthetic,Fixed Order Attn,sweep_all::fp11,onnx,0.8550734519958496,0.044318589921201516,1.0,0.0,68.56503975663617,0,128,50,6515,27,4,0,0,1,1,1,0,12,0,128,28368.0,0,0,1,0,0,0,0,1,1,0,ATTENTION,0,neuralsat,UNSAT,137.96623301506042,solved,600.0
fp11,sweep_all,synthetic,Fixed Order Attn,sweep_all::fp11,onnx,0.8550734519958496,0.044318589921201516,1.0,0.0,68.56503975663617,0,128,50,6515,27,4,0,0,1,1,1,0,12,0,128,28368.0,0,0,1,0,0,0,0,1,1,0,ATTENTION,0,marabou,ERROR,0.0058939456939697266,error,600.0
fp11,sweep_all,synthetic,Fixed Order Attn,sweep_all::fp11,onnx,0.8550734519958496,0.044318589921201516,1.0,0.0,68.56503975663617,0,128,50,6515,27,4,0,0,1,1,1,0,12,0,128,28368.0,0,0,1,0,0,0,0,1,1,0,ATTENTION,0,nnenum,missing,,missing,600.0
fp11,sweep_all,synthetic,Fixed Order Attn,sweep_all::fp11,onnx,0.8550734519958496,0.044318589921201516,1.0,0.0,68.56503975663617,0,128,50,6515,27,4,0,0,1,1,1,0,12,0,128,28368.0,0,0,1,0,0,0,0,1,1,0,ATTENTION,0,pyrat,UNSAT,4.341092824935913,solved,600.0
fp12,sweep_all,synthetic,Fixed Order Attn,sweep_all::fp12,onnx,0.958109974861145,0.046064420497166816,1.0,0.0,147.97906902665798,0,256,50,6579,26,4,0,0,1,1,1,0,12,0,128,28549.0,0,0,1,0,0,0,0,1,1,0,ATTENTION,0,abcrown,UNSAT,148.72590684890747,solved,600.0
fp12,sweep_all,synthetic,Fixed Order Attn,sweep_all::fp12,onnx,0.958109974861145,0.046064420497166816,1.0,0.0,147.97906902665798,0,256,50,6579,26,4,0,0,1,1,1,0,12,0,128,28549.0,0,0,1,0,0,0,0,1,1,0,ATTENTION,0,neuralsat,UNSAT,149.17038440704346,solved,600.0
fp12,sweep_all,synthetic,Fixed Order Attn,sweep_all::fp12,onnx,0.958109974861145,0.046064420497166816,1.0,0.0,147.97906902665798,0,256,50,6579,26,4,0,0,1,1,1,0,12,0,128,28549.0,0,0,1,0,0,0,0,1,1,0,ATTENTION,0,marabou,ERROR,0.0059356689453125,error,600.0
fp12,sweep_all,synthetic,Fixed Order Attn,sweep_all::fp12,onnx,0.958109974861145,0.046064420497166816,1.0,0.0,147.97906902665798,0,256,50,6579,26,4,0,0,1,1,1,0,12,0,128,28549.0,0,0,1,0,0,0,0,1,1,0,ATTENTION,0,nnenum,missing,,missing,600.0
fp12,sweep_all,synthetic,Fixed Order Attn,sweep_all::fp12,onnx,0.958109974861145,0.046064420497166816,1.0,0.0,147.97906902665798,0,256,50,6579,26,4,0,0,1,1,1,0,12,0,128,28549.0,0,0,1,0,0,0,0,1,1,0,ATTENTION,0,pyrat,UNSAT,3.9652209281921387,solved,600.0
fp13,sweep_all,synthetic,Fixed Order Attn,sweep_all::fp13,onnx,32.54780578613281,0.012614861406982935,1.0,4.174387269895637,41.91160423463802,0,64,50,6483,27,4,0,0,1,1,1,0,12,0,128,28239.0,0,0,1,0,0,0,0,1,1,0,ATTENTION,0,abcrown,UNSAT,144.205992937088,solved,600.0
fp13,sweep_all,synthetic,Fixed Order Attn,sweep_all::fp13,onnx,32.54780578613281,0.012614861406982935,1.0,4.174387269895637,41.91160423463802,0,64,50,6483,27,4,0,0,1,1,1,0,12,0,128,28239.0,0,0,1,0,0,0,0,1,1,0,ATTENTION,0,neuralsat,UNSAT,148.4423005580902,solved,600.0
fp13,sweep_all,synthetic,Fixed Order Attn,sweep_all::fp13,onnx,32.54780578613281,0.012614861406982935,1.0,4.174387269895637,41.91160423463802,0,64,50,6483,27,4,0,0,1,1,1,0,12,0,128,28239.0,0,0,1,0,0,0,0,1,1,0,ATTENTION,0,marabou,ERROR,0.006877422332763672,error,600.0
fp13,sweep_all,synthetic,Fixed Order Attn,sweep_all::fp13,onnx,32.54780578613281,0.012614861406982935,1.0,4.174387269895637,41.91160423463802,0,64,50,6483,27,4,0,0,1,1,1,0,12,0,128,28239.0,0,0,1,0,0,0,0,1,1,0,ATTENTION,0,nnenum,missing,,missing,600.0
fp13,sweep_all,synthetic,Fixed Order Attn,sweep_all::fp13,onnx,32.54780578613281,0.012614861406982935,1.0,4.174387269895637,41.91160423463802,0,64,50,6483,27,4,0,0,1,1,1,0,12,0,128,28239.0,0,0,1,0,0,0,0,1,1,0,ATTENTION,0,pyrat,UNSAT,4.245492219924927,solved,600.0
fp14,sweep_all,synthetic,Fixed Order Attn,sweep_all::fp14,onnx,12.992792129516602,0.03160099086680326,1.0,2.5649493574615367,42.074983500605235,0,64,50,6483,27,4,0,0,1,1,1,0,12,0,128,28239.0,0,0,1,0,0,0,0,1,1,0,ATTENTION,0,abcrown,UNSAT,141.90998125076294,solved,600.0
fp14,sweep_all,synthetic,Fixed Order Attn,sweep_all::fp14,onnx,12.992792129516602,0.03160099086680326,1.0,2.5649493574615367,42.074983500605235,0,64,50,6483,27,4,0,0,1,1,1,0,12,0,128,28239.0,0,0,1,0,0,0,0,1,1,0,ATTENTION,0,neuralsat,UNSAT,152.1504156589508,solved,600.0
fp14,sweep_all,synthetic,Fixed Order Attn,sweep_all::fp14,onnx,12.992792129516602,0.03160099086680326,1.0,2.5649493574615367,42.074983500605235,0,64,50,6483,27,4,0,0,1,1,1,0,12,0,128,28239.0,0,0,1,0,0,0,0,1,1,0,ATTENTION,0,marabou,ERROR,0.006163597106933594,error,600.0
fp14,sweep_all,synthetic,Fixed Order Attn,sweep_all::fp14,onnx,12.992792129516602,0.03160099086680326,1.0,2.5649493574615367,42.074983500605235,0,64,50,6483,27,4,0,0,1,1,1,0,12,0,128,28239.0,0,0,1,0,0,0,0,1,1,0,ATTENTION,0,nnenum,missing,,missing,600.0
fp14,sweep_all,synthetic,Fixed Order Attn,sweep_all::fp14,onnx,12.992792129516602,0.03160099086680326,1.0,2.5649493574615367,42.074983500605235,0,64,50,6483,27,4,0,0,1,1,1,0,12,0,128,28239.0,0,0,1,0,0,0,0,1,1,0,ATTENTION,0,pyrat,UNSAT,4.318490028381348,solved,600.0
fp15,sweep_all,synthetic,Fixed Order Attn,sweep_all::fp15,onnx,7.126287937164307,0.0576155649391963,1.0,1.9459101490553132,42.09234094459674,0,64,50,6483,27,4,0,0,1,1,1,0,12,0,128,28239.0,0,0,1,0,0,0,0,1,1,0,ATTENTION,0,abcrown,UNSAT,144.39936351776123,solved,600.0
fp15,sweep_all,synthetic,Fixed Order Attn,sweep_all::fp15,onnx,7.126287937164307,0.0576155649391963,1.0,1.9459101490553132,42.09234094459674,0,64,50,6483,27,4,0,0,1,1,1,0,12,0,128,28239.0,0,0,1,0,0,0,0,1,1,0,ATTENTION,0,neuralsat,UNSAT,143.99817991256714,solved,600.0
fp15,sweep_all,synthetic,Fixed Order Attn,sweep_all::fp15,onnx,7.126287937164307,0.0576155649391963,1.0,1.9459101490553132,42.09234094459674,0,64,50,6483,27,4,0,0,1,1,1,0,12,0,128,28239.0,0,0,1,0,0,0,0,1,1,0,ATTENTION,0,marabou,ERROR,0.006003141403198242,error,600.0
fp15,sweep_all,synthetic,Fixed Order Attn,sweep_all::fp15,onnx,7.126287937164307,0.0576155649391963,1.0,1.9459101490553132,42.09234094459674,0,64,50,6483,27,4,0,0,1,1,1,0,12,0,128,28239.0,0,0,1,0,0,0,0,1,1,0,ATTENTION,0,nnenum,missing,,missing,600.0
fp15,sweep_all,synthetic,Fixed Order Attn,sweep_all::fp15,onnx,7.126287937164307,0.0576155649391963,1.0,1.9459101490553132,42.09234094459674,0,64,50,6483,27,4,0,0,1,1,1,0,12,0,128,28239.0,0,0,1,0,0,0,0,1,1,0,ATTENTION,0,pyrat,UNSAT,3.8550429344177246,solved,600.0
fp16,sweep_all,synthetic,Fixed Order Attn,sweep_all::fp16,onnx,6.4809722900390625,0.06335239328983783,1.0,1.791759469228055,42.08231131202851,0,64,50,6483,27,4,0,0,1,1,1,0,12,0,128,28239.0,0,0,1,0,0,0,0,1,1,0,ATTENTION,0,abcrown,UNSAT,146.43661522865295,solved,600.0
fp16,sweep_all,synthetic,Fixed Order Attn,sweep_all::fp16,onnx,6.4809722900390625,0.06335239328983783,1.0,1.791759469228055,42.08231131202851,0,64,50,6483,27,4,0,0,1,1,1,0,12,0,128,28239.0,0,0,1,0,0,0,0,1,1,0,ATTENTION,0,neuralsat,UNSAT,140.69438290596008,solved,600.0
fp16,sweep_all,synthetic,Fixed Order Attn,sweep_all::fp16,onnx,6.4809722900390625,0.06335239328983783,1.0,1.791759469228055,42.08231131202851,0,64,50,6483,27,4,0,0,1,1,1,0,12,0,128,28239.0,0,0,1,0,0,0,0,1,1,0,ATTENTION,0,marabou,ERROR,0.006288766860961914,error,600.0
fp16,sweep_all,synthetic,Fixed Order Attn,sweep_all::fp16,onnx,6.4809722900390625,0.06335239328983783,1.0,1.791759469228055,42.08231131202851,0,64,50,6483,27,4,0,0,1,1,1,0,12,0,128,28239.0,0,0,1,0,0,0,0,1,1,0,ATTENTION,0,nnenum,missing,,missing,600.0
fp16,sweep_all,synthetic,Fixed Order Attn,sweep_all::fp16,onnx,6.4809722900390625,0.06335239328983783,1.0,1.791759469228055,42.08231131202851,0,64,50,6483,27,4,0,0,1,1,1,0,12,0,128,28239.0,0,0,1,0,0,0,0,1,1,0,ATTENTION,0,pyrat,UNSAT,3.624095916748047,solved,600.0
fp17,sweep_all,synthetic,Fixed Order Attn,sweep_all::fp17,onnx,6.4745192527771,0.06341553548442755,1.0,1.6094379124341003,42.10016153146663,0,64,50,6483,27,4,0,0,1,1,1,0,12,0,128,28239.0,0,0,1,0,0,0,0,1,1,0,ATTENTION,0,abcrown,UNSAT,146.05132055282593,solved,600.0
fp17,sweep_all,synthetic,Fixed Order Attn,sweep_all::fp17,onnx,6.4745192527771,0.06341553548442755,1.0,1.6094379124341003,42.10016153146663,0,64,50,6483,27,4,0,0,1,1,1,0,12,0,128,28239.0,0,0,1,0,0,0,0,1,1,0,ATTENTION,0,neuralsat,UNSAT,137.5983703136444,solved,600.0
fp17,sweep_all,synthetic,Fixed Order Attn,sweep_all::fp17,onnx,6.4745192527771,0.06341553548442755,1.0,1.6094379124341003,42.10016153146663,0,64,50,6483,27,4,0,0,1,1,1,0,12,0,128,28239.0,0,0,1,0,0,0,0,1,1,0,ATTENTION,0,marabou,ERROR,0.005889415740966797,error,600.0
fp17,sweep_all,synthetic,Fixed Order Attn,sweep_all::fp17,onnx,6.4745192527771,0.06341553548442755,1.0,1.6094379124341003,42.10016153146663,0,64,50,6483,27,4,0,0,1,1,1,0,12,0,128,28239.0,0,0,1,0,0,0,0,1,1,0,ATTENTION,0,nnenum,missing,,missing,600.0
fp17,sweep_all,synthetic,Fixed Order Attn,sweep_all::fp17,onnx,6.4745192527771,0.06341553548442755,1.0,1.6094379124341003,42.10016153146663,0,64,50,6483,27,4,0,0,1,1,1,0,12,0,128,28239.0,0,0,1,0,0,0,0,1,1,0,ATTENTION,0,pyrat,UNSAT,4.313555955886841,solved,600.0
poly01_easy_N50_d10,polynomial_stress_22,synthetic,Polynomial Net,polynomial_stress_22::poly01_easy_N50_d10,poly_args,2226.0263671875,0.9999005861192782,0.0,1.0986122886681098,34.258437405393934,0,50,2,5302,5,2,0,0,0,0,0,1,4,1,100,,0,0,0,1,0,0,0,0,0,1,POLYNOMIAL,1,abcrown,UNSAT,9.812873363494873,solved,600.0
poly01_easy_N50_d10,polynomial_stress_22,synthetic,Polynomial Net,polynomial_stress_22::poly01_easy_N50_d10,poly_args,2226.0263671875,0.9999005861192782,0.0,1.0986122886681098,34.258437405393934,0,50,2,5302,5,2,0,0,0,0,0,1,4,1,100,,0,0,0,1,0,0,0,0,0,1,POLYNOMIAL,1,neuralsat,UNSAT,39.08349418640137,solved,600.0
poly01_easy_N50_d10,polynomial_stress_22,synthetic,Polynomial Net,polynomial_stress_22::poly01_easy_N50_d10,poly_args,2226.0263671875,0.9999005861192782,0.0,1.0986122886681098,34.258437405393934,0,50,2,5302,5,2,0,0,0,0,0,1,4,1,100,,0,0,0,1,0,0,0,0,0,1,POLYNOMIAL,1,marabou,ERROR,0.023468732833862305,error,60.0
poly01_easy_N50_d10,polynomial_stress_22,synthetic,Polynomial Net,polynomial_stress_22::poly01_easy_N50_d10,poly_args,2226.0263671875,0.9999005861192782,0.0,1.0986122886681098,34.258437405393934,0,50,2,5302,5,2,0,0,0,0,0,1,4,1,100,,0,0,0,1,0,0,0,0,0,1,POLYNOMIAL,1,nnenum,ERROR,7.721998453140259,error,60.0
poly01_easy_N50_d10,polynomial_stress_22,synthetic,Polynomial Net,polynomial_stress_22::poly01_easy_N50_d10,poly_args,2226.0263671875,0.9999005861192782,0.0,1.0986122886681098,34.258437405393934,0,50,2,5302,5,2,0,0,0,0,0,1,4,1,100,,0,0,0,1,0,0,0,0,0,1,POLYNOMIAL,1,pyrat,TIMEOUT,639.6398487091064,timeout,600.0
poly02_easy_d2,polynomial_stress_22,synthetic,Polynomial Net,polynomial_stress_22::poly02_easy_d2,poly_args,0.1310010552406311,6.8313911930002815,0.0,2.4849066497880004,63.69203959571389,0,100,2,10302,5,2,0,0,0,0,0,1,4,1,100,,0,0,0,1,0,0,0,0,0,1,POLYNOMIAL,1,abcrown,UNSAT,8.33446192741394,solved,600.0
poly02_easy_d2,polynomial_stress_22,synthetic,Polynomial Net,polynomial_stress_22::poly02_easy_d2,poly_args,0.1310010552406311,6.8313911930002815,0.0,2.4849066497880004,63.69203959571389,0,100,2,10302,5,2,0,0,0,0,0,1,4,1,100,,0,0,0,1,0,0,0,0,0,1,POLYNOMIAL,1,neuralsat,ERROR,33.96113157272339,error,600.0
poly02_easy_d2,polynomial_stress_22,synthetic,Polynomial Net,polynomial_stress_22::poly02_easy_d2,poly_args,0.1310010552406311,6.8313911930002815,0.0,2.4849066497880004,63.69203959571389,0,100,2,10302,5,2,0,0,0,0,0,1,4,1,100,,0,0,0,1,0,0,0,0,0,1,POLYNOMIAL,1,marabou,ERROR,0.0885460376739502,error,60.0
poly02_easy_d2,polynomial_stress_22,synthetic,Polynomial Net,polynomial_stress_22::poly02_easy_d2,poly_args,0.1310010552406311,6.8313911930002815,0.0,2.4849066497880004,63.69203959571389,0,100,2,10302,5,2,0,0,0,0,0,1,4,1,100,,0,0,0,1,0,0,0,0,0,1,POLYNOMIAL,1,nnenum,ERROR,7.8480916023254395,error,60.0
poly02_easy_d2,polynomial_stress_22,synthetic,Polynomial Net,polynomial_stress_22::poly02_easy_d2,poly_args,0.1310010552406311,6.8313911930002815,0.0,2.4849066497880004,63.69203959571389,0,100,2,10302,5,2,0,0,0,0,0,1,4,1,100,,0,0,0,1,0,0,0,0,0,1,POLYNOMIAL,1,pyrat,TIMEOUT,632.4180104732513,timeout,600.0
poly03_easy_d6,polynomial_stress_22,synthetic,Polynomial Net,polynomial_stress_22::poly03_easy_d6,poly_args,20.04608154296875,1.0048394041057853,0.0,0.6931471805599453,62.00693456737868,0,100,2,10302,5,2,0,0,0,0,0,1,4,1,100,,0,0,0,1,0,0,0,0,0,1,POLYNOMIAL,1,abcrown,UNSAT,7.972291946411133,solved,600.0
poly03_easy_d6,polynomial_stress_22,synthetic,Polynomial Net,polynomial_stress_22::poly03_easy_d6,poly_args,20.04608154296875,1.0048394041057853,0.0,0.6931471805599453,62.00693456737868,0,100,2,10302,5,2,0,0,0,0,0,1,4,1,100,,0,0,0,1,0,0,0,0,0,1,POLYNOMIAL,1,neuralsat,UNSAT,34.268463373184204,solved,600.0
poly03_easy_d6,polynomial_stress_22,synthetic,Polynomial Net,polynomial_stress_22::poly03_easy_d6,poly_args,20.04608154296875,1.0048394041057853,0.0,0.6931471805599453,62.00693456737868,0,100,2,10302,5,2,0,0,0,0,0,1,4,1,100,,0,0,0,1,0,0,0,0,0,1,POLYNOMIAL,1,marabou,ERROR,0.04764986038208008,error,60.0
poly03_easy_d6,polynomial_stress_22,synthetic,Polynomial Net,polynomial_stress_22::poly03_easy_d6,poly_args,20.04608154296875,1.0048394041057853,0.0,0.6931471805599453,62.00693456737868,0,100,2,10302,5,2,0,0,0,0,0,1,4,1,100,,0,0,0,1,0,0,0,0,0,1,POLYNOMIAL,1,nnenum,ERROR,6.876435279846191,error,60.0
poly03_easy_d6,polynomial_stress_22,synthetic,Polynomial Net,polynomial_stress_22::poly03_easy_d6,poly_args,20.04608154296875,1.0048394041057853,0.0,0.6931471805599453,62.00693456737868,0,100,2,10302,5,2,0,0,0,0,0,1,4,1,100,,0,0,0,1,0,0,0,0,0,1,POLYNOMIAL,1,pyrat,TIMEOUT,630.910338640213,timeout,600.0
poly04_easy_d10_h50,polynomial_stress_22,synthetic,Polynomial Net,polynomial_stress_22::poly04_easy_d10_h50,poly_args,656.7233276367188,0.9999618854225174,0.0,2.5649493574615367,63.83680770440263,0,100,2,5152,5,2,0,0,0,0,0,1,4,1,50,,0,0,0,1,0,0,0,0,0,1,POLYNOMIAL,1,abcrown,UNSAT,7.790595769882202,solved,600.0
poly04_easy_d10_h50,polynomial_stress_22,synthetic,Polynomial Net,polynomial_stress_22::poly04_easy_d10_h50,poly_args,656.7233276367188,0.9999618854225174,0.0,2.5649493574615367,63.83680770440263,0,100,2,5152,5,2,0,0,0,0,0,1,4,1,50,,0,0,0,1,0,0,0,0,0,1,POLYNOMIAL,1,neuralsat,UNSAT,37.73755621910095,solved,600.0
poly04_easy_d10_h50,polynomial_stress_22,synthetic,Polynomial Net,polynomial_stress_22::poly04_easy_d10_h50,poly_args,656.7233276367188,0.9999618854225174,0.0,2.5649493574615367,63.83680770440263,0,100,2,5152,5,2,0,0,0,0,0,1,4,1,50,,0,0,0,1,0,0,0,0,0,1,POLYNOMIAL,1,marabou,ERROR,0.019812822341918945,error,60.0
poly04_easy_d10_h50,polynomial_stress_22,synthetic,Polynomial Net,polynomial_stress_22::poly04_easy_d10_h50,poly_args,656.7233276367188,0.9999618854225174,0.0,2.5649493574615367,63.83680770440263,0,100,2,5152,5,2,0,0,0,0,0,1,4,1,50,,0,0,0,1,0,0,0,0,0,1,POLYNOMIAL,1,nnenum,ERROR,5.625494956970215,error,60.0
poly04_easy_d10_h50,polynomial_stress_22,synthetic,Polynomial Net,polynomial_stress_22::poly04_easy_d10_h50,poly_args,656.7233276367188,0.9999618854225174,0.0,2.5649493574615367,63.83680770440263,0,100,2,5152,5,2,0,0,0,0,0,1,4,1,50,,0,0,0,1,0,0,0,0,0,1,POLYNOMIAL,1,pyrat,TIMEOUT,630.6940236091614,timeout,600.0
poly05_easy_d10_h500,polynomial_stress_22,synthetic,Polynomial Net,polynomial_stress_22::poly05_easy_d10_h500,poly_args,9767.416015625,1.0003041512071937,0.0,2.6390573296152584,61.74896571189253,0,100,2,51502,5,2,0,0,0,0,0,1,4,1,500,,0,0,0,1,0,0,0,0,0,1,POLYNOMIAL,1,abcrown,UNSAT,7.989377737045288,solved,600.0
poly05_easy_d10_h500,polynomial_stress_22,synthetic,Polynomial Net,polynomial_stress_22::poly05_easy_d10_h500,poly_args,9767.416015625,1.0003041512071937,0.0,2.6390573296152584,61.74896571189253,0,100,2,51502,5,2,0,0,0,0,0,1,4,1,500,,0,0,0,1,0,0,0,0,0,1,POLYNOMIAL,1,neuralsat,UNSAT,43.59343719482422,solved,600.0
poly05_easy_d10_h500,polynomial_stress_22,synthetic,Polynomial Net,polynomial_stress_22::poly05_easy_d10_h500,poly_args,9767.416015625,1.0003041512071937,0.0,2.6390573296152584,61.74896571189253,0,100,2,51502,5,2,0,0,0,0,0,1,4,1,500,,0,0,0,1,0,0,0,0,0,1,POLYNOMIAL,1,marabou,ERROR,0.7791004180908203,error,60.0
poly05_easy_d10_h500,polynomial_stress_22,synthetic,Polynomial Net,polynomial_stress_22::poly05_easy_d10_h500,poly_args,9767.416015625,1.0003041512071937,0.0,2.6390573296152584,61.74896571189253,0,100,2,51502,5,2,0,0,0,0,0,1,4,1,500,,0,0,0,1,0,0,0,0,0,1,POLYNOMIAL,1,nnenum,ERROR,7.16959547996521,error,60.0
poly05_easy_d10_h500,polynomial_stress_22,synthetic,Polynomial Net,polynomial_stress_22::poly05_easy_d10_h500,poly_args,9767.416015625,1.0003041512071937,0.0,2.6390573296152584,61.74896571189253,0,100,2,51502,5,2,0,0,0,0,0,1,4,1,500,,0,0,0,1,0,0,0,0,0,1,POLYNOMIAL,1,pyrat,TIMEOUT,631.9275240898132,timeout,600.0
poly06_deg12,polynomial_stress_22,synthetic,Polynomial Net,polynomial_stress_22::poly06_deg12,poly_args,59591.46875,1.0000214424169969,0.0,1.0986122886681098,62.2894560034524,0,100,2,10302,5,2,0,0,0,0,0,1,4,1,100,,0,0,0,1,0,0,0,0,0,1,POLYNOMIAL,1,abcrown,UNSAT,7.61329197883606,solved,600.0
poly06_deg12,polynomial_stress_22,synthetic,Polynomial Net,polynomial_stress_22::poly06_deg12,poly_args,59591.46875,1.0000214424169969,0.0,1.0986122886681098,62.2894560034524,0,100,2,10302,5,2,0,0,0,0,0,1,4,1,100,,0,0,0,1,0,0,0,0,0,1,POLYNOMIAL,1,neuralsat,UNSAT,37.166770696640015,solved,600.0
poly06_deg12,polynomial_stress_22,synthetic,Polynomial Net,polynomial_stress_22::poly06_deg12,poly_args,59591.46875,1.0000214424169969,0.0,1.0986122886681098,62.2894560034524,0,100,2,10302,5,2,0,0,0,0,0,1,4,1,100,,0,0,0,1,0,0,0,0,0,1,POLYNOMIAL,1,marabou,ERROR,0.057219505310058594,error,60.0
poly06_deg12,polynomial_stress_22,synthetic,Polynomial Net,polynomial_stress_22::poly06_deg12,poly_args,59591.46875,1.0000214424169969,0.0,1.0986122886681098,62.2894560034524,0,100,2,10302,5,2,0,0,0,0,0,1,4,1,100,,0,0,0,1,0,0,0,0,0,1,POLYNOMIAL,1,nnenum,ERROR,6.8072826862335205,error,60.0
poly06_deg12,polynomial_stress_22,synthetic,Polynomial Net,polynomial_stress_22::poly06_deg12,poly_args,59591.46875,1.0000214424169969,0.0,1.0986122886681098,62.2894560034524,0,100,2,10302,5,2,0,0,0,0,0,1,4,1,100,,0,0,0,1,0,0,0,0,0,1,POLYNOMIAL,1,pyrat,TIMEOUT,635.2304689884186,timeout,600.0
poly07_deg14,polynomial_stress_22,synthetic,Polynomial Net,polynomial_stress_22::poly07_deg14,poly_args,186983.0,1.0000035341971691,0.0,2.1972245773362196,62.741256869033826,0,100,2,10302,5,2,0,0,0,0,0,1,4,1,100,,0,0,0,1,0,0,0,0,0,1,POLYNOMIAL,1,abcrown,UNSAT,7.948897123336792,solved,600.0
poly07_deg14,polynomial_stress_22,synthetic,Polynomial Net,polynomial_stress_22::poly07_deg14,poly_args,186983.0,1.0000035341971691,0.0,2.1972245773362196,62.741256869033826,0,100,2,10302,5,2,0,0,0,0,0,1,4,1,100,,0,0,0,1,0,0,0,0,0,1,POLYNOMIAL,1,neuralsat,UNSAT,45.65313220024109,solved,600.0
poly07_deg14,polynomial_stress_22,synthetic,Polynomial Net,polynomial_stress_22::poly07_deg14,poly_args,186983.0,1.0000035341971691,0.0,2.1972245773362196,62.741256869033826,0,100,2,10302,5,2,0,0,0,0,0,1,4,1,100,,0,0,0,1,0,0,0,0,0,1,POLYNOMIAL,1,marabou,ERROR,0.05245518684387207,error,60.0
poly07_deg14,polynomial_stress_22,synthetic,Polynomial Net,polynomial_stress_22::poly07_deg14,poly_args,186983.0,1.0000035341971691,0.0,2.1972245773362196,62.741256869033826,0,100,2,10302,5,2,0,0,0,0,0,1,4,1,100,,0,0,0,1,0,0,0,0,0,1,POLYNOMIAL,1,nnenum,ERROR,6.834635972976685,error,60.0
poly07_deg14,polynomial_stress_22,synthetic,Polynomial Net,polynomial_stress_22::poly07_deg14,poly_args,186983.0,1.0000035341971691,0.0,2.1972245773362196,62.741256869033826,0,100,2,10302,5,2,0,0,0,0,0,1,4,1,100,,0,0,0,1,0,0,0,0,0,1,POLYNOMIAL,1,pyrat,TIMEOUT,630.9899051189423,timeout,600.0
poly08_deg16,polynomial_stress_22,synthetic,Polynomial Net,polynomial_stress_22::poly08_deg16,poly_args,86607744.0,1.0000000028386644,0.0,2.3978952727983707,67.22168181081902,0,100,2,10302,5,2,0,0,0,0,0,1,4,1,100,,0,0,0,1,0,0,0,0,0,1,POLYNOMIAL,1,abcrown,UNSAT,8.089884996414185,solved,600.0
poly08_deg16,polynomial_stress_22,synthetic,Polynomial Net,polynomial_stress_22::poly08_deg16,poly_args,86607744.0,1.0000000028386644,0.0,2.3978952727983707,67.22168181081902,0,100,2,10302,5,2,0,0,0,0,0,1,4,1,100,,0,0,0,1,0,0,0,0,0,1,POLYNOMIAL,1,neuralsat,UNSAT,38.13456344604492,solved,600.0
poly08_deg16,polynomial_stress_22,synthetic,Polynomial Net,polynomial_stress_22::poly08_deg16,poly_args,86607744.0,1.0000000028386644,0.0,2.3978952727983707,67.22168181081902,0,100,2,10302,5,2,0,0,0,0,0,1,4,1,100,,0,0,0,1,0,0,0,0,0,1,POLYNOMIAL,1,marabou,ERROR,0.05131840705871582,error,60.0
poly08_deg16,polynomial_stress_22,synthetic,Polynomial Net,polynomial_stress_22::poly08_deg16,poly_args,86607744.0,1.0000000028386644,0.0,2.3978952727983707,67.22168181081902,0,100,2,10302,5,2,0,0,0,0,0,1,4,1,100,,0,0,0,1,0,0,0,0,0,1,POLYNOMIAL,1,nnenum,ERROR,7.121256113052368,error,60.0
poly08_deg16,polynomial_stress_22,synthetic,Polynomial Net,polynomial_stress_22::poly08_deg16,poly_args,86607744.0,1.0000000028386644,0.0,2.3978952727983707,67.22168181081902,0,100,2,10302,5,2,0,0,0,0,0,1,4,1,100,,0,0,0,1,0,0,0,0,0,1,POLYNOMIAL,1,pyrat,TIMEOUT,630.8228590488434,timeout,600.0
poly09_deg17,polynomial_stress_22,synthetic,Polynomial Net,polynomial_stress_22::poly09_deg17,poly_args,69986480.0,1.0000000166894278,0.0,1.791759469228055,60.86039776085598,0,100,2,10302,5,2,0,0,0,0,0,1,4,1,100,,0,0,0,1,0,0,0,0,0,1,POLYNOMIAL,1,abcrown,TIMEOUT,600.1133556365967,timeout,600.0
poly09_deg17,polynomial_stress_22,synthetic,Polynomial Net,polynomial_stress_22::poly09_deg17,poly_args,69986480.0,1.0000000166894278,0.0,1.791759469228055,60.86039776085598,0,100,2,10302,5,2,0,0,0,0,0,1,4,1,100,,0,0,0,1,0,0,0,0,0,1,POLYNOMIAL,1,neuralsat,TIMEOUT,600.3616318702698,timeout,600.0
poly09_deg17,polynomial_stress_22,synthetic,Polynomial Net,polynomial_stress_22::poly09_deg17,poly_args,69986480.0,1.0000000166894278,0.0,1.791759469228055,60.86039776085598,0,100,2,10302,5,2,0,0,0,0,0,1,4,1,100,,0,0,0,1,0,0,0,0,0,1,POLYNOMIAL,1,marabou,ERROR,0.05049276351928711,error,60.0
poly09_deg17,polynomial_stress_22,synthetic,Polynomial Net,polynomial_stress_22::poly09_deg17,poly_args,69986480.0,1.0000000166894278,0.0,1.791759469228055,60.86039776085598,0,100,2,10302,5,2,0,0,0,0,0,1,4,1,100,,0,0,0,1,0,0,0,0,0,1,POLYNOMIAL,1,nnenum,ERROR,7.104941368103027,error,60.0
poly09_deg17,polynomial_stress_22,synthetic,Polynomial Net,polynomial_stress_22::poly09_deg17,poly_args,69986480.0,1.0000000166894278,0.0,1.791759469228055,60.86039776085598,0,100,2,10302,5,2,0,0,0,0,0,1,4,1,100,,0,0,0,1,0,0,0,0,0,1,POLYNOMIAL,1,pyrat,TIMEOUT,631.4292001724243,timeout,600.0
poly10_deg18_a,polynomial_stress_22,synthetic,Polynomial Net,polynomial_stress_22::poly10_deg18_a,poly_args,176442576.0,1.0000000054282019,0.0,1.791759469228055,60.875484403930336,0,100,2,10302,5,2,0,0,0,0,0,1,4,1,100,,0,0,0,1,0,0,0,0,0,1,POLYNOMIAL,1,abcrown,UNSAT,9.332949161529541,solved,600.0
poly10_deg18_a,polynomial_stress_22,synthetic,Polynomial Net,polynomial_stress_22::poly10_deg18_a,poly_args,176442576.0,1.0000000054282019,0.0,1.791759469228055,60.875484403930336,0,100,2,10302,5,2,0,0,0,0,0,1,4,1,100,,0,0,0,1,0,0,0,0,0,1,POLYNOMIAL,1,neuralsat,UNSAT,41.75214695930481,solved,600.0
poly10_deg18_a,polynomial_stress_22,synthetic,Polynomial Net,polynomial_stress_22::poly10_deg18_a,poly_args,176442576.0,1.0000000054282019,0.0,1.791759469228055,60.875484403930336,0,100,2,10302,5,2,0,0,0,0,0,1,4,1,100,,0,0,0,1,0,0,0,0,0,1,POLYNOMIAL,1,marabou,ERROR,0.03962540626525879,error,60.0
poly10_deg18_a,polynomial_stress_22,synthetic,Polynomial Net,polynomial_stress_22::poly10_deg18_a,poly_args,176442576.0,1.0000000054282019,0.0,1.791759469228055,60.875484403930336,0,100,2,10302,5,2,0,0,0,0,0,1,4,1,100,,0,0,0,1,0,0,0,0,0,1,POLYNOMIAL,1,nnenum,ERROR,7.227013111114502,error,60.0
poly10_deg18_a,polynomial_stress_22,synthetic,Polynomial Net,polynomial_stress_22::poly10_deg18_a,poly_args,176442576.0,1.0000000054282019,0.0,1.791759469228055,60.875484403930336,0,100,2,10302,5,2,0,0,0,0,0,1,4,1,100,,0,0,0,1,0,0,0,0,0,1,POLYNOMIAL,1,pyrat,TIMEOUT,631.4843797683716,timeout,600.0
poly11_deg18_b,polynomial_stress_22,synthetic,Polynomial Net,polynomial_stress_22::poly11_deg18_b,poly_args,1329841.0,1.0000014876649326,0.0,1.6094379124341003,59.73554146438165,0,100,2,10302,5,2,0,0,0,0,0,1,4,1,100,,0,0,0,1,0,0,0,0,0,1,POLYNOMIAL,1,abcrown,UNSAT,9.889344453811646,solved,600.0
poly11_deg18_b,polynomial_stress_22,synthetic,Polynomial Net,polynomial_stress_22::poly11_deg18_b,poly_args,1329841.0,1.0000014876649326,0.0,1.6094379124341003,59.73554146438165,0,100,2,10302,5,2,0,0,0,0,0,1,4,1,100,,0,0,0,1,0,0,0,0,0,1,POLYNOMIAL,1,neuralsat,UNSAT,42.29460430145264,solved,600.0
poly11_deg18_b,polynomial_stress_22,synthetic,Polynomial Net,polynomial_stress_22::poly11_deg18_b,poly_args,1329841.0,1.0000014876649326,0.0,1.6094379124341003,59.73554146438165,0,100,2,10302,5,2,0,0,0,0,0,1,4,1,100,,0,0,0,1,0,0,0,0,0,1,POLYNOMIAL,1,marabou,ERROR,0.03560924530029297,error,60.0
poly11_deg18_b,polynomial_stress_22,synthetic,Polynomial Net,polynomial_stress_22::poly11_deg18_b,poly_args,1329841.0,1.0000014876649326,0.0,1.6094379124341003,59.73554146438165,0,100,2,10302,5,2,0,0,0,0,0,1,4,1,100,,0,0,0,1,0,0,0,0,0,1,POLYNOMIAL,1,nnenum,ERROR,6.2225871086120605,error,60.0
poly11_deg18_b,polynomial_stress_22,synthetic,Polynomial Net,polynomial_stress_22::poly11_deg18_b,poly_args,1329841.0,1.0000014876649326,0.0,1.6094379124341003,59.73554146438165,0,100,2,10302,5,2,0,0,0,0,0,1,4,1,100,,0,0,0,1,0,0,0,0,0,1,POLYNOMIAL,1,pyrat,TIMEOUT,634.5626339912415,timeout,600.0
poly12_deg19_a,polynomial_stress_22,synthetic,Polynomial Net,polynomial_stress_22::poly12_deg19_a,poly_args,1869465856.0,1.0000000008271088,0.0,1.0986122886681098,66.84649323122237,0,100,2,10302,5,2,0,0,0,0,0,1,4,1,100,,0,0,0,1,0,0,0,0,0,1,POLYNOMIAL,1,abcrown,TIMEOUT,600.1057713031769,timeout,600.0
poly12_deg19_a,polynomial_stress_22,synthetic,Polynomial Net,polynomial_stress_22::poly12_deg19_a,poly_args,1869465856.0,1.0000000008271088,0.0,1.0986122886681098,66.84649323122237,0,100,2,10302,5,2,0,0,0,0,0,1,4,1,100,,0,0,0,1,0,0,0,0,0,1,POLYNOMIAL,1,neuralsat,TIMEOUT,600.4157445430756,timeout,600.0
poly12_deg19_a,polynomial_stress_22,synthetic,Polynomial Net,polynomial_stress_22::poly12_deg19_a,poly_args,1869465856.0,1.0000000008271088,0.0,1.0986122886681098,66.84649323122237,0,100,2,10302,5,2,0,0,0,0,0,1,4,1,100,,0,0,0,1,0,0,0,0,0,1,POLYNOMIAL,1,marabou,ERROR,0.03674674034118652,error,60.0
poly12_deg19_a,polynomial_stress_22,synthetic,Polynomial Net,polynomial_stress_22::poly12_deg19_a,poly_args,1869465856.0,1.0000000008271088,0.0,1.0986122886681098,66.84649323122237,0,100,2,10302,5,2,0,0,0,0,0,1,4,1,100,,0,0,0,1,0,0,0,0,0,1,POLYNOMIAL,1,nnenum,ERROR,7.467588663101196,error,60.0
poly12_deg19_a,polynomial_stress_22,synthetic,Polynomial Net,polynomial_stress_22::poly12_deg19_a,poly_args,1869465856.0,1.0000000008271088,0.0,1.0986122886681098,66.84649323122237,0,100,2,10302,5,2,0,0,0,0,0,1,4,1,100,,0,0,0,1,0,0,0,0,0,1,POLYNOMIAL,1,pyrat,TIMEOUT,633.5573740005493,timeout,600.0
poly13_deg19_b,polynomial_stress_22,synthetic,Polynomial Net,polynomial_stress_22::poly13_deg19_b,poly_args,661303040.0,0.9999999967593421,0.0,1.9459101490553132,65.39940865269496,0,100,2,10302,5,2,0,0,0,0,0,1,4,1,100,,0,0,0,1,0,0,0,0,0,1,POLYNOMIAL,1,abcrown,TIMEOUT,600.122300863266,timeout,600.0
poly13_deg19_b,polynomial_stress_22,synthetic,Polynomial Net,polynomial_stress_22::poly13_deg19_b,poly_args,661303040.0,0.9999999967593421,0.0,1.9459101490553132,65.39940865269496,0,100,2,10302,5,2,0,0,0,0,0,1,4,1,100,,0,0,0,1,0,0,0,0,0,1,POLYNOMIAL,1,neuralsat,TIMEOUT,600.3716685771942,timeout,600.0
poly13_deg19_b,polynomial_stress_22,synthetic,Polynomial Net,polynomial_stress_22::poly13_deg19_b,poly_args,661303040.0,0.9999999967593421,0.0,1.9459101490553132,65.39940865269496,0,100,2,10302,5,2,0,0,0,0,0,1,4,1,100,,0,0,0,1,0,0,0,0,0,1,POLYNOMIAL,1,marabou,ERROR,0.0352330207824707,error,60.0
poly13_deg19_b,polynomial_stress_22,synthetic,Polynomial Net,polynomial_stress_22::poly13_deg19_b,poly_args,661303040.0,0.9999999967593421,0.0,1.9459101490553132,65.39940865269496,0,100,2,10302,5,2,0,0,0,0,0,1,4,1,100,,0,0,0,1,0,0,0,0,0,1,POLYNOMIAL,1,nnenum,ERROR,6.801124334335327,error,60.0
poly13_deg19_b,polynomial_stress_22,synthetic,Polynomial Net,polynomial_stress_22::poly13_deg19_b,poly_args,661303040.0,0.9999999967593421,0.0,1.9459101490553132,65.39940865269496,0,100,2,10302,5,2,0,0,0,0,0,1,4,1,100,,0,0,0,1,0,0,0,0,0,1,POLYNOMIAL,1,pyrat,TIMEOUT,631.0260648727417,timeout,600.0
poly14_deg20,polynomial_stress_22,synthetic,Polynomial Net,polynomial_stress_22::poly14_deg20,poly_args,2705774592.0,1.0000000011798869,0.0,2.5649493574615367,69.27681143427569,0,100,2,10302,5,2,0,0,0,0,0,1,4,1,100,,0,0,0,1,0,0,0,0,0,1,POLYNOMIAL,1,abcrown,UNSAT,30.536707162857056,solved,600.0
poly14_deg20,polynomial_stress_22,synthetic,Polynomial Net,polynomial_stress_22::poly14_deg20,poly_args,2705774592.0,1.0000000011798869,0.0,2.5649493574615367,69.27681143427569,0,100,2,10302,5,2,0,0,0,0,0,1,4,1,100,,0,0,0,1,0,0,0,0,0,1,POLYNOMIAL,1,neuralsat,UNSAT,41.20157837867737,solved,600.0
poly14_deg20,polynomial_stress_22,synthetic,Polynomial Net,polynomial_stress_22::poly14_deg20,poly_args,2705774592.0,1.0000000011798869,0.0,2.5649493574615367,69.27681143427569,0,100,2,10302,5,2,0,0,0,0,0,1,4,1,100,,0,0,0,1,0,0,0,0,0,1,POLYNOMIAL,1,marabou,ERROR,0.035045623779296875,error,60.0
poly14_deg20,polynomial_stress_22,synthetic,Polynomial Net,polynomial_stress_22::poly14_deg20,poly_args,2705774592.0,1.0000000011798869,0.0,2.5649493574615367,69.27681143427569,0,100,2,10302,5,2,0,0,0,0,0,1,4,1,100,,0,0,0,1,0,0,0,0,0,1,POLYNOMIAL,1,nnenum,ERROR,8.210920572280884,error,60.0
poly14_deg20,polynomial_stress_22,synthetic,Polynomial Net,polynomial_stress_22::poly14_deg20,poly_args,2705774592.0,1.0000000011798869,0.0,2.5649493574615367,69.27681143427569,0,100,2,10302,5,2,0,0,0,0,0,1,4,1,100,,0,0,0,1,0,0,0,0,0,1,POLYNOMIAL,1,pyrat,TIMEOUT,634.2662847042084,timeout,600.0
poly15_deg21,polynomial_stress_22,synthetic,Polynomial Net,polynomial_stress_22::poly15_deg21,poly_args,3974169088.0,1.0000000008245873,0.0,3.044522437723423,67.29131513517207,0,100,2,10302,5,2,0,0,0,0,0,1,4,1,100,,0,0,0,1,0,0,0,0,0,1,POLYNOMIAL,1,abcrown,TIMEOUT,600.1258552074432,timeout,600.0
poly15_deg21,polynomial_stress_22,synthetic,Polynomial Net,polynomial_stress_22::poly15_deg21,poly_args,3974169088.0,1.0000000008245873,0.0,3.044522437723423,67.29131513517207,0,100,2,10302,5,2,0,0,0,0,0,1,4,1,100,,0,0,0,1,0,0,0,0,0,1,POLYNOMIAL,1,neuralsat,TIMEOUT,600.388115644455,timeout,600.0
poly15_deg21,polynomial_stress_22,synthetic,Polynomial Net,polynomial_stress_22::poly15_deg21,poly_args,3974169088.0,1.0000000008245873,0.0,3.044522437723423,67.29131513517207,0,100,2,10302,5,2,0,0,0,0,0,1,4,1,100,,0,0,0,1,0,0,0,0,0,1,POLYNOMIAL,1,marabou,ERROR,0.03778553009033203,error,60.0
poly15_deg21,polynomial_stress_22,synthetic,Polynomial Net,polynomial_stress_22::poly15_deg21,poly_args,3974169088.0,1.0000000008245873,0.0,3.044522437723423,67.29131513517207,0,100,2,10302,5,2,0,0,0,0,0,1,4,1,100,,0,0,0,1,0,0,0,0,0,1,POLYNOMIAL,1,nnenum,ERROR,6.940727233886719,error,60.0
poly15_deg21,polynomial_stress_22,synthetic,Polynomial Net,polynomial_stress_22::poly15_deg21,poly_args,3974169088.0,1.0000000008245873,0.0,3.044522437723423,67.29131513517207,0,100,2,10302,5,2,0,0,0,0,0,1,4,1,100,,0,0,0,1,0,0,0,0,0,1,POLYNOMIAL,1,pyrat,TIMEOUT,632.7905547618866,timeout,600.0
poly16_deg22,polynomial_stress_22,synthetic,Polynomial Net,polynomial_stress_22::poly16_deg22,poly_args,657863488.0,1.0000000062449181,0.0,2.9444389791664403,60.8171242585482,0,100,2,10302,5,2,0,0,0,0,0,1,4,1,100,,0,0,0,1,0,0,0,0,0,1,POLYNOMIAL,1,abcrown,UNSAT,34.431846380233765,solved,600.0
poly16_deg22,polynomial_stress_22,synthetic,Polynomial Net,polynomial_stress_22::poly16_deg22,poly_args,657863488.0,1.0000000062449181,0.0,2.9444389791664403,60.8171242585482,0,100,2,10302,5,2,0,0,0,0,0,1,4,1,100,,0,0,0,1,0,0,0,0,0,1,POLYNOMIAL,1,neuralsat,UNSAT,44.97154402732849,solved,600.0
poly16_deg22,polynomial_stress_22,synthetic,Polynomial Net,polynomial_stress_22::poly16_deg22,poly_args,657863488.0,1.0000000062449181,0.0,2.9444389791664403,60.8171242585482,0,100,2,10302,5,2,0,0,0,0,0,1,4,1,100,,0,0,0,1,0,0,0,0,0,1,POLYNOMIAL,1,marabou,ERROR,0.051119327545166016,error,60.0
poly16_deg22,polynomial_stress_22,synthetic,Polynomial Net,polynomial_stress_22::poly16_deg22,poly_args,657863488.0,1.0000000062449181,0.0,2.9444389791664403,60.8171242585482,0,100,2,10302,5,2,0,0,0,0,0,1,4,1,100,,0,0,0,1,0,0,0,0,0,1,POLYNOMIAL,1,nnenum,ERROR,5.885461807250977,error,60.0
poly16_deg22,polynomial_stress_22,synthetic,Polynomial Net,polynomial_stress_22::poly16_deg22,poly_args,657863488.0,1.0000000062449181,0.0,2.9444389791664403,60.8171242585482,0,100,2,10302,5,2,0,0,0,0,0,1,4,1,100,,0,0,0,1,0,0,0,0,0,1,POLYNOMIAL,1,pyrat,TIMEOUT,633.3667452335358,timeout,600.0
poly17_delta2e3,polynomial_stress_22,synthetic,Polynomial Net,polynomial_stress_22::poly17_delta2e3,poly_args,353.08740234375,1.001649059650189,0.0,3.091042453358316,66.14186340341742,0,100,2,10302,5,2,0,0,0,0,0,1,4,1,100,,0,0,0,1,0,0,0,0,0,1,POLYNOMIAL,1,abcrown,UNSAT,34.73420333862305,solved,600.0
poly17_delta2e3,polynomial_stress_22,synthetic,Polynomial Net,polynomial_stress_22::poly17_delta2e3,poly_args,353.08740234375,1.001649059650189,0.0,3.091042453358316,66.14186340341742,0,100,2,10302,5,2,0,0,0,0,0,1,4,1,100,,0,0,0,1,0,0,0,0,0,1,POLYNOMIAL,1,neuralsat,UNKNOWN,306.28572630882263,other,600.0
poly17_delta2e3,polynomial_stress_22,synthetic,Polynomial Net,polynomial_stress_22::poly17_delta2e3,poly_args,353.08740234375,1.001649059650189,0.0,3.091042453358316,66.14186340341742,0,100,2,10302,5,2,0,0,0,0,0,1,4,1,100,,0,0,0,1,0,0,0,0,0,1,POLYNOMIAL,1,marabou,ERROR,0.03454995155334473,error,60.0
poly17_delta2e3,polynomial_stress_22,synthetic,Polynomial Net,polynomial_stress_22::poly17_delta2e3,poly_args,353.08740234375,1.001649059650189,0.0,3.091042453358316,66.14186340341742,0,100,2,10302,5,2,0,0,0,0,0,1,4,1,100,,0,0,0,1,0,0,0,0,0,1,POLYNOMIAL,1,nnenum,ERROR,7.598219394683838,error,60.0
poly17_delta2e3,polynomial_stress_22,synthetic,Polynomial Net,polynomial_stress_22::poly17_delta2e3,poly_args,353.08740234375,1.001649059650189,0.0,3.091042453358316,66.14186340341742,0,100,2,10302,5,2,0,0,0,0,0,1,4,1,100,,0,0,0,1,0,0,0,0,0,1,POLYNOMIAL,1,pyrat,TIMEOUT,630.8956689834595,timeout,600.0
poly18_delta1e3,polynomial_stress_22,synthetic,Polynomial Net,polynomial_stress_22::poly18_delta1e3,poly_args,79.5986328125,1.0444314805942503,0.0,3.5553480614894135,62.98239846842683,0,100,2,10302,5,2,0,0,0,0,0,1,4,1,100,,0,0,0,1,0,0,0,0,0,1,POLYNOMIAL,1,abcrown,UNSAT,32.48687744140625,solved,600.0
poly18_delta1e3,polynomial_stress_22,synthetic,Polynomial Net,polynomial_stress_22::poly18_delta1e3,poly_args,79.5986328125,1.0444314805942503,0.0,3.5553480614894135,62.98239846842683,0,100,2,10302,5,2,0,0,0,0,0,1,4,1,100,,0,0,0,1,0,0,0,0,0,1,POLYNOMIAL,1,neuralsat,UNKNOWN,191.25453901290894,other,600.0
poly18_delta1e3,polynomial_stress_22,synthetic,Polynomial Net,polynomial_stress_22::poly18_delta1e3,poly_args,79.5986328125,1.0444314805942503,0.0,3.5553480614894135,62.98239846842683,0,100,2,10302,5,2,0,0,0,0,0,1,4,1,100,,0,0,0,1,0,0,0,0,0,1,POLYNOMIAL,1,marabou,ERROR,0.03491640090942383,error,60.0
poly18_delta1e3,polynomial_stress_22,synthetic,Polynomial Net,polynomial_stress_22::poly18_delta1e3,poly_args,79.5986328125,1.0444314805942503,0.0,3.5553480614894135,62.98239846842683,0,100,2,10302,5,2,0,0,0,0,0,1,4,1,100,,0,0,0,1,0,0,0,0,0,1,POLYNOMIAL,1,nnenum,ERROR,7.981724977493286,error,60.0
poly18_delta1e3,polynomial_stress_22,synthetic,Polynomial Net,polynomial_stress_22::poly18_delta1e3,poly_args,79.5986328125,1.0444314805942503,0.0,3.5553480614894135,62.98239846842683,0,100,2,10302,5,2,0,0,0,0,0,1,4,1,100,,0,0,0,1,0,0,0,0,0,1,POLYNOMIAL,1,pyrat,TIMEOUT,630.9305994510651,timeout,600.0
poly19_delta5e4,polynomial_stress_22,synthetic,Polynomial Net,polynomial_stress_22::poly19_delta5e4,poly_args,201.364013671875,1.0050667652074914,0.0,3.7376696182833684,69.18068558489614,0,100,2,10302,5,2,0,0,0,0,0,1,4,1,100,,0,0,0,1,0,0,0,0,0,1,POLYNOMIAL,1,abcrown,UNSAT,33.919848680496216,solved,600.0
poly19_delta5e4,polynomial_stress_22,synthetic,Polynomial Net,polynomial_stress_22::poly19_delta5e4,poly_args,201.364013671875,1.0050667652074914,0.0,3.7376696182833684,69.18068558489614,0,100,2,10302,5,2,0,0,0,0,0,1,4,1,100,,0,0,0,1,0,0,0,0,0,1,POLYNOMIAL,1,neuralsat,TIMEOUT,600.4303615093231,timeout,600.0
poly19_delta5e4,polynomial_stress_22,synthetic,Polynomial Net,polynomial_stress_22::poly19_delta5e4,poly_args,201.364013671875,1.0050667652074914,0.0,3.7376696182833684,69.18068558489614,0,100,2,10302,5,2,0,0,0,0,0,1,4,1,100,,0,0,0,1,0,0,0,0,0,1,POLYNOMIAL,1,marabou,ERROR,0.034777164459228516,error,60.0
poly19_delta5e4,polynomial_stress_22,synthetic,Polynomial Net,polynomial_stress_22::poly19_delta5e4,poly_args,201.364013671875,1.0050667652074914,0.0,3.7376696182833684,69.18068558489614,0,100,2,10302,5,2,0,0,0,0,0,1,4,1,100,,0,0,0,1,0,0,0,0,0,1,POLYNOMIAL,1,nnenum,ERROR,7.548985958099365,error,60.0
poly19_delta5e4,polynomial_stress_22,synthetic,Polynomial Net,polynomial_stress_22::poly19_delta5e4,poly_args,201.364013671875,1.0050667652074914,0.0,3.7376696182833684,69.18068558489614,0,100,2,10302,5,2,0,0,0,0,0,1,4,1,100,,0,0,0,1,0,0,0,0,0,1,POLYNOMIAL,1,pyrat,TIMEOUT,630.8090114593506,timeout,600.0
poly20_delta2e4,polynomial_stress_22,synthetic,Polynomial Net,polynomial_stress_22::poly20_delta2e4,poly_args,272.09765625,1.0106216550706755,0.0,1.9459101490553132,64.48628817000899,0,100,2,10302,5,2,0,0,0,0,0,1,4,1,100,,0,0,0,1,0,0,0,0,0,1,POLYNOMIAL,1,abcrown,UNSAT,34.87850213050842,solved,600.0
poly20_delta2e4,polynomial_stress_22,synthetic,Polynomial Net,polynomial_stress_22::poly20_delta2e4,poly_args,272.09765625,1.0106216550706755,0.0,1.9459101490553132,64.48628817000899,0,100,2,10302,5,2,0,0,0,0,0,1,4,1,100,,0,0,0,1,0,0,0,0,0,1,POLYNOMIAL,1,neuralsat,UNKNOWN,155.91541647911072,other,600.0
poly20_delta2e4,polynomial_stress_22,synthetic,Polynomial Net,polynomial_stress_22::poly20_delta2e4,poly_args,272.09765625,1.0106216550706755,0.0,1.9459101490553132,64.48628817000899,0,100,2,10302,5,2,0,0,0,0,0,1,4,1,100,,0,0,0,1,0,0,0,0,0,1,POLYNOMIAL,1,marabou,ERROR,0.034722328186035156,error,60.0
poly20_delta2e4,polynomial_stress_22,synthetic,Polynomial Net,polynomial_stress_22::poly20_delta2e4,poly_args,272.09765625,1.0106216550706755,0.0,1.9459101490553132,64.48628817000899,0,100,2,10302,5,2,0,0,0,0,0,1,4,1,100,,0,0,0,1,0,0,0,0,0,1,POLYNOMIAL,1,nnenum,ERROR,7.771176815032959,error,60.0
poly20_delta2e4,polynomial_stress_22,synthetic,Polynomial Net,polynomial_stress_22::poly20_delta2e4,poly_args,272.09765625,1.0106216550706755,0.0,1.9459101490553132,64.48628817000899,0,100,2,10302,5,2,0,0,0,0,0,1,4,1,100,,0,0,0,1,0,0,0,0,0,1,POLYNOMIAL,1,pyrat,TIMEOUT,631.4346361160278,timeout,600.0
poly21_delta1e4,polynomial_stress_22,synthetic,Polynomial Net,polynomial_stress_22::poly21_delta1e4,poly_args,22.5576171875,1.1045811031900412,0.0,1.9459101490553132,64.46922544097046,0,100,2,10302,5,2,0,0,0,0,0,1,4,1,100,,0,0,0,1,0,0,0,0,0,1,POLYNOMIAL,1,abcrown,TIMEOUT,600.1291604042053,timeout,600.0
poly21_delta1e4,polynomial_stress_22,synthetic,Polynomial Net,polynomial_stress_22::poly21_delta1e4,poly_args,22.5576171875,1.1045811031900412,0.0,1.9459101490553132,64.46922544097046,0,100,2,10302,5,2,0,0,0,0,0,1,4,1,100,,0,0,0,1,0,0,0,0,0,1,POLYNOMIAL,1,neuralsat,UNKNOWN,167.24460411071777,other,600.0
poly21_delta1e4,polynomial_stress_22,synthetic,Polynomial Net,polynomial_stress_22::poly21_delta1e4,poly_args,22.5576171875,1.1045811031900412,0.0,1.9459101490553132,64.46922544097046,0,100,2,10302,5,2,0,0,0,0,0,1,4,1,100,,0,0,0,1,0,0,0,0,0,1,POLYNOMIAL,1,marabou,ERROR,0.10622549057006836,error,60.0
poly21_delta1e4,polynomial_stress_22,synthetic,Polynomial Net,polynomial_stress_22::poly21_delta1e4,poly_args,22.5576171875,1.1045811031900412,0.0,1.9459101490553132,64.46922544097046,0,100,2,10302,5,2,0,0,0,0,0,1,4,1,100,,0,0,0,1,0,0,0,0,0,1,POLYNOMIAL,1,nnenum,ERROR,8.088973999023438,error,60.0
poly21_delta1e4,polynomial_stress_22,synthetic,Polynomial Net,polynomial_stress_22::poly21_delta1e4,poly_args,22.5576171875,1.1045811031900412,0.0,1.9459101490553132,64.46922544097046,0,100,2,10302,5,2,0,0,0,0,0,1,4,1,100,,0,0,0,1,0,0,0,0,0,1,POLYNOMIAL,1,pyrat,TIMEOUT,634.1702907085419,timeout,600.0
poly22_combo_deg18_delta1e3,polynomial_stress_22,synthetic,Polynomial Net,polynomial_stress_22::poly22_combo_deg18_delta1e3,poly_args,1981488.0,1.0000013634528502,0.0,1.791759469228055,59.29670546643529,0,100,2,10302,5,2,0,0,0,0,0,1,4,1,100,,0,0,0,1,0,0,0,0,0,1,POLYNOMIAL,1,abcrown,TIMEOUT,600.1351039409637,timeout,600.0
poly22_combo_deg18_delta1e3,polynomial_stress_22,synthetic,Polynomial Net,polynomial_stress_22::poly22_combo_deg18_delta1e3,poly_args,1981488.0,1.0000013634528502,0.0,1.791759469228055,59.29670546643529,0,100,2,10302,5,2,0,0,0,0,0,1,4,1,100,,0,0,0,1,0,0,0,0,0,1,POLYNOMIAL,1,neuralsat,UNKNOWN,62.18086123466492,other,600.0
poly22_combo_deg18_delta1e3,polynomial_stress_22,synthetic,Polynomial Net,polynomial_stress_22::poly22_combo_deg18_delta1e3,poly_args,1981488.0,1.0000013634528502,0.0,1.791759469228055,59.29670546643529,0,100,2,10302,5,2,0,0,0,0,0,1,4,1,100,,0,0,0,1,0,0,0,0,0,1,POLYNOMIAL,1,marabou,ERROR,0.03688216209411621,error,60.0
poly22_combo_deg18_delta1e3,polynomial_stress_22,synthetic,Polynomial Net,polynomial_stress_22::poly22_combo_deg18_delta1e3,poly_args,1981488.0,1.0000013634528502,0.0,1.791759469228055,59.29670546643529,0,100,2,10302,5,2,0,0,0,0,0,1,4,1,100,,0,0,0,1,0,0,0,0,0,1,POLYNOMIAL,1,nnenum,ERROR,6.734060287475586,error,60.0
poly22_combo_deg18_delta1e3,polynomial_stress_22,synthetic,Polynomial Net,polynomial_stress_22::poly22_combo_deg18_delta1e3,poly_args,1981488.0,1.0000013634528502,0.0,1.791759469228055,59.29670546643529,0,100,2,10302,5,2,0,0,0,0,0,1,4,1,100,,0,0,0,1,0,0,0,0,0,1,POLYNOMIAL,1,pyrat,TIMEOUT,631.1524710655212,timeout,600.0
vb_oval21_0000,oval21,established,oval21,net_e39711edc5284e17,onnx,0.1449565887451172,232.6638574175715,0.19199243379571249,6.391917113392602,402.20760473898275,0,3072,10,105966,8,2,2,3,0,0,0,0,8,3,1024,424700.0,0,1,0,0,0,0,1,0,0,0,CNN,0,abcrown,UNSAT,21.02431893348694,solved,360.0
vb_oval21_0000,oval21,established,oval21,net_e39711edc5284e17,onnx,0.1449565887451172,232.6638574175715,0.19199243379571249,6.391917113392602,402.20760473898275,0,3072,10,105966,8,2,2,3,0,0,0,0,8,3,1024,424700.0,0,1,0,0,0,0,1,0,0,0,CNN,0,neuralsat,UNSAT,35.30569887161255,solved,360.0
vb_oval21_0000,oval21,established,oval21,net_e39711edc5284e17,onnx,0.1449565887451172,232.6638574175715,0.19199243379571249,6.391917113392602,402.20760473898275,0,3072,10,105966,8,2,2,3,0,0,0,0,8,3,1024,424700.0,0,1,0,0,0,0,1,0,0,0,CNN,0,marabou,TIMEOUT,300.75844979286194,timeout,300.0
vb_oval21_0000,oval21,established,oval21,net_e39711edc5284e17,onnx,0.1449565887451172,232.6638574175715,0.19199243379571249,6.391917113392602,402.20760473898275,0,3072,10,105966,8,2,2,3,0,0,0,0,8,3,1024,424700.0,0,1,0,0,0,0,1,0,0,0,CNN,0,nnenum,TIMEOUT,360.01796102523804,timeout,360.0
vb_oval21_0000,oval21,established,oval21,net_e39711edc5284e17,onnx,0.1449565887451172,232.6638574175715,0.19199243379571249,6.391917113392602,402.20760473898275,0,3072,10,105966,8,2,2,3,0,0,0,0,8,3,1024,424700.0,0,1,0,0,0,0,1,0,0,0,CNN,0,pyrat,TIMEOUT,360.03338289260864,timeout,360.0
vb_oval21_0001,oval21,established,oval21,net_e39711edc5284e17,onnx,0.258162260055542,156.78114370775918,0.19955863808322824,6.3784261836515865,622.1216952066095,0,3072,10,105966,8,2,2,3,0,0,0,0,8,3,1024,424700.0,0,1,0,0,0,0,1,0,0,0,CNN,0,abcrown,UNSAT,25.437049865722656,solved,360.0
vb_oval21_0001,oval21,established,oval21,net_e39711edc5284e17,onnx,0.258162260055542,156.78114370775918,0.19955863808322824,6.3784261836515865,622.1216952066095,0,3072,10,105966,8,2,2,3,0,0,0,0,8,3,1024,424700.0,0,1,0,0,0,0,1,0,0,0,CNN,0,neuralsat,UNSAT,42.023924827575684,solved,360.0
vb_oval21_0001,oval21,established,oval21,net_e39711edc5284e17,onnx,0.258162260055542,156.78114370775918,0.19955863808322824,6.3784261836515865,622.1216952066095,0,3072,10,105966,8,2,2,3,0,0,0,0,8,3,1024,424700.0,0,1,0,0,0,0,1,0,0,0,CNN,0,marabou,TIMEOUT,302.2607250213623,timeout,300.0
vb_oval21_0001,oval21,established,oval21,net_e39711edc5284e17,onnx,0.258162260055542,156.78114370775918,0.19955863808322824,6.3784261836515865,622.1216952066095,0,3072,10,105966,8,2,2,3,0,0,0,0,8,3,1024,424700.0,0,1,0,0,0,0,1,0,0,0,CNN,0,nnenum,TIMEOUT,360.0226390361786,timeout,360.0
vb_oval21_0001,oval21,established,oval21,net_e39711edc5284e17,onnx,0.258162260055542,156.78114370775918,0.19955863808322824,6.3784261836515865,622.1216952066095,0,3072,10,105966,8,2,2,3,0,0,0,0,8,3,1024,424700.0,0,1,0,0,0,0,1,0,0,0,CNN,0,pyrat,TIMEOUT,360.03661608695984,timeout,360.0
vb_oval21_0002,oval21,established,oval21,net_e39711edc5284e17,onnx,0.11497819423675537,421.5020637449642,0.2096469104665826,6.359573868672378,508.20917049120624,0,3072,10,105966,8,2,2,3,0,0,0,0,8,3,1024,424700.0,0,1,0,0,0,0,1,0,0,0,CNN,0,abcrown,UNSAT,11.009007930755615,solved,360.0
vb_oval21_0002,oval21,established,oval21,net_e39711edc5284e17,onnx,0.11497819423675537,421.5020637449642,0.2096469104665826,6.359573868672378,508.20917049120624,0,3072,10,105966,8,2,2,3,0,0,0,0,8,3,1024,424700.0,0,1,0,0,0,0,1,0,0,0,CNN,0,neuralsat,UNSAT,26.901178121566772,solved,360.0
vb_oval21_0002,oval21,established,oval21,net_e39711edc5284e17,onnx,0.11497819423675537,421.5020637449642,0.2096469104665826,6.359573868672378,508.20917049120624,0,3072,10,105966,8,2,2,3,0,0,0,0,8,3,1024,424700.0,0,1,0,0,0,0,1,0,0,0,CNN,0,marabou,ERROR,11.840532064437866,error,300.0
vb_oval21_0002,oval21,established,oval21,net_e39711edc5284e17,onnx,0.11497819423675537,421.5020637449642,0.2096469104665826,6.359573868672378,508.20917049120624,0,3072,10,105966,8,2,2,3,0,0,0,0,8,3,1024,424700.0,0,1,0,0,0,0,1,0,0,0,CNN,0,nnenum,TIMEOUT,360.0272891521454,timeout,360.0
vb_oval21_0002,oval21,established,oval21,net_e39711edc5284e17,onnx,0.11497819423675537,421.5020637449642,0.2096469104665826,6.359573868672378,508.20917049120624,0,3072,10,105966,8,2,2,3,0,0,0,0,8,3,1024,424700.0,0,1,0,0,0,0,1,0,0,0,CNN,0,pyrat,UNSAT,102.30661702156067,solved,360.0
vb_oval21_0003,oval21,established,oval21,net_e39711edc5284e17,onnx,0.27959275245666504,306.1498008426012,0.39880201765447665,6.396929655216146,754.2053225191513,0,3072,10,105966,8,2,2,3,0,0,0,0,8,3,1024,424700.0,0,1,0,0,0,0,1,0,0,0,CNN,0,abcrown,TIMEOUT,360.0314111709595,timeout,360.0
vb_oval21_0003,oval21,established,oval21,net_e39711edc5284e17,onnx,0.27959275245666504,306.1498008426012,0.39880201765447665,6.396929655216146,754.2053225191513,0,3072,10,105966,8,2,2,3,0,0,0,0,8,3,1024,424700.0,0,1,0,0,0,0,1,0,0,0,CNN,0,neuralsat,UNKNOWN,308.8261287212372,other,360.0
vb_oval21_0003,oval21,established,oval21,net_e39711edc5284e17,onnx,0.27959275245666504,306.1498008426012,0.39880201765447665,6.396929655216146,754.2053225191513,0,3072,10,105966,8,2,2,3,0,0,0,0,8,3,1024,424700.0,0,1,0,0,0,0,1,0,0,0,CNN,0,marabou,ERROR,13.575256824493408,error,300.0
vb_oval21_0003,oval21,established,oval21,net_e39711edc5284e17,onnx,0.27959275245666504,306.1498008426012,0.39880201765447665,6.396929655216146,754.2053225191513,0,3072,10,105966,8,2,2,3,0,0,0,0,8,3,1024,424700.0,0,1,0,0,0,0,1,0,0,0,CNN,0,nnenum,TIMEOUT,360.0148208141327,timeout,360.0
vb_oval21_0003,oval21,established,oval21,net_e39711edc5284e17,onnx,0.27959275245666504,306.1498008426012,0.39880201765447665,6.396929655216146,754.2053225191513,0,3072,10,105966,8,2,2,3,0,0,0,0,8,3,1024,424700.0,0,1,0,0,0,0,1,0,0,0,CNN,0,pyrat,TIMEOUT,360.03646206855774,timeout,360.0
vb_oval21_0004,oval21,established,oval21,net_e39711edc5284e17,onnx,0.07480204105377197,195.0610914975875,0.12799495586380832,6.3784261836515865,555.5387000017469,0,3072,10,105966,8,2,2,3,0,0,0,0,8,3,1024,424700.0,0,1,0,0,0,0,1,0,0,0,CNN,0,abcrown,UNSAT,16.75180697441101,solved,360.0
vb_oval21_0004,oval21,established,oval21,net_e39711edc5284e17,onnx,0.07480204105377197,195.0610914975875,0.12799495586380832,6.3784261836515865,555.5387000017469,0,3072,10,105966,8,2,2,3,0,0,0,0,8,3,1024,424700.0,0,1,0,0,0,0,1,0,0,0,CNN,0,neuralsat,UNSAT,25.434892177581787,solved,360.0
vb_oval21_0004,oval21,established,oval21,net_e39711edc5284e17,onnx,0.07480204105377197,195.0610914975875,0.12799495586380832,6.3784261836515865,555.5387000017469,0,3072,10,105966,8,2,2,3,0,0,0,0,8,3,1024,424700.0,0,1,0,0,0,0,1,0,0,0,CNN,0,marabou,TIMEOUT,301.66716408729553,timeout,300.0
vb_oval21_0004,oval21,established,oval21,net_e39711edc5284e17,onnx,0.07480204105377197,195.0610914975875,0.12799495586380832,6.3784261836515865,555.5387000017469,0,3072,10,105966,8,2,2,3,0,0,0,0,8,3,1024,424700.0,0,1,0,0,0,0,1,0,0,0,CNN,0,nnenum,TIMEOUT,360.03121399879456,timeout,360.0
vb_oval21_0004,oval21,established,oval21,net_e39711edc5284e17,onnx,0.07480204105377197,195.0610914975875,0.12799495586380832,6.3784261836515865,555.5387000017469,0,3072,10,105966,8,2,2,3,0,0,0,0,8,3,1024,424700.0,0,1,0,0,0,0,1,0,0,0,CNN,0,pyrat,UNSAT,40.669636964797974,solved,360.0
vb_oval21_0005,oval21,established,oval21,net_e39711edc5284e17,onnx,0.06018471717834473,346.29689857723645,0.14060529634300126,6.391917113392602,659.6903589683966,0,3072,10,105966,8,2,2,3,0,0,0,0,8,3,1024,424700.0,0,1,0,0,0,0,1,0,0,0,CNN,0,abcrown,UNSAT,16.843852043151855,solved,360.0
vb_oval21_0005,oval21,established,oval21,net_e39711edc5284e17,onnx,0.06018471717834473,346.29689857723645,0.14060529634300126,6.391917113392602,659.6903589683966,0,3072,10,105966,8,2,2,3,0,0,0,0,8,3,1024,424700.0,0,1,0,0,0,0,1,0,0,0,CNN,0,neuralsat,UNSAT,28.882936000823975,solved,360.0
vb_oval21_0005,oval21,established,oval21,net_e39711edc5284e17,onnx,0.06018471717834473,346.29689857723645,0.14060529634300126,6.391917113392602,659.6903589683966,0,3072,10,105966,8,2,2,3,0,0,0,0,8,3,1024,424700.0,0,1,0,0,0,0,1,0,0,0,CNN,0,marabou,TIMEOUT,301.035719871521,timeout,300.0
vb_oval21_0005,oval21,established,oval21,net_e39711edc5284e17,onnx,0.06018471717834473,346.29689857723645,0.14060529634300126,6.391917113392602,659.6903589683966,0,3072,10,105966,8,2,2,3,0,0,0,0,8,3,1024,424700.0,0,1,0,0,0,0,1,0,0,0,CNN,0,nnenum,TIMEOUT,360.0243067741394,timeout,360.0
vb_oval21_0005,oval21,established,oval21,net_e39711edc5284e17,onnx,0.06018471717834473,346.29689857723645,0.14060529634300126,6.391917113392602,659.6903589683966,0,3072,10,105966,8,2,2,3,0,0,0,0,8,3,1024,424700.0,0,1,0,0,0,0,1,0,0,0,CNN,0,pyrat,TIMEOUT,359.98982310295105,timeout,360.0
vb_oval21_0006,oval21,established,oval21,net_e39711edc5284e17,onnx,0.1467205286026001,235.1963874954415,0.22257250945775536,6.38856140554563,455.1422184450638,0,3072,10,105966,8,2,2,3,0,0,0,0,8,3,1024,424700.0,0,1,0,0,0,0,1,0,0,0,CNN,0,abcrown,UNSAT,54.78497099876404,solved,360.0
vb_oval21_0006,oval21,established,oval21,net_e39711edc5284e17,onnx,0.1467205286026001,235.1963874954415,0.22257250945775536,6.38856140554563,455.1422184450638,0,3072,10,105966,8,2,2,3,0,0,0,0,8,3,1024,424700.0,0,1,0,0,0,0,1,0,0,0,CNN,0,neuralsat,UNSAT,48.93886709213257,solved,360.0
vb_oval21_0006,oval21,established,oval21,net_e39711edc5284e17,onnx,0.1467205286026001,235.1963874954415,0.22257250945775536,6.38856140554563,455.1422184450638,0,3072,10,105966,8,2,2,3,0,0,0,0,8,3,1024,424700.0,0,1,0,0,0,0,1,0,0,0,CNN,0,marabou,TIMEOUT,300.5366220474243,timeout,300.0
vb_oval21_0006,oval21,established,oval21,net_e39711edc5284e17,onnx,0.1467205286026001,235.1963874954415,0.22257250945775536,6.38856140554563,455.1422184450638,0,3072,10,105966,8,2,2,3,0,0,0,0,8,3,1024,424700.0,0,1,0,0,0,0,1,0,0,0,CNN,0,nnenum,TIMEOUT,360.04876017570496,timeout,360.0
vb_oval21_0006,oval21,established,oval21,net_e39711edc5284e17,onnx,0.1467205286026001,235.1963874954415,0.22257250945775536,6.38856140554563,455.1422184450638,0,3072,10,105966,8,2,2,3,0,0,0,0,8,3,1024,424700.0,0,1,0,0,0,0,1,0,0,0,CNN,0,pyrat,TIMEOUT,360.0425229072571,timeout,360.0
vb_oval21_0007,oval21,established,oval21,net_e39711edc5284e17,onnx,0.11377716064453125,292.78772714823464,0.14281210592686003,6.386879319362645,513.0531159292864,0,3072,10,105966,8,2,2,3,0,0,0,0,8,3,1024,424700.0,0,1,0,0,0,0,1,0,0,0,CNN,0,abcrown,UNSAT,16.492088794708252,solved,360.0
vb_oval21_0007,oval21,established,oval21,net_e39711edc5284e17,onnx,0.11377716064453125,292.78772714823464,0.14281210592686003,6.386879319362645,513.0531159292864,0,3072,10,105966,8,2,2,3,0,0,0,0,8,3,1024,424700.0,0,1,0,0,0,0,1,0,0,0,CNN,0,neuralsat,UNSAT,26.630419969558716,solved,360.0
vb_oval21_0007,oval21,established,oval21,net_e39711edc5284e17,onnx,0.11377716064453125,292.78772714823464,0.14281210592686003,6.386879319362645,513.0531159292864,0,3072,10,105966,8,2,2,3,0,0,0,0,8,3,1024,424700.0,0,1,0,0,0,0,1,0,0,0,CNN,0,marabou,TIMEOUT,301.0759470462799,timeout,300.0
vb_oval21_0007,oval21,established,oval21,net_e39711edc5284e17,onnx,0.11377716064453125,292.78772714823464,0.14281210592686003,6.386879319362645,513.0531159292864,0,3072,10,105966,8,2,2,3,0,0,0,0,8,3,1024,424700.0,0,1,0,0,0,0,1,0,0,0,CNN,0,nnenum,TIMEOUT,360.02717900276184,timeout,360.0
vb_oval21_0007,oval21,established,oval21,net_e39711edc5284e17,onnx,0.11377716064453125,292.78772714823464,0.14281210592686003,6.386879319362645,513.0531159292864,0,3072,10,105966,8,2,2,3,0,0,0,0,8,3,1024,424700.0,0,1,0,0,0,0,1,0,0,0,CNN,0,pyrat,UNSAT,65.21598696708679,solved,360.0
vb_oval21_0008,oval21,established,oval21,net_e39711edc5284e17,onnx,0.1346745491027832,214.64922654063034,0.28562421185372006,6.396929655216146,587.437019248582,0,3072,10,105966,8,2,2,3,0,0,0,0,8,3,1024,424700.0,0,1,0,0,0,0,1,0,0,0,CNN,0,abcrown,UNSAT,72.14348697662354,solved,360.0
vb_oval21_0008,oval21,established,oval21,net_e39711edc5284e17,onnx,0.1346745491027832,214.64922654063034,0.28562421185372006,6.396929655216146,587.437019248582,0,3072,10,105966,8,2,2,3,0,0,0,0,8,3,1024,424700.0,0,1,0,0,0,0,1,0,0,0,CNN,0,neuralsat,UNSAT,62.15641498565674,solved,360.0
vb_oval21_0008,oval21,established,oval21,net_e39711edc5284e17,onnx,0.1346745491027832,214.64922654063034,0.28562421185372006,6.396929655216146,587.437019248582,0,3072,10,105966,8,2,2,3,0,0,0,0,8,3,1024,424700.0,0,1,0,0,0,0,1,0,0,0,CNN,0,marabou,TIMEOUT,302.60055708885193,timeout,300.0
vb_oval21_0008,oval21,established,oval21,net_e39711edc5284e17,onnx,0.1346745491027832,214.64922654063034,0.28562421185372006,6.396929655216146,587.437019248582,0,3072,10,105966,8,2,2,3,0,0,0,0,8,3,1024,424700.0,0,1,0,0,0,0,1,0,0,0,CNN,0,nnenum,TIMEOUT,360.01951003074646,timeout,360.0
vb_oval21_0008,oval21,established,oval21,net_e39711edc5284e17,onnx,0.1346745491027832,214.64922654063034,0.28562421185372006,6.396929655216146,587.437019248582,0,3072,10,105966,8,2,2,3,0,0,0,0,8,3,1024,424700.0,0,1,0,0,0,0,1,0,0,0,CNN,0,pyrat,TIMEOUT,360.03097224235535,timeout,360.0
vb_oval21_0009,oval21,established,oval21,net_e39711edc5284e17,onnx,0.5598218441009521,93.31311766320096,0.3026481715006305,6.39024066706535,441.47743961194715,0,3072,10,105966,8,2,2,3,0,0,0,0,8,3,1024,424700.0,0,1,0,0,0,0,1,0,0,0,CNN,0,abcrown,UNSAT,271.0073781013489,solved,360.0
vb_oval21_0009,oval21,established,oval21,net_e39711edc5284e17,onnx,0.5598218441009521,93.31311766320096,0.3026481715006305,6.39024066706535,441.47743961194715,0,3072,10,105966,8,2,2,3,0,0,0,0,8,3,1024,424700.0,0,1,0,0,0,0,1,0,0,0,CNN,0,neuralsat,UNSAT,181.7515687942505,solved,360.0
vb_oval21_0009,oval21,established,oval21,net_e39711edc5284e17,onnx,0.5598218441009521,93.31311766320096,0.3026481715006305,6.39024066706535,441.47743961194715,0,3072,10,105966,8,2,2,3,0,0,0,0,8,3,1024,424700.0,0,1,0,0,0,0,1,0,0,0,CNN,0,marabou,TIMEOUT,302.697448015213,timeout,300.0
vb_oval21_0009,oval21,established,oval21,net_e39711edc5284e17,onnx,0.5598218441009521,93.31311766320096,0.3026481715006305,6.39024066706535,441.47743961194715,0,3072,10,105966,8,2,2,3,0,0,0,0,8,3,1024,424700.0,0,1,0,0,0,0,1,0,0,0,CNN,0,nnenum,TIMEOUT,360.0221288204193,timeout,360.0
vb_oval21_0009,oval21,established,oval21,net_e39711edc5284e17,onnx,0.5598218441009521,93.31311766320096,0.3026481715006305,6.39024066706535,441.47743961194715,0,3072,10,105966,8,2,2,3,0,0,0,0,8,3,1024,424700.0,0,1,0,0,0,0,1,0,0,0,CNN,0,pyrat,TIMEOUT,360.0358250141144,timeout,360.0
vb_oval21_0010,oval21,established,oval21,net_1eafcce51be876f9,onnx,0.5101742744445801,184.71669472154522,0.3976617552850737,6.396929655216146,1403.6110904791822,0,3072,10,214918,8,2,2,3,0,0,0,0,8,3,2048,860512.0,0,1,0,0,0,0,1,0,0,0,CNN,0,abcrown,TIMEOUT,360.0418620109558,timeout,360.0
vb_oval21_0010,oval21,established,oval21,net_1eafcce51be876f9,onnx,0.5101742744445801,184.71669472154522,0.3976617552850737,6.396929655216146,1403.6110904791822,0,3072,10,214918,8,2,2,3,0,0,0,0,8,3,2048,860512.0,0,1,0,0,0,0,1,0,0,0,CNN,0,neuralsat,TIMEOUT,360.0102689266205,timeout,360.0
vb_oval21_0010,oval21,established,oval21,net_1eafcce51be876f9,onnx,0.5101742744445801,184.71669472154522,0.3976617552850737,6.396929655216146,1403.6110904791822,0,3072,10,214918,8,2,2,3,0,0,0,0,8,3,2048,860512.0,0,1,0,0,0,0,1,0,0,0,CNN,0,marabou,UNSAT,20.46778702735901,solved,300.0
vb_oval21_0010,oval21,established,oval21,net_1eafcce51be876f9,onnx,0.5101742744445801,184.71669472154522,0.3976617552850737,6.396929655216146,1403.6110904791822,0,3072,10,214918,8,2,2,3,0,0,0,0,8,3,2048,860512.0,0,1,0,0,0,0,1,0,0,0,CNN,0,nnenum,TIMEOUT,360.015771150589,timeout,360.0
vb_oval21_0010,oval21,established,oval21,net_1eafcce51be876f9,onnx,0.5101742744445801,184.71669472154522,0.3976617552850737,6.396929655216146,1403.6110904791822,0,3072,10,214918,8,2,2,3,0,0,0,0,8,3,2048,860512.0,0,1,0,0,0,0,1,0,0,0,CNN,0,pyrat,TIMEOUT,360.0464696884155,timeout,360.0
vb_oval21_0011,oval21,established,oval21,net_1eafcce51be876f9,onnx,0.5683414936065674,176.19908616348664,0.47197309417040356,6.396929655216146,1133.6801800714754,0,3072,10,214918,8,2,2,3,0,0,0,0,8,3,2048,860512.0,0,1,0,0,0,0,1,0,0,0,CNN,0,abcrown,TIMEOUT,360.0605082511902,timeout,360.0
vb_oval21_0011,oval21,established,oval21,net_1eafcce51be876f9,onnx,0.5683414936065674,176.19908616348664,0.47197309417040356,6.396929655216146,1133.6801800714754,0,3072,10,214918,8,2,2,3,0,0,0,0,8,3,2048,860512.0,0,1,0,0,0,0,1,0,0,0,CNN,0,neuralsat,TIMEOUT,360.0197479724884,timeout,360.0
vb_oval21_0011,oval21,established,oval21,net_1eafcce51be876f9,onnx,0.5683414936065674,176.19908616348664,0.47197309417040356,6.396929655216146,1133.6801800714754,0,3072,10,214918,8,2,2,3,0,0,0,0,8,3,2048,860512.0,0,1,0,0,0,0,1,0,0,0,CNN,0,marabou,UNSAT,20.32364821434021,solved,300.0
vb_oval21_0011,oval21,established,oval21,net_1eafcce51be876f9,onnx,0.5683414936065674,176.19908616348664,0.47197309417040356,6.396929655216146,1133.6801800714754,0,3072,10,214918,8,2,2,3,0,0,0,0,8,3,2048,860512.0,0,1,0,0,0,0,1,0,0,0,CNN,0,nnenum,TIMEOUT,360.04436111450195,timeout,360.0
vb_oval21_0011,oval21,established,oval21,net_1eafcce51be876f9,onnx,0.5683414936065674,176.19908616348664,0.47197309417040356,6.396929655216146,1133.6801800714754,0,3072,10,214918,8,2,2,3,0,0,0,0,8,3,2048,860512.0,0,1,0,0,0,0,1,0,0,0,CNN,0,pyrat,TIMEOUT,360.0465199947357,timeout,360.0
vb_oval21_0012,oval21,established,oval21,net_1eafcce51be876f9,onnx,0.03469812870025635,461.8601396786523,0.08552210121716848,6.393590753950631,1211.231434811202,0,3072,10,214918,8,2,2,3,0,0,0,0,8,3,2048,860512.0,0,1,0,0,0,0,1,0,0,0,CNN,0,abcrown,TIMEOUT,360.2324562072754,timeout,360.0
vb_oval21_0012,oval21,established,oval21,net_1eafcce51be876f9,onnx,0.03469812870025635,461.8601396786523,0.08552210121716848,6.393590753950631,1211.231434811202,0,3072,10,214918,8,2,2,3,0,0,0,0,8,3,2048,860512.0,0,1,0,0,0,0,1,0,0,0,CNN,0,neuralsat,UNSAT,189.2923460006714,solved,360.0
vb_oval21_0012,oval21,established,oval21,net_1eafcce51be876f9,onnx,0.03469812870025635,461.8601396786523,0.08552210121716848,6.393590753950631,1211.231434811202,0,3072,10,214918,8,2,2,3,0,0,0,0,8,3,2048,860512.0,0,1,0,0,0,0,1,0,0,0,CNN,0,marabou,UNSAT,20.254318952560425,solved,300.0
vb_oval21_0012,oval21,established,oval21,net_1eafcce51be876f9,onnx,0.03469812870025635,461.8601396786523,0.08552210121716848,6.393590753950631,1211.231434811202,0,3072,10,214918,8,2,2,3,0,0,0,0,8,3,2048,860512.0,0,1,0,0,0,0,1,0,0,0,CNN,0,nnenum,TIMEOUT,360.03915786743164,timeout,360.0
vb_oval21_0012,oval21,established,oval21,net_1eafcce51be876f9,onnx,0.03469812870025635,461.8601396786523,0.08552210121716848,6.393590753950631,1211.231434811202,0,3072,10,214918,8,2,2,3,0,0,0,0,8,3,2048,860512.0,0,1,0,0,0,0,1,0,0,0,CNN,0,pyrat,TIMEOUT,360.0546991825104,timeout,360.0
vb_oval21_0013,oval21,established,oval21,net_1eafcce51be876f9,onnx,3.367316722869873,41.52638550504836,0.5102498398462524,6.396929655216146,1456.405017015868,0,3072,10,214918,8,2,2,3,0,0,0,0,8,3,2048,860512.0,0,1,0,0,0,0,1,0,0,0,CNN,0,abcrown,TIMEOUT,360.0800530910492,timeout,360.0
vb_oval21_0013,oval21,established,oval21,net_1eafcce51be876f9,onnx,3.367316722869873,41.52638550504836,0.5102498398462524,6.396929655216146,1456.405017015868,0,3072,10,214918,8,2,2,3,0,0,0,0,8,3,2048,860512.0,0,1,0,0,0,0,1,0,0,0,CNN,0,neuralsat,TIMEOUT,360.01441407203674,timeout,360.0
vb_oval21_0013,oval21,established,oval21,net_1eafcce51be876f9,onnx,3.367316722869873,41.52638550504836,0.5102498398462524,6.396929655216146,1456.405017015868,0,3072,10,214918,8,2,2,3,0,0,0,0,8,3,2048,860512.0,0,1,0,0,0,0,1,0,0,0,CNN,0,marabou,UNSAT,20.55920386314392,solved,300.0
vb_oval21_0013,oval21,established,oval21,net_1eafcce51be876f9,onnx,3.367316722869873,41.52638550504836,0.5102498398462524,6.396929655216146,1456.405017015868,0,3072,10,214918,8,2,2,3,0,0,0,0,8,3,2048,860512.0,0,1,0,0,0,0,1,0,0,0,CNN,0,nnenum,TIMEOUT,360.02088809013367,timeout,360.0
vb_oval21_0013,oval21,established,oval21,net_1eafcce51be876f9,onnx,3.367316722869873,41.52638550504836,0.5102498398462524,6.396929655216146,1456.405017015868,0,3072,10,214918,8,2,2,3,0,0,0,0,8,3,2048,860512.0,0,1,0,0,0,0,1,0,0,0,CNN,0,pyrat,TIMEOUT,360.0385148525238,timeout,360.0
vb_oval21_0014,oval21,established,oval21,net_1eafcce51be876f9,onnx,-0.0006487369537353516,9980.328540293815,0.05589365791159513,6.396929655216146,1511.2697652270185,0,3072,10,214918,8,2,2,3,0,0,0,0,8,3,2048,860512.0,0,1,0,0,0,0,1,0,0,0,CNN,0,abcrown,SAT,50.46508479118347,counterexample,360.0
vb_oval21_0014,oval21,established,oval21,net_1eafcce51be876f9,onnx,-0.0006487369537353516,9980.328540293815,0.05589365791159513,6.396929655216146,1511.2697652270185,0,3072,10,214918,8,2,2,3,0,0,0,0,8,3,2048,860512.0,0,1,0,0,0,0,1,0,0,0,CNN,0,neuralsat,SAT,4.125702857971191,counterexample,360.0
vb_oval21_0014,oval21,established,oval21,net_1eafcce51be876f9,onnx,-0.0006487369537353516,9980.328540293815,0.05589365791159513,6.396929655216146,1511.2697652270185,0,3072,10,214918,8,2,2,3,0,0,0,0,8,3,2048,860512.0,0,1,0,0,0,0,1,0,0,0,CNN,0,marabou,UNSAT,20.509959936141968,solved,300.0
vb_oval21_0014,oval21,established,oval21,net_1eafcce51be876f9,onnx,-0.0006487369537353516,9980.328540293815,0.05589365791159513,6.396929655216146,1511.2697652270185,0,3072,10,214918,8,2,2,3,0,0,0,0,8,3,2048,860512.0,0,1,0,0,0,0,1,0,0,0,CNN,0,nnenum,SAT,8.086175918579102,counterexample,360.0
vb_oval21_0014,oval21,established,oval21,net_1eafcce51be876f9,onnx,-0.0006487369537353516,9980.328540293815,0.05589365791159513,6.396929655216146,1511.2697652270185,0,3072,10,214918,8,2,2,3,0,0,0,0,8,3,2048,860512.0,0,1,0,0,0,0,1,0,0,0,CNN,0,pyrat,TIMEOUT,360.0442521572113,timeout,360.0
vb_oval21_0015,oval21,established,oval21,net_1eafcce51be876f9,onnx,0.3114352226257324,204.98520961401096,0.30349135169762975,6.396929655216146,1311.806001886543,0,3072,10,214918,8,2,2,3,0,0,0,0,8,3,2048,860512.0,0,1,0,0,0,0,1,0,0,0,CNN,0,abcrown,TIMEOUT,360.09768295288086,timeout,360.0
vb_oval21_0015,oval21,established,oval21,net_1eafcce51be876f9,onnx,0.3114352226257324,204.98520961401096,0.30349135169762975,6.396929655216146,1311.806001886543,0,3072,10,214918,8,2,2,3,0,0,0,0,8,3,2048,860512.0,0,1,0,0,0,0,1,0,0,0,CNN,0,neuralsat,TIMEOUT,360.0131928920746,timeout,360.0
vb_oval21_0015,oval21,established,oval21,net_1eafcce51be876f9,onnx,0.3114352226257324,204.98520961401096,0.30349135169762975,6.396929655216146,1311.806001886543,0,3072,10,214918,8,2,2,3,0,0,0,0,8,3,2048,860512.0,0,1,0,0,0,0,1,0,0,0,CNN,0,marabou,UNSAT,20.66229796409607,solved,300.0
vb_oval21_0015,oval21,established,oval21,net_1eafcce51be876f9,onnx,0.3114352226257324,204.98520961401096,0.30349135169762975,6.396929655216146,1311.806001886543,0,3072,10,214918,8,2,2,3,0,0,0,0,8,3,2048,860512.0,0,1,0,0,0,0,1,0,0,0,CNN,0,nnenum,TIMEOUT,360.01885294914246,timeout,360.0
vb_oval21_0015,oval21,established,oval21,net_1eafcce51be876f9,onnx,0.3114352226257324,204.98520961401096,0.30349135169762975,6.396929655216146,1311.806001886543,0,3072,10,214918,8,2,2,3,0,0,0,0,8,3,2048,860512.0,0,1,0,0,0,0,1,0,0,0,CNN,0,pyrat,TIMEOUT,360.0442638397217,timeout,360.0
vb_oval21_0016,oval21,established,oval21,net_1eafcce51be876f9,onnx,1.2088594436645508,59.42722161340197,0.3167841127482383,6.396929655216146,1322.5263816805957,0,3072,10,214918,8,2,2,3,0,0,0,0,8,3,2048,860512.0,0,1,0,0,0,0,1,0,0,0,CNN,0,abcrown,TIMEOUT,360.14368200302124,timeout,360.0
vb_oval21_0016,oval21,established,oval21,net_1eafcce51be876f9,onnx,1.2088594436645508,59.42722161340197,0.3167841127482383,6.396929655216146,1322.5263816805957,0,3072,10,214918,8,2,2,3,0,0,0,0,8,3,2048,860512.0,0,1,0,0,0,0,1,0,0,0,CNN,0,neuralsat,TIMEOUT,360.014790058136,timeout,360.0
vb_oval21_0016,oval21,established,oval21,net_1eafcce51be876f9,onnx,1.2088594436645508,59.42722161340197,0.3167841127482383,6.396929655216146,1322.5263816805957,0,3072,10,214918,8,2,2,3,0,0,0,0,8,3,2048,860512.0,0,1,0,0,0,0,1,0,0,0,CNN,0,marabou,UNSAT,20.594838857650757,solved,300.0
vb_oval21_0016,oval21,established,oval21,net_1eafcce51be876f9,onnx,1.2088594436645508,59.42722161340197,0.3167841127482383,6.396929655216146,1322.5263816805957,0,3072,10,214918,8,2,2,3,0,0,0,0,8,3,2048,860512.0,0,1,0,0,0,0,1,0,0,0,CNN,0,nnenum,TIMEOUT,360.0231680870056,timeout,360.0
vb_oval21_0016,oval21,established,oval21,net_1eafcce51be876f9,onnx,1.2088594436645508,59.42722161340197,0.3167841127482383,6.396929655216146,1322.5263816805957,0,3072,10,214918,8,2,2,3,0,0,0,0,8,3,2048,860512.0,0,1,0,0,0,0,1,0,0,0,CNN,0,pyrat,TIMEOUT,360.03127002716064,timeout,360.0
vb_oval21_0017,oval21,established,oval21,net_1eafcce51be876f9,onnx,0.009613633155822754,939.6291771606152,0.07126841768097374,6.396929655216146,1617.9723182223531,0,3072,10,214918,8,2,2,3,0,0,0,0,8,3,2048,860512.0,0,1,0,0,0,0,1,0,0,0,CNN,0,abcrown,UNSAT,139.06923389434814,solved,360.0
vb_oval21_0017,oval21,established,oval21,net_1eafcce51be876f9,onnx,0.009613633155822754,939.6291771606152,0.07126841768097374,6.396929655216146,1617.9723182223531,0,3072,10,214918,8,2,2,3,0,0,0,0,8,3,2048,860512.0,0,1,0,0,0,0,1,0,0,0,CNN,0,neuralsat,UNSAT,35.0979368686676,solved,360.0
vb_oval21_0017,oval21,established,oval21,net_1eafcce51be876f9,onnx,0.009613633155822754,939.6291771606152,0.07126841768097374,6.396929655216146,1617.9723182223531,0,3072,10,214918,8,2,2,3,0,0,0,0,8,3,2048,860512.0,0,1,0,0,0,0,1,0,0,0,CNN,0,marabou,UNSAT,19.636887073516846,solved,300.0
vb_oval21_0017,oval21,established,oval21,net_1eafcce51be876f9,onnx,0.009613633155822754,939.6291771606152,0.07126841768097374,6.396929655216146,1617.9723182223531,0,3072,10,214918,8,2,2,3,0,0,0,0,8,3,2048,860512.0,0,1,0,0,0,0,1,0,0,0,CNN,0,nnenum,TIMEOUT,360.04429292678833,timeout,360.0
vb_oval21_0017,oval21,established,oval21,net_1eafcce51be876f9,onnx,0.009613633155822754,939.6291771606152,0.07126841768097374,6.396929655216146,1617.9723182223531,0,3072,10,214918,8,2,2,3,0,0,0,0,8,3,2048,860512.0,0,1,0,0,0,0,1,0,0,0,CNN,0,pyrat,TIMEOUT,360.03512501716614,timeout,360.0
vb_oval21_0018,oval21,established,oval21,net_1eafcce51be876f9,onnx,0.00466609001159668,630.2323334196828,0.013773222293401666,6.396929655216146,1076.7921665638785,0,3072,10,214918,8,2,2,3,0,0,0,0,8,3,2048,860512.0,0,1,0,0,0,0,1,0,0,0,CNN,0,abcrown,UNSAT,96.80595779418945,solved,360.0
vb_oval21_0018,oval21,established,oval21,net_1eafcce51be876f9,onnx,0.00466609001159668,630.2323334196828,0.013773222293401666,6.396929655216146,1076.7921665638785,0,3072,10,214918,8,2,2,3,0,0,0,0,8,3,2048,860512.0,0,1,0,0,0,0,1,0,0,0,CNN,0,neuralsat,UNSAT,22.670960903167725,solved,360.0
vb_oval21_0018,oval21,established,oval21,net_1eafcce51be876f9,onnx,0.00466609001159668,630.2323334196828,0.013773222293401666,6.396929655216146,1076.7921665638785,0,3072,10,214918,8,2,2,3,0,0,0,0,8,3,2048,860512.0,0,1,0,0,0,0,1,0,0,0,CNN,0,marabou,UNSAT,20.126885175704956,solved,300.0
vb_oval21_0018,oval21,established,oval21,net_1eafcce51be876f9,onnx,0.00466609001159668,630.2323334196828,0.013773222293401666,6.396929655216146,1076.7921665638785,0,3072,10,214918,8,2,2,3,0,0,0,0,8,3,2048,860512.0,0,1,0,0,0,0,1,0,0,0,CNN,0,nnenum,UNSAT,3.272156238555908,solved,360.0
vb_oval21_0018,oval21,established,oval21,net_1eafcce51be876f9,onnx,0.00466609001159668,630.2323334196828,0.013773222293401666,6.396929655216146,1076.7921665638785,0,3072,10,214918,8,2,2,3,0,0,0,0,8,3,2048,860512.0,0,1,0,0,0,0,1,0,0,0,CNN,0,pyrat,UNSAT,6.655098915100098,solved,360.0
vb_oval21_0019,oval21,established,oval21,net_1eafcce51be876f9,onnx,0.09725570678710938,511.2719160567159,0.3126201153106983,6.396929655216146,1621.913168073099,0,3072,10,214918,8,2,2,3,0,0,0,0,8,3,2048,860512.0,0,1,0,0,0,0,1,0,0,0,CNN,0,abcrown,TIMEOUT,360.5388059616089,timeout,360.0
vb_oval21_0019,oval21,established,oval21,net_1eafcce51be876f9,onnx,0.09725570678710938,511.2719160567159,0.3126201153106983,6.396929655216146,1621.913168073099,0,3072,10,214918,8,2,2,3,0,0,0,0,8,3,2048,860512.0,0,1,0,0,0,0,1,0,0,0,CNN,0,neuralsat,UNKNOWN,335.7142560482025,other,360.0
vb_oval21_0019,oval21,established,oval21,net_1eafcce51be876f9,onnx,0.09725570678710938,511.2719160567159,0.3126201153106983,6.396929655216146,1621.913168073099,0,3072,10,214918,8,2,2,3,0,0,0,0,8,3,2048,860512.0,0,1,0,0,0,0,1,0,0,0,CNN,0,marabou,UNSAT,19.66111993789673,solved,300.0
vb_oval21_0019,oval21,established,oval21,net_1eafcce51be876f9,onnx,0.09725570678710938,511.2719160567159,0.3126201153106983,6.396929655216146,1621.913168073099,0,3072,10,214918,8,2,2,3,0,0,0,0,8,3,2048,860512.0,0,1,0,0,0,0,1,0,0,0,CNN,0,nnenum,TIMEOUT,360.0484299659729,timeout,360.0
vb_oval21_0019,oval21,established,oval21,net_1eafcce51be876f9,onnx,0.09725570678710938,511.2719160567159,0.3126201153106983,6.396929655216146,1621.913168073099,0,3072,10,214918,8,2,2,3,0,0,0,0,8,3,2048,860512.0,0,1,0,0,0,0,1,0,0,0,CNN,0,pyrat,TIMEOUT,360.0254600048065,timeout,360.0
vb_oval21_0020,oval21,established,oval21,net_a1d1d47fe50544f2,onnx,1.5234668254852295,135.62673041109377,0.3470988750740083,6.395261598115449,312.3844158543798,0,3072,10,54902,12,2,4,5,0,0,0,0,12,5,512,220858.0,0,1,0,0,0,0,1,0,0,0,CNN,0,abcrown,TIMEOUT,360.5566680431366,timeout,360.0
vb_oval21_0020,oval21,established,oval21,net_a1d1d47fe50544f2,onnx,1.5234668254852295,135.62673041109377,0.3470988750740083,6.395261598115449,312.3844158543798,0,3072,10,54902,12,2,4,5,0,0,0,0,12,5,512,220858.0,0,1,0,0,0,0,1,0,0,0,CNN,0,neuralsat,TIMEOUT,360.0270938873291,timeout,360.0
vb_oval21_0020,oval21,established,oval21,net_a1d1d47fe50544f2,onnx,1.5234668254852295,135.62673041109377,0.3470988750740083,6.395261598115449,312.3844158543798,0,3072,10,54902,12,2,4,5,0,0,0,0,12,5,512,220858.0,0,1,0,0,0,0,1,0,0,0,CNN,0,marabou,UNSAT,1.3943541049957275,solved,300.0
vb_oval21_0020,oval21,established,oval21,net_a1d1d47fe50544f2,onnx,1.5234668254852295,135.62673041109377,0.3470988750740083,6.395261598115449,312.3844158543798,0,3072,10,54902,12,2,4,5,0,0,0,0,12,5,512,220858.0,0,1,0,0,0,0,1,0,0,0,CNN,0,nnenum,TIMEOUT,360.0257160663605,timeout,360.0
vb_oval21_0020,oval21,established,oval21,net_a1d1d47fe50544f2,onnx,1.5234668254852295,135.62673041109377,0.3470988750740083,6.395261598115449,312.3844158543798,0,3072,10,54902,12,2,4,5,0,0,0,0,12,5,512,220858.0,0,1,0,0,0,0,1,0,0,0,CNN,0,pyrat,TIMEOUT,360.0281660556793,timeout,360.0
vb_oval21_0021,oval21,established,oval21,net_a1d1d47fe50544f2,onnx,0.010686874389648438,4483.843297813523,0.09917110716400236,6.396929655216146,344.55709258368904,0,3072,10,54902,12,2,4,5,0,0,0,0,12,5,512,220858.0,0,1,0,0,0,0,1,0,0,0,CNN,0,abcrown,UNSAT,353.5798761844635,solved,360.0
vb_oval21_0021,oval21,established,oval21,net_a1d1d47fe50544f2,onnx,0.010686874389648438,4483.843297813523,0.09917110716400236,6.396929655216146,344.55709258368904,0,3072,10,54902,12,2,4,5,0,0,0,0,12,5,512,220858.0,0,1,0,0,0,0,1,0,0,0,CNN,0,neuralsat,UNSAT,46.821064949035645,solved,360.0
vb_oval21_0021,oval21,established,oval21,net_a1d1d47fe50544f2,onnx,0.010686874389648438,4483.843297813523,0.09917110716400236,6.396929655216146,344.55709258368904,0,3072,10,54902,12,2,4,5,0,0,0,0,12,5,512,220858.0,0,1,0,0,0,0,1,0,0,0,CNN,0,marabou,UNSAT,1.3950951099395752,solved,300.0
vb_oval21_0021,oval21,established,oval21,net_a1d1d47fe50544f2,onnx,0.010686874389648438,4483.843297813523,0.09917110716400236,6.396929655216146,344.55709258368904,0,3072,10,54902,12,2,4,5,0,0,0,0,12,5,512,220858.0,0,1,0,0,0,0,1,0,0,0,CNN,0,nnenum,TIMEOUT,360.0417363643646,timeout,360.0
vb_oval21_0021,oval21,established,oval21,net_a1d1d47fe50544f2,onnx,0.010686874389648438,4483.843297813523,0.09917110716400236,6.396929655216146,344.55709258368904,0,3072,10,54902,12,2,4,5,0,0,0,0,12,5,512,220858.0,0,1,0,0,0,0,1,0,0,0,CNN,0,pyrat,TIMEOUT,360.0304651260376,timeout,360.0
vb_oval21_0022,oval21,established,oval21,net_a1d1d47fe50544f2,onnx,0.05895638465881348,673.7126952623705,0.18013617525162817,6.396929655216146,260.0070366820668,0,3072,10,54902,12,2,4,5,0,0,0,0,12,5,512,220858.0,0,1,0,0,0,0,1,0,0,0,CNN,0,abcrown,TIMEOUT,360.32657504081726,timeout,360.0
vb_oval21_0022,oval21,established,oval21,net_a1d1d47fe50544f2,onnx,0.05895638465881348,673.7126952623705,0.18013617525162817,6.396929655216146,260.0070366820668,0,3072,10,54902,12,2,4,5,0,0,0,0,12,5,512,220858.0,0,1,0,0,0,0,1,0,0,0,CNN,0,neuralsat,TIMEOUT,360.01666712760925,timeout,360.0
vb_oval21_0022,oval21,established,oval21,net_a1d1d47fe50544f2,onnx,0.05895638465881348,673.7126952623705,0.18013617525162817,6.396929655216146,260.0070366820668,0,3072,10,54902,12,2,4,5,0,0,0,0,12,5,512,220858.0,0,1,0,0,0,0,1,0,0,0,CNN,0,marabou,UNSAT,1.3849821090698242,solved,300.0
vb_oval21_0022,oval21,established,oval21,net_a1d1d47fe50544f2,onnx,0.05895638465881348,673.7126952623705,0.18013617525162817,6.396929655216146,260.0070366820668,0,3072,10,54902,12,2,4,5,0,0,0,0,12,5,512,220858.0,0,1,0,0,0,0,1,0,0,0,CNN,0,nnenum,TIMEOUT,360.0234167575836,timeout,360.0
vb_oval21_0022,oval21,established,oval21,net_a1d1d47fe50544f2,onnx,0.05895638465881348,673.7126952623705,0.18013617525162817,6.396929655216146,260.0070366820668,0,3072,10,54902,12,2,4,5,0,0,0,0,12,5,512,220858.0,0,1,0,0,0,0,1,0,0,0,CNN,0,pyrat,TIMEOUT,360.02857780456543,timeout,360.0
vb_oval21_0023,oval21,established,oval21,net_a1d1d47fe50544f2,onnx,0.07085371017456055,995.4191505401568,0.15082889283599762,6.3818160174060985,289.03667038069267,0,3072,10,54902,12,2,4,5,0,0,0,0,12,5,512,220858.0,0,1,0,0,0,0,1,0,0,0,CNN,0,abcrown,TIMEOUT,360.4198582172394,timeout,360.0
vb_oval21_0023,oval21,established,oval21,net_a1d1d47fe50544f2,onnx,0.07085371017456055,995.4191505401568,0.15082889283599762,6.3818160174060985,289.03667038069267,0,3072,10,54902,12,2,4,5,0,0,0,0,12,5,512,220858.0,0,1,0,0,0,0,1,0,0,0,CNN,0,neuralsat,UNSAT,119.41659784317017,solved,360.0
vb_oval21_0023,oval21,established,oval21,net_a1d1d47fe50544f2,onnx,0.07085371017456055,995.4191505401568,0.15082889283599762,6.3818160174060985,289.03667038069267,0,3072,10,54902,12,2,4,5,0,0,0,0,12,5,512,220858.0,0,1,0,0,0,0,1,0,0,0,CNN,0,marabou,UNSAT,1.3752689361572266,solved,300.0
vb_oval21_0023,oval21,established,oval21,net_a1d1d47fe50544f2,onnx,0.07085371017456055,995.4191505401568,0.15082889283599762,6.3818160174060985,289.03667038069267,0,3072,10,54902,12,2,4,5,0,0,0,0,12,5,512,220858.0,0,1,0,0,0,0,1,0,0,0,CNN,0,nnenum,TIMEOUT,360.03234910964966,timeout,360.0
vb_oval21_0023,oval21,established,oval21,net_a1d1d47fe50544f2,onnx,0.07085371017456055,995.4191505401568,0.15082889283599762,6.3818160174060985,289.03667038069267,0,3072,10,54902,12,2,4,5,0,0,0,0,12,5,512,220858.0,0,1,0,0,0,0,1,0,0,0,CNN,0,pyrat,UNSAT,314.6003050804138,solved,360.0
vb_oval21_0024,oval21,established,oval21,net_a1d1d47fe50544f2,onnx,0.7035562992095947,230.2649887540616,0.290704558910598,6.39024066706535,215.81631200013965,0,3072,10,54902,12,2,4,5,0,0,0,0,12,5,512,220858.0,0,1,0,0,0,0,1,0,0,0,CNN,0,abcrown,TIMEOUT,360.38271403312683,timeout,360.0
vb_oval21_0024,oval21,established,oval21,net_a1d1d47fe50544f2,onnx,0.7035562992095947,230.2649887540616,0.290704558910598,6.39024066706535,215.81631200013965,0,3072,10,54902,12,2,4,5,0,0,0,0,12,5,512,220858.0,0,1,0,0,0,0,1,0,0,0,CNN,0,neuralsat,TIMEOUT,360.02812600135803,timeout,360.0
vb_oval21_0024,oval21,established,oval21,net_a1d1d47fe50544f2,onnx,0.7035562992095947,230.2649887540616,0.290704558910598,6.39024066706535,215.81631200013965,0,3072,10,54902,12,2,4,5,0,0,0,0,12,5,512,220858.0,0,1,0,0,0,0,1,0,0,0,CNN,0,marabou,UNSAT,1.376396894454956,solved,300.0
vb_oval21_0024,oval21,established,oval21,net_a1d1d47fe50544f2,onnx,0.7035562992095947,230.2649887540616,0.290704558910598,6.39024066706535,215.81631200013965,0,3072,10,54902,12,2,4,5,0,0,0,0,12,5,512,220858.0,0,1,0,0,0,0,1,0,0,0,CNN,0,nnenum,TIMEOUT,360.0272650718689,timeout,360.0
vb_oval21_0024,oval21,established,oval21,net_a1d1d47fe50544f2,onnx,0.7035562992095947,230.2649887540616,0.290704558910598,6.39024066706535,215.81631200013965,0,3072,10,54902,12,2,4,5,0,0,0,0,12,5,512,220858.0,0,1,0,0,0,0,1,0,0,0,CNN,0,pyrat,TIMEOUT,360.03354382514954,timeout,360.0
vb_oval21_0025,oval21,established,oval21,net_a1d1d47fe50544f2,onnx,0.0186922550201416,1298.5322252847996,0.07060390763765542,5.963579343618446,271.2696855735807,0,3072,10,54902,12,2,4,5,0,0,0,0,12,5,512,220858.0,0,1,0,0,0,0,1,0,0,0,CNN,0,abcrown,UNSAT,262.3893392086029,solved,360.0
vb_oval21_0025,oval21,established,oval21,net_a1d1d47fe50544f2,onnx,0.0186922550201416,1298.5322252847996,0.07060390763765542,5.963579343618446,271.2696855735807,0,3072,10,54902,12,2,4,5,0,0,0,0,12,5,512,220858.0,0,1,0,0,0,0,1,0,0,0,CNN,0,neuralsat,UNSAT,36.7436089515686,solved,360.0
vb_oval21_0025,oval21,established,oval21,net_a1d1d47fe50544f2,onnx,0.0186922550201416,1298.5322252847996,0.07060390763765542,5.963579343618446,271.2696855735807,0,3072,10,54902,12,2,4,5,0,0,0,0,12,5,512,220858.0,0,1,0,0,0,0,1,0,0,0,CNN,0,marabou,UNSAT,1.3810431957244873,solved,300.0
vb_oval21_0025,oval21,established,oval21,net_a1d1d47fe50544f2,onnx,0.0186922550201416,1298.5322252847996,0.07060390763765542,5.963579343618446,271.2696855735807,0,3072,10,54902,12,2,4,5,0,0,0,0,12,5,512,220858.0,0,1,0,0,0,0,1,0,0,0,CNN,0,nnenum,TIMEOUT,360.0813479423523,timeout,360.0
vb_oval21_0025,oval21,established,oval21,net_a1d1d47fe50544f2,onnx,0.0186922550201416,1298.5322252847996,0.07060390763765542,5.963579343618446,271.2696855735807,0,3072,10,54902,12,2,4,5,0,0,0,0,12,5,512,220858.0,0,1,0,0,0,0,1,0,0,0,CNN,0,pyrat,UNSAT,26.119159936904907,solved,360.0
vb_oval21_0026,oval21,established,oval21,net_a1d1d47fe50544f2,onnx,0.1716909408569336,557.5107564775811,0.2864120781527531,6.396929655216146,294.53145079762504,0,3072,10,54902,12,2,4,5,0,0,0,0,12,5,512,220858.0,0,1,0,0,0,0,1,0,0,0,CNN,0,abcrown,TIMEOUT,360.321702003479,timeout,360.0
vb_oval21_0026,oval21,established,oval21,net_a1d1d47fe50544f2,onnx,0.1716909408569336,557.5107564775811,0.2864120781527531,6.396929655216146,294.53145079762504,0,3072,10,54902,12,2,4,5,0,0,0,0,12,5,512,220858.0,0,1,0,0,0,0,1,0,0,0,CNN,0,neuralsat,TIMEOUT,360.0154061317444,timeout,360.0
vb_oval21_0026,oval21,established,oval21,net_a1d1d47fe50544f2,onnx,0.1716909408569336,557.5107564775811,0.2864120781527531,6.396929655216146,294.53145079762504,0,3072,10,54902,12,2,4,5,0,0,0,0,12,5,512,220858.0,0,1,0,0,0,0,1,0,0,0,CNN,0,marabou,UNSAT,1.354362964630127,solved,300.0
vb_oval21_0026,oval21,established,oval21,net_a1d1d47fe50544f2,onnx,0.1716909408569336,557.5107564775811,0.2864120781527531,6.396929655216146,294.53145079762504,0,3072,10,54902,12,2,4,5,0,0,0,0,12,5,512,220858.0,0,1,0,0,0,0,1,0,0,0,CNN,0,nnenum,TIMEOUT,360.0336630344391,timeout,360.0
vb_oval21_0026,oval21,established,oval21,net_a1d1d47fe50544f2,onnx,0.1716909408569336,557.5107564775811,0.2864120781527531,6.396929655216146,294.53145079762504,0,3072,10,54902,12,2,4,5,0,0,0,0,12,5,512,220858.0,0,1,0,0,0,0,1,0,0,0,CNN,0,pyrat,TIMEOUT,360.02576994895935,timeout,360.0
vb_oval21_0027,oval21,established,oval21,net_a1d1d47fe50544f2,onnx,1.3418984413146973,164.50495440020575,0.39431616341030196,6.396929655216146,203.20366418222005,0,3072,10,54902,12,2,4,5,0,0,0,0,12,5,512,220858.0,0,1,0,0,0,0,1,0,0,0,CNN,0,abcrown,UNSAT,244.5185239315033,solved,360.0
vb_oval21_0027,oval21,established,oval21,net_a1d1d47fe50544f2,onnx,1.3418984413146973,164.50495440020575,0.39431616341030196,6.396929655216146,203.20366418222005,0,3072,10,54902,12,2,4,5,0,0,0,0,12,5,512,220858.0,0,1,0,0,0,0,1,0,0,0,CNN,0,neuralsat,UNSAT,30.31089687347412,solved,360.0
vb_oval21_0027,oval21,established,oval21,net_a1d1d47fe50544f2,onnx,1.3418984413146973,164.50495440020575,0.39431616341030196,6.396929655216146,203.20366418222005,0,3072,10,54902,12,2,4,5,0,0,0,0,12,5,512,220858.0,0,1,0,0,0,0,1,0,0,0,CNN,0,marabou,UNSAT,1.4008688926696777,solved,300.0
vb_oval21_0027,oval21,established,oval21,net_a1d1d47fe50544f2,onnx,1.3418984413146973,164.50495440020575,0.39431616341030196,6.396929655216146,203.20366418222005,0,3072,10,54902,12,2,4,5,0,0,0,0,12,5,512,220858.0,0,1,0,0,0,0,1,0,0,0,CNN,0,nnenum,UNSAT,164.562579870224,solved,360.0
vb_oval21_0027,oval21,established,oval21,net_a1d1d47fe50544f2,onnx,1.3418984413146973,164.50495440020575,0.39431616341030196,6.396929655216146,203.20366418222005,0,3072,10,54902,12,2,4,5,0,0,0,0,12,5,512,220858.0,0,1,0,0,0,0,1,0,0,0,CNN,0,pyrat,UNSAT,33.180219888687134,solved,360.0
vb_oval21_0028,oval21,established,oval21,net_a1d1d47fe50544f2,onnx,0.08234453201293945,502.459872944694,0.08821788040260509,5.849324779946859,221.65837798160806,0,3072,10,54902,12,2,4,5,0,0,0,0,12,5,512,220858.0,0,1,0,0,0,0,1,0,0,0,CNN,0,abcrown,UNSAT,232.63665103912354,solved,360.0
vb_oval21_0028,oval21,established,oval21,net_a1d1d47fe50544f2,onnx,0.08234453201293945,502.459872944694,0.08821788040260509,5.849324779946859,221.65837798160806,0,3072,10,54902,12,2,4,5,0,0,0,0,12,5,512,220858.0,0,1,0,0,0,0,1,0,0,0,CNN,0,neuralsat,UNSAT,24.620255947113037,solved,360.0
vb_oval21_0028,oval21,established,oval21,net_a1d1d47fe50544f2,onnx,0.08234453201293945,502.459872944694,0.08821788040260509,5.849324779946859,221.65837798160806,0,3072,10,54902,12,2,4,5,0,0,0,0,12,5,512,220858.0,0,1,0,0,0,0,1,0,0,0,CNN,0,marabou,UNSAT,1.38409423828125,solved,300.0
vb_oval21_0028,oval21,established,oval21,net_a1d1d47fe50544f2,onnx,0.08234453201293945,502.459872944694,0.08821788040260509,5.849324779946859,221.65837798160806,0,3072,10,54902,12,2,4,5,0,0,0,0,12,5,512,220858.0,0,1,0,0,0,0,1,0,0,0,CNN,0,nnenum,UNSAT,10.269558906555176,solved,360.0
vb_oval21_0028,oval21,established,oval21,net_a1d1d47fe50544f2,onnx,0.08234453201293945,502.459872944694,0.08821788040260509,5.849324779946859,221.65837798160806,0,3072,10,54902,12,2,4,5,0,0,0,0,12,5,512,220858.0,0,1,0,0,0,0,1,0,0,0,CNN,0,pyrat,UNSAT,8.100563049316406,solved,360.0
vb_oval21_0029,oval21,established,oval21,net_a1d1d47fe50544f2,onnx,0.11845862865447998,766.362560034106,0.23386619301361752,6.391917113392602,222.41587696905523,0,3072,10,54902,12,2,4,5,0,0,0,0,12,5,512,220858.0,0,1,0,0,0,0,1,0,0,0,CNN,0,abcrown,TIMEOUT,360.6802999973297,timeout,360.0
vb_oval21_0029,oval21,established,oval21,net_a1d1d47fe50544f2,onnx,0.11845862865447998,766.362560034106,0.23386619301361752,6.391917113392602,222.41587696905523,0,3072,10,54902,12,2,4,5,0,0,0,0,12,5,512,220858.0,0,1,0,0,0,0,1,0,0,0,CNN,0,neuralsat,UNSAT,122.15649700164795,solved,360.0
vb_oval21_0029,oval21,established,oval21,net_a1d1d47fe50544f2,onnx,0.11845862865447998,766.362560034106,0.23386619301361752,6.391917113392602,222.41587696905523,0,3072,10,54902,12,2,4,5,0,0,0,0,12,5,512,220858.0,0,1,0,0,0,0,1,0,0,0,CNN,0,marabou,UNSAT,1.4081237316131592,solved,300.0
vb_oval21_0029,oval21,established,oval21,net_a1d1d47fe50544f2,onnx,0.11845862865447998,766.362560034106,0.23386619301361752,6.391917113392602,222.41587696905523,0,3072,10,54902,12,2,4,5,0,0,0,0,12,5,512,220858.0,0,1,0,0,0,0,1,0,0,0,CNN,0,nnenum,TIMEOUT,360.0300009250641,timeout,360.0
vb_oval21_0029,oval21,established,oval21,net_a1d1d47fe50544f2,onnx,0.11845862865447998,766.362560034106,0.23386619301361752,6.391917113392602,222.41587696905523,0,3072,10,54902,12,2,4,5,0,0,0,0,12,5,512,220858.0,0,1,0,0,0,0,1,0,0,0,CNN,0,pyrat,TIMEOUT,360.0244519710541,timeout,360.0
000001,vnncomp_mnist_fc,established,MNIST_fc,net_3a5c9730d60bbf1f,onnx,0.9174090623855591,8.120392266666999,0.08203125,6.396929655216146,450.2200588057397,0,784,10,269322,6,3,0,2,0,0,0,0,6,2,784,1077894.0,1,0,0,0,0,0,0,0,0,0,MLP,0,abcrown,UNSAT,10.032748460769653,solved,360.0
000001,vnncomp_mnist_fc,established,MNIST_fc,net_3a5c9730d60bbf1f,onnx,0.9174090623855591,8.120392266666999,0.08203125,6.396929655216146,450.2200588057397,0,784,10,269322,6,3,0,2,0,0,0,0,6,2,784,1077894.0,1,0,0,0,0,0,0,0,0,0,MLP,0,neuralsat,UNSAT,138.22666764259338,solved,240.0
000001,vnncomp_mnist_fc,established,MNIST_fc,net_3a5c9730d60bbf1f,onnx,0.9174090623855591,8.120392266666999,0.08203125,6.396929655216146,450.2200588057397,0,784,10,269322,6,3,0,2,0,0,0,0,6,2,784,1077894.0,1,0,0,0,0,0,0,0,0,0,MLP,0,marabou,UNSAT,32.049933671951294,solved,240.0
000001,vnncomp_mnist_fc,established,MNIST_fc,net_3a5c9730d60bbf1f,onnx,0.9174090623855591,8.120392266666999,0.08203125,6.396929655216146,450.2200588057397,0,784,10,269322,6,3,0,2,0,0,0,0,6,2,784,1077894.0,1,0,0,0,0,0,0,0,0,0,MLP,0,nnenum,UNSAT,13.650418996810913,solved,240.0
000001,vnncomp_mnist_fc,established,MNIST_fc,net_3a5c9730d60bbf1f,onnx,0.9174090623855591,8.120392266666999,0.08203125,6.396929655216146,450.2200588057397,0,784,10,269322,6,3,0,2,0,0,0,0,6,2,784,1077894.0,1,0,0,0,0,0,0,0,0,0,MLP,0,pyrat,UNSAT,6.195264101028442,solved,360.0
000002,vnncomp_mnist_fc,established,MNIST_fc,net_3a5c9730d60bbf1f,onnx,-0.4732914865016937,12.38769136275534,0.11328125,0.0,370.2388844293519,0,784,10,269322,6,3,0,2,0,0,0,0,6,2,784,1077894.0,1,0,0,0,0,0,0,0,0,0,MLP,0,abcrown,ERROR,122.35017418861389,error,360.0
000002,vnncomp_mnist_fc,established,MNIST_fc,net_3a5c9730d60bbf1f,onnx,-0.4732914865016937,12.38769136275534,0.11328125,0.0,370.2388844293519,0,784,10,269322,6,3,0,2,0,0,0,0,6,2,784,1077894.0,1,0,0,0,0,0,0,0,0,0,MLP,0,neuralsat,TIMEOUT,241.74961638450623,timeout,240.0
000002,vnncomp_mnist_fc,established,MNIST_fc,net_3a5c9730d60bbf1f,onnx,-0.4732914865016937,12.38769136275534,0.11328125,0.0,370.2388844293519,0,784,10,269322,6,3,0,2,0,0,0,0,6,2,784,1077894.0,1,0,0,0,0,0,0,0,0,0,MLP,0,marabou,TIMEOUT,240.00527906417847,timeout,240.0
000002,vnncomp_mnist_fc,established,MNIST_fc,net_3a5c9730d60bbf1f,onnx,-0.4732914865016937,12.38769136275534,0.11328125,0.0,370.2388844293519,0,784,10,269322,6,3,0,2,0,0,0,0,6,2,784,1077894.0,1,0,0,0,0,0,0,0,0,0,MLP,0,nnenum,TIMEOUT,240.21347999572754,timeout,240.0
000002,vnncomp_mnist_fc,established,MNIST_fc,net_3a5c9730d60bbf1f,onnx,-0.4732914865016937,12.38769136275534,0.11328125,0.0,370.2388844293519,0,784,10,269322,6,3,0,2,0,0,0,0,6,2,784,1077894.0,1,0,0,0,0,0,0,0,0,0,MLP,0,pyrat,UNKNOWN,57.913355112075806,other,360.0
000003,vnncomp_mnist_fc,established,MNIST_fc,net_3a5c9730d60bbf1f,onnx,0.9418893456459045,7.333403639631327,0.099609375,6.396929655216146,439.0156801271103,0,784,10,269322,6,3,0,2,0,0,0,0,6,2,784,1077894.0,1,0,0,0,0,0,0,0,0,0,MLP,0,abcrown,ERROR,32.04168701171875,error,360.0
000003,vnncomp_mnist_fc,established,MNIST_fc,net_3a5c9730d60bbf1f,onnx,0.9418893456459045,7.333403639631327,0.099609375,6.396929655216146,439.0156801271103,0,784,10,269322,6,3,0,2,0,0,0,0,6,2,784,1077894.0,1,0,0,0,0,0,0,0,0,0,MLP,0,neuralsat,TIMEOUT,241.6765010356903,timeout,240.0
000003,vnncomp_mnist_fc,established,MNIST_fc,net_3a5c9730d60bbf1f,onnx,0.9418893456459045,7.333403639631327,0.099609375,6.396929655216146,439.0156801271103,0,784,10,269322,6,3,0,2,0,0,0,0,6,2,784,1077894.0,1,0,0,0,0,0,0,0,0,0,MLP,0,marabou,SAT,56.44947028160095,counterexample,240.0
000003,vnncomp_mnist_fc,established,MNIST_fc,net_3a5c9730d60bbf1f,onnx,0.9418893456459045,7.333403639631327,0.099609375,6.396929655216146,439.0156801271103,0,784,10,269322,6,3,0,2,0,0,0,0,6,2,784,1077894.0,1,0,0,0,0,0,0,0,0,0,MLP,0,nnenum,SAT,12.040825128555298,counterexample,240.0
000003,vnncomp_mnist_fc,established,MNIST_fc,net_3a5c9730d60bbf1f,onnx,0.9418893456459045,7.333403639631327,0.099609375,6.396929655216146,439.0156801271103,0,784,10,269322,6,3,0,2,0,0,0,0,6,2,784,1077894.0,1,0,0,0,0,0,0,0,0,0,MLP,0,pyrat,UNKNOWN,18.348485231399536,other,360.0
000004,vnncomp_mnist_fc,established,MNIST_fc,net_3a5c9730d60bbf1f,onnx,0.9909846782684326,3.002656146732281,0.01953125,6.396929655216146,477.4538642727691,0,784,10,269322,6,3,0,2,0,0,0,0,6,2,784,1077894.0,1,0,0,0,0,0,0,0,0,0,MLP,0,abcrown,UNSAT,7.261922597885132,solved,360.0
000004,vnncomp_mnist_fc,established,MNIST_fc,net_3a5c9730d60bbf1f,onnx,0.9909846782684326,3.002656146732281,0.01953125,6.396929655216146,477.4538642727691,0,784,10,269322,6,3,0,2,0,0,0,0,6,2,784,1077894.0,1,0,0,0,0,0,0,0,0,0,MLP,0,neuralsat,UNSAT,91.00211501121521,solved,240.0
000004,vnncomp_mnist_fc,established,MNIST_fc,net_3a5c9730d60bbf1f,onnx,0.9909846782684326,3.002656146732281,0.01953125,6.396929655216146,477.4538642727691,0,784,10,269322,6,3,0,2,0,0,0,0,6,2,784,1077894.0,1,0,0,0,0,0,0,0,0,0,MLP,0,marabou,UNSAT,25.44986915588379,solved,240.0
000004,vnncomp_mnist_fc,established,MNIST_fc,net_3a5c9730d60bbf1f,onnx,0.9909846782684326,3.002656146732281,0.01953125,6.396929655216146,477.4538642727691,0,784,10,269322,6,3,0,2,0,0,0,0,6,2,784,1077894.0,1,0,0,0,0,0,0,0,0,0,MLP,0,nnenum,UNSAT,8.528867959976196,solved,240.0
000004,vnncomp_mnist_fc,established,MNIST_fc,net_3a5c9730d60bbf1f,onnx,0.9909846782684326,3.002656146732281,0.01953125,6.396929655216146,477.4538642727691,0,784,10,269322,6,3,0,2,0,0,0,0,6,2,784,1077894.0,1,0,0,0,0,0,0,0,0,0,MLP,0,pyrat,UNSAT,4.963423013687134,solved,360.0
000005,vnncomp_mnist_fc,established,MNIST_fc,net_3a5c9730d60bbf1f,onnx,0.9588243961334229,6.171458332135415,0.107421875,6.3835066348840055,372.45859515811844,0,784,10,269322,6,3,0,2,0,0,0,0,6,2,784,1077894.0,1,0,0,0,0,0,0,0,0,0,MLP,0,abcrown,UNSAT,7.549572467803955,solved,360.0
000005,vnncomp_mnist_fc,established,MNIST_fc,net_3a5c9730d60bbf1f,onnx,0.9588243961334229,6.171458332135415,0.107421875,6.3835066348840055,372.45859515811844,0,784,10,269322,6,3,0,2,0,0,0,0,6,2,784,1077894.0,1,0,0,0,0,0,0,0,0,0,MLP,0,neuralsat,UNSAT,164.97348499298096,solved,240.0
000005,vnncomp_mnist_fc,established,MNIST_fc,net_3a5c9730d60bbf1f,onnx,0.9588243961334229,6.171458332135415,0.107421875,6.3835066348840055,372.45859515811844,0,784,10,269322,6,3,0,2,0,0,0,0,6,2,784,1077894.0,1,0,0,0,0,0,0,0,0,0,MLP,0,marabou,UNSAT,59.3009569644928,solved,240.0
000005,vnncomp_mnist_fc,established,MNIST_fc,net_3a5c9730d60bbf1f,onnx,0.9588243961334229,6.171458332135415,0.107421875,6.3835066348840055,372.45859515811844,0,784,10,269322,6,3,0,2,0,0,0,0,6,2,784,1077894.0,1,0,0,0,0,0,0,0,0,0,MLP,0,nnenum,UNSAT,6.4160027503967285,solved,240.0
000005,vnncomp_mnist_fc,established,MNIST_fc,net_3a5c9730d60bbf1f,onnx,0.9588243961334229,6.171458332135415,0.107421875,6.3835066348840055,372.45859515811844,0,784,10,269322,6,3,0,2,0,0,0,0,6,2,784,1077894.0,1,0,0,0,0,0,0,0,0,0,MLP,0,pyrat,UNSAT,4.277163982391357,solved,360.0
000006,vnncomp_mnist_fc,established,MNIST_fc,net_3a5c9730d60bbf1f,onnx,0.7155390381813049,5.0228214607927155,0.072265625,6.391917113392602,408.8051133804189,0,784,10,269322,6,3,0,2,0,0,0,0,6,2,784,1077894.0,1,0,0,0,0,0,0,0,0,0,MLP,0,abcrown,UNSAT,7.407107591629028,solved,360.0
000006,vnncomp_mnist_fc,established,MNIST_fc,net_3a5c9730d60bbf1f,onnx,0.7155390381813049,5.0228214607927155,0.072265625,6.391917113392602,408.8051133804189,0,784,10,269322,6,3,0,2,0,0,0,0,6,2,784,1077894.0,1,0,0,0,0,0,0,0,0,0,MLP,0,neuralsat,UNSAT,110.23221230506897,solved,240.0
000006,vnncomp_mnist_fc,established,MNIST_fc,net_3a5c9730d60bbf1f,onnx,0.7155390381813049,5.0228214607927155,0.072265625,6.391917113392602,408.8051133804189,0,784,10,269322,6,3,0,2,0,0,0,0,6,2,784,1077894.0,1,0,0,0,0,0,0,0,0,0,MLP,0,marabou,UNSAT,25.11087703704834,solved,240.0
000006,vnncomp_mnist_fc,established,MNIST_fc,net_3a5c9730d60bbf1f,onnx,0.7155390381813049,5.0228214607927155,0.072265625,6.391917113392602,408.8051133804189,0,784,10,269322,6,3,0,2,0,0,0,0,6,2,784,1077894.0,1,0,0,0,0,0,0,0,0,0,MLP,0,nnenum,UNSAT,7.356809139251709,solved,240.0
000006,vnncomp_mnist_fc,established,MNIST_fc,net_3a5c9730d60bbf1f,onnx,0.7155390381813049,5.0228214607927155,0.072265625,6.391917113392602,408.8051133804189,0,784,10,269322,6,3,0,2,0,0,0,0,6,2,784,1077894.0,1,0,0,0,0,0,0,0,0,0,MLP,0,pyrat,UNSAT,6.336612939834595,solved,360.0
000007,vnncomp_mnist_fc,established,MNIST_fc,net_3a5c9730d60bbf1f,onnx,0.9003206491470337,5.759561317751037,0.126953125,4.976733742420574,406.60285808934134,0,784,10,269322,6,3,0,2,0,0,0,0,6,2,784,1077894.0,1,0,0,0,0,0,0,0,0,0,MLP,0,abcrown,UNSAT,10.401010751724243,solved,360.0
000007,vnncomp_mnist_fc,established,MNIST_fc,net_3a5c9730d60bbf1f,onnx,0.9003206491470337,5.759561317751037,0.126953125,4.976733742420574,406.60285808934134,0,784,10,269322,6,3,0,2,0,0,0,0,6,2,784,1077894.0,1,0,0,0,0,0,0,0,0,0,MLP,0,neuralsat,TIMEOUT,241.20768237113953,timeout,240.0
000007,vnncomp_mnist_fc,established,MNIST_fc,net_3a5c9730d60bbf1f,onnx,0.9003206491470337,5.759561317751037,0.126953125,4.976733742420574,406.60285808934134,0,784,10,269322,6,3,0,2,0,0,0,0,6,2,784,1077894.0,1,0,0,0,0,0,0,0,0,0,MLP,0,marabou,TIMEOUT,240.0055251121521,timeout,240.0
000007,vnncomp_mnist_fc,established,MNIST_fc,net_3a5c9730d60bbf1f,onnx,0.9003206491470337,5.759561317751037,0.126953125,4.976733742420574,406.60285808934134,0,784,10,269322,6,3,0,2,0,0,0,0,6,2,784,1077894.0,1,0,0,0,0,0,0,0,0,0,MLP,0,nnenum,TIMEOUT,240.35658359527588,timeout,240.0
000007,vnncomp_mnist_fc,established,MNIST_fc,net_3a5c9730d60bbf1f,onnx,0.9003206491470337,5.759561317751037,0.126953125,4.976733742420574,406.60285808934134,0,784,10,269322,6,3,0,2,0,0,0,0,6,2,784,1077894.0,1,0,0,0,0,0,0,0,0,0,MLP,0,pyrat,UNSAT,8.153459072113037,solved,360.0
000008,vnncomp_mnist_fc,established,MNIST_fc,net_3a5c9730d60bbf1f,onnx,1.0004750490188599,2.3618302174286523,0.009765625,6.393590753950631,408.7375913928483,0,784,10,269322,6,3,0,2,0,0,0,0,6,2,784,1077894.0,1,0,0,0,0,0,0,0,0,0,MLP,0,abcrown,UNSAT,7.1609625816345215,solved,360.0
000008,vnncomp_mnist_fc,established,MNIST_fc,net_3a5c9730d60bbf1f,onnx,1.0004750490188599,2.3618302174286523,0.009765625,6.393590753950631,408.7375913928483,0,784,10,269322,6,3,0,2,0,0,0,0,6,2,784,1077894.0,1,0,0,0,0,0,0,0,0,0,MLP,0,neuralsat,UNSAT,121.52818822860718,solved,240.0
000008,vnncomp_mnist_fc,established,MNIST_fc,net_3a5c9730d60bbf1f,onnx,1.0004750490188599,2.3618302174286523,0.009765625,6.393590753950631,408.7375913928483,0,784,10,269322,6,3,0,2,0,0,0,0,6,2,784,1077894.0,1,0,0,0,0,0,0,0,0,0,MLP,0,marabou,UNSAT,21.08330488204956,solved,240.0
000008,vnncomp_mnist_fc,established,MNIST_fc,net_3a5c9730d60bbf1f,onnx,1.0004750490188599,2.3618302174286523,0.009765625,6.393590753950631,408.7375913928483,0,784,10,269322,6,3,0,2,0,0,0,0,6,2,784,1077894.0,1,0,0,0,0,0,0,0,0,0,MLP,0,nnenum,UNSAT,7.038219928741455,solved,240.0
000008,vnncomp_mnist_fc,established,MNIST_fc,net_3a5c9730d60bbf1f,onnx,1.0004750490188599,2.3618302174286523,0.009765625,6.393590753950631,408.7375913928483,0,784,10,269322,6,3,0,2,0,0,0,0,6,2,784,1077894.0,1,0,0,0,0,0,0,0,0,0,MLP,0,pyrat,UNSAT,7.749373197555542,solved,360.0
000009,vnncomp_mnist_fc,established,MNIST_fc,net_3a5c9730d60bbf1f,onnx,0.4771076440811157,9.649144272890968,0.12890625,6.39024066706535,399.16241901528525,0,784,10,269322,6,3,0,2,0,0,0,0,6,2,784,1077894.0,1,0,0,0,0,0,0,0,0,0,MLP,0,abcrown,UNSAT,8.693317174911499,solved,360.0
000009,vnncomp_mnist_fc,established,MNIST_fc,net_3a5c9730d60bbf1f,onnx,0.4771076440811157,9.649144272890968,0.12890625,6.39024066706535,399.16241901528525,0,784,10,269322,6,3,0,2,0,0,0,0,6,2,784,1077894.0,1,0,0,0,0,0,0,0,0,0,MLP,0,neuralsat,UNSAT,140.8066041469574,solved,240.0
000009,vnncomp_mnist_fc,established,MNIST_fc,net_3a5c9730d60bbf1f,onnx,0.4771076440811157,9.649144272890968,0.12890625,6.39024066706535,399.16241901528525,0,784,10,269322,6,3,0,2,0,0,0,0,6,2,784,1077894.0,1,0,0,0,0,0,0,0,0,0,MLP,0,marabou,UNSAT,34.92594003677368,solved,240.0
000009,vnncomp_mnist_fc,established,MNIST_fc,net_3a5c9730d60bbf1f,onnx,0.4771076440811157,9.649144272890968,0.12890625,6.39024066706535,399.16241901528525,0,784,10,269322,6,3,0,2,0,0,0,0,6,2,784,1077894.0,1,0,0,0,0,0,0,0,0,0,MLP,0,nnenum,UNSAT,7.620918273925781,solved,240.0
000009,vnncomp_mnist_fc,established,MNIST_fc,net_3a5c9730d60bbf1f,onnx,0.4771076440811157,9.649144272890968,0.12890625,6.39024066706535,399.16241901528525,0,784,10,269322,6,3,0,2,0,0,0,0,6,2,784,1077894.0,1,0,0,0,0,0,0,0,0,0,MLP,0,pyrat,UNSAT,5.69313907623291,solved,360.0
000010,vnncomp_mnist_fc,established,MNIST_fc,net_3a5c9730d60bbf1f,onnx,0.9794814586639404,2.666206210292044,0.05859375,6.396929655216146,476.0220699453218,0,784,10,269322,6,3,0,2,0,0,0,0,6,2,784,1077894.0,1,0,0,0,0,0,0,0,0,0,MLP,0,abcrown,UNSAT,7.459489822387695,solved,360.0
000010,vnncomp_mnist_fc,established,MNIST_fc,net_3a5c9730d60bbf1f,onnx,0.9794814586639404,2.666206210292044,0.05859375,6.396929655216146,476.0220699453218,0,784,10,269322,6,3,0,2,0,0,0,0,6,2,784,1077894.0,1,0,0,0,0,0,0,0,0,0,MLP,0,neuralsat,UNSAT,85.175616979599,solved,240.0
000010,vnncomp_mnist_fc,established,MNIST_fc,net_3a5c9730d60bbf1f,onnx,0.9794814586639404,2.666206210292044,0.05859375,6.396929655216146,476.0220699453218,0,784,10,269322,6,3,0,2,0,0,0,0,6,2,784,1077894.0,1,0,0,0,0,0,0,0,0,0,MLP,0,marabou,UNSAT,27.540628910064697,solved,240.0
000010,vnncomp_mnist_fc,established,MNIST_fc,net_3a5c9730d60bbf1f,onnx,0.9794814586639404,2.666206210292044,0.05859375,6.396929655216146,476.0220699453218,0,784,10,269322,6,3,0,2,0,0,0,0,6,2,784,1077894.0,1,0,0,0,0,0,0,0,0,0,MLP,0,nnenum,UNSAT,6.942038536071777,solved,240.0
000010,vnncomp_mnist_fc,established,MNIST_fc,net_3a5c9730d60bbf1f,onnx,0.9794814586639404,2.666206210292044,0.05859375,6.396929655216146,476.0220699453218,0,784,10,269322,6,3,0,2,0,0,0,0,6,2,784,1077894.0,1,0,0,0,0,0,0,0,0,0,MLP,0,pyrat,UNSAT,7.956984996795654,solved,360.0
000011,vnncomp_mnist_fc,established,MNIST_fc,net_3a5c9730d60bbf1f,onnx,0.978211522102356,6.1063554425186055,0.033203125,6.396929655216146,481.9303264846134,0,784,10,269322,6,3,0,2,0,0,0,0,6,2,784,1077894.0,1,0,0,0,0,0,0,0,0,0,MLP,0,abcrown,UNSAT,7.528639554977417,solved,360.0
000011,vnncomp_mnist_fc,established,MNIST_fc,net_3a5c9730d60bbf1f,onnx,0.978211522102356,6.1063554425186055,0.033203125,6.396929655216146,481.9303264846134,0,784,10,269322,6,3,0,2,0,0,0,0,6,2,784,1077894.0,1,0,0,0,0,0,0,0,0,0,MLP,0,neuralsat,UNSAT,146.54881763458252,solved,240.0
000011,vnncomp_mnist_fc,established,MNIST_fc,net_3a5c9730d60bbf1f,onnx,0.978211522102356,6.1063554425186055,0.033203125,6.396929655216146,481.9303264846134,0,784,10,269322,6,3,0,2,0,0,0,0,6,2,784,1077894.0,1,0,0,0,0,0,0,0,0,0,MLP,0,marabou,UNSAT,24.085758924484253,solved,240.0
000011,vnncomp_mnist_fc,established,MNIST_fc,net_3a5c9730d60bbf1f,onnx,0.978211522102356,6.1063554425186055,0.033203125,6.396929655216146,481.9303264846134,0,784,10,269322,6,3,0,2,0,0,0,0,6,2,784,1077894.0,1,0,0,0,0,0,0,0,0,0,MLP,0,nnenum,UNSAT,6.804768800735474,solved,240.0
000011,vnncomp_mnist_fc,established,MNIST_fc,net_3a5c9730d60bbf1f,onnx,0.978211522102356,6.1063554425186055,0.033203125,6.396929655216146,481.9303264846134,0,784,10,269322,6,3,0,2,0,0,0,0,6,2,784,1077894.0,1,0,0,0,0,0,0,0,0,0,MLP,0,pyrat,UNSAT,5.514504909515381,solved,360.0
000012,vnncomp_mnist_fc,established,MNIST_fc,net_3a5c9730d60bbf1f,onnx,1.0078164339065552,2.915713676207103,0.02734375,6.396929655216146,443.8703078322268,0,784,10,269322,6,3,0,2,0,0,0,0,6,2,784,1077894.0,1,0,0,0,0,0,0,0,0,0,MLP,0,abcrown,UNSAT,7.799022674560547,solved,360.0
000012,vnncomp_mnist_fc,established,MNIST_fc,net_3a5c9730d60bbf1f,onnx,1.0078164339065552,2.915713676207103,0.02734375,6.396929655216146,443.8703078322268,0,784,10,269322,6,3,0,2,0,0,0,0,6,2,784,1077894.0,1,0,0,0,0,0,0,0,0,0,MLP,0,neuralsat,UNSAT,128.70118975639343,solved,240.0
000012,vnncomp_mnist_fc,established,MNIST_fc,net_3a5c9730d60bbf1f,onnx,1.0078164339065552,2.915713676207103,0.02734375,6.396929655216146,443.8703078322268,0,784,10,269322,6,3,0,2,0,0,0,0,6,2,784,1077894.0,1,0,0,0,0,0,0,0,0,0,MLP,0,marabou,UNSAT,22.11688494682312,solved,240.0
000012,vnncomp_mnist_fc,established,MNIST_fc,net_3a5c9730d60bbf1f,onnx,1.0078164339065552,2.915713676207103,0.02734375,6.396929655216146,443.8703078322268,0,784,10,269322,6,3,0,2,0,0,0,0,6,2,784,1077894.0,1,0,0,0,0,0,0,0,0,0,MLP,0,nnenum,UNSAT,9.595897197723389,solved,240.0
000012,vnncomp_mnist_fc,established,MNIST_fc,net_3a5c9730d60bbf1f,onnx,1.0078164339065552,2.915713676207103,0.02734375,6.396929655216146,443.8703078322268,0,784,10,269322,6,3,0,2,0,0,0,0,6,2,784,1077894.0,1,0,0,0,0,0,0,0,0,0,MLP,0,pyrat,UNSAT,8.06108808517456,solved,360.0
000013,vnncomp_mnist_fc,established,MNIST_fc,net_3a5c9730d60bbf1f,onnx,-1.0000333786010742,1.1482711415375157,0.181640625,1.6094379124341003,341.40252554193336,0,784,10,269322,6,3,0,2,0,0,0,0,6,2,784,1077894.0,1,0,0,0,0,0,0,0,0,0,MLP,0,abcrown,TIMEOUT,360.1060194969177,timeout,360.0
000013,vnncomp_mnist_fc,established,MNIST_fc,net_3a5c9730d60bbf1f,onnx,-1.0000333786010742,1.1482711415375157,0.181640625,1.6094379124341003,341.40252554193336,0,784,10,269322,6,3,0,2,0,0,0,0,6,2,784,1077894.0,1,0,0,0,0,0,0,0,0,0,MLP,0,neuralsat,SAT,88.1542010307312,counterexample,240.0
000013,vnncomp_mnist_fc,established,MNIST_fc,net_3a5c9730d60bbf1f,onnx,-1.0000333786010742,1.1482711415375157,0.181640625,1.6094379124341003,341.40252554193336,0,784,10,269322,6,3,0,2,0,0,0,0,6,2,784,1077894.0,1,0,0,0,0,0,0,0,0,0,MLP,0,marabou,SAT,158.15806984901428,counterexample,240.0
000013,vnncomp_mnist_fc,established,MNIST_fc,net_3a5c9730d60bbf1f,onnx,-1.0000333786010742,1.1482711415375157,0.181640625,1.6094379124341003,341.40252554193336,0,784,10,269322,6,3,0,2,0,0,0,0,6,2,784,1077894.0,1,0,0,0,0,0,0,0,0,0,MLP,0,nnenum,SAT,7.304337739944458,counterexample,240.0
000013,vnncomp_mnist_fc,established,MNIST_fc,net_3a5c9730d60bbf1f,onnx,-1.0000333786010742,1.1482711415375157,0.181640625,1.6094379124341003,341.40252554193336,0,784,10,269322,6,3,0,2,0,0,0,0,6,2,784,1077894.0,1,0,0,0,0,0,0,0,0,0,MLP,0,pyrat,SAT,27.832062244415283,counterexample,360.0
000014,vnncomp_mnist_fc,established,MNIST_fc,net_3a5c9730d60bbf1f,onnx,1.0053685903549194,1.4573905146907182,0.087890625,6.380122536899765,419.3311411292897,0,784,10,269322,6,3,0,2,0,0,0,0,6,2,784,1077894.0,1,0,0,0,0,0,0,0,0,0,MLP,0,abcrown,UNSAT,13.126582145690918,solved,360.0
000014,vnncomp_mnist_fc,established,MNIST_fc,net_3a5c9730d60bbf1f,onnx,1.0053685903549194,1.4573905146907182,0.087890625,6.380122536899765,419.3311411292897,0,784,10,269322,6,3,0,2,0,0,0,0,6,2,784,1077894.0,1,0,0,0,0,0,0,0,0,0,MLP,0,neuralsat,UNSAT,100.53791356086731,solved,240.0
000014,vnncomp_mnist_fc,established,MNIST_fc,net_3a5c9730d60bbf1f,onnx,1.0053685903549194,1.4573905146907182,0.087890625,6.380122536899765,419.3311411292897,0,784,10,269322,6,3,0,2,0,0,0,0,6,2,784,1077894.0,1,0,0,0,0,0,0,0,0,0,MLP,0,marabou,UNSAT,21.658199071884155,solved,240.0
000014,vnncomp_mnist_fc,established,MNIST_fc,net_3a5c9730d60bbf1f,onnx,1.0053685903549194,1.4573905146907182,0.087890625,6.380122536899765,419.3311411292897,0,784,10,269322,6,3,0,2,0,0,0,0,6,2,784,1077894.0,1,0,0,0,0,0,0,0,0,0,MLP,0,nnenum,UNSAT,8.377601623535156,solved,240.0
000014,vnncomp_mnist_fc,established,MNIST_fc,net_3a5c9730d60bbf1f,onnx,1.0053685903549194,1.4573905146907182,0.087890625,6.380122536899765,419.3311411292897,0,784,10,269322,6,3,0,2,0,0,0,0,6,2,784,1077894.0,1,0,0,0,0,0,0,0,0,0,MLP,0,pyrat,UNSAT,6.866101026535034,solved,360.0
000015,vnncomp_mnist_fc,established,MNIST_fc,net_3a5c9730d60bbf1f,onnx,0.9389165043830872,2.4814869856354234,0.025390625,5.8971538676367405,442.0923660644818,0,784,10,269322,6,3,0,2,0,0,0,0,6,2,784,1077894.0,1,0,0,0,0,0,0,0,0,0,MLP,0,abcrown,UNSAT,9.302310943603516,solved,360.0
000015,vnncomp_mnist_fc,established,MNIST_fc,net_3a5c9730d60bbf1f,onnx,0.9389165043830872,2.4814869856354234,0.025390625,5.8971538676367405,442.0923660644818,0,784,10,269322,6,3,0,2,0,0,0,0,6,2,784,1077894.0,1,0,0,0,0,0,0,0,0,0,MLP,0,neuralsat,UNSAT,148.12012147903442,solved,240.0
000015,vnncomp_mnist_fc,established,MNIST_fc,net_3a5c9730d60bbf1f,onnx,0.9389165043830872,2.4814869856354234,0.025390625,5.8971538676367405,442.0923660644818,0,784,10,269322,6,3,0,2,0,0,0,0,6,2,784,1077894.0,1,0,0,0,0,0,0,0,0,0,MLP,0,marabou,UNSAT,23.430613040924072,solved,240.0
000015,vnncomp_mnist_fc,established,MNIST_fc,net_3a5c9730d60bbf1f,onnx,0.9389165043830872,2.4814869856354234,0.025390625,5.8971538676367405,442.0923660644818,0,784,10,269322,6,3,0,2,0,0,0,0,6,2,784,1077894.0,1,0,0,0,0,0,0,0,0,0,MLP,0,nnenum,UNSAT,12.449171304702759,solved,240.0
000015,vnncomp_mnist_fc,established,MNIST_fc,net_3a5c9730d60bbf1f,onnx,0.9389165043830872,2.4814869856354234,0.025390625,5.8971538676367405,442.0923660644818,0,784,10,269322,6,3,0,2,0,0,0,0,6,2,784,1077894.0,1,0,0,0,0,0,0,0,0,0,MLP,0,pyrat,UNSAT,6.226669788360596,solved,360.0
000016,vnncomp_mnist_fc,established,MNIST_fc,net_3a5c9730d60bbf1f,onnx,0.9136293530464172,13.786442623191341,0.298828125,6.396929655216146,445.08087270131784,0,784,10,269322,6,3,0,2,0,0,0,0,6,2,784,1077894.0,1,0,0,0,0,0,0,0,0,0,MLP,0,abcrown,TIMEOUT,360.10812044143677,timeout,360.0
000016,vnncomp_mnist_fc,established,MNIST_fc,net_3a5c9730d60bbf1f,onnx,0.9136293530464172,13.786442623191341,0.298828125,6.396929655216146,445.08087270131784,0,784,10,269322,6,3,0,2,0,0,0,0,6,2,784,1077894.0,1,0,0,0,0,0,0,0,0,0,MLP,0,neuralsat,SAT,80.20716285705566,counterexample,240.0
000016,vnncomp_mnist_fc,established,MNIST_fc,net_3a5c9730d60bbf1f,onnx,0.9136293530464172,13.786442623191341,0.298828125,6.396929655216146,445.08087270131784,0,784,10,269322,6,3,0,2,0,0,0,0,6,2,784,1077894.0,1,0,0,0,0,0,0,0,0,0,MLP,0,marabou,SAT,22.85508918762207,counterexample,240.0
000016,vnncomp_mnist_fc,established,MNIST_fc,net_3a5c9730d60bbf1f,onnx,0.9136293530464172,13.786442623191341,0.298828125,6.396929655216146,445.08087270131784,0,784,10,269322,6,3,0,2,0,0,0,0,6,2,784,1077894.0,1,0,0,0,0,0,0,0,0,0,MLP,0,nnenum,SAT,17.592421531677246,counterexample,240.0
000016,vnncomp_mnist_fc,established,MNIST_fc,net_3a5c9730d60bbf1f,onnx,0.9136293530464172,13.786442623191341,0.298828125,6.396929655216146,445.08087270131784,0,784,10,269322,6,3,0,2,0,0,0,0,6,2,784,1077894.0,1,0,0,0,0,0,0,0,0,0,MLP,0,pyrat,TIMEOUT,360.0376000404358,timeout,360.0
000017,vnncomp_mnist_fc,established,MNIST_fc,net_3a5c9730d60bbf1f,onnx,-0.9938996434211731,10.600878903445787,0.330078125,3.1780538303479458,394.1918955961982,0,784,10,269322,6,3,0,2,0,0,0,0,6,2,784,1077894.0,1,0,0,0,0,0,0,0,0,0,MLP,0,abcrown,TIMEOUT,360.1061336994171,timeout,360.0
000017,vnncomp_mnist_fc,established,MNIST_fc,net_3a5c9730d60bbf1f,onnx,-0.9938996434211731,10.600878903445787,0.330078125,3.1780538303479458,394.1918955961982,0,784,10,269322,6,3,0,2,0,0,0,0,6,2,784,1077894.0,1,0,0,0,0,0,0,0,0,0,MLP,0,neuralsat,SAT,53.27234673500061,counterexample,240.0
000017,vnncomp_mnist_fc,established,MNIST_fc,net_3a5c9730d60bbf1f,onnx,-0.9938996434211731,10.600878903445787,0.330078125,3.1780538303479458,394.1918955961982,0,784,10,269322,6,3,0,2,0,0,0,0,6,2,784,1077894.0,1,0,0,0,0,0,0,0,0,0,MLP,0,marabou,SAT,24.853167057037354,counterexample,240.0
000017,vnncomp_mnist_fc,established,MNIST_fc,net_3a5c9730d60bbf1f,onnx,-0.9938996434211731,10.600878903445787,0.330078125,3.1780538303479458,394.1918955961982,0,784,10,269322,6,3,0,2,0,0,0,0,6,2,784,1077894.0,1,0,0,0,0,0,0,0,0,0,MLP,0,nnenum,SAT,41.15722131729126,counterexample,240.0
000017,vnncomp_mnist_fc,established,MNIST_fc,net_3a5c9730d60bbf1f,onnx,-0.9938996434211731,10.600878903445787,0.330078125,3.1780538303479458,394.1918955961982,0,784,10,269322,6,3,0,2,0,0,0,0,6,2,784,1077894.0,1,0,0,0,0,0,0,0,0,0,MLP,0,pyrat,TIMEOUT,360.02963423728943,timeout,360.0
000018,vnncomp_mnist_fc,established,MNIST_fc,net_3a5c9730d60bbf1f,onnx,-0.9239100813865662,8.977496282562893,0.271484375,1.791759469228055,407.06277932199316,0,784,10,269322,6,3,0,2,0,0,0,0,6,2,784,1077894.0,1,0,0,0,0,0,0,0,0,0,MLP,0,abcrown,TIMEOUT,360.11918783187866,timeout,360.0
000018,vnncomp_mnist_fc,established,MNIST_fc,net_3a5c9730d60bbf1f,onnx,-0.9239100813865662,8.977496282562893,0.271484375,1.791759469228055,407.06277932199316,0,784,10,269322,6,3,0,2,0,0,0,0,6,2,784,1077894.0,1,0,0,0,0,0,0,0,0,0,MLP,0,neuralsat,SAT,97.15269041061401,counterexample,240.0
000018,vnncomp_mnist_fc,established,MNIST_fc,net_3a5c9730d60bbf1f,onnx,-0.9239100813865662,8.977496282562893,0.271484375,1.791759469228055,407.06277932199316,0,784,10,269322,6,3,0,2,0,0,0,0,6,2,784,1077894.0,1,0,0,0,0,0,0,0,0,0,MLP,0,marabou,SAT,23.06382989883423,counterexample,240.0
000018,vnncomp_mnist_fc,established,MNIST_fc,net_3a5c9730d60bbf1f,onnx,-0.9239100813865662,8.977496282562893,0.271484375,1.791759469228055,407.06277932199316,0,784,10,269322,6,3,0,2,0,0,0,0,6,2,784,1077894.0,1,0,0,0,0,0,0,0,0,0,MLP,0,nnenum,SAT,30.197216033935547,counterexample,240.0
000018,vnncomp_mnist_fc,established,MNIST_fc,net_3a5c9730d60bbf1f,onnx,-0.9239100813865662,8.977496282562893,0.271484375,1.791759469228055,407.06277932199316,0,784,10,269322,6,3,0,2,0,0,0,0,6,2,784,1077894.0,1,0,0,0,0,0,0,0,0,0,MLP,0,pyrat,TIMEOUT,360.0141570568085,timeout,360.0
000019,vnncomp_mnist_fc,established,MNIST_fc,net_3a5c9730d60bbf1f,onnx,0.9868162870407104,5.497850390456393,0.12109375,6.396929655216146,471.55510465928154,0,784,10,269322,6,3,0,2,0,0,0,0,6,2,784,1077894.0,1,0,0,0,0,0,0,0,0,0,MLP,0,abcrown,UNSAT,17.55746340751648,solved,360.0
000019,vnncomp_mnist_fc,established,MNIST_fc,net_3a5c9730d60bbf1f,onnx,0.9868162870407104,5.497850390456393,0.12109375,6.396929655216146,471.55510465928154,0,784,10,269322,6,3,0,2,0,0,0,0,6,2,784,1077894.0,1,0,0,0,0,0,0,0,0,0,MLP,0,neuralsat,UNSAT,172.08842658996582,solved,240.0
000019,vnncomp_mnist_fc,established,MNIST_fc,net_3a5c9730d60bbf1f,onnx,0.9868162870407104,5.497850390456393,0.12109375,6.396929655216146,471.55510465928154,0,784,10,269322,6,3,0,2,0,0,0,0,6,2,784,1077894.0,1,0,0,0,0,0,0,0,0,0,MLP,0,marabou,UNSAT,32.999948024749756,solved,240.0
000019,vnncomp_mnist_fc,established,MNIST_fc,net_3a5c9730d60bbf1f,onnx,0.9868162870407104,5.497850390456393,0.12109375,6.396929655216146,471.55510465928154,0,784,10,269322,6,3,0,2,0,0,0,0,6,2,784,1077894.0,1,0,0,0,0,0,0,0,0,0,MLP,0,nnenum,UNSAT,9.736177921295166,solved,240.0
000019,vnncomp_mnist_fc,established,MNIST_fc,net_3a5c9730d60bbf1f,onnx,0.9868162870407104,5.497850390456393,0.12109375,6.396929655216146,471.55510465928154,0,784,10,269322,6,3,0,2,0,0,0,0,6,2,784,1077894.0,1,0,0,0,0,0,0,0,0,0,MLP,0,pyrat,UNSAT,5.600762844085693,solved,360.0
000020,vnncomp_mnist_fc,established,MNIST_fc,net_3a5c9730d60bbf1f,onnx,0.13627943396568298,71.06111950689407,0.23046875,6.395261598115449,394.1268741539368,0,784,10,269322,6,3,0,2,0,0,0,0,6,2,784,1077894.0,1,0,0,0,0,0,0,0,0,0,MLP,0,abcrown,TIMEOUT,360.11138796806335,timeout,360.0
000020,vnncomp_mnist_fc,established,MNIST_fc,net_3a5c9730d60bbf1f,onnx,0.13627943396568298,71.06111950689407,0.23046875,6.395261598115449,394.1268741539368,0,784,10,269322,6,3,0,2,0,0,0,0,6,2,784,1077894.0,1,0,0,0,0,0,0,0,0,0,MLP,0,neuralsat,TIMEOUT,242.4223074913025,timeout,240.0
000020,vnncomp_mnist_fc,established,MNIST_fc,net_3a5c9730d60bbf1f,onnx,0.13627943396568298,71.06111950689407,0.23046875,6.395261598115449,394.1268741539368,0,784,10,269322,6,3,0,2,0,0,0,0,6,2,784,1077894.0,1,0,0,0,0,0,0,0,0,0,MLP,0,marabou,TIMEOUT,240.0011329650879,timeout,240.0
000020,vnncomp_mnist_fc,established,MNIST_fc,net_3a5c9730d60bbf1f,onnx,0.13627943396568298,71.06111950689407,0.23046875,6.395261598115449,394.1268741539368,0,784,10,269322,6,3,0,2,0,0,0,0,6,2,784,1077894.0,1,0,0,0,0,0,0,0,0,0,MLP,0,nnenum,TIMEOUT,240.21502208709717,timeout,240.0
000020,vnncomp_mnist_fc,established,MNIST_fc,net_3a5c9730d60bbf1f,onnx,0.13627943396568298,71.06111950689407,0.23046875,6.395261598115449,394.1268741539368,0,784,10,269322,6,3,0,2,0,0,0,0,6,2,784,1077894.0,1,0,0,0,0,0,0,0,0,0,MLP,0,pyrat,TIMEOUT,360.0164279937744,timeout,360.0
000021,vnncomp_mnist_fc,established,MNIST_fc,net_3a5c9730d60bbf1f,onnx,-0.567286491394043,9.613201718755906,0.1953125,4.709530201312334,391.01548491191517,0,784,10,269322,6,3,0,2,0,0,0,0,6,2,784,1077894.0,1,0,0,0,0,0,0,0,0,0,MLP,0,abcrown,TIMEOUT,360.1345901489258,timeout,360.0
000021,vnncomp_mnist_fc,established,MNIST_fc,net_3a5c9730d60bbf1f,onnx,-0.567286491394043,9.613201718755906,0.1953125,4.709530201312334,391.01548491191517,0,784,10,269322,6,3,0,2,0,0,0,0,6,2,784,1077894.0,1,0,0,0,0,0,0,0,0,0,MLP,0,neuralsat,SAT,95.30724811553955,counterexample,240.0
000021,vnncomp_mnist_fc,established,MNIST_fc,net_3a5c9730d60bbf1f,onnx,-0.567286491394043,9.613201718755906,0.1953125,4.709530201312334,391.01548491191517,0,784,10,269322,6,3,0,2,0,0,0,0,6,2,784,1077894.0,1,0,0,0,0,0,0,0,0,0,MLP,0,marabou,TIMEOUT,240.00097489356995,timeout,240.0
000021,vnncomp_mnist_fc,established,MNIST_fc,net_3a5c9730d60bbf1f,onnx,-0.567286491394043,9.613201718755906,0.1953125,4.709530201312334,391.01548491191517,0,784,10,269322,6,3,0,2,0,0,0,0,6,2,784,1077894.0,1,0,0,0,0,0,0,0,0,0,MLP,0,nnenum,TIMEOUT,240.2224485874176,timeout,240.0
000021,vnncomp_mnist_fc,established,MNIST_fc,net_3a5c9730d60bbf1f,onnx,-0.567286491394043,9.613201718755906,0.1953125,4.709530201312334,391.01548491191517,0,784,10,269322,6,3,0,2,0,0,0,0,6,2,784,1077894.0,1,0,0,0,0,0,0,0,0,0,MLP,0,pyrat,TIMEOUT,360.03109884262085,timeout,360.0
000022,vnncomp_mnist_fc,established,MNIST_fc,net_3a5c9730d60bbf1f,onnx,-0.762120246887207,9.43089110681358,0.357421875,5.988961416889864,367.88334278377715,0,784,10,269322,6,3,0,2,0,0,0,0,6,2,784,1077894.0,1,0,0,0,0,0,0,0,0,0,MLP,0,abcrown,TIMEOUT,360.11467814445496,timeout,360.0
000022,vnncomp_mnist_fc,established,MNIST_fc,net_3a5c9730d60bbf1f,onnx,-0.762120246887207,9.43089110681358,0.357421875,5.988961416889864,367.88334278377715,0,784,10,269322,6,3,0,2,0,0,0,0,6,2,784,1077894.0,1,0,0,0,0,0,0,0,0,0,MLP,0,neuralsat,SAT,103.3922107219696,counterexample,240.0
000022,vnncomp_mnist_fc,established,MNIST_fc,net_3a5c9730d60bbf1f,onnx,-0.762120246887207,9.43089110681358,0.357421875,5.988961416889864,367.88334278377715,0,784,10,269322,6,3,0,2,0,0,0,0,6,2,784,1077894.0,1,0,0,0,0,0,0,0,0,0,MLP,0,marabou,TIMEOUT,239.99998497962952,timeout,240.0
000022,vnncomp_mnist_fc,established,MNIST_fc,net_3a5c9730d60bbf1f,onnx,-0.762120246887207,9.43089110681358,0.357421875,5.988961416889864,367.88334278377715,0,784,10,269322,6,3,0,2,0,0,0,0,6,2,784,1077894.0,1,0,0,0,0,0,0,0,0,0,MLP,0,nnenum,TIMEOUT,240.25380182266235,timeout,240.0
000022,vnncomp_mnist_fc,established,MNIST_fc,net_3a5c9730d60bbf1f,onnx,-0.762120246887207,9.43089110681358,0.357421875,5.988961416889864,367.88334278377715,0,784,10,269322,6,3,0,2,0,0,0,0,6,2,784,1077894.0,1,0,0,0,0,0,0,0,0,0,MLP,0,pyrat,TIMEOUT,360.03250193595886,timeout,360.0
000023,vnncomp_mnist_fc,established,MNIST_fc,net_3a5c9730d60bbf1f,onnx,0.9996674060821533,4.1490729944252545,0.037109375,6.396929655216146,458.8180092407421,0,784,10,269322,6,3,0,2,0,0,0,0,6,2,784,1077894.0,1,0,0,0,0,0,0,0,0,0,MLP,0,abcrown,UNSAT,26.35813045501709,solved,360.0
000023,vnncomp_mnist_fc,established,MNIST_fc,net_3a5c9730d60bbf1f,onnx,0.9996674060821533,4.1490729944252545,0.037109375,6.396929655216146,458.8180092407421,0,784,10,269322,6,3,0,2,0,0,0,0,6,2,784,1077894.0,1,0,0,0,0,0,0,0,0,0,MLP,0,neuralsat,UNSAT,110.86620473861694,solved,240.0
000023,vnncomp_mnist_fc,established,MNIST_fc,net_3a5c9730d60bbf1f,onnx,0.9996674060821533,4.1490729944252545,0.037109375,6.396929655216146,458.8180092407421,0,784,10,269322,6,3,0,2,0,0,0,0,6,2,784,1077894.0,1,0,0,0,0,0,0,0,0,0,MLP,0,marabou,UNSAT,21.587812185287476,solved,240.0
000023,vnncomp_mnist_fc,established,MNIST_fc,net_3a5c9730d60bbf1f,onnx,0.9996674060821533,4.1490729944252545,0.037109375,6.396929655216146,458.8180092407421,0,784,10,269322,6,3,0,2,0,0,0,0,6,2,784,1077894.0,1,0,0,0,0,0,0,0,0,0,MLP,0,nnenum,UNSAT,7.548767566680908,solved,240.0
000023,vnncomp_mnist_fc,established,MNIST_fc,net_3a5c9730d60bbf1f,onnx,0.9996674060821533,4.1490729944252545,0.037109375,6.396929655216146,458.8180092407421,0,784,10,269322,6,3,0,2,0,0,0,0,6,2,784,1077894.0,1,0,0,0,0,0,0,0,0,0,MLP,0,pyrat,UNSAT,4.316709756851196,solved,360.0
000024,vnncomp_mnist_fc,established,MNIST_fc,net_3a5c9730d60bbf1f,onnx,-1.057141900062561,5.596428328574403,0.248046875,6.395261598115449,396.26166303411685,0,784,10,269322,6,3,0,2,0,0,0,0,6,2,784,1077894.0,1,0,0,0,0,0,0,0,0,0,MLP,0,abcrown,TIMEOUT,360.1361129283905,timeout,360.0
000024,vnncomp_mnist_fc,established,MNIST_fc,net_3a5c9730d60bbf1f,onnx,-1.057141900062561,5.596428328574403,0.248046875,6.395261598115449,396.26166303411685,0,784,10,269322,6,3,0,2,0,0,0,0,6,2,784,1077894.0,1,0,0,0,0,0,0,0,0,0,MLP,0,neuralsat,SAT,109.42460441589355,counterexample,240.0
000024,vnncomp_mnist_fc,established,MNIST_fc,net_3a5c9730d60bbf1f,onnx,-1.057141900062561,5.596428328574403,0.248046875,6.395261598115449,396.26166303411685,0,784,10,269322,6,3,0,2,0,0,0,0,6,2,784,1077894.0,1,0,0,0,0,0,0,0,0,0,MLP,0,marabou,SAT,21.486688137054443,counterexample,240.0
000024,vnncomp_mnist_fc,established,MNIST_fc,net_3a5c9730d60bbf1f,onnx,-1.057141900062561,5.596428328574403,0.248046875,6.395261598115449,396.26166303411685,0,784,10,269322,6,3,0,2,0,0,0,0,6,2,784,1077894.0,1,0,0,0,0,0,0,0,0,0,MLP,0,nnenum,SAT,53.93786144256592,counterexample,240.0
000024,vnncomp_mnist_fc,established,MNIST_fc,net_3a5c9730d60bbf1f,onnx,-1.057141900062561,5.596428328574403,0.248046875,6.395261598115449,396.26166303411685,0,784,10,269322,6,3,0,2,0,0,0,0,6,2,784,1077894.0,1,0,0,0,0,0,0,0,0,0,MLP,0,pyrat,TIMEOUT,360.017697095871,timeout,360.0
000025,vnncomp_mnist_fc,established,MNIST_fc,net_3a5c9730d60bbf1f,onnx,0.9717005491256714,4.5513829533341745,0.103515625,6.396929655216146,446.0350656051255,0,784,10,269322,6,3,0,2,0,0,0,0,6,2,784,1077894.0,1,0,0,0,0,0,0,0,0,0,MLP,0,abcrown,UNSAT,213.09581899642944,solved,360.0
000025,vnncomp_mnist_fc,established,MNIST_fc,net_3a5c9730d60bbf1f,onnx,0.9717005491256714,4.5513829533341745,0.103515625,6.396929655216146,446.0350656051255,0,784,10,269322,6,3,0,2,0,0,0,0,6,2,784,1077894.0,1,0,0,0,0,0,0,0,0,0,MLP,0,neuralsat,TIMEOUT,241.01346945762634,timeout,240.0
000025,vnncomp_mnist_fc,established,MNIST_fc,net_3a5c9730d60bbf1f,onnx,0.9717005491256714,4.5513829533341745,0.103515625,6.396929655216146,446.0350656051255,0,784,10,269322,6,3,0,2,0,0,0,0,6,2,784,1077894.0,1,0,0,0,0,0,0,0,0,0,MLP,0,marabou,UNSAT,166.3662610054016,solved,240.0
000025,vnncomp_mnist_fc,established,MNIST_fc,net_3a5c9730d60bbf1f,onnx,0.9717005491256714,4.5513829533341745,0.103515625,6.396929655216146,446.0350656051255,0,784,10,269322,6,3,0,2,0,0,0,0,6,2,784,1077894.0,1,0,0,0,0,0,0,0,0,0,MLP,0,nnenum,TIMEOUT,240.40956473350525,timeout,240.0
000025,vnncomp_mnist_fc,established,MNIST_fc,net_3a5c9730d60bbf1f,onnx,0.9717005491256714,4.5513829533341745,0.103515625,6.396929655216146,446.0350656051255,0,784,10,269322,6,3,0,2,0,0,0,0,6,2,784,1077894.0,1,0,0,0,0,0,0,0,0,0,MLP,0,pyrat,UNSAT,4.657519817352295,solved,360.0
000026,vnncomp_mnist_fc,established,MNIST_fc,net_3a5c9730d60bbf1f,onnx,0.9768716096878052,10.714682840247237,0.10546875,6.396929655216146,475.8777317129673,0,784,10,269322,6,3,0,2,0,0,0,0,6,2,784,1077894.0,1,0,0,0,0,0,0,0,0,0,MLP,0,abcrown,UNSAT,268.67644715309143,solved,360.0
000026,vnncomp_mnist_fc,established,MNIST_fc,net_3a5c9730d60bbf1f,onnx,0.9768716096878052,10.714682840247237,0.10546875,6.396929655216146,475.8777317129673,0,784,10,269322,6,3,0,2,0,0,0,0,6,2,784,1077894.0,1,0,0,0,0,0,0,0,0,0,MLP,0,neuralsat,TIMEOUT,241.5811367034912,timeout,240.0
000026,vnncomp_mnist_fc,established,MNIST_fc,net_3a5c9730d60bbf1f,onnx,0.9768716096878052,10.714682840247237,0.10546875,6.396929655216146,475.8777317129673,0,784,10,269322,6,3,0,2,0,0,0,0,6,2,784,1077894.0,1,0,0,0,0,0,0,0,0,0,MLP,0,marabou,TIMEOUT,240.0015721321106,timeout,240.0
000026,vnncomp_mnist_fc,established,MNIST_fc,net_3a5c9730d60bbf1f,onnx,0.9768716096878052,10.714682840247237,0.10546875,6.396929655216146,475.8777317129673,0,784,10,269322,6,3,0,2,0,0,0,0,6,2,784,1077894.0,1,0,0,0,0,0,0,0,0,0,MLP,0,nnenum,TIMEOUT,240.28325390815735,timeout,240.0
000026,vnncomp_mnist_fc,established,MNIST_fc,net_3a5c9730d60bbf1f,onnx,0.9768716096878052,10.714682840247237,0.10546875,6.396929655216146,475.8777317129673,0,784,10,269322,6,3,0,2,0,0,0,0,6,2,784,1077894.0,1,0,0,0,0,0,0,0,0,0,MLP,0,pyrat,UNKNOWN,34.325799226760864,other,360.0
000027,vnncomp_mnist_fc,established,MNIST_fc,net_3a5c9730d60bbf1f,onnx,0.5576756000518799,8.19216707044649,0.080078125,6.2324480165505225,388.1121745381087,0,784,10,269322,6,3,0,2,0,0,0,0,6,2,784,1077894.0,1,0,0,0,0,0,0,0,0,0,MLP,0,abcrown,UNSAT,118.33610248565674,solved,360.0
000027,vnncomp_mnist_fc,established,MNIST_fc,net_3a5c9730d60bbf1f,onnx,0.5576756000518799,8.19216707044649,0.080078125,6.2324480165505225,388.1121745381087,0,784,10,269322,6,3,0,2,0,0,0,0,6,2,784,1077894.0,1,0,0,0,0,0,0,0,0,0,MLP,0,neuralsat,TIMEOUT,240.38035917282104,timeout,240.0
000027,vnncomp_mnist_fc,established,MNIST_fc,net_3a5c9730d60bbf1f,onnx,0.5576756000518799,8.19216707044649,0.080078125,6.2324480165505225,388.1121745381087,0,784,10,269322,6,3,0,2,0,0,0,0,6,2,784,1077894.0,1,0,0,0,0,0,0,0,0,0,MLP,0,marabou,TIMEOUT,240.13515496253967,timeout,240.0
000027,vnncomp_mnist_fc,established,MNIST_fc,net_3a5c9730d60bbf1f,onnx,0.5576756000518799,8.19216707044649,0.080078125,6.2324480165505225,388.1121745381087,0,784,10,269322,6,3,0,2,0,0,0,0,6,2,784,1077894.0,1,0,0,0,0,0,0,0,0,0,MLP,0,nnenum,UNSAT,142.77206563949585,solved,240.0
000027,vnncomp_mnist_fc,established,MNIST_fc,net_3a5c9730d60bbf1f,onnx,0.5576756000518799,8.19216707044649,0.080078125,6.2324480165505225,388.1121745381087,0,784,10,269322,6,3,0,2,0,0,0,0,6,2,784,1077894.0,1,0,0,0,0,0,0,0,0,0,MLP,0,pyrat,UNSAT,4.466315984725952,solved,360.0
000028,vnncomp_mnist_fc,established,MNIST_fc,net_3a5c9730d60bbf1f,onnx,-1.0000333786010742,1.9443503119821945,0.20703125,0.0,1.2511061436715645,0,784,10,269322,6,3,0,2,0,0,0,0,6,2,784,1077894.0,1,0,0,0,0,0,0,0,0,0,MLP,0,abcrown,TIMEOUT,360.1060848236084,timeout,360.0
000028,vnncomp_mnist_fc,established,MNIST_fc,net_3a5c9730d60bbf1f,onnx,-1.0000333786010742,1.9443503119821945,0.20703125,0.0,1.2511061436715645,0,784,10,269322,6,3,0,2,0,0,0,0,6,2,784,1077894.0,1,0,0,0,0,0,0,0,0,0,MLP,0,neuralsat,SAT,92.75188159942627,counterexample,240.0
000028,vnncomp_mnist_fc,established,MNIST_fc,net_3a5c9730d60bbf1f,onnx,-1.0000333786010742,1.9443503119821945,0.20703125,0.0,1.2511061436715645,0,784,10,269322,6,3,0,2,0,0,0,0,6,2,784,1077894.0,1,0,0,0,0,0,0,0,0,0,MLP,0,marabou,SAT,20.58065414428711,counterexample,240.0
000028,vnncomp_mnist_fc,established,MNIST_fc,net_3a5c9730d60bbf1f,onnx,-1.0000333786010742,1.9443503119821945,0.20703125,0.0,1.2511061436715645,0,784,10,269322,6,3,0,2,0,0,0,0,6,2,784,1077894.0,1,0,0,0,0,0,0,0,0,0,MLP,0,nnenum,SAT,7.28907585144043,counterexample,240.0
000028,vnncomp_mnist_fc,established,MNIST_fc,net_3a5c9730d60bbf1f,onnx,-1.0000333786010742,1.9443503119821945,0.20703125,0.0,1.2511061436715645,0,784,10,269322,6,3,0,2,0,0,0,0,6,2,784,1077894.0,1,0,0,0,0,0,0,0,0,0,MLP,0,pyrat,SAT,27.869500875473022,counterexample,360.0
000029,vnncomp_mnist_fc,established,MNIST_fc,net_3a5c9730d60bbf1f,onnx,1.0048028230667114,2.6542528636875895,0.166015625,6.208590026096629,432.3227122617104,0,784,10,269322,6,3,0,2,0,0,0,0,6,2,784,1077894.0,1,0,0,0,0,0,0,0,0,0,MLP,0,abcrown,UNSAT,50.638678312301636,solved,360.0
000029,vnncomp_mnist_fc,established,MNIST_fc,net_3a5c9730d60bbf1f,onnx,1.0048028230667114,2.6542528636875895,0.166015625,6.208590026096629,432.3227122617104,0,784,10,269322,6,3,0,2,0,0,0,0,6,2,784,1077894.0,1,0,0,0,0,0,0,0,0,0,MLP,0,neuralsat,UNSAT,221.0178928375244,solved,240.0
000029,vnncomp_mnist_fc,established,MNIST_fc,net_3a5c9730d60bbf1f,onnx,1.0048028230667114,2.6542528636875895,0.166015625,6.208590026096629,432.3227122617104,0,784,10,269322,6,3,0,2,0,0,0,0,6,2,784,1077894.0,1,0,0,0,0,0,0,0,0,0,MLP,0,marabou,UNSAT,38.793095111846924,solved,240.0
000029,vnncomp_mnist_fc,established,MNIST_fc,net_3a5c9730d60bbf1f,onnx,1.0048028230667114,2.6542528636875895,0.166015625,6.208590026096629,432.3227122617104,0,784,10,269322,6,3,0,2,0,0,0,0,6,2,784,1077894.0,1,0,0,0,0,0,0,0,0,0,MLP,0,nnenum,UNSAT,6.7104761600494385,solved,240.0
000029,vnncomp_mnist_fc,established,MNIST_fc,net_3a5c9730d60bbf1f,onnx,1.0048028230667114,2.6542528636875895,0.166015625,6.208590026096629,432.3227122617104,0,784,10,269322,6,3,0,2,0,0,0,0,6,2,784,1077894.0,1,0,0,0,0,0,0,0,0,0,MLP,0,pyrat,UNSAT,3.863920211791992,solved,360.0
000030,vnncomp_mnist_fc,established,MNIST_fc,net_3a5c9730d60bbf1f,onnx,0.9072970747947693,5.154215378488976,0.07421875,5.749392985908253,441.52150834347606,0,784,10,269322,6,3,0,2,0,0,0,0,6,2,784,1077894.0,1,0,0,0,0,0,0,0,0,0,MLP,0,abcrown,UNSAT,112.67136669158936,solved,360.0
000030,vnncomp_mnist_fc,established,MNIST_fc,net_3a5c9730d60bbf1f,onnx,0.9072970747947693,5.154215378488976,0.07421875,5.749392985908253,441.52150834347606,0,784,10,269322,6,3,0,2,0,0,0,0,6,2,784,1077894.0,1,0,0,0,0,0,0,0,0,0,MLP,0,neuralsat,UNSAT,192.72174978256226,solved,240.0
000030,vnncomp_mnist_fc,established,MNIST_fc,net_3a5c9730d60bbf1f,onnx,0.9072970747947693,5.154215378488976,0.07421875,5.749392985908253,441.52150834347606,0,784,10,269322,6,3,0,2,0,0,0,0,6,2,784,1077894.0,1,0,0,0,0,0,0,0,0,0,MLP,0,marabou,UNSAT,62.552820920944214,solved,240.0
000030,vnncomp_mnist_fc,established,MNIST_fc,net_3a5c9730d60bbf1f,onnx,0.9072970747947693,5.154215378488976,0.07421875,5.749392985908253,441.52150834347606,0,784,10,269322,6,3,0,2,0,0,0,0,6,2,784,1077894.0,1,0,0,0,0,0,0,0,0,0,MLP,0,nnenum,UNSAT,54.44154357910156,solved,240.0
000030,vnncomp_mnist_fc,established,MNIST_fc,net_3a5c9730d60bbf1f,onnx,0.9072970747947693,5.154215378488976,0.07421875,5.749392985908253,441.52150834347606,0,784,10,269322,6,3,0,2,0,0,0,0,6,2,784,1077894.0,1,0,0,0,0,0,0,0,0,0,MLP,0,pyrat,UNSAT,3.712697744369507,solved,360.0
000031,vnncomp_mnist_fc,established,MNIST_fc,net_fb53b4745b5882be,onnx,0.9934976696968079,477.2642008019494,0.6396484375,6.396929655216146,466.26160836882525,0,784,10,400906,10,5,0,4,0,0,0,0,10,4,784,1604578.0,1,0,0,0,0,0,0,0,0,0,MLP,0,abcrown,UNSAT,41.463191747665405,solved,360.0
000031,vnncomp_mnist_fc,established,MNIST_fc,net_fb53b4745b5882be,onnx,0.9934976696968079,477.2642008019494,0.6396484375,6.396929655216146,466.26160836882525,0,784,10,400906,10,5,0,4,0,0,0,0,10,4,784,1604578.0,1,0,0,0,0,0,0,0,0,0,MLP,0,neuralsat,UNSAT,167.87533974647522,solved,240.0
000031,vnncomp_mnist_fc,established,MNIST_fc,net_fb53b4745b5882be,onnx,0.9934976696968079,477.2642008019494,0.6396484375,6.396929655216146,466.26160836882525,0,784,10,400906,10,5,0,4,0,0,0,0,10,4,784,1604578.0,1,0,0,0,0,0,0,0,0,0,MLP,0,marabou,UNSAT,36.63287711143494,solved,240.0
000031,vnncomp_mnist_fc,established,MNIST_fc,net_fb53b4745b5882be,onnx,0.9934976696968079,477.2642008019494,0.6396484375,6.396929655216146,466.26160836882525,0,784,10,400906,10,5,0,4,0,0,0,0,10,4,784,1604578.0,1,0,0,0,0,0,0,0,0,0,MLP,0,nnenum,UNSAT,9.851271629333496,solved,240.0
000031,vnncomp_mnist_fc,established,MNIST_fc,net_fb53b4745b5882be,onnx,0.9934976696968079,477.2642008019494,0.6396484375,6.396929655216146,466.26160836882525,0,784,10,400906,10,5,0,4,0,0,0,0,10,4,784,1604578.0,1,0,0,0,0,0,0,0,0,0,MLP,0,pyrat,UNSAT,3.5410189628601074,solved,360.0
000032,vnncomp_mnist_fc,established,MNIST_fc,net_fb53b4745b5882be,onnx,0.00046432018280029297,1183382.062406437,0.6708984375,4.007333185232471,342.02283505453755,0,784,10,400906,10,5,0,4,0,0,0,0,10,4,784,1604578.0,1,0,0,0,0,0,0,0,0,0,MLP,0,abcrown,TIMEOUT,360.1312429904938,timeout,360.0
000032,vnncomp_mnist_fc,established,MNIST_fc,net_fb53b4745b5882be,onnx,0.00046432018280029297,1183382.062406437,0.6708984375,4.007333185232471,342.02283505453755,0,784,10,400906,10,5,0,4,0,0,0,0,10,4,784,1604578.0,1,0,0,0,0,0,0,0,0,0,MLP,0,neuralsat,TIMEOUT,241.4785671234131,timeout,240.0
000032,vnncomp_mnist_fc,established,MNIST_fc,net_fb53b4745b5882be,onnx,0.00046432018280029297,1183382.062406437,0.6708984375,4.007333185232471,342.02283505453755,0,784,10,400906,10,5,0,4,0,0,0,0,10,4,784,1604578.0,1,0,0,0,0,0,0,0,0,0,MLP,0,marabou,TIMEOUT,240.02245211601257,timeout,240.0
000032,vnncomp_mnist_fc,established,MNIST_fc,net_fb53b4745b5882be,onnx,0.00046432018280029297,1183382.062406437,0.6708984375,4.007333185232471,342.02283505453755,0,784,10,400906,10,5,0,4,0,0,0,0,10,4,784,1604578.0,1,0,0,0,0,0,0,0,0,0,MLP,0,nnenum,TIMEOUT,240.25533747673035,timeout,240.0
000032,vnncomp_mnist_fc,established,MNIST_fc,net_fb53b4745b5882be,onnx,0.00046432018280029297,1183382.062406437,0.6708984375,4.007333185232471,342.02283505453755,0,784,10,400906,10,5,0,4,0,0,0,0,10,4,784,1604578.0,1,0,0,0,0,0,0,0,0,0,MLP,0,pyrat,TIMEOUT,360.0256881713867,timeout,360.0
000033,vnncomp_mnist_fc,established,MNIST_fc,net_fb53b4745b5882be,onnx,0.9740332365036011,622.8501644205672,0.6748046875,6.393590753950631,428.5343855089454,0,784,10,400906,10,5,0,4,0,0,0,0,10,4,784,1604578.0,1,0,0,0,0,0,0,0,0,0,MLP,0,abcrown,UNSAT,60.80316352844238,solved,360.0
000033,vnncomp_mnist_fc,established,MNIST_fc,net_fb53b4745b5882be,onnx,0.9740332365036011,622.8501644205672,0.6748046875,6.393590753950631,428.5343855089454,0,784,10,400906,10,5,0,4,0,0,0,0,10,4,784,1604578.0,1,0,0,0,0,0,0,0,0,0,MLP,0,neuralsat,TIMEOUT,242.34586000442505,timeout,240.0
000033,vnncomp_mnist_fc,established,MNIST_fc,net_fb53b4745b5882be,onnx,0.9740332365036011,622.8501644205672,0.6748046875,6.393590753950631,428.5343855089454,0,784,10,400906,10,5,0,4,0,0,0,0,10,4,784,1604578.0,1,0,0,0,0,0,0,0,0,0,MLP,0,marabou,UNSAT,92.67380905151367,solved,240.0
000033,vnncomp_mnist_fc,established,MNIST_fc,net_fb53b4745b5882be,onnx,0.9740332365036011,622.8501644205672,0.6748046875,6.393590753950631,428.5343855089454,0,784,10,400906,10,5,0,4,0,0,0,0,10,4,784,1604578.0,1,0,0,0,0,0,0,0,0,0,MLP,0,nnenum,UNSAT,64.60231733322144,solved,240.0
000033,vnncomp_mnist_fc,established,MNIST_fc,net_fb53b4745b5882be,onnx,0.9740332365036011,622.8501644205672,0.6748046875,6.393590753950631,428.5343855089454,0,784,10,400906,10,5,0,4,0,0,0,0,10,4,784,1604578.0,1,0,0,0,0,0,0,0,0,0,MLP,0,pyrat,UNSAT,4.445107936859131,solved,360.0
000034,vnncomp_mnist_fc,established,MNIST_fc,net_fb53b4745b5882be,onnx,0.9775838851928711,137.70821630877822,0.4501953125,6.393590753950631,467.19885786723364,0,784,10,400906,10,5,0,4,0,0,0,0,10,4,784,1604578.0,1,0,0,0,0,0,0,0,0,0,MLP,0,abcrown,UNSAT,40.09574770927429,solved,360.0
000034,vnncomp_mnist_fc,established,MNIST_fc,net_fb53b4745b5882be,onnx,0.9775838851928711,137.70821630877822,0.4501953125,6.393590753950631,467.19885786723364,0,784,10,400906,10,5,0,4,0,0,0,0,10,4,784,1604578.0,1,0,0,0,0,0,0,0,0,0,MLP,0,neuralsat,UNSAT,204.88794469833374,solved,240.0
000034,vnncomp_mnist_fc,established,MNIST_fc,net_fb53b4745b5882be,onnx,0.9775838851928711,137.70821630877822,0.4501953125,6.393590753950631,467.19885786723364,0,784,10,400906,10,5,0,4,0,0,0,0,10,4,784,1604578.0,1,0,0,0,0,0,0,0,0,0,MLP,0,marabou,UNSAT,21.550840139389038,solved,240.0
000034,vnncomp_mnist_fc,established,MNIST_fc,net_fb53b4745b5882be,onnx,0.9775838851928711,137.70821630877822,0.4501953125,6.393590753950631,467.19885786723364,0,784,10,400906,10,5,0,4,0,0,0,0,10,4,784,1604578.0,1,0,0,0,0,0,0,0,0,0,MLP,0,nnenum,UNSAT,10.676620960235596,solved,240.0
000034,vnncomp_mnist_fc,established,MNIST_fc,net_fb53b4745b5882be,onnx,0.9775838851928711,137.70821630877822,0.4501953125,6.393590753950631,467.19885786723364,0,784,10,400906,10,5,0,4,0,0,0,0,10,4,784,1604578.0,1,0,0,0,0,0,0,0,0,0,MLP,0,pyrat,UNSAT,3.1806962490081787,solved,360.0
000035,vnncomp_mnist_fc,established,MNIST_fc,net_fb53b4745b5882be,onnx,0.9960557818412781,472.223062737142,0.6298828125,6.396929655216146,477.19577584935223,0,784,10,400906,10,5,0,4,0,0,0,0,10,4,784,1604578.0,1,0,0,0,0,0,0,0,0,0,MLP,0,abcrown,UNSAT,43.93500804901123,solved,360.0
000035,vnncomp_mnist_fc,established,MNIST_fc,net_fb53b4745b5882be,onnx,0.9960557818412781,472.223062737142,0.6298828125,6.396929655216146,477.19577584935223,0,784,10,400906,10,5,0,4,0,0,0,0,10,4,784,1604578.0,1,0,0,0,0,0,0,0,0,0,MLP,0,neuralsat,UNSAT,166.06492948532104,solved,240.0
000035,vnncomp_mnist_fc,established,MNIST_fc,net_fb53b4745b5882be,onnx,0.9960557818412781,472.223062737142,0.6298828125,6.396929655216146,477.19577584935223,0,784,10,400906,10,5,0,4,0,0,0,0,10,4,784,1604578.0,1,0,0,0,0,0,0,0,0,0,MLP,0,marabou,UNSAT,45.17914319038391,solved,240.0
000035,vnncomp_mnist_fc,established,MNIST_fc,net_fb53b4745b5882be,onnx,0.9960557818412781,472.223062737142,0.6298828125,6.396929655216146,477.19577584935223,0,784,10,400906,10,5,0,4,0,0,0,0,10,4,784,1604578.0,1,0,0,0,0,0,0,0,0,0,MLP,0,nnenum,UNSAT,20.935075521469116,solved,240.0
000035,vnncomp_mnist_fc,established,MNIST_fc,net_fb53b4745b5882be,onnx,0.9960557818412781,472.223062737142,0.6298828125,6.396929655216146,477.19577584935223,0,784,10,400906,10,5,0,4,0,0,0,0,10,4,784,1604578.0,1,0,0,0,0,0,0,0,0,0,MLP,0,pyrat,UNSAT,3.042328119277954,solved,360.0
000036,vnncomp_mnist_fc,established,MNIST_fc,net_fb53b4745b5882be,onnx,0.9830043315887451,527.062596363924,0.6611328125,6.396929655216146,497.52640521213647,0,784,10,400906,10,5,0,4,0,0,0,0,10,4,784,1604578.0,1,0,0,0,0,0,0,0,0,0,MLP,0,abcrown,UNSAT,48.605058908462524,solved,360.0
000036,vnncomp_mnist_fc,established,MNIST_fc,net_fb53b4745b5882be,onnx,0.9830043315887451,527.062596363924,0.6611328125,6.396929655216146,497.52640521213647,0,784,10,400906,10,5,0,4,0,0,0,0,10,4,784,1604578.0,1,0,0,0,0,0,0,0,0,0,MLP,0,neuralsat,UNSAT,170.179780960083,solved,240.0
000036,vnncomp_mnist_fc,established,MNIST_fc,net_fb53b4745b5882be,onnx,0.9830043315887451,527.062596363924,0.6611328125,6.396929655216146,497.52640521213647,0,784,10,400906,10,5,0,4,0,0,0,0,10,4,784,1604578.0,1,0,0,0,0,0,0,0,0,0,MLP,0,marabou,UNSAT,22.764467000961304,solved,240.0
000036,vnncomp_mnist_fc,established,MNIST_fc,net_fb53b4745b5882be,onnx,0.9830043315887451,527.062596363924,0.6611328125,6.396929655216146,497.52640521213647,0,784,10,400906,10,5,0,4,0,0,0,0,10,4,784,1604578.0,1,0,0,0,0,0,0,0,0,0,MLP,0,nnenum,UNSAT,9.484125137329102,solved,240.0
000036,vnncomp_mnist_fc,established,MNIST_fc,net_fb53b4745b5882be,onnx,0.9830043315887451,527.062596363924,0.6611328125,6.396929655216146,497.52640521213647,0,784,10,400906,10,5,0,4,0,0,0,0,10,4,784,1604578.0,1,0,0,0,0,0,0,0,0,0,MLP,0,pyrat,UNSAT,3.498326063156128,solved,360.0
000037,vnncomp_mnist_fc,established,MNIST_fc,net_fb53b4745b5882be,onnx,0.9776594638824463,1106.8584241664473,0.7451171875,6.396929655216146,429.0883551648134,0,784,10,400906,10,5,0,4,0,0,0,0,10,4,784,1604578.0,1,0,0,0,0,0,0,0,0,0,MLP,0,abcrown,TIMEOUT,360.1998543739319,timeout,360.0
000037,vnncomp_mnist_fc,established,MNIST_fc,net_fb53b4745b5882be,onnx,0.9776594638824463,1106.8584241664473,0.7451171875,6.396929655216146,429.0883551648134,0,784,10,400906,10,5,0,4,0,0,0,0,10,4,784,1604578.0,1,0,0,0,0,0,0,0,0,0,MLP,0,neuralsat,TIMEOUT,241.19094848632812,timeout,240.0
000037,vnncomp_mnist_fc,established,MNIST_fc,net_fb53b4745b5882be,onnx,0.9776594638824463,1106.8584241664473,0.7451171875,6.396929655216146,429.0883551648134,0,784,10,400906,10,5,0,4,0,0,0,0,10,4,784,1604578.0,1,0,0,0,0,0,0,0,0,0,MLP,0,marabou,TIMEOUT,240.019268989563,timeout,240.0
000037,vnncomp_mnist_fc,established,MNIST_fc,net_fb53b4745b5882be,onnx,0.9776594638824463,1106.8584241664473,0.7451171875,6.396929655216146,429.0883551648134,0,784,10,400906,10,5,0,4,0,0,0,0,10,4,784,1604578.0,1,0,0,0,0,0,0,0,0,0,MLP,0,nnenum,TIMEOUT,240.3396921157837,timeout,240.0
000037,vnncomp_mnist_fc,established,MNIST_fc,net_fb53b4745b5882be,onnx,0.9776594638824463,1106.8584241664473,0.7451171875,6.396929655216146,429.0883551648134,0,784,10,400906,10,5,0,4,0,0,0,0,10,4,784,1604578.0,1,0,0,0,0,0,0,0,0,0,MLP,0,pyrat,TIMEOUT,360.0522680282593,timeout,360.0
000038,vnncomp_mnist_fc,established,MNIST_fc,net_fb53b4745b5882be,onnx,0.9792886972427368,176.36517259112964,0.5390625,6.396929655216146,401.2263808629046,0,784,10,400906,10,5,0,4,0,0,0,0,10,4,784,1604578.0,1,0,0,0,0,0,0,0,0,0,MLP,0,abcrown,UNSAT,57.826824426651,solved,360.0
000038,vnncomp_mnist_fc,established,MNIST_fc,net_fb53b4745b5882be,onnx,0.9792886972427368,176.36517259112964,0.5390625,6.396929655216146,401.2263808629046,0,784,10,400906,10,5,0,4,0,0,0,0,10,4,784,1604578.0,1,0,0,0,0,0,0,0,0,0,MLP,0,neuralsat,UNSAT,139.3988003730774,solved,240.0
000038,vnncomp_mnist_fc,established,MNIST_fc,net_fb53b4745b5882be,onnx,0.9792886972427368,176.36517259112964,0.5390625,6.396929655216146,401.2263808629046,0,784,10,400906,10,5,0,4,0,0,0,0,10,4,784,1604578.0,1,0,0,0,0,0,0,0,0,0,MLP,0,marabou,UNSAT,47.71837902069092,solved,240.0
000038,vnncomp_mnist_fc,established,MNIST_fc,net_fb53b4745b5882be,onnx,0.9792886972427368,176.36517259112964,0.5390625,6.396929655216146,401.2263808629046,0,784,10,400906,10,5,0,4,0,0,0,0,10,4,784,1604578.0,1,0,0,0,0,0,0,0,0,0,MLP,0,nnenum,UNSAT,10.639554262161255,solved,240.0
000038,vnncomp_mnist_fc,established,MNIST_fc,net_fb53b4745b5882be,onnx,0.9792886972427368,176.36517259112964,0.5390625,6.396929655216146,401.2263808629046,0,784,10,400906,10,5,0,4,0,0,0,0,10,4,784,1604578.0,1,0,0,0,0,0,0,0,0,0,MLP,0,pyrat,UNSAT,4.1574320793151855,solved,360.0
000039,vnncomp_mnist_fc,established,MNIST_fc,net_fb53b4745b5882be,onnx,0.9911941885948181,453.15687057859105,0.61328125,6.396929655216146,454.1030130427436,0,784,10,400906,10,5,0,4,0,0,0,0,10,4,784,1604578.0,1,0,0,0,0,0,0,0,0,0,MLP,0,abcrown,TIMEOUT,360.10736322402954,timeout,360.0
000039,vnncomp_mnist_fc,established,MNIST_fc,net_fb53b4745b5882be,onnx,0.9911941885948181,453.15687057859105,0.61328125,6.396929655216146,454.1030130427436,0,784,10,400906,10,5,0,4,0,0,0,0,10,4,784,1604578.0,1,0,0,0,0,0,0,0,0,0,MLP,0,neuralsat,TIMEOUT,246.78349089622498,timeout,240.0
000039,vnncomp_mnist_fc,established,MNIST_fc,net_fb53b4745b5882be,onnx,0.9911941885948181,453.15687057859105,0.61328125,6.396929655216146,454.1030130427436,0,784,10,400906,10,5,0,4,0,0,0,0,10,4,784,1604578.0,1,0,0,0,0,0,0,0,0,0,MLP,0,marabou,TIMEOUT,240.01733112335205,timeout,240.0
000039,vnncomp_mnist_fc,established,MNIST_fc,net_fb53b4745b5882be,onnx,0.9911941885948181,453.15687057859105,0.61328125,6.396929655216146,454.1030130427436,0,784,10,400906,10,5,0,4,0,0,0,0,10,4,784,1604578.0,1,0,0,0,0,0,0,0,0,0,MLP,0,nnenum,TIMEOUT,240.36975836753845,timeout,240.0
000039,vnncomp_mnist_fc,established,MNIST_fc,net_fb53b4745b5882be,onnx,0.9911941885948181,453.15687057859105,0.61328125,6.396929655216146,454.1030130427436,0,784,10,400906,10,5,0,4,0,0,0,0,10,4,784,1604578.0,1,0,0,0,0,0,0,0,0,0,MLP,0,pyrat,UNSAT,9.229891777038574,solved,360.0
000040,vnncomp_mnist_fc,established,MNIST_fc,net_fb53b4745b5882be,onnx,0.9697611331939697,463.1746268501493,0.640625,6.396929655216146,434.38595015637634,0,784,10,400906,10,5,0,4,0,0,0,0,10,4,784,1604578.0,1,0,0,0,0,0,0,0,0,0,MLP,0,abcrown,UNSAT,53.4212532043457,solved,360.0
000040,vnncomp_mnist_fc,established,MNIST_fc,net_fb53b4745b5882be,onnx,0.9697611331939697,463.1746268501493,0.640625,6.396929655216146,434.38595015637634,0,784,10,400906,10,5,0,4,0,0,0,0,10,4,784,1604578.0,1,0,0,0,0,0,0,0,0,0,MLP,0,neuralsat,UNSAT,163.65880393981934,solved,240.0
000040,vnncomp_mnist_fc,established,MNIST_fc,net_fb53b4745b5882be,onnx,0.9697611331939697,463.1746268501493,0.640625,6.396929655216146,434.38595015637634,0,784,10,400906,10,5,0,4,0,0,0,0,10,4,784,1604578.0,1,0,0,0,0,0,0,0,0,0,MLP,0,marabou,UNSAT,55.07109189033508,solved,240.0
000040,vnncomp_mnist_fc,established,MNIST_fc,net_fb53b4745b5882be,onnx,0.9697611331939697,463.1746268501493,0.640625,6.396929655216146,434.38595015637634,0,784,10,400906,10,5,0,4,0,0,0,0,10,4,784,1604578.0,1,0,0,0,0,0,0,0,0,0,MLP,0,nnenum,UNSAT,43.22113108634949,solved,240.0
000040,vnncomp_mnist_fc,established,MNIST_fc,net_fb53b4745b5882be,onnx,0.9697611331939697,463.1746268501493,0.640625,6.396929655216146,434.38595015637634,0,784,10,400906,10,5,0,4,0,0,0,0,10,4,784,1604578.0,1,0,0,0,0,0,0,0,0,0,MLP,0,pyrat,UNSAT,4.399353742599487,solved,360.0
000041,vnncomp_mnist_fc,established,MNIST_fc,net_fb53b4745b5882be,onnx,0.9778001308441162,251.45516777905377,0.5654296875,6.396929655216146,438.06250530528666,0,784,10,400906,10,5,0,4,0,0,0,0,10,4,784,1604578.0,1,0,0,0,0,0,0,0,0,0,MLP,0,abcrown,UNSAT,56.15621733665466,solved,360.0
000041,vnncomp_mnist_fc,established,MNIST_fc,net_fb53b4745b5882be,onnx,0.9778001308441162,251.45516777905377,0.5654296875,6.396929655216146,438.06250530528666,0,784,10,400906,10,5,0,4,0,0,0,0,10,4,784,1604578.0,1,0,0,0,0,0,0,0,0,0,MLP,0,neuralsat,UNSAT,152.20790266990662,solved,240.0
000041,vnncomp_mnist_fc,established,MNIST_fc,net_fb53b4745b5882be,onnx,0.9778001308441162,251.45516777905377,0.5654296875,6.396929655216146,438.06250530528666,0,784,10,400906,10,5,0,4,0,0,0,0,10,4,784,1604578.0,1,0,0,0,0,0,0,0,0,0,MLP,0,marabou,UNSAT,32.22255206108093,solved,240.0
000041,vnncomp_mnist_fc,established,MNIST_fc,net_fb53b4745b5882be,onnx,0.9778001308441162,251.45516777905377,0.5654296875,6.396929655216146,438.06250530528666,0,784,10,400906,10,5,0,4,0,0,0,0,10,4,784,1604578.0,1,0,0,0,0,0,0,0,0,0,MLP,0,nnenum,UNSAT,3.8587865829467773,solved,240.0
000041,vnncomp_mnist_fc,established,MNIST_fc,net_fb53b4745b5882be,onnx,0.9778001308441162,251.45516777905377,0.5654296875,6.396929655216146,438.06250530528666,0,784,10,400906,10,5,0,4,0,0,0,0,10,4,784,1604578.0,1,0,0,0,0,0,0,0,0,0,MLP,0,pyrat,UNSAT,3.7299249172210693,solved,360.0
000042,vnncomp_mnist_fc,established,MNIST_fc,net_fb53b4745b5882be,onnx,0.9872158765792847,161.06012147495082,0.4873046875,6.396929655216146,438.5293807303857,0,784,10,400906,10,5,0,4,0,0,0,0,10,4,784,1604578.0,1,0,0,0,0,0,0,0,0,0,MLP,0,abcrown,UNSAT,48.35559606552124,solved,360.0
000042,vnncomp_mnist_fc,established,MNIST_fc,net_fb53b4745b5882be,onnx,0.9872158765792847,161.06012147495082,0.4873046875,6.396929655216146,438.5293807303857,0,784,10,400906,10,5,0,4,0,0,0,0,10,4,784,1604578.0,1,0,0,0,0,0,0,0,0,0,MLP,0,neuralsat,UNSAT,121.91512560844421,solved,240.0
000042,vnncomp_mnist_fc,established,MNIST_fc,net_fb53b4745b5882be,onnx,0.9872158765792847,161.06012147495082,0.4873046875,6.396929655216146,438.5293807303857,0,784,10,400906,10,5,0,4,0,0,0,0,10,4,784,1604578.0,1,0,0,0,0,0,0,0,0,0,MLP,0,marabou,UNSAT,21.10480308532715,solved,240.0
000042,vnncomp_mnist_fc,established,MNIST_fc,net_fb53b4745b5882be,onnx,0.9872158765792847,161.06012147495082,0.4873046875,6.396929655216146,438.5293807303857,0,784,10,400906,10,5,0,4,0,0,0,0,10,4,784,1604578.0,1,0,0,0,0,0,0,0,0,0,MLP,0,nnenum,UNSAT,8.678758382797241,solved,240.0
000042,vnncomp_mnist_fc,established,MNIST_fc,net_fb53b4745b5882be,onnx,0.9872158765792847,161.06012147495082,0.4873046875,6.396929655216146,438.5293807303857,0,784,10,400906,10,5,0,4,0,0,0,0,10,4,784,1604578.0,1,0,0,0,0,0,0,0,0,0,MLP,0,pyrat,UNSAT,3.784588098526001,solved,360.0
000043,vnncomp_mnist_fc,established,MNIST_fc,net_fb53b4745b5882be,onnx,0.6924695372581482,165.876975851544,0.548828125,5.857933154483459,407.49473574517515,0,784,10,400906,10,5,0,4,0,0,0,0,10,4,784,1604578.0,1,0,0,0,0,0,0,0,0,0,MLP,0,abcrown,UNSAT,57.06504845619202,solved,360.0
000043,vnncomp_mnist_fc,established,MNIST_fc,net_fb53b4745b5882be,onnx,0.6924695372581482,165.876975851544,0.548828125,5.857933154483459,407.49473574517515,0,784,10,400906,10,5,0,4,0,0,0,0,10,4,784,1604578.0,1,0,0,0,0,0,0,0,0,0,MLP,0,neuralsat,UNSAT,159.44866251945496,solved,240.0
000043,vnncomp_mnist_fc,established,MNIST_fc,net_fb53b4745b5882be,onnx,0.6924695372581482,165.876975851544,0.548828125,5.857933154483459,407.49473574517515,0,784,10,400906,10,5,0,4,0,0,0,0,10,4,784,1604578.0,1,0,0,0,0,0,0,0,0,0,MLP,0,marabou,UNSAT,49.476895332336426,solved,240.0
000043,vnncomp_mnist_fc,established,MNIST_fc,net_fb53b4745b5882be,onnx,0.6924695372581482,165.876975851544,0.548828125,5.857933154483459,407.49473574517515,0,784,10,400906,10,5,0,4,0,0,0,0,10,4,784,1604578.0,1,0,0,0,0,0,0,0,0,0,MLP,0,nnenum,UNSAT,12.531747102737427,solved,240.0
000043,vnncomp_mnist_fc,established,MNIST_fc,net_fb53b4745b5882be,onnx,0.6924695372581482,165.876975851544,0.548828125,5.857933154483459,407.49473574517515,0,784,10,400906,10,5,0,4,0,0,0,0,10,4,784,1604578.0,1,0,0,0,0,0,0,0,0,0,MLP,0,pyrat,UNSAT,4.397849798202515,solved,360.0
000044,vnncomp_mnist_fc,established,MNIST_fc,net_fb53b4745b5882be,onnx,0.9675577282905579,266.8116833531556,0.6259765625,6.396929655216146,460.32967451557164,0,784,10,400906,10,5,0,4,0,0,0,0,10,4,784,1604578.0,1,0,0,0,0,0,0,0,0,0,MLP,0,abcrown,UNSAT,52.497345209121704,solved,360.0
000044,vnncomp_mnist_fc,established,MNIST_fc,net_fb53b4745b5882be,onnx,0.9675577282905579,266.8116833531556,0.6259765625,6.396929655216146,460.32967451557164,0,784,10,400906,10,5,0,4,0,0,0,0,10,4,784,1604578.0,1,0,0,0,0,0,0,0,0,0,MLP,0,neuralsat,UNSAT,161.68140172958374,solved,240.0
000044,vnncomp_mnist_fc,established,MNIST_fc,net_fb53b4745b5882be,onnx,0.9675577282905579,266.8116833531556,0.6259765625,6.396929655216146,460.32967451557164,0,784,10,400906,10,5,0,4,0,0,0,0,10,4,784,1604578.0,1,0,0,0,0,0,0,0,0,0,MLP,0,marabou,UNSAT,21.44086503982544,solved,240.0
000044,vnncomp_mnist_fc,established,MNIST_fc,net_fb53b4745b5882be,onnx,0.9675577282905579,266.8116833531556,0.6259765625,6.396929655216146,460.32967451557164,0,784,10,400906,10,5,0,4,0,0,0,0,10,4,784,1604578.0,1,0,0,0,0,0,0,0,0,0,MLP,0,nnenum,UNSAT,10.22934865951538,solved,240.0
000044,vnncomp_mnist_fc,established,MNIST_fc,net_fb53b4745b5882be,onnx,0.9675577282905579,266.8116833531556,0.6259765625,6.396929655216146,460.32967451557164,0,784,10,400906,10,5,0,4,0,0,0,0,10,4,784,1604578.0,1,0,0,0,0,0,0,0,0,0,MLP,0,pyrat,UNSAT,3.9661688804626465,solved,360.0
000045,vnncomp_mnist_fc,established,MNIST_fc,net_fb53b4745b5882be,onnx,0.9817644357681274,331.23250150501065,0.6044921875,6.396929655216146,494.3318886971525,0,784,10,400906,10,5,0,4,0,0,0,0,10,4,784,1604578.0,1,0,0,0,0,0,0,0,0,0,MLP,0,abcrown,UNSAT,47.885119676589966,solved,360.0
000045,vnncomp_mnist_fc,established,MNIST_fc,net_fb53b4745b5882be,onnx,0.9817644357681274,331.23250150501065,0.6044921875,6.396929655216146,494.3318886971525,0,784,10,400906,10,5,0,4,0,0,0,0,10,4,784,1604578.0,1,0,0,0,0,0,0,0,0,0,MLP,0,neuralsat,UNSAT,154.9424533843994,solved,240.0
000045,vnncomp_mnist_fc,established,MNIST_fc,net_fb53b4745b5882be,onnx,0.9817644357681274,331.23250150501065,0.6044921875,6.396929655216146,494.3318886971525,0,784,10,400906,10,5,0,4,0,0,0,0,10,4,784,1604578.0,1,0,0,0,0,0,0,0,0,0,MLP,0,marabou,UNSAT,32.158509969711304,solved,240.0
000045,vnncomp_mnist_fc,established,MNIST_fc,net_fb53b4745b5882be,onnx,0.9817644357681274,331.23250150501065,0.6044921875,6.396929655216146,494.3318886971525,0,784,10,400906,10,5,0,4,0,0,0,0,10,4,784,1604578.0,1,0,0,0,0,0,0,0,0,0,MLP,0,nnenum,UNSAT,10.49659013748169,solved,240.0
000045,vnncomp_mnist_fc,established,MNIST_fc,net_fb53b4745b5882be,onnx,0.9817644357681274,331.23250150501065,0.6044921875,6.396929655216146,494.3318886971525,0,784,10,400906,10,5,0,4,0,0,0,0,10,4,784,1604578.0,1,0,0,0,0,0,0,0,0,0,MLP,0,pyrat,UNSAT,3.8884778022766113,solved,360.0
000046,vnncomp_mnist_fc,established,MNIST_fc,net_fb53b4745b5882be,onnx,0.9830948710441589,1578.179761232983,0.7431640625,6.396929655216146,462.7522472822699,0,784,10,400906,10,5,0,4,0,0,0,0,10,4,784,1604578.0,1,0,0,0,0,0,0,0,0,0,MLP,0,abcrown,TIMEOUT,360.1189761161804,timeout,360.0
000046,vnncomp_mnist_fc,established,MNIST_fc,net_fb53b4745b5882be,onnx,0.9830948710441589,1578.179761232983,0.7431640625,6.396929655216146,462.7522472822699,0,784,10,400906,10,5,0,4,0,0,0,0,10,4,784,1604578.0,1,0,0,0,0,0,0,0,0,0,MLP,0,neuralsat,TIMEOUT,242.27972531318665,timeout,240.0
000046,vnncomp_mnist_fc,established,MNIST_fc,net_fb53b4745b5882be,onnx,0.9830948710441589,1578.179761232983,0.7431640625,6.396929655216146,462.7522472822699,0,784,10,400906,10,5,0,4,0,0,0,0,10,4,784,1604578.0,1,0,0,0,0,0,0,0,0,0,MLP,0,marabou,TIMEOUT,240.01461696624756,timeout,240.0
000046,vnncomp_mnist_fc,established,MNIST_fc,net_fb53b4745b5882be,onnx,0.9830948710441589,1578.179761232983,0.7431640625,6.396929655216146,462.7522472822699,0,784,10,400906,10,5,0,4,0,0,0,0,10,4,784,1604578.0,1,0,0,0,0,0,0,0,0,0,MLP,0,nnenum,TIMEOUT,240.4622073173523,timeout,240.0
000046,vnncomp_mnist_fc,established,MNIST_fc,net_fb53b4745b5882be,onnx,0.9830948710441589,1578.179761232983,0.7431640625,6.396929655216146,462.7522472822699,0,784,10,400906,10,5,0,4,0,0,0,0,10,4,784,1604578.0,1,0,0,0,0,0,0,0,0,0,MLP,0,pyrat,UNSAT,189.9907739162445,solved,360.0
000047,vnncomp_mnist_fc,established,MNIST_fc,net_fb53b4745b5882be,onnx,-0.9279765486717224,1417.8100975630791,0.7705078125,4.564348191467836,348.3309270041974,0,784,10,400906,10,5,0,4,0,0,0,0,10,4,784,1604578.0,1,0,0,0,0,0,0,0,0,0,MLP,0,abcrown,TIMEOUT,360.1269562244415,timeout,360.0
000047,vnncomp_mnist_fc,established,MNIST_fc,net_fb53b4745b5882be,onnx,-0.9279765486717224,1417.8100975630791,0.7705078125,4.564348191467836,348.3309270041974,0,784,10,400906,10,5,0,4,0,0,0,0,10,4,784,1604578.0,1,0,0,0,0,0,0,0,0,0,MLP,0,neuralsat,SAT,89.82848858833313,counterexample,240.0
000047,vnncomp_mnist_fc,established,MNIST_fc,net_fb53b4745b5882be,onnx,-0.9279765486717224,1417.8100975630791,0.7705078125,4.564348191467836,348.3309270041974,0,784,10,400906,10,5,0,4,0,0,0,0,10,4,784,1604578.0,1,0,0,0,0,0,0,0,0,0,MLP,0,marabou,SAT,36.6243782043457,counterexample,240.0
000047,vnncomp_mnist_fc,established,MNIST_fc,net_fb53b4745b5882be,onnx,-0.9279765486717224,1417.8100975630791,0.7705078125,4.564348191467836,348.3309270041974,0,784,10,400906,10,5,0,4,0,0,0,0,10,4,784,1604578.0,1,0,0,0,0,0,0,0,0,0,MLP,0,nnenum,TIMEOUT,240.3022530078888,timeout,240.0
000047,vnncomp_mnist_fc,established,MNIST_fc,net_fb53b4745b5882be,onnx,-0.9279765486717224,1417.8100975630791,0.7705078125,4.564348191467836,348.3309270041974,0,784,10,400906,10,5,0,4,0,0,0,0,10,4,784,1604578.0,1,0,0,0,0,0,0,0,0,0,MLP,0,pyrat,TIMEOUT,360.0292820930481,timeout,360.0
000048,vnncomp_mnist_fc,established,MNIST_fc,net_fb53b4745b5882be,onnx,0.7774600982666016,2064.519505018038,0.78515625,6.395261598115449,434.1592075684758,0,784,10,400906,10,5,0,4,0,0,0,0,10,4,784,1604578.0,1,0,0,0,0,0,0,0,0,0,MLP,0,abcrown,TIMEOUT,360.1196553707123,timeout,360.0
000048,vnncomp_mnist_fc,established,MNIST_fc,net_fb53b4745b5882be,onnx,0.7774600982666016,2064.519505018038,0.78515625,6.395261598115449,434.1592075684758,0,784,10,400906,10,5,0,4,0,0,0,0,10,4,784,1604578.0,1,0,0,0,0,0,0,0,0,0,MLP,0,neuralsat,TIMEOUT,240.3049829006195,timeout,240.0
000048,vnncomp_mnist_fc,established,MNIST_fc,net_fb53b4745b5882be,onnx,0.7774600982666016,2064.519505018038,0.78515625,6.395261598115449,434.1592075684758,0,784,10,400906,10,5,0,4,0,0,0,0,10,4,784,1604578.0,1,0,0,0,0,0,0,0,0,0,MLP,0,marabou,TIMEOUT,240.02299904823303,timeout,240.0
000048,vnncomp_mnist_fc,established,MNIST_fc,net_fb53b4745b5882be,onnx,0.7774600982666016,2064.519505018038,0.78515625,6.395261598115449,434.1592075684758,0,784,10,400906,10,5,0,4,0,0,0,0,10,4,784,1604578.0,1,0,0,0,0,0,0,0,0,0,MLP,0,nnenum,TIMEOUT,240.24654507637024,timeout,240.0
000048,vnncomp_mnist_fc,established,MNIST_fc,net_fb53b4745b5882be,onnx,0.7774600982666016,2064.519505018038,0.78515625,6.395261598115449,434.1592075684758,0,784,10,400906,10,5,0,4,0,0,0,0,10,4,784,1604578.0,1,0,0,0,0,0,0,0,0,0,MLP,0,pyrat,TIMEOUT,360.02711296081543,timeout,360.0
000049,vnncomp_mnist_fc,established,MNIST_fc,net_fb53b4745b5882be,onnx,0.9563376307487488,1198.2216540507468,0.6689453125,6.396929655216146,461.9185798209518,0,784,10,400906,10,5,0,4,0,0,0,0,10,4,784,1604578.0,1,0,0,0,0,0,0,0,0,0,MLP,0,abcrown,TIMEOUT,360.10651540756226,timeout,360.0
000049,vnncomp_mnist_fc,established,MNIST_fc,net_fb53b4745b5882be,onnx,0.9563376307487488,1198.2216540507468,0.6689453125,6.396929655216146,461.9185798209518,0,784,10,400906,10,5,0,4,0,0,0,0,10,4,784,1604578.0,1,0,0,0,0,0,0,0,0,0,MLP,0,neuralsat,TIMEOUT,241.04629850387573,timeout,240.0
000049,vnncomp_mnist_fc,established,MNIST_fc,net_fb53b4745b5882be,onnx,0.9563376307487488,1198.2216540507468,0.6689453125,6.396929655216146,461.9185798209518,0,784,10,400906,10,5,0,4,0,0,0,0,10,4,784,1604578.0,1,0,0,0,0,0,0,0,0,0,MLP,0,marabou,TIMEOUT,239.99048328399658,timeout,240.0
000049,vnncomp_mnist_fc,established,MNIST_fc,net_fb53b4745b5882be,onnx,0.9563376307487488,1198.2216540507468,0.6689453125,6.396929655216146,461.9185798209518,0,784,10,400906,10,5,0,4,0,0,0,0,10,4,784,1604578.0,1,0,0,0,0,0,0,0,0,0,MLP,0,nnenum,TIMEOUT,240.3397238254547,timeout,240.0
000049,vnncomp_mnist_fc,established,MNIST_fc,net_fb53b4745b5882be,onnx,0.9563376307487488,1198.2216540507468,0.6689453125,6.396929655216146,461.9185798209518,0,784,10,400906,10,5,0,4,0,0,0,0,10,4,784,1604578.0,1,0,0,0,0,0,0,0,0,0,MLP,0,pyrat,UNSAT,7.328030824661255,solved,360.0
000050,vnncomp_mnist_fc,established,MNIST_fc,net_fb53b4745b5882be,onnx,0.9905408024787903,1150.1672273753852,0.716796875,6.396929655216146,467.01945424384184,0,784,10,400906,10,5,0,4,0,0,0,0,10,4,784,1604578.0,1,0,0,0,0,0,0,0,0,0,MLP,0,abcrown,TIMEOUT,360.13526725769043,timeout,360.0
000050,vnncomp_mnist_fc,established,MNIST_fc,net_fb53b4745b5882be,onnx,0.9905408024787903,1150.1672273753852,0.716796875,6.396929655216146,467.01945424384184,0,784,10,400906,10,5,0,4,0,0,0,0,10,4,784,1604578.0,1,0,0,0,0,0,0,0,0,0,MLP,0,neuralsat,TIMEOUT,240.45878839492798,timeout,240.0
000050,vnncomp_mnist_fc,established,MNIST_fc,net_fb53b4745b5882be,onnx,0.9905408024787903,1150.1672273753852,0.716796875,6.396929655216146,467.01945424384184,0,784,10,400906,10,5,0,4,0,0,0,0,10,4,784,1604578.0,1,0,0,0,0,0,0,0,0,0,MLP,0,marabou,TIMEOUT,240.01134514808655,timeout,240.0
000050,vnncomp_mnist_fc,established,MNIST_fc,net_fb53b4745b5882be,onnx,0.9905408024787903,1150.1672273753852,0.716796875,6.396929655216146,467.01945424384184,0,784,10,400906,10,5,0,4,0,0,0,0,10,4,784,1604578.0,1,0,0,0,0,0,0,0,0,0,MLP,0,nnenum,TIMEOUT,240.29037880897522,timeout,240.0
000050,vnncomp_mnist_fc,established,MNIST_fc,net_fb53b4745b5882be,onnx,0.9905408024787903,1150.1672273753852,0.716796875,6.396929655216146,467.01945424384184,0,784,10,400906,10,5,0,4,0,0,0,0,10,4,784,1604578.0,1,0,0,0,0,0,0,0,0,0,MLP,0,pyrat,TIMEOUT,360.0244286060333,timeout,360.0
000051,vnncomp_mnist_fc,established,MNIST_fc,net_fb53b4745b5882be,onnx,0.9829564094543457,1573.6004883051835,0.7744140625,6.396929655216146,496.73956051026124,0,784,10,400906,10,5,0,4,0,0,0,0,10,4,784,1604578.0,1,0,0,0,0,0,0,0,0,0,MLP,0,abcrown,TIMEOUT,360.1243636608124,timeout,360.0
000051,vnncomp_mnist_fc,established,MNIST_fc,net_fb53b4745b5882be,onnx,0.9829564094543457,1573.6004883051835,0.7744140625,6.396929655216146,496.73956051026124,0,784,10,400906,10,5,0,4,0,0,0,0,10,4,784,1604578.0,1,0,0,0,0,0,0,0,0,0,MLP,0,neuralsat,TIMEOUT,240.92335772514343,timeout,240.0
000051,vnncomp_mnist_fc,established,MNIST_fc,net_fb53b4745b5882be,onnx,0.9829564094543457,1573.6004883051835,0.7744140625,6.396929655216146,496.73956051026124,0,784,10,400906,10,5,0,4,0,0,0,0,10,4,784,1604578.0,1,0,0,0,0,0,0,0,0,0,MLP,0,marabou,TIMEOUT,240.01176810264587,timeout,240.0
000051,vnncomp_mnist_fc,established,MNIST_fc,net_fb53b4745b5882be,onnx,0.9829564094543457,1573.6004883051835,0.7744140625,6.396929655216146,496.73956051026124,0,784,10,400906,10,5,0,4,0,0,0,0,10,4,784,1604578.0,1,0,0,0,0,0,0,0,0,0,MLP,0,nnenum,TIMEOUT,240.2816343307495,timeout,240.0
000051,vnncomp_mnist_fc,established,MNIST_fc,net_fb53b4745b5882be,onnx,0.9829564094543457,1573.6004883051835,0.7744140625,6.396929655216146,496.73956051026124,0,784,10,400906,10,5,0,4,0,0,0,0,10,4,784,1604578.0,1,0,0,0,0,0,0,0,0,0,MLP,0,pyrat,ERROR,6.904226064682007,error,360.0
000052,vnncomp_mnist_fc,established,MNIST_fc,net_fb53b4745b5882be,onnx,0.9776576161384583,2359.7832380083305,0.81640625,6.0867747269123065,418.3073682415288,0,784,10,400906,10,5,0,4,0,0,0,0,10,4,784,1604578.0,1,0,0,0,0,0,0,0,0,0,MLP,0,abcrown,TIMEOUT,360.13722681999207,timeout,360.0
000052,vnncomp_mnist_fc,established,MNIST_fc,net_fb53b4745b5882be,onnx,0.9776576161384583,2359.7832380083305,0.81640625,6.0867747269123065,418.3073682415288,0,784,10,400906,10,5,0,4,0,0,0,0,10,4,784,1604578.0,1,0,0,0,0,0,0,0,0,0,MLP,0,neuralsat,SAT,130.21455097198486,counterexample,240.0
000052,vnncomp_mnist_fc,established,MNIST_fc,net_fb53b4745b5882be,onnx,0.9776576161384583,2359.7832380083305,0.81640625,6.0867747269123065,418.3073682415288,0,784,10,400906,10,5,0,4,0,0,0,0,10,4,784,1604578.0,1,0,0,0,0,0,0,0,0,0,MLP,0,marabou,TIMEOUT,240.01363515853882,timeout,240.0
000052,vnncomp_mnist_fc,established,MNIST_fc,net_fb53b4745b5882be,onnx,0.9776576161384583,2359.7832380083305,0.81640625,6.0867747269123065,418.3073682415288,0,784,10,400906,10,5,0,4,0,0,0,0,10,4,784,1604578.0,1,0,0,0,0,0,0,0,0,0,MLP,0,nnenum,TIMEOUT,240.31464409828186,timeout,240.0
000052,vnncomp_mnist_fc,established,MNIST_fc,net_fb53b4745b5882be,onnx,0.9776576161384583,2359.7832380083305,0.81640625,6.0867747269123065,418.3073682415288,0,784,10,400906,10,5,0,4,0,0,0,0,10,4,784,1604578.0,1,0,0,0,0,0,0,0,0,0,MLP,0,pyrat,TIMEOUT,360.023619890213,timeout,360.0
000053,vnncomp_mnist_fc,established,MNIST_fc,net_fb53b4745b5882be,onnx,0.9776763319969177,769.8746742522785,0.6669921875,6.396929655216146,386.78642895955676,0,784,10,400906,10,5,0,4,0,0,0,0,10,4,784,1604578.0,1,0,0,0,0,0,0,0,0,0,MLP,0,abcrown,TIMEOUT,360.13158893585205,timeout,360.0
000053,vnncomp_mnist_fc,established,MNIST_fc,net_fb53b4745b5882be,onnx,0.9776763319969177,769.8746742522785,0.6669921875,6.396929655216146,386.78642895955676,0,784,10,400906,10,5,0,4,0,0,0,0,10,4,784,1604578.0,1,0,0,0,0,0,0,0,0,0,MLP,0,neuralsat,TIMEOUT,241.73837327957153,timeout,240.0
000053,vnncomp_mnist_fc,established,MNIST_fc,net_fb53b4745b5882be,onnx,0.9776763319969177,769.8746742522785,0.6669921875,6.396929655216146,386.78642895955676,0,784,10,400906,10,5,0,4,0,0,0,0,10,4,784,1604578.0,1,0,0,0,0,0,0,0,0,0,MLP,0,marabou,TIMEOUT,240.02381682395935,timeout,240.0
000053,vnncomp_mnist_fc,established,MNIST_fc,net_fb53b4745b5882be,onnx,0.9776763319969177,769.8746742522785,0.6669921875,6.396929655216146,386.78642895955676,0,784,10,400906,10,5,0,4,0,0,0,0,10,4,784,1604578.0,1,0,0,0,0,0,0,0,0,0,MLP,0,nnenum,TIMEOUT,240.2897288799286,timeout,240.0
000053,vnncomp_mnist_fc,established,MNIST_fc,net_fb53b4745b5882be,onnx,0.9776763319969177,769.8746742522785,0.6669921875,6.396929655216146,386.78642895955676,0,784,10,400906,10,5,0,4,0,0,0,0,10,4,784,1604578.0,1,0,0,0,0,0,0,0,0,0,MLP,0,pyrat,TIMEOUT,360.1016550064087,timeout,360.0
000054,vnncomp_mnist_fc,established,MNIST_fc,net_fb53b4745b5882be,onnx,0.7957985401153564,1342.7732826279084,0.7041015625,6.396929655216146,454.0186916555896,0,784,10,400906,10,5,0,4,0,0,0,0,10,4,784,1604578.0,1,0,0,0,0,0,0,0,0,0,MLP,0,abcrown,TIMEOUT,360.1343643665314,timeout,360.0
000054,vnncomp_mnist_fc,established,MNIST_fc,net_fb53b4745b5882be,onnx,0.7957985401153564,1342.7732826279084,0.7041015625,6.396929655216146,454.0186916555896,0,784,10,400906,10,5,0,4,0,0,0,0,10,4,784,1604578.0,1,0,0,0,0,0,0,0,0,0,MLP,0,neuralsat,TIMEOUT,242.59925937652588,timeout,240.0
000054,vnncomp_mnist_fc,established,MNIST_fc,net_fb53b4745b5882be,onnx,0.7957985401153564,1342.7732826279084,0.7041015625,6.396929655216146,454.0186916555896,0,784,10,400906,10,5,0,4,0,0,0,0,10,4,784,1604578.0,1,0,0,0,0,0,0,0,0,0,MLP,0,marabou,TIMEOUT,240.02007126808167,timeout,240.0
000054,vnncomp_mnist_fc,established,MNIST_fc,net_fb53b4745b5882be,onnx,0.7957985401153564,1342.7732826279084,0.7041015625,6.396929655216146,454.0186916555896,0,784,10,400906,10,5,0,4,0,0,0,0,10,4,784,1604578.0,1,0,0,0,0,0,0,0,0,0,MLP,0,nnenum,TIMEOUT,240.30064368247986,timeout,240.0
000054,vnncomp_mnist_fc,established,MNIST_fc,net_fb53b4745b5882be,onnx,0.7957985401153564,1342.7732826279084,0.7041015625,6.396929655216146,454.0186916555896,0,784,10,400906,10,5,0,4,0,0,0,0,10,4,784,1604578.0,1,0,0,0,0,0,0,0,0,0,MLP,0,pyrat,TIMEOUT,360.0407979488373,timeout,360.0
000055,vnncomp_mnist_fc,established,MNIST_fc,net_fb53b4745b5882be,onnx,0.8875514268875122,1205.8538124803329,0.7353515625,6.396929655216146,419.2676212823907,0,784,10,400906,10,5,0,4,0,0,0,0,10,4,784,1604578.0,1,0,0,0,0,0,0,0,0,0,MLP,0,abcrown,TIMEOUT,360.16989636421204,timeout,360.0
000055,vnncomp_mnist_fc,established,MNIST_fc,net_fb53b4745b5882be,onnx,0.8875514268875122,1205.8538124803329,0.7353515625,6.396929655216146,419.2676212823907,0,784,10,400906,10,5,0,4,0,0,0,0,10,4,784,1604578.0,1,0,0,0,0,0,0,0,0,0,MLP,0,neuralsat,TIMEOUT,241.43088817596436,timeout,240.0
000055,vnncomp_mnist_fc,established,MNIST_fc,net_fb53b4745b5882be,onnx,0.8875514268875122,1205.8538124803329,0.7353515625,6.396929655216146,419.2676212823907,0,784,10,400906,10,5,0,4,0,0,0,0,10,4,784,1604578.0,1,0,0,0,0,0,0,0,0,0,MLP,0,marabou,TIMEOUT,240.01467418670654,timeout,240.0
000055,vnncomp_mnist_fc,established,MNIST_fc,net_fb53b4745b5882be,onnx,0.8875514268875122,1205.8538124803329,0.7353515625,6.396929655216146,419.2676212823907,0,784,10,400906,10,5,0,4,0,0,0,0,10,4,784,1604578.0,1,0,0,0,0,0,0,0,0,0,MLP,0,nnenum,TIMEOUT,240.22670483589172,timeout,240.0
000055,vnncomp_mnist_fc,established,MNIST_fc,net_fb53b4745b5882be,onnx,0.8875514268875122,1205.8538124803329,0.7353515625,6.396929655216146,419.2676212823907,0,784,10,400906,10,5,0,4,0,0,0,0,10,4,784,1604578.0,1,0,0,0,0,0,0,0,0,0,MLP,0,pyrat,TIMEOUT,360.0422592163086,timeout,360.0
000056,vnncomp_mnist_fc,established,MNIST_fc,net_fb53b4745b5882be,onnx,0.9272037744522095,1139.8774454538643,0.7001953125,6.396929655216146,436.6068394513381,0,784,10,400906,10,5,0,4,0,0,0,0,10,4,784,1604578.0,1,0,0,0,0,0,0,0,0,0,MLP,0,abcrown,TIMEOUT,360.135454416275,timeout,360.0
000056,vnncomp_mnist_fc,established,MNIST_fc,net_fb53b4745b5882be,onnx,0.9272037744522095,1139.8774454538643,0.7001953125,6.396929655216146,436.6068394513381,0,784,10,400906,10,5,0,4,0,0,0,0,10,4,784,1604578.0,1,0,0,0,0,0,0,0,0,0,MLP,0,neuralsat,TIMEOUT,241.28713011741638,timeout,240.0
000056,vnncomp_mnist_fc,established,MNIST_fc,net_fb53b4745b5882be,onnx,0.9272037744522095,1139.8774454538643,0.7001953125,6.396929655216146,436.6068394513381,0,784,10,400906,10,5,0,4,0,0,0,0,10,4,784,1604578.0,1,0,0,0,0,0,0,0,0,0,MLP,0,marabou,TIMEOUT,240.011953830719,timeout,240.0
000056,vnncomp_mnist_fc,established,MNIST_fc,net_fb53b4745b5882be,onnx,0.9272037744522095,1139.8774454538643,0.7001953125,6.396929655216146,436.6068394513381,0,784,10,400906,10,5,0,4,0,0,0,0,10,4,784,1604578.0,1,0,0,0,0,0,0,0,0,0,MLP,0,nnenum,TIMEOUT,240.29473090171814,timeout,240.0
000056,vnncomp_mnist_fc,established,MNIST_fc,net_fb53b4745b5882be,onnx,0.9272037744522095,1139.8774454538643,0.7001953125,6.396929655216146,436.6068394513381,0,784,10,400906,10,5,0,4,0,0,0,0,10,4,784,1604578.0,1,0,0,0,0,0,0,0,0,0,MLP,0,pyrat,UNSAT,108.55510091781616,solved,360.0
000057,vnncomp_mnist_fc,established,MNIST_fc,net_fb53b4745b5882be,onnx,0.9802851676940918,1023.8195312098135,0.6650390625,6.396929655216146,436.62931596061844,0,784,10,400906,10,5,0,4,0,0,0,0,10,4,784,1604578.0,1,0,0,0,0,0,0,0,0,0,MLP,0,abcrown,TIMEOUT,360.14576864242554,timeout,360.0
000057,vnncomp_mnist_fc,established,MNIST_fc,net_fb53b4745b5882be,onnx,0.9802851676940918,1023.8195312098135,0.6650390625,6.396929655216146,436.62931596061844,0,784,10,400906,10,5,0,4,0,0,0,0,10,4,784,1604578.0,1,0,0,0,0,0,0,0,0,0,MLP,0,neuralsat,TIMEOUT,241.85933589935303,timeout,240.0
000057,vnncomp_mnist_fc,established,MNIST_fc,net_fb53b4745b5882be,onnx,0.9802851676940918,1023.8195312098135,0.6650390625,6.396929655216146,436.62931596061844,0,784,10,400906,10,5,0,4,0,0,0,0,10,4,784,1604578.0,1,0,0,0,0,0,0,0,0,0,MLP,0,marabou,TIMEOUT,239.97228717803955,timeout,240.0
000057,vnncomp_mnist_fc,established,MNIST_fc,net_fb53b4745b5882be,onnx,0.9802851676940918,1023.8195312098135,0.6650390625,6.396929655216146,436.62931596061844,0,784,10,400906,10,5,0,4,0,0,0,0,10,4,784,1604578.0,1,0,0,0,0,0,0,0,0,0,MLP,0,nnenum,TIMEOUT,240.58693647384644,timeout,240.0
000057,vnncomp_mnist_fc,established,MNIST_fc,net_fb53b4745b5882be,onnx,0.9802851676940918,1023.8195312098135,0.6650390625,6.396929655216146,436.62931596061844,0,784,10,400906,10,5,0,4,0,0,0,0,10,4,784,1604578.0,1,0,0,0,0,0,0,0,0,0,MLP,0,pyrat,UNSAT,22.524043083190918,solved,360.0
000058,vnncomp_mnist_fc,established,MNIST_fc,net_fb53b4745b5882be,onnx,0.6542476415634155,697.0810622436267,0.65234375,5.811140992976701,398.57094230623943,0,784,10,400906,10,5,0,4,0,0,0,0,10,4,784,1604578.0,1,0,0,0,0,0,0,0,0,0,MLP,0,abcrown,TIMEOUT,360.2452919483185,timeout,360.0
000058,vnncomp_mnist_fc,established,MNIST_fc,net_fb53b4745b5882be,onnx,0.6542476415634155,697.0810622436267,0.65234375,5.811140992976701,398.57094230623943,0,784,10,400906,10,5,0,4,0,0,0,0,10,4,784,1604578.0,1,0,0,0,0,0,0,0,0,0,MLP,0,neuralsat,TIMEOUT,241.40308594703674,timeout,240.0
000058,vnncomp_mnist_fc,established,MNIST_fc,net_fb53b4745b5882be,onnx,0.6542476415634155,697.0810622436267,0.65234375,5.811140992976701,398.57094230623943,0,784,10,400906,10,5,0,4,0,0,0,0,10,4,784,1604578.0,1,0,0,0,0,0,0,0,0,0,MLP,0,marabou,TIMEOUT,240.01688194274902,timeout,240.0
000058,vnncomp_mnist_fc,established,MNIST_fc,net_fb53b4745b5882be,onnx,0.6542476415634155,697.0810622436267,0.65234375,5.811140992976701,398.57094230623943,0,784,10,400906,10,5,0,4,0,0,0,0,10,4,784,1604578.0,1,0,0,0,0,0,0,0,0,0,MLP,0,nnenum,TIMEOUT,240.32982063293457,timeout,240.0
000058,vnncomp_mnist_fc,established,MNIST_fc,net_fb53b4745b5882be,onnx,0.6542476415634155,697.0810622436267,0.65234375,5.811140992976701,398.57094230623943,0,784,10,400906,10,5,0,4,0,0,0,0,10,4,784,1604578.0,1,0,0,0,0,0,0,0,0,0,MLP,0,pyrat,TIMEOUT,360.0393807888031,timeout,360.0
000059,vnncomp_mnist_fc,established,MNIST_fc,net_fb53b4745b5882be,onnx,0.964529275894165,771.9107095751291,0.708984375,6.396929655216146,464.9098184139771,0,784,10,400906,10,5,0,4,0,0,0,0,10,4,784,1604578.0,1,0,0,0,0,0,0,0,0,0,MLP,0,abcrown,TIMEOUT,360.12540578842163,timeout,360.0
000059,vnncomp_mnist_fc,established,MNIST_fc,net_fb53b4745b5882be,onnx,0.964529275894165,771.9107095751291,0.708984375,6.396929655216146,464.9098184139771,0,784,10,400906,10,5,0,4,0,0,0,0,10,4,784,1604578.0,1,0,0,0,0,0,0,0,0,0,MLP,0,neuralsat,TIMEOUT,241.26312971115112,timeout,240.0
000059,vnncomp_mnist_fc,established,MNIST_fc,net_fb53b4745b5882be,onnx,0.964529275894165,771.9107095751291,0.708984375,6.396929655216146,464.9098184139771,0,784,10,400906,10,5,0,4,0,0,0,0,10,4,784,1604578.0,1,0,0,0,0,0,0,0,0,0,MLP,0,marabou,TIMEOUT,240.01458477973938,timeout,240.0
000059,vnncomp_mnist_fc,established,MNIST_fc,net_fb53b4745b5882be,onnx,0.964529275894165,771.9107095751291,0.708984375,6.396929655216146,464.9098184139771,0,784,10,400906,10,5,0,4,0,0,0,0,10,4,784,1604578.0,1,0,0,0,0,0,0,0,0,0,MLP,0,nnenum,TIMEOUT,240.42257452011108,timeout,240.0
000059,vnncomp_mnist_fc,established,MNIST_fc,net_fb53b4745b5882be,onnx,0.964529275894165,771.9107095751291,0.708984375,6.396929655216146,464.9098184139771,0,784,10,400906,10,5,0,4,0,0,0,0,10,4,784,1604578.0,1,0,0,0,0,0,0,0,0,0,MLP,0,pyrat,TIMEOUT,360.0388379096985,timeout,360.0
000060,vnncomp_mnist_fc,established,MNIST_fc,net_fb53b4745b5882be,onnx,0.9814388155937195,1277.6119956058385,0.7255859375,6.396929655216146,492.73843839311826,0,784,10,400906,10,5,0,4,0,0,0,0,10,4,784,1604578.0,1,0,0,0,0,0,0,0,0,0,MLP,0,abcrown,TIMEOUT,360.1282560825348,timeout,360.0
000060,vnncomp_mnist_fc,established,MNIST_fc,net_fb53b4745b5882be,onnx,0.9814388155937195,1277.6119956058385,0.7255859375,6.396929655216146,492.73843839311826,0,784,10,400906,10,5,0,4,0,0,0,0,10,4,784,1604578.0,1,0,0,0,0,0,0,0,0,0,MLP,0,neuralsat,TIMEOUT,241.1153426170349,timeout,240.0
000060,vnncomp_mnist_fc,established,MNIST_fc,net_fb53b4745b5882be,onnx,0.9814388155937195,1277.6119956058385,0.7255859375,6.396929655216146,492.73843839311826,0,784,10,400906,10,5,0,4,0,0,0,0,10,4,784,1604578.0,1,0,0,0,0,0,0,0,0,0,MLP,0,marabou,TIMEOUT,240.01144909858704,timeout,240.0
000060,vnncomp_mnist_fc,established,MNIST_fc,net_fb53b4745b5882be,onnx,0.9814388155937195,1277.6119956058385,0.7255859375,6.396929655216146,492.73843839311826,0,784,10,400906,10,5,0,4,0,0,0,0,10,4,784,1604578.0,1,0,0,0,0,0,0,0,0,0,MLP,0,nnenum,TIMEOUT,240.28743624687195,timeout,240.0
000060,vnncomp_mnist_fc,established,MNIST_fc,net_fb53b4745b5882be,onnx,0.9814388155937195,1277.6119956058385,0.7255859375,6.396929655216146,492.73843839311826,0,784,10,400906,10,5,0,4,0,0,0,0,10,4,784,1604578.0,1,0,0,0,0,0,0,0,0,0,MLP,0,pyrat,ERROR,6.109069108963013,error,360.0
000061,vnncomp_mnist_fc,established,MNIST_fc,net_295c175d7b477b2f,onnx,0.9724781513214111,77348.00201641081,0.75,6.393590753950631,435.4016304486697,0,784,10,532490,14,7,0,6,0,0,0,0,14,6,784,2131265.0,1,0,0,0,0,0,0,0,0,0,MLP,0,abcrown,UNSAT,78.97132992744446,solved,360.0
000061,vnncomp_mnist_fc,established,MNIST_fc,net_295c175d7b477b2f,onnx,0.9724781513214111,77348.00201641081,0.75,6.393590753950631,435.4016304486697,0,784,10,532490,14,7,0,6,0,0,0,0,14,6,784,2131265.0,1,0,0,0,0,0,0,0,0,0,MLP,0,neuralsat,UNSAT,124.97792267799377,solved,240.0
000061,vnncomp_mnist_fc,established,MNIST_fc,net_295c175d7b477b2f,onnx,0.9724781513214111,77348.00201641081,0.75,6.393590753950631,435.4016304486697,0,784,10,532490,14,7,0,6,0,0,0,0,14,6,784,2131265.0,1,0,0,0,0,0,0,0,0,0,MLP,0,marabou,UNSAT,25.317394971847534,solved,240.0
000061,vnncomp_mnist_fc,established,MNIST_fc,net_295c175d7b477b2f,onnx,0.9724781513214111,77348.00201641081,0.75,6.393590753950631,435.4016304486697,0,784,10,532490,14,7,0,6,0,0,0,0,14,6,784,2131265.0,1,0,0,0,0,0,0,0,0,0,MLP,0,nnenum,UNSAT,6.67099666595459,solved,240.0
000061,vnncomp_mnist_fc,established,MNIST_fc,net_295c175d7b477b2f,onnx,0.9724781513214111,77348.00201641081,0.75,6.393590753950631,435.4016304486697,0,784,10,532490,14,7,0,6,0,0,0,0,14,6,784,2131265.0,1,0,0,0,0,0,0,0,0,0,MLP,0,pyrat,UNSAT,4.5726542472839355,solved,360.0
000062,vnncomp_mnist_fc,established,MNIST_fc,net_295c175d7b477b2f,onnx,0.8347296714782715,109146.4121920026,0.7955729166666666,5.342334251964811,371.9732381529375,0,784,10,532490,14,7,0,6,0,0,0,0,14,6,784,2131265.0,1,0,0,0,0,0,0,0,0,0,MLP,0,abcrown,TIMEOUT,360.201504945755,timeout,360.0
000062,vnncomp_mnist_fc,established,MNIST_fc,net_295c175d7b477b2f,onnx,0.8347296714782715,109146.4121920026,0.7955729166666666,5.342334251964811,371.9732381529375,0,784,10,532490,14,7,0,6,0,0,0,0,14,6,784,2131265.0,1,0,0,0,0,0,0,0,0,0,MLP,0,neuralsat,TIMEOUT,241.23066806793213,timeout,240.0
000062,vnncomp_mnist_fc,established,MNIST_fc,net_295c175d7b477b2f,onnx,0.8347296714782715,109146.4121920026,0.7955729166666666,5.342334251964811,371.9732381529375,0,784,10,532490,14,7,0,6,0,0,0,0,14,6,784,2131265.0,1,0,0,0,0,0,0,0,0,0,MLP,0,marabou,TIMEOUT,240.0217490196228,timeout,240.0
000062,vnncomp_mnist_fc,established,MNIST_fc,net_295c175d7b477b2f,onnx,0.8347296714782715,109146.4121920026,0.7955729166666666,5.342334251964811,371.9732381529375,0,784,10,532490,14,7,0,6,0,0,0,0,14,6,784,2131265.0,1,0,0,0,0,0,0,0,0,0,MLP,0,nnenum,TIMEOUT,240.28168082237244,timeout,240.0
000062,vnncomp_mnist_fc,established,MNIST_fc,net_295c175d7b477b2f,onnx,0.8347296714782715,109146.4121920026,0.7955729166666666,5.342334251964811,371.9732381529375,0,784,10,532490,14,7,0,6,0,0,0,0,14,6,784,2131265.0,1,0,0,0,0,0,0,0,0,0,MLP,0,pyrat,TIMEOUT,360.0343201160431,timeout,360.0
000063,vnncomp_mnist_fc,established,MNIST_fc,net_295c175d7b477b2f,onnx,0.939964771270752,94014.97884884296,0.7734375,6.369900982828227,383.9802303291879,0,784,10,532490,14,7,0,6,0,0,0,0,14,6,784,2131265.0,1,0,0,0,0,0,0,0,0,0,MLP,0,abcrown,UNSAT,193.10261702537537,solved,360.0
000063,vnncomp_mnist_fc,established,MNIST_fc,net_295c175d7b477b2f,onnx,0.939964771270752,94014.97884884296,0.7734375,6.369900982828227,383.9802303291879,0,784,10,532490,14,7,0,6,0,0,0,0,14,6,784,2131265.0,1,0,0,0,0,0,0,0,0,0,MLP,0,neuralsat,TIMEOUT,241.19491624832153,timeout,240.0
000063,vnncomp_mnist_fc,established,MNIST_fc,net_295c175d7b477b2f,onnx,0.939964771270752,94014.97884884296,0.7734375,6.369900982828227,383.9802303291879,0,784,10,532490,14,7,0,6,0,0,0,0,14,6,784,2131265.0,1,0,0,0,0,0,0,0,0,0,MLP,0,marabou,UNSAT,117.4984359741211,solved,240.0
000063,vnncomp_mnist_fc,established,MNIST_fc,net_295c175d7b477b2f,onnx,0.939964771270752,94014.97884884296,0.7734375,6.369900982828227,383.9802303291879,0,784,10,532490,14,7,0,6,0,0,0,0,14,6,784,2131265.0,1,0,0,0,0,0,0,0,0,0,MLP,0,nnenum,UNSAT,109.38259410858154,solved,240.0
000063,vnncomp_mnist_fc,established,MNIST_fc,net_295c175d7b477b2f,onnx,0.939964771270752,94014.97884884296,0.7734375,6.369900982828227,383.9802303291879,0,784,10,532490,14,7,0,6,0,0,0,0,14,6,784,2131265.0,1,0,0,0,0,0,0,0,0,0,MLP,0,pyrat,UNSAT,4.737560749053955,solved,360.0
000064,vnncomp_mnist_fc,established,MNIST_fc,net_295c175d7b477b2f,onnx,0.9678423404693604,96346.51986244257,0.7545572916666666,6.393590753950631,387.6789166332226,0,784,10,532490,14,7,0,6,0,0,0,0,14,6,784,2131265.0,1,0,0,0,0,0,0,0,0,0,MLP,0,abcrown,UNSAT,88.52630281448364,solved,360.0
000064,vnncomp_mnist_fc,established,MNIST_fc,net_295c175d7b477b2f,onnx,0.9678423404693604,96346.51986244257,0.7545572916666666,6.393590753950631,387.6789166332226,0,784,10,532490,14,7,0,6,0,0,0,0,14,6,784,2131265.0,1,0,0,0,0,0,0,0,0,0,MLP,0,neuralsat,UNSAT,140.95696473121643,solved,240.0
000064,vnncomp_mnist_fc,established,MNIST_fc,net_295c175d7b477b2f,onnx,0.9678423404693604,96346.51986244257,0.7545572916666666,6.393590753950631,387.6789166332226,0,784,10,532490,14,7,0,6,0,0,0,0,14,6,784,2131265.0,1,0,0,0,0,0,0,0,0,0,MLP,0,marabou,UNSAT,26.449867010116577,solved,240.0
000064,vnncomp_mnist_fc,established,MNIST_fc,net_295c175d7b477b2f,onnx,0.9678423404693604,96346.51986244257,0.7545572916666666,6.393590753950631,387.6789166332226,0,784,10,532490,14,7,0,6,0,0,0,0,14,6,784,2131265.0,1,0,0,0,0,0,0,0,0,0,MLP,0,nnenum,UNSAT,7.749212980270386,solved,240.0
000064,vnncomp_mnist_fc,established,MNIST_fc,net_295c175d7b477b2f,onnx,0.9678423404693604,96346.51986244257,0.7545572916666666,6.393590753950631,387.6789166332226,0,784,10,532490,14,7,0,6,0,0,0,0,14,6,784,2131265.0,1,0,0,0,0,0,0,0,0,0,MLP,0,pyrat,UNSAT,3.395646095275879,solved,360.0
000065,vnncomp_mnist_fc,established,MNIST_fc,net_295c175d7b477b2f,onnx,0.9791490435600281,65652.57588326685,0.7493489583333334,6.396929655216146,472.49204138462665,0,784,10,532490,14,7,0,6,0,0,0,0,14,6,784,2131265.0,1,0,0,0,0,0,0,0,0,0,MLP,0,abcrown,UNSAT,132.21812963485718,solved,360.0
000065,vnncomp_mnist_fc,established,MNIST_fc,net_295c175d7b477b2f,onnx,0.9791490435600281,65652.57588326685,0.7493489583333334,6.396929655216146,472.49204138462665,0,784,10,532490,14,7,0,6,0,0,0,0,14,6,784,2131265.0,1,0,0,0,0,0,0,0,0,0,MLP,0,neuralsat,UNSAT,163.0262541770935,solved,240.0
000065,vnncomp_mnist_fc,established,MNIST_fc,net_295c175d7b477b2f,onnx,0.9791490435600281,65652.57588326685,0.7493489583333334,6.396929655216146,472.49204138462665,0,784,10,532490,14,7,0,6,0,0,0,0,14,6,784,2131265.0,1,0,0,0,0,0,0,0,0,0,MLP,0,marabou,UNSAT,51.859654903411865,solved,240.0
000065,vnncomp_mnist_fc,established,MNIST_fc,net_295c175d7b477b2f,onnx,0.9791490435600281,65652.57588326685,0.7493489583333334,6.396929655216146,472.49204138462665,0,784,10,532490,14,7,0,6,0,0,0,0,14,6,784,2131265.0,1,0,0,0,0,0,0,0,0,0,MLP,0,nnenum,UNSAT,5.308845043182373,solved,240.0
000065,vnncomp_mnist_fc,established,MNIST_fc,net_295c175d7b477b2f,onnx,0.9791490435600281,65652.57588326685,0.7493489583333334,6.396929655216146,472.49204138462665,0,784,10,532490,14,7,0,6,0,0,0,0,14,6,784,2131265.0,1,0,0,0,0,0,0,0,0,0,MLP,0,pyrat,UNSAT,3.456369161605835,solved,360.0
000066,vnncomp_mnist_fc,established,MNIST_fc,net_295c175d7b477b2f,onnx,0.9926267862319946,87732.05120075728,0.783203125,6.396929655216146,434.27322231788617,0,784,10,532490,14,7,0,6,0,0,0,0,14,6,784,2131265.0,1,0,0,0,0,0,0,0,0,0,MLP,0,abcrown,UNSAT,133.32972407341003,solved,360.0
000066,vnncomp_mnist_fc,established,MNIST_fc,net_295c175d7b477b2f,onnx,0.9926267862319946,87732.05120075728,0.783203125,6.396929655216146,434.27322231788617,0,784,10,532490,14,7,0,6,0,0,0,0,14,6,784,2131265.0,1,0,0,0,0,0,0,0,0,0,MLP,0,neuralsat,UNSAT,203.65710520744324,solved,240.0
000066,vnncomp_mnist_fc,established,MNIST_fc,net_295c175d7b477b2f,onnx,0.9926267862319946,87732.05120075728,0.783203125,6.396929655216146,434.27322231788617,0,784,10,532490,14,7,0,6,0,0,0,0,14,6,784,2131265.0,1,0,0,0,0,0,0,0,0,0,MLP,0,marabou,UNSAT,102.00538873672485,solved,240.0
000066,vnncomp_mnist_fc,established,MNIST_fc,net_295c175d7b477b2f,onnx,0.9926267862319946,87732.05120075728,0.783203125,6.396929655216146,434.27322231788617,0,784,10,532490,14,7,0,6,0,0,0,0,14,6,784,2131265.0,1,0,0,0,0,0,0,0,0,0,MLP,0,nnenum,TIMEOUT,240.16462063789368,timeout,240.0
000066,vnncomp_mnist_fc,established,MNIST_fc,net_295c175d7b477b2f,onnx,0.9926267862319946,87732.05120075728,0.783203125,6.396929655216146,434.27322231788617,0,784,10,532490,14,7,0,6,0,0,0,0,14,6,784,2131265.0,1,0,0,0,0,0,0,0,0,0,MLP,0,pyrat,UNSAT,3.8175437450408936,solved,360.0
000067,vnncomp_mnist_fc,established,MNIST_fc,net_295c175d7b477b2f,onnx,-0.15739649534225464,826167.4063241933,0.84375,3.7376696182833684,367.4645486594681,0,784,10,532490,14,7,0,6,0,0,0,0,14,6,784,2131265.0,1,0,0,0,0,0,0,0,0,0,MLP,0,abcrown,TIMEOUT,360.1608543395996,timeout,360.0
000067,vnncomp_mnist_fc,established,MNIST_fc,net_295c175d7b477b2f,onnx,-0.15739649534225464,826167.4063241933,0.84375,3.7376696182833684,367.4645486594681,0,784,10,532490,14,7,0,6,0,0,0,0,14,6,784,2131265.0,1,0,0,0,0,0,0,0,0,0,MLP,0,neuralsat,SAT,76.79657483100891,counterexample,240.0
000067,vnncomp_mnist_fc,established,MNIST_fc,net_295c175d7b477b2f,onnx,-0.15739649534225464,826167.4063241933,0.84375,3.7376696182833684,367.4645486594681,0,784,10,532490,14,7,0,6,0,0,0,0,14,6,784,2131265.0,1,0,0,0,0,0,0,0,0,0,MLP,0,marabou,TIMEOUT,240.02206897735596,timeout,240.0
000067,vnncomp_mnist_fc,established,MNIST_fc,net_295c175d7b477b2f,onnx,-0.15739649534225464,826167.4063241933,0.84375,3.7376696182833684,367.4645486594681,0,784,10,532490,14,7,0,6,0,0,0,0,14,6,784,2131265.0,1,0,0,0,0,0,0,0,0,0,MLP,0,nnenum,TIMEOUT,240.41315245628357,timeout,240.0
000067,vnncomp_mnist_fc,established,MNIST_fc,net_295c175d7b477b2f,onnx,-0.15739649534225464,826167.4063241933,0.84375,3.7376696182833684,367.4645486594681,0,784,10,532490,14,7,0,6,0,0,0,0,14,6,784,2131265.0,1,0,0,0,0,0,0,0,0,0,MLP,0,pyrat,TIMEOUT,360.0391957759857,timeout,360.0
000068,vnncomp_mnist_fc,established,MNIST_fc,net_295c175d7b477b2f,onnx,0.8969269394874573,46777.14564702226,0.72265625,5.19295685089021,380.70132140287916,0,784,10,532490,14,7,0,6,0,0,0,0,14,6,784,2131265.0,1,0,0,0,0,0,0,0,0,0,MLP,0,abcrown,TIMEOUT,360.13439202308655,timeout,360.0
000068,vnncomp_mnist_fc,established,MNIST_fc,net_295c175d7b477b2f,onnx,0.8969269394874573,46777.14564702226,0.72265625,5.19295685089021,380.70132140287916,0,784,10,532490,14,7,0,6,0,0,0,0,14,6,784,2131265.0,1,0,0,0,0,0,0,0,0,0,MLP,0,neuralsat,TIMEOUT,241.49707984924316,timeout,240.0
000068,vnncomp_mnist_fc,established,MNIST_fc,net_295c175d7b477b2f,onnx,0.8969269394874573,46777.14564702226,0.72265625,5.19295685089021,380.70132140287916,0,784,10,532490,14,7,0,6,0,0,0,0,14,6,784,2131265.0,1,0,0,0,0,0,0,0,0,0,MLP,0,marabou,TIMEOUT,240.01775097846985,timeout,240.0
000068,vnncomp_mnist_fc,established,MNIST_fc,net_295c175d7b477b2f,onnx,0.8969269394874573,46777.14564702226,0.72265625,5.19295685089021,380.70132140287916,0,784,10,532490,14,7,0,6,0,0,0,0,14,6,784,2131265.0,1,0,0,0,0,0,0,0,0,0,MLP,0,nnenum,TIMEOUT,240.29187202453613,timeout,240.0
000068,vnncomp_mnist_fc,established,MNIST_fc,net_295c175d7b477b2f,onnx,0.8969269394874573,46777.14564702226,0.72265625,5.19295685089021,380.70132140287916,0,784,10,532490,14,7,0,6,0,0,0,0,14,6,784,2131265.0,1,0,0,0,0,0,0,0,0,0,MLP,0,pyrat,UNSAT,10.506708145141602,solved,360.0
000069,vnncomp_mnist_fc,established,MNIST_fc,net_295c175d7b477b2f,onnx,0.9688951373100281,36037.804625242476,0.703125,6.396929655216146,426.14407593018893,0,784,10,532490,14,7,0,6,0,0,0,0,14,6,784,2131265.0,1,0,0,0,0,0,0,0,0,0,MLP,0,abcrown,UNSAT,117.14355301856995,solved,360.0
000069,vnncomp_mnist_fc,established,MNIST_fc,net_295c175d7b477b2f,onnx,0.9688951373100281,36037.804625242476,0.703125,6.396929655216146,426.14407593018893,0,784,10,532490,14,7,0,6,0,0,0,0,14,6,784,2131265.0,1,0,0,0,0,0,0,0,0,0,MLP,0,neuralsat,UNSAT,187.57579565048218,solved,240.0
000069,vnncomp_mnist_fc,established,MNIST_fc,net_295c175d7b477b2f,onnx,0.9688951373100281,36037.804625242476,0.703125,6.396929655216146,426.14407593018893,0,784,10,532490,14,7,0,6,0,0,0,0,14,6,784,2131265.0,1,0,0,0,0,0,0,0,0,0,MLP,0,marabou,UNSAT,23.62076210975647,solved,240.0
000069,vnncomp_mnist_fc,established,MNIST_fc,net_295c175d7b477b2f,onnx,0.9688951373100281,36037.804625242476,0.703125,6.396929655216146,426.14407593018893,0,784,10,532490,14,7,0,6,0,0,0,0,14,6,784,2131265.0,1,0,0,0,0,0,0,0,0,0,MLP,0,nnenum,UNSAT,9.359956741333008,solved,240.0
000069,vnncomp_mnist_fc,established,MNIST_fc,net_295c175d7b477b2f,onnx,0.9688951373100281,36037.804625242476,0.703125,6.396929655216146,426.14407593018893,0,784,10,532490,14,7,0,6,0,0,0,0,14,6,784,2131265.0,1,0,0,0,0,0,0,0,0,0,MLP,0,pyrat,UNSAT,4.057217121124268,solved,360.0
000070,vnncomp_mnist_fc,established,MNIST_fc,net_295c175d7b477b2f,onnx,0.9530243873596191,44189.80804863881,0.7532552083333334,6.396929655216146,470.6940339490315,0,784,10,532490,14,7,0,6,0,0,0,0,14,6,784,2131265.0,1,0,0,0,0,0,0,0,0,0,MLP,0,abcrown,TIMEOUT,360.1416087150574,timeout,360.0
000070,vnncomp_mnist_fc,established,MNIST_fc,net_295c175d7b477b2f,onnx,0.9530243873596191,44189.80804863881,0.7532552083333334,6.396929655216146,470.6940339490315,0,784,10,532490,14,7,0,6,0,0,0,0,14,6,784,2131265.0,1,0,0,0,0,0,0,0,0,0,MLP,0,neuralsat,TIMEOUT,242.2745909690857,timeout,240.0
000070,vnncomp_mnist_fc,established,MNIST_fc,net_295c175d7b477b2f,onnx,0.9530243873596191,44189.80804863881,0.7532552083333334,6.396929655216146,470.6940339490315,0,784,10,532490,14,7,0,6,0,0,0,0,14,6,784,2131265.0,1,0,0,0,0,0,0,0,0,0,MLP,0,marabou,TIMEOUT,240.03382515907288,timeout,240.0
000070,vnncomp_mnist_fc,established,MNIST_fc,net_295c175d7b477b2f,onnx,0.9530243873596191,44189.80804863881,0.7532552083333334,6.396929655216146,470.6940339490315,0,784,10,532490,14,7,0,6,0,0,0,0,14,6,784,2131265.0,1,0,0,0,0,0,0,0,0,0,MLP,0,nnenum,TIMEOUT,240.5535581111908,timeout,240.0
000070,vnncomp_mnist_fc,established,MNIST_fc,net_295c175d7b477b2f,onnx,0.9530243873596191,44189.80804863881,0.7532552083333334,6.396929655216146,470.6940339490315,0,784,10,532490,14,7,0,6,0,0,0,0,14,6,784,2131265.0,1,0,0,0,0,0,0,0,0,0,MLP,0,pyrat,TIMEOUT,360.04286909103394,timeout,360.0
000071,vnncomp_mnist_fc,established,MNIST_fc,net_295c175d7b477b2f,onnx,0.9500487446784973,51585.41322690547,0.7350260416666666,6.3818160174060985,449.41640049650704,0,784,10,532490,14,7,0,6,0,0,0,0,14,6,784,2131265.0,1,0,0,0,0,0,0,0,0,0,MLP,0,abcrown,UNSAT,138.24188804626465,solved,360.0
000071,vnncomp_mnist_fc,established,MNIST_fc,net_295c175d7b477b2f,onnx,0.9500487446784973,51585.41322690547,0.7350260416666666,6.3818160174060985,449.41640049650704,0,784,10,532490,14,7,0,6,0,0,0,0,14,6,784,2131265.0,1,0,0,0,0,0,0,0,0,0,MLP,0,neuralsat,UNSAT,154.52872323989868,solved,240.0
000071,vnncomp_mnist_fc,established,MNIST_fc,net_295c175d7b477b2f,onnx,0.9500487446784973,51585.41322690547,0.7350260416666666,6.3818160174060985,449.41640049650704,0,784,10,532490,14,7,0,6,0,0,0,0,14,6,784,2131265.0,1,0,0,0,0,0,0,0,0,0,MLP,0,marabou,UNSAT,79.65518808364868,solved,240.0
000071,vnncomp_mnist_fc,established,MNIST_fc,net_295c175d7b477b2f,onnx,0.9500487446784973,51585.41322690547,0.7350260416666666,6.3818160174060985,449.41640049650704,0,784,10,532490,14,7,0,6,0,0,0,0,14,6,784,2131265.0,1,0,0,0,0,0,0,0,0,0,MLP,0,nnenum,UNSAT,8.201136350631714,solved,240.0
000071,vnncomp_mnist_fc,established,MNIST_fc,net_295c175d7b477b2f,onnx,0.9500487446784973,51585.41322690547,0.7350260416666666,6.3818160174060985,449.41640049650704,0,784,10,532490,14,7,0,6,0,0,0,0,14,6,784,2131265.0,1,0,0,0,0,0,0,0,0,0,MLP,0,pyrat,UNSAT,4.576154947280884,solved,360.0
000072,vnncomp_mnist_fc,established,MNIST_fc,net_295c175d7b477b2f,onnx,0.9501603841781616,83472.68499323065,0.7421875,6.396929655216146,401.2879118845041,0,784,10,532490,14,7,0,6,0,0,0,0,14,6,784,2131265.0,1,0,0,0,0,0,0,0,0,0,MLP,0,abcrown,UNSAT,166.62321209907532,solved,360.0
000072,vnncomp_mnist_fc,established,MNIST_fc,net_295c175d7b477b2f,onnx,0.9501603841781616,83472.68499323065,0.7421875,6.396929655216146,401.2879118845041,0,784,10,532490,14,7,0,6,0,0,0,0,14,6,784,2131265.0,1,0,0,0,0,0,0,0,0,0,MLP,0,neuralsat,UNSAT,152.93080592155457,solved,240.0
000072,vnncomp_mnist_fc,established,MNIST_fc,net_295c175d7b477b2f,onnx,0.9501603841781616,83472.68499323065,0.7421875,6.396929655216146,401.2879118845041,0,784,10,532490,14,7,0,6,0,0,0,0,14,6,784,2131265.0,1,0,0,0,0,0,0,0,0,0,MLP,0,marabou,UNSAT,23.296923875808716,solved,240.0
000072,vnncomp_mnist_fc,established,MNIST_fc,net_295c175d7b477b2f,onnx,0.9501603841781616,83472.68499323065,0.7421875,6.396929655216146,401.2879118845041,0,784,10,532490,14,7,0,6,0,0,0,0,14,6,784,2131265.0,1,0,0,0,0,0,0,0,0,0,MLP,0,nnenum,UNSAT,8.419386148452759,solved,240.0
000072,vnncomp_mnist_fc,established,MNIST_fc,net_295c175d7b477b2f,onnx,0.9501603841781616,83472.68499323065,0.7421875,6.396929655216146,401.2879118845041,0,784,10,532490,14,7,0,6,0,0,0,0,14,6,784,2131265.0,1,0,0,0,0,0,0,0,0,0,MLP,0,pyrat,UNSAT,3.409727096557617,solved,360.0
000073,vnncomp_mnist_fc,established,MNIST_fc,net_295c175d7b477b2f,onnx,0.7983995676040649,53347.74918742379,0.7454427083333334,6.184148890937483,377.884934710684,0,784,10,532490,14,7,0,6,0,0,0,0,14,6,784,2131265.0,1,0,0,0,0,0,0,0,0,0,MLP,0,abcrown,TIMEOUT,360.11784505844116,timeout,360.0
000073,vnncomp_mnist_fc,established,MNIST_fc,net_295c175d7b477b2f,onnx,0.7983995676040649,53347.74918742379,0.7454427083333334,6.184148890937483,377.884934710684,0,784,10,532490,14,7,0,6,0,0,0,0,14,6,784,2131265.0,1,0,0,0,0,0,0,0,0,0,MLP,0,neuralsat,TIMEOUT,241.2401168346405,timeout,240.0
000073,vnncomp_mnist_fc,established,MNIST_fc,net_295c175d7b477b2f,onnx,0.7983995676040649,53347.74918742379,0.7454427083333334,6.184148890937483,377.884934710684,0,784,10,532490,14,7,0,6,0,0,0,0,14,6,784,2131265.0,1,0,0,0,0,0,0,0,0,0,MLP,0,marabou,TIMEOUT,240.01970410346985,timeout,240.0
000073,vnncomp_mnist_fc,established,MNIST_fc,net_295c175d7b477b2f,onnx,0.7983995676040649,53347.74918742379,0.7454427083333334,6.184148890937483,377.884934710684,0,784,10,532490,14,7,0,6,0,0,0,0,14,6,784,2131265.0,1,0,0,0,0,0,0,0,0,0,MLP,0,nnenum,TIMEOUT,240.22507691383362,timeout,240.0
000073,vnncomp_mnist_fc,established,MNIST_fc,net_295c175d7b477b2f,onnx,0.7983995676040649,53347.74918742379,0.7454427083333334,6.184148890937483,377.884934710684,0,784,10,532490,14,7,0,6,0,0,0,0,14,6,784,2131265.0,1,0,0,0,0,0,0,0,0,0,MLP,0,pyrat,UNSAT,4.193940877914429,solved,360.0
000074,vnncomp_mnist_fc,established,MNIST_fc,net_295c175d7b477b2f,onnx,0.9779607057571411,37982.263843269495,0.74609375,6.396929655216146,477.34857919110755,0,784,10,532490,14,7,0,6,0,0,0,0,14,6,784,2131265.0,1,0,0,0,0,0,0,0,0,0,MLP,0,abcrown,UNSAT,143.8625133037567,solved,360.0
000074,vnncomp_mnist_fc,established,MNIST_fc,net_295c175d7b477b2f,onnx,0.9779607057571411,37982.263843269495,0.74609375,6.396929655216146,477.34857919110755,0,784,10,532490,14,7,0,6,0,0,0,0,14,6,784,2131265.0,1,0,0,0,0,0,0,0,0,0,MLP,0,neuralsat,UNSAT,180.17099452018738,solved,240.0
000074,vnncomp_mnist_fc,established,MNIST_fc,net_295c175d7b477b2f,onnx,0.9779607057571411,37982.263843269495,0.74609375,6.396929655216146,477.34857919110755,0,784,10,532490,14,7,0,6,0,0,0,0,14,6,784,2131265.0,1,0,0,0,0,0,0,0,0,0,MLP,0,marabou,UNSAT,28.549670696258545,solved,240.0
000074,vnncomp_mnist_fc,established,MNIST_fc,net_295c175d7b477b2f,onnx,0.9779607057571411,37982.263843269495,0.74609375,6.396929655216146,477.34857919110755,0,784,10,532490,14,7,0,6,0,0,0,0,14,6,784,2131265.0,1,0,0,0,0,0,0,0,0,0,MLP,0,nnenum,UNSAT,103.96495079994202,solved,240.0
000074,vnncomp_mnist_fc,established,MNIST_fc,net_295c175d7b477b2f,onnx,0.9779607057571411,37982.263843269495,0.74609375,6.396929655216146,477.34857919110755,0,784,10,532490,14,7,0,6,0,0,0,0,14,6,784,2131265.0,1,0,0,0,0,0,0,0,0,0,MLP,0,pyrat,UNSAT,3.8382248878479004,solved,360.0
000075,vnncomp_mnist_fc,established,MNIST_fc,net_295c175d7b477b2f,onnx,0.9926198720932007,59076.771909072784,0.7578125,6.396929655216146,431.11441003694847,0,784,10,532490,14,7,0,6,0,0,0,0,14,6,784,2131265.0,1,0,0,0,0,0,0,0,0,0,MLP,0,abcrown,UNSAT,147.0274052619934,solved,360.0
000075,vnncomp_mnist_fc,established,MNIST_fc,net_295c175d7b477b2f,onnx,0.9926198720932007,59076.771909072784,0.7578125,6.396929655216146,431.11441003694847,0,784,10,532490,14,7,0,6,0,0,0,0,14,6,784,2131265.0,1,0,0,0,0,0,0,0,0,0,MLP,0,neuralsat,UNSAT,186.49084377288818,solved,240.0
000075,vnncomp_mnist_fc,established,MNIST_fc,net_295c175d7b477b2f,onnx,0.9926198720932007,59076.771909072784,0.7578125,6.396929655216146,431.11441003694847,0,784,10,532490,14,7,0,6,0,0,0,0,14,6,784,2131265.0,1,0,0,0,0,0,0,0,0,0,MLP,0,marabou,UNSAT,57.63996911048889,solved,240.0
000075,vnncomp_mnist_fc,established,MNIST_fc,net_295c175d7b477b2f,onnx,0.9926198720932007,59076.771909072784,0.7578125,6.396929655216146,431.11441003694847,0,784,10,532490,14,7,0,6,0,0,0,0,14,6,784,2131265.0,1,0,0,0,0,0,0,0,0,0,MLP,0,nnenum,UNSAT,7.3508665561676025,solved,240.0
000075,vnncomp_mnist_fc,established,MNIST_fc,net_295c175d7b477b2f,onnx,0.9926198720932007,59076.771909072784,0.7578125,6.396929655216146,431.11441003694847,0,784,10,532490,14,7,0,6,0,0,0,0,14,6,784,2131265.0,1,0,0,0,0,0,0,0,0,0,MLP,0,pyrat,UNSAT,4.113886833190918,solved,360.0
000076,vnncomp_mnist_fc,established,MNIST_fc,net_295c175d7b477b2f,onnx,0.9538668990135193,198162.95026296098,0.8274739583333334,6.385194398997726,432.83854745913493,0,784,10,532490,14,7,0,6,0,0,0,0,14,6,784,2131265.0,1,0,0,0,0,0,0,0,0,0,MLP,0,abcrown,TIMEOUT,360.1057503223419,timeout,360.0
000076,vnncomp_mnist_fc,established,MNIST_fc,net_295c175d7b477b2f,onnx,0.9538668990135193,198162.95026296098,0.8274739583333334,6.385194398997726,432.83854745913493,0,784,10,532490,14,7,0,6,0,0,0,0,14,6,784,2131265.0,1,0,0,0,0,0,0,0,0,0,MLP,0,neuralsat,TIMEOUT,240.77458906173706,timeout,240.0
000076,vnncomp_mnist_fc,established,MNIST_fc,net_295c175d7b477b2f,onnx,0.9538668990135193,198162.95026296098,0.8274739583333334,6.385194398997726,432.83854745913493,0,784,10,532490,14,7,0,6,0,0,0,0,14,6,784,2131265.0,1,0,0,0,0,0,0,0,0,0,MLP,0,marabou,TIMEOUT,240.0251100063324,timeout,240.0
000076,vnncomp_mnist_fc,established,MNIST_fc,net_295c175d7b477b2f,onnx,0.9538668990135193,198162.95026296098,0.8274739583333334,6.385194398997726,432.83854745913493,0,784,10,532490,14,7,0,6,0,0,0,0,14,6,784,2131265.0,1,0,0,0,0,0,0,0,0,0,MLP,0,nnenum,TIMEOUT,240.24892711639404,timeout,240.0
000076,vnncomp_mnist_fc,established,MNIST_fc,net_295c175d7b477b2f,onnx,0.9538668990135193,198162.95026296098,0.8274739583333334,6.385194398997726,432.83854745913493,0,784,10,532490,14,7,0,6,0,0,0,0,14,6,784,2131265.0,1,0,0,0,0,0,0,0,0,0,MLP,0,pyrat,TIMEOUT,360.0401427745819,timeout,360.0
000077,vnncomp_mnist_fc,established,MNIST_fc,net_295c175d7b477b2f,onnx,0.8274831175804138,245428.90178739664,0.8600260416666666,5.459585514144159,389.8844576942144,0,784,10,532490,14,7,0,6,0,0,0,0,14,6,784,2131265.0,1,0,0,0,0,0,0,0,0,0,MLP,0,abcrown,TIMEOUT,360.11940813064575,timeout,360.0
000077,vnncomp_mnist_fc,established,MNIST_fc,net_295c175d7b477b2f,onnx,0.8274831175804138,245428.90178739664,0.8600260416666666,5.459585514144159,389.8844576942144,0,784,10,532490,14,7,0,6,0,0,0,0,14,6,784,2131265.0,1,0,0,0,0,0,0,0,0,0,MLP,0,neuralsat,TIMEOUT,241.7141146659851,timeout,240.0
000077,vnncomp_mnist_fc,established,MNIST_fc,net_295c175d7b477b2f,onnx,0.8274831175804138,245428.90178739664,0.8600260416666666,5.459585514144159,389.8844576942144,0,784,10,532490,14,7,0,6,0,0,0,0,14,6,784,2131265.0,1,0,0,0,0,0,0,0,0,0,MLP,0,marabou,TIMEOUT,240.02667117118835,timeout,240.0
000077,vnncomp_mnist_fc,established,MNIST_fc,net_295c175d7b477b2f,onnx,0.8274831175804138,245428.90178739664,0.8600260416666666,5.459585514144159,389.8844576942144,0,784,10,532490,14,7,0,6,0,0,0,0,14,6,784,2131265.0,1,0,0,0,0,0,0,0,0,0,MLP,0,nnenum,TIMEOUT,240.3954405784607,timeout,240.0
000077,vnncomp_mnist_fc,established,MNIST_fc,net_295c175d7b477b2f,onnx,0.8274831175804138,245428.90178739664,0.8600260416666666,5.459585514144159,389.8844576942144,0,784,10,532490,14,7,0,6,0,0,0,0,14,6,784,2131265.0,1,0,0,0,0,0,0,0,0,0,MLP,0,pyrat,TIMEOUT,360.03955483436584,timeout,360.0
000078,vnncomp_mnist_fc,established,MNIST_fc,net_295c175d7b477b2f,onnx,0.8520419597625732,259504.4683636397,0.8626302083333334,6.375024819828097,389.2616792648302,0,784,10,532490,14,7,0,6,0,0,0,0,14,6,784,2131265.0,1,0,0,0,0,0,0,0,0,0,MLP,0,abcrown,TIMEOUT,360.13503551483154,timeout,360.0
000078,vnncomp_mnist_fc,established,MNIST_fc,net_295c175d7b477b2f,onnx,0.8520419597625732,259504.4683636397,0.8626302083333334,6.375024819828097,389.2616792648302,0,784,10,532490,14,7,0,6,0,0,0,0,14,6,784,2131265.0,1,0,0,0,0,0,0,0,0,0,MLP,0,neuralsat,TIMEOUT,240.5340859889984,timeout,240.0
000078,vnncomp_mnist_fc,established,MNIST_fc,net_295c175d7b477b2f,onnx,0.8520419597625732,259504.4683636397,0.8626302083333334,6.375024819828097,389.2616792648302,0,784,10,532490,14,7,0,6,0,0,0,0,14,6,784,2131265.0,1,0,0,0,0,0,0,0,0,0,MLP,0,marabou,TIMEOUT,240.02778887748718,timeout,240.0
000078,vnncomp_mnist_fc,established,MNIST_fc,net_295c175d7b477b2f,onnx,0.8520419597625732,259504.4683636397,0.8626302083333334,6.375024819828097,389.2616792648302,0,784,10,532490,14,7,0,6,0,0,0,0,14,6,784,2131265.0,1,0,0,0,0,0,0,0,0,0,MLP,0,nnenum,TIMEOUT,240.29102849960327,timeout,240.0
000078,vnncomp_mnist_fc,established,MNIST_fc,net_295c175d7b477b2f,onnx,0.8520419597625732,259504.4683636397,0.8626302083333334,6.375024819828097,389.2616792648302,0,784,10,532490,14,7,0,6,0,0,0,0,14,6,784,2131265.0,1,0,0,0,0,0,0,0,0,0,MLP,0,pyrat,TIMEOUT,360.03882908821106,timeout,360.0
000079,vnncomp_mnist_fc,established,MNIST_fc,net_295c175d7b477b2f,onnx,0.9582416415214539,216670.20339125645,0.8177083333333334,6.393590753950631,387.0761728127152,0,784,10,532490,14,7,0,6,0,0,0,0,14,6,784,2131265.0,1,0,0,0,0,0,0,0,0,0,MLP,0,abcrown,TIMEOUT,360.24644351005554,timeout,360.0
000079,vnncomp_mnist_fc,established,MNIST_fc,net_295c175d7b477b2f,onnx,0.9582416415214539,216670.20339125645,0.8177083333333334,6.393590753950631,387.0761728127152,0,784,10,532490,14,7,0,6,0,0,0,0,14,6,784,2131265.0,1,0,0,0,0,0,0,0,0,0,MLP,0,neuralsat,TIMEOUT,240.6953628063202,timeout,240.0
000079,vnncomp_mnist_fc,established,MNIST_fc,net_295c175d7b477b2f,onnx,0.9582416415214539,216670.20339125645,0.8177083333333334,6.393590753950631,387.0761728127152,0,784,10,532490,14,7,0,6,0,0,0,0,14,6,784,2131265.0,1,0,0,0,0,0,0,0,0,0,MLP,0,marabou,TIMEOUT,240.02255201339722,timeout,240.0
000079,vnncomp_mnist_fc,established,MNIST_fc,net_295c175d7b477b2f,onnx,0.9582416415214539,216670.20339125645,0.8177083333333334,6.393590753950631,387.0761728127152,0,784,10,532490,14,7,0,6,0,0,0,0,14,6,784,2131265.0,1,0,0,0,0,0,0,0,0,0,MLP,0,nnenum,TIMEOUT,240.2588655948639,timeout,240.0
000079,vnncomp_mnist_fc,established,MNIST_fc,net_295c175d7b477b2f,onnx,0.9582416415214539,216670.20339125645,0.8177083333333334,6.393590753950631,387.0761728127152,0,784,10,532490,14,7,0,6,0,0,0,0,14,6,784,2131265.0,1,0,0,0,0,0,0,0,0,0,MLP,0,pyrat,TIMEOUT,360.0528619289398,timeout,360.0
000080,vnncomp_mnist_fc,established,MNIST_fc,net_295c175d7b477b2f,onnx,0.9776091575622559,154968.4933514495,0.82421875,6.396929655216146,494.47797401950965,0,784,10,532490,14,7,0,6,0,0,0,0,14,6,784,2131265.0,1,0,0,0,0,0,0,0,0,0,MLP,0,abcrown,TIMEOUT,360.15852880477905,timeout,360.0
000080,vnncomp_mnist_fc,established,MNIST_fc,net_295c175d7b477b2f,onnx,0.9776091575622559,154968.4933514495,0.82421875,6.396929655216146,494.47797401950965,0,784,10,532490,14,7,0,6,0,0,0,0,14,6,784,2131265.0,1,0,0,0,0,0,0,0,0,0,MLP,0,neuralsat,TIMEOUT,241.52832961082458,timeout,240.0
000080,vnncomp_mnist_fc,established,MNIST_fc,net_295c175d7b477b2f,onnx,0.9776091575622559,154968.4933514495,0.82421875,6.396929655216146,494.47797401950965,0,784,10,532490,14,7,0,6,0,0,0,0,14,6,784,2131265.0,1,0,0,0,0,0,0,0,0,0,MLP,0,marabou,TIMEOUT,240.0222728252411,timeout,240.0
000080,vnncomp_mnist_fc,established,MNIST_fc,net_295c175d7b477b2f,onnx,0.9776091575622559,154968.4933514495,0.82421875,6.396929655216146,494.47797401950965,0,784,10,532490,14,7,0,6,0,0,0,0,14,6,784,2131265.0,1,0,0,0,0,0,0,0,0,0,MLP,0,nnenum,TIMEOUT,240.3064000606537,timeout,240.0
000080,vnncomp_mnist_fc,established,MNIST_fc,net_295c175d7b477b2f,onnx,0.9776091575622559,154968.4933514495,0.82421875,6.396929655216146,494.47797401950965,0,784,10,532490,14,7,0,6,0,0,0,0,14,6,784,2131265.0,1,0,0,0,0,0,0,0,0,0,MLP,0,pyrat,TIMEOUT,360.0412299633026,timeout,360.0
000081,vnncomp_mnist_fc,established,MNIST_fc,net_295c175d7b477b2f,onnx,0.9926435947418213,171434.6589071419,0.8450520833333334,6.396929655216146,431.93445740498834,0,784,10,532490,14,7,0,6,0,0,0,0,14,6,784,2131265.0,1,0,0,0,0,0,0,0,0,0,MLP,0,abcrown,TIMEOUT,360.1105225086212,timeout,360.0
000081,vnncomp_mnist_fc,established,MNIST_fc,net_295c175d7b477b2f,onnx,0.9926435947418213,171434.6589071419,0.8450520833333334,6.396929655216146,431.93445740498834,0,784,10,532490,14,7,0,6,0,0,0,0,14,6,784,2131265.0,1,0,0,0,0,0,0,0,0,0,MLP,0,neuralsat,TIMEOUT,240.92288064956665,timeout,240.0
000081,vnncomp_mnist_fc,established,MNIST_fc,net_295c175d7b477b2f,onnx,0.9926435947418213,171434.6589071419,0.8450520833333334,6.396929655216146,431.93445740498834,0,784,10,532490,14,7,0,6,0,0,0,0,14,6,784,2131265.0,1,0,0,0,0,0,0,0,0,0,MLP,0,marabou,TIMEOUT,240.02134704589844,timeout,240.0
000081,vnncomp_mnist_fc,established,MNIST_fc,net_295c175d7b477b2f,onnx,0.9926435947418213,171434.6589071419,0.8450520833333334,6.396929655216146,431.93445740498834,0,784,10,532490,14,7,0,6,0,0,0,0,14,6,784,2131265.0,1,0,0,0,0,0,0,0,0,0,MLP,0,nnenum,TIMEOUT,240.29567551612854,timeout,240.0
000081,vnncomp_mnist_fc,established,MNIST_fc,net_295c175d7b477b2f,onnx,0.9926435947418213,171434.6589071419,0.8450520833333334,6.396929655216146,431.93445740498834,0,784,10,532490,14,7,0,6,0,0,0,0,14,6,784,2131265.0,1,0,0,0,0,0,0,0,0,0,MLP,0,pyrat,TIMEOUT,360.0436580181122,timeout,360.0
000082,vnncomp_mnist_fc,established,MNIST_fc,net_295c175d7b477b2f,onnx,-0.15739649534225464,1777275.359949703,0.8893229166666666,4.7535901911063645,354.1917323012779,0,784,10,532490,14,7,0,6,0,0,0,0,14,6,784,2131265.0,1,0,0,0,0,0,0,0,0,0,MLP,0,abcrown,TIMEOUT,360.12723445892334,timeout,360.0
000082,vnncomp_mnist_fc,established,MNIST_fc,net_295c175d7b477b2f,onnx,-0.15739649534225464,1777275.359949703,0.8893229166666666,4.7535901911063645,354.1917323012779,0,784,10,532490,14,7,0,6,0,0,0,0,14,6,784,2131265.0,1,0,0,0,0,0,0,0,0,0,MLP,0,neuralsat,SAT,97.98746824264526,counterexample,240.0
000082,vnncomp_mnist_fc,established,MNIST_fc,net_295c175d7b477b2f,onnx,-0.15739649534225464,1777275.359949703,0.8893229166666666,4.7535901911063645,354.1917323012779,0,784,10,532490,14,7,0,6,0,0,0,0,14,6,784,2131265.0,1,0,0,0,0,0,0,0,0,0,MLP,0,marabou,SAT,93.58257818222046,counterexample,240.0
000082,vnncomp_mnist_fc,established,MNIST_fc,net_295c175d7b477b2f,onnx,-0.15739649534225464,1777275.359949703,0.8893229166666666,4.7535901911063645,354.1917323012779,0,784,10,532490,14,7,0,6,0,0,0,0,14,6,784,2131265.0,1,0,0,0,0,0,0,0,0,0,MLP,0,nnenum,TIMEOUT,240.27070355415344,timeout,240.0
000082,vnncomp_mnist_fc,established,MNIST_fc,net_295c175d7b477b2f,onnx,-0.15739649534225464,1777275.359949703,0.8893229166666666,4.7535901911063645,354.1917323012779,0,784,10,532490,14,7,0,6,0,0,0,0,14,6,784,2131265.0,1,0,0,0,0,0,0,0,0,0,MLP,0,pyrat,TIMEOUT,360.0441610813141,timeout,360.0
000083,vnncomp_mnist_fc,established,MNIST_fc,net_295c175d7b477b2f,onnx,0.7069956660270691,127038.48203059589,0.7734375,4.962844630259907,372.94189106014284,0,784,10,532490,14,7,0,6,0,0,0,0,14,6,784,2131265.0,1,0,0,0,0,0,0,0,0,0,MLP,0,abcrown,TIMEOUT,360.163446187973,timeout,360.0
000083,vnncomp_mnist_fc,established,MNIST_fc,net_295c175d7b477b2f,onnx,0.7069956660270691,127038.48203059589,0.7734375,4.962844630259907,372.94189106014284,0,784,10,532490,14,7,0,6,0,0,0,0,14,6,784,2131265.0,1,0,0,0,0,0,0,0,0,0,MLP,0,neuralsat,TIMEOUT,241.44632148742676,timeout,240.0
000083,vnncomp_mnist_fc,established,MNIST_fc,net_295c175d7b477b2f,onnx,0.7069956660270691,127038.48203059589,0.7734375,4.962844630259907,372.94189106014284,0,784,10,532490,14,7,0,6,0,0,0,0,14,6,784,2131265.0,1,0,0,0,0,0,0,0,0,0,MLP,0,marabou,TIMEOUT,240.0353000164032,timeout,240.0
000083,vnncomp_mnist_fc,established,MNIST_fc,net_295c175d7b477b2f,onnx,0.7069956660270691,127038.48203059589,0.7734375,4.962844630259907,372.94189106014284,0,784,10,532490,14,7,0,6,0,0,0,0,14,6,784,2131265.0,1,0,0,0,0,0,0,0,0,0,MLP,0,nnenum,TIMEOUT,240.22260856628418,timeout,240.0
000083,vnncomp_mnist_fc,established,MNIST_fc,net_295c175d7b477b2f,onnx,0.7069956660270691,127038.48203059589,0.7734375,4.962844630259907,372.94189106014284,0,784,10,532490,14,7,0,6,0,0,0,0,14,6,784,2131265.0,1,0,0,0,0,0,0,0,0,0,MLP,0,pyrat,TIMEOUT,360.0445132255554,timeout,360.0
000084,vnncomp_mnist_fc,established,MNIST_fc,net_295c175d7b477b2f,onnx,0.9640751481056213,94264.6295881361,0.7766927083333334,6.396929655216146,432.4366871446948,0,784,10,532490,14,7,0,6,0,0,0,0,14,6,784,2131265.0,1,0,0,0,0,0,0,0,0,0,MLP,0,abcrown,TIMEOUT,360.13084173202515,timeout,360.0
000084,vnncomp_mnist_fc,established,MNIST_fc,net_295c175d7b477b2f,onnx,0.9640751481056213,94264.6295881361,0.7766927083333334,6.396929655216146,432.4366871446948,0,784,10,532490,14,7,0,6,0,0,0,0,14,6,784,2131265.0,1,0,0,0,0,0,0,0,0,0,MLP,0,neuralsat,TIMEOUT,241.33542561531067,timeout,240.0
000084,vnncomp_mnist_fc,established,MNIST_fc,net_295c175d7b477b2f,onnx,0.9640751481056213,94264.6295881361,0.7766927083333334,6.396929655216146,432.4366871446948,0,784,10,532490,14,7,0,6,0,0,0,0,14,6,784,2131265.0,1,0,0,0,0,0,0,0,0,0,MLP,0,marabou,TIMEOUT,240.02532601356506,timeout,240.0
000084,vnncomp_mnist_fc,established,MNIST_fc,net_295c175d7b477b2f,onnx,0.9640751481056213,94264.6295881361,0.7766927083333334,6.396929655216146,432.4366871446948,0,784,10,532490,14,7,0,6,0,0,0,0,14,6,784,2131265.0,1,0,0,0,0,0,0,0,0,0,MLP,0,nnenum,TIMEOUT,240.21148133277893,timeout,240.0
000084,vnncomp_mnist_fc,established,MNIST_fc,net_295c175d7b477b2f,onnx,0.9640751481056213,94264.6295881361,0.7766927083333334,6.396929655216146,432.4366871446948,0,784,10,532490,14,7,0,6,0,0,0,0,14,6,784,2131265.0,1,0,0,0,0,0,0,0,0,0,MLP,0,pyrat,TIMEOUT,360.0420069694519,timeout,360.0
000085,vnncomp_mnist_fc,established,MNIST_fc,net_295c175d7b477b2f,onnx,0.7464852929115295,135133.43980021734,0.82421875,6.396929655216146,465.60476222127164,0,784,10,532490,14,7,0,6,0,0,0,0,14,6,784,2131265.0,1,0,0,0,0,0,0,0,0,0,MLP,0,abcrown,TIMEOUT,360.2216970920563,timeout,360.0
000085,vnncomp_mnist_fc,established,MNIST_fc,net_295c175d7b477b2f,onnx,0.7464852929115295,135133.43980021734,0.82421875,6.396929655216146,465.60476222127164,0,784,10,532490,14,7,0,6,0,0,0,0,14,6,784,2131265.0,1,0,0,0,0,0,0,0,0,0,MLP,0,neuralsat,TIMEOUT,240.75154662132263,timeout,240.0
000085,vnncomp_mnist_fc,established,MNIST_fc,net_295c175d7b477b2f,onnx,0.7464852929115295,135133.43980021734,0.82421875,6.396929655216146,465.60476222127164,0,784,10,532490,14,7,0,6,0,0,0,0,14,6,784,2131265.0,1,0,0,0,0,0,0,0,0,0,MLP,0,marabou,TIMEOUT,240.02394914627075,timeout,240.0
000085,vnncomp_mnist_fc,established,MNIST_fc,net_295c175d7b477b2f,onnx,0.7464852929115295,135133.43980021734,0.82421875,6.396929655216146,465.60476222127164,0,784,10,532490,14,7,0,6,0,0,0,0,14,6,784,2131265.0,1,0,0,0,0,0,0,0,0,0,MLP,0,nnenum,TIMEOUT,240.293386220932,timeout,240.0
000085,vnncomp_mnist_fc,established,MNIST_fc,net_295c175d7b477b2f,onnx,0.7464852929115295,135133.43980021734,0.82421875,6.396929655216146,465.60476222127164,0,784,10,532490,14,7,0,6,0,0,0,0,14,6,784,2131265.0,1,0,0,0,0,0,0,0,0,0,MLP,0,pyrat,TIMEOUT,360.0058789253235,timeout,360.0
000086,vnncomp_mnist_fc,established,MNIST_fc,net_295c175d7b477b2f,onnx,0.936058521270752,133755.3576654776,0.8072916666666666,6.395261598115449,452.22498507282916,0,784,10,532490,14,7,0,6,0,0,0,0,14,6,784,2131265.0,1,0,0,0,0,0,0,0,0,0,MLP,0,abcrown,TIMEOUT,360.13612151145935,timeout,360.0
000086,vnncomp_mnist_fc,established,MNIST_fc,net_295c175d7b477b2f,onnx,0.936058521270752,133755.3576654776,0.8072916666666666,6.395261598115449,452.22498507282916,0,784,10,532490,14,7,0,6,0,0,0,0,14,6,784,2131265.0,1,0,0,0,0,0,0,0,0,0,MLP,0,neuralsat,TIMEOUT,241.10310578346252,timeout,240.0
000086,vnncomp_mnist_fc,established,MNIST_fc,net_295c175d7b477b2f,onnx,0.936058521270752,133755.3576654776,0.8072916666666666,6.395261598115449,452.22498507282916,0,784,10,532490,14,7,0,6,0,0,0,0,14,6,784,2131265.0,1,0,0,0,0,0,0,0,0,0,MLP,0,marabou,TIMEOUT,240.0259039402008,timeout,240.0
000086,vnncomp_mnist_fc,established,MNIST_fc,net_295c175d7b477b2f,onnx,0.936058521270752,133755.3576654776,0.8072916666666666,6.395261598115449,452.22498507282916,0,784,10,532490,14,7,0,6,0,0,0,0,14,6,784,2131265.0,1,0,0,0,0,0,0,0,0,0,MLP,0,nnenum,TIMEOUT,240.2270748615265,timeout,240.0
000086,vnncomp_mnist_fc,established,MNIST_fc,net_295c175d7b477b2f,onnx,0.936058521270752,133755.3576654776,0.8072916666666666,6.395261598115449,452.22498507282916,0,784,10,532490,14,7,0,6,0,0,0,0,14,6,784,2131265.0,1,0,0,0,0,0,0,0,0,0,MLP,0,pyrat,TIMEOUT,360.03321719169617,timeout,360.0
000087,vnncomp_mnist_fc,established,MNIST_fc,net_295c175d7b477b2f,onnx,0.8883640766143799,178836.7961077076,0.798828125,6.396929655216146,385.56368007819447,0,784,10,532490,14,7,0,6,0,0,0,0,14,6,784,2131265.0,1,0,0,0,0,0,0,0,0,0,MLP,0,abcrown,TIMEOUT,360.29803133010864,timeout,360.0
000087,vnncomp_mnist_fc,established,MNIST_fc,net_295c175d7b477b2f,onnx,0.8883640766143799,178836.7961077076,0.798828125,6.396929655216146,385.56368007819447,0,784,10,532490,14,7,0,6,0,0,0,0,14,6,784,2131265.0,1,0,0,0,0,0,0,0,0,0,MLP,0,neuralsat,TIMEOUT,241.03110671043396,timeout,240.0
000087,vnncomp_mnist_fc,established,MNIST_fc,net_295c175d7b477b2f,onnx,0.8883640766143799,178836.7961077076,0.798828125,6.396929655216146,385.56368007819447,0,784,10,532490,14,7,0,6,0,0,0,0,14,6,784,2131265.0,1,0,0,0,0,0,0,0,0,0,MLP,0,marabou,TIMEOUT,240.03211498260498,timeout,240.0
000087,vnncomp_mnist_fc,established,MNIST_fc,net_295c175d7b477b2f,onnx,0.8883640766143799,178836.7961077076,0.798828125,6.396929655216146,385.56368007819447,0,784,10,532490,14,7,0,6,0,0,0,0,14,6,784,2131265.0,1,0,0,0,0,0,0,0,0,0,MLP,0,nnenum,TIMEOUT,240.3559341430664,timeout,240.0
000087,vnncomp_mnist_fc,established,MNIST_fc,net_295c175d7b477b2f,onnx,0.8883640766143799,178836.7961077076,0.798828125,6.396929655216146,385.56368007819447,0,784,10,532490,14,7,0,6,0,0,0,0,14,6,784,2131265.0,1,0,0,0,0,0,0,0,0,0,MLP,0,pyrat,TIMEOUT,360.03455781936646,timeout,360.0
000088,vnncomp_mnist_fc,established,MNIST_fc,net_295c175d7b477b2f,onnx,0.7899816036224365,134376.29092525656,0.8157552083333334,6.22455842927536,379.01839223986514,0,784,10,532490,14,7,0,6,0,0,0,0,14,6,784,2131265.0,1,0,0,0,0,0,0,0,0,0,MLP,0,abcrown,TIMEOUT,360.1476683616638,timeout,360.0
000088,vnncomp_mnist_fc,established,MNIST_fc,net_295c175d7b477b2f,onnx,0.7899816036224365,134376.29092525656,0.8157552083333334,6.22455842927536,379.01839223986514,0,784,10,532490,14,7,0,6,0,0,0,0,14,6,784,2131265.0,1,0,0,0,0,0,0,0,0,0,MLP,0,neuralsat,TIMEOUT,241.59494423866272,timeout,240.0
000088,vnncomp_mnist_fc,established,MNIST_fc,net_295c175d7b477b2f,onnx,0.7899816036224365,134376.29092525656,0.8157552083333334,6.22455842927536,379.01839223986514,0,784,10,532490,14,7,0,6,0,0,0,0,14,6,784,2131265.0,1,0,0,0,0,0,0,0,0,0,MLP,0,marabou,TIMEOUT,240.02742338180542,timeout,240.0
000088,vnncomp_mnist_fc,established,MNIST_fc,net_295c175d7b477b2f,onnx,0.7899816036224365,134376.29092525656,0.8157552083333334,6.22455842927536,379.01839223986514,0,784,10,532490,14,7,0,6,0,0,0,0,14,6,784,2131265.0,1,0,0,0,0,0,0,0,0,0,MLP,0,nnenum,TIMEOUT,240.26919507980347,timeout,240.0
000088,vnncomp_mnist_fc,established,MNIST_fc,net_295c175d7b477b2f,onnx,0.7899816036224365,134376.29092525656,0.8157552083333334,6.22455842927536,379.01839223986514,0,784,10,532490,14,7,0,6,0,0,0,0,14,6,784,2131265.0,1,0,0,0,0,0,0,0,0,0,MLP,0,pyrat,TIMEOUT,360.03658080101013,timeout,360.0
000089,vnncomp_mnist_fc,established,MNIST_fc,net_295c175d7b477b2f,onnx,0.9771530628204346,96079.66574037063,0.81640625,6.396929655216146,485.3746792267569,0,784,10,532490,14,7,0,6,0,0,0,0,14,6,784,2131265.0,1,0,0,0,0,0,0,0,0,0,MLP,0,abcrown,TIMEOUT,360.2029492855072,timeout,360.0
000089,vnncomp_mnist_fc,established,MNIST_fc,net_295c175d7b477b2f,onnx,0.9771530628204346,96079.66574037063,0.81640625,6.396929655216146,485.3746792267569,0,784,10,532490,14,7,0,6,0,0,0,0,14,6,784,2131265.0,1,0,0,0,0,0,0,0,0,0,MLP,0,neuralsat,TIMEOUT,241.22735047340393,timeout,240.0
000089,vnncomp_mnist_fc,established,MNIST_fc,net_295c175d7b477b2f,onnx,0.9771530628204346,96079.66574037063,0.81640625,6.396929655216146,485.3746792267569,0,784,10,532490,14,7,0,6,0,0,0,0,14,6,784,2131265.0,1,0,0,0,0,0,0,0,0,0,MLP,0,marabou,TIMEOUT,240.03090906143188,timeout,240.0
000089,vnncomp_mnist_fc,established,MNIST_fc,net_295c175d7b477b2f,onnx,0.9771530628204346,96079.66574037063,0.81640625,6.396929655216146,485.3746792267569,0,784,10,532490,14,7,0,6,0,0,0,0,14,6,784,2131265.0,1,0,0,0,0,0,0,0,0,0,MLP,0,nnenum,TIMEOUT,240.33537530899048,timeout,240.0
000089,vnncomp_mnist_fc,established,MNIST_fc,net_295c175d7b477b2f,onnx,0.9771530628204346,96079.66574037063,0.81640625,6.396929655216146,485.3746792267569,0,784,10,532490,14,7,0,6,0,0,0,0,14,6,784,2131265.0,1,0,0,0,0,0,0,0,0,0,MLP,0,pyrat,TIMEOUT,360.03519892692566,timeout,360.0
000090,vnncomp_mnist_fc,established,MNIST_fc,net_295c175d7b477b2f,onnx,0.9927473068237305,137451.4287553216,0.8216145833333334,6.396929655216146,428.93754872021753,0,784,10,532490,14,7,0,6,0,0,0,0,14,6,784,2131265.0,1,0,0,0,0,0,0,0,0,0,MLP,0,abcrown,TIMEOUT,360.13515734672546,timeout,360.0
000090,vnncomp_mnist_fc,established,MNIST_fc,net_295c175d7b477b2f,onnx,0.9927473068237305,137451.4287553216,0.8216145833333334,6.396929655216146,428.93754872021753,0,784,10,532490,14,7,0,6,0,0,0,0,14,6,784,2131265.0,1,0,0,0,0,0,0,0,0,0,MLP,0,neuralsat,TIMEOUT,240.74339485168457,timeout,240.0
000090,vnncomp_mnist_fc,established,MNIST_fc,net_295c175d7b477b2f,onnx,0.9927473068237305,137451.4287553216,0.8216145833333334,6.396929655216146,428.93754872021753,0,784,10,532490,14,7,0,6,0,0,0,0,14,6,784,2131265.0,1,0,0,0,0,0,0,0,0,0,MLP,0,marabou,TIMEOUT,240.0276107788086,timeout,240.0
000090,vnncomp_mnist_fc,established,MNIST_fc,net_295c175d7b477b2f,onnx,0.9927473068237305,137451.4287553216,0.8216145833333334,6.396929655216146,428.93754872021753,0,784,10,532490,14,7,0,6,0,0,0,0,14,6,784,2131265.0,1,0,0,0,0,0,0,0,0,0,MLP,0,nnenum,TIMEOUT,240.13860440254211,timeout,240.0
000090,vnncomp_mnist_fc,established,MNIST_fc,net_295c175d7b477b2f,onnx,0.9927473068237305,137451.4287553216,0.8216145833333334,6.396929655216146,428.93754872021753,0,784,10,532490,14,7,0,6,0,0,0,0,14,6,784,2131265.0,1,0,0,0,0,0,0,0,0,0,MLP,0,pyrat,TIMEOUT,446.0417311191559,timeout,360.0
